budget_1e21,budget_flops,context_tokens,cost_function,domain,share,coefficient_source,boundary_scheme,p0,share_multiple,selected
0.01,1e+19,2048,exponential,arxiv,0.9766844955929624,b6_b8_lambda10,legacy,0.11302252583217468,8.64150299598883,False
0.01,1e+19,2048,exponential,freelaw,0.0028635720910586233,b6_b8_lambda10,legacy,0.09682483215160405,0.029574769482429555,False
0.01,1e+19,2048,exponential,nih_exporter,0.0010527951102935428,b6_b8_lambda10,legacy,0.005889680217640528,0.17875250801227782,False
0.01,1e+19,2048,exponential,pubmed_central,0.003202297604453743,b6_b8_lambda10,legacy,0.11375419104995738,0.028151029644678246,False
0.01,1e+19,2048,exponential,wikipedia_en,0.0011485120426556242,b6_b8_lambda10,legacy,0.07507775607969777,0.015297634114642916,False
0.01,1e+19,2048,exponential,dm_mathematics,0.0010275035505429796,b6_b8_lambda10,legacy,0.02546285409735114,0.040353039239614114,False
0.01,1e+19,2048,exponential,github,0.00100604374785006,b6_b8_lambda10,legacy,0.11070066006999096,0.009087965213703192,False
0.01,1e+19,2048,exponential,philpapers,0.001023308393162589,b6_b8_lambda10,legacy,0.005487697351757549,0.1864731831165677,False
0.01,1e+19,2048,exponential,stackexchange,0.0033967742383953065,b6_b8_lambda10,legacy,0.09943242344369017,0.03416163582012001,False
0.01,1e+19,2048,exponential,enron_emails,0.0010199320901699838,b6_b8_lambda10,legacy,0.0022110330440804327,0.4612921063756299,False
0.01,1e+19,2048,exponential,gutenberg_pg_19,0.0010916786573265949,b6_b8_lambda10,legacy,0.04691494424769629,0.023269315882863927,False
0.01,1e+19,2048,exponential,pile_cc,0.0010172865166743644,b6_b8_lambda10,legacy,0.11948759779117796,0.008513741471748567,False
0.01,1e+19,2048,exponential,ubuntu_irc,0.001044912293469332,b6_b8_lambda10,legacy,0.019599998284382344,0.05331185637408643,False
0.01,1e+19,2048,exponential,europarl,0.0010055385746506706,b6_b8_lambda10,legacy,0.012737064754468426,0.07894586343355967,False
0.01,1e+19,2048,exponential,hackernews,0.0010302549319814041,b6_b8_lambda10,legacy,0.01165082237856243,0.08842765759411784,False
0.01,1e+19,2048,exponential,pubmed_abstracts,0.0010577888794573642,b6_b8_lambda10,legacy,0.06618116611255062,0.015983231205966387,False
0.01,1e+19,2048,exponential,uspto_backgrounds,0.001327305684895352,b6_b8_lambda10,legacy,0.07556475309321728,0.017565142881602182,False
0.01,1e+19,4096,exponential,arxiv,0.9770380236807046,b6_b8_lambda10,legacy,0.11302252583217468,8.644630939601303,True
0.01,1e+19,4096,exponential,freelaw,0.002323897342847924,b6_b8_lambda10,legacy,0.09682483215160405,0.024001046954662087,True
0.01,1e+19,4096,exponential,nih_exporter,0.0010224552170534076,b6_b8_lambda10,legacy,0.005889680217640528,0.1736011428924429,True
0.01,1e+19,4096,exponential,pubmed_central,0.0032076945422042785,b6_b8_lambda10,legacy,0.11375419104995738,0.028198473503236086,True
0.01,1e+19,4096,exponential,wikipedia_en,0.0011295737678102128,b6_b8_lambda10,legacy,0.07507775607969777,0.015045385301754744,True
0.01,1e+19,4096,exponential,dm_mathematics,0.0010297113903232626,b6_b8_lambda10,legacy,0.02546285409735114,0.040439747499883834,True
0.01,1e+19,4096,exponential,github,0.0010071615484879214,b6_b8_lambda10,legacy,0.11070066006999096,0.009098062720232556,True
0.01,1e+19,4096,exponential,philpapers,0.001018110801687326,b6_b8_lambda10,legacy,0.005487697351757549,0.18552604788987767,True
0.01,1e+19,4096,exponential,stackexchange,0.0036211616612104856,b6_b8_lambda10,legacy,0.09943242344369017,0.03641831844982834,True
0.01,1e+19,4096,exponential,enron_emails,0.0010091662294527779,b6_b8_lambda10,legacy,0.0022110330440804327,0.45642295222796614,True
0.01,1e+19,4096,exponential,gutenberg_pg_19,0.0010769817239691221,b6_b8_lambda10,legacy,0.04691494424769629,0.022956048253686377,True
0.01,1e+19,4096,exponential,pile_cc,0.0010171601031229666,b6_b8_lambda10,legacy,0.11948759779117796,0.008512683507962077,True
0.01,1e+19,4096,exponential,ubuntu_irc,0.0010662854790579796,b6_b8_lambda10,legacy,0.019599998284382344,0.054402325122018834,True
0.01,1e+19,4096,exponential,europarl,0.0010078323590482835,b6_b8_lambda10,legacy,0.012737064754468426,0.0791259507960588,True
0.01,1e+19,4096,exponential,hackernews,0.001040756203164356,b6_b8_lambda10,legacy,0.01165082237856243,0.08932899063669125,True
0.01,1e+19,4096,exponential,pubmed_abstracts,0.0010566036694978087,b6_b8_lambda10,legacy,0.06618116611255062,0.01596532263727269,True
0.01,1e+19,4096,exponential,uspto_backgrounds,0.0013274242803572934,b6_b8_lambda10,legacy,0.07556475309321728,0.017566712336368945,True
0.01,1e+19,8192,exponential,arxiv,0.9775737545600272,b6_b8_lambda10,legacy,0.11302252583217468,8.649370975938112,False
0.01,1e+19,8192,exponential,freelaw,0.0022961586976694565,b6_b8_lambda10,legacy,0.09682483215160405,0.023714564194381792,False
0.01,1e+19,8192,exponential,nih_exporter,0.0010165696542689983,b6_b8_lambda10,legacy,0.005889680217640528,0.1726018419852763,False
0.01,1e+19,8192,exponential,pubmed_central,0.0033075402652276947,b6_b8_lambda10,legacy,0.11375419104995738,0.029076205761729902,False
0.01,1e+19,8192,exponential,wikipedia_en,0.0010110143764950077,b6_b8_lambda10,legacy,0.07507775607969777,0.013466230602600576,False
0.01,1e+19,8192,exponential,dm_mathematics,0.0010003382353413939,b6_b8_lambda10,legacy,0.02546285409735114,0.03928617866311607,False
0.01,1e+19,8192,exponential,github,0.0010001791340358056,b6_b8_lambda10,legacy,0.11070066006999096,0.00903498798835922,False
0.01,1e+19,8192,exponential,philpapers,0.0010069768621798938,b6_b8_lambda10,legacy,0.005487697351757549,0.18349715693730606,False
0.01,1e+19,8192,exponential,stackexchange,0.003376595455287426,b6_b8_lambda10,legacy,0.09943242344369017,0.03395869615105614,False
0.01,1e+19,8192,exponential,enron_emails,0.0010161258012166415,b6_b8_lambda10,legacy,0.0022110330440804327,0.4595706083801419,False
0.01,1e+19,8192,exponential,gutenberg_pg_19,0.001008923336970248,b6_b8_lambda10,legacy,0.04691494424769629,0.021505372182549064,False
0.01,1e+19,8192,exponential,pile_cc,0.0010001443386285268,b6_b8_lambda10,legacy,0.11948759779117796,0.008370277393779605,False
0.01,1e+19,8192,exponential,ubuntu_irc,0.001033927038705667,b6_b8_lambda10,legacy,0.019599998284382344,0.052751384143207805,False
0.01,1e+19,8192,exponential,europarl,0.0010001254839150393,b6_b8_lambda10,legacy,0.012737064754468426,0.07852087613546713,False
0.01,1e+19,8192,exponential,hackernews,0.0010226986683030547,b6_b8_lambda10,legacy,0.01165082237856243,0.0877790970519665,False
0.01,1e+19,8192,exponential,pubmed_abstracts,0.0010013240936825774,b6_b8_lambda10,legacy,0.06618116611255062,0.01513004609165818,False
0.01,1e+19,8192,exponential,uspto_backgrounds,0.0013276039980453422,b6_b8_lambda10,legacy,0.07556475309321728,0.017569090663309642,False
0.01,1e+19,32768,exponential,arxiv,0.977011879995121,b6_b8_lambda10,legacy,0.11302252583217468,8.644399625662853,False
0.01,1e+19,32768,exponential,freelaw,0.0026986612837385793,b6_b8_lambda10,legacy,0.09682483215160405,0.027871582359297403,False
0.01,1e+19,32768,exponential,nih_exporter,0.0010227496551473121,b6_b8_lambda10,legacy,0.005889680217640528,0.17365113509626795,False
0.01,1e+19,32768,exponential,pubmed_central,0.0031470346599338076,b6_b8_lambda10,legacy,0.11375419104995738,0.027665219460368946,False
0.01,1e+19,32768,exponential,wikipedia_en,0.0011116922038154127,b6_b8_lambda10,legacy,0.07507775607969777,0.014807211374768727,False
0.01,1e+19,32768,exponential,dm_mathematics,0.0010074058379756822,b6_b8_lambda10,legacy,0.02546285409735114,0.039563743880560547,False
0.01,1e+19,32768,exponential,github,0.001004404471201611,b6_b8_lambda10,legacy,0.11070066006999096,0.009073157021526087,False
0.01,1e+19,32768,exponential,philpapers,0.0010215125413044204,b6_b8_lambda10,legacy,0.005487697351757549,0.18614593258814824,False
0.01,1e+19,32768,exponential,stackexchange,0.003421731877247149,b6_b8_lambda10,legacy,0.09943242344369017,0.03441263683153532,False
0.01,1e+19,32768,exponential,enron_emails,0.0010234201784410926,b6_b8_lambda10,legacy,0.0022110330440804327,0.4628696894336703,False
0.01,1e+19,32768,exponential,gutenberg_pg_19,0.0010581818248135769,b6_b8_lambda10,legacy,0.04691494424769629,0.02255532521208395,False
0.01,1e+19,32768,exponential,pile_cc,0.0010053398614875272,b6_b8_lambda10,legacy,0.11948759779117796,0.008413759085227452,False
0.01,1e+19,32768,exponential,ubuntu_irc,0.0010666936298813535,b6_b8_lambda10,legacy,0.019599998284382344,0.0544231491454423,False
0.01,1e+19,32768,exponential,europarl,0.0010035482626991137,b6_b8_lambda10,legacy,0.012737064754468426,0.07878960200363652,False
0.01,1e+19,32768,exponential,hackernews,0.001034666727469695,b6_b8_lambda10,legacy,0.01165082237856243,0.08880632575546657,False
0.01,1e+19,32768,exponential,pubmed_abstracts,0.0010336614795956665,b6_b8_lambda10,legacy,0.06618116611255062,0.015618665253461627,False
0.01,1e+19,32768,exponential,uspto_backgrounds,0.0013274155101272345,b6_b8_lambda10,legacy,0.07556475309321728,0.017566596273923162,False
0.01,1e+19,131072,exponential,arxiv,0.9769920809942149,b6_b8_lambda10,legacy,0.11302252583217468,8.644224448185971,False
0.01,1e+19,131072,exponential,freelaw,0.002321817242837621,b6_b8_lambda10,legacy,0.09682483215160405,0.023979563829268736,False
0.01,1e+19,131072,exponential,nih_exporter,0.0010229939680241294,b6_b8_lambda10,legacy,0.005889680217640528,0.1736926166144131,False
0.01,1e+19,131072,exponential,pubmed_central,0.0031904569402691615,b6_b8_lambda10,legacy,0.11375419104995738,0.028046939728735006,False
0.01,1e+19,131072,exponential,wikipedia_en,0.0011371189877332152,b6_b8_lambda10,legacy,0.07507775607969777,0.015145884042220469,False
0.01,1e+19,131072,exponential,dm_mathematics,0.0010331612604241364,b6_b8_lambda10,legacy,0.02546285409735114,0.040575233886746984,False
0.01,1e+19,131072,exponential,github,0.0010106077758012862,b6_b8_lambda10,legacy,0.11070066006999096,0.009129193765984098,False
0.01,1e+19,131072,exponential,philpapers,0.0010187305616742885,b6_b8_lambda10,legacy,0.005487697351757549,0.18563898414478322,False
0.01,1e+19,131072,exponential,stackexchange,0.0036474743993445686,b6_b8_lambda10,legacy,0.09943242344369017,0.03668294780535224,False
0.01,1e+19,131072,exponential,enron_emails,0.001009305869911952,b6_b8_lambda10,legacy,0.0022110330440804327,0.4564861084343141,False
0.01,1e+19,131072,exponential,gutenberg_pg_19,0.0010832303730951135,b6_b8_lambda10,legacy,0.04691494424769629,0.023089239270454948,False
0.01,1e+19,131072,exponential,pile_cc,0.0010222633428316633,b6_b8_lambda10,legacy,0.11948759779117796,0.00855539287531931,False
0.01,1e+19,131072,exponential,ubuntu_irc,0.0010692546218364861,b6_b8_lambda10,legacy,0.019599998284382344,0.05455381201173312,False
0.01,1e+19,131072,exponential,europarl,0.0010092473638090866,b6_b8_lambda10,legacy,0.012737064754468426,0.07923704426916897,False
0.01,1e+19,131072,exponential,hackernews,0.0010420505687525846,b6_b8_lambda10,legacy,0.01165082237856243,0.08944008713667825,False
0.01,1e+19,131072,exponential,pubmed_abstracts,0.0010627968611373608,b6_b8_lambda10,legacy,0.06618116611255062,0.016058902004384774,False
0.01,1e+19,131072,exponential,uspto_backgrounds,0.0013274088683023605,b6_b8_lambda10,legacy,0.07556475309321728,0.01756650837811722,False
10.0,1e+22,2048,exponential,arxiv,0.14946945490367944,b6_b8_lambda10,legacy,0.11302252583217468,1.3224749119978456,False
10.0,1e+22,2048,exponential,freelaw,0.1420032427643402,b6_b8_lambda10,legacy,0.09682483215160405,1.466599420921255,False
10.0,1e+22,2048,exponential,nih_exporter,0.028892129707297844,b6_b8_lambda10,legacy,0.005889680217640528,4.905551513775115,False
10.0,1e+22,2048,exponential,pubmed_central,0.16379214878341528,b6_b8_lambda10,legacy,0.11375419104995738,1.439877926884318,False
10.0,1e+22,2048,exponential,wikipedia_en,0.049928432730108094,b6_b8_lambda10,legacy,0.07507775607969777,0.6650229753418209,False
10.0,1e+22,2048,exponential,dm_mathematics,0.01193211155127754,b6_b8_lambda10,legacy,0.02546285409735114,0.46860856625333364,False
10.0,1e+22,2048,exponential,github,0.05836620278548844,b6_b8_lambda10,legacy,0.11070066006999096,0.5272434938381231,False
10.0,1e+22,2048,exponential,philpapers,0.013914567231362581,b6_b8_lambda10,legacy,0.005487697351757549,2.5355930437574425,False
10.0,1e+22,2048,exponential,stackexchange,0.1777849761574441,b6_b8_lambda10,legacy,0.09943242344369017,1.7879980191584686,False
10.0,1e+22,2048,exponential,enron_emails,0.028273247023194385,b6_b8_lambda10,legacy,0.0022110330440804327,12.787347117624472,False
10.0,1e+22,2048,exponential,gutenberg_pg_19,0.03513264476771539,b6_b8_lambda10,legacy,0.04691494424769629,0.748858286652244,False
10.0,1e+22,2048,exponential,pile_cc,0.010421781511263929,b6_b8_lambda10,legacy,0.11948759779117796,0.08722061288299991,False
10.0,1e+22,2048,exponential,ubuntu_irc,0.0427711898533987,b6_b8_lambda10,legacy,0.019599998284382344,2.1822037549605096,False
10.0,1e+22,2048,exponential,europarl,0.001200313216881004,b6_b8_lambda10,legacy,0.012737064754468426,0.09423782009586701,False
10.0,1e+22,2048,exponential,hackernews,0.03390610496820463,b6_b8_lambda10,legacy,0.01165082237856243,2.9101898446750014,False
10.0,1e+22,2048,exponential,pubmed_abstracts,0.02770953801102924,b6_b8_lambda10,legacy,0.06618116611255062,0.4186921995890065,False
10.0,1e+22,2048,exponential,uspto_backgrounds,0.024501914033899185,b6_b8_lambda10,legacy,0.07556475309321728,0.32425056697629157,False
10.0,1e+22,4096,exponential,arxiv,0.1482286415234376,b6_b8_lambda10,legacy,0.11302252583217468,1.311496451101614,False
10.0,1e+22,4096,exponential,freelaw,0.14190173327213704,b6_b8_lambda10,legacy,0.09682483215160405,1.4655510380844612,False
10.0,1e+22,4096,exponential,nih_exporter,0.02933304130790028,b6_b8_lambda10,legacy,0.005889680217640528,4.9804132353473385,False
10.0,1e+22,4096,exponential,pubmed_central,0.1644236876847518,b6_b8_lambda10,legacy,0.11375419104995738,1.4454297126735483,False
10.0,1e+22,4096,exponential,wikipedia_en,0.04981971963694036,b6_b8_lambda10,legacy,0.07507775607969777,0.663574968650567,False
10.0,1e+22,4096,exponential,dm_mathematics,0.012197739031867817,b6_b8_lambda10,legacy,0.02546285409735114,0.4790405264560161,False
10.0,1e+22,4096,exponential,github,0.058679859431959046,b6_b8_lambda10,legacy,0.11070066006999096,0.5300768703172903,False
10.0,1e+22,4096,exponential,philpapers,0.014025773009007054,b6_b8_lambda10,legacy,0.005487697351757549,2.5558576047410866,False
10.0,1e+22,4096,exponential,stackexchange,0.17774008746862233,b6_b8_lambda10,legacy,0.09943242344369017,1.787546569950382,False
10.0,1e+22,4096,exponential,enron_emails,0.02807216436085149,b6_b8_lambda10,legacy,0.0022110330440804327,12.696401999060438,False
10.0,1e+22,4096,exponential,gutenberg_pg_19,0.03532542166674711,b6_b8_lambda10,legacy,0.04691494424769629,0.7529673589771287,False
10.0,1e+22,4096,exponential,pile_cc,0.010153254744803112,b6_b8_lambda10,legacy,0.11948759779117796,0.08497329373503189,False
10.0,1e+22,4096,exponential,ubuntu_irc,0.043176086755639845,b6_b8_lambda10,legacy,0.019599998284382344,2.202861761985121,False
10.0,1e+22,4096,exponential,europarl,0.0011528677759611989,b6_b8_lambda10,legacy,0.012737064754468426,0.09051282993255953,False
10.0,1e+22,4096,exponential,hackernews,0.03375461059550551,b6_b8_lambda10,legacy,0.01165082237856243,2.897186953739348,False
10.0,1e+22,4096,exponential,pubmed_abstracts,0.027474213901159564,b6_b8_lambda10,legacy,0.06618116611255062,0.41513644311488407,False
10.0,1e+22,4096,exponential,uspto_backgrounds,0.024541097832708796,b6_b8_lambda10,legacy,0.07556475309321728,0.32476911295448424,False
10.0,1e+22,8192,exponential,arxiv,0.14931914772345278,b6_b8_lambda10,legacy,0.11302252583217468,1.3211450250649537,True
10.0,1e+22,8192,exponential,freelaw,0.14199995503404847,b6_b8_lambda10,legacy,0.09682483215160405,1.4665654654759557,True
10.0,1e+22,8192,exponential,nih_exporter,0.028097582253508557,b6_b8_lambda10,legacy,0.005889680217640528,4.7706464893207325,True
10.0,1e+22,8192,exponential,pubmed_central,0.16567254202432652,b6_b8_lambda10,legacy,0.11375419104995738,1.4564082474250832,True
10.0,1e+22,8192,exponential,wikipedia_en,0.049765374115009454,b6_b8_lambda10,legacy,0.07507775607969777,0.6628511121480735,True
10.0,1e+22,8192,exponential,dm_mathematics,0.011876213046256683,b6_b8_lambda10,legacy,0.02546285409735114,0.46641327012481865,True
10.0,1e+22,8192,exponential,github,0.0554032751145846,b6_b8_lambda10,legacy,0.11070066006999096,0.5004782724832503,True
10.0,1e+22,8192,exponential,philpapers,0.01355872795659983,b6_b8_lambda10,legacy,0.005487697351757549,2.470749949841415,True
10.0,1e+22,8192,exponential,stackexchange,0.17923777786470765,b6_b8_lambda10,legacy,0.09943242344369017,1.8026089645316978,True
10.0,1e+22,8192,exponential,enron_emails,0.03072673989950198,b6_b8_lambda10,legacy,0.0022110330440804327,13.897006189828886,True
10.0,1e+22,8192,exponential,gutenberg_pg_19,0.03428221212739927,b6_b8_lambda10,legacy,0.04691494424769629,0.7307311705711483,True
10.0,1e+22,8192,exponential,pile_cc,0.010298192418184866,b6_b8_lambda10,legacy,0.11948759779117796,0.08618628718423532,True
10.0,1e+22,8192,exponential,ubuntu_irc,0.04319421857842194,b6_b8_lambda10,legacy,0.019599998284382344,2.2037868550651827,True
10.0,1e+22,8192,exponential,europarl,0.00224502179710691,b6_b8_lambda10,legacy,0.012737064754468426,0.1762589607875951,True
10.0,1e+22,8192,exponential,hackernews,0.034494639932085555,b6_b8_lambda10,legacy,0.01165082237856243,2.9607043014882675,True
10.0,1e+22,8192,exponential,pubmed_abstracts,0.027155593895578974,b6_b8_lambda10,legacy,0.06618116611255062,0.4103220824093212,True
10.0,1e+22,8192,exponential,uspto_backgrounds,0.02267278621922602,b6_b8_lambda10,legacy,0.07556475309321728,0.300044469029849,True
10.0,1e+22,32768,exponential,arxiv,0.1486089375874779,b6_b8_lambda10,legacy,0.11302252583217468,1.314861232248029,False
10.0,1e+22,32768,exponential,freelaw,0.1420787895084388,b6_b8_lambda10,legacy,0.09682483215160405,1.4673796623368074,False
10.0,1e+22,32768,exponential,nih_exporter,0.029347701836107454,b6_b8_lambda10,legacy,0.005889680217640528,4.982902424516432,False
10.0,1e+22,32768,exponential,pubmed_central,0.16451488549940285,b6_b8_lambda10,legacy,0.11375419104995738,1.4462314221649462,False
10.0,1e+22,32768,exponential,wikipedia_en,0.04968727211905599,b6_b8_lambda10,legacy,0.07507775607969777,0.6618108307114446,False
10.0,1e+22,32768,exponential,dm_mathematics,0.011856719591200219,b6_b8_lambda10,legacy,0.02546285409735114,0.46564770570765096,False
10.0,1e+22,32768,exponential,github,0.05864768418124046,b6_b8_lambda10,legacy,0.11070066006999096,0.529786219379001,False
10.0,1e+22,32768,exponential,philpapers,0.013798985799255398,b6_b8_lambda10,legacy,0.005487697351757549,2.514531125670767,False
10.0,1e+22,32768,exponential,stackexchange,0.1779001805615362,b6_b8_lambda10,legacy,0.09943242344369017,1.7891566392554366,False
10.0,1e+22,32768,exponential,enron_emails,0.028016894144239465,b6_b8_lambda10,legacy,0.0022110330440804327,12.671404536105282,False
10.0,1e+22,32768,exponential,gutenberg_pg_19,0.03548594172239541,b6_b8_lambda10,legacy,0.04691494424769629,0.7563888712100071,False
10.0,1e+22,32768,exponential,pile_cc,0.010244082800100966,b6_b8_lambda10,legacy,0.11948759779117796,0.08573344003453813,False
10.0,1e+22,32768,exponential,ubuntu_irc,0.04323594085622016,b6_b8_lambda10,legacy,0.019599998284382344,2.205915542894276,False
10.0,1e+22,32768,exponential,europarl,0.0011354747817710546,b6_b8_lambda10,legacy,0.012737064754468426,0.08914728814366014,False
10.0,1e+22,32768,exponential,hackernews,0.03418120847394315,b6_b8_lambda10,legacy,0.01165082237856243,2.9338022126950234,False
10.0,1e+22,32768,exponential,pubmed_abstracts,0.027522333287613897,b6_b8_lambda10,legacy,0.06618116611255062,0.415863528920119,False
10.0,1e+22,32768,exponential,uspto_backgrounds,0.023736967250000702,b6_b8_lambda10,legacy,0.07556475309321728,0.3141275036089722,False
10.0,1e+22,131072,exponential,arxiv,0.163043556434764,b6_b8_lambda10,legacy,0.11302252583217468,1.442575762966621,False
10.0,1e+22,131072,exponential,freelaw,0.13979510191200764,b6_b8_lambda10,legacy,0.09682483215160405,1.44379389879161,False
10.0,1e+22,131072,exponential,nih_exporter,0.029216386828425877,b6_b8_lambda10,legacy,0.005889680217640528,4.960606645657629,False
10.0,1e+22,131072,exponential,pubmed_central,0.16167973454665469,b6_b8_lambda10,legacy,0.11375419104995738,1.4213079364754997,False
10.0,1e+22,131072,exponential,wikipedia_en,0.04921219299232685,b6_b8_lambda10,legacy,0.07507775607969777,0.6554830027163613,False
10.0,1e+22,131072,exponential,dm_mathematics,0.011475338630389124,b6_b8_lambda10,legacy,0.02546285409735114,0.45066977120930385,False
10.0,1e+22,131072,exponential,github,0.053367196811451946,b6_b8_lambda10,legacy,0.11070066006999096,0.4820856242204004,False
10.0,1e+22,131072,exponential,philpapers,0.013660517512755665,b6_b8_lambda10,legacy,0.005487697351757549,2.4892986324000903,False
10.0,1e+22,131072,exponential,stackexchange,0.17476349966492763,b6_b8_lambda10,legacy,0.09943242344369017,1.7576107834070682,False
10.0,1e+22,131072,exponential,enron_emails,0.02883108675291522,b6_b8_lambda10,legacy,0.0022110330440804327,13.039645350441178,False
10.0,1e+22,131072,exponential,gutenberg_pg_19,0.03452067622234623,b6_b8_lambda10,legacy,0.04691494424769629,0.7358140732319284,False
10.0,1e+22,131072,exponential,pile_cc,0.009489055798083457,b6_b8_lambda10,legacy,0.11948759779117796,0.0794145666453766,False
10.0,1e+22,131072,exponential,ubuntu_irc,0.042435667494564476,b6_b8_lambda10,legacy,0.019599998284382344,2.165085265766479,False
10.0,1e+22,131072,exponential,europarl,0.001122458416749822,b6_b8_lambda10,legacy,0.012737064754468426,0.08812535999363906,False
10.0,1e+22,131072,exponential,hackernews,0.034270282673579705,b6_b8_lambda10,legacy,0.01165082237856243,2.9414475270550167,False
10.0,1e+22,131072,exponential,pubmed_abstracts,0.026971712142710113,b6_b8_lambda10,legacy,0.06618116611255062,0.40754362195493543,False
10.0,1e+22,131072,exponential,uspto_backgrounds,0.026145535165347556,b6_b8_lambda10,legacy,0.07556475309321728,0.34600172825410036,False
1000.0,1e+24,2048,exponential,arxiv,0.1398954042413922,b6_b8_lambda10,legacy,0.11302252583217468,1.2377656861882615,False
1000.0,1e+24,2048,exponential,freelaw,0.14292023536365533,b6_b8_lambda10,legacy,0.09682483215160405,1.4760700554572317,False
1000.0,1e+24,2048,exponential,nih_exporter,0.029354723782683466,b6_b8_lambda10,legacy,0.005889680217640528,4.984094670328858,False
1000.0,1e+24,2048,exponential,pubmed_central,0.1656199239952548,b6_b8_lambda10,legacy,0.11375419104995738,1.45594568838804,False
1000.0,1e+24,2048,exponential,wikipedia_en,0.04986129483861746,b6_b8_lambda10,legacy,0.07507775607969777,0.6641287305615245,False
1000.0,1e+24,2048,exponential,dm_mathematics,0.012514518329227259,b6_b8_lambda10,legacy,0.02546285409735114,0.49148136659704317,False
1000.0,1e+24,2048,exponential,github,0.06181240815675562,b6_b8_lambda10,legacy,0.11070066006999096,0.5583743413785831,False
1000.0,1e+24,2048,exponential,philpapers,0.013981819557381668,b6_b8_lambda10,legacy,0.005487697351757549,2.5478481521769236,False
1000.0,1e+24,2048,exponential,stackexchange,0.17900653622253213,b6_b8_lambda10,legacy,0.09943242344369017,1.8002833484583203,False
1000.0,1e+24,2048,exponential,enron_emails,0.02834451927482055,b6_b8_lambda10,legacy,0.0022110330440804327,12.81958193736947,False
1000.0,1e+24,2048,exponential,gutenberg_pg_19,0.035618739071647504,b6_b8_lambda10,legacy,0.04691494424769629,0.7592194692503876,False
1000.0,1e+24,2048,exponential,pile_cc,0.010100302216865219,b6_b8_lambda10,legacy,0.11948759779117796,0.08453013035308463,False
1000.0,1e+24,2048,exponential,ubuntu_irc,0.04332963826216914,b6_b8_lambda10,legacy,0.019599998284382344,2.2106960232080746,False
1000.0,1e+24,2048,exponential,europarl,0.001011443224639466,b6_b8_lambda10,legacy,0.012737064754468426,0.07940944355210496,False
1000.0,1e+24,2048,exponential,hackernews,0.03447807434698107,b6_b8_lambda10,legacy,0.01165082237856243,2.959282463220871,False
1000.0,1e+24,2048,exponential,pubmed_abstracts,0.028005973644124455,b6_b8_lambda10,legacy,0.06618116611255062,0.4231713535614688,False
1000.0,1e+24,2048,exponential,uspto_backgrounds,0.024144445471252753,b6_b8_lambda10,legacy,0.07556475309321728,0.3195199412809299,False
1000.0,1e+24,4096,exponential,arxiv,0.14105025913758495,b6_b8_lambda10,legacy,0.11302252583217468,1.2479836041447898,False
1000.0,1e+24,4096,exponential,freelaw,0.14292358592649831,b6_b8_lambda10,legacy,0.09682483215160405,1.4761046598326644,False
1000.0,1e+24,4096,exponential,nih_exporter,0.030426847825357883,b6_b8_lambda10,legacy,0.005889680217640528,5.166129008876346,False
1000.0,1e+24,4096,exponential,pubmed_central,0.1655118639049587,b6_b8_lambda10,legacy,0.11375419104995738,1.4549957445723554,False
1000.0,1e+24,4096,exponential,wikipedia_en,0.05009777689101532,b6_b8_lambda10,legacy,0.07507775607969777,0.6672785590159981,False
1000.0,1e+24,4096,exponential,dm_mathematics,0.01315793218172124,b6_b8_lambda10,legacy,0.02546285409735114,0.5167500913846903,False
1000.0,1e+24,4096,exponential,github,0.060520150465973525,b6_b8_lambda10,legacy,0.11070066006999096,0.5467008997752082,False
1000.0,1e+24,4096,exponential,philpapers,0.012702332967974,b6_b8_lambda10,legacy,0.005487697351757549,2.3146926941781536,False
1000.0,1e+24,4096,exponential,stackexchange,0.17755602136545892,b6_b8_lambda10,legacy,0.09943242344369017,1.7856954021241485,False
1000.0,1e+24,4096,exponential,enron_emails,0.028420760594119056,b6_b8_lambda10,legacy,0.0022110330440804327,12.854064153500353,False
1000.0,1e+24,4096,exponential,gutenberg_pg_19,0.03565408202688593,b6_b8_lambda10,legacy,0.04691494424769629,0.7599728103404213,False
1000.0,1e+24,4096,exponential,pile_cc,0.011174156720252022,b6_b8_lambda10,legacy,0.11948759779117796,0.09351729323222728,False
1000.0,1e+24,4096,exponential,ubuntu_irc,0.044561649951511004,b6_b8_lambda10,legacy,0.019599998284382344,2.273553767962244,False
1000.0,1e+24,4096,exponential,europarl,0.0011132552047534103,b6_b8_lambda10,legacy,0.012737064754468426,0.08740280639327497,False
1000.0,1e+24,4096,exponential,hackernews,0.033366153161794546,b6_b8_lambda10,legacy,0.01165082237856243,2.8638453216133852,False
1000.0,1e+24,4096,exponential,pubmed_abstracts,0.026800834336925757,b6_b8_lambda10,legacy,0.06618116611255062,0.4049616516479488,False
1000.0,1e+24,4096,exponential,uspto_backgrounds,0.024962337337215527,b6_b8_lambda10,legacy,0.07556475309321728,0.3303436630888185,False
1000.0,1e+24,8192,exponential,arxiv,0.14087090847315795,b6_b8_lambda10,legacy,0.11302252583217468,1.246396746453312,True
1000.0,1e+24,8192,exponential,freelaw,0.14284249364725182,b6_b8_lambda10,legacy,0.09682483215160405,1.4752671445233734,True
1000.0,1e+24,8192,exponential,nih_exporter,0.029449703022257332,b6_b8_lambda10,legacy,0.005889680217640528,5.000221053436958,True
1000.0,1e+24,8192,exponential,pubmed_central,0.1654527534084336,b6_b8_lambda10,legacy,0.11375419104995738,1.4544761110012359,True
1000.0,1e+24,8192,exponential,wikipedia_en,0.04987818199352812,b6_b8_lambda10,legacy,0.07507775607969777,0.6643536594325038,True
1000.0,1e+24,8192,exponential,dm_mathematics,0.012679669133527895,b6_b8_lambda10,legacy,0.02546285409735114,0.49796731682356615,True
1000.0,1e+24,8192,exponential,github,0.06160925749891558,b6_b8_lambda10,legacy,0.11070066006999096,0.5565392063603132,True
1000.0,1e+24,8192,exponential,philpapers,0.013865118559477311,b6_b8_lambda10,legacy,0.005487697351757549,2.5265822203253827,True
1000.0,1e+24,8192,exponential,stackexchange,0.1788572626548057,b6_b8_lambda10,legacy,0.09943242344369017,1.7987820920013562,True
1000.0,1e+24,8192,exponential,enron_emails,0.028414117515104885,b6_b8_lambda10,legacy,0.0022110330440804327,12.85105963982655,True
1000.0,1e+24,8192,exponential,gutenberg_pg_19,0.035532428400598136,b6_b8_lambda10,legacy,0.04691494424769629,0.7573797426465645,True
1000.0,1e+24,8192,exponential,pile_cc,0.01010129649759671,b6_b8_lambda10,legacy,0.11948759779117796,0.08453845155754325,True
1000.0,1e+24,8192,exponential,ubuntu_irc,0.04324037640366898,b6_b8_lambda10,legacy,0.019599998284382344,2.206141846355351,True
1000.0,1e+24,8192,exponential,europarl,0.0011610596928229703,b6_b8_lambda10,legacy,0.012737064754468426,0.09115598571606905,True
1000.0,1e+24,8192,exponential,hackernews,0.034570881611657236,b6_b8_lambda10,legacy,0.01165082237856243,2.9672481897301797,True
1000.0,1e+24,8192,exponential,pubmed_abstracts,0.0278979204382377,b6_b8_lambda10,legacy,0.06618116611255062,0.4215386654081202,True
1000.0,1e+24,8192,exponential,uspto_backgrounds,0.02357657104895811,b6_b8_lambda10,legacy,0.07556475309321728,0.3120048711053666,True
1000.0,1e+24,32768,exponential,arxiv,0.14417979166665137,b6_b8_lambda10,legacy,0.11302252583217468,1.2756730625604813,False
1000.0,1e+24,32768,exponential,freelaw,0.14426453787239424,b6_b8_lambda10,legacy,0.09682483215160405,1.4899539164344864,False
1000.0,1e+24,32768,exponential,nih_exporter,0.02952358156537303,b6_b8_lambda10,legacy,0.005889680217640528,5.012764780835674,False
1000.0,1e+24,32768,exponential,pubmed_central,0.16718009620662566,b6_b8_lambda10,legacy,0.11375419104995738,1.4696609827167182,False
1000.0,1e+24,32768,exponential,wikipedia_en,0.05031897019195178,b6_b8_lambda10,legacy,0.07507775607969777,0.6702247485731507,False
1000.0,1e+24,32768,exponential,dm_mathematics,0.001016860043784144,b6_b8_lambda10,legacy,0.02546285409735114,0.03993503791430538,False
1000.0,1e+24,32768,exponential,github,0.06145868694852869,b6_b8_lambda10,legacy,0.11070066006999096,0.555179046897021,False
1000.0,1e+24,32768,exponential,philpapers,0.014150874291865491,b6_b8_lambda10,legacy,0.005487697351757549,2.5786542851772576,False
1000.0,1e+24,32768,exponential,stackexchange,0.1807652870097364,b6_b8_lambda10,legacy,0.09943242344369017,1.8179712487054693,False
1000.0,1e+24,32768,exponential,enron_emails,0.028606446044060055,b6_b8_lambda10,legacy,0.0022110330440804327,12.93804546279744,False
1000.0,1e+24,32768,exponential,gutenberg_pg_19,0.035548956790889534,b6_b8_lambda10,legacy,0.04691494424769629,0.7577320480911609,False
1000.0,1e+24,32768,exponential,pile_cc,0.01005654775712659,b6_b8_lambda10,legacy,0.11948759779117796,0.08416394624236966,False
1000.0,1e+24,32768,exponential,ubuntu_irc,0.04368572855097754,b6_b8_lambda10,legacy,0.019599998284382344,2.228863896676316,False
1000.0,1e+24,32768,exponential,europarl,0.0010420973947036737,b6_b8_lambda10,legacy,0.012737064754468426,0.0818161338418323,False
1000.0,1e+24,32768,exponential,hackernews,0.03483027585712684,b6_b8_lambda10,legacy,0.01165082237856243,2.9895122185722034,False
1000.0,1e+24,32768,exponential,pubmed_abstracts,0.028134860435042756,b6_b8_lambda10,legacy,0.06618116611255062,0.4251188379968308,False
1000.0,1e+24,32768,exponential,uspto_backgrounds,0.025236401373162347,b6_b8_lambda10,legacy,0.07556475309321728,0.3339705397042788,False
1000.0,1e+24,131072,exponential,arxiv,0.13923256172255388,b6_b8_lambda10,legacy,0.11302252583217468,1.231900992279168,False
1000.0,1e+24,131072,exponential,freelaw,0.14380465030140685,b6_b8_lambda10,legacy,0.09682483215160405,1.4852042302148676,False
1000.0,1e+24,131072,exponential,nih_exporter,0.02925695777624372,b6_b8_lambda10,legacy,0.005889680217640528,4.967495126240382,False
1000.0,1e+24,131072,exponential,pubmed_central,0.16506019368146535,b6_b8_lambda10,legacy,0.11375419104995738,1.451025163626507,False
1000.0,1e+24,131072,exponential,wikipedia_en,0.0502804540283218,b6_b8_lambda10,legacy,0.07507775607969777,0.6697117315939393,False
1000.0,1e+24,131072,exponential,dm_mathematics,0.012434402488498888,b6_b8_lambda10,legacy,0.02546285409735114,0.4883349855816995,False
1000.0,1e+24,131072,exponential,github,0.046636912754425365,b6_b8_lambda10,legacy,0.11070066006999096,0.4212884794448288,False
1000.0,1e+24,131072,exponential,philpapers,0.013954769749200239,b6_b8_lambda10,legacy,0.005487697351757549,2.5429189794387868,False
1000.0,1e+24,131072,exponential,stackexchange,0.17700131370339084,b6_b8_lambda10,legacy,0.09943242344369017,1.7801166618817141,False
1000.0,1e+24,131072,exponential,enron_emails,0.028028260927353863,b6_b8_lambda10,legacy,0.0022110330440804327,12.676545473797203,False
1000.0,1e+24,131072,exponential,gutenberg_pg_19,0.035139083125989554,b6_b8_lambda10,legacy,0.04691494424769629,0.7489955213517071,False
1000.0,1e+24,131072,exponential,pile_cc,0.0099679752152457,b6_b8_lambda10,legacy,0.11948759779117796,0.08342267649121371,False
1000.0,1e+24,131072,exponential,ubuntu_irc,0.043370527512844696,b6_b8_lambda10,legacy,0.019599998284382344,2.212782209649639,False
1000.0,1e+24,131072,exponential,europarl,0.0010141985511183187,b6_b8_lambda10,legacy,0.012737064754468426,0.07962576705614352,False
1000.0,1e+24,131072,exponential,hackernews,0.03404497952707492,b6_b8_lambda10,legacy,0.01165082237856243,2.922109566249834,False
1000.0,1e+24,131072,exponential,pubmed_abstracts,0.027447474670806875,b6_b8_lambda10,legacy,0.06618116611255062,0.41473241230183955,False
1000.0,1e+24,131072,exponential,uspto_backgrounds,0.043325284264059016,b6_b8_lambda10,legacy,0.07556475309321728,0.5733530844812342,False
10000.0,1e+25,2048,exponential,arxiv,0.1468812510792271,b6_b8_lambda10,legacy,0.11302252583217468,1.2995750183227075,False
10000.0,1e+25,2048,exponential,freelaw,0.14206735615220834,b6_b8_lambda10,legacy,0.09682483215160405,1.4672615794444708,False
10000.0,1e+25,2048,exponential,nih_exporter,0.029390558697112677,b6_b8_lambda10,legacy,0.005889680217640528,4.990179026882187,False
10000.0,1e+25,2048,exponential,pubmed_central,0.16459674368320748,b6_b8_lambda10,legacy,0.11375419104995738,1.4469510280365987,False
10000.0,1e+25,2048,exponential,wikipedia_en,0.04962918318846904,b6_b8_lambda10,legacy,0.07507775607969777,0.6610371137862172,False
10000.0,1e+25,2048,exponential,dm_mathematics,0.012537240019473036,b6_b8_lambda10,legacy,0.02546285409735114,0.4923737131564236,False
10000.0,1e+25,2048,exponential,github,0.059464151999475905,b6_b8_lambda10,legacy,0.11070066006999096,0.5371616751144884,False
10000.0,1e+25,2048,exponential,philpapers,0.013986010212795608,b6_b8_lambda10,legacy,0.005487697351757549,2.5486117976816445,False
10000.0,1e+25,2048,exponential,stackexchange,0.17794991027106266,b6_b8_lambda10,legacy,0.09943242344369017,1.7896567750039596,False
10000.0,1e+25,2048,exponential,enron_emails,0.02827433968784437,b6_b8_lambda10,legacy,0.0022110330440804327,12.787841305014801,False
10000.0,1e+25,2048,exponential,gutenberg_pg_19,0.03533395669474558,b6_b8_lambda10,legacy,0.04691494424769629,0.753149284547655,False
10000.0,1e+25,2048,exponential,pile_cc,0.010145396755688044,b6_b8_lambda10,legacy,0.11948759779117796,0.08490752967867517,False
10000.0,1e+25,2048,exponential,ubuntu_irc,0.04300076420859326,b6_b8_lambda10,legacy,0.019599998284382344,2.193916733291609,False
10000.0,1e+25,2048,exponential,europarl,0.0011386499173292777,b6_b8_lambda10,legacy,0.012737064754468426,0.08939657128851572,False
10000.0,1e+25,2048,exponential,hackernews,0.03441356843663183,b6_b8_lambda10,legacy,0.01165082237856243,2.9537458660388616,False
10000.0,1e+25,2048,exponential,pubmed_abstracts,0.02786000403249974,b6_b8_lambda10,legacy,0.06618116611255062,0.4209657470392677,False
10000.0,1e+25,2048,exponential,uspto_backgrounds,0.023330914963636044,b6_b8_lambda10,legacy,0.07556475309321728,0.3087539363075115,False
10000.0,1e+25,4096,exponential,arxiv,0.14130574690862444,b6_b8_lambda10,legacy,0.11302252583217468,1.2502441072538677,False
10000.0,1e+25,4096,exponential,freelaw,0.1428778761127146,b6_b8_lambda10,legacy,0.09682483215160405,1.4756325721174783,False
10000.0,1e+25,4096,exponential,nih_exporter,0.029357595501178127,b6_b8_lambda10,legacy,0.005889680217640528,4.984582255119295,False
10000.0,1e+25,4096,exponential,pubmed_central,0.16531249454683372,b6_b8_lambda10,legacy,0.11375419104995738,1.4532431114932154,False
10000.0,1e+25,4096,exponential,wikipedia_en,0.049802918583131656,b6_b8_lambda10,legacy,0.07507775607969777,0.6633511866053114,False
10000.0,1e+25,4096,exponential,dm_mathematics,0.012509279657296302,b6_b8_lambda10,legacy,0.02546285409735114,0.4912756287834058,False
10000.0,1e+25,4096,exponential,github,0.061616722791848016,b6_b8_lambda10,legacy,0.11070066006999096,0.5566066431120698,False
10000.0,1e+25,4096,exponential,philpapers,0.014146730933361606,b6_b8_lambda10,legacy,0.005487697351757549,2.577899258389463,False
10000.0,1e+25,4096,exponential,stackexchange,0.1788060660032513,b6_b8_lambda10,legacy,0.09943242344369017,1.7982672030971005,False
10000.0,1e+25,4096,exponential,enron_emails,0.02825751185099057,b6_b8_lambda10,legacy,0.0022110330440804327,12.78023045681927,False
10000.0,1e+25,4096,exponential,gutenberg_pg_19,0.03565656826647444,b6_b8_lambda10,legacy,0.04691494424769629,0.7600258049592656,False
10000.0,1e+25,4096,exponential,pile_cc,0.010051537778211581,b6_b8_lambda10,legacy,0.11948759779117796,0.08412201738106839,False
10000.0,1e+25,4096,exponential,ubuntu_irc,0.04334835651371256,b6_b8_lambda10,legacy,0.019599998284382344,2.2116510361255166,False
10000.0,1e+25,4096,exponential,europarl,0.00110879584443821,b6_b8_lambda10,legacy,0.012737064754468426,0.08705269744736294,False
10000.0,1e+25,4096,exponential,hackernews,0.03448255523735907,b6_b8_lambda10,legacy,0.01165082237856243,2.9596670618554053,False
10000.0,1e+25,4096,exponential,pubmed_abstracts,0.027928884929612912,b6_b8_lambda10,legacy,0.06618116611255062,0.4220065400799347,False
10000.0,1e+25,4096,exponential,uspto_backgrounds,0.023430358540960938,b6_b8_lambda10,legacy,0.07556475309321728,0.3100699411014691,False
10000.0,1e+25,8192,exponential,arxiv,0.14487318244105007,b6_b8_lambda10,legacy,0.11302252583217468,1.2818080411348258,True
10000.0,1e+25,8192,exponential,freelaw,0.1414364484821211,b6_b8_lambda10,legacy,0.09682483215160405,1.4607456097694667,True
10000.0,1e+25,8192,exponential,nih_exporter,0.0291803799436785,b6_b8_lambda10,legacy,0.005889680217640528,4.954493090521048,True
10000.0,1e+25,8192,exponential,pubmed_central,0.1639306759620664,b6_b8_lambda10,legacy,0.11375419104995738,1.4410957033668592,True
10000.0,1e+25,8192,exponential,wikipedia_en,0.04944437589380943,b6_b8_lambda10,legacy,0.07507775607969777,0.6585755685255487,True
10000.0,1e+25,8192,exponential,dm_mathematics,0.012701306360051998,b6_b8_lambda10,legacy,0.02546285409735114,0.49881707335287656,True
10000.0,1e+25,8192,exponential,github,0.05579807809508811,b6_b8_lambda10,legacy,0.11070066006999096,0.5040446738060057,True
10000.0,1e+25,8192,exponential,philpapers,0.013989928286553585,b6_b8_lambda10,legacy,0.005487697351757549,2.5493257717780335,True
10000.0,1e+25,8192,exponential,stackexchange,0.1773496356332074,b6_b8_lambda10,legacy,0.09943242344369017,1.783619763966054,True
10000.0,1e+25,8192,exponential,enron_emails,0.028227594116525905,b6_b8_lambda10,legacy,0.0022110330440804327,12.766699345402929,True
10000.0,1e+25,8192,exponential,gutenberg_pg_19,0.035266741752092504,b6_b8_lambda10,legacy,0.04691494424769629,0.7517165866359149,True
10000.0,1e+25,8192,exponential,pile_cc,0.010092578051657912,b6_b8_lambda10,legacy,0.11948759779117796,0.08446548627830118,True
10000.0,1e+25,8192,exponential,ubuntu_irc,0.04282160802304063,b6_b8_lambda10,legacy,0.019599998284382344,2.184776110779648,True
10000.0,1e+25,8192,exponential,europarl,0.00102867275074663,b6_b8_lambda10,legacy,0.012737064754468426,0.08076215129437497,True
10000.0,1e+25,8192,exponential,hackernews,0.0343227016246267,b6_b8_lambda10,legacy,0.01165082237856243,2.945946690233699,True
10000.0,1e+25,8192,exponential,pubmed_abstracts,0.02774916873024548,b6_b8_lambda10,legacy,0.06618116611255062,0.4192910213013475,True
10000.0,1e+25,8192,exponential,uspto_backgrounds,0.031786923853437586,b6_b8_lambda10,legacy,0.07556475309321728,0.4206580786974184,True
10000.0,1e+25,32768,exponential,arxiv,0.1410070566023264,b6_b8_lambda10,legacy,0.11302252583217468,1.2476013570224533,False
10000.0,1e+25,32768,exponential,freelaw,0.14393936008199673,b6_b8_lambda10,legacy,0.09682483215160405,1.4865955032756766,False
10000.0,1e+25,32768,exponential,nih_exporter,0.02901284301684343,b6_b8_lambda10,legacy,0.005889680217640528,4.926047246155292,False
10000.0,1e+25,32768,exponential,pubmed_central,0.16670739449176544,b6_b8_lambda10,legacy,0.11375419104995738,1.4655055163510646,False
10000.0,1e+25,32768,exponential,wikipedia_en,0.050235222756789315,b6_b8_lambda10,legacy,0.07507775607969777,0.6691092725715296,False
10000.0,1e+25,32768,exponential,dm_mathematics,0.012593673232076233,b6_b8_lambda10,legacy,0.02546285409735114,0.49459000879977283,False
10000.0,1e+25,32768,exponential,github,0.04762162711249208,b6_b8_lambda10,legacy,0.11070066006999096,0.43018376839291744,False
10000.0,1e+25,32768,exponential,philpapers,0.013898247339716036,b6_b8_lambda10,legacy,0.005487697351757549,2.5326191385654373,False
10000.0,1e+25,32768,exponential,stackexchange,0.18008982731912462,b6_b8_lambda10,legacy,0.09943242344369017,1.8111780954540624,False
10000.0,1e+25,32768,exponential,enron_emails,0.027798495845655694,b6_b8_lambda10,legacy,0.0022110330440804327,12.572627948768206,False
10000.0,1e+25,32768,exponential,gutenberg_pg_19,0.03580514563089805,b6_b8_lambda10,legacy,0.04691494424769629,0.7631927567015329,False
10000.0,1e+25,32768,exponential,pile_cc,0.0010230125330814462,b6_b8_lambda10,legacy,0.11948759779117796,0.00856166290052387,False
10000.0,1e+25,32768,exponential,ubuntu_irc,0.043361239847928834,b6_b8_lambda10,legacy,0.019599998284382344,2.2123083491532705,False
10000.0,1e+25,32768,exponential,europarl,0.0010567544563139248,b6_b8_lambda10,legacy,0.012737064754468426,0.08296687476156495,False
10000.0,1e+25,32768,exponential,hackernews,0.03479128819700749,b6_b8_lambda10,legacy,0.01165082237856243,2.9861658745243282,False
10000.0,1e+25,32768,exponential,pubmed_abstracts,0.02788944292694312,b6_b8_lambda10,legacy,0.06618116611255062,0.4214105698819676,False
10000.0,1e+25,32768,exponential,uspto_backgrounds,0.04316936860904106,b6_b8_lambda10,legacy,0.07556475309321728,0.5712897461040729,False
10000.0,1e+25,131072,exponential,arxiv,0.14032455847995942,b6_b8_lambda10,legacy,0.11302252583217468,1.2415627543869006,False
10000.0,1e+25,131072,exponential,freelaw,0.14289110254834061,b6_b8_lambda10,legacy,0.09682483215160405,1.4757691738066536,False
10000.0,1e+25,131072,exponential,nih_exporter,0.029394597117581533,b6_b8_lambda10,legacy,0.005889680217640528,4.990864704256785,False
10000.0,1e+25,131072,exponential,pubmed_central,0.16551954596098664,b6_b8_lambda10,legacy,0.11375419104995738,1.4550632766426645,False
10000.0,1e+25,131072,exponential,wikipedia_en,0.050005881532212366,b6_b8_lambda10,legacy,0.07507775607969777,0.6660545565470724,False
10000.0,1e+25,131072,exponential,dm_mathematics,0.012574214386992553,b6_b8_lambda10,legacy,0.02546285409735114,0.4938258036164386,False
10000.0,1e+25,131072,exponential,github,0.061571520482662595,b6_b8_lambda10,legacy,0.11070066006999096,0.5561983139371864,False
10000.0,1e+25,131072,exponential,philpapers,0.014007439947248287,b6_b8_lambda10,legacy,0.005487697351757549,2.55251684802955,False
10000.0,1e+25,131072,exponential,stackexchange,0.17895637843282822,b6_b8_lambda10,legacy,0.09943242344369017,1.7997789074725052,False
10000.0,1e+25,131072,exponential,enron_emails,0.028283452889940164,b6_b8_lambda10,legacy,0.0022110330440804327,12.79196299922475,False
10000.0,1e+25,131072,exponential,gutenberg_pg_19,0.0356855590818177,b6_b8_lambda10,legacy,0.04691494424769629,0.7606437491092191,False
10000.0,1e+25,131072,exponential,pile_cc,0.01024102295668309,b6_b8_lambda10,legacy,0.11948759779117796,0.08570783199257863,False
10000.0,1e+25,131072,exponential,ubuntu_irc,0.04327258386641611,b6_b8_lambda10,legacy,0.019599998284382344,2.2077850843944478,False
10000.0,1e+25,131072,exponential,europarl,0.0010948869608655427,b6_b8_lambda10,legacy,0.012737064754468426,0.08596069675169342,False
10000.0,1e+25,131072,exponential,hackernews,0.03457350554683485,b6_b8_lambda10,legacy,0.01165082237856243,2.967473404319533,False
10000.0,1e+25,131072,exponential,pubmed_abstracts,0.02795218500875426,b6_b8_lambda10,legacy,0.06618116611255062,0.4223586051841023,False
10000.0,1e+25,131072,exponential,uspto_backgrounds,0.023651564799875863,b6_b8_lambda10,legacy,0.07556475309321728,0.3129973146434966,False
100000.0,1e+26,2048,exponential,arxiv,0.14024593273414632,b6_b8_lambda10,legacy,0.11302252583217468,1.2408670900028835,False
100000.0,1e+26,2048,exponential,freelaw,0.14294033535702336,b6_b8_lambda10,legacy,0.09682483215160405,1.4762776467633187,False
100000.0,1e+26,2048,exponential,nih_exporter,0.029387916136771785,b6_b8_lambda10,legacy,0.005889680217640528,4.989730350512122,False
100000.0,1e+26,2048,exponential,pubmed_central,0.16554694144843796,b6_b8_lambda10,legacy,0.11375419104995738,1.455304107219529,False
100000.0,1e+26,2048,exponential,wikipedia_en,0.04993141394311302,b6_b8_lambda10,legacy,0.07507775607969777,0.6650626836810227,False
100000.0,1e+26,2048,exponential,dm_mathematics,0.012362216876712243,b6_b8_lambda10,legacy,0.02546285409735114,0.48550004761635357,False
100000.0,1e+26,2048,exponential,github,0.0618013446122662,b6_b8_lambda10,legacy,0.11070066006999096,0.5582744002898631,False
100000.0,1e+26,2048,exponential,philpapers,0.014062580447609028,b6_b8_lambda10,legacy,0.005487697351757549,2.5625648694174425,False
100000.0,1e+26,2048,exponential,stackexchange,0.17895106442446446,b6_b8_lambda10,legacy,0.09943242344369017,1.7997254640565679,False
100000.0,1e+26,2048,exponential,enron_emails,0.02828262906150225,b6_b8_lambda10,legacy,0.0022110330440804327,12.791590400343827,False
100000.0,1e+26,2048,exponential,gutenberg_pg_19,0.035532421279759585,b6_b8_lambda10,legacy,0.04691494424769629,0.7573795908646821,False
100000.0,1e+26,2048,exponential,pile_cc,0.010208027134874693,b6_b8_lambda10,legacy,0.11948759779117796,0.08543168766949949,False
100000.0,1e+26,2048,exponential,ubuntu_irc,0.043330445367004145,b6_b8_lambda10,legacy,0.019599998284382344,2.210737202029792,False
100000.0,1e+26,2048,exponential,europarl,0.0011365131365052078,b6_b8_lambda10,legacy,0.012737064754468426,0.08922881043738867,False
100000.0,1e+26,2048,exponential,hackernews,0.03451724130342061,b6_b8_lambda10,legacy,0.01165082237856243,2.962644196424495,False
100000.0,1e+26,2048,exponential,pubmed_abstracts,0.02807842102761272,b6_b8_lambda10,legacy,0.06618116611255062,0.42426603635030113,False
100000.0,1e+26,2048,exponential,uspto_backgrounds,0.023684555708776457,b6_b8_lambda10,legacy,0.07556475309321728,0.3134339058788295,False
100000.0,1e+26,4096,exponential,arxiv,0.14026691458202212,b6_b8_lambda10,legacy,0.11302252583217468,1.2410527330658154,False
100000.0,1e+26,4096,exponential,freelaw,0.14288020584978056,b6_b8_lambda10,legacy,0.09682483215160405,1.4756566334766792,False
100000.0,1e+26,4096,exponential,nih_exporter,0.029386318120701395,b6_b8_lambda10,legacy,0.005889680217640528,4.989459025752315,False
100000.0,1e+26,4096,exponential,pubmed_central,0.16550821827747686,b6_b8_lambda10,legacy,0.11375419104995738,1.4549636962807875,False
100000.0,1e+26,4096,exponential,wikipedia_en,0.049916185729602144,b6_b8_lambda10,legacy,0.07507775607969777,0.6648598511204077,False
100000.0,1e+26,4096,exponential,dm_mathematics,0.012569694164556274,b6_b8_lambda10,legacy,0.02546285409735114,0.49364828139449923,False
100000.0,1e+26,4096,exponential,github,0.061766384345605226,b6_b8_lambda10,legacy,0.11070066006999096,0.5579585912726551,False
100000.0,1e+26,4096,exponential,philpapers,0.013982869007602806,b6_b8_lambda10,legacy,0.005487697351757549,2.5480393890753654,False
100000.0,1e+26,4096,exponential,stackexchange,0.17890129534117838,b6_b8_lambda10,legacy,0.09943242344369017,1.7992249323229301,False
100000.0,1e+26,4096,exponential,enron_emails,0.028283105380561786,b6_b8_lambda10,legacy,0.0022110330440804327,12.79180582863008,False
100000.0,1e+26,4096,exponential,gutenberg_pg_19,0.035615864313499376,b6_b8_lambda10,legacy,0.04691494424769629,0.7591581932924978,False
100000.0,1e+26,4096,exponential,pile_cc,0.010167424796238524,b6_b8_lambda10,legacy,0.11948759779117796,0.08509188387909167,False
100000.0,1e+26,4096,exponential,ubuntu_irc,0.04322482374137015,b6_b8_lambda10,legacy,0.019599998284382344,2.205348343107383,False
100000.0,1e+26,4096,exponential,europarl,0.0010077384655033611,b6_b8_lambda10,legacy,0.012737064754468426,0.0791185791176751,False
100000.0,1e+26,4096,exponential,hackernews,0.03450307265340426,b6_b8_lambda10,legacy,0.01165082237856243,2.9614280891355858,False
100000.0,1e+26,4096,exponential,pubmed_abstracts,0.02795184468121043,b6_b8_lambda10,legacy,0.06618116611255062,0.42235346282164754,False
100000.0,1e+26,4096,exponential,uspto_backgrounds,0.024068040549686445,b6_b8_lambda10,legacy,0.07556475309321728,0.31850882275756154,False
100000.0,1e+26,8192,exponential,arxiv,0.14026629308927313,b6_b8_lambda10,legacy,0.11302252583217468,1.2410472342261425,False
100000.0,1e+26,8192,exponential,freelaw,0.1428805978969217,b6_b8_lambda10,legacy,0.09682483215160405,1.4756606825117504,False
100000.0,1e+26,8192,exponential,nih_exporter,0.029386692056704605,b6_b8_lambda10,legacy,0.005889680217640528,4.989522515787324,False
100000.0,1e+26,8192,exponential,pubmed_central,0.1655072555023715,b6_b8_lambda10,legacy,0.11375419104995738,1.4549552326356552,False
100000.0,1e+26,8192,exponential,wikipedia_en,0.049916809702822126,b6_b8_lambda10,legacy,0.07507775607969777,0.6648681621469029,False
100000.0,1e+26,8192,exponential,dm_mathematics,0.012568682474224657,b6_b8_lambda10,legacy,0.02546285409735114,0.493608549386149,False
100000.0,1e+26,8192,exponential,github,0.06176594273876481,b6_b8_lambda10,legacy,0.11070066006999096,0.5579546020747576,False
100000.0,1e+26,8192,exponential,philpapers,0.013986883354730657,b6_b8_lambda10,legacy,0.005487697351757549,2.548770906662895,False
100000.0,1e+26,8192,exponential,stackexchange,0.17890054016302426,b6_b8_lambda10,legacy,0.09943242344369017,1.7992173374345832,False
100000.0,1e+26,8192,exponential,enron_emails,0.028282290257097623,b6_b8_lambda10,legacy,0.0022110330440804327,12.79143716681096,False
100000.0,1e+26,8192,exponential,gutenberg_pg_19,0.035615346228990395,b6_b8_lambda10,legacy,0.04691494424769629,0.759147150233249,False
100000.0,1e+26,8192,exponential,pile_cc,0.010167719114158966,b6_b8_lambda10,legacy,0.11948759779117796,0.08509434704619756,False
100000.0,1e+26,8192,exponential,ubuntu_irc,0.0432237341394312,b6_b8_lambda10,legacy,0.019599998284382344,2.2052927511668563,False
100000.0,1e+26,8192,exponential,europarl,0.0010077382497911424,b6_b8_lambda10,legacy,0.012737064754468426,0.07911856218188786,False
100000.0,1e+26,8192,exponential,hackernews,0.03450386280760104,b6_b8_lambda10,legacy,0.01165082237856243,2.961495908742744,False
100000.0,1e+26,8192,exponential,pubmed_abstracts,0.027952214703462364,b6_b8_lambda10,legacy,0.06618116611255062,0.42235905387229944,False
100000.0,1e+26,8192,exponential,uspto_backgrounds,0.024067397520629707,b6_b8_lambda10,legacy,0.07556475309321728,0.3185003131147663,False
100000.0,1e+26,32768,exponential,arxiv,0.14026609146341287,b6_b8_lambda10,legacy,0.11302252583217468,1.2410454502821122,True
100000.0,1e+26,32768,exponential,freelaw,0.1428799379091958,b6_b8_lambda10,legacy,0.09682483215160405,1.4756538662053211,True
100000.0,1e+26,32768,exponential,nih_exporter,0.02938747816928518,b6_b8_lambda10,legacy,0.005889680217640528,4.9896559886672645,True
100000.0,1e+26,32768,exponential,pubmed_central,0.1655079707673839,b6_b8_lambda10,legacy,0.11375419104995738,1.4549615204480497,True
100000.0,1e+26,32768,exponential,wikipedia_en,0.04991461399647008,b6_b8_lambda10,legacy,0.07507775607969777,0.6648389163826885,True
100000.0,1e+26,32768,exponential,dm_mathematics,0.01257213295246935,b6_b8_lambda10,legacy,0.02546285409735114,0.4937440596565806,True
100000.0,1e+26,32768,exponential,github,0.06176504046212221,b6_b8_lambda10,legacy,0.11070066006999096,0.557946451476179,True
100000.0,1e+26,32768,exponential,philpapers,0.013982952784665475,b6_b8_lambda10,legacy,0.005487697351757549,2.54805465541702,True
100000.0,1e+26,32768,exponential,stackexchange,0.17890094468700563,b6_b8_lambda10,legacy,0.09943242344369017,1.7992214057652882,True
100000.0,1e+26,32768,exponential,enron_emails,0.028282090302623564,b6_b8_lambda10,legacy,0.0022110330440804327,12.79134673194632,True
100000.0,1e+26,32768,exponential,gutenberg_pg_19,0.0356102937085807,b6_b8_lambda10,legacy,0.04691494424769629,0.7590394549030997,True
100000.0,1e+26,32768,exponential,pile_cc,0.010167889787489972,b6_b8_lambda10,legacy,0.11948759779117796,0.08509577542315183,True
100000.0,1e+26,32768,exponential,ubuntu_irc,0.043224380501498245,b6_b8_lambda10,legacy,0.019599998284382344,2.2053257288262245,True
100000.0,1e+26,32768,exponential,europarl,0.0010077388851016272,b6_b8_lambda10,legacy,0.012737064754468426,0.07911861206076475,True
100000.0,1e+26,32768,exponential,hackernews,0.03450570591986659,b6_b8_lambda10,legacy,0.01165082237856243,2.9616541046370477,True
100000.0,1e+26,32768,exponential,pubmed_abstracts,0.02795544634833497,b6_b8_lambda10,legacy,0.06618116611255062,0.4224078841523085,True
100000.0,1e+26,32768,exponential,uspto_backgrounds,0.02406929135449394,b6_b8_lambda10,legacy,0.07556475309321728,0.3185253755120707,True
100000.0,1e+26,131072,exponential,arxiv,0.14001249808078467,b6_b8_lambda10,legacy,0.11302252583217468,1.2388017083310185,False
100000.0,1e+26,131072,exponential,freelaw,0.1429001915331497,b6_b8_lambda10,legacy,0.09682483215160405,1.4758630441972043,False
100000.0,1e+26,131072,exponential,nih_exporter,0.029379514562054572,b6_b8_lambda10,legacy,0.005889680217640528,4.98830385969993,False
100000.0,1e+26,131072,exponential,pubmed_central,0.16553051928520218,b6_b8_lambda10,legacy,0.11375419104995738,1.455159741872774,False
100000.0,1e+26,131072,exponential,wikipedia_en,0.049932398392991253,b6_b8_lambda10,legacy,0.07507775607969777,0.665075796085144,False
100000.0,1e+26,131072,exponential,dm_mathematics,0.012571794316154166,b6_b8_lambda10,legacy,0.02546285409735114,0.49373076042806957,False
100000.0,1e+26,131072,exponential,github,0.0618282328438815,b6_b8_lambda10,legacy,0.11070066006999096,0.5585172916294296,False
100000.0,1e+26,131072,exponential,philpapers,0.013993093866002133,b6_b8_lambda10,legacy,0.005487697351757549,2.5499026220023877,False
100000.0,1e+26,131072,exponential,stackexchange,0.17886442233293257,b6_b8_lambda10,legacy,0.09943242344369017,1.7988540974687772,False
100000.0,1e+26,131072,exponential,enron_emails,0.028275860822163074,b6_b8_lambda10,legacy,0.0022110330440804327,12.788529279499297,False
100000.0,1e+26,131072,exponential,gutenberg_pg_19,0.03563866118306341,b6_b8_lambda10,legacy,0.04691494424769629,0.7596441124368044,False
100000.0,1e+26,131072,exponential,pile_cc,0.010158193109307673,b6_b8_lambda10,legacy,0.11948759779117796,0.0850146232503611,False
100000.0,1e+26,131072,exponential,ubuntu_irc,0.04322541606716653,b6_b8_lambda10,legacy,0.019599998284382344,2.205378563813925,False
100000.0,1e+26,131072,exponential,europarl,0.0010242080173784892,b6_b8_lambda10,legacy,0.012737064754468426,0.08041162050457315,False
100000.0,1e+26,131072,exponential,hackernews,0.0345322467810787,b6_b8_lambda10,legacy,0.01165082237856243,2.9639321293420626,False
100000.0,1e+26,131072,exponential,pubmed_abstracts,0.027966417215456472,b6_b8_lambda10,legacy,0.06618116611255062,0.4225736543822082,False
100000.0,1e+26,131072,exponential,uspto_backgrounds,0.024166331591232902,b6_b8_lambda10,legacy,0.07556475309321728,0.31980957525820436,False
1000000.0,1e+27,2048,exponential,arxiv,0.14028264497922346,b6_b8_lambda10,legacy,0.11302252583217468,1.2411919123761832,False
1000000.0,1e+27,2048,exponential,freelaw,0.14290539505090766,b6_b8_lambda10,legacy,0.09682483215160405,1.475916785759594,False
1000000.0,1e+27,2048,exponential,nih_exporter,0.029391582565536593,b6_b8_lambda10,legacy,0.005889680217640528,4.990352867971359,False
1000000.0,1e+27,2048,exponential,pubmed_central,0.16552851325772178,b6_b8_lambda10,legacy,0.11375419104995738,1.4551421071160946,False
1000000.0,1e+27,2048,exponential,wikipedia_en,0.04994513384868754,b6_b8_lambda10,legacy,0.07507775607969777,0.6652454262973572,False
1000000.0,1e+27,2048,exponential,dm_mathematics,0.012569120417615699,b6_b8_lambda10,legacy,0.02546285409735114,0.49362574869104103,False
1000000.0,1e+27,2048,exponential,github,0.06179575185173681,b6_b8_lambda10,legacy,0.11070066006999096,0.5582238788157738,False
1000000.0,1e+27,2048,exponential,philpapers,0.01399017216293241,b6_b8_lambda10,legacy,0.005487697351757549,2.549370212344485,False
1000000.0,1e+27,2048,exponential,stackexchange,0.17892173431155842,b6_b8_lambda10,legacy,0.09943242344369017,1.799430488716631,False
1000000.0,1e+27,2048,exponential,enron_emails,0.02829542558685138,b6_b8_lambda10,legacy,0.0022110330440804327,12.797377977957552,False
1000000.0,1e+27,2048,exponential,gutenberg_pg_19,0.03556557700244462,b6_b8_lambda10,legacy,0.04691494424769629,0.7580863107215785,False
1000000.0,1e+27,2048,exponential,pile_cc,0.010162226528471048,b6_b8_lambda10,legacy,0.11948759779117796,0.08504837921531425,False
1000000.0,1e+27,2048,exponential,ubuntu_irc,0.04329896050276416,b6_b8_lambda10,legacy,0.019599998284382344,2.209130831264695,False
1000000.0,1e+27,2048,exponential,europarl,0.001132123583210617,b6_b8_lambda10,legacy,0.012737064754468426,0.08888418211216557,False
1000000.0,1e+27,2048,exponential,hackernews,0.03453635941594941,b6_b8_lambda10,legacy,0.01165082237856243,2.9642851202930087,False
1000000.0,1e+27,2048,exponential,pubmed_abstracts,0.02795401212065001,b6_b8_lambda10,legacy,0.06618116611255062,0.42238621291607614,False
1000000.0,1e+27,2048,exponential,uspto_backgrounds,0.023725266813738335,b6_b8_lambda10,legacy,0.07556475309321728,0.31397266374271954,False
1000000.0,1e+27,4096,exponential,arxiv,0.14024756794550344,b6_b8_lambda10,legacy,0.11302252583217468,1.2408815580157428,False
1000000.0,1e+27,4096,exponential,freelaw,0.14288880802808526,b6_b8_lambda10,legacy,0.09682483215160405,1.4757454761641753,False
1000000.0,1e+27,4096,exponential,nih_exporter,0.02940963731761098,b6_b8_lambda10,legacy,0.005889680217640528,4.993418357337032,False
1000000.0,1e+27,4096,exponential,pubmed_central,0.16552662917046507,b6_b8_lambda10,legacy,0.11375419104995738,1.4551255443218862,False
1000000.0,1e+27,4096,exponential,wikipedia_en,0.04989728449386675,b6_b8_lambda10,legacy,0.07507775607969777,0.6646080956508472,False
1000000.0,1e+27,4096,exponential,dm_mathematics,0.012504583237202636,b6_b8_lambda10,legacy,0.02546285409735114,0.49109118676933655,False
1000000.0,1e+27,4096,exponential,github,0.0617285722265248,b6_b8_lambda10,legacy,0.11070066006999096,0.5576170204179148,False
1000000.0,1e+27,4096,exponential,philpapers,0.014065602959863446,b6_b8_lambda10,legacy,0.005487697351757549,2.563115649108937,False
1000000.0,1e+27,4096,exponential,stackexchange,0.1789106511643183,b6_b8_lambda10,legacy,0.09943242344369017,1.7993190246000355,False
1000000.0,1e+27,4096,exponential,enron_emails,0.02829766227819046,b6_b8_lambda10,legacy,0.0022110330440804327,12.798389582621295,False
1000000.0,1e+27,4096,exponential,gutenberg_pg_19,0.03562134195232096,b6_b8_lambda10,legacy,0.04691494424769629,0.7592749500937563,False
1000000.0,1e+27,4096,exponential,pile_cc,0.010174529865301516,b6_b8_lambda10,legacy,0.11948759779117796,0.08515134669526953,False
1000000.0,1e+27,4096,exponential,ubuntu_irc,0.04328087907304243,b6_b8_lambda10,legacy,0.019599998284382344,2.208208309259367,False
1000000.0,1e+27,4096,exponential,europarl,0.001098889342489283,b6_b8_lambda10,legacy,0.012737064754468426,0.08627492783247176,False
1000000.0,1e+27,4096,exponential,hackernews,0.03454648941883078,b6_b8_lambda10,legacy,0.01165082237856243,2.9651545870612956,False
1000000.0,1e+27,4096,exponential,pubmed_abstracts,0.027883565712428244,b6_b8_lambda10,legacy,0.06618116611255062,0.42132176494152757,False
1000000.0,1e+27,4096,exponential,uspto_backgrounds,0.023917305813955382,b6_b8_lambda10,legacy,0.07556475309321728,0.3165140470246863,False
1000000.0,1e+27,8192,exponential,arxiv,0.14026664781925782,b6_b8_lambda10,legacy,0.11302252583217468,1.2410503728038913,False
1000000.0,1e+27,8192,exponential,freelaw,0.14288039637540367,b6_b8_lambda10,legacy,0.09682483215160405,1.4756586012118034,False
1000000.0,1e+27,8192,exponential,nih_exporter,0.029386574190770415,b6_b8_lambda10,legacy,0.005889680217640528,4.989502503506549,False
1000000.0,1e+27,8192,exponential,pubmed_central,0.16550838545685964,b6_b8_lambda10,legacy,0.11375419104995738,1.4549651659354985,False
1000000.0,1e+27,8192,exponential,wikipedia_en,0.04991664831243954,b6_b8_lambda10,legacy,0.07507775607969777,0.6648660125037728,False
1000000.0,1e+27,8192,exponential,dm_mathematics,0.012568917988068713,b6_b8_lambda10,legacy,0.02546285409735114,0.4936177986966605,False
1000000.0,1e+27,8192,exponential,github,0.061766278740853865,b6_b8_lambda10,legacy,0.11070066006999096,0.557957637305883,False
1000000.0,1e+27,8192,exponential,philpapers,0.013983482990546237,b6_b8_lambda10,legacy,0.005487697351757549,2.548151272603934,False
1000000.0,1e+27,8192,exponential,stackexchange,0.17890119233666202,b6_b8_lambda10,legacy,0.09943242344369017,1.7992238963981,False
1000000.0,1e+27,8192,exponential,enron_emails,0.028282921497685617,b6_b8_lambda10,legacy,0.0022110330440804327,12.791722662583936,False
1000000.0,1e+27,8192,exponential,gutenberg_pg_19,0.0356140570560423,b6_b8_lambda10,legacy,0.04691494424769629,0.7591196712930357,False
1000000.0,1e+27,8192,exponential,pile_cc,0.010167539847470007,b6_b8_lambda10,legacy,0.11948759779117796,0.08509284675083409,False
1000000.0,1e+27,8192,exponential,ubuntu_irc,0.04322473421247469,b6_b8_lambda10,legacy,0.019599998284382344,2.2053437753061944,False
1000000.0,1e+27,8192,exponential,europarl,0.0010077384014861412,b6_b8_lambda10,legacy,0.012737064754468426,0.07911857409161759,False
1000000.0,1e+27,8192,exponential,hackernews,0.034503849012552455,b6_b8_lambda10,legacy,0.01165082237856243,2.961494724701984,False
1000000.0,1e+27,8192,exponential,pubmed_abstracts,0.027952786044378293,b6_b8_lambda10,legacy,0.06618116611255062,0.42236768685581255,False
1000000.0,1e+27,8192,exponential,uspto_backgrounds,0.024067849717048333,b6_b8_lambda10,legacy,0.07556475309321728,0.31850629733889346,False
1000000.0,1e+27,32768,exponential,arxiv,0.14026611222526308,b6_b8_lambda10,legacy,0.11302252583217468,1.241045633978681,False
1000000.0,1e+27,32768,exponential,freelaw,0.14288016517931457,b6_b8_lambda10,legacy,0.09682483215160405,1.4756562134349906,False
1000000.0,1e+27,32768,exponential,nih_exporter,0.029386741360225167,b6_b8_lambda10,legacy,0.005889680217640528,4.989530886958379,False
1000000.0,1e+27,32768,exponential,pubmed_central,0.1655079301159759,b6_b8_lambda10,legacy,0.11375419104995738,1.454961163086201,False
1000000.0,1e+27,32768,exponential,wikipedia_en,0.049914273532037166,b6_b8_lambda10,legacy,0.07507775607969777,0.6648343815583853,False
1000000.0,1e+27,32768,exponential,dm_mathematics,0.012572862627471943,b6_b8_lambda10,legacy,0.02546285409735114,0.4937727161064744,False
1000000.0,1e+27,32768,exponential,github,0.061765461050861864,b6_b8_lambda10,legacy,0.11070066006999096,0.5579502508098,False
1000000.0,1e+27,32768,exponential,philpapers,0.013983961550194293,b6_b8_lambda10,legacy,0.005487697351757549,2.5482384785151533,False
1000000.0,1e+27,32768,exponential,stackexchange,0.17890211052126961,b6_b8_lambda10,legacy,0.09943242344369017,1.799233130655657,False
1000000.0,1e+27,32768,exponential,enron_emails,0.02828342015992009,b6_b8_lambda10,legacy,0.0022110330440804327,12.791948196180464,False
1000000.0,1e+27,32768,exponential,gutenberg_pg_19,0.03561015065616585,b6_b8_lambda10,legacy,0.04691494424769629,0.7590364057165954,False
1000000.0,1e+27,32768,exponential,pile_cc,0.010166457798918466,b6_b8_lambda10,legacy,0.11948759779117796,0.08508379101139717,False
1000000.0,1e+27,32768,exponential,ubuntu_irc,0.043223521134166394,b6_b8_lambda10,legacy,0.019599998284382344,2.2052818835503536,False
1000000.0,1e+27,32768,exponential,europarl,0.0010077388119385379,b6_b8_lambda10,legacy,0.012737064754468426,0.07911860631665567,False
1000000.0,1e+27,32768,exponential,hackernews,0.03450328905312348,b6_b8_lambda10,legacy,0.01165082237856243,2.96144666290765,False
1000000.0,1e+27,32768,exponential,pubmed_abstracts,0.027956730964755306,b6_b8_lambda10,legacy,0.06618116611255062,0.4224272947564999,False
1000000.0,1e+27,32768,exponential,uspto_backgrounds,0.024069073258398268,b6_b8_lambda10,legacy,0.07556475309321728,0.3185224892974436,False
1000000.0,1e+27,131072,exponential,arxiv,0.1402985803972568,b6_b8_lambda10,legacy,0.11302252583217468,1.2413329056685911,True
1000000.0,1e+27,131072,exponential,freelaw,0.14291957462569782,b6_b8_lambda10,legacy,0.09682483215160405,1.4760632314024635,True
1000000.0,1e+27,131072,exponential,nih_exporter,0.0293700909167294,b6_b8_lambda10,legacy,0.005889680217640528,4.986703833047049,True
1000000.0,1e+27,131072,exponential,pubmed_central,0.16554401158218687,b6_b8_lambda10,legacy,0.11375419104995738,1.455278351102554,True
1000000.0,1e+27,131072,exponential,wikipedia_en,0.04992352007156054,b6_b8_lambda10,legacy,0.07507775607969777,0.6649575410666897,True
1000000.0,1e+27,131072,exponential,dm_mathematics,0.012377306915431863,b6_b8_lambda10,legacy,0.02546285409735114,0.48609267712528165,True
1000000.0,1e+27,131072,exponential,github,0.06174021402391546,b6_b8_lambda10,legacy,0.11070066006999096,0.5577221850789322,True
1000000.0,1e+27,131072,exponential,philpapers,0.013961692955760042,b6_b8_lambda10,legacy,0.005487697351757549,2.544180566242145,True
1000000.0,1e+27,131072,exponential,stackexchange,0.1789443281406215,b6_b8_lambda10,legacy,0.09943242344369017,1.799657716700025,True
1000000.0,1e+27,131072,exponential,enron_emails,0.028274453949009338,b6_b8_lambda10,legacy,0.0022110330440804327,12.787892982743125,True
1000000.0,1e+27,131072,exponential,gutenberg_pg_19,0.03560628747496524,b6_b8_lambda10,legacy,0.04691494424769629,0.7589540613535666,True
1000000.0,1e+27,131072,exponential,pile_cc,0.010331830453538825,b6_b8_lambda10,legacy,0.11948759779117796,0.08646780623705573,True
1000000.0,1e+27,131072,exponential,ubuntu_irc,0.04322503124195313,b6_b8_lambda10,legacy,0.019599998284382344,2.205358929872747,True
1000000.0,1e+27,131072,exponential,europarl,0.00100773222085209,b6_b8_lambda10,legacy,0.012737064754468426,0.07911808884370762,True
1000000.0,1e+27,131072,exponential,hackernews,0.034496336380069624,b6_b8_lambda10,legacy,0.01165082237856243,2.9608499090624756,True
1000000.0,1e+27,131072,exponential,pubmed_abstracts,0.027929583143843868,b6_b8_lambda10,legacy,0.06618116611255062,0.42201709012418404,True
1000000.0,1e+27,131072,exponential,uspto_backgrounds,0.02404942550660763,b6_b8_lambda10,legacy,0.07556475309321728,0.31826247717556977,True
0.01,1e+19,2048,power,arxiv,0.9769974887296968,b6_b8_lambda10,legacy,0.11302252583217468,8.644272294714282,False
0.01,1e+19,2048,power,freelaw,0.0026940926507330277,b6_b8_lambda10,legacy,0.09682483215160405,0.02782439784160675,False
0.01,1e+19,2048,power,nih_exporter,0.0010210126198403244,b6_b8_lambda10,legacy,0.005889680217640528,0.1733562064680913,False
0.01,1e+19,2048,power,pubmed_central,0.0032716322803693705,b6_b8_lambda10,legacy,0.11375419104995738,0.028760542799979732,False
0.01,1e+19,2048,power,wikipedia_en,0.0011108371540445247,b6_b8_lambda10,legacy,0.07507775607969777,0.014795822518527733,False
0.01,1e+19,2048,power,dm_mathematics,0.0010214264741202166,b6_b8_lambda10,legacy,0.02546285409735114,0.040114374854249894,False
0.01,1e+19,2048,power,github,0.0010030578671859785,b6_b8_lambda10,legacy,0.11070066006999096,0.00906099264947283,False
0.01,1e+19,2048,power,philpapers,0.0010161561495217123,b6_b8_lambda10,legacy,0.005487697351757549,0.1851698598495537,False
0.01,1e+19,2048,power,stackexchange,0.003310029789270334,b6_b8_lambda10,legacy,0.09943242344369017,0.03328923981365943,False
0.01,1e+19,2048,power,enron_emails,0.0010089187760032028,b6_b8_lambda10,legacy,0.0022110330440804327,0.45631103465611544,False
0.01,1e+19,2048,power,gutenberg_pg_19,0.001061962899262537,b6_b8_lambda10,legacy,0.04691494424769629,0.022635919455764535,False
0.01,1e+19,2048,power,pile_cc,0.0010113440879713981,b6_b8_lambda10,legacy,0.11948759779117796,0.008464008873447015,False
0.01,1e+19,2048,power,ubuntu_irc,0.0010599332804495894,b6_b8_lambda10,legacy,0.019599998284382344,0.05407823332791639,False
0.01,1e+19,2048,power,europarl,0.0010048397376738103,b6_b8_lambda10,legacy,0.012737064754468426,0.07889099702671228,False
0.01,1e+19,2048,power,hackernews,0.0010370399355923178,b6_b8_lambda10,legacy,0.01165082237856243,0.0890100202283125,False
0.01,1e+19,2048,power,pubmed_abstracts,0.0010428168858692933,b6_b8_lambda10,legacy,0.06618116611255062,0.01575700379917502,False
0.01,1e+19,2048,power,uspto_backgrounds,0.0013274106823955162,b6_b8_lambda10,legacy,0.07556475309321728,0.017566532385251254,False
0.01,1e+19,4096,power,arxiv,0.9770905035356173,b6_b8_lambda10,legacy,0.11302252583217468,8.645095270534682,True
0.01,1e+19,4096,power,freelaw,0.0028886882589186777,b6_b8_lambda10,legacy,0.09682483215160405,0.029834167482941744,True
0.01,1e+19,4096,power,nih_exporter,0.0010197782619844633,b6_b8_lambda10,legacy,0.005889680217640528,0.17314662669291708,True
0.01,1e+19,4096,power,pubmed_central,0.0030348751561019,b6_b8_lambda10,legacy,0.11375419104995738,0.026679238172148532,True
0.01,1e+19,4096,power,wikipedia_en,0.0011035195106211932,b6_b8_lambda10,legacy,0.07507775607969777,0.014698354988790116,True
0.01,1e+19,4096,power,dm_mathematics,0.0010109567079903414,b6_b8_lambda10,legacy,0.02546285409735114,0.03970319682645119,True
0.01,1e+19,4096,power,github,0.0010025738009724178,b6_b8_lambda10,legacy,0.11070066006999096,0.009056619900355936,True
0.01,1e+19,4096,power,philpapers,0.001013411277572238,b6_b8_lambda10,legacy,0.005487697351757549,0.18466967338271162,True
0.01,1e+19,4096,power,stackexchange,0.0033302606673457726,b6_b8_lambda10,legacy,0.09943242344369017,0.03349270340606493,True
0.01,1e+19,4096,power,enron_emails,0.001010421521935831,b6_b8_lambda10,legacy,0.0022110330440804327,0.456990692491466,True
0.01,1e+19,4096,power,gutenberg_pg_19,0.0010527620948076967,b6_b8_lambda10,legacy,0.04691494424769629,0.022439802747061595,True
0.01,1e+19,4096,power,pile_cc,0.0010061541439006388,b6_b8_lambda10,legacy,0.11948759779117796,0.008420573871265203,True
0.01,1e+19,4096,power,ubuntu_irc,0.0010287751554587136,b6_b8_lambda10,legacy,0.019599998284382344,0.05248853293413099,True
0.01,1e+19,4096,power,europarl,0.0010038134893782286,b6_b8_lambda10,legacy,0.012737064754468426,0.07881042522187617,True
0.01,1e+19,4096,power,hackernews,0.0010425883046532125,b6_b8_lambda10,legacy,0.01165082237856243,0.08948624146666076,True
0.01,1e+19,4096,power,pubmed_abstracts,0.0010334762273548643,b6_b8_lambda10,legacy,0.06618116611255062,0.015615866084881141,True
0.01,1e+19,4096,power,uspto_backgrounds,0.0013274418853867482,b6_b8_lambda10,legacy,0.07556475309321728,0.017566945315750655,True
0.01,1e+19,8192,power,arxiv,0.9775353519725287,b6_b8_lambda10,legacy,0.11302252583217468,8.649031197763668,False
0.01,1e+19,8192,power,freelaw,0.002371283526295201,b6_b8_lambda10,legacy,0.09682483215160405,0.024490448096851334,False
0.01,1e+19,8192,power,nih_exporter,0.0010158613597878719,b6_b8_lambda10,legacy,0.005889680217640528,0.17248158172411562,False
0.01,1e+19,8192,power,pubmed_central,0.0032827688961743094,b6_b8_lambda10,legacy,0.11375419104995738,0.028858443507656057,False
0.01,1e+19,8192,power,wikipedia_en,0.0010104354743486362,b6_b8_lambda10,legacy,0.07507775607969777,0.013458519901367618,False
0.01,1e+19,8192,power,dm_mathematics,0.0010003237968770704,b6_b8_lambda10,legacy,0.02546285409735114,0.0392856116228201,False
0.01,1e+19,8192,power,github,0.0010001098945764538,b6_b8_lambda10,legacy,0.11070066006999096,0.009034362522717842,False
0.01,1e+19,8192,power,philpapers,0.0010066055108587091,b6_b8_lambda10,legacy,0.005487697351757549,0.18342948714843446,False
0.01,1e+19,8192,power,stackexchange,0.003369200042455614,b6_b8_lambda10,legacy,0.09943242344369017,0.03388431988046267,False
0.01,1e+19,8192,power,enron_emails,0.001015522916299829,b6_b8_lambda10,legacy,0.0022110330440804327,0.4592979372328578,False
0.01,1e+19,8192,power,gutenberg_pg_19,0.0010086942653202752,b6_b8_lambda10,legacy,0.04691494424769629,0.021500489481447185,False
0.01,1e+19,8192,power,pile_cc,0.0010001110909444774,b6_b8_lambda10,legacy,0.11948759779117796,0.008369999141603949,False
0.01,1e+19,8192,power,ubuntu_irc,0.0010329660011059612,b6_b8_lambda10,legacy,0.019599998284382344,0.05270235160831868,False
0.01,1e+19,8192,power,europarl,0.0010001154826659341,b6_b8_lambda10,legacy,0.012737064754468426,0.07852009092715595,False
0.01,1e+19,8192,power,hackernews,0.0010217397584348451,b6_b8_lambda10,legacy,0.01165082237856243,0.087696793001913,False
0.01,1e+19,8192,power,pubmed_abstracts,0.0010013188959138236,b6_b8_lambda10,legacy,0.06618116611255062,0.015129967553169678,False
0.01,1e+19,8192,power,uspto_backgrounds,0.001327591115412553,b6_b8_lambda10,legacy,0.07556475309321728,0.017568920178629127,False
0.01,1e+19,32768,power,arxiv,0.9770236308594114,b6_b8_lambda10,legacy,0.11302252583217468,8.644503594886721,False
0.01,1e+19,32768,power,freelaw,0.0026921663442716843,b6_b8_lambda10,legacy,0.09682483215160405,0.027804503085080583,False
0.01,1e+19,32768,power,nih_exporter,0.0010226393561957035,b6_b8_lambda10,legacy,0.005889680217640528,0.17363240760215404,False
0.01,1e+19,32768,power,pubmed_central,0.0031500033255323487,b6_b8_lambda10,legacy,0.11375419104995738,0.027691316657941535,False
0.01,1e+19,32768,power,wikipedia_en,0.0011102806408119603,b6_b8_lambda10,legacy,0.07507775607969777,0.014788410026977325,False
0.01,1e+19,32768,power,dm_mathematics,0.0010068649865315777,b6_b8_lambda10,legacy,0.02546285409735114,0.03954250307848719,False
0.01,1e+19,32768,power,github,0.001003913374548039,b6_b8_lambda10,legacy,0.11070066006999096,0.009068720763844683,False
0.01,1e+19,32768,power,philpapers,0.0010211356885467383,b6_b8_lambda10,legacy,0.005487697351757549,0.18607726029564994,False
0.01,1e+19,32768,power,stackexchange,0.0034209453677466555,b6_b8_lambda10,legacy,0.09943242344369017,0.0344047268412801,False
0.01,1e+19,32768,power,enron_emails,0.0010231047671873654,b6_b8_lambda10,legacy,0.0022110330440804327,0.4627270360913462,False
0.01,1e+19,32768,power,gutenberg_pg_19,0.0010571906901997675,b6_b8_lambda10,legacy,0.04691494424769629,0.02253419900955504,False
0.01,1e+19,32768,power,pile_cc,0.001004877780104275,b6_b8_lambda10,legacy,0.11948759779117796,0.0084098918940562,False
0.01,1e+19,32768,power,ubuntu_irc,0.0010658488912197472,b6_b8_lambda10,legacy,0.019599998284382344,0.05438005023036334,False
0.01,1e+19,32768,power,europarl,0.0010033027950110893,b6_b8_lambda10,legacy,0.012737064754468426,0.07877033008402583,False
0.01,1e+19,32768,power,hackernews,0.0010344012711681044,b6_b8_lambda10,legacy,0.01165082237856243,0.08878354141518867,False
0.01,1e+19,32768,power,pubmed_abstracts,0.00103227440941013,b6_b8_lambda10,legacy,0.06618116611255062,0.015597706568883941,False
0.01,1e+19,32768,power,uspto_backgrounds,0.0013274194521032795,b6_b8_lambda10,legacy,0.07556475309321728,0.01756664844078514,False
0.01,1e+19,131072,power,arxiv,0.9771590820547869,b6_b8_lambda10,legacy,0.11302252583217468,8.645702039129391,False
0.01,1e+19,131072,power,freelaw,0.0031998265102085406,b6_b8_lambda10,legacy,0.09682483215160405,0.03304758127748049,False
0.01,1e+19,131072,power,nih_exporter,0.0010286919062166965,b6_b8_lambda10,legacy,0.005889680217640528,0.1746600610226003,False
0.01,1e+19,131072,power,pubmed_central,0.003009183742062064,b6_b8_lambda10,legacy,0.11375419104995738,0.02645338790849932,False
0.01,1e+19,131072,power,wikipedia_en,0.0010751886593515683,b6_b8_lambda10,legacy,0.07507775607969777,0.014321001525541286,False
0.01,1e+19,131072,power,dm_mathematics,0.0010057690077289888,b6_b8_lambda10,legacy,0.02546285409735114,0.03949946081785142,False
0.01,1e+19,131072,power,github,0.0010021215583228026,b6_b8_lambda10,legacy,0.11070066006999096,0.009052534625260653,False
0.01,1e+19,131072,power,philpapers,0.0010140860486566154,b6_b8_lambda10,legacy,0.005487697351757549,0.18479263407845065,False
0.01,1e+19,131072,power,stackexchange,0.0030306865936697946,b6_b8_lambda10,legacy,0.09943242344369017,0.030479862490590006,False
0.01,1e+19,131072,power,enron_emails,0.0010160764561834613,b6_b8_lambda10,legacy,0.0022110330440804327,0.45954829074300285,False
0.01,1e+19,131072,power,gutenberg_pg_19,0.0010197487713385204,b6_b8_lambda10,legacy,0.04691494424769629,0.02173611815362211,False
0.01,1e+19,131072,power,pile_cc,0.0010027181124456694,b6_b8_lambda10,legacy,0.11948759779117796,0.008391817485510638,False
0.01,1e+19,131072,power,ubuntu_irc,0.0010471806803954327,b6_b8_lambda10,legacy,0.019599998284382344,0.05342759041105868,False
0.01,1e+19,131072,power,europarl,0.0010006015204354535,b6_b8_lambda10,legacy,0.012737064754468426,0.07855825025027229,False
0.01,1e+19,131072,power,hackernews,0.0010350352498820494,b6_b8_lambda10,legacy,0.01165082237856243,0.08883795634774412,False
0.01,1e+19,131072,power,pubmed_abstracts,0.00102653823739845,b6_b8_lambda10,legacy,0.06618116611255062,0.015511032786165686,False
0.01,1e+19,131072,power,uspto_backgrounds,0.0013274648909170027,b6_b8_lambda10,legacy,0.07556475309321728,0.01756724976364882,False
10.0,1e+22,2048,power,arxiv,0.14437339333711166,b6_b8_lambda10,legacy,0.11302252583217468,1.2773860102143655,False
10.0,1e+22,2048,power,freelaw,0.1424188246596118,b6_b8_lambda10,legacy,0.09682483215160405,1.4708915212640772,False
10.0,1e+22,2048,power,nih_exporter,0.028448556769350337,b6_b8_lambda10,legacy,0.005889680217640528,4.830237927713356,False
10.0,1e+22,2048,power,pubmed_central,0.16503234841235973,b6_b8_lambda10,legacy,0.11375419104995738,1.450780379070891,False
10.0,1e+22,2048,power,wikipedia_en,0.04728831704965662,b6_b8_lambda10,legacy,0.07507775607969777,0.6298578902579127,False
10.0,1e+22,2048,power,dm_mathematics,0.011777624736526705,b6_b8_lambda10,legacy,0.02546285409735114,0.462541421770622,False
10.0,1e+22,2048,power,github,0.060611636251798405,b6_b8_lambda10,legacy,0.11070066006999096,0.5475273247104077,False
10.0,1e+22,2048,power,philpapers,0.015966168814614958,b6_b8_lambda10,legacy,0.005487697351757549,2.9094477685620657,False
10.0,1e+22,2048,power,stackexchange,0.177351292595491,b6_b8_lambda10,legacy,0.09943242344369017,1.7836364281710106,False
10.0,1e+22,2048,power,enron_emails,0.028559075092829737,b6_b8_lambda10,legacy,0.0022110330440804327,12.916620658063225,False
10.0,1e+22,2048,power,gutenberg_pg_19,0.03504154674976729,b6_b8_lambda10,legacy,0.04691494424769629,0.7469165169366683,False
10.0,1e+22,2048,power,pile_cc,0.009591510583375398,b6_b8_lambda10,legacy,0.11948759779117796,0.08027201785525861,False
10.0,1e+22,2048,power,ubuntu_irc,0.04250063315703556,b6_b8_lambda10,legacy,0.019599998284382344,2.16839984067248,False
10.0,1e+22,2048,power,europarl,0.0011943439297428852,b6_b8_lambda10,legacy,0.012737064754468426,0.09376916524852279,False
10.0,1e+22,2048,power,hackernews,0.034942919545436886,b6_b8_lambda10,legacy,0.01165082237856243,2.999180522203482,False
10.0,1e+22,2048,power,pubmed_abstracts,0.026735586794835314,b6_b8_lambda10,legacy,0.06618116611255062,0.4039757587433197,False
10.0,1e+22,2048,power,uspto_backgrounds,0.028166221520455694,b6_b8_lambda10,legacy,0.07556475309321728,0.37274285122998574,False
10.0,1e+22,4096,power,arxiv,0.15370942529694007,b6_b8_lambda10,legacy,0.11302252583217468,1.3599892956310382,False
10.0,1e+22,4096,power,freelaw,0.14138478220492617,b6_b8_lambda10,legacy,0.09682483215160405,1.4602120041225801,False
10.0,1e+22,4096,power,nih_exporter,0.028976999337055737,b6_b8_lambda10,legacy,0.005889680217640528,4.9199614013448505,False
10.0,1e+22,4096,power,pubmed_central,0.16417752786244647,b6_b8_lambda10,legacy,0.11375419104995738,1.4432657500095507,False
10.0,1e+22,4096,power,wikipedia_en,0.04870607817430679,b6_b8_lambda10,legacy,0.07507775607969777,0.6487417940755117,False
10.0,1e+22,4096,power,dm_mathematics,0.011595411365415306,b6_b8_lambda10,legacy,0.02546285409735114,0.4553853751462039,False
10.0,1e+22,4096,power,github,0.057108539565232756,b6_b8_lambda10,legacy,0.11070066006999096,0.5158825568801996,False
10.0,1e+22,4096,power,philpapers,0.013114475791761452,b6_b8_lambda10,legacy,0.005487697351757549,2.389795746946808,False
10.0,1e+22,4096,power,stackexchange,0.17717465017993433,b6_b8_lambda10,legacy,0.09943242344369017,1.78185992097709,False
10.0,1e+22,4096,power,enron_emails,0.02831289660548283,b6_b8_lambda10,legacy,0.0022110330440804327,12.805279722654777,False
10.0,1e+22,4096,power,gutenberg_pg_19,0.036774928855265926,b6_b8_lambda10,legacy,0.04691494424769629,0.7838638507403048,False
10.0,1e+22,4096,power,pile_cc,0.009924921270926583,b6_b8_lambda10,legacy,0.11948759779117796,0.08306235504267007,False
10.0,1e+22,4096,power,ubuntu_irc,0.04288665613230768,b6_b8_lambda10,legacy,0.019599998284382344,2.1880948921551995,False
10.0,1e+22,4096,power,europarl,0.0012585632333525568,b6_b8_lambda10,legacy,0.012737064754468426,0.09881108855248825,False
10.0,1e+22,4096,power,hackernews,0.03362690615077022,b6_b8_lambda10,legacy,0.01165082237856243,2.8862259725668715,False
10.0,1e+22,4096,power,pubmed_abstracts,0.02850747769967194,b6_b8_lambda10,legacy,0.06618116611255062,0.43074909939167383,False
10.0,1e+22,4096,power,uspto_backgrounds,0.022759760274203178,b6_b8_lambda10,legacy,0.07556475309321728,0.3011954561159825,False
10.0,1e+22,8192,power,arxiv,0.14301712547567225,b6_b8_lambda10,legacy,0.11302252583217468,1.2653860318786014,True
10.0,1e+22,8192,power,freelaw,0.14240571319195883,b6_b8_lambda10,legacy,0.09682483215160405,1.4707561069559743,True
10.0,1e+22,8192,power,nih_exporter,0.029016828176527912,b6_b8_lambda10,legacy,0.005889680217640528,4.926723880460929,True
10.0,1e+22,8192,power,pubmed_central,0.1653736462167586,b6_b8_lambda10,legacy,0.11375419104995738,1.4537806887847458,True
10.0,1e+22,8192,power,wikipedia_en,0.04939073351780891,b6_b8_lambda10,legacy,0.07507775607969777,0.6578610775923943,True
10.0,1e+22,8192,power,dm_mathematics,0.012064949247619902,b6_b8_lambda10,legacy,0.02546285409735114,0.47382548717800643,True
10.0,1e+22,8192,power,github,0.06068157529011596,b6_b8_lambda10,legacy,0.11070066006999096,0.5481591099072921,True
10.0,1e+22,8192,power,philpapers,0.013733770945697027,b6_b8_lambda10,legacy,0.005487697351757549,2.5026472972855367,True
10.0,1e+22,8192,power,stackexchange,0.17832928766322334,b6_b8_lambda10,legacy,0.09943242344369017,1.7934722044083884,True
10.0,1e+22,8192,power,enron_emails,0.027873955430331176,b6_b8_lambda10,legacy,0.0022110330440804327,12.606756604094054,True
10.0,1e+22,8192,power,gutenberg_pg_19,0.03512161309702402,b6_b8_lambda10,legacy,0.04691494424769629,0.7486231447189374,True
10.0,1e+22,8192,power,pile_cc,0.009367572298695236,b6_b8_lambda10,legacy,0.11948759779117796,0.07839786280636789,True
10.0,1e+22,8192,power,ubuntu_irc,0.04313353497085588,b6_b8_lambda10,legacy,0.019599998284382344,2.2006907523673362,True
10.0,1e+22,8192,power,europarl,0.0011627579102788492,b6_b8_lambda10,legacy,0.012737064754468426,0.0912893145079544,True
10.0,1e+22,8192,power,hackernews,0.034141519875355034,b6_b8_lambda10,legacy,0.01165082237856243,2.9303957065018515,True
10.0,1e+22,8192,power,pubmed_abstracts,0.027584000153972513,b6_b8_lambda10,legacy,0.06618116611255062,0.4167953176748494,True
10.0,1e+22,8192,power,uspto_backgrounds,0.02760141653810454,b6_b8_lambda10,legacy,0.07556475309321728,0.36526840105009295,True
10.0,1e+22,32768,power,arxiv,0.1450401362897863,b6_b8_lambda10,legacy,0.11302252583217468,1.2832852143576587,False
10.0,1e+22,32768,power,freelaw,0.14215246236501214,b6_b8_lambda10,legacy,0.09682483215160405,1.468140550374888,False
10.0,1e+22,32768,power,nih_exporter,0.02987662015140613,b6_b8_lambda10,legacy,0.005889680217640528,5.072706674620619,False
10.0,1e+22,32768,power,pubmed_central,0.16465434064976114,b6_b8_lambda10,legacy,0.11375419104995738,1.4474573563399522,False
10.0,1e+22,32768,power,wikipedia_en,0.049687768487952665,b6_b8_lambda10,legacy,0.07507775607969777,0.6618174421090488,False
10.0,1e+22,32768,power,dm_mathematics,0.012558080009646352,b6_b8_lambda10,legacy,0.02546285409735114,0.4931921599060943,False
10.0,1e+22,32768,power,github,0.05963507808859264,b6_b8_lambda10,legacy,0.11070066006999096,0.5387057136866944,False
10.0,1e+22,32768,power,philpapers,0.014351904308467018,b6_b8_lambda10,legacy,0.005487697351757549,2.6152871393081694,False
10.0,1e+22,32768,power,stackexchange,0.17809861787093065,b6_b8_lambda10,legacy,0.09943242344369017,1.791152339475967,False
10.0,1e+22,32768,power,enron_emails,0.028221938400162808,b6_b8_lambda10,legacy,0.0022110330440804327,12.76414139341834,False
10.0,1e+22,32768,power,gutenberg_pg_19,0.03550847122696102,b6_b8_lambda10,legacy,0.04691494424769629,0.7568690914239896,False
10.0,1e+22,32768,power,pile_cc,0.010328032901014788,b6_b8_lambda10,legacy,0.11948759779117796,0.0864360242563796,False
10.0,1e+22,32768,power,ubuntu_irc,0.043335671019376756,b6_b8_lambda10,legacy,0.019599998284382344,2.211003816970099,False
10.0,1e+22,32768,power,europarl,0.0011465928548547997,b6_b8_lambda10,legacy,0.012737064754468426,0.09002017944931552,False
10.0,1e+22,32768,power,hackernews,0.033600342408983505,b6_b8_lambda10,legacy,0.01165082237856243,2.8839459840026658,False
10.0,1e+22,32768,power,pubmed_abstracts,0.02728593719879305,b6_b8_lambda10,legacy,0.06618116611255062,0.4122915748022538,False
10.0,1e+22,32768,power,uspto_backgrounds,0.024518005768298393,b6_b8_lambda10,legacy,0.07556475309321728,0.32446351989071925,False
10.0,1e+22,131072,power,arxiv,0.14634236998160458,b6_b8_lambda10,legacy,0.11302252583217468,1.294807109504047,False
10.0,1e+22,131072,power,freelaw,0.14190919584619066,b6_b8_lambda10,legacy,0.09682483215160405,1.4656281110200688,False
10.0,1e+22,131072,power,nih_exporter,0.027894544158403794,b6_b8_lambda10,legacy,0.005889680217640528,4.736172954663175,False
10.0,1e+22,131072,power,pubmed_central,0.1644569252939997,b6_b8_lambda10,legacy,0.11375419104995738,1.445721900670677,False
10.0,1e+22,131072,power,wikipedia_en,0.04906022706555056,b6_b8_lambda10,legacy,0.07507775607969777,0.6534588888547941,False
10.0,1e+22,131072,power,dm_mathematics,0.011442266835463871,b6_b8_lambda10,legacy,0.02546285409735114,0.4493709460737236,False
10.0,1e+22,131072,power,github,0.058830972763718084,b6_b8_lambda10,legacy,0.11070066006999096,0.5314419329254401,False
10.0,1e+22,131072,power,philpapers,0.012889304033967482,b6_b8_lambda10,legacy,0.005487697351757549,2.3487636448900404,False
10.0,1e+22,131072,power,stackexchange,0.1777616365143455,b6_b8_lambda10,legacy,0.09943242344369017,1.787763290462433,False
10.0,1e+22,131072,power,enron_emails,0.027150738748486853,b6_b8_lambda10,legacy,0.0022110330440804327,12.279662134031483,False
10.0,1e+22,131072,power,gutenberg_pg_19,0.03500156748727822,b6_b8_lambda10,legacy,0.04691494424769629,0.7460643521706186,False
10.0,1e+22,131072,power,pile_cc,0.010142218031592081,b6_b8_lambda10,legacy,0.11948759779117796,0.08488092671606881,False
10.0,1e+22,131072,power,ubuntu_irc,0.04210278569673209,b6_b8_lambda10,legacy,0.019599998284382344,2.1481014990843343,False
10.0,1e+22,131072,power,europarl,0.001010573746523608,b6_b8_lambda10,legacy,0.012737064754468426,0.07934117993465313,False
10.0,1e+22,131072,power,hackernews,0.03395347512915535,b6_b8_lambda10,legacy,0.01165082237856243,2.9142556659030276,False
10.0,1e+22,131072,power,pubmed_abstracts,0.02753130451448375,b6_b8_lambda10,legacy,0.06618116611255062,0.41599908450786127,False
10.0,1e+22,131072,power,uspto_backgrounds,0.032519894152503906,b6_b8_lambda10,legacy,0.07556475309321728,0.4303579753961097,False
1000.0,1e+24,2048,power,arxiv,0.1483082384528388,b6_b8_lambda10,legacy,0.11302252583217468,1.3122007083177323,False
1000.0,1e+24,2048,power,freelaw,0.1419568268006302,b6_b8_lambda10,legacy,0.09682483215160405,1.4661200401397079,False
1000.0,1e+24,2048,power,nih_exporter,0.02932154384329557,b6_b8_lambda10,legacy,0.005889680217640528,4.978461098019021,False
1000.0,1e+24,2048,power,pubmed_central,0.16436391317317547,b6_b8_lambda10,legacy,0.11375419104995738,1.444904241822544,False
1000.0,1e+24,2048,power,wikipedia_en,0.049478895807186916,b6_b8_lambda10,legacy,0.07507775607969777,0.6590353573522265,False
1000.0,1e+24,2048,power,dm_mathematics,0.012722125498395027,b6_b8_lambda10,legacy,0.02546285409735114,0.49963470119080206,False
1000.0,1e+24,2048,power,github,0.058737829642598875,b6_b8_lambda10,legacy,0.11070066006999096,0.5306005366676372,False
1000.0,1e+24,2048,power,philpapers,0.013948905414225523,b6_b8_lambda10,legacy,0.005487697351757549,2.541850346349384,False
1000.0,1e+24,2048,power,stackexchange,0.17715523311502646,b6_b8_lambda10,legacy,0.09943242344369017,1.7816646419701485,False
1000.0,1e+24,2048,power,enron_emails,0.028378709603706913,b6_b8_lambda10,legacy,0.0022110330440804327,12.835045446147822,False
1000.0,1e+24,2048,power,gutenberg_pg_19,0.03562176745889755,b6_b8_lambda10,legacy,0.04691494424769629,0.759284019838662,False
1000.0,1e+24,2048,power,pile_cc,0.010315505223199725,b6_b8_lambda10,legacy,0.11948759779117796,0.0863311792511519,False
1000.0,1e+24,2048,power,ubuntu_irc,0.043156667896003774,b6_b8_lambda10,legacy,0.019599998284382344,2.201871003753701,False
1000.0,1e+24,2048,power,europarl,0.0010950419867300407,b6_b8_lambda10,legacy,0.012737064754468426,0.08597286799110268,False
1000.0,1e+24,2048,power,hackernews,0.03439632355420688,b6_b8_lambda10,legacy,0.01165082237856243,2.9522657231043437,False
1000.0,1e+24,2048,power,pubmed_abstracts,0.027576655960182297,b6_b8_lambda10,legacy,0.06618116611255062,0.4166843466203695,False
1000.0,1e+24,2048,power,uspto_backgrounds,0.023465816569699725,b6_b8_lambda10,legacy,0.07556475309321728,0.31053918141904213,False
1000.0,1e+24,4096,power,arxiv,0.15348321148724076,b6_b8_lambda10,legacy,0.11302252583217468,1.3579878024947478,False
1000.0,1e+24,4096,power,freelaw,0.13969327912025611,b6_b8_lambda10,legacy,0.09682483215160405,1.4427422802192988,False
1000.0,1e+24,4096,power,nih_exporter,0.029365904529015364,b6_b8_lambda10,legacy,0.005889680217640528,4.985993032535079,False
1000.0,1e+24,4096,power,pubmed_central,0.16449406344009912,b6_b8_lambda10,legacy,0.11375419104995738,1.4460483778383018,False
1000.0,1e+24,4096,power,wikipedia_en,0.0494518538302241,b6_b8_lambda10,legacy,0.07507775607969777,0.658675171081687,False
1000.0,1e+24,4096,power,dm_mathematics,0.013271749681598756,b6_b8_lambda10,legacy,0.02546285409735114,0.5212200341272581,False
1000.0,1e+24,4096,power,github,0.05530562033392608,b6_b8_lambda10,legacy,0.11070066006999096,0.4995961207363973,False
1000.0,1e+24,4096,power,philpapers,0.013920050793396366,b6_b8_lambda10,legacy,0.005487697351757549,2.536592290195847,False
1000.0,1e+24,4096,power,stackexchange,0.17697711662047455,b6_b8_lambda10,legacy,0.09943242344369017,1.7798733098434325,False
1000.0,1e+24,4096,power,enron_emails,0.028293623115017538,b6_b8_lambda10,legacy,0.0022110330440804327,12.796562760908369,False
1000.0,1e+24,4096,power,gutenberg_pg_19,0.03616138558312531,b6_b8_lambda10,legacy,0.04691494424769629,0.7707860717515609,False
1000.0,1e+24,4096,power,pile_cc,0.0055818106675279665,b6_b8_lambda10,legacy,0.11948759779117796,0.04671456093111016,False
1000.0,1e+24,4096,power,ubuntu_irc,0.04132145454734167,b6_b8_lambda10,legacy,0.019599998284382344,2.10823766144242,False
1000.0,1e+24,4096,power,europarl,0.0010108090703688278,b6_b8_lambda10,legacy,0.012737064754468426,0.07935965545077527,False
1000.0,1e+24,4096,power,hackernews,0.033526849644512254,b6_b8_lambda10,legacy,0.01165082237856243,2.877638037483244,False
1000.0,1e+24,4096,power,pubmed_abstracts,0.02491983288742173,b6_b8_lambda10,legacy,0.06618116611255062,0.3765396464160507,False
1000.0,1e+24,4096,power,uspto_backgrounds,0.03322138464845356,b6_b8_lambda10,legacy,0.07556475309321728,0.43964127835462385,False
1000.0,1e+24,8192,power,arxiv,0.14046600708449325,b6_b8_lambda10,legacy,0.11302252583217468,1.2428142624689609,True
1000.0,1e+24,8192,power,freelaw,0.1423351043507225,b6_b8_lambda10,legacy,0.09682483215160405,1.4700268638510054,True
1000.0,1e+24,8192,power,nih_exporter,0.029410988983226683,b6_b8_lambda10,legacy,0.005889680217640528,4.9936478546213925,True
1000.0,1e+24,8192,power,pubmed_central,0.16507198429061526,b6_b8_lambda10,legacy,0.11375419104995738,1.451128813514402,True
1000.0,1e+24,8192,power,wikipedia_en,0.04938840761477541,b6_b8_lambda10,legacy,0.07507775607969777,0.6578300976703115,True
1000.0,1e+24,8192,power,dm_mathematics,0.01204244770131608,b6_b8_lambda10,legacy,0.02546285409735114,0.47294178630858336,True
1000.0,1e+24,8192,power,github,0.061344976228198594,b6_b8_lambda10,legacy,0.11070066006999096,0.554151855909558,True
1000.0,1e+24,8192,power,philpapers,0.014044995574357629,b6_b8_lambda10,legacy,0.005487697351757549,2.559360451949747,True
1000.0,1e+24,8192,power,stackexchange,0.1786007418431718,b6_b8_lambda10,legacy,0.09943242344369017,1.7962022412570042,True
1000.0,1e+24,8192,power,enron_emails,0.028938165907649062,b6_b8_lambda10,legacy,0.0022110330440804327,13.088074818748098,True
1000.0,1e+24,8192,power,gutenberg_pg_19,0.03529070722832191,b6_b8_lambda10,legacy,0.04691494424769629,0.7522274148296536,True
1000.0,1e+24,8192,power,pile_cc,0.009576962584710354,b6_b8_lambda10,legacy,0.11948759779117796,0.08015026464459932,True
1000.0,1e+24,8192,power,ubuntu_irc,0.04301349655141017,b6_b8_lambda10,legacy,0.019599998284382344,2.194566342675864,True
1000.0,1e+24,8192,power,europarl,0.0011837264160135842,b6_b8_lambda10,legacy,0.012737064754468426,0.09293557337049012,True
1000.0,1e+24,8192,power,hackernews,0.03448550188905947,b6_b8_lambda10,legacy,0.01165082237856243,2.9599199754785515,True
1000.0,1e+24,8192,power,pubmed_abstracts,0.02767683629533666,b6_b8_lambda10,legacy,0.06618116611255062,0.4181980753900318,True
1000.0,1e+24,8192,power,uspto_backgrounds,0.027128949456621684,b6_b8_lambda10,legacy,0.07556475309321728,0.3590159213933406,True
1000.0,1e+24,32768,power,arxiv,0.13965110295063018,b6_b8_lambda10,legacy,0.11302252583217468,1.2356041587496978,False
1000.0,1e+24,32768,power,freelaw,0.14303194045067444,b6_b8_lambda10,legacy,0.09682483215160405,1.47722373767425,False
1000.0,1e+24,32768,power,nih_exporter,0.029339009674687777,b6_b8_lambda10,legacy,0.005889680217640528,4.98142659542241,False
1000.0,1e+24,32768,power,pubmed_central,0.1657210936618257,b6_b8_lambda10,legacy,0.11375419104995738,1.4568350592818688,False
1000.0,1e+24,32768,power,wikipedia_en,0.049811469145786644,b6_b8_lambda10,legacy,0.07507775607969777,0.6634650760327727,False
1000.0,1e+24,32768,power,dm_mathematics,0.012534591505573501,b6_b8_lambda10,legacy,0.02546285409735114,0.49226969834765905,False
1000.0,1e+24,32768,power,github,0.062233567780854364,b6_b8_lambda10,legacy,0.11070066006999096,0.5621788320097362,False
1000.0,1e+24,32768,power,philpapers,0.01393827647855251,b6_b8_lambda10,legacy,0.005487697351757549,2.5399134801208536,False
1000.0,1e+24,32768,power,stackexchange,0.1790240957201344,b6_b8_lambda10,legacy,0.09943242344369017,1.8004599457592219,False
1000.0,1e+24,32768,power,enron_emails,0.028245062231826594,b6_b8_lambda10,legacy,0.0022110330440804327,12.774599776989628,False
1000.0,1e+24,32768,power,gutenberg_pg_19,0.035605569132216214,b6_b8_lambda10,legacy,0.04691494424769629,0.7589387497559392,False
1000.0,1e+24,32768,power,pile_cc,0.01009707857427138,b6_b8_lambda10,legacy,0.11948759779117796,0.08450315146445157,False
1000.0,1e+24,32768,power,ubuntu_irc,0.0433024664501886,b6_b8_lambda10,legacy,0.019599998284382344,2.2093097061489457,False
1000.0,1e+24,32768,power,europarl,0.0010938057651243259,b6_b8_lambda10,legacy,0.012737064754468426,0.08587581096661977,False
1000.0,1e+24,32768,power,hackernews,0.03449138960289894,b6_b8_lambda10,legacy,0.01165082237856243,2.9604253229680397,False
1000.0,1e+24,32768,power,pubmed_abstracts,0.02792371755321996,b6_b8_lambda10,legacy,0.06618116611255062,0.4219284608211897,False
1000.0,1e+24,32768,power,uspto_backgrounds,0.023955763321534523,b6_b8_lambda10,legacy,0.07556475309321728,0.31702298149485786,False
1000.0,1e+24,131072,power,arxiv,0.14143484961500963,b6_b8_lambda10,legacy,0.11302252583217468,1.2513863813751955,False
1000.0,1e+24,131072,power,freelaw,0.14261406319972025,b6_b8_lambda10,legacy,0.09682483215160405,1.4729079310607165,False
1000.0,1e+24,131072,power,nih_exporter,0.029499082739445428,b6_b8_lambda10,legacy,0.005889680217640528,5.00860516180335,False
1000.0,1e+24,131072,power,pubmed_central,0.16554001507738725,b6_b8_lambda10,legacy,0.11375419104995738,1.4552432182888726,False
1000.0,1e+24,131072,power,wikipedia_en,0.049965574606024875,b6_b8_lambda10,legacy,0.07507775607969777,0.6655176874623769,False
1000.0,1e+24,131072,power,dm_mathematics,0.012612442384761578,b6_b8_lambda10,legacy,0.02546285409735114,0.4953271277658395,False
1000.0,1e+24,131072,power,github,0.061538734955815556,b6_b8_lambda10,legacy,0.11070066006999096,0.5559021501489461,False
1000.0,1e+24,131072,power,philpapers,0.013972196983442306,b6_b8_lambda10,legacy,0.005487697351757549,2.546094671013047,False
1000.0,1e+24,131072,power,stackexchange,0.17872871618778896,b6_b8_lambda10,legacy,0.09943242344369017,1.7974892896883405,False
1000.0,1e+24,131072,power,enron_emails,0.02827287151404006,b6_b8_lambda10,legacy,0.0022110330440804327,12.787177283367436,False
1000.0,1e+24,131072,power,gutenberg_pg_19,0.03554976609980629,b6_b8_lambda10,legacy,0.04691494424769629,0.7577492986480939,False
1000.0,1e+24,131072,power,pile_cc,0.01010284010841853,b6_b8_lambda10,legacy,0.11948759779117796,0.08455137014365892,False
1000.0,1e+24,131072,power,ubuntu_irc,0.04319565065016444,b6_b8_lambda10,legacy,0.019599998284382344,2.2038599199563995,False
1000.0,1e+24,131072,power,europarl,0.0011838307097588971,b6_b8_lambda10,legacy,0.012737064754468426,0.09294376157925906,False
1000.0,1e+24,131072,power,hackernews,0.03457237614661326,b6_b8_lambda10,legacy,0.01165082237856243,2.9673764669373552,False
1000.0,1e+24,131072,power,pubmed_abstracts,0.027926123397231658,b6_b8_lambda10,legacy,0.06618116611255062,0.42196481321799706,False
1000.0,1e+24,131072,power,uspto_backgrounds,0.023290865624570875,b6_b8_lambda10,legacy,0.07556475309321728,0.3082239360438203,False
10000.0,1e+25,2048,power,arxiv,0.1387750616994383,b6_b8_lambda10,legacy,0.11302252583217468,1.2278531264245778,False
10000.0,1e+25,2048,power,freelaw,0.1430331029441718,b6_b8_lambda10,legacy,0.09682483215160405,1.477235743824651,False
10000.0,1e+25,2048,power,nih_exporter,0.02932945516668352,b6_b8_lambda10,legacy,0.005889680217640528,4.979804349790866,False
10000.0,1e+25,2048,power,pubmed_central,0.16565776543405777,b6_b8_lambda10,legacy,0.11375419104995738,1.4562783481208699,False
10000.0,1e+25,2048,power,wikipedia_en,0.05002546165332983,b6_b8_lambda10,legacy,0.07507775607969777,0.666315354447008,False
10000.0,1e+25,2048,power,dm_mathematics,0.012522508427829832,b6_b8_lambda10,legacy,0.02546285409735114,0.4917951609019559,False
10000.0,1e+25,2048,power,github,0.062378893389848665,b6_b8_lambda10,legacy,0.11070066006999096,0.5634916119778269,False
10000.0,1e+25,2048,power,philpapers,0.0140319318959293,b6_b8_lambda10,legacy,0.005487697351757549,2.5569799127926185,False
10000.0,1e+25,2048,power,stackexchange,0.17903691565771565,b6_b8_lambda10,legacy,0.09943242344369017,1.8005888769180658,False
10000.0,1e+25,2048,power,enron_emails,0.028295531531019054,b6_b8_lambda10,legacy,0.0022110330440804327,12.797425894097005,False
10000.0,1e+25,2048,power,gutenberg_pg_19,0.03589577773937781,b6_b8_lambda10,legacy,0.04691494424769629,0.7651245954777073,False
10000.0,1e+25,2048,power,pile_cc,0.010283602242965088,b6_b8_lambda10,legacy,0.11948759779117796,0.08606418099506181,False
10000.0,1e+25,2048,power,ubuntu_irc,0.043170646982706964,b6_b8_lambda10,legacy,0.019599998284382344,2.2025842225254766,False
10000.0,1e+25,2048,power,europarl,0.0011160505482123084,b6_b8_lambda10,legacy,0.012737064754468426,0.08762227167140488,False
10000.0,1e+25,2048,power,hackernews,0.03456610969306517,b6_b8_lambda10,legacy,0.01165082237856243,2.9668386118963572,False
10000.0,1e+25,2048,power,pubmed_abstracts,0.027941383213094213,b6_b8_lambda10,legacy,0.06618116611255062,0.42219538963057646,False
10000.0,1e+25,2048,power,uspto_backgrounds,0.0239398017805547,b6_b8_lambda10,legacy,0.07556475309321728,0.31681175151889096,False
10000.0,1e+25,4096,power,arxiv,0.13980212044304247,b6_b8_lambda10,legacy,0.11302252583217468,1.236940330378321,False
10000.0,1e+25,4096,power,freelaw,0.14290587685527278,b6_b8_lambda10,legacy,0.09682483215160405,1.4759217618009095,False
10000.0,1e+25,4096,power,nih_exporter,0.029346751245102644,b6_b8_lambda10,legacy,0.005889680217640528,4.98274102509071,False
10000.0,1e+25,4096,power,pubmed_central,0.16557249776076105,b6_b8_lambda10,legacy,0.11375419104995738,1.455528769819537,False
10000.0,1e+25,4096,power,wikipedia_en,0.05002814979765042,b6_b8_lambda10,legacy,0.07507775607969777,0.6663511592507335,False
10000.0,1e+25,4096,power,dm_mathematics,0.012600635234849694,b6_b8_lambda10,legacy,0.02546285409735114,0.4948634268049518,False
10000.0,1e+25,4096,power,github,0.06200694691022071,b6_b8_lambda10,legacy,0.11070066006999096,0.5601316818799144,False
10000.0,1e+25,4096,power,philpapers,0.014038325090084916,b6_b8_lambda10,legacy,0.005487697351757549,2.5581449176654854,False
10000.0,1e+25,4096,power,stackexchange,0.17893840819346168,b6_b8_lambda10,legacy,0.09943242344369017,1.7995981793081484,False
10000.0,1e+25,4096,power,enron_emails,0.028321117023480488,b6_b8_lambda10,legacy,0.0022110330440804327,12.808997630905703,False
10000.0,1e+25,4096,power,gutenberg_pg_19,0.03574942619665605,b6_b8_lambda10,legacy,0.04691494424769629,0.7620050875028269,False
10000.0,1e+25,4096,power,pile_cc,0.009986046953497845,b6_b8_lambda10,legacy,0.11948759779117796,0.08357392012307355,False
10000.0,1e+25,4096,power,ubuntu_irc,0.04317424975961618,b6_b8_lambda10,legacy,0.019599998284382344,2.202768037689996,False
10000.0,1e+25,4096,power,europarl,0.001113714425416747,b6_b8_lambda10,legacy,0.012737064754468426,0.08743886027791709,False
10000.0,1e+25,4096,power,hackernews,0.03444640671218185,b6_b8_lambda10,legacy,0.01165082237856243,2.956564403175814,False
10000.0,1e+25,4096,power,pubmed_abstracts,0.028232280083243185,b6_b8_lambda10,legacy,0.06618116611255062,0.4265908526789951,False
10000.0,1e+25,4096,power,uspto_backgrounds,0.023737047315461238,b6_b8_lambda10,legacy,0.07556475309321728,0.31412856316990845,False
10000.0,1e+25,8192,power,arxiv,0.14077811459359954,b6_b8_lambda10,legacy,0.11302252583217468,1.2455757253438018,True
10000.0,1e+25,8192,power,freelaw,0.14275091698584225,b6_b8_lambda10,legacy,0.09682483215160405,1.474321347258616,True
10000.0,1e+25,8192,power,nih_exporter,0.02928371545308808,b6_b8_lambda10,legacy,0.005889680217640528,4.972038272193234,True
10000.0,1e+25,8192,power,pubmed_central,0.16541928008645027,b6_b8_lambda10,legacy,0.11375419104995738,1.4541818508805813,True
10000.0,1e+25,8192,power,wikipedia_en,0.04989331867187927,b6_b8_lambda10,legacy,0.07507775607969777,0.6645552727883303,True
10000.0,1e+25,8192,power,dm_mathematics,0.012672286675455217,b6_b8_lambda10,legacy,0.02546285409735114,0.49767738632149233,True
10000.0,1e+25,8192,power,github,0.06152097763721834,b6_b8_lambda10,legacy,0.11070066006999096,0.5557417417233234,True
10000.0,1e+25,8192,power,philpapers,0.01402938471317542,b6_b8_lambda10,legacy,0.005487697351757549,2.556515750396151,True
10000.0,1e+25,8192,power,stackexchange,0.17914847838671744,b6_b8_lambda10,legacy,0.09943242344369017,1.8017108723913529,True
10000.0,1e+25,8192,power,enron_emails,0.0281641805237431,b6_b8_lambda10,legacy,0.0022110330440804327,12.738018818464365,True
10000.0,1e+25,8192,power,gutenberg_pg_19,0.035925788590776594,b6_b8_lambda10,legacy,0.04691494424769629,0.7657642818693255,True
10000.0,1e+25,8192,power,pile_cc,0.010076981292347645,b6_b8_lambda10,legacy,0.11948759779117796,0.08433495591700356,True
10000.0,1e+25,8192,power,ubuntu_irc,0.043228711170114585,b6_b8_lambda10,legacy,0.019599998284382344,2.2055466813259903,True
10000.0,1e+25,8192,power,europarl,0.0011371242809950653,b6_b8_lambda10,legacy,0.012737064754468426,0.08927679201726116,True
10000.0,1e+25,8192,power,hackernews,0.03431390746601101,b6_b8_lambda10,legacy,0.01165082237856243,2.9451918801155847,True
10000.0,1e+25,8192,power,pubmed_abstracts,0.02851716059003416,b6_b8_lambda10,legacy,0.06618116611255062,0.43089540824252953,True
10000.0,1e+25,8192,power,uspto_backgrounds,0.02313967288255205,b6_b8_lambda10,legacy,0.07556475309321728,0.3062230992008505,True
10000.0,1e+25,32768,power,arxiv,0.13796091120327272,b6_b8_lambda10,legacy,0.11302252583217468,1.22064969073624,False
10000.0,1e+25,32768,power,freelaw,0.14312086060006507,b6_b8_lambda10,legacy,0.09682483215160405,1.478142098671266,False
10000.0,1e+25,32768,power,nih_exporter,0.029382114673623512,b6_b8_lambda10,legacy,0.005889680217640528,4.988745328756459,False
10000.0,1e+25,32768,power,pubmed_central,0.16578822016898317,b6_b8_lambda10,legacy,0.11375419104995738,1.4574251606797857,False
10000.0,1e+25,32768,power,wikipedia_en,0.04997278418391259,b6_b8_lambda10,legacy,0.07507775607969777,0.6656137156105819,False
10000.0,1e+25,32768,power,dm_mathematics,0.012565865956606057,b6_b8_lambda10,legacy,0.02546285409735114,0.49349793658493546,False
10000.0,1e+25,32768,power,github,0.06260859190140167,b6_b8_lambda10,legacy,0.11070066006999096,0.5655665635761984,False
10000.0,1e+25,32768,power,philpapers,0.014016042207931897,b6_b8_lambda10,legacy,0.005487697351757549,2.5540844018015987,False
10000.0,1e+25,32768,power,stackexchange,0.1791852801951104,b6_b8_lambda10,legacy,0.09943242344369017,1.802080991182773,False
10000.0,1e+25,32768,power,enron_emails,0.028300997165370618,b6_b8_lambda10,legacy,0.0022110330440804327,12.799897876307401,False
10000.0,1e+25,32768,power,gutenberg_pg_19,0.03566523653889783,b6_b8_lambda10,legacy,0.04691494424769629,0.7602105706573261,False
10000.0,1e+25,32768,power,pile_cc,0.01013632157962617,b6_b8_lambda10,legacy,0.11948759779117796,0.08483157890027108,False
10000.0,1e+25,32768,power,ubuntu_irc,0.0432336873908817,b6_b8_lambda10,legacy,0.019599998284382344,2.2058005701628627,False
10000.0,1e+25,32768,power,europarl,0.0010105536431766111,b6_b8_lambda10,legacy,0.012737064754468426,0.07933960160028926,False
10000.0,1e+25,32768,power,hackernews,0.034585110148124924,b6_b8_lambda10,legacy,0.01165082237856243,2.968469437124172,False
10000.0,1e+25,32768,power,pubmed_abstracts,0.02790013066943547,b6_b8_lambda10,legacy,0.06618116611255062,0.4215720620876833,False
10000.0,1e+25,32768,power,uspto_backgrounds,0.02456729177357957,b6_b8_lambda10,legacy,0.07556475309321728,0.3251157552685068,False
10000.0,1e+25,131072,power,arxiv,0.1405493856931738,b6_b8_lambda10,legacy,0.11302252583217468,1.2435519792034493,False
10000.0,1e+25,131072,power,freelaw,0.14275398593066962,b6_b8_lambda10,legacy,0.09682483215160405,1.4743530431031548,False
10000.0,1e+25,131072,power,nih_exporter,0.029482230528546066,b6_b8_lambda10,legacy,0.005889680217640528,5.005743850106174,False
10000.0,1e+25,131072,power,pubmed_central,0.16563698503443763,b6_b8_lambda10,legacy,0.11375419104995738,1.4560956700197087,False
10000.0,1e+25,131072,power,wikipedia_en,0.05006159885021209,b6_b8_lambda10,legacy,0.07507775607969777,0.6667966847207031,False
10000.0,1e+25,131072,power,dm_mathematics,0.012681668236162156,b6_b8_lambda10,legacy,0.02546285409735114,0.49804582737177955,False
10000.0,1e+25,131072,power,github,0.06181947374125862,b6_b8_lambda10,legacy,0.11070066006999096,0.5584381674162827,False
10000.0,1e+25,131072,power,philpapers,0.014071497928157924,b6_b8_lambda10,legacy,0.005487697351757549,2.5641898643793164,False
10000.0,1e+25,131072,power,stackexchange,0.17878302186533218,b6_b8_lambda10,legacy,0.09943242344369017,1.7980354463207793,False
10000.0,1e+25,131072,power,enron_emails,0.028153693076766934,b6_b8_lambda10,legacy,0.0022110330440804327,12.733275584524806,False
10000.0,1e+25,131072,power,gutenberg_pg_19,0.03553016156007971,b6_b8_lambda10,legacy,0.04691494424769629,0.7573314245561399,False
10000.0,1e+25,131072,power,pile_cc,0.009935335091324087,b6_b8_lambda10,legacy,0.11948759779117796,0.0831495090284394,False
10000.0,1e+25,131072,power,ubuntu_irc,0.0430943863267401,b6_b8_lambda10,legacy,0.019599998284382344,2.198693372390677,False
10000.0,1e+25,131072,power,europarl,0.0011025399652455925,b6_b8_lambda10,legacy,0.012737064754468426,0.08656154196427387,False
10000.0,1e+25,131072,power,hackernews,0.03450878118431008,b6_b8_lambda10,legacy,0.01165082237856243,2.961918057201388,False
10000.0,1e+25,131072,power,pubmed_abstracts,0.02829910123575229,b6_b8_lambda10,legacy,0.06618116611255062,0.42760052289839656,False
10000.0,1e+25,131072,power,uspto_backgrounds,0.0235361537518311,b6_b8_lambda10,legacy,0.07556475309321728,0.31147000140127123,False
100000.0,1e+26,2048,power,arxiv,0.14030356747639527,b6_b8_lambda10,legacy,0.11302252583217468,1.2413770303163263,False
100000.0,1e+26,2048,power,freelaw,0.1429028251295338,b6_b8_lambda10,legacy,0.09682483215160405,1.4758902437938946,False
100000.0,1e+26,2048,power,nih_exporter,0.02938084611887245,b6_b8_lambda10,legacy,0.005889680217640528,4.988529942741567,False
100000.0,1e+26,2048,power,pubmed_central,0.16553322479602173,b6_b8_lambda10,legacy,0.11375419104995738,1.4551835257069745,False
100000.0,1e+26,2048,power,wikipedia_en,0.04997314608174556,b6_b8_lambda10,legacy,0.07507775607969777,0.6656185359175791,False
100000.0,1e+26,2048,power,dm_mathematics,0.012398406594189428,b6_b8_lambda10,legacy,0.02546285409735114,0.4869213225975015,False
100000.0,1e+26,2048,power,github,0.06180790075644757,b6_b8_lambda10,legacy,0.11070066006999096,0.5583336243647442,False
100000.0,1e+26,2048,power,philpapers,0.014035981058374898,b6_b8_lambda10,legacy,0.005487697351757549,2.5577177746290225,False
100000.0,1e+26,2048,power,stackexchange,0.1789218833415183,b6_b8_lambda10,legacy,0.09943242344369017,1.799431987523104,False
100000.0,1e+26,2048,power,enron_emails,0.02830853385705086,b6_b8_lambda10,legacy,0.0022110330440804327,12.803306550682676,False
100000.0,1e+26,2048,power,gutenberg_pg_19,0.03568366621256159,b6_b8_lambda10,legacy,0.04691494424769629,0.7606034022797288,False
100000.0,1e+26,2048,power,pile_cc,0.010126648941428222,b6_b8_lambda10,legacy,0.11948759779117796,0.0847506279197781,False
100000.0,1e+26,2048,power,ubuntu_irc,0.04322667004664091,b6_b8_lambda10,legacy,0.019599998284382344,2.2054425423641364,False
100000.0,1e+26,2048,power,europarl,0.0011375734261272728,b6_b8_lambda10,legacy,0.012737064754468426,0.08931205486163431,False
100000.0,1e+26,2048,power,hackernews,0.034506699399254964,b6_b8_lambda10,legacy,0.01165082237856243,2.9617393758184365,False
100000.0,1e+26,2048,power,pubmed_abstracts,0.02809909902584222,b6_b8_lambda10,legacy,0.06618116611255062,0.4245784817096702,False
100000.0,1e+26,2048,power,uspto_backgrounds,0.02365332773799494,b6_b8_lambda10,legacy,0.07556475309321728,0.31302064480798353,False
100000.0,1e+26,4096,power,arxiv,0.1402666406483315,b6_b8_lambda10,legacy,0.11302252583217468,1.241050309357014,False
100000.0,1e+26,4096,power,freelaw,0.14288010454567995,b6_b8_lambda10,legacy,0.09682483215160405,1.4756555872151123,False
100000.0,1e+26,4096,power,nih_exporter,0.02938654610193085,b6_b8_lambda10,legacy,0.005889680217640528,4.989497734344468,False
100000.0,1e+26,4096,power,pubmed_central,0.16550814706310654,b6_b8_lambda10,legacy,0.11375419104995738,1.454963070243455,False
100000.0,1e+26,4096,power,wikipedia_en,0.04991549441181642,b6_b8_lambda10,legacy,0.07507775607969777,0.6648506430963295,False
100000.0,1e+26,4096,power,dm_mathematics,0.012567778360597567,b6_b8_lambda10,legacy,0.02546285409735114,0.49357304222643966,False
100000.0,1e+26,4096,power,github,0.06176562561095281,b6_b8_lambda10,legacy,0.11070066006999096,0.5579517373419565,False
100000.0,1e+26,4096,power,philpapers,0.013984586665371494,b6_b8_lambda10,legacy,0.005487697351757549,2.548352390623845,False
100000.0,1e+26,4096,power,stackexchange,0.17890114457174736,b6_b8_lambda10,legacy,0.09943242344369017,1.7992234160224538,False
100000.0,1e+26,4096,power,enron_emails,0.02828308717794337,b6_b8_lambda10,legacy,0.0022110330440804327,12.791797595999425,False
100000.0,1e+26,4096,power,gutenberg_pg_19,0.035614542091052054,b6_b8_lambda10,legacy,0.04691494424769629,0.7591300098965986,False
100000.0,1e+26,4096,power,pile_cc,0.010168119638753588,b6_b8_lambda10,legacy,0.11948759779117796,0.08509769906433187,False
100000.0,1e+26,4096,power,ubuntu_irc,0.04322467891740507,b6_b8_lambda10,legacy,0.019599998284382344,2.2053409541289257,False
100000.0,1e+26,4096,power,europarl,0.0010077387101428564,b6_b8_lambda10,legacy,0.012737064754468426,0.07911859832457245,False
100000.0,1e+26,4096,power,hackernews,0.034503503097622706,b6_b8_lambda10,legacy,0.01165082237856243,2.961465034529178,False
100000.0,1e+26,4096,power,pubmed_abstracts,0.027953492577799294,b6_b8_lambda10,legacy,0.06618116611255062,0.4223783626033477,False
100000.0,1e+26,4096,power,uspto_backgrounds,0.024068769809746454,b6_b8_lambda10,legacy,0.07556475309321728,0.31851847355413215,False
100000.0,1e+26,8192,power,arxiv,0.14026649546149267,b6_b8_lambda10,legacy,0.11302252583217468,1.241049024773806,False
100000.0,1e+26,8192,power,freelaw,0.14288053980943394,b6_b8_lambda10,legacy,0.09682483215160405,1.4756600825882962,False
100000.0,1e+26,8192,power,nih_exporter,0.029386608216464098,b6_b8_lambda10,legacy,0.005889680217640528,4.9895082806782165,False
100000.0,1e+26,8192,power,pubmed_central,0.1655074183349203,b6_b8_lambda10,legacy,0.11375419104995738,1.454956664077849,False
100000.0,1e+26,8192,power,wikipedia_en,0.04991667938305774,b6_b8_lambda10,legacy,0.07507775607969777,0.6648664263496283,False
100000.0,1e+26,8192,power,dm_mathematics,0.012568747742947108,b6_b8_lambda10,legacy,0.02546285409735114,0.49361111267784447,False
100000.0,1e+26,8192,power,github,0.061766096291838914,b6_b8_lambda10,legacy,0.11070066006999096,0.5579559891764605,False
100000.0,1e+26,8192,power,philpapers,0.013986334546923763,b6_b8_lambda10,legacy,0.005487697351757549,2.5486708997252463,False
100000.0,1e+26,8192,power,stackexchange,0.17890081191258664,b6_b8_lambda10,legacy,0.09943242344369017,1.799220070442117,False
100000.0,1e+26,8192,power,enron_emails,0.028282396524027944,b6_b8_lambda10,legacy,0.0022110330440804327,12.791485228928623,False
100000.0,1e+26,8192,power,gutenberg_pg_19,0.03561531708429463,b6_b8_lambda10,legacy,0.04691494424769629,0.7591465290091117,False
100000.0,1e+26,8192,power,pile_cc,0.010167572865177537,b6_b8_lambda10,legacy,0.11948759779117796,0.08509312307832029,False
100000.0,1e+26,8192,power,ubuntu_irc,0.043223878262556525,b6_b8_lambda10,legacy,0.019599998284382344,2.2053001043881797,False
100000.0,1e+26,8192,power,europarl,0.001007738176957594,b6_b8_lambda10,legacy,0.012737064754468426,0.07911855646365137,False
100000.0,1e+26,8192,power,hackernews,0.03450395870110616,b6_b8_lambda10,legacy,0.01165082237856243,2.961504139363897,False
100000.0,1e+26,8192,power,pubmed_abstracts,0.02795222627933299,b6_b8_lambda10,legacy,0.06618116611255062,0.4223592287841559,False
100000.0,1e+26,8192,power,uspto_backgrounds,0.02406718040688174,b6_b8_lambda10,legacy,0.07556475309321728,0.31849743990021745,False
100000.0,1e+26,32768,power,arxiv,0.14026617186614546,b6_b8_lambda10,legacy,0.11302252583217468,1.2410461616689086,True
100000.0,1e+26,32768,power,freelaw,0.14288000435173961,b6_b8_lambda10,legacy,0.09682483215160405,1.4756545524192017,True
100000.0,1e+26,32768,power,nih_exporter,0.029387662179863144,b6_b8_lambda10,legacy,0.005889680217640528,4.9896872315482295,True
100000.0,1e+26,32768,power,pubmed_central,0.16550802682283744,b6_b8_lambda10,legacy,0.11375419104995738,1.4549620132250896,True
100000.0,1e+26,32768,power,wikipedia_en,0.04991459250843499,b6_b8_lambda10,legacy,0.07507775607969777,0.6648386301722821,True
100000.0,1e+26,32768,power,dm_mathematics,0.012572033677414884,b6_b8_lambda10,legacy,0.02546285409735114,0.4937401608377724,True
100000.0,1e+26,32768,power,github,0.061765012173023,b6_b8_lambda10,legacy,0.11070066006999096,0.5579461959302845,True
100000.0,1e+26,32768,power,philpapers,0.013982921753599682,b6_b8_lambda10,legacy,0.005487697351757549,2.548049000756458,True
100000.0,1e+26,32768,power,stackexchange,0.17890100468314096,b6_b8_lambda10,legacy,0.09943242344369017,1.7992220091513191,True
100000.0,1e+26,32768,power,enron_emails,0.028282178564285426,b6_b8_lambda10,legacy,0.0022110330440804327,12.791386650690228,True
100000.0,1e+26,32768,power,gutenberg_pg_19,0.03561037606557626,b6_b8_lambda10,legacy,0.04691494424769629,0.7590412103564392,True
100000.0,1e+26,32768,power,pile_cc,0.010167750880510848,b6_b8_lambda10,legacy,0.11948759779117796,0.08509461290100148,True
100000.0,1e+26,32768,power,ubuntu_irc,0.0432244374105879,b6_b8_lambda10,legacy,0.019599998284382344,2.205328632351461,True
100000.0,1e+26,32768,power,europarl,0.0010077387933881677,b6_b8_lambda10,legacy,0.012737064754468426,0.0791186048602471,True
100000.0,1e+26,32768,power,hackernews,0.03450567921865037,b6_b8_lambda10,legacy,0.01165082237856243,2.961651812848936,True
100000.0,1e+26,32768,power,pubmed_abstracts,0.027955391090278173,b6_b8_lambda10,legacy,0.06618116611255062,0.42240704920091615,True
100000.0,1e+26,32768,power,uspto_backgrounds,0.02406901796052366,b6_b8_lambda10,legacy,0.07556475309321728,0.31852175750289197,True
100000.0,1e+26,131072,power,arxiv,0.14041594975240207,b6_b8_lambda10,legacy,0.11302252583217468,1.2423713655179096,False
100000.0,1e+26,131072,power,freelaw,0.14294249236392972,b6_b8_lambda10,legacy,0.09682483215160405,1.4762999241776809,False
100000.0,1e+26,131072,power,nih_exporter,0.02941524673420501,b6_b8_lambda10,legacy,0.005889680217640528,4.994370771795329,False
100000.0,1e+26,131072,power,pubmed_central,0.1655453450380113,b6_b8_lambda10,legacy,0.11375419104995738,1.455290073359221,False
100000.0,1e+26,131072,power,wikipedia_en,0.04993541267466556,b6_b8_lambda10,legacy,0.07507775607969777,0.6651159448832927,False
100000.0,1e+26,131072,power,dm_mathematics,0.012456279596366585,b6_b8_lambda10,legacy,0.02546285409735114,0.48919416294587303,False
100000.0,1e+26,131072,power,github,0.061697443917528884,b6_b8_lambda10,legacy,0.11070066006999096,0.5573358268913701,False
100000.0,1e+26,131072,power,philpapers,0.014020154128596023,b6_b8_lambda10,legacy,0.005487697351757549,2.554833699804122,False
100000.0,1e+26,131072,power,stackexchange,0.1789318940862648,b6_b8_lambda10,legacy,0.09943242344369017,1.799532666400273,False
100000.0,1e+26,131072,power,enron_emails,0.028266911070188177,b6_b8_lambda10,legacy,0.0022110330440804327,12.784481510064618,False
100000.0,1e+26,131072,power,gutenberg_pg_19,0.03556182734844274,b6_b8_lambda10,legacy,0.04691494424769629,0.7580063862100607,False
100000.0,1e+26,131072,power,pile_cc,0.010204875150925167,b6_b8_lambda10,legacy,0.11948759779117796,0.0854053084970348,False
100000.0,1e+26,131072,power,ubuntu_irc,0.04328360959711376,b6_b8_lambda10,legacy,0.019599998284382344,2.20834762172418,False
100000.0,1e+26,131072,power,europarl,0.0011264583208206796,b6_b8_lambda10,legacy,0.012737064754468426,0.08843939655920291,False
100000.0,1e+26,131072,power,hackernews,0.03454439155517588,b6_b8_lambda10,legacy,0.01165082237856243,2.9649745256384414,False
100000.0,1e+26,131072,power,pubmed_abstracts,0.027963700546164944,b6_b8_lambda10,legacy,0.06618116611255062,0.4225326054033052,False
100000.0,1e+26,131072,power,uspto_backgrounds,0.0236880081191989,b6_b8_lambda10,legacy,0.07556475309321728,0.3134795939844756,False
1000000.0,1e+27,2048,power,arxiv,0.14028264497922346,b6_b8_lambda10,legacy,0.11302252583217468,1.2411919123761832,False
1000000.0,1e+27,2048,power,freelaw,0.14290539505090766,b6_b8_lambda10,legacy,0.09682483215160405,1.475916785759594,False
1000000.0,1e+27,2048,power,nih_exporter,0.029391582565536593,b6_b8_lambda10,legacy,0.005889680217640528,4.990352867971359,False
1000000.0,1e+27,2048,power,pubmed_central,0.16552851325772178,b6_b8_lambda10,legacy,0.11375419104995738,1.4551421071160946,False
1000000.0,1e+27,2048,power,wikipedia_en,0.04994513384868754,b6_b8_lambda10,legacy,0.07507775607969777,0.6652454262973572,False
1000000.0,1e+27,2048,power,dm_mathematics,0.012569120417615699,b6_b8_lambda10,legacy,0.02546285409735114,0.49362574869104103,False
1000000.0,1e+27,2048,power,github,0.06179575185173681,b6_b8_lambda10,legacy,0.11070066006999096,0.5582238788157738,False
1000000.0,1e+27,2048,power,philpapers,0.01399017216293241,b6_b8_lambda10,legacy,0.005487697351757549,2.549370212344485,False
1000000.0,1e+27,2048,power,stackexchange,0.17892173431155842,b6_b8_lambda10,legacy,0.09943242344369017,1.799430488716631,False
1000000.0,1e+27,2048,power,enron_emails,0.02829542558685138,b6_b8_lambda10,legacy,0.0022110330440804327,12.797377977957552,False
1000000.0,1e+27,2048,power,gutenberg_pg_19,0.03556557700244462,b6_b8_lambda10,legacy,0.04691494424769629,0.7580863107215785,False
1000000.0,1e+27,2048,power,pile_cc,0.010162226528471048,b6_b8_lambda10,legacy,0.11948759779117796,0.08504837921531425,False
1000000.0,1e+27,2048,power,ubuntu_irc,0.04329896050276416,b6_b8_lambda10,legacy,0.019599998284382344,2.209130831264695,False
1000000.0,1e+27,2048,power,europarl,0.001132123583210617,b6_b8_lambda10,legacy,0.012737064754468426,0.08888418211216557,False
1000000.0,1e+27,2048,power,hackernews,0.03453635941594941,b6_b8_lambda10,legacy,0.01165082237856243,2.9642851202930087,False
1000000.0,1e+27,2048,power,pubmed_abstracts,0.02795401212065001,b6_b8_lambda10,legacy,0.06618116611255062,0.42238621291607614,False
1000000.0,1e+27,2048,power,uspto_backgrounds,0.023725266813738335,b6_b8_lambda10,legacy,0.07556475309321728,0.31397266374271954,False
1000000.0,1e+27,4096,power,arxiv,0.1402475110563544,b6_b8_lambda10,legacy,0.11302252583217468,1.2408810546722844,False
1000000.0,1e+27,4096,power,freelaw,0.14288881735367448,b6_b8_lambda10,legacy,0.09682483215160405,1.4757455724781994,False
1000000.0,1e+27,4096,power,nih_exporter,0.029409671733969835,b6_b8_lambda10,legacy,0.005889680217640528,4.993424200839155,False
1000000.0,1e+27,4096,power,pubmed_central,0.1655265718181638,b6_b8_lambda10,legacy,0.11375419104995738,1.4551250401444071,False
1000000.0,1e+27,4096,power,wikipedia_en,0.049897368566523305,b6_b8_lambda10,legacy,0.07507775607969777,0.664609215458643,False
1000000.0,1e+27,4096,power,dm_mathematics,0.012504616774937298,b6_b8_lambda10,legacy,0.02546285409735114,0.4910925038932746,False
1000000.0,1e+27,4096,power,github,0.0617285442164828,b6_b8_lambda10,legacy,0.11070066006999096,0.5576167673928472,False
1000000.0,1e+27,4096,power,philpapers,0.014065706223499272,b6_b8_lambda10,legacy,0.005487697351757549,2.563134466406832,False
1000000.0,1e+27,4096,power,stackexchange,0.1789107304701564,b6_b8_lambda10,legacy,0.09943242344369017,1.7993198221853235,False
1000000.0,1e+27,4096,power,enron_emails,0.028297628037594533,b6_b8_lambda10,legacy,0.0022110330440804327,12.798374096377877,False
1000000.0,1e+27,4096,power,gutenberg_pg_19,0.035621368584835354,b6_b8_lambda10,legacy,0.04691494424769629,0.7592755177703213,False
1000000.0,1e+27,4096,power,pile_cc,0.010174596270035141,b6_b8_lambda10,legacy,0.11948759779117796,0.08515190244109465,False
1000000.0,1e+27,4096,power,ubuntu_irc,0.04328080869026844,b6_b8_lambda10,legacy,0.019599998284382344,2.2082047183011957,False
1000000.0,1e+27,4096,power,europarl,0.001098886213856747,b6_b8_lambda10,legacy,0.012737064754468426,0.0862746822003268,False
1000000.0,1e+27,4096,power,hackernews,0.03454649888826898,b6_b8_lambda10,legacy,0.01165082237856243,2.965155399831235,False
1000000.0,1e+27,4096,power,pubmed_abstracts,0.02788352435601693,b6_b8_lambda10,legacy,0.06618116611255062,0.4213211400445404,False
1000000.0,1e+27,4096,power,uspto_backgrounds,0.02391715074536222,b6_b8_lambda10,legacy,0.07556475309321728,0.31651199489605736,False
1000000.0,1e+27,8192,power,arxiv,0.14026647021843147,b6_b8_lambda10,legacy,0.11302252583217468,1.2410488014284062,False
1000000.0,1e+27,8192,power,freelaw,0.14288009183521377,b6_b8_lambda10,legacy,0.09682483215160405,1.475655455942319,False
1000000.0,1e+27,8192,power,nih_exporter,0.02938684030612631,b6_b8_lambda10,legacy,0.005889680217640528,4.989547686835025,False
1000000.0,1e+27,8192,power,pubmed_central,0.16550820927218832,b6_b8_lambda10,legacy,0.11375419104995738,1.4549636171163325,False
1000000.0,1e+27,8192,power,wikipedia_en,0.049915914818449196,b6_b8_lambda10,legacy,0.07507775607969777,0.6648562427127102,False
1000000.0,1e+27,8192,power,dm_mathematics,0.012569503170257727,b6_b8_lambda10,legacy,0.02546285409735114,0.49364078049543203,False
1000000.0,1e+27,8192,power,github,0.06176588915006558,b6_b8_lambda10,legacy,0.11070066006999096,0.55795411798822,False
1000000.0,1e+27,8192,power,philpapers,0.013983989509657159,b6_b8_lambda10,legacy,0.005487697351757549,2.5482435734504376,False
1000000.0,1e+27,8192,power,stackexchange,0.1789009032486082,b6_b8_lambda10,legacy,0.09943242344369017,1.799220989015942,False
1000000.0,1e+27,8192,power,enron_emails,0.028282861952624465,b6_b8_lambda10,legacy,0.0022110330440804327,12.791695731705941,False
1000000.0,1e+27,8192,power,gutenberg_pg_19,0.03561557117534423,b6_b8_lambda10,legacy,0.04691494424769629,0.7591519450029635,False
1000000.0,1e+27,8192,power,pile_cc,0.010167044992012417,b6_b8_lambda10,legacy,0.11948759779117796,0.08508870527115972,False
1000000.0,1e+27,8192,power,ubuntu_irc,0.04322335938022354,b6_b8_lambda10,legacy,0.019599998284382344,2.205273630797445,False
1000000.0,1e+27,8192,power,europarl,0.0010077385276372965,b6_b8_lambda10,legacy,0.012737064754468426,0.079118583995874,False
1000000.0,1e+27,8192,power,hackernews,0.034504278783986785,b6_b8_lambda10,legacy,0.01165082237856243,2.9615316123499427,False
1000000.0,1e+27,8192,power,pubmed_abstracts,0.027953107890831445,b6_b8_lambda10,legacy,0.06618116611255062,0.4223725499682667,False
1000000.0,1e+27,8192,power,uspto_backgrounds,0.02406822576834212,b6_b8_lambda10,legacy,0.07556475309321728,0.3185112738825649,False
1000000.0,1e+27,32768,power,arxiv,0.14026611222526308,b6_b8_lambda10,legacy,0.11302252583217468,1.241045633978681,False
1000000.0,1e+27,32768,power,freelaw,0.14288016517931457,b6_b8_lambda10,legacy,0.09682483215160405,1.4756562134349906,False
1000000.0,1e+27,32768,power,nih_exporter,0.029386741360225167,b6_b8_lambda10,legacy,0.005889680217640528,4.989530886958379,False
1000000.0,1e+27,32768,power,pubmed_central,0.1655079301159759,b6_b8_lambda10,legacy,0.11375419104995738,1.454961163086201,False
1000000.0,1e+27,32768,power,wikipedia_en,0.049914273532037166,b6_b8_lambda10,legacy,0.07507775607969777,0.6648343815583853,False
1000000.0,1e+27,32768,power,dm_mathematics,0.012572862627471943,b6_b8_lambda10,legacy,0.02546285409735114,0.4937727161064744,False
1000000.0,1e+27,32768,power,github,0.061765461050861864,b6_b8_lambda10,legacy,0.11070066006999096,0.5579502508098,False
1000000.0,1e+27,32768,power,philpapers,0.013983961550194293,b6_b8_lambda10,legacy,0.005487697351757549,2.5482384785151533,False
1000000.0,1e+27,32768,power,stackexchange,0.17890211052126961,b6_b8_lambda10,legacy,0.09943242344369017,1.799233130655657,False
1000000.0,1e+27,32768,power,enron_emails,0.02828342015992009,b6_b8_lambda10,legacy,0.0022110330440804327,12.791948196180464,False
1000000.0,1e+27,32768,power,gutenberg_pg_19,0.03561015065616585,b6_b8_lambda10,legacy,0.04691494424769629,0.7590364057165954,False
1000000.0,1e+27,32768,power,pile_cc,0.010166457798918466,b6_b8_lambda10,legacy,0.11948759779117796,0.08508379101139717,False
1000000.0,1e+27,32768,power,ubuntu_irc,0.043223521134166394,b6_b8_lambda10,legacy,0.019599998284382344,2.2052818835503536,False
1000000.0,1e+27,32768,power,europarl,0.0010077388119385379,b6_b8_lambda10,legacy,0.012737064754468426,0.07911860631665567,False
1000000.0,1e+27,32768,power,hackernews,0.03450328905312348,b6_b8_lambda10,legacy,0.01165082237856243,2.96144666290765,False
1000000.0,1e+27,32768,power,pubmed_abstracts,0.027956730964755306,b6_b8_lambda10,legacy,0.06618116611255062,0.4224272947564999,False
1000000.0,1e+27,32768,power,uspto_backgrounds,0.024069073258398268,b6_b8_lambda10,legacy,0.07556475309321728,0.3185224892974436,False
1000000.0,1e+27,131072,power,arxiv,0.1402985559273047,b6_b8_lambda10,legacy,0.11302252583217468,1.2413326891635015,True
1000000.0,1e+27,131072,power,freelaw,0.1429195315792696,b6_b8_lambda10,legacy,0.09682483215160405,1.4760627868220055,True
1000000.0,1e+27,131072,power,nih_exporter,0.029373976434048762,b6_b8_lambda10,legacy,0.005889680217640528,4.987363549224461,True
1000000.0,1e+27,131072,power,pubmed_central,0.16554370030998275,b6_b8_lambda10,legacy,0.11375419104995738,1.4552756147444361,True
1000000.0,1e+27,131072,power,wikipedia_en,0.049922641449683065,b6_b8_lambda10,legacy,0.07507775607969777,0.6649458382412011,True
1000000.0,1e+27,131072,power,dm_mathematics,0.01237744124057549,b6_b8_lambda10,legacy,0.02546285409735114,0.4860979524625676,True
1000000.0,1e+27,131072,power,github,0.061739828874428075,b6_b8_lambda10,legacy,0.11070066006999096,0.5577187058811827,True
1000000.0,1e+27,131072,power,philpapers,0.013961981081556763,b6_b8_lambda10,legacy,0.005487697351757549,2.544233070193849,True
1000000.0,1e+27,131072,power,stackexchange,0.17894444283920313,b6_b8_lambda10,legacy,0.09943242344369017,1.7996588702330243,True
1000000.0,1e+27,131072,power,enron_emails,0.028274434747744197,b6_b8_lambda10,legacy,0.0022110330440804327,12.787884298447253,True
1000000.0,1e+27,131072,power,gutenberg_pg_19,0.03560490252992429,b6_b8_lambda10,legacy,0.04691494424769629,0.7589245410149377,True
1000000.0,1e+27,131072,power,pile_cc,0.010331691889019036,b6_b8_lambda10,legacy,0.11948759779117796,0.08646664658097133,True
1000000.0,1e+27,131072,power,ubuntu_irc,0.043224746890119355,b6_b8_lambda10,legacy,0.019599998284382344,2.205344422124856,True
1000000.0,1e+27,131072,power,europarl,0.001007732578288511,b6_b8_lambda10,legacy,0.012737064754468426,0.07911811690640715,True
1000000.0,1e+27,131072,power,hackernews,0.034493194977443464,b6_b8_lambda10,legacy,0.01165082237856243,2.9605802798016314,True
1000000.0,1e+27,131072,power,pubmed_abstracts,0.0279307056418467,b6_b8_lambda10,legacy,0.06618116611255062,0.4220340511127668,True
1000000.0,1e+27,131072,power,uspto_backgrounds,0.024050491009562122,b6_b8_lambda10,legacy,0.07556475309321728,0.31827657770406853,True
0.01,1e+19,2048,logarithmic,arxiv,0.9777052231869939,b6_b8_lambda10,legacy,0.11302252583217468,8.650534183236823,False
0.01,1e+19,2048,logarithmic,freelaw,0.0018291996670009335,b6_b8_lambda10,legacy,0.09682483215160405,0.018891844440658088,False
0.01,1e+19,2048,logarithmic,nih_exporter,0.001030317464570147,b6_b8_lambda10,legacy,0.005889680217640528,0.17493606214547652,False
0.01,1e+19,2048,logarithmic,pubmed_central,0.0036736536142773155,b6_b8_lambda10,legacy,0.11375419104995738,0.03229466607225011,False
0.01,1e+19,2048,logarithmic,wikipedia_en,0.0012655959166518432,b6_b8_lambda10,legacy,0.07507775607969777,0.016857135624942853,False
0.01,1e+19,2048,logarithmic,dm_mathematics,0.0010597109784519728,b6_b8_lambda10,legacy,0.02546285409735114,0.04161791817996604,False
0.01,1e+19,2048,logarithmic,github,0.0010107848749314212,b6_b8_lambda10,legacy,0.11070066006999096,0.009130793567918639,False
0.01,1e+19,2048,logarithmic,philpapers,0.001032580007197243,b6_b8_lambda10,legacy,0.005487697351757549,0.18816271033360427,False
0.01,1e+19,2048,logarithmic,stackexchange,0.0024900519058946337,b6_b8_lambda10,legacy,0.09943242344369017,0.0250426552995038,False
0.01,1e+19,2048,logarithmic,enron_emails,0.0010120486822535624,b6_b8_lambda10,legacy,0.0022110330440804327,0.45772662012587556,False
0.01,1e+19,2048,logarithmic,gutenberg_pg_19,0.0013630269158735756,b6_b8_lambda10,legacy,0.04691494424769629,0.0290531500725487,False
0.01,1e+19,2048,logarithmic,pile_cc,0.0010534084949144979,b6_b8_lambda10,legacy,0.11948759779117796,0.008816048815003237,False
0.01,1e+19,2048,logarithmic,ubuntu_irc,0.0010759535460188767,b6_b8_lambda10,legacy,0.019599998284382344,0.05489559388769014,False
0.01,1e+19,2048,logarithmic,europarl,0.0010073812663090884,b6_b8_lambda10,legacy,0.012737064754468426,0.07909053504306619,False
0.01,1e+19,2048,logarithmic,hackernews,0.0010215057872210098,b6_b8_lambda10,legacy,0.01165082237856243,0.08767671105351202,False
0.01,1e+19,2048,logarithmic,pubmed_abstracts,0.0010419095905837674,b6_b8_lambda10,legacy,0.06618116611255062,0.015743294532040274,False
0.01,1e+19,2048,logarithmic,uspto_backgrounds,0.0013276481008564183,b6_b8_lambda10,legacy,0.07556475309321728,0.0175696743059376,False
0.01,1e+19,4096,logarithmic,arxiv,0.9775042032459239,b6_b8_lambda10,legacy,0.11302252583217468,8.64875560025445,True
0.01,1e+19,4096,logarithmic,freelaw,0.0026755924695495434,b6_b8_lambda10,legacy,0.09682483215160405,0.027633329282308685,True
0.01,1e+19,4096,logarithmic,nih_exporter,0.00100774304139603,b6_b8_lambda10,legacy,0.005889680217640528,0.17110318457998439,True
0.01,1e+19,4096,logarithmic,pubmed_central,0.003100897639536553,b6_b8_lambda10,legacy,0.11375419104995738,0.027259634224595146,True
0.01,1e+19,4096,logarithmic,wikipedia_en,0.0010044820679639699,b6_b8_lambda10,legacy,0.07507775607969777,0.013379223360081188,True
0.01,1e+19,4096,logarithmic,dm_mathematics,0.0010003471953905652,b6_b8_lambda10,legacy,0.02546285409735114,0.039286530550188,True
0.01,1e+19,4096,logarithmic,github,0.0010001098910711265,b6_b8_lambda10,legacy,0.11070066006999096,0.009034362491052925,True
0.01,1e+19,4096,logarithmic,philpapers,0.001002424412191041,b6_b8_lambda10,legacy,0.005487697351757549,0.18266758312937828,True
0.01,1e+19,4096,logarithmic,stackexchange,0.0033509388641089714,b6_b8_lambda10,legacy,0.09943242344369017,0.03370066571903128,True
0.01,1e+19,4096,logarithmic,enron_emails,0.0010083628392359633,b6_b8_lambda10,legacy,0.0022110330440804327,0.45605959708998417,True
0.01,1e+19,4096,logarithmic,gutenberg_pg_19,0.0010003562854196016,b6_b8_lambda10,legacy,0.04691494424769629,0.02132276402457247,True
0.01,1e+19,4096,logarithmic,pile_cc,0.001000848469438172,b6_b8_lambda10,legacy,0.11948759779117796,0.008376170313401907,True
0.01,1e+19,4096,logarithmic,ubuntu_irc,0.0010122612125590936,b6_b8_lambda10,legacy,0.019599998284382344,0.051645984753258004,True
0.01,1e+19,4096,logarithmic,europarl,0.0010001378476208352,b6_b8_lambda10,legacy,0.012737064754468426,0.07852184682267287,True
0.01,1e+19,4096,logarithmic,hackernews,0.0010034993350108593,b6_b8_lambda10,legacy,0.01165082237856243,0.08613120193620864,True
0.01,1e+19,4096,logarithmic,pubmed_abstracts,0.001000214517405036,b6_b8_lambda10,legacy,0.06618116611255062,0.01511328035084826,True
0.01,1e+19,4096,logarithmic,uspto_backgrounds,0.0013275806661787262,b6_b8_lambda10,legacy,0.07556475309321728,0.01756878189677947,True
0.01,1e+19,8192,logarithmic,arxiv,0.9767713741244988,b6_b8_lambda10,legacy,0.11302252583217468,8.64227167931896,False
0.01,1e+19,8192,logarithmic,freelaw,0.002855090083972763,b6_b8_lambda10,legacy,0.09682483215160405,0.029487167914759603,False
0.01,1e+19,8192,logarithmic,nih_exporter,0.001022699043143561,b6_b8_lambda10,legacy,0.005889680217640528,0.17364254175980806,False
0.01,1e+19,8192,logarithmic,pubmed_central,0.003193305144634045,b6_b8_lambda10,legacy,0.11375419104995738,0.02807197796546804,False
0.01,1e+19,8192,logarithmic,wikipedia_en,0.0011419739246061934,b6_b8_lambda10,legacy,0.07507775607969777,0.015210549492101847,False
0.01,1e+19,8192,logarithmic,dm_mathematics,0.0010332755895008136,b6_b8_lambda10,legacy,0.02546285409735114,0.04057972392059159,False
0.01,1e+19,8192,logarithmic,github,0.001012482603223052,b6_b8_lambda10,legacy,0.11070066006999096,0.009146129775404278,False
0.01,1e+19,8192,logarithmic,philpapers,0.001018407370722706,b6_b8_lambda10,legacy,0.005487697351757549,0.18558009041743892,False
0.01,1e+19,8192,logarithmic,stackexchange,0.0033192674796182577,b6_b8_lambda10,legacy,0.09943242344369017,0.03338214401963159,False
0.01,1e+19,8192,logarithmic,enron_emails,0.0010091841719166298,b6_b8_lambda10,legacy,0.0022110330440804327,0.45643106719662296,False
0.01,1e+19,8192,logarithmic,gutenberg_pg_19,0.0010839670999218745,b6_b8_lambda10,legacy,0.04691494424769629,0.023104942727819648,False
0.01,1e+19,8192,logarithmic,pile_cc,0.0010269495100427128,b6_b8_lambda10,legacy,0.11948759779117796,0.008594611733993156,False
0.01,1e+19,8192,logarithmic,ubuntu_irc,0.0010688865774830113,b6_b8_lambda10,legacy,0.019599998284382344,0.054535034236953,False
0.01,1e+19,8192,logarithmic,europarl,0.0010096862997598926,b6_b8_lambda10,legacy,0.012737064754468426,0.07927150558025338,False
0.01,1e+19,8192,logarithmic,hackernews,0.0010415790640769629,b6_b8_lambda10,legacy,0.01165082237856243,0.08939961748910304,False
0.01,1e+19,8192,logarithmic,pubmed_abstracts,0.0010645370834829917,b6_b8_lambda10,legacy,0.06618116611255062,0.016085196831868948,False
0.01,1e+19,8192,logarithmic,uspto_backgrounds,0.0013273348293958494,b6_b8_lambda10,legacy,0.07556475309321728,0.017565528570687428,False
0.01,1e+19,32768,logarithmic,arxiv,0.9774354108963546,b6_b8_lambda10,legacy,0.11302252583217468,8.648146939732461,False
0.01,1e+19,32768,logarithmic,freelaw,0.0026664480490198954,b6_b8_lambda10,legacy,0.09682483215160405,0.027538886355567224,False
0.01,1e+19,32768,logarithmic,nih_exporter,0.001015768049592133,b6_b8_lambda10,legacy,0.005889680217640528,0.17246573872546528,False
0.01,1e+19,32768,logarithmic,pubmed_central,0.0030910837821976726,b6_b8_lambda10,legacy,0.11375419104995738,0.02717336173433964,False
0.01,1e+19,32768,logarithmic,wikipedia_en,0.0010436676769845037,b6_b8_lambda10,legacy,0.07507775607969777,0.013901157033470906,False
0.01,1e+19,32768,logarithmic,dm_mathematics,0.0010026045511419804,b6_b8_lambda10,legacy,0.02546285409735114,0.03937518344600183,False
0.01,1e+19,32768,logarithmic,github,0.0010001098833295674,b6_b8_lambda10,legacy,0.11070066006999096,0.009034362421120557,False
0.01,1e+19,32768,logarithmic,philpapers,0.0010054274924776048,b6_b8_lambda10,legacy,0.005487697351757549,0.18321482181512722,False
0.01,1e+19,32768,logarithmic,stackexchange,0.003341260562609407,b6_b8_lambda10,legacy,0.09943242344369017,0.03360333025073662,False
0.01,1e+19,32768,logarithmic,enron_emails,0.0010133959874685766,b6_b8_lambda10,legacy,0.0022110330440804327,0.45833597565704737,False
0.01,1e+19,32768,logarithmic,gutenberg_pg_19,0.0010124566996908787,b6_b8_lambda10,legacy,0.04691494424769629,0.02158068640869363,False
0.01,1e+19,32768,logarithmic,pile_cc,0.0010003378617302668,b6_b8_lambda10,legacy,0.11948759779117796,0.008371897002051237,False
0.01,1e+19,32768,logarithmic,ubuntu_irc,0.001018906042638215,b6_b8_lambda10,legacy,0.019599998284382344,0.05198500672574543,False
0.01,1e+19,32768,logarithmic,europarl,0.0010001116850089828,b6_b8_lambda10,legacy,0.012737064754468426,0.0785197927692189,False
0.01,1e+19,32768,logarithmic,hackernews,0.0010204332208066283,b6_b8_lambda10,legacy,0.01165082237856243,0.08758465176537499,False
0.01,1e+19,32768,logarithmic,pubmed_abstracts,0.0010050199700327878,b6_b8_lambda10,legacy,0.06618116611255062,0.015185890927391735,False
0.01,1e+19,32768,logarithmic,uspto_backgrounds,0.001327557588916364,b6_b8_lambda10,legacy,0.07556475309321728,0.01756847649960132,False
0.01,1e+19,131072,logarithmic,arxiv,0.9767414510903866,b6_b8_lambda10,legacy,0.11302252583217468,8.642006926484143,False
0.01,1e+19,131072,logarithmic,freelaw,0.002873821859025783,b6_b8_lambda10,legacy,0.09682483215160405,0.02968062835911845,False
0.01,1e+19,131072,logarithmic,nih_exporter,0.0010229870790233956,b6_b8_lambda10,legacy,0.005889680217640528,0.1736914469412765,False
0.01,1e+19,131072,logarithmic,pubmed_central,0.0031664306659947464,b6_b8_lambda10,legacy,0.11375419104995738,0.027835727517099975,False
0.01,1e+19,131072,logarithmic,wikipedia_en,0.0011492730893163901,b6_b8_lambda10,legacy,0.07507775607969777,0.01530777089416997,False
0.01,1e+19,131072,logarithmic,dm_mathematics,0.0010363207815575017,b6_b8_lambda10,legacy,0.02546285409735114,0.04069931742904298,False
0.01,1e+19,131072,logarithmic,github,0.0010112492365333637,b6_b8_lambda10,legacy,0.11070066006999096,0.009134988317991935,False
0.01,1e+19,131072,logarithmic,philpapers,0.0010187995183193398,b6_b8_lambda10,legacy,0.005487697351757549,0.18565154982408935,False
0.01,1e+19,131072,logarithmic,stackexchange,0.0033284522787603403,b6_b8_lambda10,legacy,0.09943242344369017,0.03347451629442869,False
0.01,1e+19,131072,logarithmic,enron_emails,0.0010093273673115188,b6_b8_lambda10,legacy,0.0022110330440804327,0.4564958312196087,False
0.01,1e+19,131072,logarithmic,gutenberg_pg_19,0.001088892861852213,b6_b8_lambda10,legacy,0.04691494424769629,0.023209936179465502,False
0.01,1e+19,131072,logarithmic,pile_cc,0.0010310138172711755,b6_b8_lambda10,legacy,0.11948759779117796,0.008628626203307082,False
0.01,1e+19,131072,logarithmic,ubuntu_irc,0.0010707366959282188,b6_b8_lambda10,legacy,0.019599998284382344,0.05462942804344031,False
0.01,1e+19,131072,logarithmic,europarl,0.0010110233495665099,b6_b8_lambda10,legacy,0.012737064754468426,0.07937647873006391,False
0.01,1e+19,131072,logarithmic,hackernews,0.001042774710277757,b6_b8_lambda10,legacy,0.01165082237856243,0.08950224082005298,False
0.01,1e+19,131072,logarithmic,pubmed_abstracts,0.00107012080753911,b6_b8_lambda10,legacy,0.06618116611255062,0.016169567120035557,False
0.01,1e+19,131072,logarithmic,uspto_backgrounds,0.0013273247913361914,b6_b8_lambda10,legacy,0.07556475309321728,0.01756539573018644,False
10.0,1e+22,2048,logarithmic,arxiv,0.13821865828136323,b6_b8_lambda10,legacy,0.11302252583217468,1.22293018372817,False
10.0,1e+22,2048,logarithmic,freelaw,0.15016713505098503,b6_b8_lambda10,legacy,0.09682483215160405,1.5509155215044417,False
10.0,1e+22,2048,logarithmic,nih_exporter,0.029987724137299485,b6_b8_lambda10,legacy,0.005889680217640528,5.091570854302324,False
10.0,1e+22,2048,logarithmic,pubmed_central,0.17609459265775543,b6_b8_lambda10,legacy,0.11375419104995738,1.5480272949277099,False
10.0,1e+22,2048,logarithmic,wikipedia_en,0.052219881695311283,b6_b8_lambda10,legacy,0.07507775607969777,0.6955439856230916,False
10.0,1e+22,2048,logarithmic,dm_mathematics,0.010998862907723256,b6_b8_lambda10,legacy,0.02546285409735114,0.43195719009627637,False
10.0,1e+22,2048,logarithmic,github,0.04488680295017112,b6_b8_lambda10,legacy,0.11070066006999096,0.4054790903847479,False
10.0,1e+22,2048,logarithmic,philpapers,0.012277791918042475,b6_b8_lambda10,legacy,0.005487697351757549,2.2373303648223706,False
10.0,1e+22,2048,logarithmic,stackexchange,0.18824490656812215,b6_b8_lambda10,legacy,0.09943242344369017,1.8931943932225246,False
10.0,1e+22,2048,logarithmic,enron_emails,0.0010635929074428465,b6_b8_lambda10,legacy,0.0022110330440804327,0.4810389018338684,False
10.0,1e+22,2048,logarithmic,gutenberg_pg_19,0.0368496414622521,b6_b8_lambda10,legacy,0.04691494424769629,0.7854563626399613,False
10.0,1e+22,2048,logarithmic,pile_cc,0.001883886373481978,b6_b8_lambda10,legacy,0.11948759779117796,0.015766375827341885,False
10.0,1e+22,2048,logarithmic,ubuntu_irc,0.04677732371724773,b6_b8_lambda10,legacy,0.019599998284382344,2.386598357741735,False
10.0,1e+22,2048,logarithmic,europarl,0.004769926219074693,b6_b8_lambda10,legacy,0.012737064754468426,0.3744917931269294,False
10.0,1e+22,2048,logarithmic,hackernews,0.036171510566782264,b6_b8_lambda10,legacy,0.01165082237856243,3.1046315351384997,False
10.0,1e+22,2048,logarithmic,pubmed_abstracts,0.026906854615880684,b6_b8_lambda10,legacy,0.06618116611255062,0.4065636221961048,False
10.0,1e+22,2048,logarithmic,uspto_backgrounds,0.042480907971064234,b6_b8_lambda10,legacy,0.07556475309321728,0.562178876157505,False
10.0,1e+22,4096,logarithmic,arxiv,0.13464574417678574,b6_b8_lambda10,legacy,0.11302252583217468,1.1913177765706549,False
10.0,1e+22,4096,logarithmic,freelaw,0.1421726796118475,b6_b8_lambda10,legacy,0.09682483215160405,1.468349352666471,False
10.0,1e+22,4096,logarithmic,nih_exporter,0.02827240373929668,b6_b8_lambda10,legacy,0.005889680217640528,4.800329168061848,False
10.0,1e+22,4096,logarithmic,pubmed_central,0.16523181477437274,b6_b8_lambda10,legacy,0.11375419104995738,1.4525338649000454,False
10.0,1e+22,4096,logarithmic,wikipedia_en,0.0493287003370577,b6_b8_lambda10,legacy,0.07507775607969777,0.6570348251310746,False
10.0,1e+22,4096,logarithmic,dm_mathematics,0.011699699030692394,b6_b8_lambda10,legacy,0.02546285409735114,0.45948105369340725,False
10.0,1e+22,4096,logarithmic,github,0.059010694252585164,b6_b8_lambda10,legacy,0.11070066006999096,0.5330654235961683,False
10.0,1e+22,4096,logarithmic,philpapers,0.012545877723133897,b6_b8_lambda10,legacy,0.005487697351757549,2.2861825131657123,False
10.0,1e+22,4096,logarithmic,stackexchange,0.17854766950091797,b6_b8_lambda10,legacy,0.09943242344369017,1.7956684883782577,False
10.0,1e+22,4096,logarithmic,enron_emails,0.026746768151318965,b6_b8_lambda10,legacy,0.0022110330440804327,12.096955413184668,False
10.0,1e+22,4096,logarithmic,gutenberg_pg_19,0.035128943460847176,b6_b8_lambda10,legacy,0.04691494424769629,0.7487793926680868,False
10.0,1e+22,4096,logarithmic,pile_cc,0.0071944049007290145,b6_b8_lambda10,legacy,0.11948759779117796,0.06021047400502844,False
10.0,1e+22,4096,logarithmic,ubuntu_irc,0.04230154272784096,b6_b8_lambda10,legacy,0.019599998284382344,2.158242164824455,False
10.0,1e+22,4096,logarithmic,europarl,0.0010148509245932241,b6_b8_lambda10,legacy,0.012737064754468426,0.0796769855658615,False
10.0,1e+22,4096,logarithmic,hackernews,0.03453196602030703,b6_b8_lambda10,legacy,0.01165082237856243,2.9639080314060937,False
10.0,1e+22,4096,logarithmic,pubmed_abstracts,0.02635625838986923,b6_b8_lambda10,legacy,0.06618116611255062,0.3982440917563557,False
10.0,1e+22,4096,logarithmic,uspto_backgrounds,0.04526998227780469,b6_b8_lambda10,legacy,0.07556475309321728,0.5990886018241769,False
10.0,1e+22,8192,logarithmic,arxiv,0.1411178986056573,b6_b8_lambda10,legacy,0.11302252583217468,1.2485820642090497,True
10.0,1e+22,8192,logarithmic,freelaw,0.14280831903536143,b6_b8_lambda10,legacy,0.09682483215160405,1.4749141915553075,True
10.0,1e+22,8192,logarithmic,nih_exporter,0.02935196165570823,b6_b8_lambda10,legacy,0.005889680217640528,4.9836256929186815,True
10.0,1e+22,8192,logarithmic,pubmed_central,0.16543004747866819,b6_b8_lambda10,legacy,0.11375419104995738,1.454276505786203,True
10.0,1e+22,8192,logarithmic,wikipedia_en,0.050286238972364984,b6_b8_lambda10,legacy,0.07507775607969777,0.6697887842969669,True
10.0,1e+22,8192,logarithmic,dm_mathematics,0.012318445441757957,b6_b8_lambda10,legacy,0.02546285409735114,0.4837810166394279,True
10.0,1e+22,8192,logarithmic,github,0.06142285490651525,b6_b8_lambda10,legacy,0.11070066006999096,0.5548553628106678,True
10.0,1e+22,8192,logarithmic,philpapers,0.013920729792890996,b6_b8_lambda10,legacy,0.005487697351757549,2.536716021416996,True
10.0,1e+22,8192,logarithmic,stackexchange,0.17880606970669283,b6_b8_lambda10,legacy,0.09943242344369017,1.7982672403429143,True
10.0,1e+22,8192,logarithmic,enron_emails,0.02830167223702913,b6_b8_lambda10,legacy,0.0022110330440804327,12.800203195877508,True
10.0,1e+22,8192,logarithmic,gutenberg_pg_19,0.03537124196518047,b6_b8_lambda10,legacy,0.04691494424769629,0.7539440264157905,True
10.0,1e+22,8192,logarithmic,pile_cc,0.010179090177137643,b6_b8_lambda10,legacy,0.11948759779117796,0.08518951226157455,True
10.0,1e+22,8192,logarithmic,ubuntu_irc,0.043238845888799574,b6_b8_lambda10,legacy,0.019599998284382344,2.206063758855179,True
10.0,1e+22,8192,logarithmic,europarl,0.0011720979555827713,b6_b8_lambda10,legacy,0.012737064754468426,0.09202261103144467,True
10.0,1e+22,8192,logarithmic,hackernews,0.034508353831513766,b6_b8_lambda10,legacy,0.01165082237856243,2.961881377147188,True
10.0,1e+22,8192,logarithmic,pubmed_abstracts,0.027858374291446716,b6_b8_lambda10,legacy,0.06618116611255062,0.42094112158842184,True
10.0,1e+22,8192,logarithmic,uspto_backgrounds,0.02390775805769275,b6_b8_lambda10,legacy,0.07556475309321728,0.3163876950434808,True
10.0,1e+22,32768,logarithmic,arxiv,0.13731541560002616,b6_b8_lambda10,legacy,0.11302252583217468,1.214938478758859,False
10.0,1e+22,32768,logarithmic,freelaw,0.14350622964672033,b6_b8_lambda10,legacy,0.09682483215160405,1.482122162856163,False
10.0,1e+22,32768,logarithmic,nih_exporter,0.029576334527061494,b6_b8_lambda10,legacy,0.005889680217640528,5.02172162734331,False
10.0,1e+22,32768,logarithmic,pubmed_central,0.16636991604277546,b6_b8_lambda10,legacy,0.11375419104995738,1.4625387821509879,False
10.0,1e+22,32768,logarithmic,wikipedia_en,0.04989068749132676,b6_b8_lambda10,legacy,0.07507775607969777,0.6645202267149005,False
10.0,1e+22,32768,logarithmic,dm_mathematics,0.012398379876315535,b6_b8_lambda10,legacy,0.02546285409735114,0.48692027330924065,False
10.0,1e+22,32768,logarithmic,github,0.061169555080356444,b6_b8_lambda10,legacy,0.11070066006999096,0.5525672118095929,False
10.0,1e+22,32768,logarithmic,philpapers,0.013966542081864684,b6_b8_lambda10,legacy,0.005487697351757549,2.5450642020904466,False
10.0,1e+22,32768,logarithmic,stackexchange,0.18017250642599808,b6_b8_lambda10,legacy,0.09943242344369017,1.8120096059816144,False
10.0,1e+22,32768,logarithmic,enron_emails,0.028007381780514328,b6_b8_lambda10,legacy,0.0022110330440804327,12.667102310161349,False
10.0,1e+22,32768,logarithmic,gutenberg_pg_19,0.03612345443599966,b6_b8_lambda10,legacy,0.04691494424769629,0.7699775629121304,False
10.0,1e+22,32768,logarithmic,pile_cc,0.001334014650382564,b6_b8_lambda10,legacy,0.11948759779117796,0.011164461208048967,False
10.0,1e+22,32768,logarithmic,ubuntu_irc,0.04337283025622073,b6_b8_lambda10,legacy,0.019599998284382344,2.2128996965668635,False
10.0,1e+22,32768,logarithmic,europarl,0.0010829433215445191,b6_b8_lambda10,legacy,0.012737064754468426,0.08502298939515089,False
10.0,1e+22,32768,logarithmic,hackernews,0.033908612385327205,b6_b8_lambda10,legacy,0.01165082237856243,2.91040505842053,False
10.0,1e+22,32768,logarithmic,pubmed_abstracts,0.027493177940518525,b6_b8_lambda10,legacy,0.06618116611255062,0.41542299048890147,False
10.0,1e+22,32768,logarithmic,uspto_backgrounds,0.03431201845704739,b6_b8_lambda10,legacy,0.07556475309321728,0.45407438061393274,False
10.0,1e+22,131072,logarithmic,arxiv,0.14231144025399808,b6_b8_lambda10,legacy,0.11302252583217468,1.2591422745702396,False
10.0,1e+22,131072,logarithmic,freelaw,0.14294566953456117,b6_b8_lambda10,legacy,0.09682483215160405,1.476332737770649,False
10.0,1e+22,131072,logarithmic,nih_exporter,0.029348989296579437,b6_b8_lambda10,legacy,0.005889680217640528,4.9831210205054175,False
10.0,1e+22,131072,logarithmic,pubmed_central,0.16543180614563918,b6_b8_lambda10,legacy,0.11375419104995738,1.4542919660251161,False
10.0,1e+22,131072,logarithmic,wikipedia_en,0.04959107391763836,b6_b8_lambda10,legacy,0.07507775607969777,0.6605295164255526,False
10.0,1e+22,131072,logarithmic,dm_mathematics,0.012352862121930885,b6_b8_lambda10,legacy,0.02546285409735114,0.4851326593123719,False
10.0,1e+22,131072,logarithmic,github,0.06086926301880686,b6_b8_lambda10,legacy,0.11070066006999096,0.5498545625682991,False
10.0,1e+22,131072,logarithmic,philpapers,0.01369503334245746,b6_b8_lambda10,legacy,0.005487697351757549,2.4955883068280618,False
10.0,1e+22,131072,logarithmic,stackexchange,0.17891500672786537,b6_b8_lambda10,legacy,0.09943242344369017,1.7993628288582062,False
10.0,1e+22,131072,logarithmic,enron_emails,0.02799506665879642,b6_b8_lambda10,legacy,0.0022110330440804327,12.6615324604701,False
10.0,1e+22,131072,logarithmic,gutenberg_pg_19,0.0344280445399529,b6_b8_lambda10,legacy,0.04691494424769629,0.7338396131983778,False
10.0,1e+22,131072,logarithmic,pile_cc,0.010824452858895925,b6_b8_lambda10,legacy,0.11948759779117796,0.09059059734227178,False
10.0,1e+22,131072,logarithmic,ubuntu_irc,0.043744846594208346,b6_b8_lambda10,legacy,0.019599998284382344,2.23188012363578,False
10.0,1e+22,131072,logarithmic,europarl,0.0010979058451062293,b6_b8_lambda10,legacy,0.012737064754468426,0.08619771244556648,False
10.0,1e+22,131072,logarithmic,hackernews,0.03466324371702185,b6_b8_lambda10,legacy,0.01165082237856243,2.9751757078369323,False
10.0,1e+22,131072,logarithmic,pubmed_abstracts,0.027771524062533658,b6_b8_lambda10,legacy,0.06618116611255062,0.4196288112437332,False
10.0,1e+22,131072,logarithmic,uspto_backgrounds,0.024013771364008063,b6_b8_lambda10,legacy,0.07556475309321728,0.3177906415493012,False
1000.0,1e+24,2048,logarithmic,arxiv,0.1366558330050887,b6_b8_lambda10,legacy,0.11302252583217468,1.2091026279841486,False
1000.0,1e+24,2048,logarithmic,freelaw,0.14600283315894846,b6_b8_lambda10,legacy,0.09682483215160405,1.507906906880496,False
1000.0,1e+24,2048,logarithmic,nih_exporter,0.02464428523337135,b6_b8_lambda10,legacy,0.005889680217640528,4.184316350411996,False
1000.0,1e+24,2048,logarithmic,pubmed_central,0.16856679790197096,b6_b8_lambda10,legacy,0.11375419104995738,1.4818513177061015,False
1000.0,1e+24,2048,logarithmic,wikipedia_en,0.04982243127365657,b6_b8_lambda10,legacy,0.07507775607969777,0.663611086361828,False
1000.0,1e+24,2048,logarithmic,dm_mathematics,0.010266606609611484,b6_b8_lambda10,legacy,0.02546285409735114,0.4031993652541685,False
1000.0,1e+24,2048,logarithmic,github,0.06344734013724979,b6_b8_lambda10,legacy,0.11070066006999096,0.5731432865633768,False
1000.0,1e+24,2048,logarithmic,philpapers,0.009179534746744017,b6_b8_lambda10,legacy,0.005487697351757549,1.6727479958063067,False
1000.0,1e+24,2048,logarithmic,stackexchange,0.18095644529573174,b6_b8_lambda10,legacy,0.09943242344369017,1.8198937431934326,False
1000.0,1e+24,2048,logarithmic,enron_emails,0.03227532512261643,b6_b8_lambda10,legacy,0.0022110330440804327,14.597396094566157,False
1000.0,1e+24,2048,logarithmic,gutenberg_pg_19,0.03876261543447307,b6_b8_lambda10,legacy,0.04691494424769629,0.8262317275667757,False
1000.0,1e+24,2048,logarithmic,pile_cc,0.0030939180424259345,b6_b8_lambda10,legacy,0.11948759779117796,0.025893214857603954,False
1000.0,1e+24,2048,logarithmic,ubuntu_irc,0.04381058013851296,b6_b8_lambda10,legacy,0.019599998284382344,2.2352338761897785,False
1000.0,1e+24,2048,logarithmic,europarl,0.0010942995873433193,b6_b8_lambda10,legacy,0.012737064754468426,0.08591458145483766,False
1000.0,1e+24,2048,logarithmic,hackernews,0.03780568119209772,b6_b8_lambda10,legacy,0.01165082237856243,3.244893790644372,False
1000.0,1e+24,2048,logarithmic,pubmed_abstracts,0.029897695961969,b6_b8_lambda10,legacy,0.06618116611255062,0.4517553515319397,False
1000.0,1e+24,2048,logarithmic,uspto_backgrounds,0.02371777715818848,b6_b8_lambda10,legacy,0.07556475309321728,0.31387354801424466,False
1000.0,1e+24,4096,logarithmic,arxiv,0.1407962355697146,b6_b8_lambda10,legacy,0.11302252583217468,1.2457360560033905,False
1000.0,1e+24,4096,logarithmic,freelaw,0.1424400112970598,b6_b8_lambda10,legacy,0.09682483215160405,1.4711103353531614,False
1000.0,1e+24,4096,logarithmic,nih_exporter,0.02928209388053568,b6_b8_lambda10,legacy,0.005889680217640528,4.971762947813559,False
1000.0,1e+24,4096,logarithmic,pubmed_central,0.16526613263871545,b6_b8_lambda10,legacy,0.11375419104995738,1.4528355492953715,False
1000.0,1e+24,4096,logarithmic,wikipedia_en,0.05105602207505946,b6_b8_lambda10,legacy,0.07507775607969777,0.6800419290749931,False
1000.0,1e+24,4096,logarithmic,dm_mathematics,0.012090802299811795,b6_b8_lambda10,legacy,0.02546285409735114,0.4748408113868736,False
1000.0,1e+24,4096,logarithmic,github,0.062283011387205656,b6_b8_lambda10,legacy,0.11070066006999096,0.5626254743903691,False
1000.0,1e+24,4096,logarithmic,philpapers,0.013588979093941422,b6_b8_lambda10,legacy,0.005487697351757549,2.4762624873234436,False
1000.0,1e+24,4096,logarithmic,stackexchange,0.1785674525533525,b6_b8_lambda10,legacy,0.09943242344369017,1.795867448151633,False
1000.0,1e+24,4096,logarithmic,enron_emails,0.028746346714665083,b6_b8_lambda10,legacy,0.0022110330440804327,13.00131935686229,False
1000.0,1e+24,4096,logarithmic,gutenberg_pg_19,0.03502816253662262,b6_b8_lambda10,legacy,0.04691494424769629,0.7466312301616482,False
1000.0,1e+24,4096,logarithmic,pile_cc,0.009685044158045948,b6_b8_lambda10,legacy,0.11948759779117796,0.08105480683419528,False
1000.0,1e+24,4096,logarithmic,ubuntu_irc,0.04248776013832517,b6_b8_lambda10,legacy,0.019599998284382344,2.167743053946093,False
1000.0,1e+24,4096,logarithmic,europarl,0.0011475956539232018,b6_b8_lambda10,legacy,0.012737064754468426,0.09009891023130753,False
1000.0,1e+24,4096,logarithmic,hackernews,0.03490495233891719,b6_b8_lambda10,legacy,0.01165082237856243,2.9959217645565066,False
1000.0,1e+24,4096,logarithmic,pubmed_abstracts,0.027083363165916283,b6_b8_lambda10,legacy,0.06618116611255062,0.4092306732682394,False
1000.0,1e+24,4096,logarithmic,uspto_backgrounds,0.025546034498188066,b6_b8_lambda10,legacy,0.07556475309321728,0.33806812637466405,False
1000.0,1e+24,8192,logarithmic,arxiv,0.1411168179118735,b6_b8_lambda10,legacy,0.11302252583217468,1.2485725024533214,True
1000.0,1e+24,8192,logarithmic,freelaw,0.1427328450115146,b6_b8_lambda10,legacy,0.09682483215160405,1.4741347011893582,True
1000.0,1e+24,8192,logarithmic,nih_exporter,0.029381278803236523,b6_b8_lambda10,legacy,0.005889680217640528,4.988603407572948,True
1000.0,1e+24,8192,logarithmic,pubmed_central,0.16521315956708696,b6_b8_lambda10,legacy,0.11375419104995738,1.4523698691200781,True
1000.0,1e+24,8192,logarithmic,wikipedia_en,0.04996748631372672,b6_b8_lambda10,legacy,0.07507775607969777,0.6655431504996555,True
1000.0,1e+24,8192,logarithmic,dm_mathematics,0.012752248834567895,b6_b8_lambda10,legacy,0.02546285409735114,0.5008177318148515,True
1000.0,1e+24,8192,logarithmic,github,0.06167281036220096,b6_b8_lambda10,legacy,0.11070066006999096,0.5571133028764965,True
1000.0,1e+24,8192,logarithmic,philpapers,0.014154373116243218,b6_b8_lambda10,legacy,0.005487697351757549,2.579291861222993,True
1000.0,1e+24,8192,logarithmic,stackexchange,0.1787022350997583,b6_b8_lambda10,legacy,0.09943242344369017,1.797222967224163,True
1000.0,1e+24,8192,logarithmic,enron_emails,0.028480765541582194,b6_b8_lambda10,legacy,0.0022110330440804327,12.881203027622469,True
1000.0,1e+24,8192,logarithmic,gutenberg_pg_19,0.035651725654041795,b6_b8_lambda10,legacy,0.04691494424769629,0.7599225838532769,True
1000.0,1e+24,8192,logarithmic,pile_cc,0.010221039153497175,b6_b8_lambda10,legacy,0.11948759779117796,0.08554058615656442,True
1000.0,1e+24,8192,logarithmic,ubuntu_irc,0.04355511955127299,b6_b8_lambda10,legacy,0.019599998284382344,2.222200171618308,True
1000.0,1e+24,8192,logarithmic,europarl,0.0011464110531965068,b6_b8_lambda10,legacy,0.012737064754468426,0.09000590601490992,True
1000.0,1e+24,8192,logarithmic,hackernews,0.034154634203544317,b6_b8_lambda10,legacy,0.01165082237856243,2.931521320451079,True
1000.0,1e+24,8192,logarithmic,pubmed_abstracts,0.027517060642432572,b6_b8_lambda10,legacy,0.06618116611255062,0.4157838590458778,True
1000.0,1e+24,8192,logarithmic,uspto_backgrounds,0.023579989180223766,b6_b8_lambda10,legacy,0.07556475309321728,0.312050105571513,True
1000.0,1e+24,32768,logarithmic,arxiv,0.1402717708961474,b6_b8_lambda10,legacy,0.11302252583217468,1.2410957007316814,False
1000.0,1e+24,32768,logarithmic,freelaw,0.14287996249573834,b6_b8_lambda10,legacy,0.09682483215160405,1.4756541201333888,False
1000.0,1e+24,32768,logarithmic,nih_exporter,0.029366267759308503,b6_b8_lambda10,legacy,0.005889680217640528,4.986054704863578,False
1000.0,1e+24,32768,logarithmic,pubmed_central,0.16552255089148957,b6_b8_lambda10,legacy,0.11375419104995738,1.4550896926408374,False
1000.0,1e+24,32768,logarithmic,wikipedia_en,0.04991064559071614,b6_b8_lambda10,legacy,0.07507775607969777,0.6647860591056314,False
1000.0,1e+24,32768,logarithmic,dm_mathematics,0.012625374656780514,b6_b8_lambda10,legacy,0.02546285409735114,0.4958350155293043,False
1000.0,1e+24,32768,logarithmic,github,0.06177679695207108,b6_b8_lambda10,legacy,0.11070066006999096,0.5580526521974886,False
1000.0,1e+24,32768,logarithmic,philpapers,0.01402588971098109,b6_b8_lambda10,legacy,0.005487697351757549,2.5558788708508144,False
1000.0,1e+24,32768,logarithmic,stackexchange,0.17891615038829284,b6_b8_lambda10,legacy,0.09943242344369017,1.799374330744491,False
1000.0,1e+24,32768,logarithmic,enron_emails,0.02828833187753618,b6_b8_lambda10,legacy,0.0022110330440804327,12.79416965443919,False
1000.0,1e+24,32768,logarithmic,gutenberg_pg_19,0.035568343402657306,b6_b8_lambda10,legacy,0.04691494424769629,0.7581452770116818,False
1000.0,1e+24,32768,logarithmic,pile_cc,0.010156484099406629,b6_b8_lambda10,legacy,0.11948759779117796,0.08500032042787042,False
1000.0,1e+24,32768,logarithmic,ubuntu_irc,0.043267053188478885,b6_b8_lambda10,legacy,0.019599998284382344,2.2075029069239718,False
1000.0,1e+24,32768,logarithmic,europarl,0.0011165000638452306,b6_b8_lambda10,legacy,0.012737064754468426,0.08765756360416864,False
1000.0,1e+24,32768,logarithmic,hackernews,0.03450222800668435,b6_b8_lambda10,legacy,0.01165082237856243,2.961355592388793,False
1000.0,1e+24,32768,logarithmic,pubmed_abstracts,0.02796814776220521,b6_b8_lambda10,legacy,0.06618116611255062,0.4225998030110461,False
1000.0,1e+24,32768,logarithmic,uspto_backgrounds,0.023837502257660848,b6_b8_lambda10,legacy,0.07556475309321728,0.31545795204617044,False
1000.0,1e+24,131072,logarithmic,arxiv,0.1405311596362659,b6_b8_lambda10,legacy,0.11302252583217468,1.2433907188106763,False
1000.0,1e+24,131072,logarithmic,freelaw,0.14284816180168566,b6_b8_lambda10,legacy,0.09682483215160405,1.4753256848204015,False
1000.0,1e+24,131072,logarithmic,nih_exporter,0.029457420433541548,b6_b8_lambda10,legacy,0.005889680217640528,5.001531381162579,False
1000.0,1e+24,131072,logarithmic,pubmed_central,0.16550558417503433,b6_b8_lambda10,legacy,0.11375419104995738,1.45494054018941,False
1000.0,1e+24,131072,logarithmic,wikipedia_en,0.05014634549760593,b6_b8_lambda10,legacy,0.07507775607969777,0.6679254697539676,False
1000.0,1e+24,131072,logarithmic,dm_mathematics,0.012486750571654798,b6_b8_lambda10,legacy,0.02546285409735114,0.4903908463644605,False
1000.0,1e+24,131072,logarithmic,github,0.06177193090263739,b6_b8_lambda10,legacy,0.11070066006999096,0.5580086953734678,False
1000.0,1e+24,131072,logarithmic,philpapers,0.013958007706889361,b6_b8_lambda10,legacy,0.005487697351757549,2.5435090188454033,False
1000.0,1e+24,131072,logarithmic,stackexchange,0.17887010602107042,b6_b8_lambda10,legacy,0.09943242344369017,1.7989112587843823,False
1000.0,1e+24,131072,logarithmic,enron_emails,0.028251923109048966,b6_b8_lambda10,legacy,0.0022110330440804327,12.777702795843526,False
1000.0,1e+24,131072,logarithmic,gutenberg_pg_19,0.03599591569094506,b6_b8_lambda10,legacy,0.04691494424769629,0.7672590529128169,False
1000.0,1e+24,131072,logarithmic,pile_cc,0.010060017892557283,b6_b8_lambda10,legacy,0.11948759779117796,0.08419298804666435,False
1000.0,1e+24,131072,logarithmic,ubuntu_irc,0.04304114866114963,b6_b8_lambda10,legacy,0.019599998284382344,2.195977164724838,False
1000.0,1e+24,131072,logarithmic,europarl,0.0011282278526180219,b6_b8_lambda10,legacy,0.012737064754468426,0.08857832431308132,False
1000.0,1e+24,131072,logarithmic,hackernews,0.03446649622540026,b6_b8_lambda10,legacy,0.01165082237856243,2.9582887031922125,False
1000.0,1e+24,131072,logarithmic,pubmed_abstracts,0.028044464495483805,b6_b8_lambda10,legacy,0.06618116611255062,0.423752951826055,False
1000.0,1e+24,131072,logarithmic,uspto_backgrounds,0.023436339326411725,b6_b8_lambda10,legacy,0.07556475309321728,0.31014908892113324,False
10000.0,1e+25,2048,logarithmic,arxiv,0.1404873511601977,b6_b8_lambda10,legacy,0.11302252583217468,1.243003110449019,False
10000.0,1e+25,2048,logarithmic,freelaw,0.14288236514001507,b6_b8_lambda10,legacy,0.09682483215160405,1.4756789344730923,False
10000.0,1e+25,2048,logarithmic,nih_exporter,0.029389261688405645,b6_b8_lambda10,legacy,0.005889680217640528,4.989958809712645,False
10000.0,1e+25,2048,logarithmic,pubmed_central,0.16548830898745248,b6_b8_lambda10,legacy,0.11375419104995738,1.4547886760038147,False
10000.0,1e+25,2048,logarithmic,wikipedia_en,0.0500032951529194,b6_b8_lambda10,legacy,0.07507775607969777,0.66602010720511,False
10000.0,1e+25,2048,logarithmic,dm_mathematics,0.013007013511446185,b6_b8_lambda10,legacy,0.02546285409735114,0.5108230782659703,False
10000.0,1e+25,2048,logarithmic,github,0.061825910776749086,b6_b8_lambda10,legacy,0.11070066006999096,0.558496315538312,False
10000.0,1e+25,2048,logarithmic,philpapers,0.013898364825453216,b6_b8_lambda10,legacy,0.005487697351757549,2.5326405474970257,False
10000.0,1e+25,2048,logarithmic,stackexchange,0.1788703542785001,b6_b8_lambda10,legacy,0.09943242344369017,1.7989137555296197,False
10000.0,1e+25,2048,logarithmic,enron_emails,0.02815286062584167,b6_b8_lambda10,legacy,0.0022110330440804327,12.732899085888798,False
10000.0,1e+25,2048,logarithmic,gutenberg_pg_19,0.036414309986472604,b6_b8_lambda10,legacy,0.04691494424769629,0.7761771983403922,False
10000.0,1e+25,2048,logarithmic,pile_cc,0.010127161927704843,b6_b8_lambda10,legacy,0.11948759779117796,0.08475492113753545,False
10000.0,1e+25,2048,logarithmic,ubuntu_irc,0.04338974346593706,b6_b8_lambda10,legacy,0.019599998284382344,2.213762615505474,False
10000.0,1e+25,2048,logarithmic,europarl,0.0011006386483945728,b6_b8_lambda10,legacy,0.012737064754468426,0.08641226763084846,False
10000.0,1e+25,2048,logarithmic,hackernews,0.03341266105472799,b6_b8_lambda10,legacy,0.01165082237856243,2.8678371336436688,False
10000.0,1e+25,2048,logarithmic,pubmed_abstracts,0.02772649366204696,b6_b8_lambda10,legacy,0.06618116611255062,0.4189484001368918,False
10000.0,1e+25,2048,logarithmic,uspto_backgrounds,0.0238239051077354,b6_b8_lambda10,legacy,0.07556475309321728,0.31527801167226793,False
10000.0,1e+25,4096,logarithmic,arxiv,0.1405097141757461,b6_b8_lambda10,legacy,0.11302252583217468,1.2432009737986807,False
10000.0,1e+25,4096,logarithmic,freelaw,0.14282821727365355,b6_b8_lambda10,legacy,0.09682483215160405,1.4751196991492785,False
10000.0,1e+25,4096,logarithmic,nih_exporter,0.02929203508772443,b6_b8_lambda10,legacy,0.005889680217640528,4.9734508505215835,False
10000.0,1e+25,4096,logarithmic,pubmed_central,0.16549686227745003,b6_b8_lambda10,legacy,0.11375419104995738,1.4548638669916685,False
10000.0,1e+25,4096,logarithmic,wikipedia_en,0.05003097056874034,b6_b8_lambda10,legacy,0.07507775607969777,0.6663887305799423,False
10000.0,1e+25,4096,logarithmic,dm_mathematics,0.012272172267370013,b6_b8_lambda10,legacy,0.02546285409735114,0.48196373511195145,False
10000.0,1e+25,4096,logarithmic,github,0.06182274002063409,b6_b8_lambda10,legacy,0.11070066006999096,0.5584676729257658,False
10000.0,1e+25,4096,logarithmic,philpapers,0.014135249104713907,b6_b8_lambda10,legacy,0.005487697351757549,2.575806973062536,False
10000.0,1e+25,4096,logarithmic,stackexchange,0.17881659179409534,b6_b8_lambda10,legacy,0.09943242344369017,1.7983730618349196,False
10000.0,1e+25,4096,logarithmic,enron_emails,0.02831183912163462,b6_b8_lambda10,legacy,0.0022110330440804327,12.804801446741605,False
10000.0,1e+25,4096,logarithmic,gutenberg_pg_19,0.03593044966041223,b6_b8_lambda10,legacy,0.04691494424769629,0.7658636333597808,False
10000.0,1e+25,4096,logarithmic,pile_cc,0.009996921301320898,b6_b8_lambda10,legacy,0.11948759779117796,0.08366492829483424,False
10000.0,1e+25,4096,logarithmic,ubuntu_irc,0.04300170423536993,b6_b8_lambda10,legacy,0.019599998284382344,2.193964693845637,False
10000.0,1e+25,4096,logarithmic,europarl,0.0010829275204658371,b6_b8_lambda10,legacy,0.012737064754468426,0.08502174883627907,False
10000.0,1e+25,4096,logarithmic,hackernews,0.03441706601559637,b6_b8_lambda10,legacy,0.01165082237856243,2.9540460662179466,False
10000.0,1e+25,4096,logarithmic,pubmed_abstracts,0.028327142371926118,b6_b8_lambda10,legacy,0.06618116611255062,0.42802422555915265,False
10000.0,1e+25,4096,logarithmic,uspto_backgrounds,0.023727397203146223,b6_b8_lambda10,legacy,0.07556475309321728,0.31400085664113686,False
10000.0,1e+25,8192,logarithmic,arxiv,0.14055211475788426,b6_b8_lambda10,legacy,0.11302252583217468,1.2435761254051942,True
10000.0,1e+25,8192,logarithmic,freelaw,0.14278608559288478,b6_b8_lambda10,legacy,0.09682483215160405,1.4746845661381227,True
10000.0,1e+25,8192,logarithmic,nih_exporter,0.029318957321876234,b6_b8_lambda10,legacy,0.005889680217640528,4.978021936413677,True
10000.0,1e+25,8192,logarithmic,pubmed_central,0.16536381365419292,b6_b8_lambda10,legacy,0.11375419104995738,1.4536942518589946,True
10000.0,1e+25,8192,logarithmic,wikipedia_en,0.05000671187152389,b6_b8_lambda10,legacy,0.07507775607969777,0.6660656162717482,True
10000.0,1e+25,8192,logarithmic,dm_mathematics,0.012927465755712974,b6_b8_lambda10,legacy,0.02546285409735114,0.507699007593096,True
10000.0,1e+25,8192,logarithmic,github,0.0617317636537009,b6_b8_lambda10,legacy,0.11070066006999096,0.5576458497598002,True
10000.0,1e+25,8192,logarithmic,philpapers,0.014040185964523267,b6_b8_lambda10,legacy,0.005487697351757549,2.5584840169851213,True
10000.0,1e+25,8192,logarithmic,stackexchange,0.17881005902607955,b6_b8_lambda10,legacy,0.09943242344369017,1.798307361253665,True
10000.0,1e+25,8192,logarithmic,enron_emails,0.02834366745830725,b6_b8_lambda10,legacy,0.0022110330440804327,12.819196680118077,True
10000.0,1e+25,8192,logarithmic,gutenberg_pg_19,0.0357273806855957,b6_b8_lambda10,legacy,0.04691494424769629,0.7615351836925621,True
10000.0,1e+25,8192,logarithmic,pile_cc,0.009777954619838648,b6_b8_lambda10,legacy,0.11948759779117796,0.0818323809382046,True
10000.0,1e+25,8192,logarithmic,ubuntu_irc,0.04321551120802203,b6_b8_lambda10,legacy,0.019599998284382344,2.2048732138133387,True
10000.0,1e+25,8192,logarithmic,europarl,0.0010991856398633569,b6_b8_lambda10,legacy,0.012737064754468426,0.08629819044279725,True
10000.0,1e+25,8192,logarithmic,hackernews,0.034449084058304116,b6_b8_lambda10,legacy,0.01165082237856243,2.9567942020720013,True
10000.0,1e+25,8192,logarithmic,pubmed_abstracts,0.028060661966656124,b6_b8_lambda10,legacy,0.06618116611255062,0.42399769624691896,True
10000.0,1e+25,8192,logarithmic,uspto_backgrounds,0.023789396765034134,b6_b8_lambda10,legacy,0.07556475309321728,0.31482133919881067,True
10000.0,1e+25,32768,logarithmic,arxiv,0.1404423795829171,b6_b8_lambda10,legacy,0.11302252583217468,1.2426052112076997,False
10000.0,1e+25,32768,logarithmic,freelaw,0.14287305829556257,b6_b8_lambda10,legacy,0.09682483215160405,1.475582814043594,False
10000.0,1e+25,32768,logarithmic,nih_exporter,0.02941763906086552,b6_b8_lambda10,legacy,0.005889680217640528,4.994776961362862,False
10000.0,1e+25,32768,logarithmic,pubmed_central,0.16551259452658024,b6_b8_lambda10,legacy,0.11375419104995738,1.4550021673829332,False
10000.0,1e+25,32768,logarithmic,wikipedia_en,0.050006754739246796,b6_b8_lambda10,legacy,0.07507775607969777,0.6660661872494272,False
10000.0,1e+25,32768,logarithmic,dm_mathematics,0.012496248485928781,b6_b8_lambda10,legacy,0.02546285409735114,0.49076385695619035,False
10000.0,1e+25,32768,logarithmic,github,0.06171906084115961,b6_b8_lambda10,legacy,0.11070066006999096,0.5575311005565592,False
10000.0,1e+25,32768,logarithmic,philpapers,0.01401920921731356,b6_b8_lambda10,legacy,0.005487697351757549,2.554661512596648,False
10000.0,1e+25,32768,logarithmic,stackexchange,0.17888790272379837,b6_b8_lambda10,legacy,0.09943242344369017,1.799090241676598,False
10000.0,1e+25,32768,logarithmic,enron_emails,0.028269798966213417,b6_b8_lambda10,legacy,0.0022110330440804327,12.78578763980925,False
10000.0,1e+25,32768,logarithmic,gutenberg_pg_19,0.03566762808771081,b6_b8_lambda10,legacy,0.04691494424769629,0.7602615469262172,False
10000.0,1e+25,32768,logarithmic,pile_cc,0.010119934467856938,b6_b8_lambda10,legacy,0.11948759779117796,0.08469443402438304,False
10000.0,1e+25,32768,logarithmic,ubuntu_irc,0.043234366187807204,b6_b8_lambda10,legacy,0.019599998284382344,2.205835202662093,False
10000.0,1e+25,32768,logarithmic,europarl,0.0011268937860613294,b6_b8_lambda10,legacy,0.012737064754468426,0.08847358538127803,False
10000.0,1e+25,32768,logarithmic,hackernews,0.03448911492273765,b6_b8_lambda10,legacy,0.01165082237856243,2.9602300852339654,False
10000.0,1e+25,32768,logarithmic,pubmed_abstracts,0.028063890871675858,b6_b8_lambda10,legacy,0.06618116611255062,0.42404648512764437,False
10000.0,1e+25,32768,logarithmic,uspto_backgrounds,0.02365352523656417,b6_b8_lambda10,legacy,0.07556475309321728,0.31302325844147194,False
10000.0,1e+25,131072,logarithmic,arxiv,0.14035938019537625,b6_b8_lambda10,legacy,0.11302252583217468,1.2418708497436486,False
10000.0,1e+25,131072,logarithmic,freelaw,0.14288825744178055,b6_b8_lambda10,legacy,0.09682483215160405,1.4757397897478657,False
10000.0,1e+25,131072,logarithmic,nih_exporter,0.029395620588269153,b6_b8_lambda10,legacy,0.005889680217640528,4.991038477814907,False
10000.0,1e+25,131072,logarithmic,pubmed_central,0.16551575250353553,b6_b8_lambda10,legacy,0.11375419104995738,1.4550299287948525,False
10000.0,1e+25,131072,logarithmic,wikipedia_en,0.04995072066084807,b6_b8_lambda10,legacy,0.07507775607969777,0.6653198399779497,False
10000.0,1e+25,131072,logarithmic,dm_mathematics,0.012488620892685466,b6_b8_lambda10,legacy,0.02546285409735114,0.4904642992862547,False
10000.0,1e+25,131072,logarithmic,github,0.06177832091664667,b6_b8_lambda10,legacy,0.11070066006999096,0.5580664187330687,False
10000.0,1e+25,131072,logarithmic,philpapers,0.014028812871592765,b6_b8_lambda10,legacy,0.005487697351757549,2.556411546110455,False
10000.0,1e+25,131072,logarithmic,stackexchange,0.1789025979940203,b6_b8_lambda10,legacy,0.09943242344369017,1.7992380332089069,False
10000.0,1e+25,131072,logarithmic,enron_emails,0.02829606533876648,b6_b8_lambda10,legacy,0.0022110330440804327,12.797667323210357,False
10000.0,1e+25,131072,logarithmic,gutenberg_pg_19,0.03566183781140128,b6_b8_lambda10,legacy,0.04691494424769629,0.7601381262038358,False
10000.0,1e+25,131072,logarithmic,pile_cc,0.010141884678941001,b6_b8_lambda10,legacy,0.11948759779117796,0.08487813686459265,False
10000.0,1e+25,131072,logarithmic,ubuntu_irc,0.043234429394499896,b6_b8_lambda10,legacy,0.019599998284382344,2.205838427493635,False
10000.0,1e+25,131072,logarithmic,europarl,0.0011250054024651134,b6_b8_lambda10,legacy,0.012737064754468426,0.08832532645093433,False
10000.0,1e+25,131072,logarithmic,hackernews,0.03451986841909386,b6_b8_lambda10,legacy,0.01165082237856243,2.962869683998495,False
10000.0,1e+25,131072,logarithmic,pubmed_abstracts,0.02802798151696709,b6_b8_lambda10,legacy,0.06618116611255062,0.4235038933780868,False
10000.0,1e+25,131072,logarithmic,uspto_backgrounds,0.023684843373110494,b6_b8_lambda10,legacy,0.07556475309321728,0.3134377127374807,False
100000.0,1e+26,2048,logarithmic,arxiv,0.14030355207872167,b6_b8_lambda10,legacy,0.11302252583217468,1.2413768940808856,False
100000.0,1e+26,2048,logarithmic,freelaw,0.14290291650797504,b6_b8_lambda10,legacy,0.09682483215160405,1.4758911875439553,False
100000.0,1e+26,2048,logarithmic,nih_exporter,0.029380828203851832,b6_b8_lambda10,legacy,0.005889680217640528,4.988526900976997,False
100000.0,1e+26,2048,logarithmic,pubmed_central,0.1655332850803896,b6_b8_lambda10,legacy,0.11375419104995738,1.4551840556599136,False
100000.0,1e+26,2048,logarithmic,wikipedia_en,0.04997331819948578,b6_b8_lambda10,legacy,0.07507775607969777,0.6656208284440105,False
100000.0,1e+26,2048,logarithmic,dm_mathematics,0.012398582805374335,b6_b8_lambda10,legacy,0.02546285409735114,0.48692824292089626,False
100000.0,1e+26,2048,logarithmic,github,0.061808080469295944,b6_b8_lambda10,legacy,0.11070066006999096,0.5583352477773621,False
100000.0,1e+26,2048,logarithmic,philpapers,0.014036014712526305,b6_b8_lambda10,legacy,0.005487697351757549,2.55772390728344,False
100000.0,1e+26,2048,logarithmic,stackexchange,0.17892202725766507,b6_b8_lambda10,legacy,0.09943242344369017,1.799433434899541,False
100000.0,1e+26,2048,logarithmic,enron_emails,0.028308633221739998,b6_b8_lambda10,legacy,0.0022110330440804327,12.803351491073505,False
100000.0,1e+26,2048,logarithmic,gutenberg_pg_19,0.03568382272914109,b6_b8_lambda10,legacy,0.04691494424769629,0.7606067384571881,False
100000.0,1e+26,2048,logarithmic,pile_cc,0.010126616951145417,b6_b8_lambda10,legacy,0.11948759779117796,0.08475036019088074,False
100000.0,1e+26,2048,logarithmic,ubuntu_irc,0.043226630843631375,b6_b8_lambda10,legacy,0.019599998284382344,2.2054405422104137,False
100000.0,1e+26,2048,logarithmic,europarl,0.0011375525731013051,b6_b8_lambda10,legacy,0.012737064754468426,0.08931041766920657,False
100000.0,1e+26,2048,logarithmic,hackernews,0.03450674146477662,b6_b8_lambda10,legacy,0.01165082237856243,2.96174298633796,False
100000.0,1e+26,2048,logarithmic,pubmed_abstracts,0.028099207637768436,b6_b8_lambda10,legacy,0.06618116611255062,0.42458012284010954,False
100000.0,1e+26,2048,logarithmic,uspto_backgrounds,0.023652189263410107,b6_b8_lambda10,legacy,0.07556475309321728,0.31300557859604966,False
100000.0,1e+26,4096,logarithmic,arxiv,0.14026656168991708,b6_b8_lambda10,legacy,0.11302252583217468,1.2410496107492468,False
100000.0,1e+26,4096,logarithmic,freelaw,0.14288010924428968,b6_b8_lambda10,legacy,0.09682483215160405,1.4756556357420203,False
100000.0,1e+26,4096,logarithmic,nih_exporter,0.029386517354825205,b6_b8_lambda10,legacy,0.005889680217640528,4.989492853416373,False
100000.0,1e+26,4096,logarithmic,pubmed_central,0.16550814615563567,b6_b8_lambda10,legacy,0.11375419104995738,1.454963062265983,False
100000.0,1e+26,4096,logarithmic,wikipedia_en,0.04991540639001757,b6_b8_lambda10,legacy,0.07507775607969777,0.6648494706878366,False
100000.0,1e+26,4096,logarithmic,dm_mathematics,0.012567622190936132,b6_b8_lambda10,legacy,0.02546285409735114,0.49356690899169553,False
100000.0,1e+26,4096,logarithmic,github,0.06176560771505982,b6_b8_lambda10,legacy,0.11070066006999096,0.5579515756817371,False
100000.0,1e+26,4096,logarithmic,philpapers,0.01398452633227799,b6_b8_lambda10,legacy,0.005487697351757549,2.5483413963780555,False
100000.0,1e+26,4096,logarithmic,stackexchange,0.17890106552860593,b6_b8_lambda10,legacy,0.09943242344369017,1.7992226210791276,False
100000.0,1e+26,4096,logarithmic,enron_emails,0.02828296368127592,b6_b8_lambda10,legacy,0.0022110330440804327,12.791741741263206,False
100000.0,1e+26,4096,logarithmic,gutenberg_pg_19,0.035614366614807685,b6_b8_lambda10,legacy,0.04691494424769629,0.7591262695906644,False
100000.0,1e+26,4096,logarithmic,pile_cc,0.010168085503693521,b6_b8_lambda10,legacy,0.11948759779117796,0.08509741338564474,False
100000.0,1e+26,4096,logarithmic,ubuntu_irc,0.04322459350476691,b6_b8_lambda10,legacy,0.019599998284382344,2.2053365963408833,False
100000.0,1e+26,4096,logarithmic,europarl,0.0010077390291545795,b6_b8_lambda10,legacy,0.012737064754468426,0.07911862337050958,False
100000.0,1e+26,4096,logarithmic,hackernews,0.034503576852024445,b6_b8_lambda10,legacy,0.01165082237856243,2.961471364932247,False
100000.0,1e+26,4096,logarithmic,pubmed_abstracts,0.0279533914424292,b6_b8_lambda10,legacy,0.06618116611255062,0.42237683444396285,False
100000.0,1e+26,4096,logarithmic,uspto_backgrounds,0.02406972077028258,b6_b8_lambda10,legacy,0.07556475309321728,0.31853105826455863,False
100000.0,1e+26,8192,logarithmic,arxiv,0.14026656762202638,b6_b8_lambda10,legacy,0.11302252583217468,1.2410496632353265,False
100000.0,1e+26,8192,logarithmic,freelaw,0.1428803775650904,b6_b8_lambda10,legacy,0.09682483215160405,1.4756584069402217,False
100000.0,1e+26,8192,logarithmic,nih_exporter,0.029386523814100486,b6_b8_lambda10,legacy,0.005889680217640528,4.989493950127067,False
100000.0,1e+26,8192,logarithmic,pubmed_central,0.16550774684152383,b6_b8_lambda10,legacy,0.11375419104995738,1.4549595519415885,False
100000.0,1e+26,8192,logarithmic,wikipedia_en,0.04991615219278359,b6_b8_lambda10,legacy,0.07507775607969777,0.6648594044259365,False
100000.0,1e+26,8192,logarithmic,dm_mathematics,0.012568564550525206,b6_b8_lambda10,legacy,0.02546285409735114,0.493603918181061,False
100000.0,1e+26,8192,logarithmic,github,0.061766089671962766,b6_b8_lambda10,legacy,0.11070066006999096,0.5579559293766713,False
100000.0,1e+26,8192,logarithmic,philpapers,0.013985186780987036,b6_b8_lambda10,legacy,0.005487697351757549,2.5484617471675963,False
100000.0,1e+26,8192,logarithmic,stackexchange,0.1789010421184168,b6_b8_lambda10,legacy,0.09943242344369017,1.7992223856409442,False
100000.0,1e+26,8192,logarithmic,enron_emails,0.028282571349842724,b6_b8_lambda10,legacy,0.0022110330440804327,12.791564298671723,False
100000.0,1e+26,8192,logarithmic,gutenberg_pg_19,0.03561537613819598,b6_b8_lambda10,legacy,0.04691494424769629,0.7591477877530428,False
100000.0,1e+26,8192,logarithmic,pile_cc,0.010167540006077502,b6_b8_lambda10,legacy,0.11948759779117796,0.08509284807823123,False
100000.0,1e+26,8192,logarithmic,ubuntu_irc,0.043224033229269605,b6_b8_lambda10,legacy,0.019599998284382344,2.2053080108538246,False
100000.0,1e+26,8192,logarithmic,europarl,0.001007738463733285,b6_b8_lambda10,legacy,0.012737064754468426,0.07911857897870461,False
100000.0,1e+26,8192,logarithmic,hackernews,0.034503893193264336,b6_b8_lambda10,legacy,0.01165082237856243,2.961498516770084,False
100000.0,1e+26,8192,logarithmic,pubmed_abstracts,0.027952561189039906,b6_b8_lambda10,legacy,0.06618116611255062,0.4223642892828836,False
100000.0,1e+26,8192,logarithmic,uspto_backgrounds,0.024068035273160277,b6_b8_lambda10,legacy,0.07556475309321728,0.3185087529296861,False
100000.0,1e+26,32768,logarithmic,arxiv,0.14026703702925455,b6_b8_lambda10,legacy,0.11302252583217468,1.241053816453676,True
100000.0,1e+26,32768,logarithmic,freelaw,0.142880518540532,b6_b8_lambda10,legacy,0.09682483215160405,1.4756598629245852,True
100000.0,1e+26,32768,logarithmic,nih_exporter,0.029386192079993472,b6_b8_lambda10,legacy,0.005889680217640528,4.989437625488928,True
100000.0,1e+26,32768,logarithmic,pubmed_central,0.16550816475927943,b6_b8_lambda10,legacy,0.11375419104995738,1.4549632258084741,True
100000.0,1e+26,32768,logarithmic,wikipedia_en,0.049916088405968555,b6_b8_lambda10,legacy,0.07507775607969777,0.6648585548159006,True
100000.0,1e+26,32768,logarithmic,dm_mathematics,0.012567816739830238,b6_b8_lambda10,legacy,0.02546285409735114,0.4935745494900215,True
100000.0,1e+26,32768,logarithmic,github,0.06176588454519071,b6_b8_lambda10,legacy,0.11070066006999096,0.5579540763906825,True
100000.0,1e+26,32768,logarithmic,philpapers,0.013984179207514148,b6_b8_lambda10,legacy,0.005487697351757549,2.5482781412928,True
100000.0,1e+26,32768,logarithmic,stackexchange,0.17890089666114475,b6_b8_lambda10,legacy,0.09943242344369017,1.7992209227652847,True
100000.0,1e+26,32768,logarithmic,enron_emails,0.028282960232766274,b6_b8_lambda10,legacy,0.0022110330440804327,12.79174018158066,True
100000.0,1e+26,32768,logarithmic,gutenberg_pg_19,0.035616679267727845,b6_b8_lambda10,legacy,0.04691494424769629,0.7591755641802083,True
100000.0,1e+26,32768,logarithmic,pile_cc,0.010167666064745388,b6_b8_lambda10,legacy,0.11948759779117796,0.08509390307197297,True
100000.0,1e+26,32768,logarithmic,ubuntu_irc,0.043224052737401146,b6_b8_lambda10,legacy,0.019599998284382344,2.2053090061667455,True
100000.0,1e+26,32768,logarithmic,europarl,0.0010077387084577645,b6_b8_lambda10,legacy,0.012737064754468426,0.07911859819227415,True
100000.0,1e+26,32768,logarithmic,hackernews,0.03450340361378586,b6_b8_lambda10,legacy,0.01165082237856243,2.961456495746797,True
100000.0,1e+26,32768,logarithmic,pubmed_abstracts,0.027951956619848516,b6_b8_lambda10,legacy,0.06618116611255062,0.4223551542188329,True
100000.0,1e+26,32768,logarithmic,uspto_backgrounds,0.024068764786559393,b6_b8_lambda10,legacy,0.07556475309321728,0.3185184070788662,True
100000.0,1e+26,131072,logarithmic,arxiv,0.14027561183612186,b6_b8_lambda10,legacy,0.11302252583217468,1.241129684576461,False
100000.0,1e+26,131072,logarithmic,freelaw,0.14295066497826162,b6_b8_lambda10,legacy,0.09682483215160405,1.4763843303589288,False
100000.0,1e+26,131072,logarithmic,nih_exporter,0.029500222913847466,b6_b8_lambda10,legacy,0.005889680217640528,5.008798750310689,False
100000.0,1e+26,131072,logarithmic,pubmed_central,0.1655354849034409,b6_b8_lambda10,legacy,0.11375419104995738,1.4552033940511497,False
100000.0,1e+26,131072,logarithmic,wikipedia_en,0.04983623994069018,b6_b8_lambda10,legacy,0.07507775607969777,0.6637950112385778,False
100000.0,1e+26,131072,logarithmic,dm_mathematics,0.012217942578922513,b6_b8_lambda10,legacy,0.02546285409735114,0.4798339782417999,False
100000.0,1e+26,131072,logarithmic,github,0.06170551967984817,b6_b8_lambda10,legacy,0.11070066006999096,0.5574087782388524,False
100000.0,1e+26,131072,logarithmic,philpapers,0.01401933820575748,b6_b8_lambda10,legacy,0.005487697351757549,2.5546850176180897,False
100000.0,1e+26,131072,logarithmic,stackexchange,0.17895165389630566,b6_b8_lambda10,legacy,0.09943242344369017,1.7997313924229978,False
100000.0,1e+26,131072,logarithmic,enron_emails,0.028227098492352887,b6_b8_lambda10,legacy,0.0022110330440804327,12.766475185852556,False
100000.0,1e+26,131072,logarithmic,gutenberg_pg_19,0.03547902230800915,b6_b8_lambda10,legacy,0.04691494424769629,0.75624138271786,False
100000.0,1e+26,131072,logarithmic,pile_cc,0.010422730270823261,b6_b8_lambda10,legacy,0.11948759779117796,0.08722855311760896,False
100000.0,1e+26,131072,logarithmic,ubuntu_irc,0.043405900939090955,b6_b8_lambda10,legacy,0.019599998284382344,2.2145869764528303,False
100000.0,1e+26,131072,logarithmic,europarl,0.0011442995814350402,b6_b8_lambda10,legacy,0.012737064754468426,0.08984013220421104,False
100000.0,1e+26,131072,logarithmic,hackernews,0.03464815304882554,b6_b8_lambda10,legacy,0.01165082237856243,2.973880462942969,False
100000.0,1e+26,131072,logarithmic,pubmed_abstracts,0.02764891004326471,b6_b8_lambda10,legacy,0.06618116611255062,0.4177761086325338,False
100000.0,1e+26,131072,logarithmic,uspto_backgrounds,0.024031206383002806,b6_b8_lambda10,legacy,0.07556475309321728,0.318021371066451,False
1000000.0,1e+27,2048,logarithmic,arxiv,0.14028264497922346,b6_b8_lambda10,legacy,0.11302252583217468,1.2411919123761832,False
1000000.0,1e+27,2048,logarithmic,freelaw,0.14290539505090766,b6_b8_lambda10,legacy,0.09682483215160405,1.475916785759594,False
1000000.0,1e+27,2048,logarithmic,nih_exporter,0.029391582565536593,b6_b8_lambda10,legacy,0.005889680217640528,4.990352867971359,False
1000000.0,1e+27,2048,logarithmic,pubmed_central,0.16552851325772178,b6_b8_lambda10,legacy,0.11375419104995738,1.4551421071160946,False
1000000.0,1e+27,2048,logarithmic,wikipedia_en,0.04994513384868754,b6_b8_lambda10,legacy,0.07507775607969777,0.6652454262973572,False
1000000.0,1e+27,2048,logarithmic,dm_mathematics,0.012569120417615699,b6_b8_lambda10,legacy,0.02546285409735114,0.49362574869104103,False
1000000.0,1e+27,2048,logarithmic,github,0.06179575185173681,b6_b8_lambda10,legacy,0.11070066006999096,0.5582238788157738,False
1000000.0,1e+27,2048,logarithmic,philpapers,0.01399017216293241,b6_b8_lambda10,legacy,0.005487697351757549,2.549370212344485,False
1000000.0,1e+27,2048,logarithmic,stackexchange,0.17892173431155842,b6_b8_lambda10,legacy,0.09943242344369017,1.799430488716631,False
1000000.0,1e+27,2048,logarithmic,enron_emails,0.02829542558685138,b6_b8_lambda10,legacy,0.0022110330440804327,12.797377977957552,False
1000000.0,1e+27,2048,logarithmic,gutenberg_pg_19,0.03556557700244462,b6_b8_lambda10,legacy,0.04691494424769629,0.7580863107215785,False
1000000.0,1e+27,2048,logarithmic,pile_cc,0.010162226528471048,b6_b8_lambda10,legacy,0.11948759779117796,0.08504837921531425,False
1000000.0,1e+27,2048,logarithmic,ubuntu_irc,0.04329896050276416,b6_b8_lambda10,legacy,0.019599998284382344,2.209130831264695,False
1000000.0,1e+27,2048,logarithmic,europarl,0.001132123583210617,b6_b8_lambda10,legacy,0.012737064754468426,0.08888418211216557,False
1000000.0,1e+27,2048,logarithmic,hackernews,0.03453635941594941,b6_b8_lambda10,legacy,0.01165082237856243,2.9642851202930087,False
1000000.0,1e+27,2048,logarithmic,pubmed_abstracts,0.02795401212065001,b6_b8_lambda10,legacy,0.06618116611255062,0.42238621291607614,False
1000000.0,1e+27,2048,logarithmic,uspto_backgrounds,0.023725266813738335,b6_b8_lambda10,legacy,0.07556475309321728,0.31397266374271954,False
1000000.0,1e+27,4096,logarithmic,arxiv,0.14024755037687886,b6_b8_lambda10,legacy,0.11302252583217468,1.2408814025721757,False
1000000.0,1e+27,4096,logarithmic,freelaw,0.14288889997913018,b6_b8_lambda10,legacy,0.09682483215160405,1.4757464258280464,False
1000000.0,1e+27,4096,logarithmic,nih_exporter,0.029409621995973727,b6_b8_lambda10,legacy,0.005889680217640528,4.9934157558991465,False
1000000.0,1e+27,4096,logarithmic,pubmed_central,0.16552658692064515,b6_b8_lambda10,legacy,0.11375419104995738,1.4551251729085823,False
1000000.0,1e+27,4096,logarithmic,wikipedia_en,0.049897354153461033,b6_b8_lambda10,legacy,0.07507775607969777,0.6646090234835093,False
1000000.0,1e+27,4096,logarithmic,dm_mathematics,0.012504482144520268,b6_b8_lambda10,legacy,0.02546285409735114,0.49108721656701826,False
1000000.0,1e+27,4096,logarithmic,github,0.06172863779652024,b6_b8_lambda10,legacy,0.11070066006999096,0.5576176127359317,False
1000000.0,1e+27,4096,logarithmic,philpapers,0.014065577902368152,b6_b8_lambda10,legacy,0.005487697351757549,2.5631110829869943,False
1000000.0,1e+27,4096,logarithmic,stackexchange,0.1789107302499544,b6_b8_lambda10,legacy,0.09943242344369017,1.799319819970734,False
1000000.0,1e+27,4096,logarithmic,enron_emails,0.028297695593929254,b6_b8_lambda10,legacy,0.0022110330440804327,12.79840465057285,False
1000000.0,1e+27,4096,logarithmic,gutenberg_pg_19,0.03562121912356015,b6_b8_lambda10,legacy,0.04691494424769629,0.7592723319778707,False
1000000.0,1e+27,4096,logarithmic,pile_cc,0.010174610291209307,b6_b8_lambda10,legacy,0.11948759779117796,0.08515201978527451,False
1000000.0,1e+27,4096,logarithmic,ubuntu_irc,0.043280891842098566,b6_b8_lambda10,legacy,0.019599998284382344,2.20820896074188,False
1000000.0,1e+27,4096,logarithmic,europarl,0.0010988889038955729,b6_b8_lambda10,legacy,0.012737064754468426,0.08627489339803034,False
1000000.0,1e+27,4096,logarithmic,hackernews,0.03454644402841361,b6_b8_lambda10,legacy,0.01165082237856243,2.9651506911631604,False
1000000.0,1e+27,4096,logarithmic,pubmed_abstracts,0.027883743646568093,b6_b8_lambda10,legacy,0.06618116611255062,0.4213244535333174,False
1000000.0,1e+27,4096,logarithmic,uspto_backgrounds,0.023917065050873428,b6_b8_lambda10,legacy,0.07556475309321728,0.31651086084234464,False
1000000.0,1e+27,8192,logarithmic,arxiv,0.14026647021843147,b6_b8_lambda10,legacy,0.11302252583217468,1.2410488014284062,False
1000000.0,1e+27,8192,logarithmic,freelaw,0.14288009183521377,b6_b8_lambda10,legacy,0.09682483215160405,1.475655455942319,False
1000000.0,1e+27,8192,logarithmic,nih_exporter,0.02938684030612631,b6_b8_lambda10,legacy,0.005889680217640528,4.989547686835025,False
1000000.0,1e+27,8192,logarithmic,pubmed_central,0.16550820927218832,b6_b8_lambda10,legacy,0.11375419104995738,1.4549636171163325,False
1000000.0,1e+27,8192,logarithmic,wikipedia_en,0.049915914818449196,b6_b8_lambda10,legacy,0.07507775607969777,0.6648562427127102,False
1000000.0,1e+27,8192,logarithmic,dm_mathematics,0.012569503170257727,b6_b8_lambda10,legacy,0.02546285409735114,0.49364078049543203,False
1000000.0,1e+27,8192,logarithmic,github,0.06176588915006558,b6_b8_lambda10,legacy,0.11070066006999096,0.55795411798822,False
1000000.0,1e+27,8192,logarithmic,philpapers,0.013983989509657159,b6_b8_lambda10,legacy,0.005487697351757549,2.5482435734504376,False
1000000.0,1e+27,8192,logarithmic,stackexchange,0.1789009032486082,b6_b8_lambda10,legacy,0.09943242344369017,1.799220989015942,False
1000000.0,1e+27,8192,logarithmic,enron_emails,0.028282861952624465,b6_b8_lambda10,legacy,0.0022110330440804327,12.791695731705941,False
1000000.0,1e+27,8192,logarithmic,gutenberg_pg_19,0.03561557117534423,b6_b8_lambda10,legacy,0.04691494424769629,0.7591519450029635,False
1000000.0,1e+27,8192,logarithmic,pile_cc,0.010167044992012417,b6_b8_lambda10,legacy,0.11948759779117796,0.08508870527115972,False
1000000.0,1e+27,8192,logarithmic,ubuntu_irc,0.04322335938022354,b6_b8_lambda10,legacy,0.019599998284382344,2.205273630797445,False
1000000.0,1e+27,8192,logarithmic,europarl,0.0010077385276372965,b6_b8_lambda10,legacy,0.012737064754468426,0.079118583995874,False
1000000.0,1e+27,8192,logarithmic,hackernews,0.034504278783986785,b6_b8_lambda10,legacy,0.01165082237856243,2.9615316123499427,False
1000000.0,1e+27,8192,logarithmic,pubmed_abstracts,0.027953107890831445,b6_b8_lambda10,legacy,0.06618116611255062,0.4223725499682667,False
1000000.0,1e+27,8192,logarithmic,uspto_backgrounds,0.02406822576834212,b6_b8_lambda10,legacy,0.07556475309321728,0.3185112738825649,False
1000000.0,1e+27,32768,logarithmic,arxiv,0.14026611222526308,b6_b8_lambda10,legacy,0.11302252583217468,1.241045633978681,False
1000000.0,1e+27,32768,logarithmic,freelaw,0.14288016517931457,b6_b8_lambda10,legacy,0.09682483215160405,1.4756562134349906,False
1000000.0,1e+27,32768,logarithmic,nih_exporter,0.029386741360225167,b6_b8_lambda10,legacy,0.005889680217640528,4.989530886958379,False
1000000.0,1e+27,32768,logarithmic,pubmed_central,0.1655079301159759,b6_b8_lambda10,legacy,0.11375419104995738,1.454961163086201,False
1000000.0,1e+27,32768,logarithmic,wikipedia_en,0.049914273532037166,b6_b8_lambda10,legacy,0.07507775607969777,0.6648343815583853,False
1000000.0,1e+27,32768,logarithmic,dm_mathematics,0.012572862627471943,b6_b8_lambda10,legacy,0.02546285409735114,0.4937727161064744,False
1000000.0,1e+27,32768,logarithmic,github,0.061765461050861864,b6_b8_lambda10,legacy,0.11070066006999096,0.5579502508098,False
1000000.0,1e+27,32768,logarithmic,philpapers,0.013983961550194293,b6_b8_lambda10,legacy,0.005487697351757549,2.5482384785151533,False
1000000.0,1e+27,32768,logarithmic,stackexchange,0.17890211052126961,b6_b8_lambda10,legacy,0.09943242344369017,1.799233130655657,False
1000000.0,1e+27,32768,logarithmic,enron_emails,0.02828342015992009,b6_b8_lambda10,legacy,0.0022110330440804327,12.791948196180464,False
1000000.0,1e+27,32768,logarithmic,gutenberg_pg_19,0.03561015065616585,b6_b8_lambda10,legacy,0.04691494424769629,0.7590364057165954,False
1000000.0,1e+27,32768,logarithmic,pile_cc,0.010166457798918466,b6_b8_lambda10,legacy,0.11948759779117796,0.08508379101139717,False
1000000.0,1e+27,32768,logarithmic,ubuntu_irc,0.043223521134166394,b6_b8_lambda10,legacy,0.019599998284382344,2.2052818835503536,False
1000000.0,1e+27,32768,logarithmic,europarl,0.0010077388119385379,b6_b8_lambda10,legacy,0.012737064754468426,0.07911860631665567,False
1000000.0,1e+27,32768,logarithmic,hackernews,0.03450328905312348,b6_b8_lambda10,legacy,0.01165082237856243,2.96144666290765,False
1000000.0,1e+27,32768,logarithmic,pubmed_abstracts,0.027956730964755306,b6_b8_lambda10,legacy,0.06618116611255062,0.4224272947564999,False
1000000.0,1e+27,32768,logarithmic,uspto_backgrounds,0.024069073258398268,b6_b8_lambda10,legacy,0.07556475309321728,0.3185224892974436,False
1000000.0,1e+27,131072,logarithmic,arxiv,0.14029858067543408,b6_b8_lambda10,legacy,0.11302252583217468,1.2413329081298463,True
1000000.0,1e+27,131072,logarithmic,freelaw,0.14291926104742816,b6_b8_lambda10,legacy,0.09682483215160405,1.4760599927883324,True
1000000.0,1e+27,131072,logarithmic,nih_exporter,0.02937100991048827,b6_b8_lambda10,legacy,0.005889680217640528,4.9868598676236155,True
1000000.0,1e+27,131072,logarithmic,pubmed_central,0.16554380090907891,b6_b8_lambda10,legacy,0.11375419104995738,1.455276499099511,True
1000000.0,1e+27,131072,logarithmic,wikipedia_en,0.04992345669477217,b6_b8_lambda10,legacy,0.07507775607969777,0.664956696918014,True
1000000.0,1e+27,131072,logarithmic,dm_mathematics,0.012378400647700877,b6_b8_lambda10,legacy,0.02546285409735114,0.4861356311580398,True
1000000.0,1e+27,131072,logarithmic,github,0.06174049743586294,b6_b8_lambda10,legacy,0.11070066006999096,0.5577247452438607,True
1000000.0,1e+27,131072,logarithmic,philpapers,0.013962115762448508,b6_b8_lambda10,legacy,0.005487697351757549,2.544257612526108,True
1000000.0,1e+27,131072,logarithmic,stackexchange,0.17894436890747895,b6_b8_lambda10,legacy,0.09943242344369017,1.7996581266956384,True
1000000.0,1e+27,131072,logarithmic,enron_emails,0.028274808198653165,b6_b8_lambda10,legacy,0.0022110330440804327,12.788053201806688,True
1000000.0,1e+27,131072,logarithmic,gutenberg_pg_19,0.03560604318374352,b6_b8_lambda10,legacy,0.04691494424769629,0.7589488542447094,True
1000000.0,1e+27,131072,logarithmic,pile_cc,0.010331086020616814,b6_b8_lambda10,legacy,0.11948759779117796,0.08646157602625752,True
1000000.0,1e+27,131072,logarithmic,ubuntu_irc,0.04322524138287704,b6_b8_lambda10,legacy,0.019599998284382344,2.2053696513493954,True
1000000.0,1e+27,131072,logarithmic,europarl,0.0010077316280902968,b6_b8_lambda10,legacy,0.012737064754468426,0.07911804230537209,True
1000000.0,1e+27,131072,logarithmic,hackernews,0.03449602931042622,b6_b8_lambda10,legacy,0.01165082237856243,2.9608235530136553,True
1000000.0,1e+27,131072,logarithmic,pubmed_abstracts,0.027929909776293955,b6_b8_lambda10,legacy,0.06618116611255062,0.4220220255532384,True
1000000.0,1e+27,131072,logarithmic,uspto_backgrounds,0.024047658508605987,b6_b8_lambda10,legacy,0.07556475309321728,0.31823909328388333,True
0.01,1e+19,2048,exponential,arxiv,0.9766849314556002,b6_b8_lambda10,expanded,0.11302252583217468,8.641506852411561,False
0.01,1e+19,2048,exponential,freelaw,0.0028657481130079437,b6_b8_lambda10,expanded,0.09682483215160405,0.029597243282806645,False
0.01,1e+19,2048,exponential,nih_exporter,0.001052811032168737,b6_b8_lambda10,expanded,0.005889680217640528,0.17875521136366632,False
0.01,1e+19,2048,exponential,pubmed_central,0.0032021667202543186,b6_b8_lambda10,expanded,0.11375419104995738,0.028149879056746353,False
0.01,1e+19,2048,exponential,wikipedia_en,0.0011481179101105016,b6_b8_lambda10,expanded,0.07507775607969777,0.015292384456612325,False
0.01,1e+19,2048,exponential,dm_mathematics,0.0010274523323797055,b6_b8_lambda10,expanded,0.02546285409735114,0.04035102775405643,False
0.01,1e+19,2048,exponential,github,0.0010060434497146966,b6_b8_lambda10,expanded,0.11070066006999096,0.009087962520536204,False
0.01,1e+19,2048,exponential,philpapers,0.001023221125001226,b6_b8_lambda10,expanded,0.005487697351757549,0.1864572806066862,False
0.01,1e+19,2048,exponential,stackexchange,0.0033952806433921573,b6_b8_lambda10,expanded,0.09943242344369017,0.03414661461323979,False
0.01,1e+19,2048,exponential,enron_emails,0.001019923063964632,b6_b8_lambda10,expanded,0.0022110330440804327,0.4612880240280703,False
0.01,1e+19,2048,exponential,gutenberg_pg_19,0.0010916181873524113,b6_b8_lambda10,expanded,0.04691494424769629,0.023268026955100007,False
0.01,1e+19,2048,exponential,pile_cc,0.0010172533505212362,b6_b8_lambda10,expanded,0.11948759779117796,0.00851346390191085,False
0.01,1e+19,2048,exponential,ubuntu_irc,0.0010447713544146314,b6_b8_lambda10,expanded,0.019599998284382344,0.05330466560536004,False
0.01,1e+19,2048,exponential,europarl,0.0010055273837291693,b6_b8_lambda10,expanded,0.012737064754468426,0.07894498482285013,False
0.01,1e+19,2048,exponential,hackernews,0.0010301655610275317,b6_b8_lambda10,expanded,0.01165082237856243,0.08841998680908923,False
0.01,1e+19,2048,exponential,pubmed_abstracts,0.0010576624862499004,b6_b8_lambda10,expanded,0.06618116611255062,0.01598132139967423,False
0.01,1e+19,2048,exponential,uspto_backgrounds,0.00132730583111099,b6_b8_lambda10,expanded,0.07556475309321728,0.017565144816573605,False
0.01,1e+19,4096,exponential,arxiv,0.9768785978354576,b6_b8_lambda10,expanded,0.11302252583217468,8.643220372600847,True
0.01,1e+19,4096,exponential,freelaw,0.0027857989740836375,b6_b8_lambda10,expanded,0.09682483215160405,0.028771534245695944,True
0.01,1e+19,4096,exponential,nih_exporter,0.0010220850374988476,b6_b8_lambda10,expanded,0.005889680217640528,0.17353829065923485,True
0.01,1e+19,4096,exponential,pubmed_central,0.0032395858703111514,b6_b8_lambda10,expanded,0.11375419104995738,0.028478826497816013,True
0.01,1e+19,4096,exponential,wikipedia_en,0.0011244852403649412,b6_b8_lambda10,expanded,0.07507775607969777,0.01497760853655854,True
0.01,1e+19,4096,exponential,dm_mathematics,0.001026907844432946,b6_b8_lambda10,expanded,0.02546285409735114,0.040329644135995484,True
0.01,1e+19,4096,exponential,github,0.001006184597308366,b6_b8_lambda10,expanded,0.11070066006999096,0.009089237558946816,True
0.01,1e+19,4096,exponential,philpapers,0.0010173829279258417,b6_b8_lambda10,expanded,0.005487697351757549,0.18539341051670855,True
0.01,1e+19,4096,exponential,stackexchange,0.003312695314080218,b6_b8_lambda10,expanded,0.09943242344369017,0.03331604721427955,True
0.01,1e+19,4096,exponential,enron_emails,0.0010091182910522568,b6_b8_lambda10,expanded,0.0022110330440804327,0.456401270778813,True
0.01,1e+19,4096,exponential,gutenberg_pg_19,0.0010719551834899902,b6_b8_lambda10,expanded,0.04691494424769629,0.0228489066901668,True
0.01,1e+19,4096,exponential,pile_cc,0.0010150030753802346,b6_b8_lambda10,expanded,0.11948759779117796,0.008494631193055708,True
0.01,1e+19,4096,exponential,ubuntu_irc,0.0010648747288422502,b6_b8_lambda10,expanded,0.019599998284382344,0.05433034806389564,True
0.01,1e+19,4096,exponential,europarl,0.0010068947544487354,b6_b8_lambda10,expanded,0.012737064754468426,0.07905233849859293,True
0.01,1e+19,4096,exponential,hackernews,0.0010395887764148846,b6_b8_lambda10,expanded,0.01165082237856243,0.08922878940526405,True
0.01,1e+19,4096,exponential,pubmed_abstracts,0.001051470749964358,b6_b8_lambda10,expanded,0.06618116611255062,0.015887764023017975,True
0.01,1e+19,4096,exponential,uspto_backgrounds,0.0013273707989440158,b6_b8_lambda10,expanded,0.07556475309321728,0.017566004580291034,True
0.01,1e+19,8192,exponential,arxiv,0.9768614571309227,b6_b8_lambda10,expanded,0.11302252583217468,8.643068715182038,False
0.01,1e+19,8192,exponential,freelaw,0.0027726467316282776,b6_b8_lambda10,expanded,0.09682483215160405,0.028635698818325755,False
0.01,1e+19,8192,exponential,nih_exporter,0.001022284075374429,b6_b8_lambda10,expanded,0.005889680217640528,0.17357208500259924,False
0.01,1e+19,8192,exponential,pubmed_central,0.0032687577474856217,b6_b8_lambda10,expanded,0.11375419104995738,0.028735273112267864,False
0.01,1e+19,8192,exponential,wikipedia_en,0.00112680831603267,b6_b8_lambda10,expanded,0.07507775607969777,0.015008550799474107,False
0.01,1e+19,8192,exponential,dm_mathematics,0.0010280689824540416,b6_b8_lambda10,expanded,0.02546285409735114,0.04037524538778981,False
0.01,1e+19,8192,exponential,github,0.0010076099904689029,b6_b8_lambda10,expanded,0.11070066006999096,0.009102113662482566,False
0.01,1e+19,8192,exponential,philpapers,0.0010176947859477285,b6_b8_lambda10,expanded,0.005487697351757549,0.18545023909195552,False
0.01,1e+19,8192,exponential,stackexchange,0.0033000208305871775,b6_b8_lambda10,expanded,0.09943242344369017,0.03318857889907532,False
0.01,1e+19,8192,exponential,enron_emails,0.0010091467625062847,b6_b8_lambda10,expanded,0.0022110330440804327,0.45641414777045464,False
0.01,1e+19,8192,exponential,gutenberg_pg_19,0.0010739454476722283,b6_b8_lambda10,expanded,0.04691494424769629,0.0228913295090394,False
0.01,1e+19,8192,exponential,pile_cc,0.0010166255096716412,b6_b8_lambda10,expanded,0.11948759779117796,0.008508209458259784,False
0.01,1e+19,8192,exponential,ubuntu_irc,0.001066042948693863,b6_b8_lambda10,expanded,0.019599998284382344,0.0543899511227665,False
0.01,1e+19,8192,exponential,europarl,0.0010074966924904197,b6_b8_lambda10,expanded,0.012737064754468426,0.07909959727078948,False
0.01,1e+19,8192,exponential,hackernews,0.0010402316083959952,b6_b8_lambda10,expanded,0.01165082237856243,0.08928396422127476,False
0.01,1e+19,8192,exponential,pubmed_abstracts,0.001053797390790123,b6_b8_lambda10,expanded,0.06618116611255062,0.0159229196565982,False
0.01,1e+19,8192,exponential,uspto_backgrounds,0.0013273650488779137,b6_b8_lambda10,expanded,0.07556475309321728,0.01756592848573813,False
0.01,1e+19,32768,exponential,arxiv,0.9768390970018385,b6_b8_lambda10,expanded,0.11302252583217468,8.642870877371216,False
0.01,1e+19,32768,exponential,freelaw,0.002777517456150594,b6_b8_lambda10,expanded,0.09682483215160405,0.028686003315778332,False
0.01,1e+19,32768,exponential,nih_exporter,0.0010224483094459613,b6_b8_lambda10,expanded,0.005889680217640528,0.1735999700601004,False
0.01,1e+19,32768,exponential,pubmed_central,0.003278333311457587,b6_b8_lambda10,expanded,0.11375419104995738,0.02881945079296325,False
0.01,1e+19,32768,exponential,wikipedia_en,0.0011291640109100522,b6_b8_lambda10,expanded,0.07507775607969777,0.015039927534746823,False
0.01,1e+19,32768,exponential,dm_mathematics,0.0010291665940129248,b6_b8_lambda10,expanded,0.02546285409735114,0.04041835177149239,False
0.01,1e+19,32768,exponential,github,0.0010087713650148275,b6_b8_lambda10,expanded,0.11070066006999096,0.009112604788237283,False
0.01,1e+19,32768,exponential,philpapers,0.0010178325798244627,b6_b8_lambda10,expanded,0.005487697351757549,0.18547534869037205,False
0.01,1e+19,32768,exponential,stackexchange,0.003295971454350432,b6_b8_lambda10,expanded,0.09943242344369017,0.03314785399168091,False
0.01,1e+19,32768,exponential,enron_emails,0.001009162262479297,b6_b8_lambda10,expanded,0.0022110330440804327,0.4564211580560104,False
0.01,1e+19,32768,exponential,gutenberg_pg_19,0.001075670956813043,b6_b8_lambda10,expanded,0.04691494424769629,0.02292810902926444,False
0.01,1e+19,32768,exponential,pile_cc,0.0010181630796802467,b6_b8_lambda10,expanded,0.11948759779117796,0.008521077488390347,False
0.01,1e+19,32768,exponential,ubuntu_irc,0.0010668685073912593,b6_b8_lambda10,expanded,0.019599998284382344,0.054432071468157255,False
0.01,1e+19,32768,exponential,europarl,0.0010079769409262964,b6_b8_lambda10,expanded,0.012737064754468426,0.07913730206739171,False
0.01,1e+19,32768,exponential,hackernews,0.001040722276627559,b6_b8_lambda10,expanded,0.01165082237856243,0.0893260786931653,False
0.01,1e+19,32768,exponential,pubmed_abstracts,0.001055776345185875,b6_b8_lambda10,expanded,0.06618116611255062,0.01595282173466655,False
0.01,1e+19,32768,exponential,uspto_backgrounds,0.0013273575478911467,b6_b8_lambda10,expanded,0.07556475309321728,0.017565829220055916,False
0.01,1e+19,131072,exponential,arxiv,0.976740655889422,b6_b8_lambda10,expanded,0.11302252583217468,8.641999890710004,False
0.01,1e+19,131072,exponential,freelaw,0.0028785978783122477,b6_b8_lambda10,expanded,0.09682483215160405,0.029729954747611295,False
0.01,1e+19,131072,exponential,nih_exporter,0.001023198409508615,b6_b8_lambda10,expanded,0.005889680217640528,0.17372732842845579,False
0.01,1e+19,131072,exponential,pubmed_central,0.0031580406733766764,b6_b8_lambda10,expanded,0.11375419104995738,0.02776197205771312,False
0.01,1e+19,131072,exponential,wikipedia_en,0.0011482855172108937,b6_b8_lambda10,expanded,0.07507775607969777,0.015294616903466677,False
0.01,1e+19,131072,exponential,dm_mathematics,0.0010368601811159598,b6_b8_lambda10,expanded,0.02546285409735114,0.04072050121136352,False
0.01,1e+19,131072,exponential,github,0.0010085545441587214,b6_b8_lambda10,expanded,0.11070066006999096,0.009110646165262777,False
0.01,1e+19,131072,exponential,philpapers,0.0010189891008317525,b6_b8_lambda10,expanded,0.005487697351757549,0.18568609664769506,False
0.01,1e+19,131072,exponential,stackexchange,0.0033340305454366294,b6_b8_lambda10,expanded,0.09943242344369017,0.03353061737778857,False
0.01,1e+19,131072,exponential,enron_emails,0.0010092742204789423,b6_b8_lambda10,expanded,0.0022110330440804327,0.4564717941149988,False
0.01,1e+19,131072,exponential,gutenberg_pg_19,0.0010899687142615605,b6_b8_lambda10,expanded,0.04691494424769629,0.02323286815618634,False
0.01,1e+19,131072,exponential,pile_cc,0.0010300215946129755,b6_b8_lambda10,expanded,0.11948759779117796,0.008620322223006682,False
0.01,1e+19,131072,exponential,ubuntu_irc,0.001071652835109235,b6_b8_lambda10,expanded,0.019599998284382344,0.0546761698424815,False
0.01,1e+19,131072,exponential,europarl,0.0010113319779378681,b6_b8_lambda10,expanded,0.012737064754468426,0.07940070945961643,False
0.01,1e+19,131072,exponential,hackernews,0.001043052786497575,b6_b8_lambda10,expanded,0.01165082237856243,0.08952610833865232,False
0.01,1e+19,131072,exponential,pubmed_abstracts,0.0010701606071522078,b6_b8_lambda10,expanded,0.06618116611255062,0.016170168493741033,False
0.01,1e+19,131072,exponential,uspto_backgrounds,0.0013273245245759861,b6_b8_lambda10,expanded,0.07556475309321728,0.017565392199966407,False
10.0,1e+22,2048,exponential,arxiv,0.1533198897403642,b6_b8_lambda10,expanded,0.11302252583217468,1.3565427653601232,False
10.0,1e+22,2048,exponential,freelaw,0.14166323821210924,b6_b8_lambda10,expanded,0.09682483215160405,1.4630878780176886,False
10.0,1e+22,2048,exponential,nih_exporter,0.0295479362864586,b6_b8_lambda10,expanded,0.005889680217640528,5.016899932522285,False
10.0,1e+22,2048,exponential,pubmed_central,0.16370447812375727,b6_b8_lambda10,expanded,0.11375419104995738,1.4391072242064755,False
10.0,1e+22,2048,exponential,wikipedia_en,0.05082898857761766,b6_b8_lambda10,expanded,0.07507775607969777,0.677017950878298,False
10.0,1e+22,2048,exponential,dm_mathematics,0.011898784745281533,b6_b8_lambda10,expanded,0.02546285409735114,0.4672997260947014,False
10.0,1e+22,2048,exponential,github,0.05598613768196303,b6_b8_lambda10,expanded,0.11070066006999096,0.5057434855995038,False
10.0,1e+22,2048,exponential,philpapers,0.01396716102422274,b6_b8_lambda10,expanded,0.005487697351757549,2.5451769893522767,False
10.0,1e+22,2048,exponential,stackexchange,0.17689792918568042,b6_b8_lambda10,expanded,0.09943242344369017,1.779076915347034,False
10.0,1e+22,2048,exponential,enron_emails,0.02795662851562032,b6_b8_lambda10,expanded,0.0022110330440804327,12.644147761820298,False
10.0,1e+22,2048,exponential,gutenberg_pg_19,0.03545981926279917,b6_b8_lambda10,expanded,0.04691494424769629,0.755832066549677,False
10.0,1e+22,2048,exponential,pile_cc,0.01020806237868092,b6_b8_lambda10,expanded,0.11948759779117796,0.08543198262736022,False
10.0,1e+22,2048,exponential,ubuntu_irc,0.04310016995767435,b6_b8_lambda10,expanded,0.019599998284382344,2.198988455627437,False
10.0,1e+22,2048,exponential,europarl,0.0012428323947992872,b6_b8_lambda10,expanded,0.012737064754468426,0.09757604430512735,False
10.0,1e+22,2048,exponential,hackernews,0.033487207441823895,b6_b8_lambda10,expanded,0.01165082237856243,2.874235513489633,False
10.0,1e+22,2048,exponential,pubmed_abstracts,0.027016758047945046,b6_b8_lambda10,expanded,0.06618116611255062,0.40822426733912714,False
10.0,1e+22,2048,exponential,uspto_backgrounds,0.023713978423202296,b6_b8_lambda10,expanded,0.07556475309321728,0.31382327675905386,False
10.0,1e+22,4096,exponential,arxiv,0.1482286415234376,b6_b8_lambda10,expanded,0.11302252583217468,1.311496451101614,False
10.0,1e+22,4096,exponential,freelaw,0.14190173327213704,b6_b8_lambda10,expanded,0.09682483215160405,1.4655510380844612,False
10.0,1e+22,4096,exponential,nih_exporter,0.02933304130790028,b6_b8_lambda10,expanded,0.005889680217640528,4.9804132353473385,False
10.0,1e+22,4096,exponential,pubmed_central,0.1644236876847518,b6_b8_lambda10,expanded,0.11375419104995738,1.4454297126735483,False
10.0,1e+22,4096,exponential,wikipedia_en,0.04981971963694036,b6_b8_lambda10,expanded,0.07507775607969777,0.663574968650567,False
10.0,1e+22,4096,exponential,dm_mathematics,0.012197739031867817,b6_b8_lambda10,expanded,0.02546285409735114,0.4790405264560161,False
10.0,1e+22,4096,exponential,github,0.058679859431959046,b6_b8_lambda10,expanded,0.11070066006999096,0.5300768703172903,False
10.0,1e+22,4096,exponential,philpapers,0.014025773009007054,b6_b8_lambda10,expanded,0.005487697351757549,2.5558576047410866,False
10.0,1e+22,4096,exponential,stackexchange,0.17774008746862233,b6_b8_lambda10,expanded,0.09943242344369017,1.787546569950382,False
10.0,1e+22,4096,exponential,enron_emails,0.02807216436085149,b6_b8_lambda10,expanded,0.0022110330440804327,12.696401999060438,False
10.0,1e+22,4096,exponential,gutenberg_pg_19,0.03532542166674711,b6_b8_lambda10,expanded,0.04691494424769629,0.7529673589771287,False
10.0,1e+22,4096,exponential,pile_cc,0.010153254744803112,b6_b8_lambda10,expanded,0.11948759779117796,0.08497329373503189,False
10.0,1e+22,4096,exponential,ubuntu_irc,0.043176086755639845,b6_b8_lambda10,expanded,0.019599998284382344,2.202861761985121,False
10.0,1e+22,4096,exponential,europarl,0.0011528677759611989,b6_b8_lambda10,expanded,0.012737064754468426,0.09051282993255953,False
10.0,1e+22,4096,exponential,hackernews,0.03375461059550551,b6_b8_lambda10,expanded,0.01165082237856243,2.897186953739348,False
10.0,1e+22,4096,exponential,pubmed_abstracts,0.027474213901159564,b6_b8_lambda10,expanded,0.06618116611255062,0.41513644311488407,False
10.0,1e+22,4096,exponential,uspto_backgrounds,0.024541097832708796,b6_b8_lambda10,expanded,0.07556475309321728,0.32476911295448424,False
10.0,1e+22,8192,exponential,arxiv,0.14931914772345278,b6_b8_lambda10,expanded,0.11302252583217468,1.3211450250649537,True
10.0,1e+22,8192,exponential,freelaw,0.14199995503404847,b6_b8_lambda10,expanded,0.09682483215160405,1.4665654654759557,True
10.0,1e+22,8192,exponential,nih_exporter,0.028097582253508557,b6_b8_lambda10,expanded,0.005889680217640528,4.7706464893207325,True
10.0,1e+22,8192,exponential,pubmed_central,0.16567254202432652,b6_b8_lambda10,expanded,0.11375419104995738,1.4564082474250832,True
10.0,1e+22,8192,exponential,wikipedia_en,0.049765374115009454,b6_b8_lambda10,expanded,0.07507775607969777,0.6628511121480735,True
10.0,1e+22,8192,exponential,dm_mathematics,0.011876213046256683,b6_b8_lambda10,expanded,0.02546285409735114,0.46641327012481865,True
10.0,1e+22,8192,exponential,github,0.0554032751145846,b6_b8_lambda10,expanded,0.11070066006999096,0.5004782724832503,True
10.0,1e+22,8192,exponential,philpapers,0.01355872795659983,b6_b8_lambda10,expanded,0.005487697351757549,2.470749949841415,True
10.0,1e+22,8192,exponential,stackexchange,0.17923777786470765,b6_b8_lambda10,expanded,0.09943242344369017,1.8026089645316978,True
10.0,1e+22,8192,exponential,enron_emails,0.03072673989950198,b6_b8_lambda10,expanded,0.0022110330440804327,13.897006189828886,True
10.0,1e+22,8192,exponential,gutenberg_pg_19,0.03428221212739927,b6_b8_lambda10,expanded,0.04691494424769629,0.7307311705711483,True
10.0,1e+22,8192,exponential,pile_cc,0.010298192418184866,b6_b8_lambda10,expanded,0.11948759779117796,0.08618628718423532,True
10.0,1e+22,8192,exponential,ubuntu_irc,0.04319421857842194,b6_b8_lambda10,expanded,0.019599998284382344,2.2037868550651827,True
10.0,1e+22,8192,exponential,europarl,0.00224502179710691,b6_b8_lambda10,expanded,0.012737064754468426,0.1762589607875951,True
10.0,1e+22,8192,exponential,hackernews,0.034494639932085555,b6_b8_lambda10,expanded,0.01165082237856243,2.9607043014882675,True
10.0,1e+22,8192,exponential,pubmed_abstracts,0.027155593895578974,b6_b8_lambda10,expanded,0.06618116611255062,0.4103220824093212,True
10.0,1e+22,8192,exponential,uspto_backgrounds,0.02267278621922602,b6_b8_lambda10,expanded,0.07556475309321728,0.300044469029849,True
10.0,1e+22,32768,exponential,arxiv,0.1486089375874779,b6_b8_lambda10,expanded,0.11302252583217468,1.314861232248029,False
10.0,1e+22,32768,exponential,freelaw,0.1420787895084388,b6_b8_lambda10,expanded,0.09682483215160405,1.4673796623368074,False
10.0,1e+22,32768,exponential,nih_exporter,0.029347701836107454,b6_b8_lambda10,expanded,0.005889680217640528,4.982902424516432,False
10.0,1e+22,32768,exponential,pubmed_central,0.16451488549940285,b6_b8_lambda10,expanded,0.11375419104995738,1.4462314221649462,False
10.0,1e+22,32768,exponential,wikipedia_en,0.04968727211905599,b6_b8_lambda10,expanded,0.07507775607969777,0.6618108307114446,False
10.0,1e+22,32768,exponential,dm_mathematics,0.011856719591200219,b6_b8_lambda10,expanded,0.02546285409735114,0.46564770570765096,False
10.0,1e+22,32768,exponential,github,0.05864768418124046,b6_b8_lambda10,expanded,0.11070066006999096,0.529786219379001,False
10.0,1e+22,32768,exponential,philpapers,0.013798985799255398,b6_b8_lambda10,expanded,0.005487697351757549,2.514531125670767,False
10.0,1e+22,32768,exponential,stackexchange,0.1779001805615362,b6_b8_lambda10,expanded,0.09943242344369017,1.7891566392554366,False
10.0,1e+22,32768,exponential,enron_emails,0.028016894144239465,b6_b8_lambda10,expanded,0.0022110330440804327,12.671404536105282,False
10.0,1e+22,32768,exponential,gutenberg_pg_19,0.03548594172239541,b6_b8_lambda10,expanded,0.04691494424769629,0.7563888712100071,False
10.0,1e+22,32768,exponential,pile_cc,0.010244082800100966,b6_b8_lambda10,expanded,0.11948759779117796,0.08573344003453813,False
10.0,1e+22,32768,exponential,ubuntu_irc,0.04323594085622016,b6_b8_lambda10,expanded,0.019599998284382344,2.205915542894276,False
10.0,1e+22,32768,exponential,europarl,0.0011354747817710546,b6_b8_lambda10,expanded,0.012737064754468426,0.08914728814366014,False
10.0,1e+22,32768,exponential,hackernews,0.03418120847394315,b6_b8_lambda10,expanded,0.01165082237856243,2.9338022126950234,False
10.0,1e+22,32768,exponential,pubmed_abstracts,0.027522333287613897,b6_b8_lambda10,expanded,0.06618116611255062,0.415863528920119,False
10.0,1e+22,32768,exponential,uspto_backgrounds,0.023736967250000702,b6_b8_lambda10,expanded,0.07556475309321728,0.3141275036089722,False
10.0,1e+22,131072,exponential,arxiv,0.163043556434764,b6_b8_lambda10,expanded,0.11302252583217468,1.442575762966621,False
10.0,1e+22,131072,exponential,freelaw,0.13979510191200764,b6_b8_lambda10,expanded,0.09682483215160405,1.44379389879161,False
10.0,1e+22,131072,exponential,nih_exporter,0.029216386828425877,b6_b8_lambda10,expanded,0.005889680217640528,4.960606645657629,False
10.0,1e+22,131072,exponential,pubmed_central,0.16167973454665469,b6_b8_lambda10,expanded,0.11375419104995738,1.4213079364754997,False
10.0,1e+22,131072,exponential,wikipedia_en,0.04921219299232685,b6_b8_lambda10,expanded,0.07507775607969777,0.6554830027163613,False
10.0,1e+22,131072,exponential,dm_mathematics,0.011475338630389124,b6_b8_lambda10,expanded,0.02546285409735114,0.45066977120930385,False
10.0,1e+22,131072,exponential,github,0.053367196811451946,b6_b8_lambda10,expanded,0.11070066006999096,0.4820856242204004,False
10.0,1e+22,131072,exponential,philpapers,0.013660517512755665,b6_b8_lambda10,expanded,0.005487697351757549,2.4892986324000903,False
10.0,1e+22,131072,exponential,stackexchange,0.17476349966492763,b6_b8_lambda10,expanded,0.09943242344369017,1.7576107834070682,False
10.0,1e+22,131072,exponential,enron_emails,0.02883108675291522,b6_b8_lambda10,expanded,0.0022110330440804327,13.039645350441178,False
10.0,1e+22,131072,exponential,gutenberg_pg_19,0.03452067622234623,b6_b8_lambda10,expanded,0.04691494424769629,0.7358140732319284,False
10.0,1e+22,131072,exponential,pile_cc,0.009489055798083457,b6_b8_lambda10,expanded,0.11948759779117796,0.0794145666453766,False
10.0,1e+22,131072,exponential,ubuntu_irc,0.042435667494564476,b6_b8_lambda10,expanded,0.019599998284382344,2.165085265766479,False
10.0,1e+22,131072,exponential,europarl,0.001122458416749822,b6_b8_lambda10,expanded,0.012737064754468426,0.08812535999363906,False
10.0,1e+22,131072,exponential,hackernews,0.034270282673579705,b6_b8_lambda10,expanded,0.01165082237856243,2.9414475270550167,False
10.0,1e+22,131072,exponential,pubmed_abstracts,0.026971712142710113,b6_b8_lambda10,expanded,0.06618116611255062,0.40754362195493543,False
10.0,1e+22,131072,exponential,uspto_backgrounds,0.026145535165347556,b6_b8_lambda10,expanded,0.07556475309321728,0.34600172825410036,False
1000.0,1e+24,2048,exponential,arxiv,0.14296958600071308,b6_b8_lambda10,expanded,0.11302252583217468,1.2649654124081982,False
1000.0,1e+24,2048,exponential,freelaw,0.14228195433398175,b6_b8_lambda10,expanded,0.09682483215160405,1.469477934247311,False
1000.0,1e+24,2048,exponential,nih_exporter,0.028963359198354223,b6_b8_lambda10,expanded,0.005889680217640528,4.9176454625846,False
1000.0,1e+24,2048,exponential,pubmed_central,0.16524036993494834,b6_b8_lambda10,expanded,0.11375419104995738,1.4526090723319354,False
1000.0,1e+24,2048,exponential,wikipedia_en,0.049192257912401456,b6_b8_lambda10,expanded,0.07507775607969777,0.6552174769339414,False
1000.0,1e+24,2048,exponential,dm_mathematics,0.01289715956280163,b6_b8_lambda10,expanded,0.02546285409735114,0.5065087956555232,False
1000.0,1e+24,2048,exponential,github,0.06034689600781853,b6_b8_lambda10,expanded,0.11070066006999096,0.5451358281844385,False
1000.0,1e+24,2048,exponential,philpapers,0.013994601592636616,b6_b8_lambda10,expanded,0.005487697351757549,2.550177368683525,False
1000.0,1e+24,2048,exponential,stackexchange,0.17851599603764132,b6_b8_lambda10,expanded,0.09943242344369017,1.795349945772338,False
1000.0,1e+24,2048,exponential,enron_emails,0.028278156723252654,b6_b8_lambda10,expanded,0.0022110330440804327,12.789567663387647,False
1000.0,1e+24,2048,exponential,gutenberg_pg_19,0.03529752587637767,b6_b8_lambda10,expanded,0.04691494424769629,0.7523727554703621,False
1000.0,1e+24,2048,exponential,pile_cc,0.010726437681304806,b6_b8_lambda10,expanded,0.11948759779117796,0.08977030151740789,False
1000.0,1e+24,2048,exponential,ubuntu_irc,0.042795296358320585,b6_b8_lambda10,expanded,0.019599998284382344,2.183433678788671,False
1000.0,1e+24,2048,exponential,europarl,0.0011132666007763615,b6_b8_lambda10,expanded,0.012737064754468426,0.08740370110670942,False
1000.0,1e+24,2048,exponential,hackernews,0.03392423950235671,b6_b8_lambda10,expanded,0.01165082237856243,2.9117463471743825,False
1000.0,1e+24,2048,exponential,pubmed_abstracts,0.027630646176362298,b6_b8_lambda10,expanded,0.06618116611255062,0.4175001408916307,False
1000.0,1e+24,2048,exponential,uspto_backgrounds,0.025832250499951945,b6_b8_lambda10,expanded,0.07556475309321728,0.34185581825543815,False
1000.0,1e+24,4096,exponential,arxiv,0.14114920325680194,b6_b8_lambda10,expanded,0.11302252583217468,1.2488590413064393,False
1000.0,1e+24,4096,exponential,freelaw,0.1420683952055998,b6_b8_lambda10,expanded,0.09682483215160405,1.467272310714212,False
1000.0,1e+24,4096,exponential,nih_exporter,0.028910035327268643,b6_b8_lambda10,expanded,0.005889680217640528,4.9085916822238485,False
1000.0,1e+24,4096,exponential,pubmed_central,0.1647885338064992,b6_b8_lambda10,expanded,0.11375419104995738,1.448637032934717,False
1000.0,1e+24,4096,exponential,wikipedia_en,0.05092819573342774,b6_b8_lambda10,expanded,0.07507775607969777,0.6783393430054783,False
1000.0,1e+24,4096,exponential,dm_mathematics,0.01220884418761842,b6_b8_lambda10,expanded,0.02546285409735114,0.4794766580737894,False
1000.0,1e+24,4096,exponential,github,0.061412894090673964,b6_b8_lambda10,expanded,0.11070066006999096,0.5547653830776204,False
1000.0,1e+24,4096,exponential,philpapers,0.01507913203265671,b6_b8_lambda10,expanded,0.005487697351757549,2.747806787819176,False
1000.0,1e+24,4096,exponential,stackexchange,0.17812912814956447,b6_b8_lambda10,expanded,0.09943242344369017,1.791459183838974,False
1000.0,1e+24,4096,exponential,enron_emails,0.028978121945876713,b6_b8_lambda10,expanded,0.0022110330440804327,13.106146026835477,False
1000.0,1e+24,4096,exponential,gutenberg_pg_19,0.03390863142741831,b6_b8_lambda10,expanded,0.04691494424769629,0.722768234539325,False
1000.0,1e+24,4096,exponential,pile_cc,0.008694767853580795,b6_b8_lambda10,expanded,0.11948759779117796,0.07276711570330649,False
1000.0,1e+24,4096,exponential,ubuntu_irc,0.04212147276379012,b6_b8_lambda10,expanded,0.019599998284382344,2.1490549209564636,False
1000.0,1e+24,4096,exponential,europarl,0.0012298600606472274,b6_b8_lambda10,expanded,0.012737064754468426,0.0965575730637443,False
1000.0,1e+24,4096,exponential,hackernews,0.03468595333110768,b6_b8_lambda10,expanded,0.01165082237856243,2.977124893340577,False
1000.0,1e+24,4096,exponential,pubmed_abstracts,0.02718417280962531,b6_b8_lambda10,expanded,0.06618116611255062,0.41075391091469593,False
1000.0,1e+24,4096,exponential,uspto_backgrounds,0.028522658017842893,b6_b8_lambda10,expanded,0.07556475309321728,0.37745981890071306,False
1000.0,1e+24,8192,exponential,arxiv,0.14181608993780942,b6_b8_lambda10,expanded,0.11302252583217468,1.2547595171283805,True
1000.0,1e+24,8192,exponential,freelaw,0.14275049551961438,b6_b8_lambda10,expanded,0.09682483215160405,1.4743169943853036,True
1000.0,1e+24,8192,exponential,nih_exporter,0.029322251125010735,b6_b8_lambda10,expanded,0.005889680217640528,4.9785811863241625,True
1000.0,1e+24,8192,exponential,pubmed_central,0.16544890713829552,b6_b8_lambda10,expanded,0.11375419104995738,1.4544422988831718,True
1000.0,1e+24,8192,exponential,wikipedia_en,0.05008541730665185,b6_b8_lambda10,expanded,0.07507775607969777,0.6671139352311536,True
1000.0,1e+24,8192,exponential,dm_mathematics,0.012398745909951318,b6_b8_lambda10,expanded,0.02546285409735114,0.48693464850985185,True
1000.0,1e+24,8192,exponential,github,0.061394376014561186,b6_b8_lambda10,expanded,0.11070066006999096,0.5545981024480281,True
1000.0,1e+24,8192,exponential,philpapers,0.013924257211538671,b6_b8_lambda10,expanded,0.005487697351757549,2.5373588080762395,True
1000.0,1e+24,8192,exponential,stackexchange,0.17868102519156925,b6_b8_lambda10,expanded,0.09943242344369017,1.7970096574459795,True
1000.0,1e+24,8192,exponential,enron_emails,0.028119497113864314,b6_b8_lambda10,expanded,0.0022110330440804327,12.717809527608935,True
1000.0,1e+24,8192,exponential,gutenberg_pg_19,0.03645918809798217,b6_b8_lambda10,expanded,0.04691494424769629,0.7771337829048461,True
1000.0,1e+24,8192,exponential,pile_cc,0.010324799483102942,b6_b8_lambda10,expanded,0.11948759779117796,0.0864089635574316,True
1000.0,1e+24,8192,exponential,ubuntu_irc,0.04283776025485387,b6_b8_lambda10,expanded,0.019599998284382344,2.1856002043116414,True
1000.0,1e+24,8192,exponential,europarl,0.0011234045308003233,b6_b8_lambda10,expanded,0.012737064754468426,0.08819964037681521,True
1000.0,1e+24,8192,exponential,hackernews,0.034792799225628473,b6_b8_lambda10,expanded,0.01165082237856243,2.986295567396804,True
1000.0,1e+24,8192,exponential,pubmed_abstracts,0.027597060577588293,b6_b8_lambda10,expanded,0.06618116611255062,0.41699266118483785,True
1000.0,1e+24,8192,exponential,uspto_backgrounds,0.022923925361177364,b6_b8_lambda10,expanded,0.07556475309321728,0.303367964861848,True
1000.0,1e+24,32768,exponential,arxiv,0.1445352014403538,b6_b8_lambda10,expanded,0.11302252583217468,1.2788176549422705,False
1000.0,1e+24,32768,exponential,freelaw,0.14236951319127789,b6_b8_lambda10,expanded,0.09682483215160405,1.4703822359161127,False
1000.0,1e+24,32768,exponential,nih_exporter,0.029312583983496062,b6_b8_lambda10,expanded,0.005889680217640528,4.976939816817255,False
1000.0,1e+24,32768,exponential,pubmed_central,0.16491298100922264,b6_b8_lambda10,expanded,0.11375419104995738,1.4497310339695342,False
1000.0,1e+24,32768,exponential,wikipedia_en,0.04989689481593629,b6_b8_lambda10,expanded,0.07507775607969777,0.6646029053261651,False
1000.0,1e+24,32768,exponential,dm_mathematics,0.012494939296095048,b6_b8_lambda10,expanded,0.02546285409735114,0.4907124412810768,False
1000.0,1e+24,32768,exponential,github,0.060046103902213516,b6_b8_lambda10,expanded,0.11070066006999096,0.5424186618602735,False
1000.0,1e+24,32768,exponential,philpapers,0.013961477289286092,b6_b8_lambda10,expanded,0.005487697351757549,2.544141266247972,False
1000.0,1e+24,32768,exponential,stackexchange,0.1782587697573888,b6_b8_lambda10,expanded,0.09943242344369017,1.7927630000724961,False
1000.0,1e+24,32768,exponential,enron_emails,0.028215819779857616,b6_b8_lambda10,expanded,0.0022110330440804327,12.761374080500257,False
1000.0,1e+24,32768,exponential,gutenberg_pg_19,0.035511751772538035,b6_b8_lambda10,expanded,0.04691494424769629,0.7569390168098048,False
1000.0,1e+24,32768,exponential,pile_cc,0.010103010464970162,b6_b8_lambda10,expanded,0.11948759779117796,0.08455279586946463,False
1000.0,1e+24,32768,exponential,ubuntu_irc,0.04308188464404903,b6_b8_lambda10,expanded,0.019599998284382344,2.1980555313812196,False
1000.0,1e+24,32768,exponential,europarl,0.0011277174237754582,b6_b8_lambda10,expanded,0.012737064754468426,0.08853825002183738,False
1000.0,1e+24,32768,exponential,hackernews,0.03439915291240279,b6_b8_lambda10,expanded,0.01165082237856243,2.952508569326179,False
1000.0,1e+24,32768,exponential,pubmed_abstracts,0.027862771766411432,b6_b8_lambda10,expanded,0.06618116611255062,0.4210075676065721,False
1000.0,1e+24,32768,exponential,uspto_backgrounds,0.023909426550725286,b6_b8_lambda10,expanded,0.07556475309321728,0.316409775351617,False
1000.0,1e+24,131072,exponential,arxiv,0.15879499320465415,b6_b8_lambda10,expanded,0.11302252583217468,1.4049853516850817,False
1000.0,1e+24,131072,exponential,freelaw,0.14058716290923204,b6_b8_lambda10,expanded,0.09682483215160405,1.4519742486008844,False
1000.0,1e+24,131072,exponential,nih_exporter,0.02920608944716717,b6_b8_lambda10,expanded,0.005889680217640528,4.958858268686692,False
1000.0,1e+24,131072,exponential,pubmed_central,0.16218370434571083,b6_b8_lambda10,expanded,0.11375419104995738,1.4257382769702498,False
1000.0,1e+24,131072,exponential,wikipedia_en,0.04880161325155892,b6_b8_lambda10,expanded,0.07507775607969777,0.6500142758629365,False
1000.0,1e+24,131072,exponential,dm_mathematics,0.012364480360050101,b6_b8_lambda10,expanded,0.02546285409735114,0.4855889411602275,False
1000.0,1e+24,131072,exponential,github,0.05220265603174735,b6_b8_lambda10,expanded,0.11070066006999096,0.4715658967050603,False
1000.0,1e+24,131072,exponential,philpapers,0.013801452812204209,b6_b8_lambda10,expanded,0.005487697351757549,2.514980679060956,False
1000.0,1e+24,131072,exponential,stackexchange,0.17519129372121825,b6_b8_lambda10,expanded,0.09943242344369017,1.7619131431552735,False
1000.0,1e+24,131072,exponential,enron_emails,0.02828489967957148,b6_b8_lambda10,expanded,0.0022110330440804327,12.792617349296629,False
1000.0,1e+24,131072,exponential,gutenberg_pg_19,0.03494397509859173,b6_b8_lambda10,expanded,0.04691494424769629,0.7448367606300123,False
1000.0,1e+24,131072,exponential,pile_cc,0.0013603466183885512,b6_b8_lambda10,expanded,0.11948759779117796,0.011384835276092468,False
1000.0,1e+24,131072,exponential,ubuntu_irc,0.043282284906986566,b6_b8_lambda10,expanded,0.019599998284382344,2.208280035487285,False
1000.0,1e+24,131072,exponential,europarl,0.001011895065703389,b6_b8_lambda10,expanded,0.012737064754468426,0.07944491805683843,False
1000.0,1e+24,131072,exponential,hackernews,0.03430465377248508,b6_b8_lambda10,expanded,0.01165082237856243,2.9443976277250448,False
1000.0,1e+24,131072,exponential,pubmed_abstracts,0.027219810685626056,b6_b8_lambda10,expanded,0.06618116611255062,0.4112924006103918,False
1000.0,1e+24,131072,exponential,uspto_backgrounds,0.03645868808910398,b6_b8_lambda10,expanded,0.07556475309321728,0.48248272635957995,False
10000.0,1e+25,2048,exponential,arxiv,0.14058413155156657,b6_b8_lambda10,expanded,0.11302252583217468,1.2438594033928925,False
10000.0,1e+25,2048,exponential,freelaw,0.14292039502617548,b6_b8_lambda10,expanded,0.09682483215160405,1.476071704440417,False
10000.0,1e+25,2048,exponential,nih_exporter,0.029356691309434316,b6_b8_lambda10,expanded,0.005889680217640528,4.984428733754739,False
10000.0,1e+25,2048,exponential,pubmed_central,0.16555415718160585,b6_b8_lambda10,expanded,0.11375419104995738,1.455367539899251,False
10000.0,1e+25,2048,exponential,wikipedia_en,0.05000505631660531,b6_b8_lambda10,expanded,0.07507775607969777,0.6660435650677029,False
10000.0,1e+25,2048,exponential,dm_mathematics,0.012610924531404031,b6_b8_lambda10,expanded,0.02546285409735114,0.4952675172700269,False
10000.0,1e+25,2048,exponential,github,0.06171322601881352,b6_b8_lambda10,expanded,0.11070066006999096,0.5574783924485642,False
10000.0,1e+25,2048,exponential,philpapers,0.0140205615354825,b6_b8_lambda10,expanded,0.005487697351757549,2.5549079398469603,False
10000.0,1e+25,2048,exponential,stackexchange,0.1788911577833584,b6_b8_lambda10,expanded,0.09943242344369017,1.7991229780763285,False
10000.0,1e+25,2048,exponential,enron_emails,0.028292987389856937,b6_b8_lambda10,expanded,0.0022110330440804327,12.796275236865116,False
10000.0,1e+25,2048,exponential,gutenberg_pg_19,0.03557283714624065,b6_b8_lambda10,expanded,0.04691494424769629,0.7582410619189304,False
10000.0,1e+25,2048,exponential,pile_cc,0.01022868835951948,b6_b8_lambda10,expanded,0.11948759779117796,0.08560460289272538,False
10000.0,1e+25,2048,exponential,ubuntu_irc,0.04317586708234424,b6_b8_lambda10,expanded,0.019599998284382344,2.202850554162936,False
10000.0,1e+25,2048,exponential,europarl,0.0010770434181842285,b6_b8_lambda10,expanded,0.012737064754468426,0.08455978193927131,False
10000.0,1e+25,2048,exponential,hackernews,0.03453965081795925,b6_b8_lambda10,expanded,0.01165082237856243,2.9645676241286085,False
10000.0,1e+25,2048,exponential,pubmed_abstracts,0.02798789960274532,b6_b8_lambda10,expanded,0.06618116611255062,0.4228982540916226,False
10000.0,1e+25,2048,exponential,uspto_backgrounds,0.023468724928703947,b6_b8_lambda10,expanded,0.07556475309321728,0.3105776697206003,False
10000.0,1e+25,4096,exponential,arxiv,0.13601755561342668,b6_b8_lambda10,expanded,0.11302252583217468,1.2034552812542605,False
10000.0,1e+25,4096,exponential,freelaw,0.14086853818786396,b6_b8_lambda10,expanded,0.09682483215160405,1.4548802725244927,False
10000.0,1e+25,4096,exponential,nih_exporter,0.025952494308392846,b6_b8_lambda10,expanded,0.005889680217640528,4.406435213691399,False
10000.0,1e+25,4096,exponential,pubmed_central,0.16488715079184132,b6_b8_lambda10,expanded,0.11375419104995738,1.4495039635016869,False
10000.0,1e+25,4096,exponential,wikipedia_en,0.04871447400366276,b6_b8_lambda10,expanded,0.07507775607969777,0.6488536225290293,False
10000.0,1e+25,4096,exponential,dm_mathematics,0.012367954410170717,b6_b8_lambda10,expanded,0.02546285409735114,0.4857253771664715,False
10000.0,1e+25,4096,exponential,github,0.06173310663646373,b6_b8_lambda10,expanded,0.11070066006999096,0.5576579814197378,False
10000.0,1e+25,4096,exponential,philpapers,0.014220042202796289,b6_b8_lambda10,expanded,0.005487697351757549,2.5912584625757513,False
10000.0,1e+25,4096,exponential,stackexchange,0.17907942512323494,b6_b8_lambda10,expanded,0.09943242344369017,1.801016398083165,False
10000.0,1e+25,4096,exponential,enron_emails,0.028097044256613374,b6_b8_lambda10,expanded,0.0022110330440804327,12.70765461051665,False
10000.0,1e+25,4096,exponential,gutenberg_pg_19,0.03415452802346821,b6_b8_lambda10,expanded,0.04691494424769629,0.7280095622227097,False
10000.0,1e+25,4096,exponential,pile_cc,0.01001864445875036,b6_b8_lambda10,expanded,0.11948759779117796,0.08384673090724785,False
10000.0,1e+25,4096,exponential,ubuntu_irc,0.04268618404292527,b6_b8_lambda10,expanded,0.019599998284382344,2.177866723434279,False
10000.0,1e+25,4096,exponential,europarl,0.0010136567736368438,b6_b8_lambda10,expanded,0.012737064754468426,0.07958323155114932,False
10000.0,1e+25,4096,exponential,hackernews,0.03179968228911244,b6_b8_lambda10,expanded,0.01165082237856243,2.729393793490836,False
10000.0,1e+25,4096,exponential,pubmed_abstracts,0.026679250433817667,b6_b8_lambda10,expanded,0.06618116611255062,0.40312451413209843,False
10000.0,1e+25,4096,exponential,uspto_backgrounds,0.0417102684438226,b6_b8_lambda10,expanded,0.07556475309321728,0.5519804768285087,False
10000.0,1e+25,8192,exponential,arxiv,0.139494755908236,b6_b8_lambda10,expanded,0.11302252583217468,1.2342208323619446,True
10000.0,1e+25,8192,exponential,freelaw,0.14292652906189854,b6_b8_lambda10,expanded,0.09682483215160405,1.4761350563263615,True
10000.0,1e+25,8192,exponential,nih_exporter,0.029459915812310944,b6_b8_lambda10,expanded,0.005889680217640528,5.001955067793633,True
10000.0,1e+25,8192,exponential,pubmed_central,0.16557110260226848,b6_b8_lambda10,expanded,0.11375419104995738,1.4555165051418166,True
10000.0,1e+25,8192,exponential,wikipedia_en,0.049925234512550314,b6_b8_lambda10,expanded,0.07507775607969777,0.6649803766051939,True
10000.0,1e+25,8192,exponential,dm_mathematics,0.012529200404555133,b6_b8_lambda10,expanded,0.02546285409735114,0.4920579742024491,True
10000.0,1e+25,8192,exponential,github,0.062058516429664416,b6_b8_lambda10,expanded,0.11070066006999096,0.5605975284196829,True
10000.0,1e+25,8192,exponential,philpapers,0.013940047815025957,b6_b8_lambda10,expanded,0.005487697351757549,2.5402362633138593,True
10000.0,1e+25,8192,exponential,stackexchange,0.17899686798030695,b6_b8_lambda10,expanded,0.09943242344369017,1.8001861141569693,True
10000.0,1e+25,8192,exponential,enron_emails,0.028292967438780823,b6_b8_lambda10,expanded,0.0022110330440804327,12.796266213446778,True
10000.0,1e+25,8192,exponential,gutenberg_pg_19,0.0356130086471649,b6_b8_lambda10,expanded,0.04691494424769629,0.7590973242798565,True
10000.0,1e+25,8192,exponential,pile_cc,0.010189532726075517,b6_b8_lambda10,expanded,0.11948759779117796,0.0852769066784924,True
10000.0,1e+25,8192,exponential,ubuntu_irc,0.04328333122125095,b6_b8_lambda10,expanded,0.019599998284382344,2.2083334188727934,True
10000.0,1e+25,8192,exponential,europarl,0.001060114711402891,b6_b8_lambda10,expanded,0.012737064754468426,0.08323069183039059,True
10000.0,1e+25,8192,exponential,hackernews,0.03452535619519242,b6_b8_lambda10,expanded,0.01165082237856243,2.963340704491319,True
10000.0,1e+25,8192,exponential,pubmed_abstracts,0.027964916207252964,b6_b8_lambda10,expanded,0.06618116611255062,0.4225509740897371,True
10000.0,1e+25,8192,exponential,uspto_backgrounds,0.024168602326062726,b6_b8_lambda10,expanded,0.07556475309321728,0.3198396254434676,True
10000.0,1e+25,32768,exponential,arxiv,0.14081891943274938,b6_b8_lambda10,expanded,0.11302252583217468,1.2459367581454437,False
10000.0,1e+25,32768,exponential,freelaw,0.14286528296077095,b6_b8_lambda10,expanded,0.09682483215160405,1.4755025109372644,False
10000.0,1e+25,32768,exponential,nih_exporter,0.029407770792229993,b6_b8_lambda10,expanded,0.005889680217640528,4.993101442782758,False
10000.0,1e+25,32768,exponential,pubmed_central,0.16545566489700372,b6_b8_lambda10,expanded,0.11375419104995738,1.454501705562133,False
10000.0,1e+25,32768,exponential,wikipedia_en,0.049944243434906534,b6_b8_lambda10,expanded,0.07507775607969777,0.6652335664093224,False
10000.0,1e+25,32768,exponential,dm_mathematics,0.01256375749237353,b6_b8_lambda10,expanded,0.02546285409735114,0.49341513109013635,False
10000.0,1e+25,32768,exponential,github,0.06155119224621899,b6_b8_lambda10,expanded,0.11070066006999096,0.5560146814599207,False
10000.0,1e+25,32768,exponential,philpapers,0.013984155572031177,b6_b8_lambda10,expanded,0.005487697351757549,2.54827383429818,False
10000.0,1e+25,32768,exponential,stackexchange,0.17886955307653155,b6_b8_lambda10,expanded,0.09943242344369017,1.7989056977760138,False
10000.0,1e+25,32768,exponential,enron_emails,0.028281024157649062,b6_b8_lambda10,expanded,0.0022110330440804327,12.79086453880255,False
10000.0,1e+25,32768,exponential,gutenberg_pg_19,0.035445804195897705,b6_b8_lambda10,expanded,0.04691494424769629,0.7555333330197496,False
10000.0,1e+25,32768,exponential,pile_cc,0.010178593657010095,b6_b8_lambda10,expanded,0.11948759779117796,0.08518535685016176,False
10000.0,1e+25,32768,exponential,ubuntu_irc,0.043245518709691275,b6_b8_lambda10,expanded,0.019599998284382344,2.206404208930474,False
10000.0,1e+25,32768,exponential,europarl,0.0011214150482101175,b6_b8_lambda10,expanded,0.012737064754468426,0.08804344406090123,False
10000.0,1e+25,32768,exponential,hackernews,0.0345172405743362,b6_b8_lambda10,expanded,0.01165082237856243,2.9626441338465597,False
10000.0,1e+25,32768,exponential,pubmed_abstracts,0.02792446385497229,b6_b8_lambda10,expanded,0.06618116611255062,0.4219397374697616,False
10000.0,1e+25,32768,exponential,uspto_backgrounds,0.023825399897417367,b6_b8_lambda10,expanded,0.07556475309321728,0.3152977932453,False
10000.0,1e+25,131072,exponential,arxiv,0.17552452646349354,b6_b8_lambda10,expanded,0.11302252583217468,1.5530048118383681,False
10000.0,1e+25,131072,exponential,freelaw,0.09952540310488749,b6_b8_lambda10,expanded,0.09682483215160405,1.02789130529093,False
10000.0,1e+25,131072,exponential,nih_exporter,0.006666759526445678,b6_b8_lambda10,expanded,0.005889680217640528,1.1319391342296774,False
10000.0,1e+25,131072,exponential,pubmed_central,0.11792833267068276,b6_b8_lambda10,expanded,0.11375419104995738,1.0366943985289494,False
10000.0,1e+25,131072,exponential,wikipedia_en,0.07160133245450334,b6_b8_lambda10,expanded,0.07507775607969777,0.9536956908847398,False
10000.0,1e+25,131072,exponential,dm_mathematics,0.024925475522841443,b6_b8_lambda10,expanded,0.02546285409735114,0.9788955875702244,False
10000.0,1e+25,131072,exponential,github,0.07732637225607218,b6_b8_lambda10,expanded,0.11070066006999096,0.6985177162194178,False
10000.0,1e+25,131072,exponential,philpapers,0.00625501377511933,b6_b8_lambda10,expanded,0.005487697351757549,1.1398248434957938,False
10000.0,1e+25,131072,exponential,stackexchange,0.10453175964207742,b6_b8_lambda10,expanded,0.09943242344369017,1.0512844404448722,False
10000.0,1e+25,131072,exponential,enron_emails,0.003116647225085241,b6_b8_lambda10,expanded,0.0022110330440804327,1.4095887139404797,False
10000.0,1e+25,131072,exponential,gutenberg_pg_19,0.04559270234654468,b6_b8_lambda10,expanded,0.04691494424769629,0.9718161894391139,False
10000.0,1e+25,131072,exponential,pile_cc,0.08778309100063468,b6_b8_lambda10,expanded,0.11948759779117796,0.7346627819403354,False
10000.0,1e+25,131072,exponential,ubuntu_irc,0.020053849907831954,b6_b8_lambda10,expanded,0.019599998284382344,1.0231556971008129,False
10000.0,1e+25,131072,exponential,europarl,0.012606084712001298,b6_b8_lambda10,expanded,0.012737064754468426,0.9897166227076629,False
10000.0,1e+25,131072,exponential,hackernews,0.012266211813734832,b6_b8_lambda10,expanded,0.01165082237856243,1.0528193989382864,False
10000.0,1e+25,131072,exponential,pubmed_abstracts,0.06137282212915675,b6_b8_lambda10,expanded,0.06618116611255062,0.9273457349600551,False
10000.0,1e+25,131072,exponential,uspto_backgrounds,0.07292361544888744,b6_b8_lambda10,expanded,0.07556475309321728,0.9650480212504405,False
100000.0,1e+26,2048,exponential,arxiv,0.14043942840284704,b6_b8_lambda10,expanded,0.11302252583217468,1.2425790997750596,False
100000.0,1e+26,2048,exponential,freelaw,0.14285742834452497,b6_b8_lambda10,expanded,0.09682483215160405,1.4754213890176966,False
100000.0,1e+26,2048,exponential,nih_exporter,0.029379619013956353,b6_b8_lambda10,expanded,0.005889680217640528,4.988321594432194,False
100000.0,1e+26,2048,exponential,pubmed_central,0.16547805751935327,b6_b8_lambda10,expanded,0.11375419104995738,1.4546985565277357,False
100000.0,1e+26,2048,exponential,wikipedia_en,0.04990613649466896,b6_b8_lambda10,expanded,0.07507775607969777,0.6647260000910493,False
100000.0,1e+26,2048,exponential,dm_mathematics,0.012563929112944825,b6_b8_lambda10,expanded,0.02546285409735114,0.49342187112684394,False
100000.0,1e+26,2048,exponential,github,0.06171006231763802,b6_b8_lambda10,expanded,0.11070066006999096,0.5574498135658954,False
100000.0,1e+26,2048,exponential,philpapers,0.013969499756684899,b6_b8_lambda10,expanded,0.005487697351757549,2.5456031667290975,False
100000.0,1e+26,2048,exponential,stackexchange,0.17886604707119766,b6_b8_lambda10,expanded,0.09943242344369017,1.7988704375941489,False
100000.0,1e+26,2048,exponential,enron_emails,0.028275757045193355,b6_b8_lambda10,expanded,0.0022110330440804327,12.78848234353423,False
100000.0,1e+26,2048,exponential,gutenberg_pg_19,0.03560502797442818,b6_b8_lambda10,expanded,0.04691494424769629,0.758927214885831,False
100000.0,1e+26,2048,exponential,pile_cc,0.010170397561373647,b6_b8_lambda10,expanded,0.11948759779117796,0.08511676315685836,False
100000.0,1e+26,2048,exponential,ubuntu_irc,0.043211365826833985,b6_b8_lambda10,expanded,0.019599998284382344,2.2046617147546197,False
100000.0,1e+26,2048,exponential,europarl,0.0010077592135217131,b6_b8_lambda10,expanded,0.012737064754468426,0.07912020806584738,False
100000.0,1e+26,2048,exponential,hackernews,0.0344889758331623,b6_b8_lambda10,expanded,0.01165082237856243,2.960218147057343,False
100000.0,1e+26,2048,exponential,pubmed_abstracts,0.027940618990957913,b6_b8_lambda10,expanded,0.06618116611255062,0.42218384220430416,False
100000.0,1e+26,2048,exponential,uspto_backgrounds,0.024129889520712874,b6_b8_lambda10,expanded,0.07556475309321728,0.3193273124434887,False
100000.0,1e+26,4096,exponential,arxiv,0.14047756839967673,b6_b8_lambda10,expanded,0.11302252583217468,1.2429165546014218,False
100000.0,1e+26,4096,exponential,freelaw,0.14285639138896628,b6_b8_lambda10,expanded,0.09682483215160405,1.4754106794142234,False
100000.0,1e+26,4096,exponential,nih_exporter,0.029382236165355357,b6_b8_lambda10,expanded,0.005889680217640528,4.988765956655998,False
100000.0,1e+26,4096,exponential,pubmed_central,0.16548102738317472,b6_b8_lambda10,expanded,0.11375419104995738,1.454724664258748,False
100000.0,1e+26,4096,exponential,wikipedia_en,0.04990780139987351,b6_b8_lambda10,expanded,0.07507775607969777,0.6647481758364563,False
100000.0,1e+26,4096,exponential,dm_mathematics,0.012567314324348832,b6_b8_lambda10,expanded,0.02546285409735114,0.49355481817948244,False
100000.0,1e+26,4096,exponential,github,0.06168470206118346,b6_b8_lambda10,expanded,0.11070066006999096,0.5572207249910077,False
100000.0,1e+26,4096,exponential,philpapers,0.01398327153195477,b6_b8_lambda10,expanded,0.005487697351757549,2.548112739394482,False
100000.0,1e+26,4096,exponential,stackexchange,0.17887169145059031,b6_b8_lambda10,expanded,0.09943242344369017,1.7989272035784947,False
100000.0,1e+26,4096,exponential,enron_emails,0.02827912533858268,b6_b8_lambda10,expanded,0.0022110330440804327,12.790005746089586,False
100000.0,1e+26,4096,exponential,gutenberg_pg_19,0.035607875658239176,b6_b8_lambda10,expanded,0.04691494424769629,0.7589879137496293,False
100000.0,1e+26,4096,exponential,pile_cc,0.010166568330367443,b6_b8_lambda10,expanded,0.11948759779117796,0.08508471605676605,False
100000.0,1e+26,4096,exponential,ubuntu_irc,0.04321668148331799,b6_b8_lambda10,expanded,0.019599998284382344,2.2049329217418285,False
100000.0,1e+26,4096,exponential,europarl,0.001007735940607172,b6_b8_lambda10,expanded,0.012737064754468426,0.07911838088548913,False
100000.0,1e+26,4096,exponential,hackernews,0.034499430129666636,b6_b8_lambda10,expanded,0.01165082237856243,2.9611154482232735,False
100000.0,1e+26,4096,exponential,pubmed_abstracts,0.02795006507386475,b6_b8_lambda10,expanded,0.06618116611255062,0.42232657288527725,False
100000.0,1e+26,4096,exponential,uspto_backgrounds,0.024060513940230222,b6_b8_lambda10,expanded,0.07556475309321728,0.3184092179927986,False
100000.0,1e+26,8192,exponential,arxiv,0.14005698632972907,b6_b8_lambda10,expanded,0.11302252583217468,1.2391953311828956,True
100000.0,1e+26,8192,exponential,freelaw,0.14288627498702886,b6_b8_lambda10,expanded,0.09682483215160405,1.4757193150957786,True
100000.0,1e+26,8192,exponential,nih_exporter,0.029382931459094604,b6_b8_lambda10,expanded,0.005889680217640528,4.988884009540629,True
100000.0,1e+26,8192,exponential,pubmed_central,0.16555540748060646,b6_b8_lambda10,expanded,0.11375419104995738,1.4553785311338512,True
100000.0,1e+26,8192,exponential,wikipedia_en,0.0498172052348816,b6_b8_lambda10,expanded,0.07507775607969777,0.6635414780111278,True
100000.0,1e+26,8192,exponential,dm_mathematics,0.012575744646338545,b6_b8_lambda10,expanded,0.02546285409735114,0.49388590133133503,True
100000.0,1e+26,8192,exponential,github,0.061781906459975146,b6_b8_lambda10,expanded,0.11070066006999096,0.5580988082719044,True
100000.0,1e+26,8192,exponential,philpapers,0.014012908032408476,b6_b8_lambda10,expanded,0.005487697351757549,2.5535132741823947,True
100000.0,1e+26,8192,exponential,stackexchange,0.178951365693414,b6_b8_lambda10,expanded,0.09943242344369017,1.7997284939429883,True
100000.0,1e+26,8192,exponential,enron_emails,0.028294328772148537,b6_b8_lambda10,expanded,0.0022110330440804327,12.796881913592626,True
100000.0,1e+26,8192,exponential,gutenberg_pg_19,0.035540798616328584,b6_b8_lambda10,expanded,0.04691494424769629,0.7575581552156225,True
100000.0,1e+26,8192,exponential,pile_cc,0.010177426334238626,b6_b8_lambda10,expanded,0.11948759779117796,0.08517558744485906,True
100000.0,1e+26,8192,exponential,ubuntu_irc,0.043249863490609934,b6_b8_lambda10,expanded,0.019599998284382344,2.2066258814457274,True
100000.0,1e+26,8192,exponential,europarl,0.0010499470715316576,b6_b8_lambda10,expanded,0.012737064754468426,0.08243242000974474,True
100000.0,1e+26,8192,exponential,hackernews,0.034561103502291905,b6_b8_lambda10,expanded,0.01165082237856243,2.966408926281848,True
100000.0,1e+26,8192,exponential,pubmed_abstracts,0.028114488491157816,b6_b8_lambda10,expanded,0.06618116611255062,0.4248110171305394,True
100000.0,1e+26,8192,exponential,uspto_backgrounds,0.023991313398216134,b6_b8_lambda10,expanded,0.07556475309321728,0.3174934399457411,True
100000.0,1e+26,32768,exponential,arxiv,0.14027297601685543,b6_b8_lambda10,expanded,0.11302252583217468,1.2411063633911747,False
100000.0,1e+26,32768,exponential,freelaw,0.14288424629524746,b6_b8_lambda10,expanded,0.09682483215160405,1.4756983629109277,False
100000.0,1e+26,32768,exponential,nih_exporter,0.02938645983351867,b6_b8_lambda10,expanded,0.005889680217640528,4.989483086959722,False
100000.0,1e+26,32768,exponential,pubmed_central,0.16550875149146305,b6_b8_lambda10,expanded,0.11375419104995738,1.4549683837035652,False
100000.0,1e+26,32768,exponential,wikipedia_en,0.049909965267521686,b6_b8_lambda10,expanded,0.07507775607969777,0.6647769975242792,False
100000.0,1e+26,32768,exponential,dm_mathematics,0.012588783571761013,b6_b8_lambda10,expanded,0.02546285409735114,0.4943979776827376,False
100000.0,1e+26,32768,exponential,github,0.061760130791930976,b6_b8_lambda10,expanded,0.11070066006999096,0.5579021006097242,False
100000.0,1e+26,32768,exponential,philpapers,0.014004008657471149,b6_b8_lambda10,expanded,0.005487697351757549,2.551891578529941,False
100000.0,1e+26,32768,exponential,stackexchange,0.17890460659943894,b6_b8_lambda10,expanded,0.09943242344369017,1.7992582339175798,False
100000.0,1e+26,32768,exponential,enron_emails,0.028276629065132945,b6_b8_lambda10,expanded,0.0022110330440804327,12.78887673833621,False
100000.0,1e+26,32768,exponential,gutenberg_pg_19,0.03561397293890101,b6_b8_lambda10,expanded,0.04691494424769629,0.759117878321891,False
100000.0,1e+26,32768,exponential,pile_cc,0.01017192247536865,b6_b8_lambda10,expanded,0.11948759779117796,0.08512952526793259,False
100000.0,1e+26,32768,exponential,ubuntu_irc,0.043233866664840685,b6_b8_lambda10,expanded,0.019599998284382344,2.2058097167942234,False
100000.0,1e+26,32768,exponential,europarl,0.0010164704750929632,b6_b8_lambda10,expanded,0.012737064754468426,0.07980413813444454,False
100000.0,1e+26,32768,exponential,hackernews,0.03450232914822005,b6_b8_lambda10,expanded,0.01165082237856243,2.9613642734528773,False
100000.0,1e+26,32768,exponential,pubmed_abstracts,0.02794012627666034,b6_b8_lambda10,expanded,0.06618116611255062,0.4221763972720596,False
100000.0,1e+26,32768,exponential,uspto_backgrounds,0.02402475443057481,b6_b8_lambda10,expanded,0.07556475309321728,0.31793598797229816,False
100000.0,1e+26,131072,exponential,arxiv,0.14032958254089078,b6_b8_lambda10,expanded,0.11302252583217468,1.2416072062419126,False
100000.0,1e+26,131072,exponential,freelaw,0.14287600123681365,b6_b8_lambda10,expanded,0.09682483215160405,1.4756132085321327,False
100000.0,1e+26,131072,exponential,nih_exporter,0.029426963178370628,b6_b8_lambda10,expanded,0.005889680217640528,4.996360089335953,False
100000.0,1e+26,131072,exponential,pubmed_central,0.16549931989724304,b6_b8_lambda10,expanded,0.11375419104995738,1.4548854716443878,False
100000.0,1e+26,131072,exponential,wikipedia_en,0.04993118463987225,b6_b8_lambda10,expanded,0.07507775607969777,0.6650596294709245,False
100000.0,1e+26,131072,exponential,dm_mathematics,0.012521234701675016,b6_b8_lambda10,expanded,0.02546285409735114,0.49174513798818725,False
100000.0,1e+26,131072,exponential,github,0.06175568987203017,b6_b8_lambda10,expanded,0.11070066006999096,0.5578619841379886,False
100000.0,1e+26,131072,exponential,philpapers,0.013959730118413779,b6_b8_lambda10,expanded,0.005487697351757549,2.5438228866507893,False
100000.0,1e+26,131072,exponential,stackexchange,0.17889228012608996,b6_b8_lambda10,expanded,0.09943242344369017,1.7991342655688052,False
100000.0,1e+26,131072,exponential,enron_emails,0.02829111482704286,b6_b8_lambda10,expanded,0.0022110330440804327,12.795428319258393,False
100000.0,1e+26,131072,exponential,gutenberg_pg_19,0.03567580396555522,b6_b8_lambda10,expanded,0.04691494424769629,0.7604358171502472,False
100000.0,1e+26,131072,exponential,pile_cc,0.010164907001625527,b6_b8_lambda10,expanded,0.11948759779117796,0.08507081228120585,False
100000.0,1e+26,131072,exponential,ubuntu_irc,0.04322979789924545,b6_b8_lambda10,expanded,0.019599998284382344,2.205602126694663,False
100000.0,1e+26,131072,exponential,europarl,0.0011213240763368578,b6_b8_lambda10,expanded,0.012737064754468426,0.08803630176595233,False
100000.0,1e+26,131072,exponential,hackernews,0.03453189601242256,b6_b8_lambda10,expanded,0.01165082237856243,2.9639020225697905,False
100000.0,1e+26,131072,exponential,pubmed_abstracts,0.027897455230264007,b6_b8_lambda10,expanded,0.06618116611255062,0.4215316360975018,False
100000.0,1e+26,131072,exponential,uspto_backgrounds,0.023895714676108133,b6_b8_lambda10,expanded,0.07556475309321728,0.3162283167474946,False
1000000.0,1e+27,2048,exponential,arxiv,0.14026971033251986,b6_b8_lambda10,expanded,0.11302252583217468,1.2410774692896538,False
1000000.0,1e+27,2048,exponential,freelaw,0.14289138507900434,b6_b8_lambda10,expanded,0.09682483215160405,1.4757720917633126,False
1000000.0,1e+27,2048,exponential,nih_exporter,0.0294096181289514,b6_b8_lambda10,expanded,0.005889680217640528,4.993415099323206,False
1000000.0,1e+27,2048,exponential,pubmed_central,0.16551915208123877,b6_b8_lambda10,expanded,0.11375419104995738,1.455059814091138,False
1000000.0,1e+27,2048,exponential,wikipedia_en,0.04996392443223797,b6_b8_lambda10,expanded,0.07507775607969777,0.665495707932446,False
1000000.0,1e+27,2048,exponential,dm_mathematics,0.012478413835698057,b6_b8_lambda10,expanded,0.02546285409735114,0.49006343860707136,False
1000000.0,1e+27,2048,exponential,github,0.061773414878146304,b6_b8_lambda10,expanded,0.11070066006999096,0.5580221006730204,False
1000000.0,1e+27,2048,exponential,philpapers,0.014134392250417446,b6_b8_lambda10,expanded,0.005487697351757549,2.5756508321091385,False
1000000.0,1e+27,2048,exponential,stackexchange,0.17890513729885396,b6_b8_lambda10,expanded,0.09943242344369017,1.7992635712049216,False
1000000.0,1e+27,2048,exponential,enron_emails,0.028302162545467108,b6_b8_lambda10,expanded,0.0022110330440804327,12.800424951241721,False
1000000.0,1e+27,2048,exponential,gutenberg_pg_19,0.035577464868148695,b6_b8_lambda10,expanded,0.04691494424769629,0.7583397025969116,False
1000000.0,1e+27,2048,exponential,pile_cc,0.010176654177577106,b6_b8_lambda10,expanded,0.11948759779117796,0.08516912521216048,False
1000000.0,1e+27,2048,exponential,ubuntu_irc,0.043313667864803784,b6_b8_lambda10,expanded,0.019599998284382344,2.209881206944643,False
1000000.0,1e+27,2048,exponential,europarl,0.0011163030254771062,b6_b8_lambda10,expanded,0.012737064754468426,0.08764209392006773,False
1000000.0,1e+27,2048,exponential,hackernews,0.03445646109843794,b6_b8_lambda10,expanded,0.01165082237856243,2.9574273797048005,False
1000000.0,1e+27,2048,exponential,pubmed_abstracts,0.027902188062074725,b6_b8_lambda10,expanded,0.06618116611255062,0.42160314937066884,False
1000000.0,1e+27,2048,exponential,uspto_backgrounds,0.023809950040945462,b6_b8_lambda10,expanded,0.07556475309321728,0.3150933347399854,False
1000000.0,1e+27,4096,exponential,arxiv,0.14024181975065428,b6_b8_lambda10,expanded,0.11302252583217468,1.240830699173164,False
1000000.0,1e+27,4096,exponential,freelaw,0.1428890248970338,b6_b8_lambda10,expanded,0.09682483215160405,1.4757477159712964,False
1000000.0,1e+27,4096,exponential,nih_exporter,0.029411117716308374,b6_b8_lambda10,expanded,0.005889680217640528,4.993669712018898,False
1000000.0,1e+27,4096,exponential,pubmed_central,0.16552701554885688,b6_b8_lambda10,expanded,0.11375419104995738,1.4551289409298551,False
1000000.0,1e+27,4096,exponential,wikipedia_en,0.04989236250119773,b6_b8_lambda10,expanded,0.07507775607969777,0.6645425370496578,False
1000000.0,1e+27,4096,exponential,dm_mathematics,0.012505939082412019,b6_b8_lambda10,expanded,0.02546285409735114,0.4911444347361277,False
1000000.0,1e+27,4096,exponential,github,0.06172171639032029,b6_b8_lambda10,expanded,0.11070066006999096,0.5575550891141613,False
1000000.0,1e+27,4096,exponential,philpapers,0.014070140506927602,b6_b8_lambda10,expanded,0.005487697351757549,2.5639425072195987,False
1000000.0,1e+27,4096,exponential,stackexchange,0.17891205572463556,b6_b8_lambda10,expanded,0.09943242344369017,1.7993331503778112,False
1000000.0,1e+27,4096,exponential,enron_emails,0.02829879639737287,b6_b8_lambda10,expanded,0.0022110330440804327,12.798902518954582,False
1000000.0,1e+27,4096,exponential,gutenberg_pg_19,0.03562206058154769,b6_b8_lambda10,expanded,0.04691494424769629,0.7592902677977045,False
1000000.0,1e+27,4096,exponential,pile_cc,0.010174483209787817,b6_b8_lambda10,expanded,0.11948759779117796,0.08515095623203685,False
1000000.0,1e+27,4096,exponential,ubuntu_irc,0.04328653318643252,b6_b8_lambda10,expanded,0.019599998284382344,2.2084967844575814,False
1000000.0,1e+27,4096,exponential,europarl,0.0011023801821371368,b6_b8_lambda10,expanded,0.012737064754468426,0.08654899722876881,False
1000000.0,1e+27,4096,exponential,hackernews,0.034549604740613436,b6_b8_lambda10,expanded,0.01165082237856243,2.965421977781146,False
1000000.0,1e+27,4096,exponential,pubmed_abstracts,0.027872867532067237,b6_b8_lambda10,expanded,0.06618116611255062,0.4211601150192096,False
1000000.0,1e+27,4096,exponential,uspto_backgrounds,0.023922082051694736,b6_b8_lambda10,expanded,0.07556475309321728,0.31657725424159416,False
1000000.0,1e+27,8192,exponential,arxiv,0.14026614313587554,b6_b8_lambda10,expanded,0.11302252583217468,1.2410459074694056,False
1000000.0,1e+27,8192,exponential,freelaw,0.14287984417153093,b6_b8_lambda10,expanded,0.09682483215160405,1.475652898089366,False
1000000.0,1e+27,8192,exponential,nih_exporter,0.029386920021139542,b6_b8_lambda10,expanded,0.005889680217640528,4.9895612215279606,False
1000000.0,1e+27,8192,exponential,pubmed_central,0.16550845925812854,b6_b8_lambda10,expanded,0.11375419104995738,1.4549658147139588,False
1000000.0,1e+27,8192,exponential,wikipedia_en,0.04991618753424146,b6_b8_lambda10,expanded,0.07507775607969777,0.664859875157345,False
1000000.0,1e+27,8192,exponential,dm_mathematics,0.012569669867732978,b6_b8_lambda10,expanded,0.02546285409735114,0.49364732718790466,False
1000000.0,1e+27,8192,exponential,github,0.061765990064510334,b6_b8_lambda10,expanded,0.11070066006999096,0.5579550295857182,False
1000000.0,1e+27,8192,exponential,philpapers,0.013984108764526795,b6_b8_lambda10,expanded,0.005487697351757549,2.5482653047635897,False
1000000.0,1e+27,8192,exponential,stackexchange,0.17890105910226775,b6_b8_lambda10,expanded,0.09943242344369017,1.79922255644892,False
1000000.0,1e+27,8192,exponential,enron_emails,0.02828289918468141,b6_b8_lambda10,expanded,0.0022110330440804327,12.791712570919197,False
1000000.0,1e+27,8192,exponential,gutenberg_pg_19,0.035615680039125235,b6_b8_lambda10,expanded,0.04691494424769629,0.7591542654529342,False
1000000.0,1e+27,8192,exponential,pile_cc,0.010167108759906038,b6_b8_lambda10,expanded,0.11948759779117796,0.08508923894908782,False
1000000.0,1e+27,8192,exponential,ubuntu_irc,0.043223466606705986,b6_b8_lambda10,expanded,0.019599998284382344,2.205279101536824,False
1000000.0,1e+27,8192,exponential,europarl,0.0010077381811180886,b6_b8_lambda10,expanded,0.012737064754468426,0.07911855679029607,False
1000000.0,1e+27,8192,exponential,hackernews,0.0345044373675719,b6_b8_lambda10,expanded,0.01165082237856243,2.961545223714013,False
1000000.0,1e+27,8192,exponential,pubmed_abstracts,0.027953095131796085,b6_b8_lambda10,expanded,0.06618116611255062,0.422372357178745,False
1000000.0,1e+27,8192,exponential,uspto_backgrounds,0.024067192809141488,b6_b8_lambda10,expanded,0.07556475309321728,0.3184976040277933,False
1000000.0,1e+27,32768,exponential,arxiv,0.14026593244405508,b6_b8_lambda10,expanded,0.11302252583217468,1.2410440433116288,False
1000000.0,1e+27,32768,exponential,freelaw,0.14287976164829108,b6_b8_lambda10,expanded,0.09682483215160405,1.475652045795197,False
1000000.0,1e+27,32768,exponential,nih_exporter,0.029386448207420507,b6_b8_lambda10,expanded,0.005889680217640528,4.989481112981894,False
1000000.0,1e+27,32768,exponential,pubmed_central,0.16550825090692234,b6_b8_lambda10,expanded,0.11375419104995738,1.454963983122487,False
1000000.0,1e+27,32768,exponential,wikipedia_en,0.04991551958984925,b6_b8_lambda10,expanded,0.07507775607969777,0.6648509784557507,False
1000000.0,1e+27,32768,exponential,dm_mathematics,0.012569510966996444,b6_b8_lambda10,expanded,0.02546285409735114,0.49364108669593443,False
1000000.0,1e+27,32768,exponential,github,0.061766159064262964,b6_b8_lambda10,expanded,0.11070066006999096,0.5579565562229805,False
1000000.0,1e+27,32768,exponential,philpapers,0.01398483913902756,b6_b8_lambda10,expanded,0.005487697351757549,2.5483983978359563,False
1000000.0,1e+27,32768,exponential,stackexchange,0.1789005615024166,b6_b8_lambda10,expanded,0.09943242344369017,1.799217552046594,False
1000000.0,1e+27,32768,exponential,enron_emails,0.02828256056978798,b6_b8_lambda10,expanded,0.0022110330440804327,12.791559423097938,False
1000000.0,1e+27,32768,exponential,gutenberg_pg_19,0.035615312079401225,b6_b8_lambda10,expanded,0.04691494424769629,0.7591464223289592,False
1000000.0,1e+27,32768,exponential,pile_cc,0.010165742431582855,b6_b8_lambda10,expanded,0.11948759779117796,0.08507780405250907,False
1000000.0,1e+27,32768,exponential,ubuntu_irc,0.04322405991192747,b6_b8_lambda10,expanded,0.019599998284382344,2.2053093722140393,False
1000000.0,1e+27,32768,exponential,europarl,0.0010077391789706965,b6_b8_lambda10,expanded,0.012737064754468426,0.07911863513272638,False
1000000.0,1e+27,32768,exponential,hackernews,0.034503974365468544,b6_b8_lambda10,expanded,0.01165082237856243,2.9615054838494514,False
1000000.0,1e+27,32768,exponential,pubmed_abstracts,0.027953460627776365,b6_b8_lambda10,expanded,0.06618116611255062,0.4223778798372557,False
1000000.0,1e+27,32768,exponential,uspto_backgrounds,0.024070167365842922,b6_b8_lambda10,expanded,0.07556475309321728,0.3185369683687019,False
1000000.0,1e+27,131072,exponential,arxiv,0.14028181769941708,b6_b8_lambda10,expanded,0.11302252583217468,1.2411845927750658,True
1000000.0,1e+27,131072,exponential,freelaw,0.1428902386349582,b6_b8_lambda10,expanded,0.09682483215160405,1.4757602513705055,True
1000000.0,1e+27,131072,exponential,nih_exporter,0.029423546196736886,b6_b8_lambda10,expanded,0.005889680217640528,4.995779925132215,True
1000000.0,1e+27,131072,exponential,pubmed_central,0.16551129638577053,b6_b8_lambda10,expanded,0.11375419104995738,1.4549907555764958,True
1000000.0,1e+27,131072,exponential,wikipedia_en,0.049921882710892554,b6_b8_lambda10,expanded,0.07507775607969777,0.6649357322014081,True
1000000.0,1e+27,131072,exponential,dm_mathematics,0.012692606606290228,b6_b8_lambda10,expanded,0.02546285409735114,0.49847540883528135,True
1000000.0,1e+27,131072,exponential,github,0.06178085000286596,b6_b8_lambda10,expanded,0.11070066006999096,0.5580892649041547,True
1000000.0,1e+27,131072,exponential,philpapers,0.013986358707919793,b6_b8_lambda10,expanded,0.005487697351757549,2.5486753024819,True
1000000.0,1e+27,131072,exponential,stackexchange,0.17890204948208877,b6_b8_lambda10,expanded,0.09943242344369017,1.7992325167796321,True
1000000.0,1e+27,131072,exponential,enron_emails,0.02829823929362003,b6_b8_lambda10,expanded,0.0022110330440804327,12.798650553587384,True
1000000.0,1e+27,131072,exponential,gutenberg_pg_19,0.035619835639364064,b6_b8_lambda10,expanded,0.04691494424769629,0.759242842777398,True
1000000.0,1e+27,131072,exponential,pile_cc,0.01013971122163149,b6_b8_lambda10,expanded,0.11948759779117796,0.08485994704950146,True
1000000.0,1e+27,131072,exponential,ubuntu_irc,0.043268220438292655,b6_b8_lambda10,expanded,0.019599998284382344,2.2075624604911117,True
1000000.0,1e+27,131072,exponential,europarl,0.0011332970662804654,b6_b8_lambda10,expanded,0.012737064754468426,0.08897631346993673,True
1000000.0,1e+27,131072,exponential,hackernews,0.03454534407863744,b6_b8_lambda10,expanded,0.01165082237856243,2.9650562815377777,True
1000000.0,1e+27,131072,exponential,pubmed_abstracts,0.02792116012086036,b6_b8_lambda10,expanded,0.06618116611255062,0.4218898179185359,True
1000000.0,1e+27,131072,exponential,uspto_backgrounds,0.023683545714373543,b6_b8_lambda10,expanded,0.07556475309321728,0.3134205399329147,True
0.01,1e+19,2048,power,arxiv,0.9771263629598628,b6_b8_lambda10,expanded,0.11302252583217468,8.64541254732514,False
0.01,1e+19,2048,power,freelaw,0.0024408208905873042,b6_b8_lambda10,expanded,0.09682483215160405,0.02520862506392549,False
0.01,1e+19,2048,power,nih_exporter,0.001018090052039118,b6_b8_lambda10,expanded,0.005889680217640528,0.17285998804990743,False
0.01,1e+19,2048,power,pubmed_central,0.003145738817102886,b6_b8_lambda10,expanded,0.11375419104995738,0.027653827855198525,False
0.01,1e+19,2048,power,wikipedia_en,0.0011061582618784628,b6_b8_lambda10,expanded,0.07507775607969777,0.014733501900406233,False
0.01,1e+19,2048,power,dm_mathematics,0.001013935747010912,b6_b8_lambda10,expanded,0.02546285409735114,0.03982019231364916,False
0.01,1e+19,2048,power,github,0.0010039210515326259,b6_b8_lambda10,expanded,0.11070066006999096,0.009068790112885439,False
0.01,1e+19,2048,power,philpapers,0.0010183141135895793,b6_b8_lambda10,expanded,0.005487697351757549,0.18556309656243034,False
0.01,1e+19,2048,power,stackexchange,0.003570824299708384,b6_b8_lambda10,expanded,0.09943242344369017,0.03591207149577911,False
0.01,1e+19,2048,power,enron_emails,0.0010159027870864491,b6_b8_lambda10,expanded,0.0022110330440804327,0.4594697441570632,False
0.01,1e+19,2048,power,gutenberg_pg_19,0.0010580099436101728,b6_b8_lambda10,expanded,0.04691494424769629,0.02255166153505821,False
0.01,1e+19,2048,power,pile_cc,0.0010077782851353337,b6_b8_lambda10,expanded,0.11948759779117796,0.008434166421996145,False
0.01,1e+19,2048,power,ubuntu_irc,0.0010754233056753837,b6_b8_lambda10,expanded,0.019599998284382344,0.054868540806572504,False
0.01,1e+19,2048,power,europarl,0.0010010896675752233,b6_b8_lambda10,expanded,0.012737064754468426,0.07859657518220753,False
0.01,1e+19,2048,power,hackernews,0.0010341635017196984,b6_b8_lambda10,expanded,0.01165082237856243,0.08876313346108206,False
0.01,1e+19,2048,power,pubmed_abstracts,0.0010360124010023112,b6_b8_lambda10,expanded,0.06618116611255062,0.015654187767565515,False
0.01,1e+19,2048,power,uspto_backgrounds,0.0013274539148834367,b6_b8_lambda10,expanded,0.07556475309321728,0.017567104510298328,False
0.01,1e+19,4096,power,arxiv,0.9770388253247717,b6_b8_lambda10,expanded,0.11302252583217468,8.644638032382685,True
0.01,1e+19,4096,power,freelaw,0.002320113454623799,b6_b8_lambda10,expanded,0.09682483215160405,0.023961967225422792,True
0.01,1e+19,4096,power,nih_exporter,0.001022469126710068,b6_b8_lambda10,expanded,0.005889680217640528,0.17360350459225452,True
0.01,1e+19,4096,power,pubmed_central,0.003210866075517637,b6_b8_lambda10,expanded,0.11375419104995738,0.028226354087538826,True
0.01,1e+19,4096,power,wikipedia_en,0.00113001562782718,b6_b8_lambda10,expanded,0.07507775607969777,0.015051270667008579,True
0.01,1e+19,4096,power,dm_mathematics,0.0010297756638313353,b6_b8_lambda10,expanded,0.02546285409735114,0.040442271706629354,True
0.01,1e+19,4096,power,github,0.0010071973667819313,b6_b8_lambda10,expanded,0.11070066006999096,0.009098386280128108,True
0.01,1e+19,4096,power,philpapers,0.001018152308461971,b6_b8_lambda10,expanded,0.005487697351757549,0.18553361149478964,True
0.01,1e+19,4096,power,stackexchange,0.003620426653805666,b6_b8_lambda10,expanded,0.09943242344369017,0.036410926420353804,True
0.01,1e+19,4096,power,enron_emails,0.0010091856815498108,b6_b8_lambda10,expanded,0.0022110330440804327,0.4564317499694043,True
0.01,1e+19,4096,power,gutenberg_pg_19,0.0010771668754904582,b6_b8_lambda10,expanded,0.04691494424769629,0.022959994789791344,True
0.01,1e+19,4096,power,pile_cc,0.0010173927192298445,b6_b8_lambda10,expanded,0.11948759779117796,0.008514630288307302,True
0.01,1e+19,4096,power,ubuntu_irc,0.0010664856704813571,b6_b8_lambda10,expanded,0.019599998284382344,0.05441253897104437,True
0.01,1e+19,4096,power,europarl,0.001007766312532791,b6_b8_lambda10,expanded,0.012737064754468426,0.07912076541647838,True
0.01,1e+19,4096,power,hackernews,0.0010406282647347788,b6_b8_lambda10,expanded,0.01165082237856243,0.08931800957240066,True
0.01,1e+19,4096,power,pubmed_abstracts,0.0010561083243710468,b6_b8_lambda10,expanded,0.06618116611255062,0.015957837953096538,True
0.01,1e+19,4096,power,uspto_backgrounds,0.0013274245492785072,b6_b8_lambda10,expanded,0.07556475309321728,0.01756671589518708,True
0.01,1e+19,8192,power,arxiv,0.9775041820911151,b6_b8_lambda10,expanded,0.11302252583217468,8.648755413081064,False
0.01,1e+19,8192,power,freelaw,0.0024691261736708306,b6_b8_lambda10,expanded,0.09682483215160405,0.025500960020305347,False
0.01,1e+19,8192,power,nih_exporter,0.0010159336338386006,b6_b8_lambda10,expanded,0.005889680217640528,0.17249385302715042,False
0.01,1e+19,8192,power,pubmed_central,0.0032263462628135237,b6_b8_lambda10,expanded,0.11375419104995738,0.028362438632231236,False
0.01,1e+19,8192,power,wikipedia_en,0.0010104241695246107,b6_b8_lambda10,expanded,0.07507775607969777,0.013458369326488777,False
0.01,1e+19,8192,power,dm_mathematics,0.0010003209492114677,b6_b8_lambda10,expanded,0.02546285409735114,0.03928549978674738,False
0.01,1e+19,8192,power,github,0.0010001098910687458,b6_b8_lambda10,expanded,0.11070066006999096,0.009034362491031418,False
0.01,1e+19,8192,power,philpapers,0.0010065868250860172,b6_b8_lambda10,expanded,0.005487697351757549,0.18342608211869352,False
0.01,1e+19,8192,power,stackexchange,0.003359856608518854,b6_b8_lambda10,expanded,0.09943242344369017,0.03379035220258493,False
0.01,1e+19,8192,power,enron_emails,0.0010153841491075074,b6_b8_lambda10,expanded,0.0022110330440804327,0.45923517598526215,False
0.01,1e+19,8192,power,gutenberg_pg_19,0.0010086464941893747,b6_b8_lambda10,expanded,0.04691494424769629,0.021499471231683352,False
0.01,1e+19,8192,power,pile_cc,0.0010001100688898288,b6_b8_lambda10,expanded,0.11948759779117796,0.00836999058795765,False
0.01,1e+19,8192,power,ubuntu_irc,0.0010323340261538362,b6_b8_lambda10,expanded,0.019599998284382344,0.05267010798548997,False
0.01,1e+19,8192,power,europarl,0.0010001162306179925,b6_b8_lambda10,expanded,0.012737064754468426,0.07852014964963816,False
0.01,1e+19,8192,power,hackernews,0.0010216450540933286,b6_b8_lambda10,expanded,0.01165082237856243,0.08768866444768401,False
0.01,1e+19,8192,power,pubmed_abstracts,0.0010012967130182324,b6_b8_lambda10,expanded,0.06618116611255062,0.015129632368752506,False
0.01,1e+19,8192,power,uspto_backgrounds,0.0013275806590821206,b6_b8_lambda10,expanded,0.07556475309321728,0.017568781802865238,False
0.01,1e+19,32768,power,arxiv,0.9769385824018029,b6_b8_lambda10,expanded,0.11302252583217468,8.64375110367329,False
0.01,1e+19,32768,power,freelaw,0.0027445148299232165,b6_b8_lambda10,expanded,0.09682483215160405,0.028345154532527114,False
0.01,1e+19,32768,power,nih_exporter,0.0010214436770209225,b6_b8_lambda10,expanded,0.005889680217640528,0.17342939502242183,False
0.01,1e+19,32768,power,pubmed_central,0.003252300552289864,b6_b8_lambda10,expanded,0.11375419104995738,0.028590599803584842,False
0.01,1e+19,32768,power,wikipedia_en,0.001118030110056219,b6_b8_lambda10,expanded,0.07507775607969777,0.01489162927125032,False
0.01,1e+19,32768,power,dm_mathematics,0.0010243308552965323,b6_b8_lambda10,expanded,0.02546285409735114,0.04022843831175594,False
0.01,1e+19,32768,power,github,0.0010036796087504708,b6_b8_lambda10,expanded,0.11070066006999096,0.009066609070947635,False
0.01,1e+19,32768,power,philpapers,0.0010168229486466256,b6_b8_lambda10,expanded,0.005487697351757549,0.18529136784866004,False
0.01,1e+19,32768,power,stackexchange,0.00330951522248381,b6_b8_lambda10,expanded,0.09943242344369017,0.033284064773479345,False
0.01,1e+19,32768,power,enron_emails,0.0010090129242112812,b6_b8_lambda10,expanded,0.0022110330440804327,0.45635361575110656,False
0.01,1e+19,32768,power,gutenberg_pg_19,0.001067038702862621,b6_b8_lambda10,expanded,0.04691494424769629,0.022744111071069148,False
0.01,1e+19,32768,power,pile_cc,0.0010130975483866199,b6_b8_lambda10,expanded,0.11948759779117796,0.008478683705376319,False
0.01,1e+19,32768,power,ubuntu_irc,0.001062220864671686,b6_b8_lambda10,expanded,0.019599998284382344,0.054194946818851716,False
0.01,1e+19,32768,power,europarl,0.0010059595993732022,b6_b8_lambda10,expanded,0.012737064754468426,0.07897891851576641,False
0.01,1e+19,32768,power,hackernews,0.001038341440874165,b6_b8_lambda10,expanded,0.01165082237856243,0.08912172953427891,False
0.01,1e+19,32768,power,pubmed_abstracts,0.0010477177918257973,b6_b8_lambda10,expanded,0.06618116611255062,0.015831056679237142,False
0.01,1e+19,32768,power,uspto_backgrounds,0.0013273909215239757,b6_b8_lambda10,expanded,0.07556475309321728,0.017566270876138452,False
0.01,1e+19,131072,power,arxiv,0.9771590820547869,b6_b8_lambda10,expanded,0.11302252583217468,8.645702039129391,False
0.01,1e+19,131072,power,freelaw,0.0031998265102085406,b6_b8_lambda10,expanded,0.09682483215160405,0.03304758127748049,False
0.01,1e+19,131072,power,nih_exporter,0.0010286919062166965,b6_b8_lambda10,expanded,0.005889680217640528,0.1746600610226003,False
0.01,1e+19,131072,power,pubmed_central,0.003009183742062064,b6_b8_lambda10,expanded,0.11375419104995738,0.02645338790849932,False
0.01,1e+19,131072,power,wikipedia_en,0.0010751886593515683,b6_b8_lambda10,expanded,0.07507775607969777,0.014321001525541286,False
0.01,1e+19,131072,power,dm_mathematics,0.0010057690077289888,b6_b8_lambda10,expanded,0.02546285409735114,0.03949946081785142,False
0.01,1e+19,131072,power,github,0.0010021215583228026,b6_b8_lambda10,expanded,0.11070066006999096,0.009052534625260653,False
0.01,1e+19,131072,power,philpapers,0.0010140860486566154,b6_b8_lambda10,expanded,0.005487697351757549,0.18479263407845065,False
0.01,1e+19,131072,power,stackexchange,0.0030306865936697946,b6_b8_lambda10,expanded,0.09943242344369017,0.030479862490590006,False
0.01,1e+19,131072,power,enron_emails,0.0010160764561834613,b6_b8_lambda10,expanded,0.0022110330440804327,0.45954829074300285,False
0.01,1e+19,131072,power,gutenberg_pg_19,0.0010197487713385204,b6_b8_lambda10,expanded,0.04691494424769629,0.02173611815362211,False
0.01,1e+19,131072,power,pile_cc,0.0010027181124456694,b6_b8_lambda10,expanded,0.11948759779117796,0.008391817485510638,False
0.01,1e+19,131072,power,ubuntu_irc,0.0010471806803954327,b6_b8_lambda10,expanded,0.019599998284382344,0.05342759041105868,False
0.01,1e+19,131072,power,europarl,0.0010006015204354535,b6_b8_lambda10,expanded,0.012737064754468426,0.07855825025027229,False
0.01,1e+19,131072,power,hackernews,0.0010350352498820494,b6_b8_lambda10,expanded,0.01165082237856243,0.08883795634774412,False
0.01,1e+19,131072,power,pubmed_abstracts,0.00102653823739845,b6_b8_lambda10,expanded,0.06618116611255062,0.015511032786165686,False
0.01,1e+19,131072,power,uspto_backgrounds,0.0013274648909170027,b6_b8_lambda10,expanded,0.07556475309321728,0.01756724976364882,False
10.0,1e+22,2048,power,arxiv,0.14437339333711166,b6_b8_lambda10,expanded,0.11302252583217468,1.2773860102143655,False
10.0,1e+22,2048,power,freelaw,0.1424188246596118,b6_b8_lambda10,expanded,0.09682483215160405,1.4708915212640772,False
10.0,1e+22,2048,power,nih_exporter,0.028448556769350337,b6_b8_lambda10,expanded,0.005889680217640528,4.830237927713356,False
10.0,1e+22,2048,power,pubmed_central,0.16503234841235973,b6_b8_lambda10,expanded,0.11375419104995738,1.450780379070891,False
10.0,1e+22,2048,power,wikipedia_en,0.04728831704965662,b6_b8_lambda10,expanded,0.07507775607969777,0.6298578902579127,False
10.0,1e+22,2048,power,dm_mathematics,0.011777624736526705,b6_b8_lambda10,expanded,0.02546285409735114,0.462541421770622,False
10.0,1e+22,2048,power,github,0.060611636251798405,b6_b8_lambda10,expanded,0.11070066006999096,0.5475273247104077,False
10.0,1e+22,2048,power,philpapers,0.015966168814614958,b6_b8_lambda10,expanded,0.005487697351757549,2.9094477685620657,False
10.0,1e+22,2048,power,stackexchange,0.177351292595491,b6_b8_lambda10,expanded,0.09943242344369017,1.7836364281710106,False
10.0,1e+22,2048,power,enron_emails,0.028559075092829737,b6_b8_lambda10,expanded,0.0022110330440804327,12.916620658063225,False
10.0,1e+22,2048,power,gutenberg_pg_19,0.03504154674976729,b6_b8_lambda10,expanded,0.04691494424769629,0.7469165169366683,False
10.0,1e+22,2048,power,pile_cc,0.009591510583375398,b6_b8_lambda10,expanded,0.11948759779117796,0.08027201785525861,False
10.0,1e+22,2048,power,ubuntu_irc,0.04250063315703556,b6_b8_lambda10,expanded,0.019599998284382344,2.16839984067248,False
10.0,1e+22,2048,power,europarl,0.0011943439297428852,b6_b8_lambda10,expanded,0.012737064754468426,0.09376916524852279,False
10.0,1e+22,2048,power,hackernews,0.034942919545436886,b6_b8_lambda10,expanded,0.01165082237856243,2.999180522203482,False
10.0,1e+22,2048,power,pubmed_abstracts,0.026735586794835314,b6_b8_lambda10,expanded,0.06618116611255062,0.4039757587433197,False
10.0,1e+22,2048,power,uspto_backgrounds,0.028166221520455694,b6_b8_lambda10,expanded,0.07556475309321728,0.37274285122998574,False
10.0,1e+22,4096,power,arxiv,0.15370942529694007,b6_b8_lambda10,expanded,0.11302252583217468,1.3599892956310382,False
10.0,1e+22,4096,power,freelaw,0.14138478220492617,b6_b8_lambda10,expanded,0.09682483215160405,1.4602120041225801,False
10.0,1e+22,4096,power,nih_exporter,0.028976999337055737,b6_b8_lambda10,expanded,0.005889680217640528,4.9199614013448505,False
10.0,1e+22,4096,power,pubmed_central,0.16417752786244647,b6_b8_lambda10,expanded,0.11375419104995738,1.4432657500095507,False
10.0,1e+22,4096,power,wikipedia_en,0.04870607817430679,b6_b8_lambda10,expanded,0.07507775607969777,0.6487417940755117,False
10.0,1e+22,4096,power,dm_mathematics,0.011595411365415306,b6_b8_lambda10,expanded,0.02546285409735114,0.4553853751462039,False
10.0,1e+22,4096,power,github,0.057108539565232756,b6_b8_lambda10,expanded,0.11070066006999096,0.5158825568801996,False
10.0,1e+22,4096,power,philpapers,0.013114475791761452,b6_b8_lambda10,expanded,0.005487697351757549,2.389795746946808,False
10.0,1e+22,4096,power,stackexchange,0.17717465017993433,b6_b8_lambda10,expanded,0.09943242344369017,1.78185992097709,False
10.0,1e+22,4096,power,enron_emails,0.02831289660548283,b6_b8_lambda10,expanded,0.0022110330440804327,12.805279722654777,False
10.0,1e+22,4096,power,gutenberg_pg_19,0.036774928855265926,b6_b8_lambda10,expanded,0.04691494424769629,0.7838638507403048,False
10.0,1e+22,4096,power,pile_cc,0.009924921270926583,b6_b8_lambda10,expanded,0.11948759779117796,0.08306235504267007,False
10.0,1e+22,4096,power,ubuntu_irc,0.04288665613230768,b6_b8_lambda10,expanded,0.019599998284382344,2.1880948921551995,False
10.0,1e+22,4096,power,europarl,0.0012585632333525568,b6_b8_lambda10,expanded,0.012737064754468426,0.09881108855248825,False
10.0,1e+22,4096,power,hackernews,0.03362690615077022,b6_b8_lambda10,expanded,0.01165082237856243,2.8862259725668715,False
10.0,1e+22,4096,power,pubmed_abstracts,0.02850747769967194,b6_b8_lambda10,expanded,0.06618116611255062,0.43074909939167383,False
10.0,1e+22,4096,power,uspto_backgrounds,0.022759760274203178,b6_b8_lambda10,expanded,0.07556475309321728,0.3011954561159825,False
10.0,1e+22,8192,power,arxiv,0.1467488215987534,b6_b8_lambda10,expanded,0.11302252583217468,1.2984033095903234,True
10.0,1e+22,8192,power,freelaw,0.1421445991361627,b6_b8_lambda10,expanded,0.09682483215160405,1.4680593395049626,True
10.0,1e+22,8192,power,nih_exporter,0.029411756383830655,b6_b8_lambda10,expanded,0.005889680217640528,4.993778150422797,True
10.0,1e+22,8192,power,pubmed_central,0.16469781375925746,b6_b8_lambda10,expanded,0.11375419104995738,1.4478395234416215,True
10.0,1e+22,8192,power,wikipedia_en,0.04969085244334171,b6_b8_lambda10,expanded,0.07507775607969777,0.6618585189279373,True
10.0,1e+22,8192,power,dm_mathematics,0.012526898837105744,b6_b8_lambda10,expanded,0.02546285409735114,0.49196758498525495,True
10.0,1e+22,8192,power,github,0.0593787052238321,b6_b8_lambda10,expanded,0.11070066006999096,0.5363898027915069,True
10.0,1e+22,8192,power,philpapers,0.013740037655789464,b6_b8_lambda10,expanded,0.005487697351757549,2.5037892534997273,True
10.0,1e+22,8192,power,stackexchange,0.17802219424620536,b6_b8_lambda10,expanded,0.09943242344369017,1.7903837408430616,True
10.0,1e+22,8192,power,enron_emails,0.028176755337592205,b6_b8_lambda10,expanded,0.0022110330440804327,12.743706121005035,True
10.0,1e+22,8192,power,gutenberg_pg_19,0.03572428476035566,b6_b8_lambda10,expanded,0.04691494424769629,0.7614691935205672,True
10.0,1e+22,8192,power,pile_cc,0.010240610685221967,b6_b8_lambda10,expanded,0.11948759779117796,0.08570438166410317,True
10.0,1e+22,8192,power,ubuntu_irc,0.04284718217109957,b6_b8_lambda10,expanded,0.019599998284382344,2.1860809143662543,True
10.0,1e+22,8192,power,europarl,0.0011195989417577862,b6_b8_lambda10,expanded,0.012737064754468426,0.08790085968315484,True
10.0,1e+22,8192,power,hackernews,0.034488381682886184,b6_b8_lambda10,expanded,0.01165082237856243,2.9601671506335014,True
10.0,1e+22,8192,power,pubmed_abstracts,0.027171472884202685,b6_b8_lambda10,expanded,0.06618116611255062,0.41056201454645985,True
10.0,1e+22,8192,power,uspto_backgrounds,0.023870034252605178,b6_b8_lambda10,expanded,0.07556475309321728,0.3158884701596115,True
10.0,1e+22,32768,power,arxiv,0.1450401362897863,b6_b8_lambda10,expanded,0.11302252583217468,1.2832852143576587,False
10.0,1e+22,32768,power,freelaw,0.14215246236501214,b6_b8_lambda10,expanded,0.09682483215160405,1.468140550374888,False
10.0,1e+22,32768,power,nih_exporter,0.02987662015140613,b6_b8_lambda10,expanded,0.005889680217640528,5.072706674620619,False
10.0,1e+22,32768,power,pubmed_central,0.16465434064976114,b6_b8_lambda10,expanded,0.11375419104995738,1.4474573563399522,False
10.0,1e+22,32768,power,wikipedia_en,0.049687768487952665,b6_b8_lambda10,expanded,0.07507775607969777,0.6618174421090488,False
10.0,1e+22,32768,power,dm_mathematics,0.012558080009646352,b6_b8_lambda10,expanded,0.02546285409735114,0.4931921599060943,False
10.0,1e+22,32768,power,github,0.05963507808859264,b6_b8_lambda10,expanded,0.11070066006999096,0.5387057136866944,False
10.0,1e+22,32768,power,philpapers,0.014351904308467018,b6_b8_lambda10,expanded,0.005487697351757549,2.6152871393081694,False
10.0,1e+22,32768,power,stackexchange,0.17809861787093065,b6_b8_lambda10,expanded,0.09943242344369017,1.791152339475967,False
10.0,1e+22,32768,power,enron_emails,0.028221938400162808,b6_b8_lambda10,expanded,0.0022110330440804327,12.76414139341834,False
10.0,1e+22,32768,power,gutenberg_pg_19,0.03550847122696102,b6_b8_lambda10,expanded,0.04691494424769629,0.7568690914239896,False
10.0,1e+22,32768,power,pile_cc,0.010328032901014788,b6_b8_lambda10,expanded,0.11948759779117796,0.0864360242563796,False
10.0,1e+22,32768,power,ubuntu_irc,0.043335671019376756,b6_b8_lambda10,expanded,0.019599998284382344,2.211003816970099,False
10.0,1e+22,32768,power,europarl,0.0011465928548547997,b6_b8_lambda10,expanded,0.012737064754468426,0.09002017944931552,False
10.0,1e+22,32768,power,hackernews,0.033600342408983505,b6_b8_lambda10,expanded,0.01165082237856243,2.8839459840026658,False
10.0,1e+22,32768,power,pubmed_abstracts,0.02728593719879305,b6_b8_lambda10,expanded,0.06618116611255062,0.4122915748022538,False
10.0,1e+22,32768,power,uspto_backgrounds,0.024518005768298393,b6_b8_lambda10,expanded,0.07556475309321728,0.32446351989071925,False
10.0,1e+22,131072,power,arxiv,0.14634236998160458,b6_b8_lambda10,expanded,0.11302252583217468,1.294807109504047,False
10.0,1e+22,131072,power,freelaw,0.14190919584619066,b6_b8_lambda10,expanded,0.09682483215160405,1.4656281110200688,False
10.0,1e+22,131072,power,nih_exporter,0.027894544158403794,b6_b8_lambda10,expanded,0.005889680217640528,4.736172954663175,False
10.0,1e+22,131072,power,pubmed_central,0.1644569252939997,b6_b8_lambda10,expanded,0.11375419104995738,1.445721900670677,False
10.0,1e+22,131072,power,wikipedia_en,0.04906022706555056,b6_b8_lambda10,expanded,0.07507775607969777,0.6534588888547941,False
10.0,1e+22,131072,power,dm_mathematics,0.011442266835463871,b6_b8_lambda10,expanded,0.02546285409735114,0.4493709460737236,False
10.0,1e+22,131072,power,github,0.058830972763718084,b6_b8_lambda10,expanded,0.11070066006999096,0.5314419329254401,False
10.0,1e+22,131072,power,philpapers,0.012889304033967482,b6_b8_lambda10,expanded,0.005487697351757549,2.3487636448900404,False
10.0,1e+22,131072,power,stackexchange,0.1777616365143455,b6_b8_lambda10,expanded,0.09943242344369017,1.787763290462433,False
10.0,1e+22,131072,power,enron_emails,0.027150738748486853,b6_b8_lambda10,expanded,0.0022110330440804327,12.279662134031483,False
10.0,1e+22,131072,power,gutenberg_pg_19,0.03500156748727822,b6_b8_lambda10,expanded,0.04691494424769629,0.7460643521706186,False
10.0,1e+22,131072,power,pile_cc,0.010142218031592081,b6_b8_lambda10,expanded,0.11948759779117796,0.08488092671606881,False
10.0,1e+22,131072,power,ubuntu_irc,0.04210278569673209,b6_b8_lambda10,expanded,0.019599998284382344,2.1481014990843343,False
10.0,1e+22,131072,power,europarl,0.001010573746523608,b6_b8_lambda10,expanded,0.012737064754468426,0.07934117993465313,False
10.0,1e+22,131072,power,hackernews,0.03395347512915535,b6_b8_lambda10,expanded,0.01165082237856243,2.9142556659030276,False
10.0,1e+22,131072,power,pubmed_abstracts,0.02753130451448375,b6_b8_lambda10,expanded,0.06618116611255062,0.41599908450786127,False
10.0,1e+22,131072,power,uspto_backgrounds,0.032519894152503906,b6_b8_lambda10,expanded,0.07556475309321728,0.4303579753961097,False
1000.0,1e+24,2048,power,arxiv,0.14270685380243348,b6_b8_lambda10,expanded,0.11302252583217468,1.2626408121009132,False
1000.0,1e+24,2048,power,freelaw,0.14211588757316954,b6_b8_lambda10,expanded,0.09682483215160405,1.4677628085184877,False
1000.0,1e+24,2048,power,nih_exporter,0.031056751225627878,b6_b8_lambda10,expanded,0.005889680217640528,5.273079365600864,False
1000.0,1e+24,2048,power,pubmed_central,0.16606711536102545,b6_b8_lambda10,expanded,0.11375419104995738,1.4598768962111808,False
1000.0,1e+24,2048,power,wikipedia_en,0.049879817067818355,b6_b8_lambda10,expanded,0.07507775607969777,0.6643754378443212,False
1000.0,1e+24,2048,power,dm_mathematics,0.012940041975255445,b6_b8_lambda10,expanded,0.02546285409735114,0.5081929121449734,False
1000.0,1e+24,2048,power,github,0.06205266496085041,b6_b8_lambda10,expanded,0.11070066006999096,0.5605446699379872,False
1000.0,1e+24,2048,power,philpapers,0.013397112806073024,b6_b8_lambda10,expanded,0.005487697351757549,2.4412995009249774,False
1000.0,1e+24,2048,power,stackexchange,0.17950914487690856,b6_b8_lambda10,expanded,0.09943242344369017,1.8053381247271603,False
1000.0,1e+24,2048,power,enron_emails,0.02741537366108126,b6_b8_lambda10,expanded,0.0022110330440804327,12.39935049115618,False
1000.0,1e+24,2048,power,gutenberg_pg_19,0.03173720609788366,b6_b8_lambda10,expanded,0.04691494424769629,0.6764839350617387,False
1000.0,1e+24,2048,power,pile_cc,0.004974849509343416,b6_b8_lambda10,expanded,0.11948759779117796,0.041634860866796346,False
1000.0,1e+24,2048,power,ubuntu_irc,0.04241285215988559,b6_b8_lambda10,expanded,0.019599998284382344,2.1639212179768896,False
1000.0,1e+24,2048,power,europarl,0.001021194891030505,b6_b8_lambda10,expanded,0.012737064754468426,0.08017505686875374,False
1000.0,1e+24,2048,power,hackernews,0.034975918522506956,b6_b8_lambda10,expanded,0.01165082237856243,3.002012852488664,False
1000.0,1e+24,2048,power,pubmed_abstracts,0.02916737295059155,b6_b8_lambda10,expanded,0.06618116611255062,0.4407201423587524,False
1000.0,1e+24,2048,power,uspto_backgrounds,0.02856984255851485,b6_b8_lambda10,expanded,0.07556475309321728,0.37808424416170416,False
1000.0,1e+24,4096,power,arxiv,0.1475040168195804,b6_b8_lambda10,expanded,0.11302252583217468,1.305085121160774,False
1000.0,1e+24,4096,power,freelaw,0.1421261373846381,b6_b8_lambda10,expanded,0.09682483215160405,1.4678686678444564,False
1000.0,1e+24,4096,power,nih_exporter,0.02916740824478214,b6_b8_lambda10,expanded,0.005889680217640528,4.9522906451561015,False
1000.0,1e+24,4096,power,pubmed_central,0.1645214703671312,b6_b8_lambda10,expanded,0.11375419104995738,1.446289308979204,False
1000.0,1e+24,4096,power,wikipedia_en,0.049653423262114985,b6_b8_lambda10,expanded,0.07507775607969777,0.6613599800373104,False
1000.0,1e+24,4096,power,dm_mathematics,0.012536278639752707,b6_b8_lambda10,expanded,0.02546285409735114,0.492335956991437,False
1000.0,1e+24,4096,power,github,0.05913513658165199,b6_b8_lambda10,expanded,0.11070066006999096,0.5341895571739459,False
1000.0,1e+24,4096,power,philpapers,0.013890061681416786,b6_b8_lambda10,expanded,0.005487697351757549,2.5311275004931177,False
1000.0,1e+24,4096,power,stackexchange,0.1779665327457888,b6_b8_lambda10,expanded,0.09943242344369017,1.7898239485892997,False
1000.0,1e+24,4096,power,enron_emails,0.02801438202913029,b6_b8_lambda10,expanded,0.0022110330440804327,12.670268363529345,False
1000.0,1e+24,4096,power,gutenberg_pg_19,0.03543387554151456,b6_b8_lambda10,expanded,0.04691494424769629,0.7552790717267985,False
1000.0,1e+24,4096,power,pile_cc,0.010129428595138195,b6_b8_lambda10,expanded,0.11948759779117796,0.08477389103462313,False
1000.0,1e+24,4096,power,ubuntu_irc,0.042844132495391526,b6_b8_lambda10,expanded,0.019599998284382344,2.185925318653245,False
1000.0,1e+24,4096,power,europarl,0.0010324074393708146,b6_b8_lambda10,expanded,0.012737064754468426,0.08105536552356968,False
1000.0,1e+24,4096,power,hackernews,0.034260739973488906,b6_b8_lambda10,expanded,0.01165082237856243,2.9406284689850595,False
1000.0,1e+24,4096,power,pubmed_abstracts,0.02781069281631871,b6_b8_lambda10,expanded,0.06618116611255062,0.42022065264039943,False
1000.0,1e+24,4096,power,uspto_backgrounds,0.023973875382789875,b6_b8_lambda10,expanded,0.07556475309321728,0.317262670774766,False
1000.0,1e+24,8192,power,arxiv,0.1412379151561871,b6_b8_lambda10,expanded,0.11302252583217468,1.249643945897201,True
1000.0,1e+24,8192,power,freelaw,0.1426398481696528,b6_b8_lambda10,expanded,0.09682483215160405,1.4731742364016043,True
1000.0,1e+24,8192,power,nih_exporter,0.02934048157630325,b6_b8_lambda10,expanded,0.005889680217640528,4.981676507397438,True
1000.0,1e+24,8192,power,pubmed_central,0.1654189803987446,b6_b8_lambda10,expanded,0.11375419104995738,1.4541792163604557,True
1000.0,1e+24,8192,power,wikipedia_en,0.049834830803523654,b6_b8_lambda10,expanded,0.07507775607969777,0.6637762422017803,True
1000.0,1e+24,8192,power,dm_mathematics,0.012608971922866512,b6_b8_lambda10,expanded,0.02546285409735114,0.4951908326796014,True
1000.0,1e+24,8192,power,github,0.06155338061313724,b6_b8_lambda10,expanded,0.11070066006999096,0.5560344497875609,True
1000.0,1e+24,8192,power,philpapers,0.013979070587643645,b6_b8_lambda10,expanded,0.005487697351757549,2.5473472189873148,True
1000.0,1e+24,8192,power,stackexchange,0.1788531625978001,b6_b8_lambda10,expanded,0.09943242344369017,1.798740857393332,True
1000.0,1e+24,8192,power,enron_emails,0.02821866688103837,b6_b8_lambda10,expanded,0.0022110330440804327,12.762661759663795,True
1000.0,1e+24,8192,power,gutenberg_pg_19,0.03557969225821152,b6_b8_lambda10,expanded,0.04691494424769629,0.7583871797941788,True
1000.0,1e+24,8192,power,pile_cc,0.010410944697110139,b6_b8_lambda10,expanded,0.11948759779117796,0.08712991883312264,True
1000.0,1e+24,8192,power,ubuntu_irc,0.04327946019393104,b6_b8_lambda10,expanded,0.019599998284382344,2.208135917461633,True
1000.0,1e+24,8192,power,europarl,0.0010084122410841867,b6_b8_lambda10,expanded,0.012737064754468426,0.0791714779286503,True
1000.0,1e+24,8192,power,hackernews,0.034524899621471546,b6_b8_lambda10,expanded,0.01165082237856243,2.963301516380297,True
1000.0,1e+24,8192,power,pubmed_abstracts,0.027964172718902773,b6_b8_lambda10,expanded,0.06618116611255062,0.4225397399517812,True
1000.0,1e+24,8192,power,uspto_backgrounds,0.02354710956239146,b6_b8_lambda10,expanded,0.07556475309321728,0.3116149871269156,True
1000.0,1e+24,32768,power,arxiv,0.1374935594628956,b6_b8_lambda10,expanded,0.11302252583217468,1.2165146589190332,False
1000.0,1e+24,32768,power,freelaw,0.14331667871154344,b6_b8_lambda10,expanded,0.09682483215160405,1.4801644942399126,False
1000.0,1e+24,32768,power,nih_exporter,0.02930421506999651,b6_b8_lambda10,expanded,0.005889680217640528,4.975518871504386,False
1000.0,1e+24,32768,power,pubmed_central,0.1655410703810731,b6_b8_lambda10,expanded,0.11375419104995738,1.4552524953421058,False
1000.0,1e+24,32768,power,wikipedia_en,0.04633361183969099,b6_b8_lambda10,expanded,0.07507775607969777,0.6171416709698432,False
1000.0,1e+24,32768,power,dm_mathematics,0.012361600077204854,b6_b8_lambda10,expanded,0.02546285409735114,0.48547582411395157,False
1000.0,1e+24,32768,power,github,0.06084480963507932,b6_b8_lambda10,expanded,0.11070066006999096,0.5496336661101201,False
1000.0,1e+24,32768,power,philpapers,0.014223742427711124,b6_b8_lambda10,expanded,0.005487697351757549,2.5919327389940108,False
1000.0,1e+24,32768,power,stackexchange,0.17894700160013413,b6_b8_lambda10,expanded,0.09943242344369017,1.7996846039005985,False
1000.0,1e+24,32768,power,enron_emails,0.029021426523486774,b6_b8_lambda10,expanded,0.0022110330440804327,13.125731703189794,False
1000.0,1e+24,32768,power,gutenberg_pg_19,0.0366235137025716,b6_b8_lambda10,expanded,0.04691494424769629,0.7806364110593601,False
1000.0,1e+24,32768,power,pile_cc,0.009792943254670325,b6_b8_lambda10,expanded,0.11948759779117796,0.08195782186352867,False
1000.0,1e+24,32768,power,ubuntu_irc,0.04486371600760192,b6_b8_lambda10,expanded,0.019599998284382344,2.2889653027852654,False
1000.0,1e+24,32768,power,europarl,0.0012064960583300804,b6_b8_lambda10,expanded,0.012737064754468426,0.09472324131090065,False
1000.0,1e+24,32768,power,hackernews,0.03375191000792413,b6_b8_lambda10,expanded,0.01165082237856243,2.896955160008946,False
1000.0,1e+24,32768,power,pubmed_abstracts,0.02840858940106174,b6_b8_lambda10,expanded,0.06618116611255062,0.42925489334456324,False
1000.0,1e+24,32768,power,uspto_backgrounds,0.027965115839024435,b6_b8_lambda10,expanded,0.07556475309321728,0.37008148236157734,False
1000.0,1e+24,131072,power,arxiv,0.14150542138135408,b6_b8_lambda10,expanded,0.11302252583217468,1.252010785809841,False
1000.0,1e+24,131072,power,freelaw,0.14260914436817018,b6_b8_lambda10,expanded,0.09682483215160405,1.4728571297172928,False
1000.0,1e+24,131072,power,nih_exporter,0.029358205952536708,b6_b8_lambda10,expanded,0.005889680217640528,4.984685902742939,False
1000.0,1e+24,131072,power,pubmed_central,0.1654762908407749,b6_b8_lambda10,expanded,0.11375419104995738,1.4546830258597043,False
1000.0,1e+24,131072,power,wikipedia_en,0.04976456668176965,b6_b8_lambda10,expanded,0.07507775607969777,0.6628403575213776,False
1000.0,1e+24,131072,power,dm_mathematics,0.012430116027619707,b6_b8_lambda10,expanded,0.02546285409735114,0.48816664385288966,False
1000.0,1e+24,131072,power,github,0.06122919429602918,b6_b8_lambda10,expanded,0.11070066006999096,0.5531059548996073,False
1000.0,1e+24,131072,power,philpapers,0.014023067552222723,b6_b8_lambda10,expanded,0.005487697351757549,2.555364600733957,False
1000.0,1e+24,131072,power,stackexchange,0.17892341467192155,b6_b8_lambda10,expanded,0.09943242344369017,1.7994473882379838,False
1000.0,1e+24,131072,power,enron_emails,0.028061220443522612,b6_b8_lambda10,expanded,0.0022110330440804327,12.69145231395366,False
1000.0,1e+24,131072,power,gutenberg_pg_19,0.035602147934375564,b6_b8_lambda10,expanded,0.04691494424769629,0.7588658263432504,False
1000.0,1e+24,131072,power,pile_cc,0.01025961368265646,b6_b8_lambda10,expanded,0.11948759779117796,0.08586341906870229,False
1000.0,1e+24,131072,power,ubuntu_irc,0.04309354946232996,b6_b8_lambda10,expanded,0.019599998284382344,2.198650675223157,False
1000.0,1e+24,131072,power,europarl,0.001136004759577132,b6_b8_lambda10,expanded,0.012737064754468426,0.08918889724405288,False
1000.0,1e+24,131072,power,hackernews,0.03454556498006731,b6_b8_lambda10,expanded,0.01165082237856243,2.965075241695498,False
1000.0,1e+24,131072,power,pubmed_abstracts,0.02799278540798485,b6_b8_lambda10,expanded,0.06618116611255062,0.42297207879926263,False
1000.0,1e+24,131072,power,uspto_backgrounds,0.02398969155708755,b6_b8_lambda10,expanded,0.07556475309321728,0.3174719770141203,False
10000.0,1e+25,2048,power,arxiv,0.18170467369591195,b6_b8_lambda10,expanded,0.11302252583217468,1.6076854800230025,False
10000.0,1e+25,2048,power,freelaw,0.1517782133536628,b6_b8_lambda10,expanded,0.09682483215160405,1.5675546239627367,False
10000.0,1e+25,2048,power,nih_exporter,0.00625481417812505,b6_b8_lambda10,expanded,0.005889680217640528,1.0619955493323538,False
10000.0,1e+25,2048,power,pubmed_central,0.15748709409003106,b6_b8_lambda10,expanded,0.11375419104995738,1.384450916809452,False
10000.0,1e+25,2048,power,wikipedia_en,0.04664825942793623,b6_b8_lambda10,expanded,0.07507775607969777,0.6213326271821098,False
10000.0,1e+25,2048,power,dm_mathematics,0.007896470164334691,b6_b8_lambda10,expanded,0.02546285409735114,0.31011724507175914,False
10000.0,1e+25,2048,power,github,0.059166300658943544,b6_b8_lambda10,expanded,0.11070066006999096,0.5344710738087325,False
10000.0,1e+25,2048,power,philpapers,0.004530999546331511,b6_b8_lambda10,expanded,0.005487697351757549,0.8256649840356748,False
10000.0,1e+25,2048,power,stackexchange,0.1928873272615107,b6_b8_lambda10,expanded,0.09943242344369017,1.9398835971321287,False
10000.0,1e+25,2048,power,enron_emails,0.005119204823226677,b6_b8_lambda10,expanded,0.0022110330440804327,2.3153000073573082,False
10000.0,1e+25,2048,power,gutenberg_pg_19,0.03155589486662257,b6_b8_lambda10,expanded,0.04691494424769629,0.6726192553915716,False
10000.0,1e+25,2048,power,pile_cc,0.006535873166576714,b6_b8_lambda10,expanded,0.11948759779117796,0.054699176210731996,False
10000.0,1e+25,2048,power,ubuntu_irc,0.03722085993999462,b6_b8_lambda10,expanded,0.019599998284382344,1.899023632550668,False
10000.0,1e+25,2048,power,europarl,0.0025798837899742087,b6_b8_lambda10,expanded,0.012737064754468426,0.20254931883494837,False
10000.0,1e+25,2048,power,hackernews,0.03940626257335552,b6_b8_lambda10,expanded,0.01165082237856243,3.382273052747181,False
10000.0,1e+25,2048,power,pubmed_abstracts,0.0235535778537846,b6_b8_lambda10,expanded,0.06618116611255062,0.35589547959503076,False
10000.0,1e+25,2048,power,uspto_backgrounds,0.04567429060967754,b6_b8_lambda10,expanded,0.07556475309321728,0.604439090184459,False
10000.0,1e+25,4096,power,arxiv,0.1460747838490218,b6_b8_lambda10,expanded,0.11302252583217468,1.2924395625870713,False
10000.0,1e+25,4096,power,freelaw,0.15454426288138995,b6_b8_lambda10,expanded,0.09682483215160405,1.5961221873270213,False
10000.0,1e+25,4096,power,nih_exporter,0.00674848460836466,b6_b8_lambda10,expanded,0.005889680217640528,1.1458151137224524,False
10000.0,1e+25,4096,power,pubmed_central,0.1748281587510797,b6_b8_lambda10,expanded,0.11375419104995738,1.536894220225262,False
10000.0,1e+25,4096,power,wikipedia_en,0.059428557654059404,b6_b8_lambda10,expanded,0.07507775607969777,0.7915601205631908,False
10000.0,1e+25,4096,power,dm_mathematics,0.0072896924178767935,b6_b8_lambda10,expanded,0.02546285409735114,0.28628732623634395,False
10000.0,1e+25,4096,power,github,0.07135033248814038,b6_b8_lambda10,expanded,0.11070066006999096,0.6445339390300728,False
10000.0,1e+25,4096,power,philpapers,0.0039950779620921755,b6_b8_lambda10,expanded,0.005487697351757549,0.7280062485247422,False
10000.0,1e+25,4096,power,stackexchange,0.19348345597878033,b6_b8_lambda10,expanded,0.09943242344369017,1.9458789123082416,False
10000.0,1e+25,4096,power,enron_emails,0.003334399893717689,b6_b8_lambda10,expanded,0.0022110330440804327,1.508073297522545,False
10000.0,1e+25,4096,power,gutenberg_pg_19,0.03158618296326068,b6_b8_lambda10,expanded,0.04691494424769629,0.6732648513125258,False
10000.0,1e+25,4096,power,pile_cc,0.0066964497362726454,b6_b8_lambda10,expanded,0.11948759779117796,0.05604305266874367,False
10000.0,1e+25,4096,power,ubuntu_irc,0.056082478228736216,b6_b8_lambda10,expanded,0.019599998284382344,2.8613511804959604,False
10000.0,1e+25,4096,power,europarl,0.001732761263755438,b6_b8_lambda10,expanded,0.012737064754468426,0.13604086162375437,False
10000.0,1e+25,4096,power,hackernews,0.01844654550626666,b6_b8_lambda10,expanded,0.01165082237856243,1.5832826994434652,False
10000.0,1e+25,4096,power,pubmed_abstracts,0.02121839595329751,b6_b8_lambda10,expanded,0.06618116611255062,0.320610790042783,False
10000.0,1e+25,4096,power,uspto_backgrounds,0.043159979863888,b6_b8_lambda10,expanded,0.07556475309321728,0.5711654984255093,False
10000.0,1e+25,8192,power,arxiv,0.13949199197502085,b6_b8_lambda10,expanded,0.11302252583217468,1.234196377650861,True
10000.0,1e+25,8192,power,freelaw,0.14313856970660346,b6_b8_lambda10,expanded,0.09682483215160405,1.4783249970677297,True
10000.0,1e+25,8192,power,nih_exporter,0.029512399205791726,b6_b8_lambda10,expanded,0.005889680217640528,5.010866144718248,True
10000.0,1e+25,8192,power,pubmed_central,0.1657327588446536,b6_b8_lambda10,expanded,0.11375419104995738,1.4569376065614041,True
10000.0,1e+25,8192,power,wikipedia_en,0.05004048406165067,b6_b8_lambda10,expanded,0.07507775607969777,0.6665154457803836,True
10000.0,1e+25,8192,power,dm_mathematics,0.012451457268528698,b6_b8_lambda10,expanded,0.02546285409735114,0.48900477617016247,True
10000.0,1e+25,8192,power,github,0.05709762572021351,b6_b8_lambda10,expanded,0.11070066006999096,0.5157839680821532,True
10000.0,1e+25,8192,power,philpapers,0.01404152822769648,b6_b8_lambda10,expanded,0.005487697351757549,2.558728611955867,True
10000.0,1e+25,8192,power,stackexchange,0.17920138733905663,b6_b8_lambda10,expanded,0.09943242344369017,1.8022429820443895,True
10000.0,1e+25,8192,power,enron_emails,0.028383417448381524,b6_b8_lambda10,expanded,0.0022110330440804327,12.83717469730814,True
10000.0,1e+25,8192,power,gutenberg_pg_19,0.03563118372436218,b6_b8_lambda10,expanded,0.04691494424769629,0.759484729135361,True
10000.0,1e+25,8192,power,pile_cc,0.00881471146916931,b6_b8_lambda10,expanded,0.11948759779117796,0.07377093214790632,True
10000.0,1e+25,8192,power,ubuntu_irc,0.043442701729315567,b6_b8_lambda10,expanded,0.019599998284382344,2.216464567955169,True
10000.0,1e+25,8192,power,europarl,0.0011599457694926965,b6_b8_lambda10,expanded,0.012737064754468426,0.09106853045445681,True
10000.0,1e+25,8192,power,hackernews,0.0345525915964504,b6_b8_lambda10,expanded,0.01165082237856243,2.9656783421595487,True
10000.0,1e+25,8192,power,pubmed_abstracts,0.0293577215730578,b6_b8_lambda10,expanded,0.06618116611255062,0.4435963174648624,True
10000.0,1e+25,8192,power,uspto_backgrounds,0.027949524340554935,b6_b8_lambda10,expanded,0.07556475309321728,0.36987514941094535,True
10000.0,1e+25,32768,power,arxiv,0.14059159737712953,b6_b8_lambda10,expanded,0.11302252583217468,1.243925459477801,False
10000.0,1e+25,32768,power,freelaw,0.1428543928307209,b6_b8_lambda10,expanded,0.09682483215160405,1.4753900384463956,False
10000.0,1e+25,32768,power,nih_exporter,0.029411574466429773,b6_b8_lambda10,expanded,0.005889680217640528,4.993747262939239,False
10000.0,1e+25,32768,power,pubmed_central,0.1655209567285977,b6_b8_lambda10,expanded,0.11375419104995738,1.455075678538349,False
10000.0,1e+25,32768,power,wikipedia_en,0.04984273754692375,b6_b8_lambda10,expanded,0.07507775607969777,0.663881556263001,False
10000.0,1e+25,32768,power,dm_mathematics,0.012619312832027097,b6_b8_lambda10,expanded,0.02546285409735114,0.49559695012115174,False
10000.0,1e+25,32768,power,github,0.061635757979008596,b6_b8_lambda10,expanded,0.11070066006999096,0.5567785949969867,False
10000.0,1e+25,32768,power,philpapers,0.014020389357235735,b6_b8_lambda10,expanded,0.005487697351757549,2.554876564529459,False
10000.0,1e+25,32768,power,stackexchange,0.1788862818738107,b6_b8_lambda10,expanded,0.09943242344369017,1.7990739406559495,False
10000.0,1e+25,32768,power,enron_emails,0.028227446568487587,b6_b8_lambda10,expanded,0.0022110330440804327,12.766632612778233,False
10000.0,1e+25,32768,power,gutenberg_pg_19,0.0354419034202872,b6_b8_lambda10,expanded,0.04691494424769629,0.7554501873254925,False
10000.0,1e+25,32768,power,pile_cc,0.010295318830750425,b6_b8_lambda10,expanded,0.11948759779117796,0.08616223793152993,False
10000.0,1e+25,32768,power,ubuntu_irc,0.04338486730859263,b6_b8_lambda10,expanded,0.019599998284382344,2.2135138319457166,False
10000.0,1e+25,32768,power,europarl,0.0011342415900729432,b6_b8_lambda10,expanded,0.012737064754468426,0.08905046900032661,False
10000.0,1e+25,32768,power,hackernews,0.03459491970027102,b6_b8_lambda10,expanded,0.01165082237856243,2.9693113993331353,False
10000.0,1e+25,32768,power,pubmed_abstracts,0.02788332449891492,b6_b8_lambda10,expanded,0.06618116611255062,0.4213181201959377,False
10000.0,1e+25,32768,power,uspto_backgrounds,0.023654977090739545,b6_b8_lambda10,expanded,0.07556475309321728,0.3130424718196138,False
10000.0,1e+25,131072,power,arxiv,0.14041110540811447,b6_b8_lambda10,expanded,0.11302252583217468,1.242328503758699,False
10000.0,1e+25,131072,power,freelaw,0.14279499390706693,b6_b8_lambda10,expanded,0.09682483215160405,1.4747765705752511,False
10000.0,1e+25,131072,power,nih_exporter,0.029363498468190537,b6_b8_lambda10,expanded,0.005889680217640528,4.985584511064317,False
10000.0,1e+25,131072,power,pubmed_central,0.16551047630932827,b6_b8_lambda10,expanded,0.11375419104995738,1.4549835463788856,False
10000.0,1e+25,131072,power,wikipedia_en,0.04989749656516665,b6_b8_lambda10,expanded,0.07507775607969777,0.6646109203396894,False
10000.0,1e+25,131072,power,dm_mathematics,0.012725784432239852,b6_b8_lambda10,expanded,0.02546285409735114,0.49977839811616775,False
10000.0,1e+25,131072,power,github,0.06159480141008821,b6_b8_lambda10,expanded,0.11070066006999096,0.5564086191640107,False
10000.0,1e+25,131072,power,philpapers,0.014018076789989162,b6_b8_lambda10,expanded,0.005487697351757549,2.554455155129789,False
10000.0,1e+25,131072,power,stackexchange,0.1788925490119088,b6_b8_lambda10,expanded,0.09943242344369017,1.7991369697754362,False
10000.0,1e+25,131072,power,enron_emails,0.028212228918773542,b6_b8_lambda10,expanded,0.0022110330440804327,12.75975001563443,False
10000.0,1e+25,131072,power,gutenberg_pg_19,0.03547025482018349,b6_b8_lambda10,expanded,0.04691494424769629,0.7560545022266593,False
10000.0,1e+25,131072,power,pile_cc,0.010365079775959466,b6_b8_lambda10,expanded,0.11948759779117796,0.08674607212435519,False
10000.0,1e+25,131072,power,ubuntu_irc,0.043295191610357074,b6_b8_lambda10,expanded,0.019599998284382344,2.2089385408189304,False
10000.0,1e+25,131072,power,europarl,0.001151839480852765,b6_b8_lambda10,expanded,0.012737064754468426,0.09043209743034994,False
10000.0,1e+25,131072,power,hackernews,0.03472642431316523,b6_b8_lambda10,expanded,0.01165082237856243,2.980598552172765,False
10000.0,1e+25,131072,power,pubmed_abstracts,0.02784789469907009,b6_b8_lambda10,expanded,0.06618116611255062,0.4207827745390694,False
10000.0,1e+25,131072,power,uspto_backgrounds,0.02372230407954555,b6_b8_lambda10,expanded,0.07556475309321728,0.3139334558571445,False
100000.0,1e+26,2048,power,arxiv,0.14022922632286872,b6_b8_lambda10,expanded,0.11302252583217468,1.2407192751212517,False
100000.0,1e+26,2048,power,freelaw,0.14288033191555577,b6_b8_lambda10,expanded,0.09682483215160405,1.4756579354750654,False
100000.0,1e+26,2048,power,nih_exporter,0.029339529503512138,b6_b8_lambda10,expanded,0.005889680217640528,4.981514856381436,False
100000.0,1e+26,2048,power,pubmed_central,0.16546965009754208,b6_b8_lambda10,expanded,0.11375419104995738,1.4546246478503184,False
100000.0,1e+26,2048,power,wikipedia_en,0.04987590647464274,b6_b8_lambda10,expanded,0.07507775607969777,0.6643233506033085,False
100000.0,1e+26,2048,power,dm_mathematics,0.012567353866074063,b6_b8_lambda10,expanded,0.02546285409735114,0.49355637109751277,False
100000.0,1e+26,2048,power,github,0.061731381154513106,b6_b8_lambda10,expanded,0.11070066006999096,0.5576423945031871,False
100000.0,1e+26,2048,power,philpapers,0.013912133044311721,b6_b8_lambda10,expanded,0.005487697351757549,2.535149472092529,False
100000.0,1e+26,2048,power,stackexchange,0.17876431997043435,b6_b8_lambda10,expanded,0.09943242344369017,1.7978473598370135,False
100000.0,1e+26,2048,power,enron_emails,0.02813204483468678,b6_b8_lambda10,expanded,0.0022110330440804327,12.723484576589348,False
100000.0,1e+26,2048,power,gutenberg_pg_19,0.03557622760915642,b6_b8_lambda10,expanded,0.04691494424769629,0.7583133302114786,False
100000.0,1e+26,2048,power,pile_cc,0.010132663688946369,b6_b8_lambda10,expanded,0.11948759779117796,0.08480096575926381,False
100000.0,1e+26,2048,power,ubuntu_irc,0.043176105054079955,b6_b8_lambda10,expanded,0.019599998284382344,2.202862695579086,False
100000.0,1e+26,2048,power,europarl,0.0010079690302158962,b6_b8_lambda10,expanded,0.012737064754468426,0.07913668098941554,False
100000.0,1e+26,2048,power,hackernews,0.03449242204879449,b6_b8_lambda10,expanded,0.01165082237856243,2.9605139386779014,False
100000.0,1e+26,2048,power,pubmed_abstracts,0.02795739111361281,b6_b8_lambda10,expanded,0.06618116611255062,0.42243726963147243,False
100000.0,1e+26,2048,power,uspto_backgrounds,0.02475534427105247,b6_b8_lambda10,expanded,0.07556475309321728,0.3276043824362674,False
100000.0,1e+26,4096,power,arxiv,0.14027029305566263,b6_b8_lambda10,expanded,0.11302252583217468,1.2410826251038463,False
100000.0,1e+26,4096,power,freelaw,0.14288155979083636,b6_b8_lambda10,expanded,0.09682483215160405,1.475670616883887,False
100000.0,1e+26,4096,power,nih_exporter,0.029396042057520326,b6_b8_lambda10,expanded,0.005889680217640528,4.991110038449033,False
100000.0,1e+26,4096,power,pubmed_central,0.16550774174303762,b6_b8_lambda10,expanded,0.11375419104995738,1.454959507121383,False
100000.0,1e+26,4096,power,wikipedia_en,0.049926659901578414,b6_b8_lambda10,expanded,0.07507775607969777,0.6649993621090573,False
100000.0,1e+26,4096,power,dm_mathematics,0.012575357007652083,b6_b8_lambda10,expanded,0.02546285409735114,0.4938706776378331,False
100000.0,1e+26,4096,power,github,0.0617752773553551,b6_b8_lambda10,expanded,0.11070066006999096,0.5580389251183997,False
100000.0,1e+26,4096,power,philpapers,0.013987997978007177,b6_b8_lambda10,expanded,0.005487697351757549,2.5489740197730164,False
100000.0,1e+26,4096,power,stackexchange,0.17890174530131722,b6_b8_lambda10,expanded,0.09943242344369017,1.7992294576087802,False
100000.0,1e+26,4096,power,enron_emails,0.02829345364358748,b6_b8_lambda10,expanded,0.0022110330440804327,12.7964861128318,False
100000.0,1e+26,4096,power,gutenberg_pg_19,0.03562045576318443,b6_b8_lambda10,expanded,0.04691494424769629,0.7592560608218891,False
100000.0,1e+26,4096,power,pile_cc,0.010162225915856166,b6_b8_lambda10,expanded,0.11948759779117796,0.08504837408829777,False
100000.0,1e+26,4096,power,ubuntu_irc,0.04323121138248551,b6_b8_lambda10,expanded,0.019599998284382344,2.2056742431928154,False
100000.0,1e+26,4096,power,europarl,0.0010353073457084396,b6_b8_lambda10,expanded,0.012737064754468426,0.08128304014040852,False
100000.0,1e+26,4096,power,hackernews,0.03451108489318741,b6_b8_lambda10,expanded,0.01165082237856243,2.9621157864948637,False
100000.0,1e+26,4096,power,pubmed_abstracts,0.02795267022851937,b6_b8_lambda10,expanded,0.06618116611255062,0.4223659368736692,False
100000.0,1e+26,4096,power,uspto_backgrounds,0.023970916636504414,b6_b8_lambda10,expanded,0.07556475309321728,0.31722351566389295,False
100000.0,1e+26,8192,power,arxiv,0.1402768978802302,b6_b8_lambda10,expanded,0.11302252583217468,1.2411410632295115,True
100000.0,1e+26,8192,power,freelaw,0.14283724513920185,b6_b8_lambda10,expanded,0.09682483215160405,1.4752129383044381,True
100000.0,1e+26,8192,power,nih_exporter,0.02939207878279912,b6_b8_lambda10,expanded,0.005889680217640528,4.990437119958597,True
100000.0,1e+26,8192,power,pubmed_central,0.16548801334881563,b6_b8_lambda10,expanded,0.11375419104995738,1.4547860770785872,True
100000.0,1e+26,8192,power,wikipedia_en,0.049674424390030045,b6_b8_lambda10,expanded,0.07507775607969777,0.6616397050718835,True
100000.0,1e+26,8192,power,dm_mathematics,0.012654537810880544,b6_b8_lambda10,expanded,0.02546285409735114,0.4969803370234515,True
100000.0,1e+26,8192,power,github,0.06162073972023938,b6_b8_lambda10,expanded,0.11070066006999096,0.5566429295117067,True
100000.0,1e+26,8192,power,philpapers,0.014059929941047353,b6_b8_lambda10,expanded,0.005487697351757549,2.562081878758195,True
100000.0,1e+26,8192,power,stackexchange,0.17891919429982525,b6_b8_lambda10,expanded,0.09943242344369017,1.7994049436112702,True
100000.0,1e+26,8192,power,enron_emails,0.028278508947397984,b6_b8_lambda10,expanded,0.0022110330440804327,12.789726966364267,True
100000.0,1e+26,8192,power,gutenberg_pg_19,0.03557322999661996,b6_b8_lambda10,expanded,0.04691494424769629,0.758249435591448,True
100000.0,1e+26,8192,power,pile_cc,0.010250228391652398,b6_b8_lambda10,expanded,0.11948759779117796,0.0857848729168208,True
100000.0,1e+26,8192,power,ubuntu_irc,0.04325133201864144,b6_b8_lambda10,expanded,0.019599998284382344,2.206700806351852,True
100000.0,1e+26,8192,power,europarl,0.001048570579023187,b6_b8_lambda10,expanded,0.012737064754468426,0.08232435017301193,True
100000.0,1e+26,8192,power,hackernews,0.03458267830347655,b6_b8_lambda10,expanded,0.01165082237856243,2.968260709828419,True
100000.0,1e+26,8192,power,pubmed_abstracts,0.028101152169885023,b6_b8_lambda10,expanded,0.06618116611255062,0.42460950479619775,True
100000.0,1e+26,8192,power,uspto_backgrounds,0.02399123828023406,b6_b8_lambda10,expanded,0.07556475309321728,0.3174924458581672,True
100000.0,1e+26,32768,power,arxiv,0.14052625831528945,b6_b8_lambda10,expanded,0.11302252583217468,1.2433473529334729,False
100000.0,1e+26,32768,power,freelaw,0.14265660911943467,b6_b8_lambda10,expanded,0.09682483215160405,1.4733473423023264,False
100000.0,1e+26,32768,power,nih_exporter,0.02918584721909271,b6_b8_lambda10,expanded,0.005889680217640528,4.955421371040903,False
100000.0,1e+26,32768,power,pubmed_central,0.1652753024679012,b6_b8_lambda10,expanded,0.11375419104995738,1.4529161602082628,False
100000.0,1e+26,32768,power,wikipedia_en,0.04980382941566199,b6_b8_lambda10,expanded,0.07507775607969777,0.6633633184613751,False
100000.0,1e+26,32768,power,dm_mathematics,0.01226587721086746,b6_b8_lambda10,expanded,0.02546285409735114,0.4817165100177619,False
100000.0,1e+26,32768,power,github,0.06156636147809039,b6_b8_lambda10,expanded,0.11070066006999096,0.5561517107410633,False
100000.0,1e+26,32768,power,philpapers,0.013917124342579554,b6_b8_lambda10,expanded,0.005487697351757549,2.5360590153759675,False
100000.0,1e+26,32768,power,stackexchange,0.1790587701254349,b6_b8_lambda10,expanded,0.09943242344369017,1.800808669084065,False
100000.0,1e+26,32768,power,enron_emails,0.028122433555620278,b6_b8_lambda10,expanded,0.0022110330440804327,12.71913761348437,False
100000.0,1e+26,32768,power,gutenberg_pg_19,0.03556874238734031,b6_b8_lambda10,expanded,0.04691494424769629,0.7581537814379239,False
100000.0,1e+26,32768,power,pile_cc,0.010398963566765292,b6_b8_lambda10,expanded,0.11948759779117796,0.08702964792161108,False
100000.0,1e+26,32768,power,ubuntu_irc,0.04341019697726168,b6_b8_lambda10,expanded,0.019599998284382344,2.2148061620929713,False
100000.0,1e+26,32768,power,europarl,0.001023652653926813,b6_b8_lambda10,expanded,0.012737064754468426,0.08036801835114282,False
100000.0,1e+26,32768,power,hackernews,0.03471825304415389,b6_b8_lambda10,expanded,0.01165082237856243,2.979897205199493,False
100000.0,1e+26,32768,power,pubmed_abstracts,0.028183857586834737,b6_b8_lambda10,expanded,0.06618116611255062,0.42585918687053687,False
100000.0,1e+26,32768,power,uspto_backgrounds,0.02431792053374453,b6_b8_lambda10,expanded,0.07556475309321728,0.32181565529296113,False
100000.0,1e+26,131072,power,arxiv,0.14054819728751528,b6_b8_lambda10,expanded,0.11302252583217468,1.243541464435267,False
100000.0,1e+26,131072,power,freelaw,0.14276897175113926,b6_b8_lambda10,expanded,0.09682483215160405,1.474507815594226,False
100000.0,1e+26,131072,power,nih_exporter,0.029352253430583952,b6_b8_lambda10,expanded,0.005889680217640528,4.983675232938673,False
100000.0,1e+26,131072,power,pubmed_central,0.16545216291639514,b6_b8_lambda10,expanded,0.11375419104995738,1.4544709200536936,False
100000.0,1e+26,131072,power,wikipedia_en,0.04987724850995377,b6_b8_lambda10,expanded,0.07507775607969777,0.664341225875308,False
100000.0,1e+26,131072,power,dm_mathematics,0.012653154942396966,b6_b8_lambda10,expanded,0.02546285409735114,0.49692602777444544,False
100000.0,1e+26,131072,power,github,0.061636413914810846,b6_b8_lambda10,expanded,0.11070066006999096,0.5567845203076563,False
100000.0,1e+26,131072,power,philpapers,0.013966250480335788,b6_b8_lambda10,expanded,0.005487697351757549,2.545011064770692,False
100000.0,1e+26,131072,power,stackexchange,0.1788380738370368,b6_b8_lambda10,expanded,0.09943242344369017,1.7985891084945247,False
100000.0,1e+26,131072,power,enron_emails,0.028323834638602528,b6_b8_lambda10,expanded,0.0022110330440804327,12.81022674646746,False
100000.0,1e+26,131072,power,gutenberg_pg_19,0.03553234996951579,b6_b8_lambda10,expanded,0.04691494424769629,0.7573780708747314,False
100000.0,1e+26,131072,power,pile_cc,0.01020978668745574,b6_b8_lambda10,expanded,0.11948759779117796,0.08544641348718747,False
100000.0,1e+26,131072,power,ubuntu_irc,0.04320531075188094,b6_b8_lambda10,expanded,0.019599998284382344,2.2043527823320153,False
100000.0,1e+26,131072,power,europarl,0.0010148897511740094,b6_b8_lambda10,expanded,0.012737064754468426,0.07968003388048765,False
100000.0,1e+26,131072,power,hackernews,0.03453827216811412,b6_b8_lambda10,expanded,0.01165082237856243,2.9644492934391233,False
100000.0,1e+26,131072,power,pubmed_abstracts,0.028007000428209243,b6_b8_lambda10,expanded,0.06618116611255062,0.4231868683090186,False
100000.0,1e+26,131072,power,uspto_backgrounds,0.02407582853487983,b6_b8_lambda10,expanded,0.07556475309321728,0.31861188648601413,False
1000000.0,1e+27,2048,power,arxiv,0.14026971033251986,b6_b8_lambda10,expanded,0.11302252583217468,1.2410774692896538,False
1000000.0,1e+27,2048,power,freelaw,0.14289138507900434,b6_b8_lambda10,expanded,0.09682483215160405,1.4757720917633126,False
1000000.0,1e+27,2048,power,nih_exporter,0.0294096181289514,b6_b8_lambda10,expanded,0.005889680217640528,4.993415099323206,False
1000000.0,1e+27,2048,power,pubmed_central,0.16551915208123877,b6_b8_lambda10,expanded,0.11375419104995738,1.455059814091138,False
1000000.0,1e+27,2048,power,wikipedia_en,0.04996392443223797,b6_b8_lambda10,expanded,0.07507775607969777,0.665495707932446,False
1000000.0,1e+27,2048,power,dm_mathematics,0.012478413835698057,b6_b8_lambda10,expanded,0.02546285409735114,0.49006343860707136,False
1000000.0,1e+27,2048,power,github,0.061773414878146304,b6_b8_lambda10,expanded,0.11070066006999096,0.5580221006730204,False
1000000.0,1e+27,2048,power,philpapers,0.014134392250417446,b6_b8_lambda10,expanded,0.005487697351757549,2.5756508321091385,False
1000000.0,1e+27,2048,power,stackexchange,0.17890513729885396,b6_b8_lambda10,expanded,0.09943242344369017,1.7992635712049216,False
1000000.0,1e+27,2048,power,enron_emails,0.028302162545467108,b6_b8_lambda10,expanded,0.0022110330440804327,12.800424951241721,False
1000000.0,1e+27,2048,power,gutenberg_pg_19,0.035577464868148695,b6_b8_lambda10,expanded,0.04691494424769629,0.7583397025969116,False
1000000.0,1e+27,2048,power,pile_cc,0.010176654177577106,b6_b8_lambda10,expanded,0.11948759779117796,0.08516912521216048,False
1000000.0,1e+27,2048,power,ubuntu_irc,0.043313667864803784,b6_b8_lambda10,expanded,0.019599998284382344,2.209881206944643,False
1000000.0,1e+27,2048,power,europarl,0.0011163030254771062,b6_b8_lambda10,expanded,0.012737064754468426,0.08764209392006773,False
1000000.0,1e+27,2048,power,hackernews,0.03445646109843794,b6_b8_lambda10,expanded,0.01165082237856243,2.9574273797048005,False
1000000.0,1e+27,2048,power,pubmed_abstracts,0.027902188062074725,b6_b8_lambda10,expanded,0.06618116611255062,0.42160314937066884,False
1000000.0,1e+27,2048,power,uspto_backgrounds,0.023809950040945462,b6_b8_lambda10,expanded,0.07556475309321728,0.3150933347399854,False
1000000.0,1e+27,4096,power,arxiv,0.14024213194966512,b6_b8_lambda10,expanded,0.11302252583217468,1.2408334614456271,False
1000000.0,1e+27,4096,power,freelaw,0.14288910186238568,b6_b8_lambda10,expanded,0.09682483215160405,1.4757485108639923,False
1000000.0,1e+27,4096,power,nih_exporter,0.029410937579137136,b6_b8_lambda10,expanded,0.005889680217640528,4.99363912679787,False
1000000.0,1e+27,4096,power,pubmed_central,0.1655271337088226,b6_b8_lambda10,expanded,0.11375419104995738,1.455129979660513,False
1000000.0,1e+27,4096,power,wikipedia_en,0.04989307101756815,b6_b8_lambda10,expanded,0.07507775607969777,0.6645519741507038,False
1000000.0,1e+27,4096,power,dm_mathematics,0.01250533473074247,b6_b8_lambda10,expanded,0.02546285409735114,0.4911207000963564,False
1000000.0,1e+27,4096,power,github,0.061722214884509026,b6_b8_lambda10,expanded,0.11070066006999096,0.5575595921965135,False
1000000.0,1e+27,4096,power,philpapers,0.014069572034934478,b6_b8_lambda10,expanded,0.005487697351757549,2.563838916960026,False
1000000.0,1e+27,4096,power,stackexchange,0.17891214282669535,b6_b8_lambda10,expanded,0.09943242344369017,1.7993340263703372,False
1000000.0,1e+27,4096,power,enron_emails,0.028299049964320176,b6_b8_lambda10,expanded,0.0022110330440804327,12.799017201522528,False
1000000.0,1e+27,4096,power,gutenberg_pg_19,0.03562072964407476,b6_b8_lambda10,expanded,0.04691494424769629,0.7592618986395552,False
1000000.0,1e+27,4096,power,pile_cc,0.010174424173545003,b6_b8_lambda10,expanded,0.11948759779117796,0.0851504621536228,False
1000000.0,1e+27,4096,power,ubuntu_irc,0.04328642369458829,b6_b8_lambda10,expanded,0.019599998284382344,2.208491198138509,False
1000000.0,1e+27,4096,power,europarl,0.001102375585003446,b6_b8_lambda10,expanded,0.012737064754468426,0.08654863630309406,False
1000000.0,1e+27,4096,power,hackernews,0.034549673560254957,b6_b8_lambda10,expanded,0.01165082237856243,2.9654278846295457,False
1000000.0,1e+27,4096,power,pubmed_abstracts,0.027873682748002476,b6_b8_lambda10,expanded,0.06618116611255062,0.4211724329637719,False
1000000.0,1e+27,4096,power,uspto_backgrounds,0.023922000035750797,b6_b8_lambda10,expanded,0.07556475309321728,0.31657616886857853,False
1000000.0,1e+27,8192,power,arxiv,0.14026619592685383,b6_b8_lambda10,expanded,0.11302252583217468,1.2410463745530942,False
1000000.0,1e+27,8192,power,freelaw,0.14287983950601696,b6_b8_lambda10,expanded,0.09682483215160405,1.4756528499042685,False
1000000.0,1e+27,8192,power,nih_exporter,0.02938674557299952,b6_b8_lambda10,expanded,0.005889680217640528,4.9895316022390395,False
1000000.0,1e+27,8192,power,pubmed_central,0.16550780264063997,b6_b8_lambda10,expanded,0.11375419104995738,1.4549600424651956,False
1000000.0,1e+27,8192,power,wikipedia_en,0.049914541329015245,b6_b8_lambda10,expanded,0.07507775607969777,0.6648379484867547,False
1000000.0,1e+27,8192,power,dm_mathematics,0.012568648147699712,b6_b8_lambda10,expanded,0.02546285409735114,0.4936072012841329,False
1000000.0,1e+27,8192,power,github,0.061765530543639036,b6_b8_lambda10,expanded,0.11070066006999096,0.5579508785637549,False
1000000.0,1e+27,8192,power,philpapers,0.013984303929649985,b6_b8_lambda10,expanded,0.005487697351757549,2.54830086888287,False
1000000.0,1e+27,8192,power,stackexchange,0.1789009196385542,b6_b8_lambda10,expanded,0.09943242344369017,1.7992211538509673,False
1000000.0,1e+27,8192,power,enron_emails,0.028282820929046798,b6_b8_lambda10,expanded,0.0022110330440804327,12.791677177674025,False
1000000.0,1e+27,8192,power,gutenberg_pg_19,0.03561793198778621,b6_b8_lambda10,expanded,0.04691494424769629,0.7592022661208896,False
1000000.0,1e+27,8192,power,pile_cc,0.010167964163278281,b6_b8_lambda10,expanded,0.11948759779117796,0.0850963978792869,False
1000000.0,1e+27,8192,power,ubuntu_irc,0.04322291444652591,b6_b8_lambda10,expanded,0.019599998284382344,2.205250930096599,False
1000000.0,1e+27,8192,power,europarl,0.0010077386422484903,b6_b8_lambda10,expanded,0.012737064754468426,0.07911859299411622,False
1000000.0,1e+27,8192,power,hackernews,0.034503893940208814,b6_b8_lambda10,expanded,0.01165082237856243,2.961498580880964,False
1000000.0,1e+27,8192,power,pubmed_abstracts,0.027953641236341628,b6_b8_lambda10,expanded,0.06618116611255062,0.42238060883971773,False
1000000.0,1e+27,8192,power,uspto_backgrounds,0.024068567419495465,b6_b8_lambda10,expanded,0.07556475309321728,0.31851579518567724,False
1000000.0,1e+27,32768,power,arxiv,0.14026579443371914,b6_b8_lambda10,expanded,0.11302252583217468,1.2410428222246384,False
1000000.0,1e+27,32768,power,freelaw,0.14287969339958512,b6_b8_lambda10,expanded,0.09682483215160405,1.4756513409274017,False
1000000.0,1e+27,32768,power,nih_exporter,0.029386454519990644,b6_b8_lambda10,expanded,0.005889680217640528,4.989482184783741,False
1000000.0,1e+27,32768,power,pubmed_central,0.16550825973970348,b6_b8_lambda10,expanded,0.11375419104995738,1.4549640607704493,False
1000000.0,1e+27,32768,power,wikipedia_en,0.04991556497287404,b6_b8_lambda10,expanded,0.07507775607969777,0.6648515829360543,False
1000000.0,1e+27,32768,power,dm_mathematics,0.012569753942816973,b6_b8_lambda10,expanded,0.02546285409735114,0.49365062905986584,False
1000000.0,1e+27,32768,power,github,0.061766197476994286,b6_b8_lambda10,expanded,0.11070066006999096,0.5579569032193877,False
1000000.0,1e+27,32768,power,philpapers,0.013984932975282718,b6_b8_lambda10,expanded,0.005487697351757549,2.5484154972219364,False
1000000.0,1e+27,32768,power,stackexchange,0.17890052787617453,b6_b8_lambda10,expanded,0.09943242344369017,1.7992172138647322,False
1000000.0,1e+27,32768,power,enron_emails,0.02828252806078388,b6_b8_lambda10,expanded,0.0022110330440804327,12.791544720014153,False
1000000.0,1e+27,32768,power,gutenberg_pg_19,0.03561529687248645,b6_b8_lambda10,expanded,0.04691494424769629,0.7591460981909897,False
1000000.0,1e+27,32768,power,pile_cc,0.01016563736781904,b6_b8_lambda10,expanded,0.11948759779117796,0.08507692476657684,False
1000000.0,1e+27,32768,power,ubuntu_irc,0.043224140082676304,b6_b8_lambda10,expanded,0.019599998284382344,2.2053134625587254,False
1000000.0,1e+27,32768,power,europarl,0.0010077390868110496,b6_b8_lambda10,expanded,0.012737064754468426,0.0791186278971781,False
1000000.0,1e+27,32768,power,hackernews,0.03450401033743065,b6_b8_lambda10,expanded,0.01165082237856243,2.9615085713535723,False
1000000.0,1e+27,32768,power,pubmed_abstracts,0.027953576213044052,b6_b8_lambda10,expanded,0.06618116611255062,0.42237962633515647,False
1000000.0,1e+27,32768,power,uspto_backgrounds,0.024069892641807648,b6_b8_lambda10,expanded,0.07556475309321728,0.31853333275786444,False
1000000.0,1e+27,131072,power,arxiv,0.1402818464160601,b6_b8_lambda10,expanded,0.11302252583217468,1.241184846854001,True
1000000.0,1e+27,131072,power,freelaw,0.14289017240468285,b6_b8_lambda10,expanded,0.09682483215160405,1.4757595673489186,True
1000000.0,1e+27,131072,power,nih_exporter,0.029423486634848818,b6_b8_lambda10,expanded,0.005889680217640528,4.995769812208276,True
1000000.0,1e+27,131072,power,pubmed_central,0.16551135970553715,b6_b8_lambda10,expanded,0.11375419104995738,1.4549913122132758,True
1000000.0,1e+27,131072,power,wikipedia_en,0.049922034091528004,b6_b8_lambda10,expanded,0.07507775607969777,0.6649377485194675,True
1000000.0,1e+27,131072,power,dm_mathematics,0.012692231471926933,b6_b8_lambda10,expanded,0.02546285409735114,0.4984606762227525,True
1000000.0,1e+27,131072,power,github,0.06178099505907601,b6_b8_lambda10,expanded,0.11070066006999096,0.5580905752505425,True
1000000.0,1e+27,131072,power,philpapers,0.01398643318750506,b6_b8_lambda10,expanded,0.005487697351757549,2.548688874583365,True
1000000.0,1e+27,131072,power,stackexchange,0.1789020509488276,b6_b8_lambda10,expanded,0.09943242344369017,1.7992325315307445,True
1000000.0,1e+27,131072,power,enron_emails,0.028298306222303386,b6_b8_lambda10,expanded,0.0022110330440804327,12.798680823909908,True
1000000.0,1e+27,131072,power,gutenberg_pg_19,0.03562010004350075,b6_b8_lambda10,expanded,0.04691494424769629,0.7592484785964516,True
1000000.0,1e+27,131072,power,pile_cc,0.010139652870586779,b6_b8_lambda10,expanded,0.11948759779117796,0.08485945870555792,True
1000000.0,1e+27,131072,power,ubuntu_irc,0.04326803745910256,b6_b8_lambda10,expanded,0.019599998284382344,2.20755312481733,True
1000000.0,1e+27,131072,power,europarl,0.0011332945803460754,b6_b8_lambda10,expanded,0.012737064754468426,0.08897611829668152,True
1000000.0,1e+27,131072,power,hackernews,0.034545200669115816,b6_b8_lambda10,expanded,0.01165082237856243,2.96504397257649,True
1000000.0,1e+27,131072,power,pubmed_abstracts,0.027921572937680855,b6_b8_lambda10,expanded,0.06618116611255062,0.42189605559678706,True
1000000.0,1e+27,131072,power,uspto_backgrounds,0.023683225297371158,b6_b8_lambda10,expanded,0.07556475309321728,0.3134162996358281,True
0.01,1e+19,2048,logarithmic,arxiv,0.9767693938767732,b6_b8_lambda10,expanded,0.11302252583217468,8.642254158495469,False
0.01,1e+19,2048,logarithmic,freelaw,0.0028565203811777573,b6_b8_lambda10,expanded,0.09682483215160405,0.029501939922861355,False
0.01,1e+19,2048,logarithmic,nih_exporter,0.0010226066230695685,b6_b8_lambda10,expanded,0.005889680217640528,0.1736268498935985,False
0.01,1e+19,2048,logarithmic,pubmed_central,0.003189679884232085,b6_b8_lambda10,expanded,0.11375419104995738,0.028040108718555036,False
0.01,1e+19,2048,logarithmic,wikipedia_en,0.0011425459079572732,b6_b8_lambda10,expanded,0.07507775607969777,0.01521816803827247,False
0.01,1e+19,2048,logarithmic,dm_mathematics,0.0010333843747012022,b6_b8_lambda10,expanded,0.02546285409735114,0.0405839962303638,False
0.01,1e+19,2048,logarithmic,github,0.0010124256952382133,b6_b8_lambda10,expanded,0.11070066006999096,0.009145615704532411,False
0.01,1e+19,2048,logarithmic,philpapers,0.0010183470940667001,b6_b8_lambda10,expanded,0.005487697351757549,0.18556910645601718,False
0.01,1e+19,2048,logarithmic,stackexchange,0.0033228441869675765,b6_b8_lambda10,expanded,0.09943242344369017,0.033418115257437576,False
0.01,1e+19,2048,logarithmic,enron_emails,0.0010091811111089225,b6_b8_lambda10,expanded,0.0022110330440804327,0.45642968286285396,False
0.01,1e+19,2048,logarithmic,gutenberg_pg_19,0.001083969794940111,b6_b8_lambda10,expanded,0.04691494424769629,0.023105000172590814,False
0.01,1e+19,2048,logarithmic,pile_cc,0.0010271822440020345,b6_b8_lambda10,expanded,0.11948759779117796,0.008596559500653663,False
0.01,1e+19,2048,logarithmic,ubuntu_irc,0.0010686011903562997,b6_b8_lambda10,expanded,0.019599998284382344,0.05452047366798913,False
0.01,1e+19,2048,logarithmic,europarl,0.0010097642374164533,b6_b8_lambda10,expanded,0.012737064754468426,0.07927762454549876,False
0.01,1e+19,2048,logarithmic,hackernews,0.001041562161532398,b6_b8_lambda10,expanded,0.01165082237856243,0.08939816672931838,False
0.01,1e+19,2048,logarithmic,pubmed_abstracts,0.0010646570713634218,b6_b8_lambda10,expanded,0.06618116611255062,0.01608700985341991,False
0.01,1e+19,2048,logarithmic,uspto_backgrounds,0.0013273341650967435,b6_b8_lambda10,expanded,0.07556475309321728,0.01756551977956354,False
0.01,1e+19,4096,logarithmic,arxiv,0.9769216089197955,b6_b8_lambda10,expanded,0.11302252583217468,8.64360092580492,True
0.01,1e+19,4096,logarithmic,freelaw,0.002324029507874814,b6_b8_lambda10,expanded,0.09682483215160405,0.024002411945687144,True
0.01,1e+19,4096,logarithmic,nih_exporter,0.0010233235302404401,b6_b8_lambda10,expanded,0.005889680217640528,0.1737485724904764,True
0.01,1e+19,4096,logarithmic,pubmed_central,0.003257856433477833,b6_b8_lambda10,expanded,0.11375419104995738,0.028639440915606194,True
0.01,1e+19,4096,logarithmic,wikipedia_en,0.0011515693469514752,b6_b8_lambda10,expanded,0.07507775607969777,0.015338355953646809,True
0.01,1e+19,4096,logarithmic,dm_mathematics,0.0010381633690397189,b6_b8_lambda10,expanded,0.02546285409735114,0.04077168117409577,True
0.01,1e+19,4096,logarithmic,github,0.0010140742190330044,b6_b8_lambda10,expanded,0.11070066006999096,0.00916050742960206,True
0.01,1e+19,4096,logarithmic,philpapers,0.0010192965527806741,b6_b8_lambda10,expanded,0.005487697351757549,0.18574212232280327,True
0.01,1e+19,4096,logarithmic,stackexchange,0.003589669914844084,b6_b8_lambda10,expanded,0.09943242344369017,0.036101603385710085,True
0.01,1e+19,4096,logarithmic,enron_emails,0.0010093353226211476,b6_b8_lambda10,expanded,0.0022110330440804327,0.45649942922536896,True
0.01,1e+19,4096,logarithmic,gutenberg_pg_19,0.0010922845734632311,b6_b8_lambda10,expanded,0.04691494424769629,0.023282231088164764,True
0.01,1e+19,4096,logarithmic,pile_cc,0.0010319028212550855,b6_b8_lambda10,expanded,0.11948759779117796,0.00863606633935755,True
0.01,1e+19,4096,logarithmic,ubuntu_irc,0.0010713814274727236,b6_b8_lambda10,expanded,0.019599998284382344,0.05466232251287598,True
0.01,1e+19,4096,logarithmic,europarl,0.0010114720101192017,b6_b8_lambda10,expanded,0.012737064754468426,0.07941170352960296,True
0.01,1e+19,4096,logarithmic,hackernews,0.0010432428381295525,b6_b8_lambda10,expanded,0.01165082237856243,0.08954242063196538,True
0.01,1e+19,4096,logarithmic,pubmed_abstracts,0.0010734039853465762,b6_b8_lambda10,expanded,0.06618116611255062,0.0162191760646994,True
0.01,1e+19,4096,logarithmic,uspto_backgrounds,0.001327385227555082,b6_b8_lambda10,expanded,0.07556475309321728,0.017566195523958227,True
0.01,1e+19,8192,logarithmic,arxiv,0.9775918622977379,b6_b8_lambda10,expanded,0.11302252583217468,8.64953118946703,False
0.01,1e+19,8192,logarithmic,freelaw,0.002205815828220456,b6_b8_lambda10,expanded,0.09682483215160405,0.022781509445497276,False
0.01,1e+19,8192,logarithmic,nih_exporter,0.001018990138244741,b6_b8_lambda10,expanded,0.005889680217640528,0.1730128123412717,False
0.01,1e+19,8192,logarithmic,pubmed_central,0.0033368483325709707,b6_b8_lambda10,expanded,0.11375419104995738,0.029333849608279738,False
0.01,1e+19,8192,logarithmic,wikipedia_en,0.0010324463789322103,b6_b8_lambda10,expanded,0.07507775607969777,0.013751694680861676,False
0.01,1e+19,8192,logarithmic,dm_mathematics,0.00100032892791864,b6_b8_lambda10,expanded,0.02546285409735114,0.039285813133677835,False
0.01,1e+19,8192,logarithmic,github,0.0010025495148257484,b6_b8_lambda10,expanded,0.11070066006999096,0.009056400514611948,False
0.01,1e+19,8192,logarithmic,philpapers,0.001008447622132969,b6_b8_lambda10,expanded,0.005487697351757549,0.1837651673356208,False
0.01,1e+19,8192,logarithmic,stackexchange,0.0033822444085234377,b6_b8_lambda10,expanded,0.09943242344369017,0.034015508134917834,False
0.01,1e+19,8192,logarithmic,enron_emails,0.0010183367374844644,b6_b8_lambda10,expanded,0.0022110330440804327,0.4605705646104399,False
0.01,1e+19,8192,logarithmic,gutenberg_pg_19,0.0010085072102959723,b6_b8_lambda10,expanded,0.04691494424769629,0.02149650237185338,False
0.01,1e+19,8192,logarithmic,pile_cc,0.0010019858191135755,b6_b8_lambda10,expanded,0.11948759779117796,0.008385688871783096,False
0.01,1e+19,8192,logarithmic,ubuntu_irc,0.001037176487436338,b6_b8_lambda10,expanded,0.019599998284382344,0.05291717235826393,False
0.01,1e+19,8192,logarithmic,europarl,0.001000159885501576,b6_b8_lambda10,expanded,0.012737064754468426,0.07852357703926245,False
0.01,1e+19,8192,logarithmic,hackernews,0.0010256731539791087,b6_b8_lambda10,expanded,0.01165082237856243,0.08803439968893118,False
0.01,1e+19,8192,logarithmic,pubmed_abstracts,0.001001017184567196,b6_b8_lambda10,expanded,0.06618116611255062,0.015125408682960072,False
0.01,1e+19,8192,logarithmic,uspto_backgrounds,0.001327610072514607,b6_b8_lambda10,expanded,0.07556475309321728,0.01756917105091122,False
0.01,1e+19,32768,logarithmic,arxiv,0.9774318920123567,b6_b8_lambda10,expanded,0.11302252583217468,8.648115805372546,False
0.01,1e+19,32768,logarithmic,freelaw,0.002667042366044343,b6_b8_lambda10,expanded,0.09682483215160405,0.027545024419648935,False
0.01,1e+19,32768,logarithmic,nih_exporter,0.001015599425189129,b6_b8_lambda10,expanded,0.005889680217640528,0.17243710824014644,False
0.01,1e+19,32768,logarithmic,pubmed_central,0.003093528143139111,b6_b8_lambda10,expanded,0.11375419104995738,0.027194849830021014,False
0.01,1e+19,32768,logarithmic,wikipedia_en,0.0010433014557094502,b6_b8_lambda10,expanded,0.07507775607969777,0.013896279140281546,False
0.01,1e+19,32768,logarithmic,dm_mathematics,0.001002583610682927,b6_b8_lambda10,expanded,0.02546285409735114,0.03937436105354836,False
0.01,1e+19,32768,logarithmic,github,0.0010001098894136843,b6_b8_lambda10,expanded,0.11070066006999096,0.009034362476080636,False
0.01,1e+19,32768,logarithmic,philpapers,0.0010053827803837726,b6_b8_lambda10,expanded,0.005487697351757549,0.18320667411838554,False
0.01,1e+19,32768,logarithmic,stackexchange,0.0033429283844609438,b6_b8_lambda10,expanded,0.09943242344369017,0.033620103671254536,False
0.01,1e+19,32768,logarithmic,enron_emails,0.0010134046611126964,b6_b8_lambda10,expanded,0.0022110330440804327,0.45833989854917373,False
0.01,1e+19,32768,logarithmic,gutenberg_pg_19,0.0010123139049905987,b6_b8_lambda10,expanded,0.04691494424769629,0.021577642715419135,False
0.01,1e+19,32768,logarithmic,pile_cc,0.001000331890486601,b6_b8_lambda10,expanded,0.11948759779117796,0.008371847028298513,False
0.01,1e+19,32768,logarithmic,ubuntu_irc,0.0010187832954499283,b6_b8_lambda10,expanded,0.019599998284382344,0.05197874411354997,False
0.01,1e+19,32768,logarithmic,europarl,0.001000109882933569,b6_b8_lambda10,expanded,0.012737064754468426,0.07851965128643236,False
0.01,1e+19,32768,logarithmic,hackernews,0.0010201802731449174,b6_b8_lambda10,expanded,0.01165082237856243,0.08756294105230324,False
0.01,1e+19,32768,logarithmic,pubmed_abstracts,0.0010049516160395065,b6_b8_lambda10,expanded,0.06618116611255062,0.01518485809588851,False
0.01,1e+19,32768,logarithmic,uspto_backgrounds,0.0013275564084622975,b6_b8_lambda10,expanded,0.07556475309321728,0.017568460877846227,False
0.01,1e+19,131072,logarithmic,arxiv,0.9767733362161449,b6_b8_lambda10,expanded,0.11302252583217468,8.642289039501204,False
0.01,1e+19,131072,logarithmic,freelaw,0.0027619541939107265,b6_b8_lambda10,expanded,0.09682483215160405,0.028525267047054423,False
0.01,1e+19,131072,logarithmic,nih_exporter,0.0010229902363840507,b6_b8_lambda10,expanded,0.005889680217640528,0.17369198302482236,False
0.01,1e+19,131072,logarithmic,pubmed_central,0.003296271096576834,b6_b8_lambda10,expanded,0.11375419104995738,0.028977139797242393,False
0.01,1e+19,131072,logarithmic,wikipedia_en,0.0011475583162599912,b6_b8_lambda10,expanded,0.07507775607969777,0.015284930932696181,False
0.01,1e+19,131072,logarithmic,dm_mathematics,0.001037619931030425,b6_b8_lambda10,expanded,0.02546285409735114,0.040750338790118856,False
0.01,1e+19,131072,logarithmic,github,0.0010078405637572543,b6_b8_lambda10,expanded,0.11070066006999096,0.009104196516263253,False
0.01,1e+19,131072,logarithmic,philpapers,0.0010188146481307507,b6_b8_lambda10,expanded,0.005487697351757549,0.18565430686596704,False
0.01,1e+19,131072,logarithmic,stackexchange,0.0032786193006387205,b6_b8_lambda10,expanded,0.09943242344369017,0.03297334196521363,False
0.01,1e+19,131072,logarithmic,enron_emails,0.0010094312395431241,b6_b8_lambda10,expanded,0.0022110330440804327,0.4565428102694621,False
0.01,1e+19,131072,logarithmic,gutenberg_pg_19,0.0010886482976887857,b6_b8_lambda10,expanded,0.04691494424769629,0.023204723252809638,False
0.01,1e+19,131072,logarithmic,pile_cc,0.001033378777842842,b6_b8_lambda10,expanded,0.11948759779117796,0.008648418722492206,False
0.01,1e+19,131072,logarithmic,ubuntu_irc,0.0010703108690092184,b6_b8_lambda10,expanded,0.019599998284382344,0.05460770217832431,False
0.01,1e+19,131072,logarithmic,europarl,0.0010118436032141855,b6_b8_lambda10,expanded,0.012737064754468426,0.07944087768409985,False
0.01,1e+19,131072,logarithmic,hackernews,0.0010431882820209001,b6_b8_lambda10,expanded,0.01165082237856243,0.08953773803473064,False
0.01,1e+19,131072,logarithmic,pubmed_abstracts,0.0010708589394731287,b6_b8_lambda10,expanded,0.06618116611255062,0.01618072032233428,False
0.01,1e+19,131072,logarithmic,uspto_backgrounds,0.001327335488374202,b6_b8_lambda10,expanded,0.07556475309321728,0.01756553729139815,False
10.0,1e+22,2048,logarithmic,arxiv,0.13882785817679827,b6_b8_lambda10,expanded,0.11302252583217468,1.2283202587680753,False
10.0,1e+22,2048,logarithmic,freelaw,0.1430802465290274,b6_b8_lambda10,expanded,0.09682483215160405,1.4777226394257896,False
10.0,1e+22,2048,logarithmic,nih_exporter,0.029312224636382757,b6_b8_lambda10,expanded,0.005889680217640528,4.976878803808055,False
10.0,1e+22,2048,logarithmic,pubmed_central,0.164964181957637,b6_b8_lambda10,expanded,0.11375419104995738,1.45018113561363,False
10.0,1e+22,2048,logarithmic,wikipedia_en,0.04986109305125091,b6_b8_lambda10,expanded,0.07507775607969777,0.6641260428497828,False
10.0,1e+22,2048,logarithmic,dm_mathematics,0.012254713215726503,b6_b8_lambda10,expanded,0.02546285409735114,0.48127806760677866,False
10.0,1e+22,2048,logarithmic,github,0.06100692350531292,b6_b8_lambda10,expanded,0.11070066006999096,0.5510981006503578,False
10.0,1e+22,2048,logarithmic,philpapers,0.013901666582377407,b6_b8_lambda10,expanded,0.005487697351757549,2.5332422127698258,False
10.0,1e+22,2048,logarithmic,stackexchange,0.1782327416370395,b6_b8_lambda10,expanded,0.09943242344369017,1.7925012331412695,False
10.0,1e+22,2048,logarithmic,enron_emails,0.02832824967215354,b6_b8_lambda10,expanded,0.0022110330440804327,12.812223565810724,False
10.0,1e+22,2048,logarithmic,gutenberg_pg_19,0.035521500682745705,b6_b8_lambda10,expanded,0.04691494424769629,0.757146816485665,False
10.0,1e+22,2048,logarithmic,pile_cc,0.010195050290016182,b6_b8_lambda10,expanded,0.11948759779117796,0.08532308355410678,False
10.0,1e+22,2048,logarithmic,ubuntu_irc,0.043286120889182454,b6_b8_lambda10,expanded,0.019599998284382344,2.208475748881757,False
10.0,1e+22,2048,logarithmic,europarl,0.001008986094832821,b6_b8_lambda10,expanded,0.012737064754468426,0.07921653177423375,False
10.0,1e+22,2048,logarithmic,hackernews,0.03447235431275835,b6_b8_lambda10,expanded,0.01165082237856243,2.95879150781559,False
10.0,1e+22,2048,logarithmic,pubmed_abstracts,0.027987531055847847,b6_b8_lambda10,expanded,0.06618116611255062,0.4228926853336342,False
10.0,1e+22,2048,logarithmic,uspto_backgrounds,0.027758557710910636,b6_b8_lambda10,expanded,0.07556475309321728,0.36734795754136135,False
10.0,1e+22,4096,logarithmic,arxiv,0.14250081034441234,b6_b8_lambda10,expanded,0.11302252583217468,1.2608177820765525,False
10.0,1e+22,4096,logarithmic,freelaw,0.14219676366176306,b6_b8_lambda10,expanded,0.09682483215160405,1.4685980910260463,False
10.0,1e+22,4096,logarithmic,nih_exporter,0.02949162354488027,b6_b8_lambda10,expanded,0.005889680217640528,5.007338676308464,False
10.0,1e+22,4096,logarithmic,pubmed_central,0.1650039371096972,b6_b8_lambda10,expanded,0.11375419104995738,1.4505306185794289,False
10.0,1e+22,4096,logarithmic,wikipedia_en,0.051611683068062075,b6_b8_lambda10,expanded,0.07507775607969777,0.6874430691998092,False
10.0,1e+22,4096,logarithmic,dm_mathematics,0.012250538658106085,b6_b8_lambda10,expanded,0.02546285409735114,0.48111412064292075,False
10.0,1e+22,4096,logarithmic,github,0.061089778563555845,b6_b8_lambda10,expanded,0.11070066006999096,0.5518465610316287,False
10.0,1e+22,4096,logarithmic,philpapers,0.013719102588190445,b6_b8_lambda10,expanded,0.005487697351757549,2.499974344211351,False
10.0,1e+22,4096,logarithmic,stackexchange,0.17808261735727596,b6_b8_lambda10,expanded,0.09943242344369017,1.790991421003898,False
10.0,1e+22,4096,logarithmic,enron_emails,0.02869569066670288,b6_b8_lambda10,expanded,0.0022110330440804327,12.978408777530234,False
10.0,1e+22,4096,logarithmic,gutenberg_pg_19,0.035281121587554955,b6_b8_lambda10,expanded,0.04691494424769629,0.7520230952696357,False
10.0,1e+22,4096,logarithmic,pile_cc,0.009867341493270045,b6_b8_lambda10,expanded,0.11948759779117796,0.08258046588663256,False
10.0,1e+22,4096,logarithmic,ubuntu_irc,0.04246080296081058,b6_b8_lambda10,expanded,0.019599998284382344,2.1663676876259816,False
10.0,1e+22,4096,logarithmic,europarl,0.001137145836882925,b6_b8_lambda10,expanded,0.012737064754468426,0.08927848439209596,False
10.0,1e+22,4096,logarithmic,hackernews,0.03472439582032935,b6_b8_lambda10,expanded,0.01165082237856243,2.980424444906345,False
10.0,1e+22,4096,logarithmic,pubmed_abstracts,0.026919517131143406,b6_b8_lambda10,expanded,0.06618116611255062,0.40675495329536626,False
10.0,1e+22,4096,logarithmic,uspto_backgrounds,0.024967129607362443,b6_b8_lambda10,expanded,0.07556475309321728,0.3304070824735283,False
10.0,1e+22,8192,logarithmic,arxiv,0.1411178986056573,b6_b8_lambda10,expanded,0.11302252583217468,1.2485820642090497,True
10.0,1e+22,8192,logarithmic,freelaw,0.14280831903536143,b6_b8_lambda10,expanded,0.09682483215160405,1.4749141915553075,True
10.0,1e+22,8192,logarithmic,nih_exporter,0.02935196165570823,b6_b8_lambda10,expanded,0.005889680217640528,4.9836256929186815,True
10.0,1e+22,8192,logarithmic,pubmed_central,0.16543004747866819,b6_b8_lambda10,expanded,0.11375419104995738,1.454276505786203,True
10.0,1e+22,8192,logarithmic,wikipedia_en,0.050286238972364984,b6_b8_lambda10,expanded,0.07507775607969777,0.6697887842969669,True
10.0,1e+22,8192,logarithmic,dm_mathematics,0.012318445441757957,b6_b8_lambda10,expanded,0.02546285409735114,0.4837810166394279,True
10.0,1e+22,8192,logarithmic,github,0.06142285490651525,b6_b8_lambda10,expanded,0.11070066006999096,0.5548553628106678,True
10.0,1e+22,8192,logarithmic,philpapers,0.013920729792890996,b6_b8_lambda10,expanded,0.005487697351757549,2.536716021416996,True
10.0,1e+22,8192,logarithmic,stackexchange,0.17880606970669283,b6_b8_lambda10,expanded,0.09943242344369017,1.7982672403429143,True
10.0,1e+22,8192,logarithmic,enron_emails,0.02830167223702913,b6_b8_lambda10,expanded,0.0022110330440804327,12.800203195877508,True
10.0,1e+22,8192,logarithmic,gutenberg_pg_19,0.03537124196518047,b6_b8_lambda10,expanded,0.04691494424769629,0.7539440264157905,True
10.0,1e+22,8192,logarithmic,pile_cc,0.010179090177137643,b6_b8_lambda10,expanded,0.11948759779117796,0.08518951226157455,True
10.0,1e+22,8192,logarithmic,ubuntu_irc,0.043238845888799574,b6_b8_lambda10,expanded,0.019599998284382344,2.206063758855179,True
10.0,1e+22,8192,logarithmic,europarl,0.0011720979555827713,b6_b8_lambda10,expanded,0.012737064754468426,0.09202261103144467,True
10.0,1e+22,8192,logarithmic,hackernews,0.034508353831513766,b6_b8_lambda10,expanded,0.01165082237856243,2.961881377147188,True
10.0,1e+22,8192,logarithmic,pubmed_abstracts,0.027858374291446716,b6_b8_lambda10,expanded,0.06618116611255062,0.42094112158842184,True
10.0,1e+22,8192,logarithmic,uspto_backgrounds,0.02390775805769275,b6_b8_lambda10,expanded,0.07556475309321728,0.3163876950434808,True
10.0,1e+22,32768,logarithmic,arxiv,0.14261765002034302,b6_b8_lambda10,expanded,0.11302252583217468,1.2618515554334158,False
10.0,1e+22,32768,logarithmic,freelaw,0.14275048322263834,b6_b8_lambda10,expanded,0.09682483215160405,1.474316867383007,False
10.0,1e+22,32768,logarithmic,nih_exporter,0.027988047791655805,b6_b8_lambda10,expanded,0.005889680217640528,4.752048796779688,False
10.0,1e+22,32768,logarithmic,pubmed_central,0.1643656230582967,b6_b8_lambda10,expanded,0.11375419104995738,1.4449192732258305,False
10.0,1e+22,32768,logarithmic,wikipedia_en,0.04970540196417367,b6_b8_lambda10,expanded,0.07507775607969777,0.6620523116248915,False
10.0,1e+22,32768,logarithmic,dm_mathematics,0.011319849597868345,b6_b8_lambda10,expanded,0.02546285409735114,0.44456326673316365,False
10.0,1e+22,32768,logarithmic,github,0.05968589389019467,b6_b8_lambda10,expanded,0.11070066006999096,0.5391647516144711,False
10.0,1e+22,32768,logarithmic,philpapers,0.014366580671174183,b6_b8_lambda10,expanded,0.005487697351757549,2.617961551136377,False
10.0,1e+22,32768,logarithmic,stackexchange,0.1784353620516108,b6_b8_lambda10,expanded,0.09943242344369017,1.7945390031920623,False
10.0,1e+22,32768,logarithmic,enron_emails,0.028084348632358012,b6_b8_lambda10,expanded,0.0022110330440804327,12.701912668174652,False
10.0,1e+22,32768,logarithmic,gutenberg_pg_19,0.03465654944754506,b6_b8_lambda10,expanded,0.04691494424769629,0.7387102340902139,False
10.0,1e+22,32768,logarithmic,pile_cc,0.008875752344843921,b6_b8_lambda10,expanded,0.11948759779117796,0.07428178747350496,False
10.0,1e+22,32768,logarithmic,ubuntu_irc,0.043026520929157014,b6_b8_lambda10,expanded,0.019599998284382344,2.195230851802746,False
10.0,1e+22,32768,logarithmic,europarl,0.0012927665815597495,b6_b8_lambda10,expanded,0.012737064754468426,0.1014964284535195,False
10.0,1e+22,32768,logarithmic,hackernews,0.03435942797237996,b6_b8_lambda10,expanded,0.01165082237856243,2.949098943916738,False
10.0,1e+22,32768,logarithmic,pubmed_abstracts,0.027909472795799306,b6_b8_lambda10,expanded,0.06618116611255062,0.4217132219812389,False
10.0,1e+22,32768,logarithmic,uspto_backgrounds,0.0305602690284014,b6_b8_lambda10,expanded,0.07556475309321728,0.40442491740430897,False
10.0,1e+22,131072,logarithmic,arxiv,0.14231144025399808,b6_b8_lambda10,expanded,0.11302252583217468,1.2591422745702396,False
10.0,1e+22,131072,logarithmic,freelaw,0.14294566953456117,b6_b8_lambda10,expanded,0.09682483215160405,1.476332737770649,False
10.0,1e+22,131072,logarithmic,nih_exporter,0.029348989296579437,b6_b8_lambda10,expanded,0.005889680217640528,4.9831210205054175,False
10.0,1e+22,131072,logarithmic,pubmed_central,0.16543180614563918,b6_b8_lambda10,expanded,0.11375419104995738,1.4542919660251161,False
10.0,1e+22,131072,logarithmic,wikipedia_en,0.04959107391763836,b6_b8_lambda10,expanded,0.07507775607969777,0.6605295164255526,False
10.0,1e+22,131072,logarithmic,dm_mathematics,0.012352862121930885,b6_b8_lambda10,expanded,0.02546285409735114,0.4851326593123719,False
10.0,1e+22,131072,logarithmic,github,0.06086926301880686,b6_b8_lambda10,expanded,0.11070066006999096,0.5498545625682991,False
10.0,1e+22,131072,logarithmic,philpapers,0.01369503334245746,b6_b8_lambda10,expanded,0.005487697351757549,2.4955883068280618,False
10.0,1e+22,131072,logarithmic,stackexchange,0.17891500672786537,b6_b8_lambda10,expanded,0.09943242344369017,1.7993628288582062,False
10.0,1e+22,131072,logarithmic,enron_emails,0.02799506665879642,b6_b8_lambda10,expanded,0.0022110330440804327,12.6615324604701,False
10.0,1e+22,131072,logarithmic,gutenberg_pg_19,0.0344280445399529,b6_b8_lambda10,expanded,0.04691494424769629,0.7338396131983778,False
10.0,1e+22,131072,logarithmic,pile_cc,0.010824452858895925,b6_b8_lambda10,expanded,0.11948759779117796,0.09059059734227178,False
10.0,1e+22,131072,logarithmic,ubuntu_irc,0.043744846594208346,b6_b8_lambda10,expanded,0.019599998284382344,2.23188012363578,False
10.0,1e+22,131072,logarithmic,europarl,0.0010979058451062293,b6_b8_lambda10,expanded,0.012737064754468426,0.08619771244556648,False
10.0,1e+22,131072,logarithmic,hackernews,0.03466324371702185,b6_b8_lambda10,expanded,0.01165082237856243,2.9751757078369323,False
10.0,1e+22,131072,logarithmic,pubmed_abstracts,0.027771524062533658,b6_b8_lambda10,expanded,0.06618116611255062,0.4196288112437332,False
10.0,1e+22,131072,logarithmic,uspto_backgrounds,0.024013771364008063,b6_b8_lambda10,expanded,0.07556475309321728,0.3177906415493012,False
1000.0,1e+24,2048,logarithmic,arxiv,0.14054305952682905,b6_b8_lambda10,expanded,0.11302252583217468,1.2434960065882723,False
1000.0,1e+24,2048,logarithmic,freelaw,0.14279070788739145,b6_b8_lambda10,expanded,0.09682483215160405,1.4747323048679917,False
1000.0,1e+24,2048,logarithmic,nih_exporter,0.029353495698871558,b6_b8_lambda10,expanded,0.005889680217640528,4.983886155814228,False
1000.0,1e+24,2048,logarithmic,pubmed_central,0.16540383358762772,b6_b8_lambda10,expanded,0.11375419104995738,1.4540460624873803,False
1000.0,1e+24,2048,logarithmic,wikipedia_en,0.04999170492967819,b6_b8_lambda10,expanded,0.07507775607969777,0.6658657309444648,False
1000.0,1e+24,2048,logarithmic,dm_mathematics,0.01274093586128161,b6_b8_lambda10,expanded,0.02546285409735114,0.5003734386007823,False
1000.0,1e+24,2048,logarithmic,github,0.06175237839435164,b6_b8_lambda10,expanded,0.11070066006999096,0.5578320703355195,False
1000.0,1e+24,2048,logarithmic,philpapers,0.01406116913686447,b6_b8_lambda10,expanded,0.005487697351757549,2.562307692198275,False
1000.0,1e+24,2048,logarithmic,stackexchange,0.17876038423681498,b6_b8_lambda10,expanded,0.09943242344369017,1.7978077778426995,False
1000.0,1e+24,2048,logarithmic,enron_emails,0.028313760144944546,b6_b8_lambda10,expanded,0.0022110330440804327,12.805670281929332,False
1000.0,1e+24,2048,logarithmic,gutenberg_pg_19,0.03577926862646987,b6_b8_lambda10,expanded,0.04691494424769629,0.7626411839597738,False
1000.0,1e+24,2048,logarithmic,pile_cc,0.009931587340818601,b6_b8_lambda10,expanded,0.11948759779117796,0.08311814384431346,False
1000.0,1e+24,2048,logarithmic,ubuntu_irc,0.043107784331031115,b6_b8_lambda10,expanded,0.019599998284382344,2.1993769440980118,False
1000.0,1e+24,2048,logarithmic,europarl,0.001099277287096374,b6_b8_lambda10,expanded,0.012737064754468426,0.08630538576093247,False
1000.0,1e+24,2048,logarithmic,hackernews,0.03446619330049167,b6_b8_lambda10,expanded,0.01165082237856243,2.958262702889509,False
1000.0,1e+24,2048,logarithmic,pubmed_abstracts,0.02815577055553677,b6_b8_lambda10,expanded,0.06618116611255062,0.4254347907326658,False
1000.0,1e+24,2048,logarithmic,uspto_backgrounds,0.02374868915390041,b6_b8_lambda10,expanded,0.07556475309321728,0.3142826275711354,False
1000.0,1e+24,4096,logarithmic,arxiv,0.13997091466610148,b6_b8_lambda10,expanded,0.11302252583217468,1.2384337868536228,False
1000.0,1e+24,4096,logarithmic,freelaw,0.14235074272925258,b6_b8_lambda10,expanded,0.09682483215160405,1.4701883759154477,False
1000.0,1e+24,4096,logarithmic,nih_exporter,0.028005563024583013,b6_b8_lambda10,expanded,0.005889680217640528,4.755022681995857,False
1000.0,1e+24,4096,logarithmic,pubmed_central,0.16528916746245317,b6_b8_lambda10,expanded,0.11375419104995738,1.453038045779458,False
1000.0,1e+24,4096,logarithmic,wikipedia_en,0.04470172732424166,b6_b8_lambda10,expanded,0.07507775607969777,0.5954057454352945,False
1000.0,1e+24,4096,logarithmic,dm_mathematics,0.01266621329498718,b6_b8_lambda10,expanded,0.02546285409735114,0.4974388670869706,False
1000.0,1e+24,4096,logarithmic,github,0.06140198750261616,b6_b8_lambda10,expanded,0.11070066006999096,0.5546668598343902,False
1000.0,1e+24,4096,logarithmic,philpapers,0.01860676688889519,b6_b8_lambda10,expanded,0.005487697351757549,3.390632845839428,False
1000.0,1e+24,4096,logarithmic,stackexchange,0.17799560363486464,b6_b8_lambda10,expanded,0.09943242344369017,1.7901163168940137,False
1000.0,1e+24,4096,logarithmic,enron_emails,0.027101445937715216,b6_b8_lambda10,expanded,0.0022110330440804327,12.257368115901086,False
1000.0,1e+24,4096,logarithmic,gutenberg_pg_19,0.03701462583261047,b6_b8_lambda10,expanded,0.04691494424769629,0.7889730324986592,False
1000.0,1e+24,4096,logarithmic,pile_cc,0.008555017941509799,b6_b8_lambda10,expanded,0.11948759779117796,0.0715975389886149,False
1000.0,1e+24,4096,logarithmic,ubuntu_irc,0.04387050596191524,b6_b8_lambda10,expanded,0.019599998284382344,2.238291316426905,False
1000.0,1e+24,4096,logarithmic,europarl,0.0012517045654268431,b6_b8_lambda10,expanded,0.012737064754468426,0.09827260750854856,False
1000.0,1e+24,4096,logarithmic,hackernews,0.03412072590696843,b6_b8_lambda10,expanded,0.01165082237856243,2.928610942498852,False
1000.0,1e+24,4096,logarithmic,pubmed_abstracts,0.027354191819624275,b6_b8_lambda10,expanded,0.06618116611255062,0.41332290478388556,False
1000.0,1e+24,4096,logarithmic,uspto_backgrounds,0.02974309550623455,b6_b8_lambda10,expanded,0.07556475309321728,0.3936107019306109,False
1000.0,1e+24,8192,logarithmic,arxiv,0.14059238462789053,b6_b8_lambda10,expanded,0.11302252583217468,1.2439324249101802,True
1000.0,1e+24,8192,logarithmic,freelaw,0.14304088816450192,b6_b8_lambda10,expanded,0.09682483215160405,1.4773161490281213,True
1000.0,1e+24,8192,logarithmic,nih_exporter,0.029466257443412115,b6_b8_lambda10,expanded,0.005889680217640528,5.00303180385855,True
1000.0,1e+24,8192,logarithmic,pubmed_central,0.16563069700672048,b6_b8_lambda10,expanded,0.11375419104995738,1.456040392691822,True
1000.0,1e+24,8192,logarithmic,wikipedia_en,0.04964822937024788,b6_b8_lambda10,expanded,0.07507775607969777,0.6612907998681324,True
1000.0,1e+24,8192,logarithmic,dm_mathematics,0.01312905104631049,b6_b8_lambda10,expanded,0.02546285409735114,0.5156158455809666,True
1000.0,1e+24,8192,logarithmic,github,0.061413763561633236,b6_b8_lambda10,expanded,0.11070066006999096,0.5547732373303296,True
1000.0,1e+24,8192,logarithmic,philpapers,0.013892036010089238,b6_b8_lambda10,expanded,0.005487697351757549,2.5314872741004977,True
1000.0,1e+24,8192,logarithmic,stackexchange,0.17911609128285066,b6_b8_lambda10,expanded,0.09943242344369017,1.8013851526437585,True
1000.0,1e+24,8192,logarithmic,enron_emails,0.02819464056542986,b6_b8_lambda10,expanded,0.0022110330440804327,12.7517952031133,True
1000.0,1e+24,8192,logarithmic,gutenberg_pg_19,0.03459325119701145,b6_b8_lambda10,expanded,0.04691494424769629,0.737361021135821,True
1000.0,1e+24,8192,logarithmic,pile_cc,0.010662680931617003,b6_b8_lambda10,expanded,0.11948759779117796,0.08923671685367378,True
1000.0,1e+24,8192,logarithmic,ubuntu_irc,0.043659471027170514,b6_b8_lambda10,expanded,0.019599998284382344,2.2275242269770614,True
1000.0,1e+24,8192,logarithmic,europarl,0.001110271085080583,b6_b8_lambda10,expanded,0.012737064754468426,0.08716852010123265,True
1000.0,1e+24,8192,logarithmic,hackernews,0.034689323451866975,b6_b8_lambda10,expanded,0.01165082237856243,2.9774141536734353,True
1000.0,1e+24,8192,logarithmic,pubmed_abstracts,0.027478304881791687,b6_b8_lambda10,expanded,0.06618116611255062,0.4151982579917203,True
1000.0,1e+24,8192,logarithmic,uspto_backgrounds,0.023682658346375274,b6_b8_lambda10,expanded,0.07556475309321728,0.3134087967859851,True
1000.0,1e+24,32768,logarithmic,arxiv,0.1402717708961474,b6_b8_lambda10,expanded,0.11302252583217468,1.2410957007316814,False
1000.0,1e+24,32768,logarithmic,freelaw,0.14287996249573834,b6_b8_lambda10,expanded,0.09682483215160405,1.4756541201333888,False
1000.0,1e+24,32768,logarithmic,nih_exporter,0.029366267759308503,b6_b8_lambda10,expanded,0.005889680217640528,4.986054704863578,False
1000.0,1e+24,32768,logarithmic,pubmed_central,0.16552255089148957,b6_b8_lambda10,expanded,0.11375419104995738,1.4550896926408374,False
1000.0,1e+24,32768,logarithmic,wikipedia_en,0.04991064559071614,b6_b8_lambda10,expanded,0.07507775607969777,0.6647860591056314,False
1000.0,1e+24,32768,logarithmic,dm_mathematics,0.012625374656780514,b6_b8_lambda10,expanded,0.02546285409735114,0.4958350155293043,False
1000.0,1e+24,32768,logarithmic,github,0.06177679695207108,b6_b8_lambda10,expanded,0.11070066006999096,0.5580526521974886,False
1000.0,1e+24,32768,logarithmic,philpapers,0.01402588971098109,b6_b8_lambda10,expanded,0.005487697351757549,2.5558788708508144,False
1000.0,1e+24,32768,logarithmic,stackexchange,0.17891615038829284,b6_b8_lambda10,expanded,0.09943242344369017,1.799374330744491,False
1000.0,1e+24,32768,logarithmic,enron_emails,0.02828833187753618,b6_b8_lambda10,expanded,0.0022110330440804327,12.79416965443919,False
1000.0,1e+24,32768,logarithmic,gutenberg_pg_19,0.035568343402657306,b6_b8_lambda10,expanded,0.04691494424769629,0.7581452770116818,False
1000.0,1e+24,32768,logarithmic,pile_cc,0.010156484099406629,b6_b8_lambda10,expanded,0.11948759779117796,0.08500032042787042,False
1000.0,1e+24,32768,logarithmic,ubuntu_irc,0.043267053188478885,b6_b8_lambda10,expanded,0.019599998284382344,2.2075029069239718,False
1000.0,1e+24,32768,logarithmic,europarl,0.0011165000638452306,b6_b8_lambda10,expanded,0.012737064754468426,0.08765756360416864,False
1000.0,1e+24,32768,logarithmic,hackernews,0.03450222800668435,b6_b8_lambda10,expanded,0.01165082237856243,2.961355592388793,False
1000.0,1e+24,32768,logarithmic,pubmed_abstracts,0.02796814776220521,b6_b8_lambda10,expanded,0.06618116611255062,0.4225998030110461,False
1000.0,1e+24,32768,logarithmic,uspto_backgrounds,0.023837502257660848,b6_b8_lambda10,expanded,0.07556475309321728,0.31545795204617044,False
1000.0,1e+24,131072,logarithmic,arxiv,0.14042220036970593,b6_b8_lambda10,expanded,0.11302252583217468,1.2424266696907533,False
1000.0,1e+24,131072,logarithmic,freelaw,0.14279481198008687,b6_b8_lambda10,expanded,0.09682483215160405,1.4747746916463027,False
1000.0,1e+24,131072,logarithmic,nih_exporter,0.029486433724425117,b6_b8_lambda10,expanded,0.005889680217640528,5.0064575044513555,False
1000.0,1e+24,131072,logarithmic,pubmed_central,0.16552262796924558,b6_b8_lambda10,expanded,0.11375419104995738,1.4550903702225184,False
1000.0,1e+24,131072,logarithmic,wikipedia_en,0.04967323503533681,b6_b8_lambda10,expanded,0.07507775607969777,0.6616238634330902,False
1000.0,1e+24,131072,logarithmic,dm_mathematics,0.0123117001555446,b6_b8_lambda10,expanded,0.02546285409735114,0.48351610972099807,False
1000.0,1e+24,131072,logarithmic,github,0.061528101695084415,b6_b8_lambda10,expanded,0.11070066006999096,0.5558060959725354,False
1000.0,1e+24,131072,logarithmic,philpapers,0.013987886512658657,b6_b8_lambda10,expanded,0.005487697351757549,2.548953707911524,False
1000.0,1e+24,131072,logarithmic,stackexchange,0.1788748336889668,b6_b8_lambda10,expanded,0.09943242344369017,1.7989588053263719,False
1000.0,1e+24,131072,logarithmic,enron_emails,0.028281480945532813,b6_b8_lambda10,expanded,0.0022110330440804327,12.791071133581843,False
1000.0,1e+24,131072,logarithmic,gutenberg_pg_19,0.035933516631584034,b6_b8_lambda10,expanded,0.04691494424769629,0.7659290063708967,False
1000.0,1e+24,131072,logarithmic,pile_cc,0.01012533130725006,b6_b8_lambda10,expanded,0.11948759779117796,0.08473960054787909,False
1000.0,1e+24,131072,logarithmic,ubuntu_irc,0.042755638928181114,b6_b8_lambda10,expanded,0.019599998284382344,2.181410340339143,False
1000.0,1e+24,131072,logarithmic,europarl,0.0010985866212622993,b6_b8_lambda10,expanded,0.012737064754468426,0.08625116087887458,False
1000.0,1e+24,131072,logarithmic,hackernews,0.03448847090869662,b6_b8_lambda10,expanded,0.01165082237856243,2.9601748089607454,False
1000.0,1e+24,131072,logarithmic,pubmed_abstracts,0.028668439649352957,b6_b8_lambda10,expanded,0.06618116611255062,0.4331812407263743,False
1000.0,1e+24,131072,logarithmic,uspto_backgrounds,0.024046703877085424,b6_b8_lambda10,expanded,0.07556475309321728,0.31822645999281196,False
10000.0,1e+25,2048,logarithmic,arxiv,0.14031559672037286,b6_b8_lambda10,expanded,0.11302252583217468,1.2414834625862567,False
10000.0,1e+25,2048,logarithmic,freelaw,0.1431241387766,b6_b8_lambda10,expanded,0.09682483215160405,1.4781759554460423,False
10000.0,1e+25,2048,logarithmic,nih_exporter,0.029455586475487256,b6_b8_lambda10,expanded,0.005889680217640528,5.0012199961660215,False
10000.0,1e+25,2048,logarithmic,pubmed_central,0.16574718883331954,b6_b8_lambda10,expanded,0.11375419104995738,1.4570644589308224,False
10000.0,1e+25,2048,logarithmic,wikipedia_en,0.04972237081623762,b6_b8_lambda10,expanded,0.07507775607969777,0.6622783286630931,False
10000.0,1e+25,2048,logarithmic,dm_mathematics,0.012150522652033698,b6_b8_lambda10,expanded,0.02546285409735114,0.47718620251991695,False
10000.0,1e+25,2048,logarithmic,github,0.06170181734252851,b6_b8_lambda10,expanded,0.11070066006999096,0.5573753336567033,False
10000.0,1e+25,2048,logarithmic,philpapers,0.013581691319622863,b6_b8_lambda10,expanded,0.005487697351757549,2.4749344668712543,False
10000.0,1e+25,2048,logarithmic,stackexchange,0.17911285790730383,b6_b8_lambda10,expanded,0.09943242344369017,1.801352634321919,False
10000.0,1e+25,2048,logarithmic,enron_emails,0.028339895305320516,b6_b8_lambda10,expanded,0.0022110330440804327,12.817490621044545,False
10000.0,1e+25,2048,logarithmic,gutenberg_pg_19,0.03573089286811211,b6_b8_lambda10,expanded,0.04691494424769629,0.7616100464590585,False
10000.0,1e+25,2048,logarithmic,pile_cc,0.010172107971697975,b6_b8_lambda10,expanded,0.11948759779117796,0.0851310776995887,False
10000.0,1e+25,2048,logarithmic,ubuntu_irc,0.043364287243418696,b6_b8_lambda10,expanded,0.019599998284382344,2.212463828528607,False
10000.0,1e+25,2048,logarithmic,europarl,0.0010269497251805034,b6_b8_lambda10,expanded,0.012737064754468426,0.08062687479234398,False
10000.0,1e+25,2048,logarithmic,hackernews,0.03460335579274538,b6_b8_lambda10,expanded,0.01165082237856243,2.970035476329613,False
10000.0,1e+25,2048,logarithmic,pubmed_abstracts,0.028019563894884164,b6_b8_lambda10,expanded,0.06618116611255062,0.4233767027802571,False
10000.0,1e+25,2048,logarithmic,uspto_backgrounds,0.023831176355134587,b6_b8_lambda10,expanded,0.07556475309321728,0.3153742370564787,False
10000.0,1e+25,4096,logarithmic,arxiv,0.14037318540786906,b6_b8_lambda10,expanded,0.11302252583217468,1.241992995416745,False
10000.0,1e+25,4096,logarithmic,freelaw,0.14292217866061335,b6_b8_lambda10,expanded,0.09682483215160405,1.4760901256904027,False
10000.0,1e+25,4096,logarithmic,nih_exporter,0.02941363875069091,b6_b8_lambda10,expanded,0.005889680217640528,4.9940977546781555,False
10000.0,1e+25,4096,logarithmic,pubmed_central,0.16553412721804245,b6_b8_lambda10,expanded,0.11375419104995738,1.4551914587950865,False
10000.0,1e+25,4096,logarithmic,wikipedia_en,0.049960794300601075,b6_b8_lambda10,expanded,0.07507775607969777,0.6654540160679,False
10000.0,1e+25,4096,logarithmic,dm_mathematics,0.01260320584934824,b6_b8_lambda10,expanded,0.02546285409735114,0.4949643822787066,False
10000.0,1e+25,4096,logarithmic,github,0.06181081180179688,b6_b8_lambda10,expanded,0.11070066006999096,0.5583599209139017,False
10000.0,1e+25,4096,logarithmic,philpapers,0.013944774749337967,b6_b8_lambda10,expanded,0.005487697351757549,2.5410976326658874,False
10000.0,1e+25,4096,logarithmic,stackexchange,0.17892839319759332,b6_b8_lambda10,expanded,0.09943242344369017,1.7994974576770997,False
10000.0,1e+25,4096,logarithmic,enron_emails,0.02828308842986902,b6_b8_lambda10,expanded,0.0022110330440804327,12.791798162216947,False
10000.0,1e+25,4096,logarithmic,gutenberg_pg_19,0.03577674803324877,b6_b8_lambda10,expanded,0.04691494424769629,0.7625874570874195,False
10000.0,1e+25,4096,logarithmic,pile_cc,0.0102023570790905,b6_b8_lambda10,expanded,0.11948759779117796,0.0853842345790616,False
10000.0,1e+25,4096,logarithmic,ubuntu_irc,0.04318456326977042,b6_b8_lambda10,expanded,0.019599998284382344,2.20329423723372,False
10000.0,1e+25,4096,logarithmic,europarl,0.0011002683385927551,b6_b8_lambda10,expanded,0.012737064754468426,0.08638319422901247,False
10000.0,1e+25,4096,logarithmic,hackernews,0.03449612223878872,b6_b8_lambda10,expanded,0.01165082237856243,2.960831529134094,False
10000.0,1e+25,4096,logarithmic,pubmed_abstracts,0.02782444494158466,b6_b8_lambda10,expanded,0.06618116611255062,0.4204284477892876,False
10000.0,1e+25,4096,logarithmic,uspto_backgrounds,0.023641297733161978,b6_b8_lambda10,expanded,0.07556475309321728,0.3128614435356903,False
10000.0,1e+25,8192,logarithmic,arxiv,0.14033335689631873,b6_b8_lambda10,expanded,0.11302252583217468,1.241640600960356,True
10000.0,1e+25,8192,logarithmic,freelaw,0.14293737252917543,b6_b8_lambda10,expanded,0.09682483215160405,1.4762470468874183,True
10000.0,1e+25,8192,logarithmic,nih_exporter,0.029514946696482858,b6_b8_lambda10,expanded,0.005889680217640528,5.011298679354594,True
10000.0,1e+25,8192,logarithmic,pubmed_central,0.16552545499581617,b6_b8_lambda10,expanded,0.11375419104995738,1.4551152222876995,True
10000.0,1e+25,8192,logarithmic,wikipedia_en,0.049868582028772666,b6_b8_lambda10,expanded,0.07507775607969777,0.6642257924682159,True
10000.0,1e+25,8192,logarithmic,dm_mathematics,0.012195351367843152,b6_b8_lambda10,expanded,0.02546285409735114,0.47894675597704556,True
10000.0,1e+25,8192,logarithmic,github,0.06171464496403639,b6_b8_lambda10,expanded,0.11070066006999096,0.5574912103054945,True
10000.0,1e+25,8192,logarithmic,philpapers,0.014059493938848817,b6_b8_lambda10,expanded,0.005487697351757549,2.5620024279119495,True
10000.0,1e+25,8192,logarithmic,stackexchange,0.17893296028948824,b6_b8_lambda10,expanded,0.09943242344369017,1.7995433892931334,True
10000.0,1e+25,8192,logarithmic,enron_emails,0.028243931356373084,b6_b8_lambda10,expanded,0.0022110330440804327,12.774088307721208,True
10000.0,1e+25,8192,logarithmic,gutenberg_pg_19,0.03559291180445754,b6_b8_lambda10,expanded,0.04691494424769629,0.7586689566663035,True
10000.0,1e+25,8192,logarithmic,pile_cc,0.010432957523098054,b6_b8_lambda10,expanded,0.11948759779117796,0.08731414570180893,True
10000.0,1e+25,8192,logarithmic,ubuntu_irc,0.04329747835585039,b6_b8_lambda10,expanded,0.019599998284382344,2.2090552115175774,True
10000.0,1e+25,8192,logarithmic,europarl,0.0011442461061229243,b6_b8_lambda10,expanded,0.012737064754468426,0.08983593380268394,True
10000.0,1e+25,8192,logarithmic,hackernews,0.03465045382934853,b6_b8_lambda10,expanded,0.01165082237856243,2.9740779408933,True
10000.0,1e+25,8192,logarithmic,pubmed_abstracts,0.027580984793084736,b6_b8_lambda10,expanded,0.06618116611255062,0.4167497554542828,True
10000.0,1e+25,8192,logarithmic,uspto_backgrounds,0.023974872524882108,b6_b8_lambda10,expanded,0.07556475309321728,0.31727586663727353,True
10000.0,1e+25,32768,logarithmic,arxiv,0.1405302709853164,b6_b8_lambda10,expanded,0.11302252583217468,1.243382856210341,False
10000.0,1e+25,32768,logarithmic,freelaw,0.1428881215865065,b6_b8_lambda10,expanded,0.09682483215160405,1.4757383866442295,False
10000.0,1e+25,32768,logarithmic,nih_exporter,0.029411677690945087,b6_b8_lambda10,expanded,0.005889680217640528,4.99376478927539,False
10000.0,1e+25,32768,logarithmic,pubmed_central,0.1655090422965215,b6_b8_lambda10,expanded,0.11375419104995738,1.4549709401373614,False
10000.0,1e+25,32768,logarithmic,wikipedia_en,0.04993901087938735,b6_b8_lambda10,expanded,0.07507775607969777,0.665163871258689,False
10000.0,1e+25,32768,logarithmic,dm_mathematics,0.012635345551930865,b6_b8_lambda10,expanded,0.02546285409735114,0.4962266014494149,False
10000.0,1e+25,32768,logarithmic,github,0.06170299727501471,b6_b8_lambda10,expanded,0.11070066006999096,0.5573859924231953,False
10000.0,1e+25,32768,logarithmic,philpapers,0.013947819657222204,b6_b8_lambda10,expanded,0.005487697351757549,2.5416524934187787,False
10000.0,1e+25,32768,logarithmic,stackexchange,0.17889774100563985,b6_b8_lambda10,expanded,0.09943242344369017,1.7991891860802516,False
10000.0,1e+25,32768,logarithmic,enron_emails,0.02821820920341177,b6_b8_lambda10,expanded,0.0022110330440804327,12.76245476247403,False
10000.0,1e+25,32768,logarithmic,gutenberg_pg_19,0.03560323707663187,b6_b8_lambda10,expanded,0.04691494424769629,0.758889041595315,False
10000.0,1e+25,32768,logarithmic,pile_cc,0.010267563720382313,b6_b8_lambda10,expanded,0.11948759779117796,0.08592995348627212,False
10000.0,1e+25,32768,logarithmic,ubuntu_irc,0.04325896216238424,b6_b8_lambda10,expanded,0.019599998284382344,2.20709009943403,False
10000.0,1e+25,32768,logarithmic,europarl,0.0011626307096573435,b6_b8_lambda10,expanded,0.012737064754468426,0.09127932785687287,False
10000.0,1e+25,32768,logarithmic,hackernews,0.03452814518620467,b6_b8_lambda10,expanded,0.01165082237856243,2.963580085963428,False
10000.0,1e+25,32768,logarithmic,pubmed_abstracts,0.0279203957237194,b6_b8_lambda10,expanded,0.06618116611255062,0.42187826784793636,False
10000.0,1e+25,32768,logarithmic,uspto_backgrounds,0.02357882928912386,b6_b8_lambda10,expanded,0.07556475309321728,0.3120347559402044,False
10000.0,1e+25,131072,logarithmic,arxiv,0.14034011915029318,b6_b8_lambda10,expanded,0.11302252583217468,1.2417004319889466,False
10000.0,1e+25,131072,logarithmic,freelaw,0.14291455350478227,b6_b8_lambda10,expanded,0.09682483215160405,1.4760113736217273,False
10000.0,1e+25,131072,logarithmic,nih_exporter,0.02940905574819411,b6_b8_lambda10,expanded,0.005889680217640528,4.993319613535097,False
10000.0,1e+25,131072,logarithmic,pubmed_central,0.16554237782781486,b6_b8_lambda10,expanded,0.11375419104995738,1.4552639889559207,False
10000.0,1e+25,131072,logarithmic,wikipedia_en,0.04990625591973168,b6_b8_lambda10,expanded,0.07507775607969777,0.6647275907760799,False
10000.0,1e+25,131072,logarithmic,dm_mathematics,0.012441048955897854,b6_b8_lambda10,expanded,0.02546285409735114,0.4885960115991897,False
10000.0,1e+25,131072,logarithmic,github,0.06174033915487252,b6_b8_lambda10,expanded,0.11070066006999096,0.5577233154331414,False
10000.0,1e+25,131072,logarithmic,philpapers,0.014042083505535211,b6_b8_lambda10,expanded,0.005487697351757549,2.5588297979001964,False
10000.0,1e+25,131072,logarithmic,stackexchange,0.1789184281290545,b6_b8_lambda10,expanded,0.09943242344369017,1.7993972381692804,False
10000.0,1e+25,131072,logarithmic,enron_emails,0.02829239497412446,b6_b8_lambda10,expanded,0.0022110330440804327,12.796007300691993,False
10000.0,1e+25,131072,logarithmic,gutenberg_pg_19,0.03559661049174509,b6_b8_lambda10,expanded,0.04691494424769629,0.7587477948136542,False
10000.0,1e+25,131072,logarithmic,pile_cc,0.010219719385569405,b6_b8_lambda10,expanded,0.11948759779117796,0.08552954092716683,False
10000.0,1e+25,131072,logarithmic,ubuntu_irc,0.04329953976324933,b6_b8_lambda10,expanded,0.019599998284382344,2.209160385373668,False
10000.0,1e+25,131072,logarithmic,europarl,0.0011350932867320973,b6_b8_lambda10,expanded,0.012737064754468426,0.08911733657739968,False
10000.0,1e+25,131072,logarithmic,hackernews,0.03454014012393026,b6_b8_lambda10,expanded,0.01165082237856243,2.9646096216765168,False
10000.0,1e+25,131072,logarithmic,pubmed_abstracts,0.027985920666782457,b6_b8_lambda10,expanded,0.06618116611255062,0.422868352292076,False
10000.0,1e+25,131072,logarithmic,uspto_backgrounds,0.023676319411690457,b6_b8_lambda10,expanded,0.07556475309321728,0.3133249093328362,False
100000.0,1e+26,2048,logarithmic,arxiv,0.1403408158996224,b6_b8_lambda10,expanded,0.11302252583217468,1.2417065966833216,False
100000.0,1e+26,2048,logarithmic,freelaw,0.14289488317554108,b6_b8_lambda10,expanded,0.09682483215160405,1.4758082198562719,False
100000.0,1e+26,2048,logarithmic,nih_exporter,0.029384862548319436,b6_b8_lambda10,expanded,0.005889680217640528,4.989211886293436,False
100000.0,1e+26,2048,logarithmic,pubmed_central,0.16552496227187327,b6_b8_lambda10,expanded,0.11375419104995738,1.4551108908082317,False
100000.0,1e+26,2048,logarithmic,wikipedia_en,0.049966707047429594,b6_b8_lambda10,expanded,0.07507775607969777,0.6655327710432384,False
100000.0,1e+26,2048,logarithmic,dm_mathematics,0.012436161295231212,b6_b8_lambda10,expanded,0.02546285409735114,0.48840405901414347,False
100000.0,1e+26,2048,logarithmic,github,0.061789890270558374,b6_b8_lambda10,expanded,0.11070066006999096,0.5581709289853507,False
100000.0,1e+26,2048,logarithmic,philpapers,0.014033257910243548,b6_b8_lambda10,expanded,0.005487697351757549,2.5572215468021584,False
100000.0,1e+26,2048,logarithmic,stackexchange,0.1789098037677228,b6_b8_lambda10,expanded,0.09943242344369017,1.7993105022632951,False
100000.0,1e+26,2048,logarithmic,enron_emails,0.028304369596101546,b6_b8_lambda10,expanded,0.0022110330440804327,12.801423150088342,False
100000.0,1e+26,2048,logarithmic,gutenberg_pg_19,0.035676399144678905,b6_b8_lambda10,expanded,0.04691494424769629,0.7604485034942946,False
100000.0,1e+26,2048,logarithmic,pile_cc,0.010128462771286824,b6_b8_lambda10,expanded,0.11948759779117796,0.08476580798776952,False
100000.0,1e+26,2048,logarithmic,ubuntu_irc,0.043229017123667245,b6_b8_lambda10,expanded,0.019599998284382344,2.2055622912024924,False
100000.0,1e+26,2048,logarithmic,europarl,0.0011347641618275391,b6_b8_lambda10,expanded,0.012737064754468426,0.08909149664403176,False
100000.0,1e+26,2048,logarithmic,hackernews,0.03451091384964539,b6_b8_lambda10,expanded,0.01165082237856243,2.9621011056820885,False
100000.0,1e+26,2048,logarithmic,pubmed_abstracts,0.028078354926157442,b6_b8_lambda10,expanded,0.06618116611255062,0.42426503755473494,False
100000.0,1e+26,2048,logarithmic,uspto_backgrounds,0.023656374240093314,b6_b8_lambda10,expanded,0.07556475309321728,0.31306096125147953,False
100000.0,1e+26,4096,logarithmic,arxiv,0.1399642721533241,b6_b8_lambda10,expanded,0.11302252583217468,1.2383750152704496,False
100000.0,1e+26,4096,logarithmic,freelaw,0.14291315344928776,b6_b8_lambda10,expanded,0.09682483215160405,1.4759969139478668,False
100000.0,1e+26,4096,logarithmic,nih_exporter,0.029392934543556085,b6_b8_lambda10,expanded,0.005889680217640528,4.990582418298293,False
100000.0,1e+26,4096,logarithmic,pubmed_central,0.16554648357565707,b6_b8_lambda10,expanded,0.11375419104995738,1.455300082112615,False
100000.0,1e+26,4096,logarithmic,wikipedia_en,0.04992431689582624,b6_b8_lambda10,expanded,0.07507775607969777,0.6649681543868967,False
100000.0,1e+26,4096,logarithmic,dm_mathematics,0.012559130582657636,b6_b8_lambda10,expanded,0.02546285409735114,0.49323341894984746,False
100000.0,1e+26,4096,logarithmic,github,0.06187902909647398,b6_b8_lambda10,expanded,0.11070066006999096,0.5589761529637737,False
100000.0,1e+26,4096,logarithmic,philpapers,0.01399945455444539,b6_b8_lambda10,expanded,0.005487697351757549,2.5510617034960528,False
100000.0,1e+26,4096,logarithmic,stackexchange,0.17894221352348552,b6_b8_lambda10,expanded,0.09943242344369017,1.799636449822856,False
100000.0,1e+26,4096,logarithmic,enron_emails,0.02828940847954976,b6_b8_lambda10,expanded,0.0022110330440804327,12.794656577064098,False
100000.0,1e+26,4096,logarithmic,gutenberg_pg_19,0.03561403293794874,b6_b8_lambda10,expanded,0.04691494424769629,0.7591191572117777,False
100000.0,1e+26,4096,logarithmic,pile_cc,0.010173559215844067,b6_b8_lambda10,expanded,0.11948759779117796,0.0851432232625837,False
100000.0,1e+26,4096,logarithmic,ubuntu_irc,0.04324136031545631,b6_b8_lambda10,expanded,0.019599998284382344,2.2061920459407314,False
100000.0,1e+26,4096,logarithmic,europarl,0.0010077402250537237,b6_b8_lambda10,expanded,0.012737064754468426,0.07911871726177631,False
100000.0,1e+26,4096,logarithmic,hackernews,0.034506262840057034,b6_b8_lambda10,expanded,0.01165082237856243,2.9617019055709517,False
100000.0,1e+26,4096,logarithmic,pubmed_abstracts,0.02797336191597976,b6_b8_lambda10,expanded,0.06618116611255062,0.42267858907785066,False
100000.0,1e+26,4096,logarithmic,uspto_backgrounds,0.02407328569539676,b6_b8_lambda10,expanded,0.07556475309321728,0.3185782353539853,False
100000.0,1e+26,8192,logarithmic,arxiv,0.1408342756988942,b6_b8_lambda10,expanded,0.11302252583217468,1.2460726272213802,True
100000.0,1e+26,8192,logarithmic,freelaw,0.1428061405859987,b6_b8_lambda10,expanded,0.09682483215160405,1.4748916926847768,True
100000.0,1e+26,8192,logarithmic,nih_exporter,0.02936650897527263,b6_b8_lambda10,expanded,0.005889680217640528,4.986095660561547,True
100000.0,1e+26,8192,logarithmic,pubmed_central,0.1654434944784449,b6_b8_lambda10,expanded,0.11375419104995738,1.4543947168134417,True
100000.0,1e+26,8192,logarithmic,wikipedia_en,0.04988681209778864,b6_b8_lambda10,expanded,0.07507775607969777,0.6644686083163164,True
100000.0,1e+26,8192,logarithmic,dm_mathematics,0.012580382888416949,b6_b8_lambda10,expanded,0.02546285409735114,0.4940680585263089,True
100000.0,1e+26,8192,logarithmic,github,0.06153271062446746,b6_b8_lambda10,expanded,0.11070066006999096,0.5558477301360547,True
100000.0,1e+26,8192,logarithmic,philpapers,0.013978243411416149,b6_b8_lambda10,expanded,0.005487697351757549,2.54719648614356,True
100000.0,1e+26,8192,logarithmic,stackexchange,0.17883234559284183,b6_b8_lambda10,expanded,0.09943242344369017,1.7985314990750159,True
100000.0,1e+26,8192,logarithmic,enron_emails,0.028269699358135187,b6_b8_lambda10,expanded,0.0022110330440804327,12.785742589339065,True
100000.0,1e+26,8192,logarithmic,gutenberg_pg_19,0.035592820059100375,b6_b8_lambda10,expanded,0.04691494424769629,0.7586670010984427,True
100000.0,1e+26,8192,logarithmic,pile_cc,0.010157799091480409,b6_b8_lambda10,expanded,0.11948759779117796,0.08501132568781446,True
100000.0,1e+26,8192,logarithmic,ubuntu_irc,0.04320879957234755,b6_b8_lambda10,expanded,0.019599998284382344,2.2045307833918106,True
100000.0,1e+26,8192,logarithmic,europarl,0.0010077414707879424,b6_b8_lambda10,expanded,0.012737064754468426,0.07911881506564578,True
100000.0,1e+26,8192,logarithmic,hackernews,0.03448119164544345,b6_b8_lambda10,expanded,0.01165082237856243,2.959550023600824,True
100000.0,1e+26,8192,logarithmic,pubmed_abstracts,0.027944035272400605,b6_b8_lambda10,expanded,0.06618116611255062,0.42223546235008524,True
100000.0,1e+26,8192,logarithmic,uspto_backgrounds,0.02407699917676311,b6_b8_lambda10,expanded,0.07556475309321728,0.31862737838978356,True
100000.0,1e+26,32768,logarithmic,arxiv,0.14081845970484796,b6_b8_lambda10,expanded,0.11302252583217468,1.2459326905677814,False
100000.0,1e+26,32768,logarithmic,freelaw,0.14288159174510076,b6_b8_lambda10,expanded,0.09682483215160405,1.4756709469052636,False
100000.0,1e+26,32768,logarithmic,nih_exporter,0.029322027698137246,b6_b8_lambda10,expanded,0.005889680217640528,4.9785432510093015,False
100000.0,1e+26,32768,logarithmic,pubmed_central,0.16557266343965238,b6_b8_lambda10,expanded,0.11375419104995738,1.4555302262836005,False
100000.0,1e+26,32768,logarithmic,wikipedia_en,0.04979982949692766,b6_b8_lambda10,expanded,0.07507775607969777,0.6633100414464083,False
100000.0,1e+26,32768,logarithmic,dm_mathematics,0.012635446596816865,b6_b8_lambda10,expanded,0.02546285409735114,0.4962305697746314,False
100000.0,1e+26,32768,logarithmic,github,0.06132473433262539,b6_b8_lambda10,expanded,0.11070066006999096,0.5539690033813038,False
100000.0,1e+26,32768,logarithmic,philpapers,0.014020849752750243,b6_b8_lambda10,expanded,0.005487697351757549,2.5549604604670435,False
100000.0,1e+26,32768,logarithmic,stackexchange,0.17867129998851772,b6_b8_lambda10,expanded,0.09943242344369017,1.7969118502849477,False
100000.0,1e+26,32768,logarithmic,enron_emails,0.02830220762873466,b6_b8_lambda10,expanded,0.0022110330440804327,12.800445341379117,False
100000.0,1e+26,32768,logarithmic,gutenberg_pg_19,0.035545334743829496,b6_b8_lambda10,expanded,0.04691494424769629,0.7576548435432685,False
100000.0,1e+26,32768,logarithmic,pile_cc,0.010262567794164349,b6_b8_lambda10,expanded,0.11948759779117796,0.08588814223296787,False
100000.0,1e+26,32768,logarithmic,ubuntu_irc,0.043220538850308514,b6_b8_lambda10,expanded,0.019599998284382344,2.205129726197347,False
100000.0,1e+26,32768,logarithmic,europarl,0.0010077969101447528,b6_b8_lambda10,expanded,0.012737064754468426,0.07912316766633354,False
100000.0,1e+26,32768,logarithmic,hackernews,0.03439340641001701,b6_b8_lambda10,expanded,0.01165082237856243,2.9520153421359376,False
100000.0,1e+26,32768,logarithmic,pubmed_abstracts,0.027982710621283165,b6_b8_lambda10,expanded,0.06618116611255062,0.4228198483794397,False
100000.0,1e+26,32768,logarithmic,uspto_backgrounds,0.02423853428614167,b6_b8_lambda10,expanded,0.07556475309321728,0.3207650828454481,False
100000.0,1e+26,131072,logarithmic,arxiv,0.14051366141663896,b6_b8_lambda10,expanded,0.11302252583217468,1.2432358981720637,False
100000.0,1e+26,131072,logarithmic,freelaw,0.1428679770708842,b6_b8_lambda10,expanded,0.09682483215160405,1.4755303355154576,False
100000.0,1e+26,131072,logarithmic,nih_exporter,0.02942438738029559,b6_b8_lambda10,expanded,0.005889680217640528,4.995922748431209,False
100000.0,1e+26,131072,logarithmic,pubmed_central,0.16552762750901548,b6_b8_lambda10,expanded,0.11375419104995738,1.4551343206011704,False
100000.0,1e+26,131072,logarithmic,wikipedia_en,0.04994920419715017,b6_b8_lambda10,expanded,0.07507775607969777,0.6652996414028047,False
100000.0,1e+26,131072,logarithmic,dm_mathematics,0.012565199070897967,b6_b8_lambda10,expanded,0.02546285409735114,0.4934717460524233,False
100000.0,1e+26,131072,logarithmic,github,0.061737364613073324,b6_b8_lambda10,expanded,0.11070066006999096,0.5576964452970706,False
100000.0,1e+26,131072,logarithmic,philpapers,0.014021064846668329,b6_b8_lambda10,expanded,0.005487697351757549,2.5549996561267707,False
100000.0,1e+26,131072,logarithmic,stackexchange,0.17892028047124506,b6_b8_lambda10,expanded,0.09943242344369017,1.7994158673259115,False
100000.0,1e+26,131072,logarithmic,enron_emails,0.02828063095818499,b6_b8_lambda10,expanded,0.0022110330440804327,12.790686703620429,False
100000.0,1e+26,131072,logarithmic,gutenberg_pg_19,0.03565651567864662,b6_b8_lambda10,expanded,0.04691494424769629,0.7600246840407894,False
100000.0,1e+26,131072,logarithmic,pile_cc,0.010179283946057792,b6_b8_lambda10,expanded,0.11948759779117796,0.08519113392711751,False
100000.0,1e+26,131072,logarithmic,ubuntu_irc,0.0432507112548939,b6_b8_lambda10,expanded,0.019599998284382344,2.2066691347293075,False
100000.0,1e+26,131072,logarithmic,europarl,0.001086541181109653,b6_b8_lambda10,expanded,0.012737064754468426,0.08530546103477034,False
100000.0,1e+26,131072,logarithmic,hackernews,0.03450766005024445,b6_b8_lambda10,expanded,0.01165082237856243,2.961821829310411,False
100000.0,1e+26,131072,logarithmic,pubmed_abstracts,0.027971448865653382,b6_b8_lambda10,expanded,0.06618116611255062,0.4226496828128398,False
100000.0,1e+26,131072,logarithmic,uspto_backgrounds,0.023540441489340362,b6_b8_lambda10,expanded,0.07556475309321728,0.31152674396091373,False
1000000.0,1e+27,2048,logarithmic,arxiv,0.14026971033251986,b6_b8_lambda10,expanded,0.11302252583217468,1.2410774692896538,False
1000000.0,1e+27,2048,logarithmic,freelaw,0.14289138507900434,b6_b8_lambda10,expanded,0.09682483215160405,1.4757720917633126,False
1000000.0,1e+27,2048,logarithmic,nih_exporter,0.0294096181289514,b6_b8_lambda10,expanded,0.005889680217640528,4.993415099323206,False
1000000.0,1e+27,2048,logarithmic,pubmed_central,0.16551915208123877,b6_b8_lambda10,expanded,0.11375419104995738,1.455059814091138,False
1000000.0,1e+27,2048,logarithmic,wikipedia_en,0.04996392443223797,b6_b8_lambda10,expanded,0.07507775607969777,0.665495707932446,False
1000000.0,1e+27,2048,logarithmic,dm_mathematics,0.012478413835698057,b6_b8_lambda10,expanded,0.02546285409735114,0.49006343860707136,False
1000000.0,1e+27,2048,logarithmic,github,0.061773414878146304,b6_b8_lambda10,expanded,0.11070066006999096,0.5580221006730204,False
1000000.0,1e+27,2048,logarithmic,philpapers,0.014134392250417446,b6_b8_lambda10,expanded,0.005487697351757549,2.5756508321091385,False
1000000.0,1e+27,2048,logarithmic,stackexchange,0.17890513729885396,b6_b8_lambda10,expanded,0.09943242344369017,1.7992635712049216,False
1000000.0,1e+27,2048,logarithmic,enron_emails,0.028302162545467108,b6_b8_lambda10,expanded,0.0022110330440804327,12.800424951241721,False
1000000.0,1e+27,2048,logarithmic,gutenberg_pg_19,0.035577464868148695,b6_b8_lambda10,expanded,0.04691494424769629,0.7583397025969116,False
1000000.0,1e+27,2048,logarithmic,pile_cc,0.010176654177577106,b6_b8_lambda10,expanded,0.11948759779117796,0.08516912521216048,False
1000000.0,1e+27,2048,logarithmic,ubuntu_irc,0.043313667864803784,b6_b8_lambda10,expanded,0.019599998284382344,2.209881206944643,False
1000000.0,1e+27,2048,logarithmic,europarl,0.0011163030254771062,b6_b8_lambda10,expanded,0.012737064754468426,0.08764209392006773,False
1000000.0,1e+27,2048,logarithmic,hackernews,0.03445646109843794,b6_b8_lambda10,expanded,0.01165082237856243,2.9574273797048005,False
1000000.0,1e+27,2048,logarithmic,pubmed_abstracts,0.027902188062074725,b6_b8_lambda10,expanded,0.06618116611255062,0.42160314937066884,False
1000000.0,1e+27,2048,logarithmic,uspto_backgrounds,0.023809950040945462,b6_b8_lambda10,expanded,0.07556475309321728,0.3150933347399854,False
1000000.0,1e+27,4096,logarithmic,arxiv,0.14024275119704643,b6_b8_lambda10,expanded,0.11302252583217468,1.24083894041875,False
1000000.0,1e+27,4096,logarithmic,freelaw,0.1428892113065321,b6_b8_lambda10,expanded,0.09682483215160405,1.475749641195375,False
1000000.0,1e+27,4096,logarithmic,nih_exporter,0.029410845893723666,b6_b8_lambda10,expanded,0.005889680217640528,4.993623559668572,False
1000000.0,1e+27,4096,logarithmic,pubmed_central,0.16552718351357998,b6_b8_lambda10,expanded,0.11375419104995738,1.4551304174884025,False
1000000.0,1e+27,4096,logarithmic,wikipedia_en,0.04989409287186874,b6_b8_lambda10,expanded,0.07507775607969777,0.6645655847639391,False
1000000.0,1e+27,4096,logarithmic,dm_mathematics,0.01250400040134824,b6_b8_lambda10,expanded,0.02546285409735114,0.49106829711791855,False
1000000.0,1e+27,4096,logarithmic,github,0.061722982626241214,b6_b8_lambda10,expanded,0.11070066006999096,0.5575665274914946,False
1000000.0,1e+27,4096,logarithmic,philpapers,0.014068123430513068,b6_b8_lambda10,expanded,0.005487697351757549,2.5635749438710316,False
1000000.0,1e+27,4096,logarithmic,stackexchange,0.178912261175663,b6_b8_lambda10,expanded,0.09943242344369017,1.7993352166155665,False
1000000.0,1e+27,4096,logarithmic,enron_emails,0.02829965141607506,b6_b8_lambda10,expanded,0.0022110330440804327,12.799289224483239,False
1000000.0,1e+27,4096,logarithmic,gutenberg_pg_19,0.035619143121770905,b6_b8_lambda10,expanded,0.04691494424769629,0.7592280816473516,False
1000000.0,1e+27,4096,logarithmic,pile_cc,0.01017426891516273,b6_b8_lambda10,expanded,0.11948759779117796,0.0851491627854445,False
1000000.0,1e+27,4096,logarithmic,ubuntu_irc,0.043286243275261704,b6_b8_lambda10,expanded,0.019599998284382344,2.208481993070021,False
1000000.0,1e+27,4096,logarithmic,europarl,0.001102385228445728,b6_b8_lambda10,expanded,0.012737064754468426,0.08654939341962507,False
1000000.0,1e+27,4096,logarithmic,hackernews,0.03454950341357054,b6_b8_lambda10,expanded,0.01165082237856243,2.9654132807948215,False
1000000.0,1e+27,4096,logarithmic,pubmed_abstracts,0.027875202571349154,b6_b8_lambda10,expanded,0.06618116611255062,0.4211953975537897,False
1000000.0,1e+27,4096,logarithmic,uspto_backgrounds,0.02392214964184783,b6_b8_lambda10,expanded,0.07556475309321728,0.3165781487082645,False
1000000.0,1e+27,8192,logarithmic,arxiv,0.14026640645181881,b6_b8_lambda10,expanded,0.11302252583217468,1.2410482372345681,False
1000000.0,1e+27,8192,logarithmic,freelaw,0.14288004037935997,b6_b8_lambda10,expanded,0.09682483215160405,1.47565492450991,False
1000000.0,1e+27,8192,logarithmic,nih_exporter,0.029386631900007003,b6_b8_lambda10,expanded,0.005889680217640528,4.989512301871564,False
1000000.0,1e+27,8192,logarithmic,pubmed_central,0.1655080905727843,b6_b8_lambda10,expanded,0.11375419104995738,1.4549625736435343,False
1000000.0,1e+27,8192,logarithmic,wikipedia_en,0.0499152678361315,b6_b8_lambda10,expanded,0.07507775607969777,0.6648476252159777,False
1000000.0,1e+27,8192,logarithmic,dm_mathematics,0.012568609132180969,b6_b8_lambda10,expanded,0.02546285409735114,0.4936056690317548,False
1000000.0,1e+27,8192,logarithmic,github,0.06176574584247713,b6_b8_lambda10,expanded,0.11070066006999096,0.5579528234377777,False
1000000.0,1e+27,8192,logarithmic,philpapers,0.01398421104942409,b6_b8_lambda10,expanded,0.005487697351757549,2.54828394371008,False
1000000.0,1e+27,8192,logarithmic,stackexchange,0.17890095899229547,b6_b8_lambda10,expanded,0.09943242344369017,1.799221549634756,False
1000000.0,1e+27,8192,logarithmic,enron_emails,0.02828273229806528,b6_b8_lambda10,expanded,0.0022110330440804327,12.791637091895227,False
1000000.0,1e+27,8192,logarithmic,gutenberg_pg_19,0.0356163499931279,b6_b8_lambda10,expanded,0.04691494424769629,0.7591685456362192,False
1000000.0,1e+27,8192,logarithmic,pile_cc,0.010167772465948455,b6_b8_lambda10,expanded,0.11948759779117796,0.08509479355102714,False
1000000.0,1e+27,8192,logarithmic,ubuntu_irc,0.04322357555153334,b6_b8_lambda10,expanded,0.019599998284382344,2.2052846599468694,False
1000000.0,1e+27,8192,logarithmic,europarl,0.0010077387081051283,b6_b8_lambda10,expanded,0.012737064754468426,0.07911859816458833,False
1000000.0,1e+27,8192,logarithmic,hackernews,0.0345039068069544,b6_b8_lambda10,expanded,0.01165082237856243,2.961499685244688,False
1000000.0,1e+27,8192,logarithmic,pubmed_abstracts,0.02795319828441947,b6_b8_lambda10,expanded,0.06618116611255062,0.42237391581890565,False
1000000.0,1e+27,8192,logarithmic,uspto_backgrounds,0.02406876373536681,b6_b8_lambda10,expanded,0.07556475309321728,0.3185183931677166,False
1000000.0,1e+27,32768,logarithmic,arxiv,0.14026587999647125,b6_b8_lambda10,expanded,0.11302252583217468,1.2410435792662233,False
1000000.0,1e+27,32768,logarithmic,freelaw,0.1428797072354537,b6_b8_lambda10,expanded,0.09682483215160405,1.4756514838232713,False
1000000.0,1e+27,32768,logarithmic,nih_exporter,0.02938638612379609,b6_b8_lambda10,expanded,0.005889680217640528,4.989470571896109,False
1000000.0,1e+27,32768,logarithmic,pubmed_central,0.16550829230688466,b6_b8_lambda10,expanded,0.11375419104995738,1.4549643470647904,False
1000000.0,1e+27,32768,logarithmic,wikipedia_en,0.04991550996916285,b6_b8_lambda10,expanded,0.07507775607969777,0.664850850312784,False
1000000.0,1e+27,32768,logarithmic,dm_mathematics,0.012569713008043493,b6_b8_lambda10,expanded,0.02546285409735114,0.49364902143279765,False
1000000.0,1e+27,32768,logarithmic,github,0.061766161151134175,b6_b8_lambda10,expanded,0.11070066006999096,0.5579565750744598,False
1000000.0,1e+27,32768,logarithmic,philpapers,0.01398492684248323,b6_b8_lambda10,expanded,0.005487697351757549,2.5484143796676886,False
1000000.0,1e+27,32768,logarithmic,stackexchange,0.17890056650024055,b6_b8_lambda10,expanded,0.09943242344369017,1.7992176023101176,False
1000000.0,1e+27,32768,logarithmic,enron_emails,0.028282551914291798,b6_b8_lambda10,expanded,0.0022110330440804327,12.791555508413712,False
1000000.0,1e+27,32768,logarithmic,gutenberg_pg_19,0.03561511008852716,b6_b8_lambda10,expanded,0.04691494424769629,0.7591421168591926,False
1000000.0,1e+27,32768,logarithmic,pile_cc,0.010165699002182282,b6_b8_lambda10,expanded,0.11948759779117796,0.08507744058884109,False
1000000.0,1e+27,32768,logarithmic,ubuntu_irc,0.04322410139197253,b6_b8_lambda10,expanded,0.019599998284382344,2.205311488543054,False
1000000.0,1e+27,32768,logarithmic,europarl,0.0010077391656858445,b6_b8_lambda10,expanded,0.012737064754468426,0.07911863408971904,False
1000000.0,1e+27,32768,logarithmic,hackernews,0.034504005527392995,b6_b8_lambda10,expanded,0.01165082237856243,2.9615081585039467,False
1000000.0,1e+27,32768,logarithmic,pubmed_abstracts,0.027953522012019984,b6_b8_lambda10,expanded,0.06618116611255062,0.4223788073555698,False
1000000.0,1e+27,32768,logarithmic,uspto_backgrounds,0.02407012776425745,b6_b8_lambda10,expanded,0.07556475309321728,0.3185364442938674,False
1000000.0,1e+27,131072,logarithmic,arxiv,0.14033034855000617,b6_b8_lambda10,expanded,0.11302252583217468,1.241613983732592,True
1000000.0,1e+27,131072,logarithmic,freelaw,0.14291769968571222,b6_b8_lambda10,expanded,0.09682483215160405,1.476043867155256,True
1000000.0,1e+27,131072,logarithmic,nih_exporter,0.029448776889373612,b6_b8_lambda10,expanded,0.005889680217640528,5.000063806719055,True
1000000.0,1e+27,131072,logarithmic,pubmed_central,0.16552716174900023,b6_b8_lambda10,expanded,0.11375419104995738,1.455130226158487,True
1000000.0,1e+27,131072,logarithmic,wikipedia_en,0.049972165467330146,b6_b8_lambda10,expanded,0.07507775607969777,0.6656054745999983,True
1000000.0,1e+27,131072,logarithmic,dm_mathematics,0.012608562271932251,b6_b8_lambda10,expanded,0.02546285409735114,0.495174744501399,True
1000000.0,1e+27,131072,logarithmic,github,0.061746793390438336,b6_b8_lambda10,expanded,0.11070066006999096,0.5577816189298118,True
1000000.0,1e+27,131072,logarithmic,philpapers,0.013967970578682768,b6_b8_lambda10,expanded,0.005487697351757549,2.545324511055486,True
1000000.0,1e+27,131072,logarithmic,stackexchange,0.1789498830330029,b6_b8_lambda10,expanded,0.09943242344369017,1.7997135827061932,True
1000000.0,1e+27,131072,logarithmic,enron_emails,0.028301796652829968,b6_b8_lambda10,expanded,0.0022110330440804327,12.800259466316872,True
1000000.0,1e+27,131072,logarithmic,gutenberg_pg_19,0.03573711588496968,b6_b8_lambda10,expanded,0.04691494424769629,0.7617426911196749,True
1000000.0,1e+27,131072,logarithmic,pile_cc,0.010111516045089149,b6_b8_lambda10,expanded,0.11948759779117796,0.08462397965988487,True
1000000.0,1e+27,131072,logarithmic,ubuntu_irc,0.04314208918594177,b6_b8_lambda10,expanded,0.019599998284382344,2.2011271919507367,True
1000000.0,1e+27,131072,logarithmic,europarl,0.001113134722242433,b6_b8_lambda10,expanded,0.012737064754468426,0.08739334718793215,True
1000000.0,1e+27,131072,logarithmic,hackernews,0.03446209301970403,b6_b8_lambda10,expanded,0.01165082237856243,2.9579107723000266,True
1000000.0,1e+27,131072,logarithmic,pubmed_abstracts,0.02794462934278763,b6_b8_lambda10,expanded,0.06618116611255062,0.42224443877679274,True
1000000.0,1e+27,131072,logarithmic,uspto_backgrounds,0.023718263530956706,b6_b8_lambda10,expanded,0.07556475309321728,0.3138799845173538,True
0.01,1e+19,2048,exponential,arxiv,0.9771174260008129,b1,legacy,0.11302252583217468,8.64533347495453,False
0.01,1e+19,2048,exponential,freelaw,0.0023782801808376304,b1,legacy,0.09682483215160405,0.02456270904878848,False
0.01,1e+19,2048,exponential,nih_exporter,0.0010184143541101982,b1,legacy,0.005889680217640528,0.17291505081377515,False
0.01,1e+19,2048,exponential,pubmed_central,0.0031684646260348335,b1,legacy,0.11375419104995738,0.0278536078256962,False
0.01,1e+19,2048,exponential,wikipedia_en,0.0011132793431986826,b1,legacy,0.07507775607969777,0.014828351316425814,False
0.01,1e+19,2048,exponential,dm_mathematics,0.001016578092223764,b1,legacy,0.02546285409735114,0.03992396486022817,False
0.01,1e+19,2048,exponential,github,0.001003740053095058,b1,legacy,0.11070066006999096,0.009067155087064875,False
0.01,1e+19,2048,exponential,philpapers,0.0010194688213078734,b1,legacy,0.005487697351757549,0.18577351409172874,False
0.01,1e+19,2048,exponential,stackexchange,0.0035924421973860606,b1,legacy,0.09943242344369017,0.0361294844575573,False
0.01,1e+19,2048,exponential,enron_emails,0.001016224781887486,b1,legacy,0.0022110330440804327,0.4596153750882241,False
0.01,1e+19,2048,exponential,gutenberg_pg_19,0.0010641445442599244,b1,legacy,0.04691494424769629,0.022682421589197095,False
0.01,1e+19,2048,exponential,pile_cc,0.0010081151668682447,b1,legacy,0.11948759779117796,0.008436985808603109,False
0.01,1e+19,2048,exponential,ubuntu_irc,0.0010793038533267237,b1,legacy,0.019599998284382344,0.05506652794897098,False
0.01,1e+19,2048,exponential,europarl,0.001001389514769711,b1,legacy,0.012737064754468426,0.07862011649256967,False
0.01,1e+19,2048,exponential,hackernews,0.0010349943687744281,b1,legacy,0.01165082237856243,0.08883444748748576,False
0.01,1e+19,2048,exponential,pubmed_abstracts,0.0010402831842385642,b1,legacy,0.06618116611255062,0.015718719468759624,False
0.01,1e+19,2048,exponential,uspto_backgrounds,0.0013274509168678748,b1,legacy,0.07556475309321728,0.01756706483551029,False
0.01,1e+19,4096,exponential,arxiv,0.977422489848786,b1,legacy,0.11302252583217468,8.648032616968274,True
0.01,1e+19,4096,exponential,freelaw,0.002561345212335836,b1,legacy,0.09682483215160405,0.02645339171180173,True
0.01,1e+19,4096,exponential,nih_exporter,0.0010219134943826478,b1,legacy,0.005889680217640528,0.1735091646099655,True
0.01,1e+19,4096,exponential,pubmed_central,0.0030472745163198102,b1,legacy,0.11375419104995738,0.02678823952061283,True
0.01,1e+19,4096,exponential,wikipedia_en,0.0011211465774421275,b1,legacy,0.07507775607969777,0.01493313913447266,True
0.01,1e+19,4096,exponential,dm_mathematics,0.0010256087654024867,b1,legacy,0.02546285409735114,0.04027862554139911,True
0.01,1e+19,4096,exponential,github,0.0010031159284639816,b1,legacy,0.11070066006999096,0.009061517138468346,True
0.01,1e+19,4096,exponential,philpapers,0.0010172042847857588,b1,legacy,0.005487697351757549,0.18536085712889724,True
0.01,1e+19,4096,exponential,stackexchange,0.003202623112220301,b1,legacy,0.09943242344369017,0.03220904209414132,True
0.01,1e+19,4096,exponential,enron_emails,0.0010090238223878472,b1,legacy,0.0022110330440804327,0.45635854474870574,True
0.01,1e+19,4096,exponential,gutenberg_pg_19,0.001070134126970881,b1,legacy,0.04691494424769629,0.02281009056135517,True
0.01,1e+19,4096,exponential,pile_cc,0.001012673503168277,b1,legacy,0.11948759779117796,0.008475134841509425,True
0.01,1e+19,4096,exponential,ubuntu_irc,0.0010632300172066665,b1,legacy,0.019599998284382344,0.05424643419759218,True
0.01,1e+19,4096,exponential,europarl,0.0010063021196249067,b1,legacy,0.012737064754468426,0.07900581013155916,True
0.01,1e+19,4096,exponential,hackernews,0.0010388517734729575,b1,legacy,0.01165082237856243,0.08916553181554375,True
0.01,1e+19,4096,exponential,pubmed_abstracts,0.001049509642642026,b1,legacy,0.06618116611255062,0.015858131614924758,True
0.01,1e+19,4096,exponential,uspto_backgrounds,0.0013275532543877875,b1,legacy,0.07556475309321728,0.017568419137823522,True
0.01,1e+19,8192,exponential,arxiv,0.9770547781140558,b1,legacy,0.11302252583217468,8.644779179372337,False
0.01,1e+19,8192,exponential,freelaw,0.002328784498473547,b1,legacy,0.09682483215160405,0.02405152115138438,False
0.01,1e+19,8192,exponential,nih_exporter,0.0010222592817266886,b1,legacy,0.005889680217640528,0.17356787532621204,False
0.01,1e+19,8192,exponential,pubmed_central,0.0032149353603196404,b1,legacy,0.11375419104995738,0.02826212670184379,False
0.01,1e+19,8192,exponential,wikipedia_en,0.0011279385448569957,b1,legacy,0.07507775607969777,0.015023604909817068,False
0.01,1e+19,8192,exponential,dm_mathematics,0.0010285834322807184,b1,legacy,0.02546285409735114,0.04039544932190929,False
0.01,1e+19,8192,exponential,github,0.0010059422735994705,b1,legacy,0.11070066006999096,0.009087048559271997,False
0.01,1e+19,8192,exponential,philpapers,0.001017851965513012,b1,legacy,0.005487697351757549,0.1854788812628349,False
0.01,1e+19,8192,exponential,stackexchange,0.0036039367219437004,b1,legacy,0.09943242344369017,0.03624508582941916,False
0.01,1e+19,8192,exponential,enron_emails,0.001009175948166026,b1,legacy,0.0022110330440804327,0.45642734778111,False
0.01,1e+19,8192,exponential,gutenberg_pg_19,0.0010751739962728552,b1,legacy,0.04691494424769629,0.02291751623099607,False
0.01,1e+19,8192,exponential,pile_cc,0.0010158309922364108,b1,legacy,0.11948759779117796,0.008501560086693883,False
0.01,1e+19,8192,exponential,ubuntu_irc,0.0010656190449057023,b1,legacy,0.019599998284382344,0.05436832337657948,False
0.01,1e+19,8192,exponential,europarl,0.0010072750045232045,b1,legacy,0.012737064754468426,0.07908219232141625,False
0.01,1e+19,8192,exponential,hackernews,0.0010401748801676025,b1,legacy,0.01165082237856243,0.08927909518915414,False
0.01,1e+19,8192,exponential,pubmed_abstracts,0.001054310040029057,b1,legacy,0.06618116611255062,0.015930665806583866,False
0.01,1e+19,8192,exponential,uspto_backgrounds,0.0013274299009298255,b1,legacy,0.07556475309321728,0.017566786717244976,False
0.01,1e+19,32768,exponential,arxiv,0.9770656934764104,b1,legacy,0.11302252583217468,8.644875756247382,False
0.01,1e+19,32768,exponential,freelaw,0.0023280049653654185,b1,legacy,0.09682483215160405,0.024043470188725255,False
0.01,1e+19,32768,exponential,nih_exporter,0.0010221999974585115,b1,legacy,0.005889680217640528,0.17355780953893898,False
0.01,1e+19,32768,exponential,pubmed_central,0.003225600669968377,b1,legacy,0.11375419104995738,0.028355884211349994,False
0.01,1e+19,32768,exponential,wikipedia_en,0.0011264283564768804,b1,legacy,0.07507775607969777,0.015003489918920003,False
0.01,1e+19,32768,exponential,dm_mathematics,0.0010277953079219121,b1,legacy,0.02546285409735114,0.04036449739657551,False
0.01,1e+19,32768,exponential,github,0.0010051271192531438,b1,legacy,0.11070066006999096,0.009079684968613989,False
0.01,1e+19,32768,exponential,philpapers,0.0010178034805653745,b1,legacy,0.005487697351757549,0.18547004605481782,False
0.01,1e+19,32768,exponential,stackexchange,0.0035917450879666755,b1,legacy,0.09943242344369017,0.036122473571216195,False
0.01,1e+19,32768,exponential,enron_emails,0.0010090605742726342,b1,legacy,0.0022110330440804327,0.4563751667910065,False
0.01,1e+19,32768,exponential,gutenberg_pg_19,0.001073885349174341,b1,legacy,0.04691494424769629,0.022890048499355792,False
0.01,1e+19,32768,exponential,pile_cc,0.0010148886899852625,b1,legacy,0.11948759779117796,0.008493673893745264,False
0.01,1e+19,32768,exponential,ubuntu_irc,0.001064577932255983,b1,legacy,0.019599998284382344,0.054315205379597366,False
0.01,1e+19,32768,exponential,europarl,0.0010069234363283522,b1,legacy,0.012737064754468426,0.07905459034233948,False
0.01,1e+19,32768,exponential,hackernews,0.0010398982122687343,b1,legacy,0.01165082237856243,0.08925534854794046,False
0.01,1e+19,32768,exponential,pubmed_abstracts,0.0010529337817884316,b1,legacy,0.06618116611255062,0.01590987049091528,False
0.01,1e+19,32768,exponential,uspto_backgrounds,0.0013274335625397384,b1,legacy,0.07556475309321728,0.017566835173830394,False
0.01,1e+19,131072,exponential,arxiv,0.9770673754981005,b1,legacy,0.11302252583217468,8.644890638428414,False
0.01,1e+19,131072,exponential,freelaw,0.0023299985472350435,b1,legacy,0.09682483215160405,0.024064059760897233,False
0.01,1e+19,131072,exponential,nih_exporter,0.0010221427744312342,b1,legacy,0.005889680217640528,0.17354809372667707,False
0.01,1e+19,131072,exponential,pubmed_central,0.003190214588710971,b1,legacy,0.11375419104995738,0.028044809244082494,False
0.01,1e+19,131072,exponential,wikipedia_en,0.0011255452354884,b1,legacy,0.07507775607969777,0.014991727167412846,False
0.01,1e+19,131072,exponential,dm_mathematics,0.0010277255902123106,b1,legacy,0.02546285409735114,0.040361759380274,False
0.01,1e+19,131072,exponential,github,0.0010050499106308607,b1,legacy,0.11070066006999096,0.00907898751457682,False
0.01,1e+19,131072,exponential,philpapers,0.001017729483301997,b1,legacy,0.005487697351757549,0.18545656184484152,False
0.01,1e+19,131072,exponential,stackexchange,0.0036241979269727863,b1,legacy,0.09943242344369017,0.036448854422473316,False
0.01,1e+19,131072,exponential,enron_emails,0.0010091020465318233,b1,legacy,0.0022110330440804327,0.4563939237513785,False
0.01,1e+19,131072,exponential,gutenberg_pg_19,0.0010738286047680763,b1,legacy,0.04691494424769629,0.022888838982704444,False
0.01,1e+19,131072,exponential,pile_cc,0.0010147302424087686,b1,legacy,0.11948759779117796,0.00849234783497914,False
0.01,1e+19,131072,exponential,ubuntu_irc,0.0010651465904036542,b1,legacy,0.019599998284382344,0.05434421855293648,False
0.01,1e+19,131072,exponential,europarl,0.0010070577084984689,b1,legacy,0.012737064754468426,0.07906513218794559,False
0.01,1e+19,131072,exponential,hackernews,0.001039821675092357,b1,legacy,0.01165082237856243,0.08924877929695624,False
0.01,1e+19,131072,exponential,pubmed_abstracts,0.0010528994504179156,b1,legacy,0.06618116611255062,0.015909351742568394,False
0.01,1e+19,131072,exponential,uspto_backgrounds,0.001327434126794506,b1,legacy,0.07556475309321728,0.017566842640999208,False
10.0,1e+22,2048,exponential,arxiv,0.4785966500119146,b1,legacy,0.11302252583217468,4.234524458624956,False
10.0,1e+22,2048,exponential,freelaw,0.09104552489798724,b1,legacy,0.09682483215160405,0.940311724531907,False
10.0,1e+22,2048,exponential,nih_exporter,0.018569199335176936,b1,legacy,0.005889680217640528,3.152836597063323,False
10.0,1e+22,2048,exponential,pubmed_central,0.10550161659695431,b1,legacy,0.11375419104995738,0.9274525678849161,False
10.0,1e+22,2048,exponential,wikipedia_en,0.031770276956432635,b1,legacy,0.07507775607969777,0.42316497742297104,False
10.0,1e+22,2048,exponential,dm_mathematics,0.008062248206627515,b1,legacy,0.02546285409735114,0.3166278287502035,False
10.0,1e+22,2048,exponential,github,0.012314329646506486,b1,legacy,0.11070066006999096,0.11123989358980063,False
10.0,1e+22,2048,exponential,philpapers,0.008816726237491197,b1,legacy,0.005487697351757549,1.6066349276108416,False
10.0,1e+22,2048,exponential,stackexchange,0.11398502590830874,b1,legacy,0.09943242344369017,1.1463567110265585,False
10.0,1e+22,2048,exponential,enron_emails,0.01803065693270689,b1,legacy,0.0022110330440804327,8.154856383074016,False
10.0,1e+22,2048,exponential,gutenberg_pg_19,0.02277865501356323,b1,legacy,0.04691494424769629,0.4855308980716044,False
10.0,1e+22,2048,exponential,pile_cc,0.0066635649718575,b1,legacy,0.11948759779117796,0.05576783779269757,False
10.0,1e+22,2048,exponential,ubuntu_irc,0.027509343799283454,b1,legacy,0.019599998284382344,1.4035380717968444,False
10.0,1e+22,2048,exponential,europarl,0.001017584326998053,b1,legacy,0.012737064754468426,0.07989158778839239,False
10.0,1e+22,2048,exponential,hackernews,0.022162327225487135,b1,legacy,0.01165082237856243,1.9022114066613809,False
10.0,1e+22,2048,exponential,pubmed_abstracts,0.017676871545774082,b1,legacy,0.06618116611255062,0.2670982181805623,False
10.0,1e+22,2048,exponential,uspto_backgrounds,0.015499398386929982,b1,legacy,0.07556475309321728,0.20511412732083967,False
10.0,1e+22,4096,exponential,arxiv,0.4739850901377541,b1,legacy,0.11302252583217468,4.193722327897422,False
10.0,1e+22,4096,exponential,freelaw,0.09185143733384549,b1,legacy,0.09682483215160405,0.9486351310170986,False
10.0,1e+22,4096,exponential,nih_exporter,0.018889307153935338,b1,legacy,0.005889680217640528,3.2071872250990574,False
10.0,1e+22,4096,exponential,pubmed_central,0.10639960096407033,b1,legacy,0.11375419104995738,0.9353466450949739,False
10.0,1e+22,4096,exponential,wikipedia_en,0.03208890413794896,b1,legacy,0.07507775607969777,0.4274089399247018,False
10.0,1e+22,4096,exponential,dm_mathematics,0.008078831958916836,b1,legacy,0.02546285409735114,0.3172791207155864,False
10.0,1e+22,4096,exponential,github,0.01268145937726406,b1,legacy,0.11070066006999096,0.1145563122139123,False
10.0,1e+22,4096,exponential,philpapers,0.008990142556623337,b1,legacy,0.005487697351757549,1.638235853831126,False
10.0,1e+22,4096,exponential,stackexchange,0.11500793216195208,b1,legacy,0.09943242344369017,1.1566441627270858,False
10.0,1e+22,4096,exponential,enron_emails,0.01818245945504105,b1,legacy,0.0022110330440804327,8.223513214205772,False
10.0,1e+22,4096,exponential,gutenberg_pg_19,0.02289671938955968,b1,legacy,0.04691494424769629,0.4880474602862605,False
10.0,1e+22,4096,exponential,pile_cc,0.0065376253478557494,b1,legacy,0.11948759779117796,0.054713840337481764,False
10.0,1e+22,4096,exponential,ubuntu_irc,0.02778497479412244,b1,legacy,0.019599998284382344,1.417600878886915,False
10.0,1e+22,4096,exponential,europarl,0.0010048538481411474,b1,legacy,0.012737064754468426,0.07889210485395576,False
10.0,1e+22,4096,exponential,hackernews,0.022181631388510113,b1,legacy,0.01165082237856243,1.9038682994021456,False
10.0,1e+22,4096,exponential,pubmed_abstracts,0.01796991261021916,b1,legacy,0.06618116611255062,0.27152608008838547,False
10.0,1e+22,4096,exponential,uspto_backgrounds,0.01546911738424021,b1,legacy,0.07556475309321728,0.20471339812567618,False
10.0,1e+22,8192,exponential,arxiv,0.4655979683824782,b1,legacy,0.11302252583217468,4.119514804277486,True
10.0,1e+22,8192,exponential,freelaw,0.09327166072319065,b1,legacy,0.09682483215160405,0.9633030974652247,True
10.0,1e+22,8192,exponential,nih_exporter,0.01921670105944636,b1,legacy,0.005889680217640528,3.2627749469129554,True
10.0,1e+22,8192,exponential,pubmed_central,0.1080475356685565,b1,legacy,0.11375419104995738,0.9498334493988473,True
10.0,1e+22,8192,exponential,wikipedia_en,0.03258399166502961,b1,legacy,0.07507775607969777,0.43400327029540564,True
10.0,1e+22,8192,exponential,dm_mathematics,0.008255795230695376,b1,legacy,0.02546285409735114,0.3242289807392099,True
10.0,1e+22,8192,exponential,github,0.013040725504053292,b1,legacy,0.11070066006999096,0.11780169599538284,True
10.0,1e+22,8192,exponential,philpapers,0.009200722174417121,b1,legacy,0.005487697351757549,1.676608891609228,True
10.0,1e+22,8192,exponential,stackexchange,0.11678540641771856,b1,legacy,0.09943242344369017,1.1745203664261044,True
10.0,1e+22,8192,exponential,enron_emails,0.018468750731919767,b1,legacy,0.0022110330440804327,8.352996252754291,True
10.0,1e+22,8192,exponential,gutenberg_pg_19,0.023271105288454698,b1,legacy,0.04691494424769629,0.4960275592696117,True
10.0,1e+22,8192,exponential,pile_cc,0.006692015368240493,b1,legacy,0.11948759779117796,0.056005941134876336,True
10.0,1e+22,8192,exponential,ubuntu_irc,0.02821937070522095,b1,legacy,0.019599998284382344,1.4397639375155808,True
10.0,1e+22,8192,exponential,europarl,0.0010631808351890006,b1,legacy,0.012737064754468426,0.08347141634936062,True
10.0,1e+22,8192,exponential,hackernews,0.022534803314838633,b1,legacy,0.01165082237856243,1.9341813464003006,True
10.0,1e+22,8192,exponential,pubmed_abstracts,0.018262675070124933,b1,legacy,0.06618116611255062,0.2759497322707584,True
10.0,1e+22,8192,exponential,uspto_backgrounds,0.015487591860425757,b1,legacy,0.07556475309321728,0.20495788348994062,True
10.0,1e+22,32768,exponential,arxiv,0.4275137363472174,b1,legacy,0.11302252583217468,3.782553373316268,False
10.0,1e+22,32768,exponential,freelaw,0.09966341597406801,b1,legacy,0.09682483215160405,1.0293166924164603,False
10.0,1e+22,32768,exponential,nih_exporter,0.020530086613771707,b1,legacy,0.005889680217640528,3.4857727168753296,False
10.0,1e+22,32768,exponential,pubmed_central,0.11544771654973374,b1,legacy,0.11375419104995738,1.0148875877376036,False
10.0,1e+22,32768,exponential,wikipedia_en,0.034822677430014534,b1,legacy,0.07507775607969777,0.4638214998467588,False
10.0,1e+22,32768,exponential,dm_mathematics,0.008842127456028814,b1,legacy,0.02546285409735114,0.34725594476656274,False
10.0,1e+22,32768,exponential,github,0.015522939533861805,b1,legacy,0.11070066006999096,0.14022445326023675,False
10.0,1e+22,32768,exponential,philpapers,0.00980442241580098,b1,legacy,0.005487697351757549,1.786618646646195,False
10.0,1e+22,32768,exponential,stackexchange,0.12478653509250243,b1,legacy,0.09943242344369017,1.2549883707015408,False
10.0,1e+22,32768,exponential,enron_emails,0.019729965868560486,b1,legacy,0.0022110330440804327,8.923415197879219,False
10.0,1e+22,32768,exponential,gutenberg_pg_19,0.024856775391140666,b1,legacy,0.04691494424769629,0.5298263866606051,False
10.0,1e+22,32768,exponential,pile_cc,0.007113191126903888,b1,legacy,0.11948759779117796,0.059530790294531066,False
10.0,1e+22,32768,exponential,ubuntu_irc,0.03015773406803044,b1,legacy,0.019599998284382344,1.5386600361113656,False
10.0,1e+22,32768,exponential,europarl,0.0010672553252557978,b1,legacy,0.012737064754468426,0.08379130873786149,False
10.0,1e+22,32768,exponential,hackernews,0.02408496272919646,b1,legacy,0.01165082237856243,2.0672328481732682,False
10.0,1e+22,32768,exponential,pubmed_abstracts,0.019519499896954187,b1,legacy,0.06618116611255062,0.29494040440083,False
10.0,1e+22,32768,exponential,uspto_backgrounds,0.01653695818095854,b1,legacy,0.07556475309321728,0.21884486488771315,False
10.0,1e+22,131072,exponential,arxiv,0.35330935375882655,b1,legacy,0.11302252583217468,3.1260082992964597,False
10.0,1e+22,131072,exponential,freelaw,0.11187365933696823,b1,legacy,0.09682483215160405,1.1554232199628438,False
10.0,1e+22,131072,exponential,nih_exporter,0.02305850053328603,b1,legacy,0.005889680217640528,3.915068336685268,False
10.0,1e+22,131072,exponential,pubmed_central,0.12957963293791733,b1,legacy,0.11375419104995738,1.139119638071268,False
10.0,1e+22,131072,exponential,wikipedia_en,0.03905222153709128,b1,legacy,0.07507775607969777,0.5201570155564575,False
10.0,1e+22,131072,exponential,dm_mathematics,0.010019922831857174,b1,legacy,0.02546285409735114,0.3935113791073221,False
10.0,1e+22,131072,exponential,github,0.021601433666746703,b1,legacy,0.11070066006999096,0.19513373861627478,False
10.0,1e+22,131072,exponential,philpapers,0.010988010754453777,b1,legacy,0.005487697351757549,2.0022989698829945,False
10.0,1e+22,131072,exponential,stackexchange,0.14006039099898346,b1,legacy,0.09943242344369017,1.4085987864743277,False
10.0,1e+22,131072,exponential,enron_emails,0.022170271507220826,b1,legacy,0.0022110330440804327,10.027109982176421,False
10.0,1e+22,131072,exponential,gutenberg_pg_19,0.02783954132447147,b1,legacy,0.04691494424769629,0.5934045488253672,False
10.0,1e+22,131072,exponential,pile_cc,0.007968259314488916,b1,legacy,0.11948759779117796,0.06668691530994383,False
10.0,1e+22,131072,exponential,ubuntu_irc,0.03389375136358324,b1,legacy,0.019599998284382344,1.7292731801201449,False
10.0,1e+22,131072,exponential,europarl,0.0010776359525287325,b1,legacy,0.012737064754468426,0.08460630241757038,False
10.0,1e+22,131072,exponential,hackernews,0.027062062626747905,b1,legacy,0.01165082237856243,2.3227598659938575,False
10.0,1e+22,131072,exponential,pubmed_abstracts,0.0217220347226303,b1,legacy,0.06618116611255062,0.3282207914815047,False
10.0,1e+22,131072,exponential,uspto_backgrounds,0.018723316832197957,b1,legacy,0.07556475309321728,0.24777844253789494,False
1000.0,1e+24,2048,exponential,arxiv,0.14638046639147487,b1,legacy,0.11302252583217468,1.295144178681981,False
1000.0,1e+24,2048,exponential,freelaw,0.14221038330251323,b1,legacy,0.09682483215160405,1.468738753709859,False
1000.0,1e+24,2048,exponential,nih_exporter,0.029262118619835097,b1,legacy,0.005889680217640528,4.968371378159106,False
1000.0,1e+24,2048,exponential,pubmed_central,0.16472943189076242,b1,legacy,0.11375419104995738,1.44811747479632,False
1000.0,1e+24,2048,exponential,wikipedia_en,0.04973177445656439,b1,legacy,0.07507775607969777,0.6624035806793732,False
1000.0,1e+24,2048,exponential,dm_mathematics,0.01246822439173714,b1,legacy,0.02546285409735114,0.48966326964243134,False
1000.0,1e+24,2048,exponential,github,0.059469981408457606,b1,legacy,0.11070066006999096,0.5372143343215611,False
1000.0,1e+24,2048,exponential,philpapers,0.013943321917347627,b1,legacy,0.005487697351757549,2.5408328892047933,False
1000.0,1e+24,2048,exponential,stackexchange,0.1780550530474435,b1,legacy,0.09943242344369017,1.7907142044896283,False
1000.0,1e+24,2048,exponential,enron_emails,0.028168181891721746,b1,legacy,0.0022110330440804327,12.739828546269816,False
1000.0,1e+24,2048,exponential,gutenberg_pg_19,0.03549550303553192,b1,legacy,0.04691494424769629,0.7565926722224527,False
1000.0,1e+24,2048,exponential,pile_cc,0.010078307572740076,b1,legacy,0.11948759779117796,0.08434605564966995,False
1000.0,1e+24,2048,exponential,ubuntu_irc,0.04303076543950958,b1,legacy,0.019599998284382344,2.1954474084723428,False
1000.0,1e+24,2048,exponential,europarl,0.0011196361052481483,b1,legacy,0.012737064754468426,0.08790377742684842,False
1000.0,1e+24,2048,exponential,hackernews,0.03434314458172727,b1,legacy,0.01165082237856243,2.947701326639296,False
1000.0,1e+24,2048,exponential,pubmed_abstracts,0.027901640465859537,b1,legacy,0.06618116611255062,0.4215948751705096,False
1000.0,1e+24,2048,exponential,uspto_backgrounds,0.02361206548152577,b1,legacy,0.07556475309321728,0.31247459317967646,False
1000.0,1e+24,4096,exponential,arxiv,0.15192998259774942,b1,legacy,0.11302252583217468,1.344245153601927,False
1000.0,1e+24,4096,exponential,freelaw,0.1399015045401034,b1,legacy,0.09682483215160405,1.4448928175888989,False
1000.0,1e+24,4096,exponential,nih_exporter,0.03072925684753813,b1,legacy,0.005889680217640528,5.217474584698015,False
1000.0,1e+24,4096,exponential,pubmed_central,0.16718428422850964,b1,legacy,0.11375419104995738,1.4696977991350437,False
1000.0,1e+24,4096,exponential,wikipedia_en,0.05336541416234989,b1,legacy,0.07507775607969777,0.7108019332077607,False
1000.0,1e+24,4096,exponential,dm_mathematics,0.012194716590294356,b1,legacy,0.02546285409735114,0.4789218264249078,False
1000.0,1e+24,4096,exponential,github,0.04886154985312672,b1,legacy,0.11070066006999096,0.4413844490379172,False
1000.0,1e+24,4096,exponential,philpapers,0.020372556994087097,b1,legacy,0.005487697351757549,3.712405347492854,False
1000.0,1e+24,4096,exponential,stackexchange,0.17571028367655278,b1,legacy,0.09943242344369017,1.7671326675051797,False
1000.0,1e+24,4096,exponential,enron_emails,0.022921253469861496,b1,legacy,0.0022110330440804327,10.366762057775771,False
1000.0,1e+24,4096,exponential,gutenberg_pg_19,0.03720966942430766,b1,legacy,0.04691494424769629,0.7931304197624578,False
1000.0,1e+24,4096,exponential,pile_cc,0.008667904484766958,b1,legacy,0.11948759779117796,0.07254229430501556,False
1000.0,1e+24,4096,exponential,ubuntu_irc,0.04524914912136479,b1,legacy,0.019599998284382344,2.3086302592903887,False
1000.0,1e+24,4096,exponential,europarl,0.001231619551465618,b1,legacy,0.012737064754468426,0.09669571249008059,False
1000.0,1e+24,4096,exponential,hackernews,0.02989849485856475,b1,legacy,0.01165082237856243,2.566213258351456,False
1000.0,1e+24,4096,exponential,pubmed_abstracts,0.025229679103705712,b1,legacy,0.06618116611255062,0.38122143482330006,False
1000.0,1e+24,4096,exponential,uspto_backgrounds,0.02934268049565162,b1,legacy,0.07556475309321728,0.3883117365506939,False
1000.0,1e+24,8192,exponential,arxiv,0.1483368696644972,b1,legacy,0.11302252583217468,1.3124540313738893,True
1000.0,1e+24,8192,exponential,freelaw,0.14200363593673598,b1,legacy,0.09682483215160405,1.4666034815778761,True
1000.0,1e+24,8192,exponential,nih_exporter,0.02926409827998007,b1,legacy,0.005889680217640528,4.968707501695838,True
1000.0,1e+24,8192,exponential,pubmed_central,0.16450961255371355,b1,legacy,0.11375419104995738,1.4461850683063266,True
1000.0,1e+24,8192,exponential,wikipedia_en,0.04954758745948003,b1,legacy,0.07507775607969777,0.6599502974873604,True
1000.0,1e+24,8192,exponential,dm_mathematics,0.01245830448121003,b1,legacy,0.02546285409735114,0.4892736860360853,True
1000.0,1e+24,8192,exponential,github,0.05881934212006161,b1,legacy,0.11070066006999096,0.5313368690202284,True
1000.0,1e+24,8192,exponential,philpapers,0.01392181645439727,b1,legacy,0.005487697351757549,2.536914039171369,True
1000.0,1e+24,8192,exponential,stackexchange,0.17779910509374477,b1,legacy,0.09943242344369017,1.7881401150242973,True
1000.0,1e+24,8192,exponential,enron_emails,0.02822938055854686,b1,legacy,0.0022110330440804327,12.767507312532022,True
1000.0,1e+24,8192,exponential,gutenberg_pg_19,0.035393710974075836,b1,legacy,0.04691494424769629,0.7544229571542933,True
1000.0,1e+24,8192,exponential,pile_cc,0.010092272455567774,b1,legacy,0.11948759779117796,0.08446292872341023,True
1000.0,1e+24,8192,exponential,ubuntu_irc,0.0429698915285924,b1,legacy,0.019599998284382344,2.1923415964189976,True
1000.0,1e+24,8192,exponential,europarl,0.001228765242895822,b1,legacy,0.012737064754468426,0.09647161780069821,True
1000.0,1e+24,8192,exponential,hackernews,0.03442161106774142,b1,legacy,0.01165082237856243,2.9544361719115515,True
1000.0,1e+24,8192,exponential,pubmed_abstracts,0.02790552913729223,b1,legacy,0.06618116611255062,0.42165363314745546,True
1000.0,1e+24,8192,exponential,uspto_backgrounds,0.023098466991467094,b1,legacy,0.07556475309321728,0.305677793494179,True
1000.0,1e+24,32768,exponential,arxiv,0.14522924350212887,b1,legacy,0.11302252583217468,1.2849583959730067,False
1000.0,1e+24,32768,exponential,freelaw,0.1419425526178443,b1,legacy,0.09682483215160405,1.4659726173921677,False
1000.0,1e+24,32768,exponential,nih_exporter,0.029051174624403726,b1,legacy,0.005889680217640528,4.932555512503181,False
1000.0,1e+24,32768,exponential,pubmed_central,0.1644472083583676,b1,legacy,0.11375419104995738,1.4456364802079897,False
1000.0,1e+24,32768,exponential,wikipedia_en,0.04853482139350313,b1,legacy,0.07507775607969777,0.646460735214058,False
1000.0,1e+24,32768,exponential,dm_mathematics,0.011749750148141083,b1,legacy,0.02546285409735114,0.46144670598271187,False
1000.0,1e+24,32768,exponential,github,0.05755017148120344,b1,legacy,0.11070066006999096,0.5198719812945749,False
1000.0,1e+24,32768,exponential,philpapers,0.01295783989451019,b1,legacy,0.005487697351757549,2.3612526464055406,False
1000.0,1e+24,32768,exponential,stackexchange,0.17779429312689754,b1,legacy,0.09943242344369017,1.788091720680877,False
1000.0,1e+24,32768,exponential,enron_emails,0.027811622962988797,b1,legacy,0.0022110330440804327,12.578565045623565,False
1000.0,1e+24,32768,exponential,gutenberg_pg_19,0.03603377956669444,b1,legacy,0.04691494424769629,0.7680661278514436,False
1000.0,1e+24,32768,exponential,pile_cc,0.009869079536150304,b1,legacy,0.11948759779117796,0.08259501168814158,False
1000.0,1e+24,32768,exponential,ubuntu_irc,0.04273606532551989,b1,legacy,0.019599998284382344,2.1804116870547285,False
1000.0,1e+24,32768,exponential,europarl,0.001363400361813128,b1,legacy,0.012737064754468426,0.10704195888890483,False
1000.0,1e+24,32768,exponential,hackernews,0.033873183494869626,b1,legacy,0.01165082237856243,2.907364166601359,False
1000.0,1e+24,32768,exponential,pubmed_abstracts,0.027177488138428744,b1,legacy,0.06618116611255062,0.4106529052723173,False
1000.0,1e+24,32768,exponential,uspto_backgrounds,0.031878325466535275,b1,legacy,0.07556475309321728,0.42186765868486226,False
1000.0,1e+24,131072,exponential,arxiv,0.14555893599246975,b1,legacy,0.11302252583217468,1.2878754471352716,False
1000.0,1e+24,131072,exponential,freelaw,0.14235150151356352,b1,legacy,0.09682483215160405,1.4701962125860009,False
1000.0,1e+24,131072,exponential,nih_exporter,0.02930378655853449,b1,legacy,0.005889680217640528,4.975446115183808,False
1000.0,1e+24,131072,exponential,pubmed_central,0.16493424971616788,b1,legacy,0.11375419104995738,1.4499180047241844,False
1000.0,1e+24,131072,exponential,wikipedia_en,0.04970372795818612,b1,legacy,0.07507775607969777,0.6620300146613839,False
1000.0,1e+24,131072,exponential,dm_mathematics,0.012379217896979784,b1,legacy,0.02546285409735114,0.4861677269033079,False
1000.0,1e+24,131072,exponential,github,0.05961577379105738,b1,legacy,0.11070066006999096,0.5385313308282449,False
1000.0,1e+24,131072,exponential,philpapers,0.014045892284640777,b1,legacy,0.005487697351757549,2.559523855691912,False
1000.0,1e+24,131072,exponential,stackexchange,0.1782443771619792,b1,legacy,0.09943242344369017,1.7926182525654843,False
1000.0,1e+24,131072,exponential,enron_emails,0.02822796357039643,b1,legacy,0.0022110330440804327,12.76686644099271,False
1000.0,1e+24,131072,exponential,gutenberg_pg_19,0.03551712251198098,b1,legacy,0.04691494424769629,0.7570534950326624,False
1000.0,1e+24,131072,exponential,pile_cc,0.010360528051239794,b1,legacy,0.11948759779117796,0.08670797842422384,False
1000.0,1e+24,131072,exponential,ubuntu_irc,0.042993573146894996,b1,legacy,0.019599998284382344,2.1935498423565223,False
1000.0,1e+24,131072,exponential,europarl,0.00120683729582645,b1,legacy,0.012737064754468426,0.09475003221625819,False
1000.0,1e+24,131072,exponential,hackernews,0.03455848763136111,b1,legacy,0.01165082237856243,2.966184403853662,False
1000.0,1e+24,131072,exponential,pubmed_abstracts,0.027634317951331085,b1,legacy,0.06618116611255062,0.41755562155455134,False
1000.0,1e+24,131072,exponential,uspto_backgrounds,0.023363706967390308,b1,legacy,0.07556475309321728,0.30918789529516033,False
10000.0,1e+25,2048,exponential,arxiv,0.14285409329923174,b1,legacy,0.11302252583217468,1.2639435568034771,False
10000.0,1e+25,2048,exponential,freelaw,0.14218527490044156,b1,legacy,0.09682483215160405,1.4684794359138587,False
10000.0,1e+25,2048,exponential,nih_exporter,0.029579593734678656,b1,legacy,0.005889680217640528,5.022275003332621,False
10000.0,1e+25,2048,exponential,pubmed_central,0.1656740961287744,b1,legacy,0.11375419104995738,1.4564219093784017,False
10000.0,1e+25,2048,exponential,wikipedia_en,0.049461370538843995,b1,legacy,0.07507775607969777,0.6588019291138503,False
10000.0,1e+25,2048,exponential,dm_mathematics,0.01100722865459219,b1,legacy,0.02546285409735114,0.4322857371961792,False
10000.0,1e+25,2048,exponential,github,0.06037733445135268,b1,legacy,0.11070066006999096,0.545410789901152,False
10000.0,1e+25,2048,exponential,philpapers,0.013379856940075808,b1,legacy,0.005487697351757549,2.438155037064978,False
10000.0,1e+25,2048,exponential,stackexchange,0.1785297566331579,b1,legacy,0.09943242344369017,1.7954883372048307,False
10000.0,1e+25,2048,exponential,enron_emails,0.028022080271091262,b1,legacy,0.0022110330440804327,12.673750103425355,False
10000.0,1e+25,2048,exponential,gutenberg_pg_19,0.0361436489153884,b1,legacy,0.04691494424769629,0.7704080116681199,False
10000.0,1e+25,2048,exponential,pile_cc,0.011590448600382334,b1,legacy,0.11948759779117796,0.09700126887343016,False
10000.0,1e+25,2048,exponential,ubuntu_irc,0.0430146972148422,b1,legacy,0.019599998284382344,2.1946276010195946,False
10000.0,1e+25,2048,exponential,europarl,0.0010421917625603112,b1,legacy,0.012737064754468426,0.08182354275891458,False
10000.0,1e+25,2048,exponential,hackernews,0.034588803811064966,b1,legacy,0.01165082237856243,2.9687864673577495,False
10000.0,1e+25,2048,exponential,pubmed_abstracts,0.02728485005425613,b1,legacy,0.06618116611255062,0.4122751480059192,False
10000.0,1e+25,2048,exponential,uspto_backgrounds,0.02526467408926552,b1,legacy,0.07556475309321728,0.334344691871074,False
10000.0,1e+25,4096,exponential,arxiv,0.14366013005614195,b1,legacy,0.11302252583217468,1.271075203800175,False
10000.0,1e+25,4096,exponential,freelaw,0.14271858825200828,b1,legacy,0.09682483215160405,1.473987458388214,False
10000.0,1e+25,4096,exponential,nih_exporter,0.029015739895494438,b1,legacy,0.005889680217640528,4.926539102851065,False
10000.0,1e+25,4096,exponential,pubmed_central,0.16412584426833704,b1,legacy,0.11375419104995738,1.4428114054827041,False
10000.0,1e+25,4096,exponential,wikipedia_en,0.050150700120964585,b1,legacy,0.07507775607969777,0.6679834712658139,False
10000.0,1e+25,4096,exponential,dm_mathematics,0.01282318245151454,b1,legacy,0.02546285409735114,0.5036035003180777,False
10000.0,1e+25,4096,exponential,github,0.06034079004554434,b1,legacy,0.11070066006999096,0.5450806707692042,False
10000.0,1e+25,4096,exponential,philpapers,0.013655311821335489,b1,legacy,0.005487697351757549,2.4883500211545178,False
10000.0,1e+25,4096,exponential,stackexchange,0.1787604786911903,b1,legacy,0.09943242344369017,1.7978087277780632,False
10000.0,1e+25,4096,exponential,enron_emails,0.028373274507279913,b1,legacy,0.0022110330440804327,12.83258727554673,False
10000.0,1e+25,4096,exponential,gutenberg_pg_19,0.03474828978885626,b1,legacy,0.04691494424769629,0.7406656950373023,False
10000.0,1e+25,4096,exponential,pile_cc,0.01037971957442601,b1,legacy,0.11948759779117796,0.0868685936139254,False
10000.0,1e+25,4096,exponential,ubuntu_irc,0.04345384292949376,b1,legacy,0.019599998284382344,2.2170329965854445,False
10000.0,1e+25,4096,exponential,europarl,0.0011503128173722449,b1,legacy,0.012737064754468426,0.09031223751678669,False
10000.0,1e+25,4096,exponential,hackernews,0.03479247533485559,b1,legacy,0.01165082237856243,2.9862677675761256,False
10000.0,1e+25,4096,exponential,pubmed_abstracts,0.027941362742606616,b1,legacy,0.06618116611255062,0.42219508032071085,False
10000.0,1e+25,4096,exponential,uspto_backgrounds,0.0239099567025786,b1,legacy,0.07556475309321728,0.31641679121326693,False
10000.0,1e+25,8192,exponential,arxiv,0.1417365468607994,b1,legacy,0.11302252583217468,1.2540557363871137,True
10000.0,1e+25,8192,exponential,freelaw,0.1426811085684542,b1,legacy,0.09682483215160405,1.4736003708743892,True
10000.0,1e+25,8192,exponential,nih_exporter,0.0292844946901617,b1,legacy,0.005889680217640528,4.972170577691125,True
10000.0,1e+25,8192,exponential,pubmed_central,0.16531610550326534,b1,legacy,0.11375419104995738,1.4532748549955714,True
10000.0,1e+25,8192,exponential,wikipedia_en,0.04986218998453465,b1,legacy,0.07507775607969777,0.6641406534793624,True
10000.0,1e+25,8192,exponential,dm_mathematics,0.012806713809925346,b1,legacy,0.02546285409735114,0.5029567290831553,True
10000.0,1e+25,8192,exponential,github,0.0611993345236302,b1,legacy,0.11070066006999096,0.552836220533253,True
10000.0,1e+25,8192,exponential,philpapers,0.01391632291505563,b1,legacy,0.005487697351757549,2.535912974610132,True
10000.0,1e+25,8192,exponential,stackexchange,0.17873120221819697,b1,legacy,0.09943242344369017,1.7975142918991076,True
10000.0,1e+25,8192,exponential,enron_emails,0.028260739657321007,b1,legacy,0.0022110330440804327,12.781690320270465,True
10000.0,1e+25,8192,exponential,gutenberg_pg_19,0.03565144617465936,b1,legacy,0.04691494424769629,0.7599166267028014,True
10000.0,1e+25,8192,exponential,pile_cc,0.010050533919037829,b1,legacy,0.11948759779117796,0.0841136160139616,True
10000.0,1e+25,8192,exponential,ubuntu_irc,0.043169837382682374,b1,legacy,0.019599998284382344,2.2025429163981576,True
10000.0,1e+25,8192,exponential,europarl,0.001066671100731289,b1,legacy,0.012737064754468426,0.08374544067204169,True
10000.0,1e+25,8192,exponential,hackernews,0.03459782692682176,b1,legacy,0.01165082237856243,2.969560929062135,True
10000.0,1e+25,8192,exponential,pubmed_abstracts,0.028021853073005688,b1,legacy,0.06618116611255062,0.42341129235091574,True
10000.0,1e+25,8192,exponential,uspto_backgrounds,0.02364707269171743,b1,legacy,0.07556475309321728,0.3129378675074372,True
10000.0,1e+25,32768,exponential,arxiv,0.1305356721055735,b1,legacy,0.11302252583217468,1.1549527065020988,False
10000.0,1e+25,32768,exponential,freelaw,0.1456011265792986,b1,legacy,0.09682483215160405,1.5037581098134287,False
10000.0,1e+25,32768,exponential,nih_exporter,0.02887742093150083,b1,legacy,0.005889680217640528,4.903054132719865,False
10000.0,1e+25,32768,exponential,pubmed_central,0.17049332304407375,b1,legacy,0.11375419104995738,1.4987871784802924,False
10000.0,1e+25,32768,exponential,wikipedia_en,0.04508132277337047,b1,legacy,0.07507775607969777,0.6004617762618665,False
10000.0,1e+25,32768,exponential,dm_mathematics,0.007455388930823545,b1,legacy,0.02546285409735114,0.29279470802132573,False
10000.0,1e+25,32768,exponential,github,0.06781151609506934,b1,legacy,0.11070066006999096,0.6125665018816981,False
10000.0,1e+25,32768,exponential,philpapers,0.012266674706773846,b1,legacy,0.005487697351757549,2.2353045221863757,False
10000.0,1e+25,32768,exponential,stackexchange,0.18212838822922717,b1,legacy,0.09943242344369017,1.8316800689502328,False
10000.0,1e+25,32768,exponential,enron_emails,0.002413372667890515,b1,legacy,0.0022110330440804327,1.0915136136711314,False
10000.0,1e+25,32768,exponential,gutenberg_pg_19,0.03670715050062558,b1,legacy,0.04691494424769629,0.7824191436064223,False
10000.0,1e+25,32768,exponential,pile_cc,0.007898210078358643,b1,legacy,0.11948759779117796,0.06610066839038743,False
10000.0,1e+25,32768,exponential,ubuntu_irc,0.04176172531881147,b1,legacy,0.019599998284382344,2.130700457871367,False
10000.0,1e+25,32768,exponential,europarl,0.0010659617864192718,b1,legacy,0.012737064754468426,0.08368975167887957,False
10000.0,1e+25,32768,exponential,hackernews,0.03452251744533597,b1,legacy,0.01165082237856243,2.9630970521752675,False
10000.0,1e+25,32768,exponential,pubmed_abstracts,0.02441494654384869,b1,legacy,0.06618116611255062,0.36891079408192284,False
10000.0,1e+25,32768,exponential,uspto_backgrounds,0.06096528226299878,b1,legacy,0.07556475309321728,0.806795228825687,False
10000.0,1e+25,131072,exponential,arxiv,0.14275166360714914,b1,legacy,0.11302252583217468,1.26303728001194,False
10000.0,1e+25,131072,exponential,freelaw,0.14271506919949795,b1,legacy,0.09682483215160405,1.4739511138634456,False
10000.0,1e+25,131072,exponential,nih_exporter,0.029658921499311982,b1,legacy,0.005889680217640528,5.03574394590708,False
10000.0,1e+25,131072,exponential,pubmed_central,0.16518463182714616,b1,legacy,0.11375419104995738,1.452119085041905,False
10000.0,1e+25,131072,exponential,wikipedia_en,0.04972148371532645,b1,legacy,0.07507775607969777,0.6622665129009088,False
10000.0,1e+25,131072,exponential,dm_mathematics,0.012243071103642294,b1,legacy,0.02546285409735114,0.48082084815919834,False
10000.0,1e+25,131072,exponential,github,0.06065781651572171,b1,legacy,0.11070066006999096,0.5479444881120903,False
10000.0,1e+25,131072,exponential,philpapers,0.013580985050755542,b1,legacy,0.005487697351757549,2.47480576646705,False
10000.0,1e+25,131072,exponential,stackexchange,0.17862493512816832,b1,legacy,0.09943242344369017,1.7964455550992968,False
10000.0,1e+25,131072,exponential,enron_emails,0.028267506375065952,b1,legacy,0.0022110330440804327,12.784750752932501,False
10000.0,1e+25,131072,exponential,gutenberg_pg_19,0.03580248342417521,b1,legacy,0.04691494424769629,0.7631360113133515,False
10000.0,1e+25,131072,exponential,pile_cc,0.010344360296679088,b1,legacy,0.11948759779117796,0.08657266936404036,False
10000.0,1e+25,131072,exponential,ubuntu_irc,0.043282048294922715,b1,legacy,0.019599998284382344,2.2082679634421543,False
10000.0,1e+25,131072,exponential,europarl,0.0010477365364225356,b1,legacy,0.012737064754468426,0.08225886863415434,False
10000.0,1e+25,131072,exponential,hackernews,0.03434443951256123,b1,legacy,0.01165082237856243,2.947812471654805,False
10000.0,1e+25,131072,exponential,pubmed_abstracts,0.027844080525484,b1,legacy,0.06618116611255062,0.42072514222748997,False
10000.0,1e+25,131072,exponential,uspto_backgrounds,0.023928767387969844,b1,legacy,0.07556475309321728,0.31666572586363284,False
100000.0,1e+26,2048,exponential,arxiv,0.14026656208337074,b1,legacy,0.11302252583217468,1.2410496142304437,False
100000.0,1e+26,2048,exponential,freelaw,0.14288029908796293,b1,legacy,0.09682483215160405,1.4756575964340146,False
100000.0,1e+26,2048,exponential,nih_exporter,0.029386326861990344,b1,legacy,0.005889680217640528,4.989460509922699,False
100000.0,1e+26,2048,exponential,pubmed_central,0.16550809557583784,b1,legacy,0.11375419104995738,1.4549626176248023,False
100000.0,1e+26,2048,exponential,wikipedia_en,0.04991586513231851,b1,legacy,0.07507775607969777,0.6648555809170829,False
100000.0,1e+26,2048,exponential,dm_mathematics,0.01256807233677212,b1,legacy,0.02546285409735114,0.4935845875219289,False
100000.0,1e+26,2048,exponential,github,0.061765848863003014,b1,legacy,0.11070066006999096,0.5579537540602856,False
100000.0,1e+26,2048,exponential,philpapers,0.01398371598750205,b1,legacy,0.005487697351757549,2.5481937306589026,False
100000.0,1e+26,2048,exponential,stackexchange,0.1789013073357978,b1,legacy,0.09943242344369017,1.7992250529537968,False
100000.0,1e+26,2048,exponential,enron_emails,0.028283016963499774,b1,legacy,0.0022110330440804327,12.791765839602213,False
100000.0,1e+26,2048,exponential,gutenberg_pg_19,0.035615300880704054,b1,legacy,0.04691494424769629,0.7591461836268282,False
100000.0,1e+26,2048,exponential,pile_cc,0.010167601538854897,b1,legacy,0.11948759779117796,0.08509336305031645,False
100000.0,1e+26,2048,exponential,ubuntu_irc,0.043223961083926725,b1,legacy,0.019599998284382344,2.2053043299686617,False
100000.0,1e+26,2048,exponential,europarl,0.001007738609139076,b1,legacy,0.012737064754468426,0.0791185903946622,False
100000.0,1e+26,2048,exponential,hackernews,0.03450418713326898,b1,legacy,0.01165082237856243,2.9615237458908354,False
100000.0,1e+26,2048,exponential,pubmed_abstracts,0.027953631804328614,b1,legacy,0.06618116611255062,0.4223804663216334,False
100000.0,1e+26,2048,exponential,uspto_backgrounds,0.024068468721722417,b1,legacy,0.07556475309321728,0.31851448905062074,False
100000.0,1e+26,4096,exponential,arxiv,0.14026677135679735,b1,legacy,0.11302252583217468,1.241051465838564,False
100000.0,1e+26,4096,exponential,freelaw,0.14288080865645497,b1,legacy,0.09682483215160405,1.4756628592212637,False
100000.0,1e+26,4096,exponential,nih_exporter,0.029386601356269866,b1,legacy,0.005889680217640528,4.989507115896093,False
100000.0,1e+26,4096,exponential,pubmed_central,0.16550876134957507,b1,legacy,0.11375419104995738,1.4549684703650934,False
100000.0,1e+26,4096,exponential,wikipedia_en,0.04991591161276726,b1,legacy,0.07507775607969777,0.6648562000145516,False
100000.0,1e+26,4096,exponential,dm_mathematics,0.012566542664860514,b1,legacy,0.02546285409735114,0.49352451287728155,False
100000.0,1e+26,4096,exponential,github,0.06176593350585049,b1,legacy,0.11070066006999096,0.5579545186704281,False
100000.0,1e+26,4096,exponential,philpapers,0.013983834588262835,b1,legacy,0.005487697351757549,2.548215342776551,False
100000.0,1e+26,4096,exponential,stackexchange,0.178901539813953,b1,legacy,0.09943242344369017,1.7992273910055825,False
100000.0,1e+26,4096,exponential,enron_emails,0.028282985396974585,b1,legacy,0.0022110330440804327,12.791751562780222,False
100000.0,1e+26,4096,exponential,gutenberg_pg_19,0.035614853465198576,b1,legacy,0.04691494424769629,0.7591366468893844,False
100000.0,1e+26,4096,exponential,pile_cc,0.010168036720740115,b1,legacy,0.11948759779117796,0.08509700511772147,False
100000.0,1e+26,4096,exponential,ubuntu_irc,0.04322472038375694,b1,legacy,0.019599998284382344,2.205343069759308,False
100000.0,1e+26,4096,exponential,europarl,0.001007739016518252,b1,legacy,0.012737064754468426,0.07911862237841856,False
100000.0,1e+26,4096,exponential,hackernews,0.03450311126195961,b1,legacy,0.01165082237856243,2.961431402940749,False
100000.0,1e+26,4096,exponential,pubmed_abstracts,0.027952165748130416,b1,legacy,0.06618116611255062,0.4223583141553252,False
100000.0,1e+26,4096,exponential,uspto_backgrounds,0.024069683101930212,b1,legacy,0.07556475309321728,0.31853055977351846,False
100000.0,1e+26,8192,exponential,arxiv,0.14026624379291305,b1,legacy,0.11302252583217468,1.241046798062115,False
100000.0,1e+26,8192,exponential,freelaw,0.1428795782330826,b1,legacy,0.09682483215160405,1.4756501514959308,False
100000.0,1e+26,8192,exponential,nih_exporter,0.029386239665927953,b1,legacy,0.005889680217640528,4.98944570503361,False
100000.0,1e+26,8192,exponential,pubmed_central,0.16550785471367527,b1,legacy,0.11375419104995738,1.4549605002332553,False
100000.0,1e+26,8192,exponential,wikipedia_en,0.04991479925681675,b1,legacy,0.07507775607969777,0.6648413839623866,False
100000.0,1e+26,8192,exponential,dm_mathematics,0.012568961416525762,b1,legacy,0.02546285409735114,0.49361950425790213,False
100000.0,1e+26,8192,exponential,github,0.06176551682814747,b1,legacy,0.11070066006999096,0.5579507546666475,False
100000.0,1e+26,8192,exponential,philpapers,0.013987478761663948,b1,legacy,0.005487697351757549,2.548879405163291,False
100000.0,1e+26,8192,exponential,stackexchange,0.17890100306558673,b1,legacy,0.09943242344369017,1.7992219928834443,False
100000.0,1e+26,8192,exponential,enron_emails,0.028282086632265183,b1,legacy,0.0022110330440804327,12.791345071926632,False
100000.0,1e+26,8192,exponential,gutenberg_pg_19,0.0356162355474623,b1,legacy,0.04691494424769629,0.759166106207431,False
100000.0,1e+26,8192,exponential,pile_cc,0.010168422566846778,b1,legacy,0.11948759779117796,0.08510023429057116,False
100000.0,1e+26,8192,exponential,ubuntu_irc,0.043224424908794315,b1,legacy,0.019599998284382344,2.2053279945047937,False
100000.0,1e+26,8192,exponential,europarl,0.0010077378755123697,b1,legacy,0.012737064754468426,0.07911853279687805,False
100000.0,1e+26,8192,exponential,hackernews,0.03450442908827132,b1,legacy,0.01165082237856243,2.961544513094598,False
100000.0,1e+26,8192,exponential,pubmed_abstracts,0.02795270583517509,b1,legacy,0.06618116611255062,0.4223664748916252,False
100000.0,1e+26,8192,exponential,uspto_backgrounds,0.0240662818113332,b1,legacy,0.07556475309321728,0.31848554817144503,False
100000.0,1e+26,32768,exponential,arxiv,0.14026887058949639,b1,legacy,0.11302252583217468,1.2410700394165617,True
100000.0,1e+26,32768,exponential,freelaw,0.14288072505138785,b1,legacy,0.09682483215160405,1.4756619957540595,True
100000.0,1e+26,32768,exponential,nih_exporter,0.029386624489330194,b1,legacy,0.005889680217640528,4.989511043623826,True
100000.0,1e+26,32768,exponential,pubmed_central,0.165508584189982,b1,legacy,0.11375419104995738,1.4549669129755023,True
100000.0,1e+26,32768,exponential,wikipedia_en,0.04991681008933945,b1,legacy,0.07507775607969777,0.6648681672951299,True
100000.0,1e+26,32768,exponential,dm_mathematics,0.012567493007033088,b1,legacy,0.02546285409735114,0.49356183556581207,True
100000.0,1e+26,32768,exponential,github,0.06176537253020022,b1,legacy,0.11070066006999096,0.557949451169928,True
100000.0,1e+26,32768,exponential,philpapers,0.013984082856383879,b1,legacy,0.005487697351757549,2.5482605836317096,True
100000.0,1e+26,32768,exponential,stackexchange,0.17890103702734392,b1,legacy,0.09943242344369017,1.7992223344396088,True
100000.0,1e+26,32768,exponential,enron_emails,0.028283189692543852,b1,legacy,0.0022110330440804327,12.791843961023574,True
100000.0,1e+26,32768,exponential,gutenberg_pg_19,0.03561670325239643,b1,legacy,0.04691494424769629,0.7591760754174903,True
100000.0,1e+26,32768,exponential,pile_cc,0.010167861213172646,b1,legacy,0.11948759779117796,0.08509553628270668,True
100000.0,1e+26,32768,exponential,ubuntu_irc,0.043224304732329785,b1,legacy,0.019599998284382344,2.205321863051985,True
100000.0,1e+26,32768,exponential,europarl,0.0010077372955665709,b1,legacy,0.012737064754468426,0.07911848726473937,True
100000.0,1e+26,32768,exponential,hackernews,0.03450318866523568,b1,legacy,0.01165082237856243,2.9614380465298074,True
100000.0,1e+26,32768,exponential,pubmed_abstracts,0.02795286230098641,b1,legacy,0.06618116611255062,0.42236883909613404,True
100000.0,1e+26,32768,exponential,uspto_backgrounds,0.024064553017271704,b1,legacy,0.07556475309321728,0.3184626698585977,True
100000.0,1e+26,131072,exponential,arxiv,0.1491478224173917,b1,legacy,0.11302252583217468,1.3196291740892332,False
100000.0,1e+26,131072,exponential,freelaw,0.141628133013296,b1,legacy,0.09682483215160405,1.4627253140138772,False
100000.0,1e+26,131072,exponential,nih_exporter,0.02922894661126477,b1,legacy,0.005889680217640528,4.962739152410928,False
100000.0,1e+26,131072,exponential,pubmed_central,0.16407610357628163,b1,legacy,0.11375419104995738,1.4423741407841792,False
100000.0,1e+26,131072,exponential,wikipedia_en,0.04915124332324159,b1,legacy,0.07507775607969777,0.6546711821150563,False
100000.0,1e+26,131072,exponential,dm_mathematics,0.012614048998994386,b1,legacy,0.02546285409735114,0.4953902241582025,False
100000.0,1e+26,131072,exponential,github,0.057755663555121954,b1,legacy,0.11070066006999096,0.5217282671901476,False
100000.0,1e+26,131072,exponential,philpapers,0.013934909413291858,b1,legacy,0.005487697351757549,2.539299913984672,False
100000.0,1e+26,131072,exponential,stackexchange,0.17746017171532846,b1,legacy,0.09943242344369017,1.7847314343678486,False
100000.0,1e+26,131072,exponential,enron_emails,0.028183102199741978,b1,legacy,0.0022110330440804327,12.746576662522614,False
100000.0,1e+26,131072,exponential,gutenberg_pg_19,0.03587574910938373,b1,legacy,0.04691494424769629,0.7646976818297162,False
100000.0,1e+26,131072,exponential,pile_cc,0.01041891153228906,b1,legacy,0.11948759779117796,0.08719659382974315,False
100000.0,1e+26,131072,exponential,ubuntu_irc,0.04286712693054591,b1,legacy,0.019599998284382344,2.187098504222996,False
100000.0,1e+26,131072,exponential,europarl,0.0010079611884601155,b1,legacy,0.012737064754468426,0.07913606532513716,False
100000.0,1e+26,131072,exponential,hackernews,0.03427651262084732,b1,legacy,0.01165082237856243,2.941982248730894,False
100000.0,1e+26,131072,exponential,pubmed_abstracts,0.027641681319470708,b1,legacy,0.06618116611255062,0.41766688233419824,False
100000.0,1e+26,131072,exponential,uspto_backgrounds,0.02473191247504883,b1,legacy,0.07556475309321728,0.3272942934722402,False
1000000.0,1e+27,2048,exponential,arxiv,0.14027080997797403,b1,legacy,0.11302252583217468,1.2410871987258532,False
1000000.0,1e+27,2048,exponential,freelaw,0.1428933489257321,b1,legacy,0.09682483215160405,1.475792374233048,False
1000000.0,1e+27,2048,exponential,nih_exporter,0.029412921325766225,b1,legacy,0.005889680217640528,4.993975944172631,False
1000000.0,1e+27,2048,exponential,pubmed_central,0.16551498342355592,b1,legacy,0.11375419104995738,1.4550231679012757,False
1000000.0,1e+27,2048,exponential,wikipedia_en,0.04993784692183381,b1,legacy,0.07507775607969777,0.6651483678977161,False
1000000.0,1e+27,2048,exponential,dm_mathematics,0.012548413505204154,b1,legacy,0.02546285409735114,0.49281252829035943,False
1000000.0,1e+27,2048,exponential,github,0.0617724856814604,b1,legacy,0.11070066006999096,0.5580137068957356,False
1000000.0,1e+27,2048,exponential,philpapers,0.01407251965831971,b1,legacy,0.005487697351757549,2.5643760499679695,False
1000000.0,1e+27,2048,exponential,stackexchange,0.17891055789120125,b1,legacy,0.09943242344369017,1.7993180865446827,False
1000000.0,1e+27,2048,exponential,enron_emails,0.028292540437968087,b1,legacy,0.0022110330440804327,12.796073090682793,False
1000000.0,1e+27,2048,exponential,gutenberg_pg_19,0.03550445050951326,b1,legacy,0.04691494424769629,0.7567833891491126,False
1000000.0,1e+27,2048,exponential,pile_cc,0.010159554742105972,b1,legacy,0.11948759779117796,0.08502601884976614,False
1000000.0,1e+27,2048,exponential,ubuntu_irc,0.043269867419342155,b1,legacy,0.019599998284382344,2.2076464901438495,False
1000000.0,1e+27,2048,exponential,europarl,0.0011157107437408437,b1,legacy,0.012737064754468426,0.08759559327430044,False
1000000.0,1e+27,2048,exponential,hackernews,0.03463191988180037,b1,legacy,0.01165082237856243,2.972487156402219,False
1000000.0,1e+27,2048,exponential,pubmed_abstracts,0.02792129903313299,b1,legacy,0.06618116611255062,0.4218919168883908,False
1000000.0,1e+27,2048,exponential,uspto_backgrounds,0.023770769921348772,b1,legacy,0.07556475309321728,0.3145748374513308,False
1000000.0,1e+27,4096,exponential,arxiv,0.14030250878914238,b1,legacy,0.11302252583217468,1.2413676632698452,False
1000000.0,1e+27,4096,exponential,freelaw,0.1429036421530845,b1,legacy,0.09682483215160405,1.4758986819551856,False
1000000.0,1e+27,4096,exponential,nih_exporter,0.029381143767324945,b1,legacy,0.005889680217640528,4.9885804800273785,False
1000000.0,1e+27,4096,exponential,pubmed_central,0.1655346041870595,b1,legacy,0.11375419104995738,1.4551956517748146,False
1000000.0,1e+27,4096,exponential,wikipedia_en,0.049972087673941464,b1,legacy,0.07507775607969777,0.6656044384290638,False
1000000.0,1e+27,4096,exponential,dm_mathematics,0.012400665442615595,b1,legacy,0.02546285409735114,0.4870100341149744,False
1000000.0,1e+27,4096,exponential,github,0.06181078425287724,b1,legacy,0.11070066006999096,0.558359672054323,False
1000000.0,1e+27,4096,exponential,philpapers,0.014036827929659004,b1,legacy,0.005487697351757549,2.55787209642008,False
1000000.0,1e+27,4096,exponential,stackexchange,0.17892279282366583,b1,legacy,0.09943242344369017,1.7994411342593097,False
1000000.0,1e+27,4096,exponential,enron_emails,0.028308553316107352,b1,legacy,0.0022110330440804327,12.803315351571719,False
1000000.0,1e+27,4096,exponential,gutenberg_pg_19,0.035682665688981464,b1,legacy,0.04691494424769629,0.7605820759497892,False
1000000.0,1e+27,4096,exponential,pile_cc,0.010127107715078926,b1,legacy,0.11948759779117796,0.08475446742830606,False
1000000.0,1e+27,4096,exponential,ubuntu_irc,0.04322651713430917,b1,legacy,0.019599998284382344,2.205434740713875,False
1000000.0,1e+27,4096,exponential,europarl,0.0011374915578674155,b1,legacy,0.012737064754468426,0.08930562730069813,False
1000000.0,1e+27,4096,exponential,hackernews,0.03450738194282733,b1,legacy,0.01165082237856243,2.9617979591141204,False
1000000.0,1e+27,4096,exponential,pubmed_abstracts,0.028096582559110864,b1,legacy,0.06618116611255062,0.42454045779925625,False
1000000.0,1e+27,4096,exponential,uspto_backgrounds,0.023648643066346932,b1,legacy,0.07556475309321728,0.3129586493477161,False
1000000.0,1e+27,8192,exponential,arxiv,0.14026710983570817,b1,legacy,0.11302252583217468,1.2410544606301628,False
1000000.0,1e+27,8192,exponential,freelaw,0.1428803939321328,b1,legacy,0.09682483215160405,1.475658575977875,False
1000000.0,1e+27,8192,exponential,nih_exporter,0.029387345460017637,b1,legacy,0.005889680217640528,4.989633456159108,False
1000000.0,1e+27,8192,exponential,pubmed_central,0.1655082319772295,b1,legacy,0.11375419104995738,1.454963816713736,False
1000000.0,1e+27,8192,exponential,wikipedia_en,0.04991782365926389,b1,legacy,0.07507775607969777,0.6648816675644155,False
1000000.0,1e+27,8192,exponential,dm_mathematics,0.012569650153077708,b1,legacy,0.02546285409735114,0.4936465529363147,False
1000000.0,1e+27,8192,exponential,github,0.0617671295124632,b1,legacy,0.11070066006999096,0.5579653226404492,False
1000000.0,1e+27,8192,exponential,philpapers,0.013984507230318282,b1,legacy,0.005487697351757549,2.5483379155083057,False
1000000.0,1e+27,8192,exponential,stackexchange,0.1789012828279976,b1,legacy,0.09943242344369017,1.7992248064768495,False
1000000.0,1e+27,8192,exponential,enron_emails,0.028284146036259103,b1,legacy,0.0022110330440804327,12.792276493553022,False
1000000.0,1e+27,8192,exponential,gutenberg_pg_19,0.035614444730804086,b1,legacy,0.04691494424769629,0.7591279346463872,False
1000000.0,1e+27,8192,exponential,pile_cc,0.01016811533854645,b1,legacy,0.11948759779117796,0.08509766307559984,False
1000000.0,1e+27,8192,exponential,ubuntu_irc,0.04322491570110326,b1,legacy,0.019599998284382344,2.2053530349309116,False
1000000.0,1e+27,8192,exponential,europarl,0.0010077357774598576,b1,legacy,0.012737064754468426,0.07911836807662637,False
1000000.0,1e+27,8192,exponential,hackernews,0.03450492968237839,b1,legacy,0.01165082237856243,2.9615874795128305,False
1000000.0,1e+27,8192,exponential,pubmed_abstracts,0.027952210540300025,b1,legacy,0.06618116611255062,0.42235899096675417,False
1000000.0,1e+27,8192,exponential,uspto_backgrounds,0.024060027604940047,b1,legacy,0.07556475309321728,0.3184027819856621,False
1000000.0,1e+27,32768,exponential,arxiv,0.1402660162645866,b1,legacy,0.11302252583217468,1.2410447849384054,False
1000000.0,1e+27,32768,exponential,freelaw,0.14287966981251368,b1,legacy,0.09682483215160405,1.4756510973218007,False
1000000.0,1e+27,32768,exponential,nih_exporter,0.029387274633749304,b1,legacy,0.005889680217640528,4.989621430672882,False
1000000.0,1e+27,32768,exponential,pubmed_central,0.1655085920304363,b1,legacy,0.11375419104995738,1.4549669819000337,False
1000000.0,1e+27,32768,exponential,wikipedia_en,0.049915553404327614,b1,legacy,0.07507775607969777,0.6648514288485186,False
1000000.0,1e+27,32768,exponential,dm_mathematics,0.012571427684471712,b1,legacy,0.02546285409735114,0.49371636174043415,False
1000000.0,1e+27,32768,exponential,github,0.06176586903401087,b1,legacy,0.11070066006999096,0.5579539362724589,False
1000000.0,1e+27,32768,exponential,philpapers,0.013983344359140445,b1,legacy,0.005487697351757549,2.5481260103861207,False
1000000.0,1e+27,32768,exponential,stackexchange,0.17890049566437913,b1,legacy,0.09943242344369017,1.7992168899080763,False
1000000.0,1e+27,32768,exponential,enron_emails,0.02828296240063041,b1,legacy,0.0022110330440804327,12.791741162056343,False
1000000.0,1e+27,32768,exponential,gutenberg_pg_19,0.03561881557932624,b1,legacy,0.04691494424769629,0.7592211000245463,False
1000000.0,1e+27,32768,exponential,pile_cc,0.010166540035650675,b1,legacy,0.11948759779117796,0.08508447925631737,False
1000000.0,1e+27,32768,exponential,ubuntu_irc,0.043224585035705684,b1,legacy,0.019599998284382344,2.205336164245885,False
1000000.0,1e+27,32768,exponential,europarl,0.0010077382856728194,b1,legacy,0.012737064754468426,0.07911856499899507,False
1000000.0,1e+27,32768,exponential,hackernews,0.034503056934228886,b1,legacy,0.01165082237856243,2.961426739945386,False
1000000.0,1e+27,32768,exponential,pubmed_abstracts,0.027950554358768292,b1,legacy,0.06618116611255062,0.4223339659992443,False
1000000.0,1e+27,32768,exponential,uspto_backgrounds,0.02406750448240132,b1,legacy,0.07556475309321728,0.31850172861296133,False
1000000.0,1e+27,131072,exponential,arxiv,0.14026684015112523,b1,legacy,0.11302252583217468,1.2410520745165896,True
1000000.0,1e+27,131072,exponential,freelaw,0.14288018839316782,b1,legacy,0.09682483215160405,1.4756564531860208,True
1000000.0,1e+27,131072,exponential,nih_exporter,0.029386989508785672,b1,legacy,0.005889680217640528,4.989573019731524,True
1000000.0,1e+27,131072,exponential,pubmed_central,0.16550870367909518,b1,legacy,0.11375419104995738,1.4549679633905426,True
1000000.0,1e+27,131072,exponential,wikipedia_en,0.0499160630572885,b1,legacy,0.07507775607969777,0.6648582171835394,True
1000000.0,1e+27,131072,exponential,dm_mathematics,0.012568904633487948,b1,legacy,0.02546285409735114,0.49361727422360996,True
1000000.0,1e+27,131072,exponential,github,0.06176629805629862,b1,legacy,0.11070066006999096,0.5579578117894385,True
1000000.0,1e+27,131072,exponential,philpapers,0.01398492836823665,b1,legacy,0.005487697351757549,2.5484146576993147,True
1000000.0,1e+27,131072,exponential,stackexchange,0.17890183248922767,b1,legacy,0.09943242344369017,1.7992303344647134,True
1000000.0,1e+27,131072,exponential,enron_emails,0.028283196654530836,b1,legacy,0.0022110330440804327,12.791847109772075,True
1000000.0,1e+27,131072,exponential,gutenberg_pg_19,0.035615396362207646,b1,legacy,0.04691494424769629,0.7591482188312844,True
1000000.0,1e+27,131072,exponential,pile_cc,0.01016730171301104,b1,legacy,0.11948759779117796,0.08509085378701717,True
1000000.0,1e+27,131072,exponential,ubuntu_irc,0.04322397937726672,b1,legacy,0.019599998284382344,2.205305263302417,True
1000000.0,1e+27,131072,exponential,europarl,0.0010077374645177319,b1,legacy,0.012737064754468426,0.07911850052926807,True
1000000.0,1e+27,131072,exponential,hackernews,0.03450371141315369,b1,legacy,0.01165082237856243,2.961482914428486,True
1000000.0,1e+27,131072,exponential,pubmed_abstracts,0.027952872025014053,b1,legacy,0.06618116611255062,0.4223689860265708,True
1000000.0,1e+27,131072,exponential,uspto_backgrounds,0.024065056653584976,b1,legacy,0.07556475309321728,0.3184693348219921,True
0.01,1e+19,2048,power,arxiv,0.9770349313258636,b1,legacy,0.11302252583217468,8.644603579083403,False
0.01,1e+19,2048,power,freelaw,0.002332458866515003,b1,legacy,0.09682483215160405,0.024089469763943838,False
0.01,1e+19,2048,power,nih_exporter,0.0010223043747828256,b1,legacy,0.005889680217640528,0.17357553160880645,False
0.01,1e+19,2048,power,pubmed_central,0.0032210080404876085,b1,legacy,0.11375419104995738,0.028315510934212876,False
0.01,1e+19,2048,power,wikipedia_en,0.0011294796130348935,b1,legacy,0.07507775607969777,0.015044131204932521,False
0.01,1e+19,2048,power,dm_mathematics,0.0010293521492320814,b1,legacy,0.02546285409735114,0.04042563906216481,False
0.01,1e+19,2048,power,github,0.0010070479217453704,b1,legacy,0.11070066006999096,0.009097036287847426,False
0.01,1e+19,2048,power,philpapers,0.0010180107985134834,b1,legacy,0.005487697351757549,0.1855078247322521,False
0.01,1e+19,2048,power,stackexchange,0.0036054474231800838,b1,legacy,0.09943242344369017,0.03626027907508353,False
0.01,1e+19,2048,power,enron_emails,0.0010091162651413225,b1,legacy,0.0022110330440804327,0.4564003545053364,False
0.01,1e+19,2048,power,gutenberg_pg_19,0.00107644529649402,b1,legacy,0.04691494424769629,0.022944614211001173,False
0.01,1e+19,2048,power,pile_cc,0.0010171808278957501,b1,legacy,0.11948759779117796,0.008512856955024089,False
0.01,1e+19,2048,power,ubuntu_irc,0.0010659183081570187,b1,legacy,0.019599998284382344,0.05438359191114638,False
0.01,1e+19,2048,power,europarl,0.0010075944290988345,b1,legacy,0.012737064754468426,0.07910727067202429,False
0.01,1e+19,2048,power,hackernews,0.001040643281511537,b1,legacy,0.01165082237856243,0.0893192984751296,False
0.01,1e+19,2048,power,pubmed_abstracts,0.0010556378296801426,b1,legacy,0.06618116611255062,0.01595072875997498,False
0.01,1e+19,2048,power,uspto_backgrounds,0.0013274232486664124,b1,legacy,0.07556475309321728,0.017566698683298715,False
0.01,1e+19,4096,power,arxiv,0.9773800175540436,b1,legacy,0.11302252583217468,8.647656830863427,True
0.01,1e+19,4096,power,freelaw,0.0025636639078010955,b1,legacy,0.09682483215160405,0.026477339034133556,True
0.01,1e+19,4096,power,nih_exporter,0.0010224590374163338,b1,legacy,0.005889680217640528,0.1736017915461533,True
0.01,1e+19,4096,power,pubmed_central,0.0030401011296353896,b1,legacy,0.11375419104995738,0.026725179103952924,True
0.01,1e+19,4096,power,wikipedia_en,0.0011346722784191178,b1,legacy,0.07507775607969777,0.015113295037942022,True
0.01,1e+19,4096,power,dm_mathematics,0.001031743381886902,b1,legacy,0.02546285409735114,0.04051954969157336,True
0.01,1e+19,4096,power,github,0.001010516649864899,b1,legacy,0.11070066006999096,0.009128370591701943,True
0.01,1e+19,4096,power,philpapers,0.0010181438219377462,b1,legacy,0.005487697351757549,0.18553206503118552,True
0.01,1e+19,4096,power,stackexchange,0.003183383895844987,b1,legacy,0.09943242344369017,0.03201555172441087,True
0.01,1e+19,4096,power,enron_emails,0.0010091333869116283,b1,legacy,0.0022110330440804327,0.4564080982929526,True
0.01,1e+19,4096,power,gutenberg_pg_19,0.0010800740608406904,b1,legacy,0.04691494424769629,0.023021961938998286,True
0.01,1e+19,4096,power,pile_cc,0.0010216665259976943,b1,legacy,0.11948759779117796,0.008550398073808512,True
0.01,1e+19,4096,power,ubuntu_irc,0.0010667758168804082,b1,legacy,0.019599998284382344,0.05442734236004682,True
0.01,1e+19,4096,power,europarl,0.0010089247536294685,b1,legacy,0.012737064754468426,0.07921171581352893,True
0.01,1e+19,4096,power,hackernews,0.001040824383454979,b1,legacy,0.01165082237856243,0.08933484260905916,True
0.01,1e+19,4096,power,pubmed_abstracts,0.0010603604089146875,b1,legacy,0.06618116611255062,0.01602208711631632,True
0.01,1e+19,4096,power,uspto_backgrounds,0.0013275390065202956,b1,legacy,0.07556475309321728,0.01756823058605952,True
0.01,1e+19,8192,power,arxiv,0.9769153034126858,b1,legacy,0.11302252583217468,8.643545135978394,False
0.01,1e+19,8192,power,freelaw,0.002769632355580375,b1,legacy,0.09682483215160405,0.028604566556271506,False
0.01,1e+19,8192,power,nih_exporter,0.0010215761957365608,b1,legacy,0.005889680217640528,0.17345189517705523,False
0.01,1e+19,8192,power,pubmed_central,0.003240012576256515,b1,legacy,0.11375419104995738,0.028482577620666305,False
0.01,1e+19,8192,power,wikipedia_en,0.0011196991558109234,b1,legacy,0.07507775607969777,0.014913860166815882,False
0.01,1e+19,8192,power,dm_mathematics,0.0010250603802640396,b1,legacy,0.02546285409735114,0.04025708886933751,False
0.01,1e+19,8192,power,github,0.0010044401068124097,b1,legacy,0.11070066006999096,0.009073478931176635,False
0.01,1e+19,8192,power,philpapers,0.0010170370763851453,b1,legacy,0.005487697351757549,0.18533038744555003,False
0.01,1e+19,8192,power,stackexchange,0.003314370005600232,b1,legacy,0.09943242344369017,0.033332889723614166,False
0.01,1e+19,8192,power,enron_emails,0.0010090390484404838,b1,legacy,0.0022110330440804327,0.45636543114630046,False
0.01,1e+19,8192,power,gutenberg_pg_19,0.0010683752702203815,b1,legacy,0.04691494424769629,0.02277260023116926,False
0.01,1e+19,8192,power,pile_cc,0.0010126145302819622,b1,legacy,0.11948759779117796,0.008474641293330327,False
0.01,1e+19,8192,power,ubuntu_irc,0.0010629469623187463,b1,legacy,0.019599998284382344,0.054231992620413796,False
0.01,1e+19,8192,power,europarl,0.001006122063379216,b1,legacy,0.012737064754468426,0.07899167373128473,False
0.01,1e+19,8192,power,hackernews,0.0010385973892322604,b1,legacy,0.01165082237856243,0.08914369779967504,False
0.01,1e+19,8192,power,pubmed_abstracts,0.001047790358701966,b1,legacy,0.06618116611255062,0.015832153167565033,False
0.01,1e+19,8192,power,uspto_backgrounds,0.0013273831122930968,b1,legacy,0.07556475309321728,0.017566167531251328,False
0.01,1e+19,32768,power,arxiv,0.9765167026658353,b1,legacy,0.11302252583217468,8.640018398773437,False
0.01,1e+19,32768,power,freelaw,0.00260265901850842,b1,legacy,0.09682483215160405,0.026880077772128655,False
0.01,1e+19,32768,power,nih_exporter,0.001050498003364838,b1,legacy,0.005889680217640528,0.17836248566066956,False
0.01,1e+19,32768,power,pubmed_central,0.00336324720301292,b1,legacy,0.11375419104995738,0.029565919039729133,False
0.01,1e+19,32768,power,wikipedia_en,0.0011558626436679721,b1,legacy,0.07507775607969777,0.015395540623789845,False
0.01,1e+19,32768,power,dm_mathematics,0.0010385687943774394,b1,legacy,0.02546285409735114,0.040787603400888196,False
0.01,1e+19,32768,power,github,0.0010129533514366303,b1,legacy,0.11070066006999096,0.009150382218102278,False
0.01,1e+19,32768,power,philpapers,0.0010347556935816115,b1,legacy,0.005487697351757549,0.18855917650965381,False
0.01,1e+19,32768,power,stackexchange,0.003480563803690486,b1,legacy,0.09943242344369017,0.03500431431867466,False
0.01,1e+19,32768,power,enron_emails,0.0010217263732291172,b1,legacy,0.0022110330440804327,0.46210361982810283,False
0.01,1e+19,32768,power,gutenberg_pg_19,0.0010957769307437897,b1,legacy,0.04691494424769629,0.023356671276393914,False
0.01,1e+19,32768,power,pile_cc,0.0010261552799192089,b1,legacy,0.11948759779117796,0.008587964766959038,False
0.01,1e+19,32768,power,ubuntu_irc,0.00112848686095255,b1,legacy,0.019599998284382344,0.05757586529238373,False
0.01,1e+19,32768,power,europarl,0.0010081539496912255,b1,legacy,0.012737064754468426,0.07915119920683014,False
0.01,1e+19,32768,power,hackernews,0.0010644516642963754,b1,legacy,0.01165082237856243,0.09136279223129963,False
0.01,1e+19,32768,power,pubmed_abstracts,0.0010721883670180455,b1,legacy,0.06618116611255062,0.016200808024365035,False
0.01,1e+19,32768,power,uspto_backgrounds,0.001327249396674066,b1,legacy,0.07556475309321728,0.017564397981116416,False
0.01,1e+19,131072,power,arxiv,0.9764245380232496,b1,legacy,0.11302252583217468,8.639202945022895,False
0.01,1e+19,131072,power,freelaw,0.0028182376334766395,b1,legacy,0.09682483215160405,0.029106558419476188,False
0.01,1e+19,131072,power,nih_exporter,0.001048892045526226,b1,legacy,0.005889680217640528,0.1780898124799081,False
0.01,1e+19,131072,power,pubmed_central,0.0033351959920588582,b1,legacy,0.11375419104995738,0.029319324073028147,False
0.01,1e+19,131072,power,wikipedia_en,0.0011629556344745838,b1,legacy,0.07507775607969777,0.015490015887529511,False
0.01,1e+19,131072,power,dm_mathematics,0.001025617063304673,b1,legacy,0.02546285409735114,0.040278951424041906,False
0.01,1e+19,131072,power,github,0.0010038976152387147,b1,legacy,0.11070066006999096,0.009068578404175695,False
0.01,1e+19,131072,power,philpapers,0.001042130052353677,b1,legacy,0.005487697351757549,0.18990297488251848,False
0.01,1e+19,131072,power,stackexchange,0.00340814468402375,b1,legacy,0.09943242344369017,0.03427598932006143,False
0.01,1e+19,131072,power,enron_emails,0.001021090122948219,b1,legacy,0.0022110330440804327,0.4618158582848723,False
0.01,1e+19,131072,power,gutenberg_pg_19,0.0010806857082211374,b1,legacy,0.04691494424769629,0.023034999306733767,False
0.01,1e+19,131072,power,pile_cc,0.0010111930582135087,b1,legacy,0.11948759779117796,0.008462744894919692,False
0.01,1e+19,131072,power,ubuntu_irc,0.0011283841133039902,b1,legacy,0.019599998284382344,0.05757062306495753,False
0.01,1e+19,131072,power,europarl,0.0010108781334605265,b1,legacy,0.012737064754468426,0.07936507766484342,False
0.01,1e+19,131072,power,hackernews,0.0010936394790505336,b1,legacy,0.01165082237856243,0.09386800721147681,False
0.01,1e+19,131072,power,pubmed_abstracts,0.001057302162249412,b1,legacy,0.06618116611255062,0.015975876889979805,False
0.01,1e+19,131072,power,uspto_backgrounds,0.001327218478845873,b1,legacy,0.07556475309321728,0.017563988824374318,False
10.0,1e+22,2048,power,arxiv,0.15767687863984584,b1,legacy,0.11302252583217468,1.395092504603708,False
10.0,1e+22,2048,power,freelaw,0.14095704707745288,b1,legacy,0.09682483215160405,1.4557943860594413,False
10.0,1e+22,2048,power,nih_exporter,0.029078318961823005,b1,legacy,0.005889680217640528,4.937164308977051,False
10.0,1e+22,2048,power,pubmed_central,0.1627358538525681,b1,legacy,0.11375419104995738,1.4305921597306201,False
10.0,1e+22,2048,power,wikipedia_en,0.05029821220574927,b1,legacy,0.07507775607969777,0.6699482620705377,False
10.0,1e+22,2048,power,dm_mathematics,0.011936566168502284,b1,legacy,0.02546285409735114,0.46878351196867696,False
10.0,1e+22,2048,power,github,0.05514396800041159,b1,legacy,0.11070066006999096,0.49813585542802163,False
10.0,1e+22,2048,power,philpapers,0.01275197578877606,b1,legacy,0.005487697351757549,2.3237388965504766,False
10.0,1e+22,2048,power,stackexchange,0.1766305515536038,b1,legacy,0.09943242344369017,1.7763878766731647,False
10.0,1e+22,2048,power,enron_emails,0.02835361716131466,b1,legacy,0.0022110330440804327,12.823696704680826,False
10.0,1e+22,2048,power,gutenberg_pg_19,0.03490557503029663,b1,legacy,0.04691494424769629,0.7440182566562601,False
10.0,1e+22,2048,power,pile_cc,0.009599178538523555,b1,legacy,0.11948759779117796,0.08033619150415529,False
10.0,1e+22,2048,power,ubuntu_irc,0.04247413033110332,b1,legacy,0.019599998284382344,2.167047655557578,False
10.0,1e+22,2048,power,europarl,0.0011356312990389577,b1,legacy,0.012737064754468426,0.08915957647467833,False
10.0,1e+22,2048,power,hackernews,0.033793226818843544,b1,legacy,0.01165082237856243,2.900501417052177,False
10.0,1e+22,2048,power,pubmed_abstracts,0.027521303109496412,b1,legacy,0.06618116611255062,0.4158479628886029,False
10.0,1e+22,2048,power,uspto_backgrounds,0.02500796546265009,b1,legacy,0.07556475309321728,0.33094749124370276,False
10.0,1e+22,4096,power,arxiv,0.15982671331068837,b1,legacy,0.11302252583217468,1.414113798412296,False
10.0,1e+22,4096,power,freelaw,0.14076137599114924,b1,legacy,0.09682483215160405,1.4537735089563728,False
10.0,1e+22,4096,power,nih_exporter,0.029252385675928513,b1,legacy,0.005889680217640528,4.96671883616244,False
10.0,1e+22,4096,power,pubmed_central,0.1630758702037793,b1,legacy,0.11375419104995738,1.433581204337002,False
10.0,1e+22,4096,power,wikipedia_en,0.049323204255713154,b1,legacy,0.07507775607969777,0.6569616199417945,False
10.0,1e+22,4096,power,dm_mathematics,0.011772096376039511,b1,legacy,0.02546285409735114,0.4623243070486801,False
10.0,1e+22,4096,power,github,0.055161634178045885,b1,legacy,0.11070066006999096,0.4982954405436219,False
10.0,1e+22,4096,power,philpapers,0.013934105489968544,b1,legacy,0.005487697351757549,2.5391534184198146,False
10.0,1e+22,4096,power,stackexchange,0.1762539409536885,b1,legacy,0.09943242344369017,1.7726002731242219,False
10.0,1e+22,4096,power,enron_emails,0.02752344832191811,b1,legacy,0.0022110330440804327,12.448230204250564,False
10.0,1e+22,4096,power,gutenberg_pg_19,0.03509384631336258,b1,legacy,0.04691494424769629,0.7480312910120495,False
10.0,1e+22,4096,power,pile_cc,0.009755838979204009,b1,legacy,0.11948759779117796,0.08164729360660312,False
10.0,1e+22,4096,power,ubuntu_irc,0.042632701485688436,b1,legacy,0.019599998284382344,2.1751380212955933,False
10.0,1e+22,4096,power,europarl,0.0011889234257094663,b1,legacy,0.012737064754468426,0.09334359592482776,False
10.0,1e+22,4096,power,hackernews,0.033947836902511824,b1,legacy,0.01165082237856243,2.9137717321118903,False
10.0,1e+22,4096,power,pubmed_abstracts,0.02764276819808068,b1,legacy,0.06618116611255062,0.4176833051123663,False
10.0,1e+22,4096,power,uspto_backgrounds,0.022853309938523747,b1,legacy,0.07556475309321728,0.30243346273270716,False
10.0,1e+22,8192,power,arxiv,0.16329848755923393,b1,legacy,0.11302252583217468,1.4448313409816484,True
10.0,1e+22,8192,power,freelaw,0.14014075794086148,b1,legacy,0.09682483215160405,1.4473638097449553,True
10.0,1e+22,8192,power,nih_exporter,0.02887919276303198,b1,legacy,0.005889680217640528,4.903354969346927,True
10.0,1e+22,8192,power,pubmed_central,0.16233532560442854,b1,legacy,0.11375419104995738,1.42707116200348,True
10.0,1e+22,8192,power,wikipedia_en,0.04898640696956992,b1,legacy,0.07507775607969777,0.6524756402891033,True
10.0,1e+22,8192,power,dm_mathematics,0.012289177702456768,b1,legacy,0.02546285409735114,0.482631587781638,True
10.0,1e+22,8192,power,github,0.05401014283440073,b1,legacy,0.11070066006999096,0.48789359340994526,True
10.0,1e+22,8192,power,philpapers,0.013773770987824601,b1,legacy,0.005487697351757549,2.509936336670109,True
10.0,1e+22,8192,power,stackexchange,0.1755036715131028,b1,legacy,0.09943242344369017,1.7650547521100373,True
10.0,1e+22,8192,power,enron_emails,0.027825963160326768,b1,legacy,0.0022110330440804327,12.58505079099782,True
10.0,1e+22,8192,power,gutenberg_pg_19,0.03496899428464564,b1,legacy,0.04691494424769629,0.7453700488275173,True
10.0,1e+22,8192,power,pile_cc,0.009963573999067967,b1,legacy,0.11948759779117796,0.08338584240751722,True
10.0,1e+22,8192,power,ubuntu_irc,0.04240683371598435,b1,legacy,0.019599998284382344,2.163614154485663,True
10.0,1e+22,8192,power,europarl,0.0011177758584719109,b1,legacy,0.012737064754468426,0.0877577275470608,True
10.0,1e+22,8192,power,hackernews,0.03383718604771956,b1,legacy,0.01165082237856243,2.9042744750774117,True
10.0,1e+22,8192,power,pubmed_abstracts,0.027481528180616586,b1,legacy,0.06618116611255062,0.41524696216262313,True
10.0,1e+22,8192,power,uspto_backgrounds,0.023181210878256236,b1,legacy,0.07556475309321728,0.3067727998748267,True
10.0,1e+22,32768,power,arxiv,0.1610696185020749,b1,legacy,0.11302252583217468,1.4251107672221428,False
10.0,1e+22,32768,power,freelaw,0.14047847285804246,b1,legacy,0.09682483215160405,1.450851705460098,False
10.0,1e+22,32768,power,nih_exporter,0.028942421549331725,b1,legacy,0.005889680217640528,4.914090490455589,False
10.0,1e+22,32768,power,pubmed_central,0.1625953171350901,b1,legacy,0.11375419104995738,1.429356717623557,False
10.0,1e+22,32768,power,wikipedia_en,0.049035228970767626,b1,legacy,0.07507775607969777,0.6531259261227113,False
10.0,1e+22,32768,power,dm_mathematics,0.012315769795097475,b1,legacy,0.02546285409735114,0.4836759362485867,False
10.0,1e+22,32768,power,github,0.054518366902874066,b1,legacy,0.11070066006999096,0.49248456936394597,False
10.0,1e+22,32768,power,philpapers,0.013773138011827706,b1,legacy,0.005487697351757549,2.509820992117317,False
10.0,1e+22,32768,power,stackexchange,0.17586208175076268,b1,legacy,0.09943242344369017,1.7686593131299426,False
10.0,1e+22,32768,power,enron_emails,0.027841405207551503,b1,legacy,0.0022110330440804327,12.592034878036266,False
10.0,1e+22,32768,power,gutenberg_pg_19,0.034907843053674205,b1,legacy,0.04691494424769629,0.7440665999595283,False
10.0,1e+22,32768,power,pile_cc,0.01008617241252446,b1,legacy,0.11948759779117796,0.0844118770397537,False
10.0,1e+22,32768,power,ubuntu_irc,0.04258660973024398,b1,legacy,0.019599998284382344,2.1727864009140148,False
10.0,1e+22,32768,power,europarl,0.0011233828574617273,b1,legacy,0.012737064754468426,0.0881979387808028,False
10.0,1e+22,32768,power,hackernews,0.033941499659339555,b1,legacy,0.01165082237856243,2.913227801137204,False
10.0,1e+22,32768,power,pubmed_abstracts,0.027326864971955966,b1,legacy,0.06618116611255062,0.4129099950502941,False
10.0,1e+22,32768,power,uspto_backgrounds,0.023595806631379883,b1,legacy,0.07556475309321728,0.31225942870840734,False
10.0,1e+22,131072,power,arxiv,0.15866647883538573,b1,legacy,0.11302252583217468,1.4038482830492307,False
10.0,1e+22,131072,power,freelaw,0.14070786573730762,b1,legacy,0.09682483215160405,1.4532208588494473,False
10.0,1e+22,131072,power,nih_exporter,0.029003811645202934,b1,legacy,0.005889680217640528,4.924513823064944,False
10.0,1e+22,131072,power,pubmed_central,0.162954195195205,b1,legacy,0.11375419104995738,1.43251157334186,False
10.0,1e+22,131072,power,wikipedia_en,0.049298288234362324,b1,legacy,0.07507775607969777,0.6566297503887889,False
10.0,1e+22,131072,power,dm_mathematics,0.01238245694356982,b1,legacy,0.02546285409735114,0.486294933640528,False
10.0,1e+22,131072,power,github,0.05525073628103661,b1,legacy,0.11070066006999096,0.49910033279028415,False
10.0,1e+22,131072,power,philpapers,0.013678204986155008,b1,legacy,0.005487697351757549,2.492521746261076,False
10.0,1e+22,131072,power,stackexchange,0.17619701323963702,b1,legacy,0.09943242344369017,1.772027746456563,False
10.0,1e+22,131072,power,enron_emails,0.02797081248055768,b1,legacy,0.0022110330440804327,12.650562846830146,False
10.0,1e+22,131072,power,gutenberg_pg_19,0.03497977719224336,b1,legacy,0.04691494424769629,0.7455998883332576,False
10.0,1e+22,131072,power,pile_cc,0.009980239587990013,b1,legacy,0.11948759779117796,0.0835253178780273,False
10.0,1e+22,131072,power,ubuntu_irc,0.042564787445837866,b1,legacy,0.019599998284382344,2.1716730189591043,False
10.0,1e+22,131072,power,europarl,0.0011196166288321378,b1,legacy,0.012737064754468426,0.08790224831347843,False
10.0,1e+22,131072,power,hackernews,0.034021460866134744,b1,legacy,0.01165082237856243,2.9200909395661543,False
10.0,1e+22,131072,power,pubmed_abstracts,0.02736703475757733,b1,legacy,0.06618116611255062,0.4135169620770317,False
10.0,1e+22,131072,power,uspto_backgrounds,0.023857219942964858,b1,legacy,0.07556475309321728,0.31571888964600203,False
1000.0,1e+24,2048,power,arxiv,0.14661330898894986,b1,legacy,0.11302252583217468,1.2972043219654603,False
1000.0,1e+24,2048,power,freelaw,0.1422564572642116,b1,legacy,0.09682483215160405,1.4692146023188837,False
1000.0,1e+24,2048,power,nih_exporter,0.029479749001259853,b1,legacy,0.005889680217640528,5.005322515297744,False
1000.0,1e+24,2048,power,pubmed_central,0.16471842899214784,b1,legacy,0.11375419104995738,1.4480207495810729,False
1000.0,1e+24,2048,power,wikipedia_en,0.04959242740538663,b1,legacy,0.07507775607969777,0.6605475442385687,False
1000.0,1e+24,2048,power,dm_mathematics,0.012370079003129607,b1,legacy,0.02546285409735114,0.4858088160830504,False
1000.0,1e+24,2048,power,github,0.05933851887837351,b1,legacy,0.11070066006999096,0.5360267846718934,False
1000.0,1e+24,2048,power,philpapers,0.013646185971962304,b1,legacy,0.005487697351757549,2.4866870560184644,False
1000.0,1e+24,2048,power,stackexchange,0.17813116375499174,b1,legacy,0.09943242344369017,1.791479656088938,False
1000.0,1e+24,2048,power,enron_emails,0.028179626231890346,b1,legacy,0.0022110330440804327,12.745004561254866,False
1000.0,1e+24,2048,power,gutenberg_pg_19,0.03562406529583044,b1,legacy,0.04691494424769629,0.7593329986229223,False
1000.0,1e+24,2048,power,pile_cc,0.010478528377188462,b1,legacy,0.11948759779117796,0.08769553134293671,False
1000.0,1e+24,2048,power,ubuntu_irc,0.04301046684832912,b1,legacy,0.019599998284382344,2.194411765974525,False
1000.0,1e+24,2048,power,europarl,0.0011270208621447409,b1,legacy,0.012737064754468426,0.08848356225474621,False
1000.0,1e+24,2048,power,hackernews,0.03451361783426698,b1,legacy,0.01165082237856243,2.9623331909833426,False
1000.0,1e+24,2048,power,pubmed_abstracts,0.02706242270144067,b1,legacy,0.06618116611255062,0.40891426203365944,False
1000.0,1e+24,2048,power,uspto_backgrounds,0.023857932588496333,b1,legacy,0.07556475309321728,0.3157283205711663,False
1000.0,1e+24,4096,power,arxiv,0.18459530462017493,b1,legacy,0.11302252583217468,1.633261186307918,False
1000.0,1e+24,4096,power,freelaw,0.13584035036994566,b1,legacy,0.09682483215160405,1.4029495053216599,False
1000.0,1e+24,4096,power,nih_exporter,0.027917111313759364,b1,legacy,0.005889680217640528,4.74000459823662,False
1000.0,1e+24,4096,power,pubmed_central,0.15722755913821088,b1,legacy,0.11375419104995738,1.3821693749214157,False
1000.0,1e+24,4096,power,wikipedia_en,0.04746506969848956,b1,legacy,0.07507775607969777,0.6322121514673888,False
1000.0,1e+24,4096,power,dm_mathematics,0.01244116500169901,b1,legacy,0.02546285409735114,0.4886005690537748,False
1000.0,1e+24,4096,power,github,0.049207041852084625,b1,legacy,0.11070066006999096,0.44450540602895466,False
1000.0,1e+24,4096,power,philpapers,0.013002707762429146,b1,legacy,0.005487697351757549,2.369428729203654,False
1000.0,1e+24,4096,power,stackexchange,0.16985362235737145,b1,legacy,0.09943242344369017,1.7082317464942578,False
1000.0,1e+24,4096,power,enron_emails,0.026800015814825273,b1,legacy,0.0022110330440804327,12.12103812133273,False
1000.0,1e+24,4096,power,gutenberg_pg_19,0.03394129813246219,b1,legacy,0.04691494424769629,0.7234645309021942,False
1000.0,1e+24,4096,power,pile_cc,0.009723625489088176,b1,legacy,0.11948759779117796,0.08137769667176364,False
1000.0,1e+24,4096,power,ubuntu_irc,0.041279372540208935,b1,legacy,0.019599998284382344,2.1060906200742444,False
1000.0,1e+24,4096,power,europarl,0.0010097574736835696,b1,legacy,0.012737064754468426,0.07927709351790221,False
1000.0,1e+24,4096,power,hackernews,0.032897744633564416,b1,legacy,0.01165082237856243,2.8236414190037284,False
1000.0,1e+24,4096,power,pubmed_abstracts,0.02671214967003254,b1,legacy,0.06618116611255062,0.4036216228738653,False
1000.0,1e+24,4096,power,uspto_backgrounds,0.030086104131970107,b1,legacy,0.07556475309321728,0.39814996940247593,False
1000.0,1e+24,8192,power,arxiv,0.140870435417525,b1,legacy,0.11302252583217468,1.2463925609546298,True
1000.0,1e+24,8192,power,freelaw,0.14301741838137597,b1,legacy,0.09682483215160405,1.4770737547723873,True
1000.0,1e+24,8192,power,nih_exporter,0.029682403397816384,b1,legacy,0.005889680217640528,5.039730902352367,True
1000.0,1e+24,8192,power,pubmed_central,0.1655965960429419,b1,legacy,0.11375419104995738,1.4557406150443892,True
1000.0,1e+24,8192,power,wikipedia_en,0.049893384351737805,b1,legacy,0.07507775607969777,0.664556147612805,True
1000.0,1e+24,8192,power,dm_mathematics,0.011771806342295393,b1,legacy,0.02546285409735114,0.4623129165838481,True
1000.0,1e+24,8192,power,github,0.06182317503134452,b1,legacy,0.11070066006999096,0.5584716025383819,True
1000.0,1e+24,8192,power,philpapers,0.014323523132433277,b1,legacy,0.005487697351757549,2.6101153570077753,True
1000.0,1e+24,8192,power,stackexchange,0.1789086903014653,b1,legacy,0.09943242344369017,1.7992993040422427,True
1000.0,1e+24,8192,power,enron_emails,0.02774639674059686,b1,legacy,0.0022110330440804327,12.54906470750489,True
1000.0,1e+24,8192,power,gutenberg_pg_19,0.03839472686869401,b1,legacy,0.04691494424769629,0.8183901203416509,True
1000.0,1e+24,8192,power,pile_cc,0.009959148114987354,b1,legacy,0.11948759779117796,0.08334880187642922,True
1000.0,1e+24,8192,power,ubuntu_irc,0.04337638343547146,b1,legacy,0.019599998284382344,2.213080981238381,True
1000.0,1e+24,8192,power,europarl,0.0010997070767365562,b1,legacy,0.012737064754468426,0.08633912898580155,True
1000.0,1e+24,8192,power,hackernews,0.0344811498436457,b1,legacy,0.01165082237856243,2.9595464357169483,True
1000.0,1e+24,8192,power,pubmed_abstracts,0.02788146445573258,b1,legacy,0.06618116611255062,0.42129001487093964,True
1000.0,1e+24,8192,power,uspto_backgrounds,0.021173591065199955,b1,legacy,0.07556475309321728,0.2802045953763661,True
1000.0,1e+24,32768,power,arxiv,0.1452530454282592,b1,legacy,0.11302252583217468,1.2851689905067518,False
1000.0,1e+24,32768,power,freelaw,0.1418878855570437,b1,legacy,0.09682483215160405,1.4654080198650066,False
1000.0,1e+24,32768,power,nih_exporter,0.027047363812410383,b1,legacy,0.005889680217640528,4.592331470119419,False
1000.0,1e+24,32768,power,pubmed_central,0.16707763014051322,b1,legacy,0.11375419104995738,1.4687602153237396,False
1000.0,1e+24,32768,power,wikipedia_en,0.04753285498020185,b1,legacy,0.07507775607969777,0.6331150191775043,False
1000.0,1e+24,32768,power,dm_mathematics,0.01192008207390164,b1,legacy,0.02546285409735114,0.4681361338492556,False
1000.0,1e+24,32768,power,github,0.05785014957469429,b1,legacy,0.11070066006999096,0.5225817943462874,False
1000.0,1e+24,32768,power,philpapers,0.004400485614554466,b1,legacy,0.005487697351757549,0.8018819793597254,False
1000.0,1e+24,32768,power,stackexchange,0.17796561773654831,b1,legacy,0.09943242344369017,1.789814746266669,False
1000.0,1e+24,32768,power,enron_emails,0.027838645088209515,b1,legacy,0.0022110330440804327,12.590786538781735,False
1000.0,1e+24,32768,power,gutenberg_pg_19,0.03606389316792911,b1,legacy,0.04691494424769629,0.7687080043732545,False
1000.0,1e+24,32768,power,pile_cc,0.01086675649651785,b1,legacy,0.11948759779117796,0.09094463942198498,False
1000.0,1e+24,32768,power,ubuntu_irc,0.0413534003931445,b1,legacy,0.019599998284382344,2.1098675516770675,False
1000.0,1e+24,32768,power,europarl,0.001014343915433849,b1,legacy,0.012737064754468426,0.07963717975744734,False
1000.0,1e+24,32768,power,hackernews,0.03283341006072808,b1,legacy,0.01165082237856243,2.818119527866266,False
1000.0,1e+24,32768,power,pubmed_abstracts,0.025335879432070094,b1,legacy,0.06618116611255062,0.3828261259250521,False
1000.0,1e+24,32768,power,uspto_backgrounds,0.04375855652783984,b1,legacy,0.07556475309321728,0.5790868723392629,False
1000.0,1e+24,131072,power,arxiv,0.14393703265801736,b1,legacy,0.11302252583217468,1.2735251809161223,False
1000.0,1e+24,131072,power,freelaw,0.1429727336059044,b1,legacy,0.09682483215160405,1.4766122535801973,False
1000.0,1e+24,131072,power,nih_exporter,0.02880065560774602,b1,legacy,0.005889680217640528,4.890020263151721,False
1000.0,1e+24,131072,power,pubmed_central,0.1647352805283528,b1,legacy,0.11375419104995738,1.4481688894961775,False
1000.0,1e+24,131072,power,wikipedia_en,0.04922830575506159,b1,legacy,0.07507775607969777,0.6556976170518996,False
1000.0,1e+24,131072,power,dm_mathematics,0.010876000483228811,b1,legacy,0.02546285409735114,0.4271320269772988,False
1000.0,1e+24,131072,power,github,0.06044004857450042,b1,legacy,0.11070066006999096,0.5459773097675023,False
1000.0,1e+24,131072,power,philpapers,0.014793549816191912,b1,legacy,0.005487697351757549,2.695766342043985,False
1000.0,1e+24,131072,power,stackexchange,0.1769464918452993,b1,legacy,0.09943242344369017,1.779565313979361,False
1000.0,1e+24,131072,power,enron_emails,0.028338770266875667,b1,legacy,0.0022110330440804327,12.816981791722496,False
1000.0,1e+24,131072,power,gutenberg_pg_19,0.035205743972984524,b1,legacy,0.04691494424769629,0.7504164086204422,False
1000.0,1e+24,131072,power,pile_cc,0.01028887933908268,b1,legacy,0.11948759779117796,0.08610834537877311,False
1000.0,1e+24,131072,power,ubuntu_irc,0.04399754032550067,b1,legacy,0.019599998284382344,2.2447726620751163,False
1000.0,1e+24,131072,power,europarl,0.001263246018225538,b1,legacy,0.012737064754468426,0.09917873878927758,False
1000.0,1e+24,131072,power,hackernews,0.03500034521099766,b1,legacy,0.01165082237856243,3.004109415949767,False
1000.0,1e+24,131072,power,pubmed_abstracts,0.02783843470745327,b1,legacy,0.06618116611255062,0.42063983369694624,False
1000.0,1e+24,131072,power,uspto_backgrounds,0.025336941284577554,b1,legacy,0.07556475309321728,0.3353010530362179,False
10000.0,1e+25,2048,power,arxiv,0.12726658099035065,b1,legacy,0.11302252583217468,1.1260284624971728,False
10000.0,1e+25,2048,power,freelaw,0.14373688144830737,b1,legacy,0.09682483215160405,1.4845043183059745,False
10000.0,1e+25,2048,power,nih_exporter,0.029406181095920095,b1,legacy,0.005889680217640528,4.992831530622649,False
10000.0,1e+25,2048,power,pubmed_central,0.16646291496904575,b1,legacy,0.11375419104995738,1.463356325007316,False
10000.0,1e+25,2048,power,wikipedia_en,0.05033997053830015,b1,legacy,0.07507775607969777,0.6705044631976272,False
10000.0,1e+25,2048,power,dm_mathematics,0.012909535940204813,b1,legacy,0.02546285409735114,0.5069948518280113,False
10000.0,1e+25,2048,power,github,0.06699863612174328,b1,legacy,0.11070066006999096,0.605223456476078,False
10000.0,1e+25,2048,power,philpapers,0.014446391677642594,b1,legacy,0.005487697351757549,2.6325051750559525,False
10000.0,1e+25,2048,power,stackexchange,0.17970385489343463,b1,legacy,0.09943242344369017,1.8072963392590262,False
10000.0,1e+25,2048,power,enron_emails,0.027936027004354873,b1,legacy,0.0022110330440804327,12.634830166445319,False
10000.0,1e+25,2048,power,gutenberg_pg_19,0.03753730663648171,b1,legacy,0.04691494424769629,0.8001140625532117,False
10000.0,1e+25,2048,power,pile_cc,0.010988666035897106,b1,legacy,0.11948759779117796,0.09196490881925173,False
10000.0,1e+25,2048,power,ubuntu_irc,0.043216703631362194,b1,legacy,0.019599998284382344,2.204934051744183,False
10000.0,1e+25,2048,power,europarl,0.001038251306092931,b1,legacy,0.012737064754468426,0.08151417348558983,False
10000.0,1e+25,2048,power,hackernews,0.034696167023730004,b1,legacy,0.01165082237856243,2.9780015432705524,False
10000.0,1e+25,2048,power,pubmed_abstracts,0.02900213823855344,b1,legacy,0.06618116611255062,0.4382234394182647,False
10000.0,1e+25,2048,power,uspto_backgrounds,0.024313792448578134,b1,legacy,0.07556475309321728,0.32176102552183883,False
10000.0,1e+25,4096,power,arxiv,0.12914812908955195,b1,legacy,0.11302252583217468,1.1426760120484472,False
10000.0,1e+25,4096,power,freelaw,0.1437273635737806,b1,legacy,0.09682483215160405,1.4844060183728347,False
10000.0,1e+25,4096,power,nih_exporter,0.029421762437761467,b1,legacy,0.005889680217640528,4.99547706336222,False
10000.0,1e+25,4096,power,pubmed_central,0.16653031067428292,b1,legacy,0.11375419104995738,1.4639487928945658,False
10000.0,1e+25,4096,power,wikipedia_en,0.05061159717475347,b1,legacy,0.07507775607969777,0.6741224007950826,False
10000.0,1e+25,4096,power,dm_mathematics,0.012835598771710068,b1,legacy,0.02546285409735114,0.5040911251596628,False
10000.0,1e+25,4096,power,github,0.06620769354453618,b1,legacy,0.11070066006999096,0.5980785796821454,False
10000.0,1e+25,4096,power,philpapers,0.014052115083121274,b1,legacy,0.005487697351757549,2.5606578100778083,False
10000.0,1e+25,4096,power,stackexchange,0.17978938012176043,b1,legacy,0.09943242344369017,1.8081564734623752,False
10000.0,1e+25,4096,power,enron_emails,0.02831453497038842,b1,legacy,0.0022110330440804327,12.80602071786965,False
10000.0,1e+25,4096,power,gutenberg_pg_19,0.036069844216650396,b1,legacy,0.04691494424769629,0.768834851986882,False
10000.0,1e+25,4096,power,pile_cc,0.011149684566112799,b1,legacy,0.11948759779117796,0.09331248407553144,False
10000.0,1e+25,4096,power,ubuntu_irc,0.04337648012998636,b1,legacy,0.019599998284382344,2.2130859146324298,False
10000.0,1e+25,4096,power,europarl,0.001140434860562019,b1,legacy,0.012737064754468426,0.08953670900997271,False
10000.0,1e+25,4096,power,hackernews,0.03461694498943277,b1,legacy,0.01165082237856243,2.9712018486461624,False
10000.0,1e+25,4096,power,pubmed_abstracts,0.02854954528908966,b1,legacy,0.06618116611255062,0.4313847423077593,False
10000.0,1e+25,4096,power,uspto_backgrounds,0.02445858050651908,b1,legacy,0.07556475309321728,0.3236771048050244,False
10000.0,1e+25,8192,power,arxiv,0.14163534550159393,b1,legacy,0.11302252583217468,1.2531603276315553,True
10000.0,1e+25,8192,power,freelaw,0.1428447863005226,b1,legacy,0.09682483215160405,1.4752908228837676,True
10000.0,1e+25,8192,power,nih_exporter,0.029300148602766862,b1,legacy,0.005889680217640528,4.974828432112199,True
10000.0,1e+25,8192,power,pubmed_central,0.16544781307815135,b1,legacy,0.11375419104995738,1.4544326811263746,True
10000.0,1e+25,8192,power,wikipedia_en,0.05032423687602462,b1,legacy,0.07507775607969777,0.6702948982998854,True
10000.0,1e+25,8192,power,dm_mathematics,0.01236874694848471,b1,legacy,0.02546285409735114,0.4857565024406047,True
10000.0,1e+25,8192,power,github,0.06169052952068797,b1,legacy,0.11070066006999096,0.557273366587732,True
10000.0,1e+25,8192,power,philpapers,0.013936781402984391,b1,legacy,0.005487697351757549,2.5396410387903128,True
10000.0,1e+25,8192,power,stackexchange,0.1787971716769267,b1,legacy,0.09943242344369017,1.7981777521311426,True
10000.0,1e+25,8192,power,enron_emails,0.028272493910234436,b1,legacy,0.0022110330440804327,12.787006501747218,True
10000.0,1e+25,8192,power,gutenberg_pg_19,0.03532142097607957,b1,legacy,0.04691494424769629,0.7528820835764714,True
10000.0,1e+25,8192,power,pile_cc,0.010071813257951437,b1,legacy,0.11948759779117796,0.0842917042784089,True
10000.0,1e+25,8192,power,ubuntu_irc,0.04285865022163389,b1,legacy,0.019599998284382344,2.186666019036567,True
10000.0,1e+25,8192,power,europarl,0.0011530037150402498,b1,legacy,0.012737064754468426,0.09052350264889343,True
10000.0,1e+25,8192,power,hackernews,0.0346222654119075,b1,legacy,0.01165082237856243,2.97165850503503,True
10000.0,1e+25,8192,power,pubmed_abstracts,0.027731278753746758,b1,legacy,0.06618116611255062,0.4190207030590201,True
10000.0,1e+25,8192,power,uspto_backgrounds,0.023623513845263046,b1,legacy,0.07556475309321728,0.3126260971980004,True
10000.0,1e+25,32768,power,arxiv,0.1529134243940468,b1,legacy,0.11302252583217468,1.3529464438009948,False
10000.0,1e+25,32768,power,freelaw,0.14204641828484743,b1,legacy,0.09682483215160405,1.4670453346352041,False
10000.0,1e+25,32768,power,nih_exporter,0.03167517592550999,b1,legacy,0.005889680217640528,5.378080770945391,False
10000.0,1e+25,32768,power,pubmed_central,0.1646116368618749,b1,legacy,0.11375419104995738,1.4470819522560052,False
10000.0,1e+25,32768,power,wikipedia_en,0.04737701986111169,b1,legacy,0.07507775607969777,0.6310393695147103,False
10000.0,1e+25,32768,power,dm_mathematics,0.00502127665722073,b1,legacy,0.02546285409735114,0.1972000718388865,False
10000.0,1e+25,32768,power,github,0.060645203875219315,b1,legacy,0.11070066006999096,0.5478305534662226,False
10000.0,1e+25,32768,power,philpapers,0.014453289663290327,b1,legacy,0.005487697351757549,2.6337621659586166,False
10000.0,1e+25,32768,power,stackexchange,0.1780356620838659,b1,legacy,0.09943242344369017,1.790519187985896,False
10000.0,1e+25,32768,power,enron_emails,0.028617399454104055,b1,legacy,0.0022110330440804327,12.942999441243545,False
10000.0,1e+25,32768,power,gutenberg_pg_19,0.034485943122063406,b1,legacy,0.04691494424769629,0.7350737313037904,False
10000.0,1e+25,32768,power,pile_cc,0.007267414728197611,b1,legacy,0.11948759779117796,0.06082149831900111,False
10000.0,1e+25,32768,power,ubuntu_irc,0.040892059189127826,b1,legacy,0.019599998284382344,2.0863297330853037,False
10000.0,1e+25,32768,power,europarl,0.0012668218909043568,b1,legacy,0.012737064754468426,0.09945948421593205,False
10000.0,1e+25,32768,power,hackernews,0.03502318581409211,b1,legacy,0.01165082237856243,3.0060698443514977,False
10000.0,1e+25,32768,power,pubmed_abstracts,0.025457005329596123,b1,legacy,0.06618116611255062,0.3846563429587024,False
10000.0,1e+25,32768,power,uspto_backgrounds,0.030211062864927286,b1,legacy,0.07556475309321728,0.39980363368168065,False
10000.0,1e+25,131072,power,arxiv,0.1419582011301752,b1,legacy,0.11302252583217468,1.256016887650933,False
10000.0,1e+25,131072,power,freelaw,0.1427004007572716,b1,legacy,0.09682483215160405,1.4737996192323641,False
10000.0,1e+25,131072,power,nih_exporter,0.02928050366417337,b1,legacy,0.005889680217640528,4.971492947354528,False
10000.0,1e+25,131072,power,pubmed_central,0.1653585026910487,b1,legacy,0.11375419104995738,1.4536475637933048,False
10000.0,1e+25,131072,power,wikipedia_en,0.050157597075001135,b1,legacy,0.07507775607969777,0.6680753354130219,False
10000.0,1e+25,131072,power,dm_mathematics,0.012520458438345462,b1,legacy,0.02546285409735114,0.49171465187981206,False
10000.0,1e+25,131072,power,github,0.06178255451234985,b1,legacy,0.11070066006999096,0.5581046623686577,False
10000.0,1e+25,131072,power,philpapers,0.013989464065127754,b1,legacy,0.005487697351757549,2.549241178660725,False
10000.0,1e+25,131072,power,stackexchange,0.1788622726389655,b1,legacy,0.09943242344369017,1.7988324778210545,False
10000.0,1e+25,131072,power,enron_emails,0.028063471829072904,b1,legacy,0.0022110330440804327,12.692470564475206,False
10000.0,1e+25,131072,power,gutenberg_pg_19,0.03663990158702607,b1,legacy,0.04691494424769629,0.7809857215981928,False
10000.0,1e+25,131072,power,pile_cc,0.01033124199584699,b1,legacy,0.11948759779117796,0.0864628813937857,False
10000.0,1e+25,131072,power,ubuntu_irc,0.04300321250819069,b1,legacy,0.019599998284382344,2.19404164654731,False
10000.0,1e+25,131072,power,europarl,0.0011093795554953279,b1,legacy,0.012737064754468426,0.08709852520033193,False
10000.0,1e+25,131072,power,hackernews,0.03445346452238757,b1,legacy,0.01165082237856243,2.9571701810322084,False
10000.0,1e+25,131072,power,pubmed_abstracts,0.02757014201755766,b1,legacy,0.06618116611255062,0.41658592069336847,False
10000.0,1e+25,131072,power,uspto_backgrounds,0.022219231011964206,b1,legacy,0.07556475309321728,0.29404226312437476,False
100000.0,1e+26,2048,power,arxiv,0.14026678224118355,b1,legacy,0.11302252583217468,1.2410515621413685,False
100000.0,1e+26,2048,power,freelaw,0.1428800203069627,b1,legacy,0.09682483215160405,1.4756547172036143,False
100000.0,1e+26,2048,power,nih_exporter,0.029387124402174163,b1,legacy,0.005889680217640528,4.989595923078311,False
100000.0,1e+26,2048,power,pubmed_central,0.16550788184599874,b1,legacy,0.11375419104995738,1.4549607387503878,False
100000.0,1e+26,2048,power,wikipedia_en,0.04991574629773554,b1,legacy,0.07507775607969777,0.6648539980969618,False
100000.0,1e+26,2048,power,dm_mathematics,0.012568790377598903,b1,legacy,0.02546285409735114,0.49361278706405554,False
100000.0,1e+26,2048,power,github,0.061765896788244234,b1,legacy,0.11070066006999096,0.5579541869867125,False
100000.0,1e+26,2048,power,philpapers,0.013983410801876536,b1,legacy,0.005487697351757549,2.548138117966374,False
100000.0,1e+26,2048,power,stackexchange,0.1789011034924114,b1,legacy,0.09943242344369017,1.7992230028842184,False
100000.0,1e+26,2048,power,enron_emails,0.028282536145392865,b1,legacy,0.0022110330440804327,12.791548376499074,False
100000.0,1e+26,2048,power,gutenberg_pg_19,0.03561600205768975,b1,legacy,0.04691494424769629,0.7591611293332964,False
100000.0,1e+26,2048,power,pile_cc,0.010167611732862458,b1,legacy,0.11948759779117796,0.08509344836467335,False
100000.0,1e+26,2048,power,ubuntu_irc,0.04322373894748518,b1,legacy,0.019599998284382344,2.205292996475754,False
100000.0,1e+26,2048,power,europarl,0.001007738528200209,b1,legacy,0.012737064754468426,0.07911858404006884,False
100000.0,1e+26,2048,power,hackernews,0.03450383918516683,b1,legacy,0.01165082237856243,2.961493881209112,False
100000.0,1e+26,2048,power,pubmed_abstracts,0.027953549402655993,b1,legacy,0.06618116611255062,0.4223792212291477,False
100000.0,1e+26,2048,power,uspto_backgrounds,0.02406822744636101,b1,legacy,0.07556475309321728,0.3185112960889352,False
100000.0,1e+26,4096,power,arxiv,0.14026664978594242,b1,legacy,0.11302252583217468,1.241050390204711,False
100000.0,1e+26,4096,power,freelaw,0.14288052793093087,b1,legacy,0.09682483215160405,1.4756599599079587,False
100000.0,1e+26,4096,power,nih_exporter,0.02938626498028466,b1,legacy,0.005889680217640528,4.989450003120394,False
100000.0,1e+26,4096,power,pubmed_central,0.16550867165813243,b1,legacy,0.11375419104995738,1.454967681897945,False
100000.0,1e+26,4096,power,wikipedia_en,0.04991626253496306,b1,legacy,0.07507775607969777,0.6648608741312824,False
100000.0,1e+26,4096,power,dm_mathematics,0.012565411142829178,b1,legacy,0.02546285409735114,0.49348007473114874,False
100000.0,1e+26,4096,power,github,0.06176578371256261,b1,legacy,0.11070066006999096,0.5579531655322645,False
100000.0,1e+26,4096,power,philpapers,0.013986048214411469,b1,legacy,0.005487697351757549,2.5486187225562187,False
100000.0,1e+26,4096,power,stackexchange,0.17890156789683379,b1,legacy,0.09943242344369017,1.7992276734374073,False
100000.0,1e+26,4096,power,enron_emails,0.02828293842019878,b1,legacy,0.0022110330440804327,12.791730316252075,False
100000.0,1e+26,4096,power,gutenberg_pg_19,0.03561726261055214,b1,legacy,0.04691494424769629,0.7591879982315249,False
100000.0,1e+26,4096,power,pile_cc,0.010168275318848983,b1,legacy,0.11948759779117796,0.08509900196185657,False
100000.0,1e+26,4096,power,ubuntu_irc,0.043221373357831806,b1,legacy,0.019599998284382344,2.205172303115528,False
100000.0,1e+26,4096,power,europarl,0.0010077391245280963,b1,legacy,0.012737064754468426,0.07911863085838207,False
100000.0,1e+26,4096,power,hackernews,0.034506529547017835,b1,legacy,0.01165082237856243,2.9617247972563736,False
100000.0,1e+26,4096,power,pubmed_abstracts,0.027948688689392986,b1,legacy,0.06618116611255062,0.42230577566225125,False
100000.0,1e+26,4096,power,uspto_backgrounds,0.024070005074738946,b1,legacy,0.07556475309321728,0.3185348206596533,False
100000.0,1e+26,8192,power,arxiv,0.14026614598621762,b1,legacy,0.11302252583217468,1.2410459326886443,False
100000.0,1e+26,8192,power,freelaw,0.14288021144844473,b1,legacy,0.09682483215160405,1.4756566912992857,False
100000.0,1e+26,8192,power,nih_exporter,0.02938665820497033,b1,legacy,0.005889680217640528,4.989516768151964,False
100000.0,1e+26,8192,power,pubmed_central,0.16550824286431712,b1,legacy,0.11375419104995738,1.4549639124208702,False
100000.0,1e+26,8192,power,wikipedia_en,0.04991669757101814,b1,legacy,0.07507775607969777,0.6648666686046096,False
100000.0,1e+26,8192,power,dm_mathematics,0.01256818264410263,b1,legacy,0.02546285409735114,0.4935889196101578,False
100000.0,1e+26,8192,power,github,0.06176657601953943,b1,legacy,0.11070066006999096,0.5579603227341847,False
100000.0,1e+26,8192,power,philpapers,0.013985216999312343,b1,legacy,0.005487697351757549,2.5484672537258795,False
100000.0,1e+26,8192,power,stackexchange,0.17890115914261936,b1,legacy,0.09943242344369017,1.7992235625629032,False
100000.0,1e+26,8192,power,enron_emails,0.028282876310388314,b1,legacy,0.0022110330440804327,12.79170222539625,False
100000.0,1e+26,8192,power,gutenberg_pg_19,0.035614532047413376,b1,legacy,0.04691494424769629,0.7591297958147354,False
100000.0,1e+26,8192,power,pile_cc,0.010167163560105781,b1,legacy,0.11948759779117796,0.08508969757576335,False
100000.0,1e+26,8192,power,ubuntu_irc,0.04322352106120134,b1,legacy,0.019599998284382344,2.2052818798276466,False
100000.0,1e+26,8192,power,europarl,0.0010077388666491743,b1,legacy,0.012737064754468426,0.07911861061204377,False
100000.0,1e+26,8192,power,hackernews,0.034503859984709964,b1,legacy,0.01165082237856243,2.9614956664516003,False
100000.0,1e+26,8192,power,pubmed_abstracts,0.027951980940483304,b1,legacy,0.06618116611255062,0.4223555217045727,False
100000.0,1e+26,8192,power,uspto_backgrounds,0.024069236348507016,b1,legacy,0.07556475309321728,0.3185246475802682,False
100000.0,1e+26,32768,power,arxiv,0.14026724067420682,b1,legacy,0.11302252583217468,1.2410556182622159,True
100000.0,1e+26,32768,power,freelaw,0.1428805779269759,b1,legacy,0.09682483215160405,1.4756604762635663,True
100000.0,1e+26,32768,power,nih_exporter,0.029384621073947015,b1,legacy,0.005889680217640528,4.989170886720709,True
100000.0,1e+26,32768,power,pubmed_central,0.16550844734284487,b1,legacy,0.11375419104995738,1.4549657099680713,True
100000.0,1e+26,32768,power,wikipedia_en,0.0499160385743187,b1,legacy,0.07507775607969777,0.6648578910820271,True
100000.0,1e+26,32768,power,dm_mathematics,0.012567828900964546,b1,legacy,0.02546285409735114,0.49357502709297446,True
100000.0,1e+26,32768,power,github,0.06176632790576318,b1,legacy,0.11070066006999096,0.5579580814306903,True
100000.0,1e+26,32768,power,philpapers,0.013982982212014085,b1,legacy,0.005487697351757549,2.548060017838947,True
100000.0,1e+26,32768,power,stackexchange,0.1789023865870136,b1,legacy,0.09943242344369017,1.7992359070713817,True
100000.0,1e+26,32768,power,enron_emails,0.02828420167023195,b1,legacy,0.0022110330440804327,12.792301655534658,True
100000.0,1e+26,32768,power,gutenberg_pg_19,0.0356193227169897,b1,legacy,0.04691494424769629,0.7592319097499247,True
100000.0,1e+26,32768,power,pile_cc,0.01016895131628082,b1,legacy,0.11948759779117796,0.08510465943128716,True
100000.0,1e+26,32768,power,ubuntu_irc,0.04322322220861037,b1,legacy,0.019599998284382344,2.2052666322451397,True
100000.0,1e+26,32768,power,europarl,0.0010077378778639329,b1,legacy,0.012737064754468426,0.07911853298150169,True
100000.0,1e+26,32768,power,hackernews,0.0345017664165501,b1,legacy,0.01165082237856243,2.9613159737147416,True
100000.0,1e+26,32768,power,pubmed_abstracts,0.02795205777418065,b1,legacy,0.06618116611255062,0.42235668266473486,True
100000.0,1e+26,32768,power,uspto_backgrounds,0.024066288821243797,b1,legacy,0.07556475309321728,0.3184856409383808,True
100000.0,1e+26,131072,power,arxiv,0.14165896321526256,b1,legacy,0.11302252583217468,1.2533692922914292,False
100000.0,1e+26,131072,power,freelaw,0.14272565118407052,b1,legacy,0.09682483215160405,1.4740604038496756,False
100000.0,1e+26,131072,power,nih_exporter,0.029355266420311707,b1,legacy,0.005889680217640528,4.984186803960599,False
100000.0,1e+26,131072,power,pubmed_central,0.1653303165203995,b1,legacy,0.11375419104995738,1.4533997824114584,False
100000.0,1e+26,131072,power,wikipedia_en,0.04986194773258266,b1,legacy,0.07507775607969777,0.6641374267985898,False
100000.0,1e+26,131072,power,dm_mathematics,0.012550092946481288,b1,legacy,0.02546285409735114,0.4928784848116007,False
100000.0,1e+26,131072,power,github,0.061227586718629774,b1,legacy,0.11070066006999096,0.5530914330584693,False
100000.0,1e+26,131072,power,philpapers,0.013968122964171971,b1,legacy,0.005487697351757549,2.545352279622051,False
100000.0,1e+26,131072,power,stackexchange,0.17870710194006262,b1,legacy,0.09943242344369017,1.797271913434421,False
100000.0,1e+26,131072,power,enron_emails,0.02824863385628485,b1,legacy,0.0022110330440804327,12.776215141566752,False
100000.0,1e+26,131072,power,gutenberg_pg_19,0.03557395058870532,b1,legacy,0.04691494424769629,0.7582647951340611,False
100000.0,1e+26,131072,power,pile_cc,0.010162434877432461,b1,legacy,0.11948759779117796,0.08505012290223461,False
100000.0,1e+26,131072,power,ubuntu_irc,0.043175634048074486,b1,legacy,0.019599998284382344,2.202838664658336,False
100000.0,1e+26,131072,power,europarl,0.0010077368155759546,b1,legacy,0.012737064754468426,0.07911844958018445,False
100000.0,1e+26,131072,power,hackernews,0.03446509600667513,b1,legacy,0.01165082237856243,2.958168521227401,False
100000.0,1e+26,131072,power,pubmed_abstracts,0.02791834197986829,b1,legacy,0.06618116611255062,0.4218472356982819,False
100000.0,1e+26,131072,power,uspto_backgrounds,0.02406312218541071,b1,legacy,0.07556475309321728,0.31844373468310355,False
1000000.0,1e+27,2048,power,arxiv,0.14027080997797403,b1,legacy,0.11302252583217468,1.2410871987258532,False
1000000.0,1e+27,2048,power,freelaw,0.1428933489257321,b1,legacy,0.09682483215160405,1.475792374233048,False
1000000.0,1e+27,2048,power,nih_exporter,0.029412921325766225,b1,legacy,0.005889680217640528,4.993975944172631,False
1000000.0,1e+27,2048,power,pubmed_central,0.16551498342355592,b1,legacy,0.11375419104995738,1.4550231679012757,False
1000000.0,1e+27,2048,power,wikipedia_en,0.04993784692183381,b1,legacy,0.07507775607969777,0.6651483678977161,False
1000000.0,1e+27,2048,power,dm_mathematics,0.012548413505204154,b1,legacy,0.02546285409735114,0.49281252829035943,False
1000000.0,1e+27,2048,power,github,0.0617724856814604,b1,legacy,0.11070066006999096,0.5580137068957356,False
1000000.0,1e+27,2048,power,philpapers,0.01407251965831971,b1,legacy,0.005487697351757549,2.5643760499679695,False
1000000.0,1e+27,2048,power,stackexchange,0.17891055789120125,b1,legacy,0.09943242344369017,1.7993180865446827,False
1000000.0,1e+27,2048,power,enron_emails,0.028292540437968087,b1,legacy,0.0022110330440804327,12.796073090682793,False
1000000.0,1e+27,2048,power,gutenberg_pg_19,0.03550445050951326,b1,legacy,0.04691494424769629,0.7567833891491126,False
1000000.0,1e+27,2048,power,pile_cc,0.010159554742105972,b1,legacy,0.11948759779117796,0.08502601884976614,False
1000000.0,1e+27,2048,power,ubuntu_irc,0.043269867419342155,b1,legacy,0.019599998284382344,2.2076464901438495,False
1000000.0,1e+27,2048,power,europarl,0.0011157107437408437,b1,legacy,0.012737064754468426,0.08759559327430044,False
1000000.0,1e+27,2048,power,hackernews,0.03463191988180037,b1,legacy,0.01165082237856243,2.972487156402219,False
1000000.0,1e+27,2048,power,pubmed_abstracts,0.02792129903313299,b1,legacy,0.06618116611255062,0.4218919168883908,False
1000000.0,1e+27,2048,power,uspto_backgrounds,0.023770769921348772,b1,legacy,0.07556475309321728,0.3145748374513308,False
1000000.0,1e+27,4096,power,arxiv,0.14030250878914238,b1,legacy,0.11302252583217468,1.2413676632698452,False
1000000.0,1e+27,4096,power,freelaw,0.1429036421530845,b1,legacy,0.09682483215160405,1.4758986819551856,False
1000000.0,1e+27,4096,power,nih_exporter,0.029381143767324945,b1,legacy,0.005889680217640528,4.9885804800273785,False
1000000.0,1e+27,4096,power,pubmed_central,0.1655346041870595,b1,legacy,0.11375419104995738,1.4551956517748146,False
1000000.0,1e+27,4096,power,wikipedia_en,0.049972087673941464,b1,legacy,0.07507775607969777,0.6656044384290638,False
1000000.0,1e+27,4096,power,dm_mathematics,0.012400665442615595,b1,legacy,0.02546285409735114,0.4870100341149744,False
1000000.0,1e+27,4096,power,github,0.06181078425287724,b1,legacy,0.11070066006999096,0.558359672054323,False
1000000.0,1e+27,4096,power,philpapers,0.014036827929659004,b1,legacy,0.005487697351757549,2.55787209642008,False
1000000.0,1e+27,4096,power,stackexchange,0.17892279282366583,b1,legacy,0.09943242344369017,1.7994411342593097,False
1000000.0,1e+27,4096,power,enron_emails,0.028308553316107352,b1,legacy,0.0022110330440804327,12.803315351571719,False
1000000.0,1e+27,4096,power,gutenberg_pg_19,0.035682665688981464,b1,legacy,0.04691494424769629,0.7605820759497892,False
1000000.0,1e+27,4096,power,pile_cc,0.010127107715078926,b1,legacy,0.11948759779117796,0.08475446742830606,False
1000000.0,1e+27,4096,power,ubuntu_irc,0.04322651713430917,b1,legacy,0.019599998284382344,2.205434740713875,False
1000000.0,1e+27,4096,power,europarl,0.0011374915578674155,b1,legacy,0.012737064754468426,0.08930562730069813,False
1000000.0,1e+27,4096,power,hackernews,0.03450738194282733,b1,legacy,0.01165082237856243,2.9617979591141204,False
1000000.0,1e+27,4096,power,pubmed_abstracts,0.028096582559110864,b1,legacy,0.06618116611255062,0.42454045779925625,False
1000000.0,1e+27,4096,power,uspto_backgrounds,0.023648643066346932,b1,legacy,0.07556475309321728,0.3129586493477161,False
1000000.0,1e+27,8192,power,arxiv,0.14026710983570817,b1,legacy,0.11302252583217468,1.2410544606301628,False
1000000.0,1e+27,8192,power,freelaw,0.1428803939321328,b1,legacy,0.09682483215160405,1.475658575977875,False
1000000.0,1e+27,8192,power,nih_exporter,0.029387345460017637,b1,legacy,0.005889680217640528,4.989633456159108,False
1000000.0,1e+27,8192,power,pubmed_central,0.1655082319772295,b1,legacy,0.11375419104995738,1.454963816713736,False
1000000.0,1e+27,8192,power,wikipedia_en,0.04991782365926389,b1,legacy,0.07507775607969777,0.6648816675644155,False
1000000.0,1e+27,8192,power,dm_mathematics,0.012569650153077708,b1,legacy,0.02546285409735114,0.4936465529363147,False
1000000.0,1e+27,8192,power,github,0.0617671295124632,b1,legacy,0.11070066006999096,0.5579653226404492,False
1000000.0,1e+27,8192,power,philpapers,0.013984507230318282,b1,legacy,0.005487697351757549,2.5483379155083057,False
1000000.0,1e+27,8192,power,stackexchange,0.1789012828279976,b1,legacy,0.09943242344369017,1.7992248064768495,False
1000000.0,1e+27,8192,power,enron_emails,0.028284146036259103,b1,legacy,0.0022110330440804327,12.792276493553022,False
1000000.0,1e+27,8192,power,gutenberg_pg_19,0.035614444730804086,b1,legacy,0.04691494424769629,0.7591279346463872,False
1000000.0,1e+27,8192,power,pile_cc,0.01016811533854645,b1,legacy,0.11948759779117796,0.08509766307559984,False
1000000.0,1e+27,8192,power,ubuntu_irc,0.04322491570110326,b1,legacy,0.019599998284382344,2.2053530349309116,False
1000000.0,1e+27,8192,power,europarl,0.0010077357774598576,b1,legacy,0.012737064754468426,0.07911836807662637,False
1000000.0,1e+27,8192,power,hackernews,0.03450492968237839,b1,legacy,0.01165082237856243,2.9615874795128305,False
1000000.0,1e+27,8192,power,pubmed_abstracts,0.027952210540300025,b1,legacy,0.06618116611255062,0.42235899096675417,False
1000000.0,1e+27,8192,power,uspto_backgrounds,0.024060027604940047,b1,legacy,0.07556475309321728,0.3184027819856621,False
1000000.0,1e+27,32768,power,arxiv,0.1402660162645866,b1,legacy,0.11302252583217468,1.2410447849384054,False
1000000.0,1e+27,32768,power,freelaw,0.14287966981251368,b1,legacy,0.09682483215160405,1.4756510973218007,False
1000000.0,1e+27,32768,power,nih_exporter,0.029387274633749304,b1,legacy,0.005889680217640528,4.989621430672882,False
1000000.0,1e+27,32768,power,pubmed_central,0.1655085920304363,b1,legacy,0.11375419104995738,1.4549669819000337,False
1000000.0,1e+27,32768,power,wikipedia_en,0.049915553404327614,b1,legacy,0.07507775607969777,0.6648514288485186,False
1000000.0,1e+27,32768,power,dm_mathematics,0.012571427684471712,b1,legacy,0.02546285409735114,0.49371636174043415,False
1000000.0,1e+27,32768,power,github,0.06176586903401087,b1,legacy,0.11070066006999096,0.5579539362724589,False
1000000.0,1e+27,32768,power,philpapers,0.013983344359140445,b1,legacy,0.005487697351757549,2.5481260103861207,False
1000000.0,1e+27,32768,power,stackexchange,0.17890049566437913,b1,legacy,0.09943242344369017,1.7992168899080763,False
1000000.0,1e+27,32768,power,enron_emails,0.02828296240063041,b1,legacy,0.0022110330440804327,12.791741162056343,False
1000000.0,1e+27,32768,power,gutenberg_pg_19,0.03561881557932624,b1,legacy,0.04691494424769629,0.7592211000245463,False
1000000.0,1e+27,32768,power,pile_cc,0.010166540035650675,b1,legacy,0.11948759779117796,0.08508447925631737,False
1000000.0,1e+27,32768,power,ubuntu_irc,0.043224585035705684,b1,legacy,0.019599998284382344,2.205336164245885,False
1000000.0,1e+27,32768,power,europarl,0.0010077382856728194,b1,legacy,0.012737064754468426,0.07911856499899507,False
1000000.0,1e+27,32768,power,hackernews,0.034503056934228886,b1,legacy,0.01165082237856243,2.961426739945386,False
1000000.0,1e+27,32768,power,pubmed_abstracts,0.027950554358768292,b1,legacy,0.06618116611255062,0.4223339659992443,False
1000000.0,1e+27,32768,power,uspto_backgrounds,0.02406750448240132,b1,legacy,0.07556475309321728,0.31850172861296133,False
1000000.0,1e+27,131072,power,arxiv,0.14030250878914238,b1,legacy,0.11302252583217468,1.2413676632698452,True
1000000.0,1e+27,131072,power,freelaw,0.1429036421530845,b1,legacy,0.09682483215160405,1.4758986819551856,True
1000000.0,1e+27,131072,power,nih_exporter,0.029381143767324945,b1,legacy,0.005889680217640528,4.9885804800273785,True
1000000.0,1e+27,131072,power,pubmed_central,0.1655346041870595,b1,legacy,0.11375419104995738,1.4551956517748146,True
1000000.0,1e+27,131072,power,wikipedia_en,0.049972087673941464,b1,legacy,0.07507775607969777,0.6656044384290638,True
1000000.0,1e+27,131072,power,dm_mathematics,0.012400665442615595,b1,legacy,0.02546285409735114,0.4870100341149744,True
1000000.0,1e+27,131072,power,github,0.06181078425287724,b1,legacy,0.11070066006999096,0.558359672054323,True
1000000.0,1e+27,131072,power,philpapers,0.014036827929659004,b1,legacy,0.005487697351757549,2.55787209642008,True
1000000.0,1e+27,131072,power,stackexchange,0.17892279282366583,b1,legacy,0.09943242344369017,1.7994411342593097,True
1000000.0,1e+27,131072,power,enron_emails,0.028308553316107352,b1,legacy,0.0022110330440804327,12.803315351571719,True
1000000.0,1e+27,131072,power,gutenberg_pg_19,0.035682665688981464,b1,legacy,0.04691494424769629,0.7605820759497892,True
1000000.0,1e+27,131072,power,pile_cc,0.010127107715078926,b1,legacy,0.11948759779117796,0.08475446742830606,True
1000000.0,1e+27,131072,power,ubuntu_irc,0.04322651713430917,b1,legacy,0.019599998284382344,2.205434740713875,True
1000000.0,1e+27,131072,power,europarl,0.0011374915578674155,b1,legacy,0.012737064754468426,0.08930562730069813,True
1000000.0,1e+27,131072,power,hackernews,0.03450738194282733,b1,legacy,0.01165082237856243,2.9617979591141204,True
1000000.0,1e+27,131072,power,pubmed_abstracts,0.028096582559110864,b1,legacy,0.06618116611255062,0.42454045779925625,True
1000000.0,1e+27,131072,power,uspto_backgrounds,0.023648643066346932,b1,legacy,0.07556475309321728,0.3129586493477161,True
0.01,1e+19,2048,logarithmic,arxiv,0.9770921625913203,b1,legacy,0.11302252583217468,8.645109949517396,False
0.01,1e+19,2048,logarithmic,freelaw,0.0026695261427666676,b1,legacy,0.09682483215160405,0.027570676689496774,False
0.01,1e+19,2048,logarithmic,nih_exporter,0.0010206197639130647,b1,legacy,0.005889680217640528,0.1732895040474602,False
0.01,1e+19,2048,logarithmic,pubmed_central,0.0031763488948544517,b1,legacy,0.11375419104995738,0.027922917525381515,False
0.01,1e+19,2048,logarithmic,wikipedia_en,0.001126737914554851,b1,legacy,0.07507775607969777,0.015007613085276253,False
0.01,1e+19,2048,logarithmic,dm_mathematics,0.0010283622482259245,b1,legacy,0.02546285409735114,0.040386762783709444,False
0.01,1e+19,2048,logarithmic,github,0.0010013522009430429,b1,legacy,0.11070066006999096,0.009045584735537564,False
0.01,1e+19,2048,logarithmic,philpapers,0.0010164428930944966,b1,legacy,0.005487697351757549,0.1852221119244048,False
0.01,1e+19,2048,logarithmic,stackexchange,0.0033888790373596545,b1,legacy,0.09943242344369017,0.034082233138759,False
0.01,1e+19,2048,logarithmic,enron_emails,0.0010090187025071924,b1,legacy,0.0022110330440804327,0.4563562291430351,False
0.01,1e+19,2048,logarithmic,gutenberg_pg_19,0.0010354586025912366,b1,legacy,0.04691494424769629,0.022070975873366445,False
0.01,1e+19,2048,logarithmic,pile_cc,0.0010085920400024634,b1,legacy,0.11948759779117796,0.008440976792964952,False
0.01,1e+19,2048,logarithmic,ubuntu_irc,0.0010392205210706636,b1,legacy,0.019599998284382344,0.05302145979771511,False
0.01,1e+19,2048,logarithmic,europarl,0.0010044002627549646,b1,legacy,0.012737064754468426,0.07885649340069502,False
0.01,1e+19,2048,logarithmic,hackernews,0.0010241733462113259,b1,legacy,0.01165082237856243,0.08790566991183471,False
0.01,1e+19,2048,logarithmic,pubmed_abstracts,0.0010312623958921212,b1,legacy,0.06618116611255062,0.01558241500517399,False
0.01,1e+19,2048,logarithmic,uspto_backgrounds,0.0013274424419379325,b1,legacy,0.07556475309321728,0.017566952680972688,False
0.01,1e+19,4096,logarithmic,arxiv,0.9768219948858893,b1,legacy,0.11302252583217468,8.642719561376255,True
0.01,1e+19,4096,logarithmic,freelaw,0.002830088329452093,b1,legacy,0.09682483215160405,0.029228951567102802,True
0.01,1e+19,4096,logarithmic,nih_exporter,0.0010221023605576777,b1,legacy,0.005889680217640528,0.17354123191549833,True
0.01,1e+19,4096,logarithmic,pubmed_central,0.003143160814089935,b1,legacy,0.11375419104995738,0.027631164927449176,True
0.01,1e+19,4096,logarithmic,wikipedia_en,0.0011353740671898635,b1,legacy,0.07507775607969777,0.015122642530560218,True
0.01,1e+19,4096,logarithmic,dm_mathematics,0.0010302055858145381,b1,legacy,0.02546285409735114,0.040459155987612114,True
0.01,1e+19,4096,logarithmic,github,0.0010078957411500471,b1,legacy,0.11070066006999096,0.009104694954057191,True
0.01,1e+19,4096,logarithmic,philpapers,0.001017281090031408,b1,legacy,0.005487697351757549,0.1853748530256689,True
0.01,1e+19,4096,logarithmic,stackexchange,0.003386421075829454,b1,legacy,0.09943242344369017,0.03405751321898763,True
0.01,1e+19,4096,logarithmic,enron_emails,0.0010090866871923009,b1,legacy,0.0022110330440804327,0.4563869770711543,True
0.01,1e+19,4096,logarithmic,gutenberg_pg_19,0.0010769157850671494,b1,legacy,0.04691494424769629,0.022954642754798336,True
0.01,1e+19,4096,logarithmic,pile_cc,0.001019684960065197,b1,legacy,0.11948759779117796,0.008533814210971463,True
0.01,1e+19,4096,logarithmic,ubuntu_irc,0.0010653451497462589,b1,legacy,0.019599998284382344,0.05435434913252755,True
0.01,1e+19,4096,logarithmic,europarl,0.00100854322012502,b1,legacy,0.012737064754468426,0.07918176122730335,True
0.01,1e+19,4096,logarithmic,hackernews,0.0010406764571880471,b1,legacy,0.01165082237856243,0.08932214597167809,True
0.01,1e+19,4096,logarithmic,pubmed_abstracts,0.0010578719798423036,b1,legacy,0.06618116611255062,0.015984486856022447,True
0.01,1e+19,4096,logarithmic,uspto_backgrounds,0.0013273518107695713,b1,legacy,0.07556475309321728,0.017565753296806774,True
0.01,1e+19,8192,logarithmic,arxiv,0.9769682443238497,b1,legacy,0.11302252583217468,8.644013546242402,False
0.01,1e+19,8192,logarithmic,freelaw,0.0022741913474445315,b1,legacy,0.09682483215160405,0.02348768695910263,False
0.01,1e+19,8192,logarithmic,nih_exporter,0.0010230247403015342,b1,legacy,0.005889680217640528,0.17369784139339392,False
0.01,1e+19,8192,logarithmic,pubmed_central,0.003259574751261826,b1,legacy,0.11375419104995738,0.028654546449460663,False
0.01,1e+19,8192,logarithmic,wikipedia_en,0.0011409026408040848,b1,legacy,0.07507775607969777,0.015196280501417424,False
0.01,1e+19,8192,logarithmic,dm_mathematics,0.0010368421710384326,b1,legacy,0.02546285409735114,0.040719793903476575,False
0.01,1e+19,8192,logarithmic,github,0.001014056391402391,b1,legacy,0.11070066006999096,0.009160346386021994,False
0.01,1e+19,8192,logarithmic,philpapers,0.0010188988660955903,b1,legacy,0.005487697351757549,0.1856696535513692,False
0.01,1e+19,8192,logarithmic,stackexchange,0.0036200411811634936,b1,legacy,0.09943242344369017,0.03640704969052241,False
0.01,1e+19,8192,logarithmic,enron_emails,0.0010092330723864458,b1,legacy,0.0022110330440804327,0.4564531837678551,False
0.01,1e+19,8192,logarithmic,gutenberg_pg_19,0.0010870810095067731,b1,legacy,0.04691494424769629,0.02317131623917795,False
0.01,1e+19,8192,logarithmic,pile_cc,0.0010288328149608752,b1,legacy,0.11948759779117796,0.008610373243580568,False
0.01,1e+19,8192,logarithmic,ubuntu_irc,0.001068558338582053,b1,legacy,0.019599998284382344,0.054518287352785175,False
0.01,1e+19,8192,logarithmic,europarl,0.001011430723735406,b1,legacy,0.012737064754468426,0.07940846209332297,False
0.01,1e+19,8192,logarithmic,hackernews,0.001042200280121673,b1,legacy,0.01165082237856243,0.0894529369908966,False
0.01,1e+19,8192,logarithmic,pubmed_abstracts,0.0010694864712233248,b1,legacy,0.06618116611255062,0.016159982273574763,False
0.01,1e+19,8192,logarithmic,uspto_backgrounds,0.001327400876122117,b1,legacy,0.07556475309321728,0.017566402612136173,False
0.01,1e+19,32768,logarithmic,arxiv,0.9769891108708094,b1,legacy,0.11302252583217468,8.644198169146607,False
0.01,1e+19,32768,logarithmic,freelaw,0.0026886847214814442,b1,legacy,0.09682483215160405,0.027768545131806894,False
0.01,1e+19,32768,logarithmic,nih_exporter,0.001023118030686673,b1,legacy,0.005889680217640528,0.17371368102843204,False
0.01,1e+19,32768,logarithmic,pubmed_central,0.003157193015980815,b1,legacy,0.11375419104995738,0.027754520399114545,False
0.01,1e+19,32768,logarithmic,wikipedia_en,0.0011172653065656493,b1,legacy,0.07507775607969777,0.014881442452537226,False
0.01,1e+19,32768,logarithmic,dm_mathematics,0.001008050645014907,b1,legacy,0.02546285409735114,0.039589067319824645,False
0.01,1e+19,32768,logarithmic,github,0.0010075361437003759,b1,legacy,0.11070066006999096,0.009101446577313602,False
0.01,1e+19,32768,logarithmic,philpapers,0.0010223231126665778,b1,legacy,0.005487697351757549,0.1862936395971541,False
0.01,1e+19,32768,logarithmic,stackexchange,0.0034260289280819175,b1,legacy,0.09943242344369017,0.03445585262258161,False
0.01,1e+19,32768,logarithmic,enron_emails,0.001023640041474472,b1,legacy,0.0022110330440804327,0.4629691284872693,False
0.01,1e+19,32768,logarithmic,gutenberg_pg_19,0.0010603537108728816,b1,legacy,0.04691494424769629,0.02260161933209479,False
0.01,1e+19,32768,logarithmic,pile_cc,0.0010059012081788104,b1,legacy,0.11948759779117796,0.008418457034651996,False
0.01,1e+19,32768,logarithmic,ubuntu_irc,0.001068451943959351,b1,legacy,0.019599998284382344,0.05451285905523339,False
0.01,1e+19,32768,logarithmic,europarl,0.0010038380718282286,b1,legacy,0.012737064754468426,0.07881235521520462,False
0.01,1e+19,32768,logarithmic,hackernews,0.0010355045628497113,b1,legacy,0.01165082237856243,0.08887823787915991,False
0.01,1e+19,32768,logarithmic,pubmed_abstracts,0.0010355918139118864,b1,legacy,0.06618116611255062,0.01564783268023282,False
0.01,1e+19,32768,logarithmic,uspto_backgrounds,0.0013274078719369578,b1,legacy,0.07556475309321728,0.017566495192533175,False
0.01,1e+19,131072,logarithmic,arxiv,0.9768768312879683,b1,legacy,0.11302252583217468,8.643204742552975,False
0.01,1e+19,131072,logarithmic,freelaw,0.002798745458960924,b1,legacy,0.09682483215160405,0.028905244623391363,False
0.01,1e+19,131072,logarithmic,nih_exporter,0.0010218516169616762,b1,legacy,0.005889680217640528,0.1734986585351558,False
0.01,1e+19,131072,logarithmic,pubmed_central,0.00320826060278182,b1,legacy,0.11375419104995738,0.028203449676617625,False
0.01,1e+19,131072,logarithmic,wikipedia_en,0.001128308966658492,b1,legacy,0.07507775607969777,0.01502853875202065,False
0.01,1e+19,131072,logarithmic,dm_mathematics,0.0010264677582417885,b1,legacy,0.02546285409735114,0.04031236067713911,False
0.01,1e+19,131072,logarithmic,github,0.0010060754908247536,b1,legacy,0.11070066006999096,0.009088251959732292,False
0.01,1e+19,131072,logarithmic,philpapers,0.0010172428320371503,b1,legacy,0.005487697351757549,0.18536788143233832,False
0.01,1e+19,131072,logarithmic,stackexchange,0.0033304212837770445,b1,legacy,0.09943242344369017,0.03349431873862658,False
0.01,1e+19,131072,logarithmic,enron_emails,0.0010089906185282327,b1,legacy,0.0022110330440804327,0.4563435273975615,False
0.01,1e+19,131072,logarithmic,gutenberg_pg_19,0.0010721115127767225,b1,legacy,0.04691494424769629,0.022852238875448894,False
0.01,1e+19,131072,logarithmic,pile_cc,0.0010154208224067097,b1,legacy,0.11948759779117796,0.008498127346917678,False
0.01,1e+19,131072,logarithmic,ubuntu_irc,0.0010643344328807257,b1,legacy,0.019599998284382344,0.054302781940996796,False
0.01,1e+19,131072,logarithmic,europarl,0.001006552222157134,b1,legacy,0.012737064754468426,0.07902544593753554,False
0.01,1e+19,131072,logarithmic,hackernews,0.0010389668590998062,b1,legacy,0.01165082237856243,0.08917540971283798,False
0.01,1e+19,131072,logarithmic,pubmed_abstracts,0.0010520480276057088,b1,legacy,0.06618116611255062,0.015896486710683663,False
0.01,1e+19,131072,logarithmic,uspto_backgrounds,0.0013273702063330381,b1,legacy,0.07556475309321728,0.017565996737865124,False
10.0,1e+22,2048,logarithmic,arxiv,0.14479879968470663,b1,legacy,0.11302252583217468,1.2811499178466073,False
10.0,1e+22,2048,logarithmic,freelaw,0.14320118934125226,b1,legacy,0.09682483215160405,1.4789717282136277,False
10.0,1e+22,2048,logarithmic,nih_exporter,0.03028498133726713,b1,legacy,0.005889680217640528,5.142041709931687,False
10.0,1e+22,2048,logarithmic,pubmed_central,0.16446473701757086,b1,legacy,0.11375419104995738,1.4457905726334335,False
10.0,1e+22,2048,logarithmic,wikipedia_en,0.04994201490617727,b1,legacy,0.07507775607969777,0.6652038834666556,False
10.0,1e+22,2048,logarithmic,dm_mathematics,0.011634019839638098,b1,legacy,0.02546285409735114,0.45690164170749287,False
10.0,1e+22,2048,logarithmic,github,0.0601514943074396,b1,legacy,0.11070066006999096,0.5433706923645131,False
10.0,1e+22,2048,logarithmic,philpapers,0.013487264162465398,b1,legacy,0.005487697351757549,2.457727403306201,False
10.0,1e+22,2048,logarithmic,stackexchange,0.1788781899755831,b1,legacy,0.09943242344369017,1.7989925597748713,False
10.0,1e+22,2048,logarithmic,enron_emails,0.027957301927360477,b1,legacy,0.0022110330440804327,12.644452330647054,False
10.0,1e+22,2048,logarithmic,gutenberg_pg_19,0.03563058535208413,b1,legacy,0.04691494424769629,0.7594719747286865,False
10.0,1e+22,2048,logarithmic,pile_cc,0.01063386254251154,b1,legacy,0.11948759779117796,0.08899553375485687,False
10.0,1e+22,2048,logarithmic,ubuntu_irc,0.04378420913107558,b1,legacy,0.019599998284382344,2.233888416508877,False
10.0,1e+22,2048,logarithmic,europarl,0.0012035209611088865,b1,legacy,0.012737064754468426,0.09448966338077747,False
10.0,1e+22,2048,logarithmic,hackernews,0.03386141517637005,b1,legacy,0.01165082237856243,2.9063540818092997,False
10.0,1e+22,2048,logarithmic,pubmed_abstracts,0.02711488960404385,b1,legacy,0.06618116611255062,0.40970703897738925,False
10.0,1e+22,2048,logarithmic,uspto_backgrounds,0.022971524733344906,b1,legacy,0.07556475309321728,0.30399787987141375,False
10.0,1e+22,4096,logarithmic,arxiv,0.14597354201712495,b1,legacy,0.11302252583217468,1.291543795737486,False
10.0,1e+22,4096,logarithmic,freelaw,0.14246044053624246,b1,legacy,0.09682483215160405,1.4713213270866734,False
10.0,1e+22,4096,logarithmic,nih_exporter,0.029409801200877824,b1,legacy,0.005889680217640528,4.99344618283193,False
10.0,1e+22,4096,logarithmic,pubmed_central,0.16483452093460646,b1,legacy,0.11375419104995738,1.4490413004846228,False
10.0,1e+22,4096,logarithmic,wikipedia_en,0.0486540152931689,b1,legacy,0.07507775607969777,0.6480483412626357,False
10.0,1e+22,4096,logarithmic,dm_mathematics,0.012127492014593216,b1,legacy,0.02546285409735114,0.47628172270974206,False
10.0,1e+22,4096,logarithmic,github,0.05929413316269235,b1,legacy,0.11070066006999096,0.5356258320881139,False
10.0,1e+22,4096,logarithmic,philpapers,0.01414025134794298,b1,legacy,0.005487697351757549,2.576718510800212,False
10.0,1e+22,4096,logarithmic,stackexchange,0.17821376043601098,b1,legacy,0.09943242344369017,1.7923103376529455,False
10.0,1e+22,4096,logarithmic,enron_emails,0.028284244479557918,b1,legacy,0.0022110330440804327,12.792321017219948,False
10.0,1e+22,4096,logarithmic,gutenberg_pg_19,0.035372097384601044,b1,legacy,0.04691494424769629,0.7539622598259392,False
10.0,1e+22,4096,logarithmic,pile_cc,0.010395831963821753,b1,legacy,0.11948759779117796,0.08700343931920021,False
10.0,1e+22,4096,logarithmic,ubuntu_irc,0.04269209620756929,b1,legacy,0.019599998284382344,2.1781683645139482,False
10.0,1e+22,4096,logarithmic,europarl,0.001019744878089516,b1,legacy,0.012737064754468426,0.08006121486755953,False
10.0,1e+22,4096,logarithmic,hackernews,0.03467209431219534,b1,legacy,0.01165082237856243,2.975935361952832,False
10.0,1e+22,4096,logarithmic,pubmed_abstracts,0.027918671149143374,b1,legacy,0.06618116611255062,0.4218522094588609,False
10.0,1e+22,4096,logarithmic,uspto_backgrounds,0.024537262681761676,b1,legacy,0.07556475309321728,0.32471835978200464,False
10.0,1e+22,8192,logarithmic,arxiv,0.14594836359259244,b1,legacy,0.11302252583217468,1.2913210222297529,True
10.0,1e+22,8192,logarithmic,freelaw,0.14188417238641896,b1,legacy,0.09682483215160405,1.4653696705021184,True
10.0,1e+22,8192,logarithmic,nih_exporter,0.029133940928119287,b1,legacy,0.005889680217640528,4.946608279488333,True
10.0,1e+22,8192,logarithmic,pubmed_central,0.16427203087494505,b1,legacy,0.11375419104995738,1.4440965151147862,True
10.0,1e+22,8192,logarithmic,wikipedia_en,0.04983751522467909,b1,legacy,0.07507775607969777,0.663811997414717,True
10.0,1e+22,8192,logarithmic,dm_mathematics,0.012172567291928369,b1,legacy,0.02546285409735114,0.47805195935182543,True
10.0,1e+22,8192,logarithmic,github,0.05930377357084234,b1,legacy,0.11070066006999096,0.5357129174599978,True
10.0,1e+22,8192,logarithmic,philpapers,0.014070426526390633,b1,legacy,0.005487697351757549,2.563994627342976,True
10.0,1e+22,8192,logarithmic,stackexchange,0.17743693297649102,b1,legacy,0.09943242344369017,1.784497720474205,True
10.0,1e+22,8192,logarithmic,enron_emails,0.028404285256724057,b1,legacy,0.0022110330440804327,12.84661273279947,True
10.0,1e+22,8192,logarithmic,gutenberg_pg_19,0.035193725805498365,b1,legacy,0.04691494424769629,0.7501602393405065,True
10.0,1e+22,8192,logarithmic,pile_cc,0.010320791586784638,b1,legacy,0.11948759779117796,0.08637542119494049,True
10.0,1e+22,8192,logarithmic,ubuntu_irc,0.042985627223957684,b1,legacy,0.019599998284382344,2.193144438089541,True
10.0,1e+22,8192,logarithmic,europarl,0.001208121877300413,b1,legacy,0.012737064754468426,0.09485088602353056,True
10.0,1e+22,8192,logarithmic,hackernews,0.034346142296821806,b1,legacy,0.01165082237856243,2.947958623077018,True
10.0,1e+22,8192,logarithmic,pubmed_abstracts,0.02776510092716239,b1,legacy,0.06618116611255062,0.4195317574178707,True
10.0,1e+22,8192,logarithmic,uspto_backgrounds,0.025716481653343455,b1,legacy,0.07556475309321728,0.34032377002038766,True
10.0,1e+22,32768,logarithmic,arxiv,0.9768917899126235,b1,legacy,0.11302252583217468,8.643337093379017,False
10.0,1e+22,32768,logarithmic,freelaw,0.002790087963126294,b1,legacy,0.09682483215160405,0.02881583062036914,False
10.0,1e+22,32768,logarithmic,nih_exporter,0.0010217147891885782,b1,legacy,0.005889680217640528,0.17347542675209768,False
10.0,1e+22,32768,logarithmic,pubmed_central,0.003225216772389482,b1,legacy,0.11375419104995738,0.028352509411921932,False
10.0,1e+22,32768,logarithmic,wikipedia_en,0.0011226990143086263,b1,legacy,0.07507775607969777,0.014953816855112724,False
10.0,1e+22,32768,logarithmic,dm_mathematics,0.0010262111653423919,b1,legacy,0.02546285409735114,0.040302283531096654,False
10.0,1e+22,32768,logarithmic,github,0.00100477311384037,b1,legacy,0.11070066006999096,0.009076487106807654,False
10.0,1e+22,32768,logarithmic,philpapers,0.001017299302380347,b1,legacy,0.005487697351757549,0.18537817178539115,False
10.0,1e+22,32768,logarithmic,stackexchange,0.0033196793111324218,b1,legacy,0.09943242344369017,0.033386285842790485,False
10.0,1e+22,32768,logarithmic,enron_emails,0.001009061829032432,b1,legacy,0.0022110330440804327,0.4563757342903485,False
10.0,1e+22,32768,logarithmic,gutenberg_pg_19,0.0010708612061481378,b1,legacy,0.04691494424769629,0.022825588377433093,False
10.0,1e+22,32768,logarithmic,pile_cc,0.0010140050864722082,b1,legacy,0.11948759779117796,0.008486278954610254,False
10.0,1e+22,32768,logarithmic,ubuntu_irc,0.0010638816053004285,b1,legacy,0.019599998284382344,0.05427967849100017,False
10.0,1e+22,32768,logarithmic,europarl,0.0010066034877814207,b1,legacy,0.012737064754468426,0.07902947085420786,False
10.0,1e+22,32768,logarithmic,hackernews,0.0010390618692128404,b1,legacy,0.01165082237856243,0.08918356451169655,False
10.0,1e+22,32768,logarithmic,pubmed_abstracts,0.0010496783473281134,b1,legacy,0.06618116611255062,0.015860680749308406,False
10.0,1e+22,32768,logarithmic,uspto_backgrounds,0.0013273752243925748,b1,legacy,0.07556475309321728,0.017566063145275077,False
10.0,1e+22,131072,logarithmic,arxiv,0.14598269969731556,b1,legacy,0.11302252583217468,1.29162482100323,False
10.0,1e+22,131072,logarithmic,freelaw,0.1424056039291408,b1,legacy,0.09682483215160405,1.4707549784973384,False
10.0,1e+22,131072,logarithmic,nih_exporter,0.028059059633688214,b1,legacy,0.005889680217640528,4.764105791286744,False
10.0,1e+22,131072,logarithmic,pubmed_central,0.164584683672678,b1,legacy,0.11375419104995738,1.446845009872185,False
10.0,1e+22,131072,logarithmic,wikipedia_en,0.048158707090565744,b1,legacy,0.07507775607969777,0.641451071598937,False
10.0,1e+22,131072,logarithmic,dm_mathematics,0.011618162761257711,b1,legacy,0.02546285409735114,0.45627888833036706,False
10.0,1e+22,131072,logarithmic,github,0.059013163307868884,b1,legacy,0.11070066006999096,0.5330877274856135,False
10.0,1e+22,131072,logarithmic,philpapers,0.019152947737468888,b1,legacy,0.005487697351757549,3.490161083926168,False
10.0,1e+22,131072,logarithmic,stackexchange,0.17713595243126717,b1,legacy,0.09943242344369017,1.7814707345595522,False
10.0,1e+22,131072,logarithmic,enron_emails,0.0272677057326538,b1,legacy,0.0022110330440804327,12.332563642889571,False
10.0,1e+22,131072,logarithmic,gutenberg_pg_19,0.03544612267750881,b1,legacy,0.04691494424769629,0.7555401215093495,False
10.0,1e+22,131072,logarithmic,pile_cc,0.010165458671814911,b1,legacy,0.11948759779117796,0.08507542924731432,False
10.0,1e+22,131072,logarithmic,ubuntu_irc,0.04275807116990964,b1,legacy,0.019599998284382344,2.181534434315746,False
10.0,1e+22,131072,logarithmic,europarl,0.0011703992608617538,b1,legacy,0.012737064754468426,0.09188924476898443,False
10.0,1e+22,131072,logarithmic,hackernews,0.0346895162308074,b1,legacy,0.01165082237856243,2.977430700053953,False
10.0,1e+22,131072,logarithmic,pubmed_abstracts,0.024769459588633788,b1,legacy,0.06618116611255062,0.3742675000091378,False
10.0,1e+22,131072,logarithmic,uspto_backgrounds,0.02762228640655888,b1,legacy,0.07556475309321728,0.36554458627667064,False
1000.0,1e+24,2048,logarithmic,arxiv,0.1396586570396199,b1,legacy,0.11302252583217468,1.235670995771204,False
1000.0,1e+24,2048,logarithmic,freelaw,0.142759965028196,b1,legacy,0.09682483215160405,1.4744147947983917,False
1000.0,1e+24,2048,logarithmic,nih_exporter,0.029469912307086496,b1,legacy,0.005889680217640528,5.003652357698373,False
1000.0,1e+24,2048,logarithmic,pubmed_central,0.16538748916839835,b1,legacy,0.11375419104995738,1.4539023805792368,False
1000.0,1e+24,2048,logarithmic,wikipedia_en,0.050347634677280914,b1,legacy,0.07507775607969777,0.6706065458833781,False
1000.0,1e+24,2048,logarithmic,dm_mathematics,0.012654403994627719,b1,legacy,0.02546285409735114,0.49697508167178067,False
1000.0,1e+24,2048,logarithmic,github,0.06198485201214558,b1,legacy,0.11070066006999096,0.5599320904948119,False
1000.0,1e+24,2048,logarithmic,philpapers,0.014350254581528075,b1,legacy,0.005487697351757549,2.6149865165089885,False
1000.0,1e+24,2048,logarithmic,stackexchange,0.1788389779588288,b1,legacy,0.09943242344369017,1.7985982013211974,False
1000.0,1e+24,2048,logarithmic,enron_emails,0.028230636394656172,b1,legacy,0.0022110330440804327,12.768075298665325,False
1000.0,1e+24,2048,logarithmic,gutenberg_pg_19,0.035428796997376506,b1,legacy,0.04691494424769629,0.755170821696462,False
1000.0,1e+24,2048,logarithmic,pile_cc,0.009849410316132769,b1,legacy,0.11948759779117796,0.08243039862049996,False
1000.0,1e+24,2048,logarithmic,ubuntu_irc,0.043694685219439255,b1,legacy,0.019599998284382344,2.2293208695970153,False
1000.0,1e+24,2048,logarithmic,europarl,0.0011278294324043744,b1,legacy,0.012737064754468426,0.08854704393402008,False
1000.0,1e+24,2048,logarithmic,hackernews,0.03369761467074388,b1,legacy,0.01165082237856243,2.8922949450115776,False
1000.0,1e+24,2048,logarithmic,pubmed_abstracts,0.027718034231329045,b1,legacy,0.06618116611255062,0.41882057780895743,False
1000.0,1e+24,2048,logarithmic,uspto_backgrounds,0.02480084597020609,b1,legacy,0.07556475309321728,0.32820653750580736,False
1000.0,1e+24,4096,logarithmic,arxiv,0.14205923440109156,b1,legacy,0.11302252583217468,1.256910809195974,False
1000.0,1e+24,4096,logarithmic,freelaw,0.14241289818599914,b1,legacy,0.09682483215160405,1.4708303130648892,False
1000.0,1e+24,4096,logarithmic,nih_exporter,0.029457943873893177,b1,legacy,0.005889680217640528,5.00162025531742,False
1000.0,1e+24,4096,logarithmic,pubmed_central,0.16527369371660658,b1,legacy,0.11375419104995738,1.4529020178608048,False
1000.0,1e+24,4096,logarithmic,wikipedia_en,0.051636618643711656,b1,legacy,0.07507775607969777,0.6877751992067731,False
1000.0,1e+24,4096,logarithmic,dm_mathematics,0.012132910696390109,b1,legacy,0.02546285409735114,0.4764945300319761,False
1000.0,1e+24,4096,logarithmic,github,0.06149837795026946,b1,legacy,0.11070066006999096,0.5555375903936512,False
1000.0,1e+24,4096,logarithmic,philpapers,0.013303321919609087,b1,legacy,0.005487697351757549,2.4242083822914218,False
1000.0,1e+24,4096,logarithmic,stackexchange,0.1785847851173267,b1,legacy,0.09943242344369017,1.796041763162511,False
1000.0,1e+24,4096,logarithmic,enron_emails,0.02857271598932393,b1,legacy,0.0022110330440804327,12.922790125557489,False
1000.0,1e+24,4096,logarithmic,gutenberg_pg_19,0.0352963365248844,b1,legacy,0.04691494424769629,0.752347404241402,False
1000.0,1e+24,4096,logarithmic,pile_cc,0.009838754334747974,b1,legacy,0.11948759779117796,0.08234121797261867,False
1000.0,1e+24,4096,logarithmic,ubuntu_irc,0.04240219073491728,b1,legacy,0.019599998284382344,2.1633772676757914,False
1000.0,1e+24,4096,logarithmic,europarl,0.001140889841890023,b1,legacy,0.012737064754468426,0.08957243006005565,False
1000.0,1e+24,4096,logarithmic,hackernews,0.03464286172521857,b1,legacy,0.01165082237856243,2.9734263041346853,False
1000.0,1e+24,4096,logarithmic,pubmed_abstracts,0.026930543265052644,b1,legacy,0.06618116611255062,0.40692155860858314,False
1000.0,1e+24,4096,logarithmic,uspto_backgrounds,0.024815923079067718,b1,legacy,0.07556475309321728,0.3284060631873514,False
1000.0,1e+24,8192,logarithmic,arxiv,0.14188746943789265,b1,legacy,0.11302252583217468,1.2553910682245686,True
1000.0,1e+24,8192,logarithmic,freelaw,0.14275888320242294,b1,legacy,0.09682483215160405,1.4744036217785266,True
1000.0,1e+24,8192,logarithmic,nih_exporter,0.02934730850628289,b1,legacy,0.005889680217640528,4.982835641633486,True
1000.0,1e+24,8192,logarithmic,pubmed_central,0.16531397997280053,b1,legacy,0.11375419104995738,1.4532561697019117,True
1000.0,1e+24,8192,logarithmic,wikipedia_en,0.04980934519170492,b1,legacy,0.07507775607969777,0.6634367859746699,True
1000.0,1e+24,8192,logarithmic,dm_mathematics,0.01247749275741964,b1,legacy,0.02546285409735114,0.49002726519638873,True
1000.0,1e+24,8192,logarithmic,github,0.061232835928795686,b1,legacy,0.11070066006999096,0.5531388511150789,True
1000.0,1e+24,8192,logarithmic,philpapers,0.014037234849198263,b1,legacy,0.005487697351757549,2.557946247655685,True
1000.0,1e+24,8192,logarithmic,stackexchange,0.17874179148695538,b1,legacy,0.09943242344369017,1.7976207890394937,True
1000.0,1e+24,8192,logarithmic,enron_emails,0.028305732207557034,b1,legacy,0.0022110330440804327,12.802039428284244,True
1000.0,1e+24,8192,logarithmic,gutenberg_pg_19,0.03552827512868242,b1,legacy,0.04691494424769629,0.7572912149507031,True
1000.0,1e+24,8192,logarithmic,pile_cc,0.01019115072449214,b1,legacy,0.11948759779117796,0.0852904478195525,True
1000.0,1e+24,8192,logarithmic,ubuntu_irc,0.04312996580768409,b1,legacy,0.019599998284382344,2.200508652189571,True
1000.0,1e+24,8192,logarithmic,europarl,0.001137892395086436,b1,legacy,0.012737064754468426,0.08933709744132687,True
1000.0,1e+24,8192,logarithmic,hackernews,0.03462035522305233,b1,legacy,0.01165082237856243,2.971494551899955,True
1000.0,1e+24,8192,logarithmic,pubmed_abstracts,0.027811906010020527,b1,legacy,0.06618116611255062,0.42023898404452964,True
1000.0,1e+24,8192,logarithmic,uspto_backgrounds,0.02366838116995221,b1,legacy,0.07556475309321728,0.3132198571568772,True
1000.0,1e+24,32768,logarithmic,arxiv,0.14563360238872933,b1,legacy,0.11302252583217468,1.2885360800109733,False
1000.0,1e+24,32768,logarithmic,freelaw,0.14149957426260892,b1,legacy,0.09682483215160405,1.461397568353696,False
1000.0,1e+24,32768,logarithmic,nih_exporter,0.03101508146732944,b1,legacy,0.005889680217640528,5.266004319629161,False
1000.0,1e+24,32768,logarithmic,pubmed_central,0.16537816449556098,b1,legacy,0.11375419104995738,1.4538204084536273,False
1000.0,1e+24,32768,logarithmic,wikipedia_en,0.04719274481947005,b1,legacy,0.07507775607969777,0.6285849136110732,False
1000.0,1e+24,32768,logarithmic,dm_mathematics,0.011413054020764587,b1,legacy,0.02546285409735114,0.44822367426406723,False
1000.0,1e+24,32768,logarithmic,github,0.06053195568720047,b1,legacy,0.11070066006999096,0.5468075407041736,False
1000.0,1e+24,32768,logarithmic,philpapers,0.012434643648395704,b1,legacy,0.005487697351757549,2.265912795721734,False
1000.0,1e+24,32768,logarithmic,stackexchange,0.17672544672848756,b1,legacy,0.09943242344369017,1.7773422451939873,False
1000.0,1e+24,32768,logarithmic,enron_emails,0.027840459780732258,b1,legacy,0.0022110330440804327,12.591607282970793,False
1000.0,1e+24,32768,logarithmic,gutenberg_pg_19,0.03489097608783409,b1,legacy,0.04691494424769629,0.7437070777196411,False
1000.0,1e+24,32768,logarithmic,pile_cc,0.010390008600784043,b1,legacy,0.11948759779117796,0.08695470318971599,False
1000.0,1e+24,32768,logarithmic,ubuntu_irc,0.04262425599409925,b1,legacy,0.019599998284382344,2.1747071288298567,False
1000.0,1e+24,32768,logarithmic,europarl,0.0012877703613774537,b1,legacy,0.012737064754468426,0.10110417008955515,False
1000.0,1e+24,32768,logarithmic,hackernews,0.034745407917280605,b1,legacy,0.01165082237856243,2.9822279310696835,False
1000.0,1e+24,32768,logarithmic,pubmed_abstracts,0.02789100444706944,b1,legacy,0.06618116611255062,0.42143416451195137,False
1000.0,1e+24,32768,logarithmic,uspto_backgrounds,0.028505849292275683,b1,legacy,0.07556475309321728,0.37723737755234427,False
1000.0,1e+24,131072,logarithmic,arxiv,0.1418817686857863,b1,legacy,0.11302252583217468,1.255340629145594,False
1000.0,1e+24,131072,logarithmic,freelaw,0.14293362557334172,b1,legacy,0.09682483215160405,1.476208348593288,False
1000.0,1e+24,131072,logarithmic,nih_exporter,0.02932148245449139,b1,legacy,0.005889680217640528,4.978450674905726,False
1000.0,1e+24,131072,logarithmic,pubmed_central,0.16512593250006047,b1,legacy,0.11375419104995738,1.4516030660140002,False
1000.0,1e+24,131072,logarithmic,wikipedia_en,0.05003929128033638,b1,legacy,0.07507775607969777,0.6664995585006277,False
1000.0,1e+24,131072,logarithmic,dm_mathematics,0.01240143503052707,b1,legacy,0.02546285409735114,0.48704025806035506,False
1000.0,1e+24,131072,logarithmic,github,0.061387649894623725,b1,legacy,0.11070066006999096,0.5545373429192845,False
1000.0,1e+24,131072,logarithmic,philpapers,0.01399060291596196,b1,legacy,0.005487697351757549,2.549448706656751,False
1000.0,1e+24,131072,logarithmic,stackexchange,0.178804621961552,b1,legacy,0.09943242344369017,1.7982526802518426,False
1000.0,1e+24,131072,logarithmic,enron_emails,0.028207955410650156,b1,legacy,0.0022110330440804327,12.75781720502591,False
1000.0,1e+24,131072,logarithmic,gutenberg_pg_19,0.035445623362652674,b1,legacy,0.04691494424769629,0.7555294785284371,False
1000.0,1e+24,131072,logarithmic,pile_cc,0.01039325377980082,b1,legacy,0.11948759779117796,0.08698186231816753,False
1000.0,1e+24,131072,logarithmic,ubuntu_irc,0.043269729836126605,b1,legacy,0.019599998284382344,2.2076394705914213,False
1000.0,1e+24,131072,logarithmic,europarl,0.0011367583883097998,b1,legacy,0.012737064754468426,0.08924806540776997,False
1000.0,1e+24,131072,logarithmic,hackernews,0.03458013441289031,b1,legacy,0.01165082237856243,2.9680423655344645,False
1000.0,1e+24,131072,logarithmic,pubmed_abstracts,0.02796680628048797,b1,legacy,0.06618116611255062,0.4225795331700016,False
1000.0,1e+24,131072,logarithmic,uspto_backgrounds,0.023113328232400577,b1,legacy,0.07556475309321728,0.3058744624479589,False
10000.0,1e+25,2048,logarithmic,arxiv,0.14091471561075294,b1,legacy,0.11302252583217468,1.2467843429724348,False
10000.0,1e+25,2048,logarithmic,freelaw,0.1424036186244153,b1,legacy,0.09682483215160405,1.4707344744109239,False
10000.0,1e+25,2048,logarithmic,nih_exporter,0.029482334538455304,b1,legacy,0.005889680217640528,5.005761509793184,False
10000.0,1e+25,2048,logarithmic,pubmed_central,0.1649215853525916,b1,legacy,0.11375419104995738,1.4498066737616997,False
10000.0,1e+25,2048,logarithmic,wikipedia_en,0.04976171224605548,b1,legacy,0.07507775607969777,0.6628023377953866,False
10000.0,1e+25,2048,logarithmic,dm_mathematics,0.012632961743631408,b1,legacy,0.02546285409735114,0.4961329823959363,False
10000.0,1e+25,2048,logarithmic,github,0.06166595271779937,b1,legacy,0.11070066006999096,0.5570513552386301,False
10000.0,1e+25,2048,logarithmic,philpapers,0.013896694105383172,b1,legacy,0.005487697351757549,2.5323360992078885,False
10000.0,1e+25,2048,logarithmic,stackexchange,0.17858199252947618,b1,legacy,0.09943242344369017,1.796013677878518,False
10000.0,1e+25,2048,logarithmic,enron_emails,0.028183844262259,b1,legacy,0.0022110330440804327,12.746912280535655,False
10000.0,1e+25,2048,logarithmic,gutenberg_pg_19,0.03545680619201597,b1,legacy,0.04691494424769629,0.7557678424344935,False
10000.0,1e+25,2048,logarithmic,pile_cc,0.010034295657766583,b1,legacy,0.11948759779117796,0.08397771687822347,False
10000.0,1e+25,2048,logarithmic,ubuntu_irc,0.04303651251389749,b1,legacy,0.019599998284382344,2.1957406265790245,False
10000.0,1e+25,2048,logarithmic,europarl,0.0011274064288866771,b1,legacy,0.012737064754468426,0.08851383349457806,False
10000.0,1e+25,2048,logarithmic,hackernews,0.034358037953922234,b1,legacy,0.01165082237856243,2.9489796374495585,False
10000.0,1e+25,2048,logarithmic,pubmed_abstracts,0.027913393657588888,b1,legacy,0.06618116611255062,0.4217724663557323,False
10000.0,1e+25,2048,logarithmic,uspto_backgrounds,0.02562813586510232,b1,legacy,0.07556475309321728,0.33915462985086775,False
10000.0,1e+25,4096,logarithmic,arxiv,0.14140335941664445,b1,legacy,0.11302252583217468,1.251107762594264,False
10000.0,1e+25,4096,logarithmic,freelaw,0.1428408043100928,b1,legacy,0.09682483215160405,1.4752496971689966,False
10000.0,1e+25,4096,logarithmic,nih_exporter,0.028963920126314893,b1,legacy,0.005889680217640528,4.917740701704542,False
10000.0,1e+25,4096,logarithmic,pubmed_central,0.16551511594336818,b1,legacy,0.11375419104995738,1.4550243328676917,False
10000.0,1e+25,4096,logarithmic,wikipedia_en,0.05003131075165867,b1,legacy,0.07507775607969777,0.6663932616546052,False
10000.0,1e+25,4096,logarithmic,dm_mathematics,0.011457068164305296,b1,legacy,0.02546285409735114,0.44995223710986726,False
10000.0,1e+25,4096,logarithmic,github,0.06125420732057103,b1,legacy,0.11070066006999096,0.5533319068002196,False
10000.0,1e+25,4096,logarithmic,philpapers,0.013378363740505075,b1,legacy,0.005487697351757549,2.4378829375895474,False
10000.0,1e+25,4096,logarithmic,stackexchange,0.17870647993549454,b1,legacy,0.09943242344369017,1.797265657883701,False
10000.0,1e+25,4096,logarithmic,enron_emails,0.02808226328992143,b1,legacy,0.0022110330440804327,12.700969515180098,False
10000.0,1e+25,4096,logarithmic,gutenberg_pg_19,0.03571255351992828,b1,legacy,0.04691494424769629,0.7612191401395924,False
10000.0,1e+25,4096,logarithmic,pile_cc,0.010023127177995726,b1,legacy,0.11948759779117796,0.08388424709577479,False
10000.0,1e+25,4096,logarithmic,ubuntu_irc,0.04299841442646354,b1,legacy,0.019599998284382344,2.1937968464377624,False
10000.0,1e+25,4096,logarithmic,europarl,0.0010083380057443133,b1,legacy,0.012737064754468426,0.07916564963608021,False
10000.0,1e+25,4096,logarithmic,hackernews,0.0343846905136965,b1,legacy,0.01165082237856243,2.9512672493372225,False
10000.0,1e+25,4096,logarithmic,pubmed_abstracts,0.0283985666550574,b1,legacy,0.06618116611255062,0.42910344926170596,False
10000.0,1e+25,4096,logarithmic,uspto_backgrounds,0.025841416702237715,b1,legacy,0.07556475309321728,0.34197712087220794,False
10000.0,1e+25,8192,logarithmic,arxiv,0.14399731177070285,b1,legacy,0.11302252583217468,1.2740585180738409,True
10000.0,1e+25,8192,logarithmic,freelaw,0.14242660870484813,b1,legacy,0.09682483215160405,1.470971914331262,True
10000.0,1e+25,8192,logarithmic,nih_exporter,0.02939404242641912,b1,legacy,0.005889680217640528,4.990770524073496,True
10000.0,1e+25,8192,logarithmic,pubmed_central,0.16499190882369344,b1,legacy,0.11375419104995738,1.4504248793016692,True
10000.0,1e+25,8192,logarithmic,wikipedia_en,0.049782797227570424,b1,legacy,0.07507775607969777,0.6630831797200248,True
10000.0,1e+25,8192,logarithmic,dm_mathematics,0.012534954285105801,b1,legacy,0.02546285409735114,0.4922839457502053,True
10000.0,1e+25,8192,logarithmic,github,0.06041813509556935,b1,legacy,0.11070066006999096,0.5457793572086176,True
10000.0,1e+25,8192,logarithmic,philpapers,0.01399602765194577,b1,legacy,0.005487697351757549,2.550437233471567,True
10000.0,1e+25,8192,logarithmic,stackexchange,0.17831795901270656,b1,legacy,0.09943242344369017,1.7933582712452971,True
10000.0,1e+25,8192,logarithmic,enron_emails,0.02826281327760893,b1,legacy,0.0022110330440804327,12.782628171603566,True
10000.0,1e+25,8192,logarithmic,gutenberg_pg_19,0.03553505351988328,b1,legacy,0.04691494424769629,0.7574356975097161,True
10000.0,1e+25,8192,logarithmic,pile_cc,0.010125757361600957,b1,legacy,0.11948759779117796,0.08474316622631578,True
10000.0,1e+25,8192,logarithmic,ubuntu_irc,0.04312604805225199,b1,legacy,0.019599998284382344,2.2003087666908447,True
10000.0,1e+25,8192,logarithmic,europarl,0.001092447814529778,b1,legacy,0.012737064754468426,0.08576919687454086,True
10000.0,1e+25,8192,logarithmic,hackernews,0.034499087410332675,b1,legacy,0.01165082237856243,2.961086032331174,True
10000.0,1e+25,8192,logarithmic,pubmed_abstracts,0.027910347515580355,b1,legacy,0.06618116611255062,0.4217264390312311,True
10000.0,1e+25,8192,logarithmic,uspto_backgrounds,0.023588700049650607,b1,legacy,0.07556475309321728,0.3121653824574984,True
10000.0,1e+25,32768,logarithmic,arxiv,0.13966787969828146,b1,legacy,0.11302252583217468,1.2357525959530584,False
10000.0,1e+25,32768,logarithmic,freelaw,0.14289533299069052,b1,legacy,0.09682483215160405,1.4758128655152358,False
10000.0,1e+25,32768,logarithmic,nih_exporter,0.029401444499019304,b1,legacy,0.005889680217640528,4.992027310915337,False
10000.0,1e+25,32768,logarithmic,pubmed_central,0.16554062234498823,b1,legacy,0.11375419104995738,1.455248556708454,False
10000.0,1e+25,32768,logarithmic,wikipedia_en,0.05005095715663139,b1,legacy,0.07507775607969777,0.6666549424239647,False
10000.0,1e+25,32768,logarithmic,dm_mathematics,0.012554391189799518,b1,legacy,0.02546285409735114,0.49304728927090424,False
10000.0,1e+25,32768,logarithmic,github,0.062029265226465145,b1,legacy,0.11070066006999096,0.5603332914839612,False
10000.0,1e+25,32768,logarithmic,philpapers,0.01403348769749218,b1,legacy,0.005487697351757549,2.557263419965692,False
10000.0,1e+25,32768,logarithmic,stackexchange,0.1789076690530732,b1,legacy,0.09943242344369017,1.799289033263791,False
10000.0,1e+25,32768,logarithmic,enron_emails,0.028286929735672647,b1,legacy,0.0022110330440804327,12.793535497538059,False
10000.0,1e+25,32768,logarithmic,gutenberg_pg_19,0.03582855050041499,b1,legacy,0.04691494424769629,0.7636916354680378,False
10000.0,1e+25,32768,logarithmic,pile_cc,0.010013862819648004,b1,legacy,0.11948759779117796,0.0838067130376886,False
10000.0,1e+25,32768,logarithmic,ubuntu_irc,0.04316419870159294,b1,legacy,0.019599998284382344,2.20225522856229,False
10000.0,1e+25,32768,logarithmic,europarl,0.001121052739392625,b1,legacy,0.012737064754468426,0.08801499882453974,False
10000.0,1e+25,32768,logarithmic,hackernews,0.03451567792727879,b1,legacy,0.01165082237856243,2.9625100105197557,False
10000.0,1e+25,32768,logarithmic,pubmed_abstracts,0.028149928712853694,b1,legacy,0.06618116611255062,0.4253465202619833,False
10000.0,1e+25,32768,logarithmic,uspto_backgrounds,0.023838749006705323,b1,legacy,0.07556475309321728,0.3154744511279968,False
10000.0,1e+25,131072,logarithmic,arxiv,0.1408805432468249,b1,legacy,0.11302252583217468,1.246481992943744,False
10000.0,1e+25,131072,logarithmic,freelaw,0.14285457799879028,b1,legacy,0.09682483215160405,1.4753919508490847,False
10000.0,1e+25,131072,logarithmic,nih_exporter,0.029281738716845935,b1,legacy,0.005889680217640528,4.971702645101592,False
10000.0,1e+25,131072,logarithmic,pubmed_central,0.1653760142450838,b1,legacy,0.11375419104995738,1.453801505849184,False
10000.0,1e+25,131072,logarithmic,wikipedia_en,0.049876707296659696,b1,legacy,0.07507775607969777,0.6643340171716607,False
10000.0,1e+25,131072,logarithmic,dm_mathematics,0.012822380423022528,b1,legacy,0.02546285409735114,0.5035720023371779,False
10000.0,1e+25,131072,logarithmic,github,0.061652224138582686,b1,legacy,0.11070066006999096,0.5569273399056772,False
10000.0,1e+25,131072,logarithmic,philpapers,0.013990467774727951,b1,legacy,0.005487697351757549,2.5494240804382575,False
10000.0,1e+25,131072,logarithmic,stackexchange,0.17880101180298405,b1,legacy,0.09943242344369017,1.7982163725923999,False
10000.0,1e+25,131072,logarithmic,enron_emails,0.02828320444826827,b1,legacy,0.0022110330440804327,12.791850634702403,False
10000.0,1e+25,131072,logarithmic,gutenberg_pg_19,0.03569820415645601,b1,legacy,0.04691494424769629,0.7609132810215146,False
10000.0,1e+25,131072,logarithmic,pile_cc,0.010434136559651239,b1,legacy,0.11948759779117796,0.0873240131405639,False
10000.0,1e+25,131072,logarithmic,ubuntu_irc,0.04318398354401133,b1,legacy,0.019599998284382344,2.2032646593862797,False
10000.0,1e+25,131072,logarithmic,europarl,0.0011068116398902383,b1,legacy,0.012737064754468426,0.08689691551595087,False
10000.0,1e+25,131072,logarithmic,hackernews,0.03437684493993691,b1,legacy,0.01165082237856243,2.9505938570645855,False
10000.0,1e+25,131072,logarithmic,pubmed_abstracts,0.027930783091233705,b1,legacy,0.06618116611255062,0.4220352213760238,False
10000.0,1e+25,131072,logarithmic,uspto_backgrounds,0.023450365977030357,b1,legacy,0.07556475309321728,0.31033471317112354,False
100000.0,1e+26,2048,logarithmic,arxiv,0.14026644609211603,b1,legacy,0.11302252583217468,1.2410485879637427,False
100000.0,1e+26,2048,logarithmic,freelaw,0.1428798140928393,b1,legacy,0.09682483215160405,1.475652587438772,False
100000.0,1e+26,2048,logarithmic,nih_exporter,0.02938624688948151,b1,legacy,0.005889680217640528,4.9894469315099705,False
100000.0,1e+26,2048,logarithmic,pubmed_central,0.16550778700635918,b1,legacy,0.11375419104995738,1.454959905026033,False
100000.0,1e+26,2048,logarithmic,wikipedia_en,0.04991568128692984,b1,legacy,0.07507775607969777,0.6648531321839524,False
100000.0,1e+26,2048,logarithmic,dm_mathematics,0.012568452488271098,b1,legacy,0.02546285409735114,0.49359951717190154,False
100000.0,1e+26,2048,logarithmic,github,0.061765421747522024,b1,legacy,0.11070066006999096,0.5579498957681966,False
100000.0,1e+26,2048,logarithmic,philpapers,0.013984244902616457,b1,legacy,0.005487697351757549,2.5482901126348945,False
100000.0,1e+26,2048,logarithmic,stackexchange,0.17890073620602137,b1,legacy,0.09943242344369017,1.7992193090550095,False
100000.0,1e+26,2048,logarithmic,enron_emails,0.028282824920178765,b1,legacy,0.0022110330440804327,12.791678982772314,False
100000.0,1e+26,2048,logarithmic,gutenberg_pg_19,0.035615635567885356,b1,legacy,0.04691494424769629,0.7591533175409076,False
100000.0,1e+26,2048,logarithmic,pile_cc,0.010167620429422881,b1,legacy,0.11948759779117796,0.08509352114679118,False
100000.0,1e+26,2048,logarithmic,ubuntu_irc,0.04322345758184417,b1,legacy,0.019599998284382344,2.20527864108465,False
100000.0,1e+26,2048,logarithmic,europarl,0.0010077394254390706,b1,legacy,0.012737064754468426,0.07911865448321087,False
100000.0,1e+26,2048,logarithmic,hackernews,0.034504034496318524,b1,legacy,0.01165082237856243,2.9615106449314785,False
100000.0,1e+26,2048,logarithmic,pubmed_abstracts,0.027952954789043884,b1,legacy,0.06618116611255062,0.4223702365942881,False
100000.0,1e+26,2048,logarithmic,uspto_backgrounds,0.02407090207771047,b1,legacy,0.07556475309321728,0.3185466913127661,False
100000.0,1e+26,4096,logarithmic,arxiv,0.14025156851852083,b1,legacy,0.11302252583217468,1.240916954260765,False
100000.0,1e+26,4096,logarithmic,freelaw,0.14282917126150835,b1,legacy,0.09682483215160405,1.4751295518681895,False
100000.0,1e+26,4096,logarithmic,nih_exporter,0.029413103766472225,b1,legacy,0.005889680217640528,4.994006920507382,False
100000.0,1e+26,4096,logarithmic,pubmed_central,0.1654271945099398,b1,legacy,0.11375419104995738,1.454251425666499,False
100000.0,1e+26,4096,logarithmic,wikipedia_en,0.0498721148915325,b1,legacy,0.07507775607969777,0.6642728485197591,False
100000.0,1e+26,4096,logarithmic,dm_mathematics,0.012871600339863513,b1,legacy,0.02546285409735114,0.505505010972141,False
100000.0,1e+26,4096,logarithmic,github,0.06173010775871913,b1,legacy,0.11070066006999096,0.5576308914480728,False
100000.0,1e+26,4096,logarithmic,philpapers,0.013571355007709077,b1,legacy,0.005487697351757549,2.4730509242392107,False
100000.0,1e+26,4096,logarithmic,stackexchange,0.17882361617634485,b1,legacy,0.09943242344369017,1.7984437066206567,False
100000.0,1e+26,4096,logarithmic,enron_emails,0.028254321952389156,b1,legacy,0.0022110330440804327,12.778787738172458,False
100000.0,1e+26,4096,logarithmic,gutenberg_pg_19,0.03532526062765427,b1,legacy,0.04691494424769629,0.7529639264015301,False
100000.0,1e+26,4096,logarithmic,pile_cc,0.010118349747041334,b1,legacy,0.11948759779117796,0.08468117138587579,False
100000.0,1e+26,4096,logarithmic,ubuntu_irc,0.04346131819240962,b1,legacy,0.019599998284382344,2.2174143875839234,False
100000.0,1e+26,4096,logarithmic,europarl,0.001031778760036165,b1,legacy,0.012737064754468426,0.08100600726507225,False
100000.0,1e+26,4096,logarithmic,hackernews,0.03429010649085312,b1,legacy,0.01165082237856243,2.94314902216234,False
100000.0,1e+26,4096,logarithmic,pubmed_abstracts,0.028598299485623854,b1,legacy,0.06618116611255062,0.4321214201180487,False
100000.0,1e+26,4096,logarithmic,uspto_backgrounds,0.024130732513382033,b1,legacy,0.07556475309321728,0.31933846834137297,False
100000.0,1e+26,8192,logarithmic,arxiv,0.14026657764305972,b1,legacy,0.11302252583217468,1.2410497518993628,False
100000.0,1e+26,8192,logarithmic,freelaw,0.14288096995276162,b1,legacy,0.09682483215160405,1.4756645250780802,False
100000.0,1e+26,8192,logarithmic,nih_exporter,0.029387024261438143,b1,legacy,0.005889680217640528,4.989578920332438,False
100000.0,1e+26,8192,logarithmic,pubmed_central,0.16550895420092576,b1,legacy,0.11375419104995738,1.4549701656991194,False
100000.0,1e+26,8192,logarithmic,wikipedia_en,0.049916297621878714,b1,legacy,0.07507775607969777,0.6648613414723097,False
100000.0,1e+26,8192,logarithmic,dm_mathematics,0.012568333540941258,b1,legacy,0.02546285409735114,0.4935948457658845,False
100000.0,1e+26,8192,logarithmic,github,0.06176608193735719,b1,legacy,0.11070066006999096,0.5579558595071188,False
100000.0,1e+26,8192,logarithmic,philpapers,0.013985857856903355,b1,legacy,0.005487697351757549,2.5485840345084068,False
100000.0,1e+26,8192,logarithmic,stackexchange,0.17890180759437332,b1,legacy,0.09943242344369017,1.7992300840951307,False
100000.0,1e+26,8192,logarithmic,enron_emails,0.028282705449937266,b1,legacy,0.0022110330440804327,12.791624949097052,False
100000.0,1e+26,8192,logarithmic,gutenberg_pg_19,0.03561556679480755,b1,legacy,0.04691494424769629,0.7591518516310806,False
100000.0,1e+26,8192,logarithmic,pile_cc,0.01016728463265485,b1,legacy,0.11948759779117796,0.08509071084033061,False
100000.0,1e+26,8192,logarithmic,ubuntu_irc,0.04322450935363573,b1,legacy,0.019599998284382344,2.2053323029154472,False
100000.0,1e+26,8192,logarithmic,europarl,0.0010077372379136886,b1,legacy,0.012737064754468426,0.07911848273835254,False
100000.0,1e+26,8192,logarithmic,hackernews,0.03450407135378145,b1,legacy,0.01165082237856243,2.961513808438889,False
100000.0,1e+26,8192,logarithmic,pubmed_abstracts,0.02795183941117817,b1,legacy,0.06618116611255062,0.42235338319125465,False
100000.0,1e+26,8192,logarithmic,uspto_backgrounds,0.02406438115645203,b1,legacy,0.07556475309321728,0.31846039550696364,False
100000.0,1e+26,32768,logarithmic,arxiv,0.140266648129718,b1,legacy,0.11302252583217468,1.2410503755507791,True
100000.0,1e+26,32768,logarithmic,freelaw,0.14288012836277747,b1,legacy,0.09682483215160405,1.4756558331964065,True
100000.0,1e+26,32768,logarithmic,nih_exporter,0.02938589146735923,b1,legacy,0.005889680217640528,4.989386584919129,True
100000.0,1e+26,32768,logarithmic,pubmed_central,0.16550813471479534,b1,legacy,0.11375419104995738,1.4549629616908726,True
100000.0,1e+26,32768,logarithmic,wikipedia_en,0.04991541483356099,b1,legacy,0.07507775607969777,0.6648495831518187,True
100000.0,1e+26,32768,logarithmic,dm_mathematics,0.01256572774479111,b1,legacy,0.02546285409735114,0.4934925086068141,True
100000.0,1e+26,32768,logarithmic,github,0.06176627155081026,b1,legacy,0.11070066006999096,0.5579575723555602,True
100000.0,1e+26,32768,logarithmic,philpapers,0.013985885890233966,b1,legacy,0.005487697351757549,2.5485891429042997,True
100000.0,1e+26,32768,logarithmic,stackexchange,0.17890089590917843,b1,legacy,0.09943242344369017,1.799220915202698,True
100000.0,1e+26,32768,logarithmic,enron_emails,0.02828324703646695,b1,legacy,0.0022110330440804327,12.791869896376847,True
100000.0,1e+26,32768,logarithmic,gutenberg_pg_19,0.03561708229159533,b1,legacy,0.04691494424769629,0.7591841547023532,True
100000.0,1e+26,32768,logarithmic,pile_cc,0.010167862552195085,b1,legacy,0.11948759779117796,0.08509554748907841,True
100000.0,1e+26,32768,logarithmic,ubuntu_irc,0.043223596124749394,b1,legacy,0.019599998284382344,2.2052857096008416,True
100000.0,1e+26,32768,logarithmic,europarl,0.0010077386535268578,b1,legacy,0.012737064754468426,0.07911859387959241,True
100000.0,1e+26,32768,logarithmic,hackernews,0.0345039500572954,b1,legacy,0.01165082237856243,2.9615033974582636,True
100000.0,1e+26,32768,logarithmic,pubmed_abstracts,0.02795292364111258,b1,legacy,0.06618116611255062,0.42236976594783177,True
100000.0,1e+26,32768,logarithmic,uspto_backgrounds,0.024068601039833604,b1,legacy,0.07556475309321728,0.3185162401065797,True
100000.0,1e+26,131072,logarithmic,arxiv,0.140075119714215,b1,legacy,0.11302252583217468,1.2393557716291908,False
100000.0,1e+26,131072,logarithmic,freelaw,0.14254299255706984,b1,legacy,0.09682483215160405,1.472173918503492,False
100000.0,1e+26,131072,logarithmic,nih_exporter,0.029673772254087218,b1,legacy,0.005889680217640528,5.038265433360805,False
100000.0,1e+26,131072,logarithmic,pubmed_central,0.16543761433183793,b1,legacy,0.11375419104995738,1.454343025121446,False
100000.0,1e+26,131072,logarithmic,wikipedia_en,0.05054557068840367,b1,legacy,0.07507775607969777,0.6732429594026187,False
100000.0,1e+26,131072,logarithmic,dm_mathematics,0.01210260380558674,b1,legacy,0.02546285409735114,0.47530429068616287,False
100000.0,1e+26,131072,logarithmic,github,0.06223411080334134,b1,legacy,0.11070066006999096,0.5621837373326731,False
100000.0,1e+26,131072,logarithmic,philpapers,0.0138535282317621,b1,legacy,0.005487697351757549,2.5244701636698714,False
100000.0,1e+26,131072,logarithmic,stackexchange,0.17889570202877594,b1,legacy,0.09943242344369017,1.799168679923474,False
100000.0,1e+26,131072,logarithmic,enron_emails,0.028636373430730507,b1,legacy,0.0022110330440804327,12.951580939687112,False
100000.0,1e+26,131072,logarithmic,gutenberg_pg_19,0.03586906182682116,b1,legacy,0.04691494424769629,0.7645551412667931,False
100000.0,1e+26,131072,logarithmic,pile_cc,0.00993762837203133,b1,legacy,0.11948759779117796,0.08316870165386359,False
100000.0,1e+26,131072,logarithmic,ubuntu_irc,0.0420847785821512,b1,legacy,0.019599998284382344,2.1471827686681566,False
100000.0,1e+26,131072,logarithmic,europarl,0.0011587658706388774,b1,legacy,0.012737064754468426,0.09097589538691465,False
100000.0,1e+26,131072,logarithmic,hackernews,0.03488819958006919,b1,legacy,0.01165082237856243,2.9944838610074123,False
100000.0,1e+26,131072,logarithmic,pubmed_abstracts,0.026775718443899876,b1,legacy,0.06618116611255062,0.4045821495251973,False
100000.0,1e+26,131072,logarithmic,uspto_backgrounds,0.02528845947857808,b1,legacy,0.07556475309321728,0.33465946017691656,False
1000000.0,1e+27,2048,logarithmic,arxiv,0.14027080997797403,b1,legacy,0.11302252583217468,1.2410871987258532,False
1000000.0,1e+27,2048,logarithmic,freelaw,0.1428933489257321,b1,legacy,0.09682483215160405,1.475792374233048,False
1000000.0,1e+27,2048,logarithmic,nih_exporter,0.029412921325766225,b1,legacy,0.005889680217640528,4.993975944172631,False
1000000.0,1e+27,2048,logarithmic,pubmed_central,0.16551498342355592,b1,legacy,0.11375419104995738,1.4550231679012757,False
1000000.0,1e+27,2048,logarithmic,wikipedia_en,0.04993784692183381,b1,legacy,0.07507775607969777,0.6651483678977161,False
1000000.0,1e+27,2048,logarithmic,dm_mathematics,0.012548413505204154,b1,legacy,0.02546285409735114,0.49281252829035943,False
1000000.0,1e+27,2048,logarithmic,github,0.0617724856814604,b1,legacy,0.11070066006999096,0.5580137068957356,False
1000000.0,1e+27,2048,logarithmic,philpapers,0.01407251965831971,b1,legacy,0.005487697351757549,2.5643760499679695,False
1000000.0,1e+27,2048,logarithmic,stackexchange,0.17891055789120125,b1,legacy,0.09943242344369017,1.7993180865446827,False
1000000.0,1e+27,2048,logarithmic,enron_emails,0.028292540437968087,b1,legacy,0.0022110330440804327,12.796073090682793,False
1000000.0,1e+27,2048,logarithmic,gutenberg_pg_19,0.03550445050951326,b1,legacy,0.04691494424769629,0.7567833891491126,False
1000000.0,1e+27,2048,logarithmic,pile_cc,0.010159554742105972,b1,legacy,0.11948759779117796,0.08502601884976614,False
1000000.0,1e+27,2048,logarithmic,ubuntu_irc,0.043269867419342155,b1,legacy,0.019599998284382344,2.2076464901438495,False
1000000.0,1e+27,2048,logarithmic,europarl,0.0011157107437408437,b1,legacy,0.012737064754468426,0.08759559327430044,False
1000000.0,1e+27,2048,logarithmic,hackernews,0.03463191988180037,b1,legacy,0.01165082237856243,2.972487156402219,False
1000000.0,1e+27,2048,logarithmic,pubmed_abstracts,0.02792129903313299,b1,legacy,0.06618116611255062,0.4218919168883908,False
1000000.0,1e+27,2048,logarithmic,uspto_backgrounds,0.023770769921348772,b1,legacy,0.07556475309321728,0.3145748374513308,False
1000000.0,1e+27,4096,logarithmic,arxiv,0.14030250878914238,b1,legacy,0.11302252583217468,1.2413676632698452,False
1000000.0,1e+27,4096,logarithmic,freelaw,0.1429036421530845,b1,legacy,0.09682483215160405,1.4758986819551856,False
1000000.0,1e+27,4096,logarithmic,nih_exporter,0.029381143767324945,b1,legacy,0.005889680217640528,4.9885804800273785,False
1000000.0,1e+27,4096,logarithmic,pubmed_central,0.1655346041870595,b1,legacy,0.11375419104995738,1.4551956517748146,False
1000000.0,1e+27,4096,logarithmic,wikipedia_en,0.049972087673941464,b1,legacy,0.07507775607969777,0.6656044384290638,False
1000000.0,1e+27,4096,logarithmic,dm_mathematics,0.012400665442615595,b1,legacy,0.02546285409735114,0.4870100341149744,False
1000000.0,1e+27,4096,logarithmic,github,0.06181078425287724,b1,legacy,0.11070066006999096,0.558359672054323,False
1000000.0,1e+27,4096,logarithmic,philpapers,0.014036827929659004,b1,legacy,0.005487697351757549,2.55787209642008,False
1000000.0,1e+27,4096,logarithmic,stackexchange,0.17892279282366583,b1,legacy,0.09943242344369017,1.7994411342593097,False
1000000.0,1e+27,4096,logarithmic,enron_emails,0.028308553316107352,b1,legacy,0.0022110330440804327,12.803315351571719,False
1000000.0,1e+27,4096,logarithmic,gutenberg_pg_19,0.035682665688981464,b1,legacy,0.04691494424769629,0.7605820759497892,False
1000000.0,1e+27,4096,logarithmic,pile_cc,0.010127107715078926,b1,legacy,0.11948759779117796,0.08475446742830606,False
1000000.0,1e+27,4096,logarithmic,ubuntu_irc,0.04322651713430917,b1,legacy,0.019599998284382344,2.205434740713875,False
1000000.0,1e+27,4096,logarithmic,europarl,0.0011374915578674155,b1,legacy,0.012737064754468426,0.08930562730069813,False
1000000.0,1e+27,4096,logarithmic,hackernews,0.03450738194282733,b1,legacy,0.01165082237856243,2.9617979591141204,False
1000000.0,1e+27,4096,logarithmic,pubmed_abstracts,0.028096582559110864,b1,legacy,0.06618116611255062,0.42454045779925625,False
1000000.0,1e+27,4096,logarithmic,uspto_backgrounds,0.023648643066346932,b1,legacy,0.07556475309321728,0.3129586493477161,False
1000000.0,1e+27,8192,logarithmic,arxiv,0.14026710983570817,b1,legacy,0.11302252583217468,1.2410544606301628,False
1000000.0,1e+27,8192,logarithmic,freelaw,0.1428803939321328,b1,legacy,0.09682483215160405,1.475658575977875,False
1000000.0,1e+27,8192,logarithmic,nih_exporter,0.029387345460017637,b1,legacy,0.005889680217640528,4.989633456159108,False
1000000.0,1e+27,8192,logarithmic,pubmed_central,0.1655082319772295,b1,legacy,0.11375419104995738,1.454963816713736,False
1000000.0,1e+27,8192,logarithmic,wikipedia_en,0.04991782365926389,b1,legacy,0.07507775607969777,0.6648816675644155,False
1000000.0,1e+27,8192,logarithmic,dm_mathematics,0.012569650153077708,b1,legacy,0.02546285409735114,0.4936465529363147,False
1000000.0,1e+27,8192,logarithmic,github,0.0617671295124632,b1,legacy,0.11070066006999096,0.5579653226404492,False
1000000.0,1e+27,8192,logarithmic,philpapers,0.013984507230318282,b1,legacy,0.005487697351757549,2.5483379155083057,False
1000000.0,1e+27,8192,logarithmic,stackexchange,0.1789012828279976,b1,legacy,0.09943242344369017,1.7992248064768495,False
1000000.0,1e+27,8192,logarithmic,enron_emails,0.028284146036259103,b1,legacy,0.0022110330440804327,12.792276493553022,False
1000000.0,1e+27,8192,logarithmic,gutenberg_pg_19,0.035614444730804086,b1,legacy,0.04691494424769629,0.7591279346463872,False
1000000.0,1e+27,8192,logarithmic,pile_cc,0.01016811533854645,b1,legacy,0.11948759779117796,0.08509766307559984,False
1000000.0,1e+27,8192,logarithmic,ubuntu_irc,0.04322491570110326,b1,legacy,0.019599998284382344,2.2053530349309116,False
1000000.0,1e+27,8192,logarithmic,europarl,0.0010077357774598576,b1,legacy,0.012737064754468426,0.07911836807662637,False
1000000.0,1e+27,8192,logarithmic,hackernews,0.03450492968237839,b1,legacy,0.01165082237856243,2.9615874795128305,False
1000000.0,1e+27,8192,logarithmic,pubmed_abstracts,0.027952210540300025,b1,legacy,0.06618116611255062,0.42235899096675417,False
1000000.0,1e+27,8192,logarithmic,uspto_backgrounds,0.024060027604940047,b1,legacy,0.07556475309321728,0.3184027819856621,False
1000000.0,1e+27,32768,logarithmic,arxiv,0.1402660162645866,b1,legacy,0.11302252583217468,1.2410447849384054,False
1000000.0,1e+27,32768,logarithmic,freelaw,0.14287966981251368,b1,legacy,0.09682483215160405,1.4756510973218007,False
1000000.0,1e+27,32768,logarithmic,nih_exporter,0.029387274633749304,b1,legacy,0.005889680217640528,4.989621430672882,False
1000000.0,1e+27,32768,logarithmic,pubmed_central,0.1655085920304363,b1,legacy,0.11375419104995738,1.4549669819000337,False
1000000.0,1e+27,32768,logarithmic,wikipedia_en,0.049915553404327614,b1,legacy,0.07507775607969777,0.6648514288485186,False
1000000.0,1e+27,32768,logarithmic,dm_mathematics,0.012571427684471712,b1,legacy,0.02546285409735114,0.49371636174043415,False
1000000.0,1e+27,32768,logarithmic,github,0.06176586903401087,b1,legacy,0.11070066006999096,0.5579539362724589,False
1000000.0,1e+27,32768,logarithmic,philpapers,0.013983344359140445,b1,legacy,0.005487697351757549,2.5481260103861207,False
1000000.0,1e+27,32768,logarithmic,stackexchange,0.17890049566437913,b1,legacy,0.09943242344369017,1.7992168899080763,False
1000000.0,1e+27,32768,logarithmic,enron_emails,0.02828296240063041,b1,legacy,0.0022110330440804327,12.791741162056343,False
1000000.0,1e+27,32768,logarithmic,gutenberg_pg_19,0.03561881557932624,b1,legacy,0.04691494424769629,0.7592211000245463,False
1000000.0,1e+27,32768,logarithmic,pile_cc,0.010166540035650675,b1,legacy,0.11948759779117796,0.08508447925631737,False
1000000.0,1e+27,32768,logarithmic,ubuntu_irc,0.043224585035705684,b1,legacy,0.019599998284382344,2.205336164245885,False
1000000.0,1e+27,32768,logarithmic,europarl,0.0010077382856728194,b1,legacy,0.012737064754468426,0.07911856499899507,False
1000000.0,1e+27,32768,logarithmic,hackernews,0.034503056934228886,b1,legacy,0.01165082237856243,2.961426739945386,False
1000000.0,1e+27,32768,logarithmic,pubmed_abstracts,0.027950554358768292,b1,legacy,0.06618116611255062,0.4223339659992443,False
1000000.0,1e+27,32768,logarithmic,uspto_backgrounds,0.02406750448240132,b1,legacy,0.07556475309321728,0.31850172861296133,False
1000000.0,1e+27,131072,logarithmic,arxiv,0.14026651294204814,b1,legacy,0.11302252583217468,1.2410491794381557,True
1000000.0,1e+27,131072,logarithmic,freelaw,0.1428805486282765,b1,legacy,0.09682483215160405,1.4756601736686767,True
1000000.0,1e+27,131072,logarithmic,nih_exporter,0.029390233170708595,b1,legacy,0.005889680217640528,4.990123756240648,True
1000000.0,1e+27,131072,logarithmic,pubmed_central,0.16550904574193065,b1,legacy,0.11375419104995738,1.4549709704255567,True
1000000.0,1e+27,131072,logarithmic,wikipedia_en,0.049914907466084034,b1,legacy,0.07507775607969777,0.6648428252583567,True
1000000.0,1e+27,131072,logarithmic,dm_mathematics,0.01256297451302292,b1,legacy,0.02546285409735114,0.4933843812241702,True
1000000.0,1e+27,131072,logarithmic,github,0.0617645036425351,b1,legacy,0.11070066006999096,0.5579416021863305,True
1000000.0,1e+27,131072,logarithmic,philpapers,0.01398558706419761,b1,legacy,0.005487697351757549,2.5485346890929463,True
1000000.0,1e+27,131072,logarithmic,stackexchange,0.17890366480975628,b1,legacy,0.09943242344369017,1.7992487622618558,True
1000000.0,1e+27,131072,logarithmic,enron_emails,0.028282623505759545,b1,legacy,0.0022110330440804327,12.791587887607655,True
1000000.0,1e+27,131072,logarithmic,gutenberg_pg_19,0.035614703245950605,b1,legacy,0.04691494424769629,0.7591334449406157,True
1000000.0,1e+27,131072,logarithmic,pile_cc,0.010171908868281381,b1,legacy,0.11948759779117796,0.08512941138927471,True
1000000.0,1e+27,131072,logarithmic,ubuntu_irc,0.04322352724602224,b1,legacy,0.019599998284382344,2.205282195379761,True
1000000.0,1e+27,131072,logarithmic,europarl,0.001007738225400215,b1,legacy,0.012737064754468426,0.07911856026693116,True
1000000.0,1e+27,131072,logarithmic,hackernews,0.03450007019250337,b1,legacy,0.01165082237856243,2.9611703853612656,True
1000000.0,1e+27,131072,logarithmic,pubmed_abstracts,0.0279541259252239,b1,legacy,0.06618116611255062,0.42238793250762424,True
1000000.0,1e+27,131072,logarithmic,uspto_backgrounds,0.024067324812298892,b1,legacy,0.07556475309321728,0.31849935091575365,True
0.01,1e+19,2048,exponential,arxiv,0.9767152644667809,b1,expanded,0.11302252583217468,8.641775232638931,False
0.01,1e+19,2048,exponential,freelaw,0.0028871631356541918,b1,expanded,0.09682483215160405,0.029818416118022276,False
0.01,1e+19,2048,exponential,nih_exporter,0.0010518960390124858,b1,expanded,0.005889680217640528,0.17859985604343848,False
0.01,1e+19,2048,exponential,pubmed_central,0.003170637149867147,b1,expanded,0.11375419104995738,0.027872706232640692,False
0.01,1e+19,2048,exponential,wikipedia_en,0.0011442340143897045,b1,expanded,0.07507775607969777,0.015240652812999078,False
0.01,1e+19,2048,exponential,dm_mathematics,0.0010255824471335955,b1,expanded,0.02546285409735114,0.04027759194678358,False
0.01,1e+19,2048,exponential,github,0.0010051582203734993,b1,expanded,0.11070066006999096,0.00907996591653549,False
0.01,1e+19,2048,exponential,philpapers,0.001022933433997683,b1,expanded,0.005487697351757549,0.18640485588551406,False
0.01,1e+19,2048,exponential,stackexchange,0.003392066149416054,b1,expanded,0.09943242344369017,0.034114286184898465,False
0.01,1e+19,2048,exponential,enron_emails,0.0010196851550711096,b1,expanded,0.0022110330440804327,0.4611804232420217,False
0.01,1e+19,2048,exponential,gutenberg_pg_19,0.00108926668104195,b1,expanded,0.04691494424769629,0.023217904198946957,False
0.01,1e+19,2048,exponential,pile_cc,0.0010154212655821442,b1,expanded,0.11948759779117796,0.008498131055883653,False
0.01,1e+19,2048,exponential,ubuntu_irc,0.001044179214849041,b1,expanded,0.019599998284382344,0.05327445440038957,False
0.01,1e+19,2048,exponential,europarl,0.0010048421353082147,b1,expanded,0.012737064754468426,0.07889118526744517,False
0.01,1e+19,2048,exponential,hackernews,0.0010298446757897113,b1,expanded,0.01165082237856243,0.08839244495604281,False
0.01,1e+19,2048,exponential,pubmed_abstracts,0.001054509809022619,b1,expanded,0.06618116611255062,0.01593368432386448,False
0.01,1e+19,2048,exponential,uspto_backgrounds,0.001327316006709654,b1,expanded,0.07556475309321728,0.017565279477222223,False
0.01,1e+19,4096,exponential,arxiv,0.9768968404226803,b1,expanded,0.11302252583217468,8.643381779250436,True
0.01,1e+19,4096,exponential,freelaw,0.002791583520833133,b1,expanded,0.09682483215160405,0.028831276634305906,True
0.01,1e+19,4096,exponential,nih_exporter,0.001021793733949955,b1,expanded,0.005889680217640528,0.17348883066512175,True
0.01,1e+19,4096,exponential,pubmed_central,0.00321637254215912,b1,expanded,0.11375419104995738,0.028274760801969813,True
0.01,1e+19,4096,exponential,wikipedia_en,0.0011216593347485142,b1,expanded,0.07507775607969777,0.014939968817899031,True
0.01,1e+19,4096,exponential,dm_mathematics,0.0010256879038614318,b1,expanded,0.02546285409735114,0.04028173353780213,True
0.01,1e+19,4096,exponential,github,0.0010051581437210257,b1,expanded,0.11070066006999096,0.00907996522410535,True
0.01,1e+19,4096,exponential,philpapers,0.00101717106571145,b1,expanded,0.005487697351757549,0.1853548037567487,True
0.01,1e+19,4096,exponential,stackexchange,0.0033249250558780477,b1,expanded,0.09943242344369017,0.03343904272594738,True
0.01,1e+19,4096,exponential,enron_emails,0.0010090091699248736,b1,expanded,0.0022110330440804327,0.45635191777268075,True
0.01,1e+19,4096,exponential,gutenberg_pg_19,0.0010700252210798264,b1,expanded,0.04691494424769629,0.02280776921380161,True
0.01,1e+19,4096,exponential,pile_cc,0.0010138410818385031,b1,expanded,0.11948759779117796,0.008484906388446595,True
0.01,1e+19,4096,exponential,ubuntu_irc,0.0010637890058057139,b1,expanded,0.019599998284382344,0.05427495402657057,True
0.01,1e+19,4096,exponential,europarl,0.0010063705308347936,b1,expanded,0.012737064754468426,0.07901118116571858,True
0.01,1e+19,4096,exponential,hackernews,0.0010390458976788429,b1,expanded,0.01165082237856243,0.08918219366134122,True
0.01,1e+19,4096,exponential,pubmed_abstracts,0.0010493504460555927,b1,expanded,0.06618116611255062,0.015855726148297552,True
0.01,1e+19,4096,exponential,uspto_backgrounds,0.0013273769232389546,b1,expanded,0.07556475309321728,0.01756608562726979,True
0.01,1e+19,8192,exponential,arxiv,0.9772307152481673,b1,expanded,0.11302252583217468,8.646335834851554,False
0.01,1e+19,8192,exponential,freelaw,0.0025875566928078566,b1,expanded,0.09682483215160405,0.026724102023294755,False
0.01,1e+19,8192,exponential,nih_exporter,0.001044015942545802,b1,expanded,0.005889680217640528,0.17726190624387522,False
0.01,1e+19,8192,exponential,pubmed_central,0.003093292012089728,b1,expanded,0.11375419104995738,0.02719277402914543,False
0.01,1e+19,8192,exponential,wikipedia_en,0.0011156183245232105,b1,expanded,0.07507775607969777,0.014859505435124366,False
0.01,1e+19,8192,exponential,dm_mathematics,0.0010302953229645551,b1,expanded,0.02546285409735114,0.04046268022529867,False
0.01,1e+19,8192,exponential,github,0.0010059370288209117,b1,expanded,0.11070066006999096,0.009087001181247735,False
0.01,1e+19,8192,exponential,philpapers,0.0010211507579789515,b1,expanded,0.005487697351757549,0.18608000633488048,False
0.01,1e+19,8192,exponential,stackexchange,0.0032466031286433176,b1,expanded,0.09943242344369017,0.03265135270973164,False
0.01,1e+19,8192,exponential,enron_emails,0.001017743555227276,b1,expanded,0.0022110330440804327,0.4603022817556103,False
0.01,1e+19,8192,exponential,gutenberg_pg_19,0.0010441987125582055,b1,expanded,0.04691494424769629,0.02225727280086195,False
0.01,1e+19,8192,exponential,pile_cc,0.0010185847390169877,b1,expanded,0.11948759779117796,0.008524606384648501,False
0.01,1e+19,8192,exponential,ubuntu_irc,0.0010958229930635758,b1,expanded,0.019599998284382344,0.055909341274623915,False
0.01,1e+19,8192,exponential,europarl,0.0010048527501286693,b1,expanded,0.012737064754468426,0.07889201864787146,False
0.01,1e+19,8192,exponential,hackernews,0.0010579963144213707,b1,expanded,0.01165082237856243,0.09080872405780463,False
0.01,1e+19,8192,exponential,pubmed_abstracts,0.0010581275558658643,b1,expanded,0.06618116611255062,0.015988348619701952,False
0.01,1e+19,8192,exponential,uspto_backgrounds,0.001327488921176299,b1,expanded,0.07556475309321728,0.017567567772486442,False
0.01,1e+19,32768,exponential,arxiv,0.977074136229302,b1,expanded,0.11302252583217468,8.644950455983823,False
0.01,1e+19,32768,exponential,freelaw,0.002323418387720387,b1,expanded,0.09682483215160405,0.023996100340070624,False
0.01,1e+19,32768,exponential,nih_exporter,0.0010221518577047623,b1,expanded,0.005889680217640528,0.17354963596211131,False
0.01,1e+19,32768,exponential,pubmed_central,0.0032030039518259517,b1,expanded,0.11375419104995738,0.028157239063124187,False
0.01,1e+19,32768,exponential,wikipedia_en,0.0011252333142214212,b1,expanded,0.07507775607969777,0.014987572524503065,False
0.01,1e+19,32768,exponential,dm_mathematics,0.0010274712790398763,b1,expanded,0.02546285409735114,0.040351771844255375,False
0.01,1e+19,32768,exponential,github,0.0010045287305860428,b1,expanded,0.11070066006999096,0.009074279502497323,False
0.01,1e+19,32768,exponential,philpapers,0.0010177087775229132,b1,expanded,0.005487697351757549,0.1854527887178346,False
0.01,1e+19,32768,exponential,stackexchange,0.003614430289901769,b1,expanded,0.09943242344369017,0.03635062049904341,False
0.01,1e+19,32768,exponential,enron_emails,0.001009130172689012,b1,expanded,0.0022110330440804327,0.4564066445731066,False
0.01,1e+19,32768,exponential,gutenberg_pg_19,0.001073271936272818,b1,expanded,0.04691494424769629,0.022876973499238888,False
0.01,1e+19,32768,exponential,pile_cc,0.0010141006724442502,b1,expanded,0.11948759779117796,0.008487078920245257,False
0.01,1e+19,32768,exponential,ubuntu_irc,0.001065029568834922,b1,expanded,0.019599998284382344,0.05433824806421325,False
0.01,1e+19,32768,exponential,europarl,0.0010068815126793506,b1,expanded,0.012737064754468426,0.07905129887371545,False
0.01,1e+19,32768,exponential,hackernews,0.0010399072894809699,b1,expanded,0.01165082237856243,0.08925612765279164,False
0.01,1e+19,32768,exponential,pubmed_abstracts,0.0010521596350064797,b1,expanded,0.06618116611255062,0.015898173102860267,False
0.01,1e+19,32768,exponential,uspto_backgrounds,0.001327436394767156,b1,expanded,0.07556475309321728,0.017566872654630656,False
0.01,1e+19,131072,exponential,arxiv,0.9770624095725687,b1,expanded,0.11302252583217468,8.644846700943429,False
0.01,1e+19,131072,exponential,freelaw,0.002330043917710505,b1,expanded,0.09682483215160405,0.024064528343950294,False
0.01,1e+19,131072,exponential,nih_exporter,0.0010222878177822332,b1,expanded,0.005889680217640528,0.17357272042042599,False
0.01,1e+19,131072,exponential,pubmed_central,0.003193932412864521,b1,expanded,0.11375419104995738,0.0280774922082813,False
0.01,1e+19,131072,exponential,wikipedia_en,0.0011265661348351264,b1,expanded,0.07507775607969777,0.01500532506111711,False
0.01,1e+19,131072,exponential,dm_mathematics,0.001027841749756471,b1,expanded,0.02546285409735114,0.040366321301876194,False
0.01,1e+19,131072,exponential,github,0.0010050707374160358,b1,expanded,0.11070066006999096,0.009079175650629143,False
0.01,1e+19,131072,exponential,philpapers,0.0010178608690376617,b1,expanded,0.005487697351757549,0.18548050371467198,False
0.01,1e+19,131072,exponential,stackexchange,0.0036230817464640848,b1,expanded,0.09943242344369017,0.036437628903974985,False
0.01,1e+19,131072,exponential,enron_emails,0.0010090973064516143,b1,expanded,0.0022110330440804327,0.45639177992081853,False
0.01,1e+19,131072,exponential,gutenberg_pg_19,0.0010740402985315387,b1,expanded,0.04691494424769629,0.022893351271205623,False
0.01,1e+19,131072,exponential,pile_cc,0.0010148296030064218,b1,expanded,0.11948759779117796,0.008493179390717896,False
0.01,1e+19,131072,exponential,ubuntu_irc,0.0010652751943094117,b1,expanded,0.019599998284382344,0.05435077997727395,False
0.01,1e+19,131072,exponential,europarl,0.0010071017790340923,b1,expanded,0.012737064754468426,0.07906859221083729,False
0.01,1e+19,131072,exponential,hackernews,0.0010400056618813092,b1,expanded,0.01165082237856243,0.08926457103963105,False
0.01,1e+19,131072,exponential,pubmed_abstracts,0.0010531227374381649,b1,expanded,0.06618116611255062,0.015912725618149094,False
0.01,1e+19,131072,exponential,uspto_backgrounds,0.0013274324609120717,b1,expanded,0.07556475309321728,0.0175668205952389,False
10.0,1e+22,2048,exponential,arxiv,0.4785966500119146,b1,expanded,0.11302252583217468,4.234524458624956,False
10.0,1e+22,2048,exponential,freelaw,0.09104552489798724,b1,expanded,0.09682483215160405,0.940311724531907,False
10.0,1e+22,2048,exponential,nih_exporter,0.018569199335176936,b1,expanded,0.005889680217640528,3.152836597063323,False
10.0,1e+22,2048,exponential,pubmed_central,0.10550161659695431,b1,expanded,0.11375419104995738,0.9274525678849161,False
10.0,1e+22,2048,exponential,wikipedia_en,0.031770276956432635,b1,expanded,0.07507775607969777,0.42316497742297104,False
10.0,1e+22,2048,exponential,dm_mathematics,0.008062248206627515,b1,expanded,0.02546285409735114,0.3166278287502035,False
10.0,1e+22,2048,exponential,github,0.012314329646506486,b1,expanded,0.11070066006999096,0.11123989358980063,False
10.0,1e+22,2048,exponential,philpapers,0.008816726237491197,b1,expanded,0.005487697351757549,1.6066349276108416,False
10.0,1e+22,2048,exponential,stackexchange,0.11398502590830874,b1,expanded,0.09943242344369017,1.1463567110265585,False
10.0,1e+22,2048,exponential,enron_emails,0.01803065693270689,b1,expanded,0.0022110330440804327,8.154856383074016,False
10.0,1e+22,2048,exponential,gutenberg_pg_19,0.02277865501356323,b1,expanded,0.04691494424769629,0.4855308980716044,False
10.0,1e+22,2048,exponential,pile_cc,0.0066635649718575,b1,expanded,0.11948759779117796,0.05576783779269757,False
10.0,1e+22,2048,exponential,ubuntu_irc,0.027509343799283454,b1,expanded,0.019599998284382344,1.4035380717968444,False
10.0,1e+22,2048,exponential,europarl,0.001017584326998053,b1,expanded,0.012737064754468426,0.07989158778839239,False
10.0,1e+22,2048,exponential,hackernews,0.022162327225487135,b1,expanded,0.01165082237856243,1.9022114066613809,False
10.0,1e+22,2048,exponential,pubmed_abstracts,0.017676871545774082,b1,expanded,0.06618116611255062,0.2670982181805623,False
10.0,1e+22,2048,exponential,uspto_backgrounds,0.015499398386929982,b1,expanded,0.07556475309321728,0.20511412732083967,False
10.0,1e+22,4096,exponential,arxiv,0.4739850901377541,b1,expanded,0.11302252583217468,4.193722327897422,False
10.0,1e+22,4096,exponential,freelaw,0.09185143733384549,b1,expanded,0.09682483215160405,0.9486351310170986,False
10.0,1e+22,4096,exponential,nih_exporter,0.018889307153935338,b1,expanded,0.005889680217640528,3.2071872250990574,False
10.0,1e+22,4096,exponential,pubmed_central,0.10639960096407033,b1,expanded,0.11375419104995738,0.9353466450949739,False
10.0,1e+22,4096,exponential,wikipedia_en,0.03208890413794896,b1,expanded,0.07507775607969777,0.4274089399247018,False
10.0,1e+22,4096,exponential,dm_mathematics,0.008078831958916836,b1,expanded,0.02546285409735114,0.3172791207155864,False
10.0,1e+22,4096,exponential,github,0.01268145937726406,b1,expanded,0.11070066006999096,0.1145563122139123,False
10.0,1e+22,4096,exponential,philpapers,0.008990142556623337,b1,expanded,0.005487697351757549,1.638235853831126,False
10.0,1e+22,4096,exponential,stackexchange,0.11500793216195208,b1,expanded,0.09943242344369017,1.1566441627270858,False
10.0,1e+22,4096,exponential,enron_emails,0.01818245945504105,b1,expanded,0.0022110330440804327,8.223513214205772,False
10.0,1e+22,4096,exponential,gutenberg_pg_19,0.02289671938955968,b1,expanded,0.04691494424769629,0.4880474602862605,False
10.0,1e+22,4096,exponential,pile_cc,0.0065376253478557494,b1,expanded,0.11948759779117796,0.054713840337481764,False
10.0,1e+22,4096,exponential,ubuntu_irc,0.02778497479412244,b1,expanded,0.019599998284382344,1.417600878886915,False
10.0,1e+22,4096,exponential,europarl,0.0010048538481411474,b1,expanded,0.012737064754468426,0.07889210485395576,False
10.0,1e+22,4096,exponential,hackernews,0.022181631388510113,b1,expanded,0.01165082237856243,1.9038682994021456,False
10.0,1e+22,4096,exponential,pubmed_abstracts,0.01796991261021916,b1,expanded,0.06618116611255062,0.27152608008838547,False
10.0,1e+22,4096,exponential,uspto_backgrounds,0.01546911738424021,b1,expanded,0.07556475309321728,0.20471339812567618,False
10.0,1e+22,8192,exponential,arxiv,0.4655979683824782,b1,expanded,0.11302252583217468,4.119514804277486,True
10.0,1e+22,8192,exponential,freelaw,0.09327166072319065,b1,expanded,0.09682483215160405,0.9633030974652247,True
10.0,1e+22,8192,exponential,nih_exporter,0.01921670105944636,b1,expanded,0.005889680217640528,3.2627749469129554,True
10.0,1e+22,8192,exponential,pubmed_central,0.1080475356685565,b1,expanded,0.11375419104995738,0.9498334493988473,True
10.0,1e+22,8192,exponential,wikipedia_en,0.03258399166502961,b1,expanded,0.07507775607969777,0.43400327029540564,True
10.0,1e+22,8192,exponential,dm_mathematics,0.008255795230695376,b1,expanded,0.02546285409735114,0.3242289807392099,True
10.0,1e+22,8192,exponential,github,0.013040725504053292,b1,expanded,0.11070066006999096,0.11780169599538284,True
10.0,1e+22,8192,exponential,philpapers,0.009200722174417121,b1,expanded,0.005487697351757549,1.676608891609228,True
10.0,1e+22,8192,exponential,stackexchange,0.11678540641771856,b1,expanded,0.09943242344369017,1.1745203664261044,True
10.0,1e+22,8192,exponential,enron_emails,0.018468750731919767,b1,expanded,0.0022110330440804327,8.352996252754291,True
10.0,1e+22,8192,exponential,gutenberg_pg_19,0.023271105288454698,b1,expanded,0.04691494424769629,0.4960275592696117,True
10.0,1e+22,8192,exponential,pile_cc,0.006692015368240493,b1,expanded,0.11948759779117796,0.056005941134876336,True
10.0,1e+22,8192,exponential,ubuntu_irc,0.02821937070522095,b1,expanded,0.019599998284382344,1.4397639375155808,True
10.0,1e+22,8192,exponential,europarl,0.0010631808351890006,b1,expanded,0.012737064754468426,0.08347141634936062,True
10.0,1e+22,8192,exponential,hackernews,0.022534803314838633,b1,expanded,0.01165082237856243,1.9341813464003006,True
10.0,1e+22,8192,exponential,pubmed_abstracts,0.018262675070124933,b1,expanded,0.06618116611255062,0.2759497322707584,True
10.0,1e+22,8192,exponential,uspto_backgrounds,0.015487591860425757,b1,expanded,0.07556475309321728,0.20495788348994062,True
10.0,1e+22,32768,exponential,arxiv,0.4275137363472174,b1,expanded,0.11302252583217468,3.782553373316268,False
10.0,1e+22,32768,exponential,freelaw,0.09966341597406801,b1,expanded,0.09682483215160405,1.0293166924164603,False
10.0,1e+22,32768,exponential,nih_exporter,0.020530086613771707,b1,expanded,0.005889680217640528,3.4857727168753296,False
10.0,1e+22,32768,exponential,pubmed_central,0.11544771654973374,b1,expanded,0.11375419104995738,1.0148875877376036,False
10.0,1e+22,32768,exponential,wikipedia_en,0.034822677430014534,b1,expanded,0.07507775607969777,0.4638214998467588,False
10.0,1e+22,32768,exponential,dm_mathematics,0.008842127456028814,b1,expanded,0.02546285409735114,0.34725594476656274,False
10.0,1e+22,32768,exponential,github,0.015522939533861805,b1,expanded,0.11070066006999096,0.14022445326023675,False
10.0,1e+22,32768,exponential,philpapers,0.00980442241580098,b1,expanded,0.005487697351757549,1.786618646646195,False
10.0,1e+22,32768,exponential,stackexchange,0.12478653509250243,b1,expanded,0.09943242344369017,1.2549883707015408,False
10.0,1e+22,32768,exponential,enron_emails,0.019729965868560486,b1,expanded,0.0022110330440804327,8.923415197879219,False
10.0,1e+22,32768,exponential,gutenberg_pg_19,0.024856775391140666,b1,expanded,0.04691494424769629,0.5298263866606051,False
10.0,1e+22,32768,exponential,pile_cc,0.007113191126903888,b1,expanded,0.11948759779117796,0.059530790294531066,False
10.0,1e+22,32768,exponential,ubuntu_irc,0.03015773406803044,b1,expanded,0.019599998284382344,1.5386600361113656,False
10.0,1e+22,32768,exponential,europarl,0.0010672553252557978,b1,expanded,0.012737064754468426,0.08379130873786149,False
10.0,1e+22,32768,exponential,hackernews,0.02408496272919646,b1,expanded,0.01165082237856243,2.0672328481732682,False
10.0,1e+22,32768,exponential,pubmed_abstracts,0.019519499896954187,b1,expanded,0.06618116611255062,0.29494040440083,False
10.0,1e+22,32768,exponential,uspto_backgrounds,0.01653695818095854,b1,expanded,0.07556475309321728,0.21884486488771315,False
10.0,1e+22,131072,exponential,arxiv,0.35330935375882655,b1,expanded,0.11302252583217468,3.1260082992964597,False
10.0,1e+22,131072,exponential,freelaw,0.11187365933696823,b1,expanded,0.09682483215160405,1.1554232199628438,False
10.0,1e+22,131072,exponential,nih_exporter,0.02305850053328603,b1,expanded,0.005889680217640528,3.915068336685268,False
10.0,1e+22,131072,exponential,pubmed_central,0.12957963293791733,b1,expanded,0.11375419104995738,1.139119638071268,False
10.0,1e+22,131072,exponential,wikipedia_en,0.03905222153709128,b1,expanded,0.07507775607969777,0.5201570155564575,False
10.0,1e+22,131072,exponential,dm_mathematics,0.010019922831857174,b1,expanded,0.02546285409735114,0.3935113791073221,False
10.0,1e+22,131072,exponential,github,0.021601433666746703,b1,expanded,0.11070066006999096,0.19513373861627478,False
10.0,1e+22,131072,exponential,philpapers,0.010988010754453777,b1,expanded,0.005487697351757549,2.0022989698829945,False
10.0,1e+22,131072,exponential,stackexchange,0.14006039099898346,b1,expanded,0.09943242344369017,1.4085987864743277,False
10.0,1e+22,131072,exponential,enron_emails,0.022170271507220826,b1,expanded,0.0022110330440804327,10.027109982176421,False
10.0,1e+22,131072,exponential,gutenberg_pg_19,0.02783954132447147,b1,expanded,0.04691494424769629,0.5934045488253672,False
10.0,1e+22,131072,exponential,pile_cc,0.007968259314488916,b1,expanded,0.11948759779117796,0.06668691530994383,False
10.0,1e+22,131072,exponential,ubuntu_irc,0.03389375136358324,b1,expanded,0.019599998284382344,1.7292731801201449,False
10.0,1e+22,131072,exponential,europarl,0.0010776359525287325,b1,expanded,0.012737064754468426,0.08460630241757038,False
10.0,1e+22,131072,exponential,hackernews,0.027062062626747905,b1,expanded,0.01165082237856243,2.3227598659938575,False
10.0,1e+22,131072,exponential,pubmed_abstracts,0.0217220347226303,b1,expanded,0.06618116611255062,0.3282207914815047,False
10.0,1e+22,131072,exponential,uspto_backgrounds,0.018723316832197957,b1,expanded,0.07556475309321728,0.24777844253789494,False
1000.0,1e+24,2048,exponential,arxiv,0.14650245160482558,b1,expanded,0.11302252583217468,1.296223478692776,False
1000.0,1e+24,2048,exponential,freelaw,0.14235445970610222,b1,expanded,0.09682483215160405,1.4702267645887563,False
1000.0,1e+24,2048,exponential,nih_exporter,0.029004727310591977,b1,expanded,0.005889680217640528,4.924669292522573,False
1000.0,1e+24,2048,exponential,pubmed_central,0.16485391668075003,b1,expanded,0.11375419104995738,1.44921180625645,False
1000.0,1e+24,2048,exponential,wikipedia_en,0.049585627919304764,b1,expanded,0.07507775607969777,0.6604569783181561,False
1000.0,1e+24,2048,exponential,dm_mathematics,0.0122855103740484,b1,expanded,0.02546285409735114,0.48248756117745817,False
1000.0,1e+24,2048,exponential,github,0.059371809013106326,b1,expanded,0.11070066006999096,0.5363275067697721,False
1000.0,1e+24,2048,exponential,philpapers,0.013795694674252016,b1,expanded,0.005487697351757549,2.513931397808164,False
1000.0,1e+24,2048,exponential,stackexchange,0.17811459213410552,b1,expanded,0.09943242344369017,1.7913129939448176,False
1000.0,1e+24,2048,exponential,enron_emails,0.02803485697574403,b1,expanded,0.0022110330440804327,12.679528716588544,False
1000.0,1e+24,2048,exponential,gutenberg_pg_19,0.03537688041886217,b1,expanded,0.04691494424769629,0.7540642110130892,False
1000.0,1e+24,2048,exponential,pile_cc,0.010343908297107407,b1,expanded,0.11948759779117796,0.08656888654824996,False
1000.0,1e+24,2048,exponential,ubuntu_irc,0.04294112958834988,b1,expanded,0.019599998284382344,2.1908741503598086,False
1000.0,1e+24,2048,exponential,europarl,0.0011096815079122632,b1,expanded,0.012737064754468426,0.08712223179386475,False
1000.0,1e+24,2048,exponential,hackernews,0.034251172040596155,b1,expanded,0.01165082237856243,2.939807245162237,False
1000.0,1e+24,2048,exponential,pubmed_abstracts,0.027857888792324093,b1,expanded,0.06618116611255062,0.4209337856777521,False
1000.0,1e+24,2048,exponential,uspto_backgrounds,0.02421569296201715,b1,expanded,0.07556475309321728,0.32046280799918025,False
1000.0,1e+24,4096,exponential,arxiv,0.15192998259774942,b1,expanded,0.11302252583217468,1.344245153601927,False
1000.0,1e+24,4096,exponential,freelaw,0.1399015045401034,b1,expanded,0.09682483215160405,1.4448928175888989,False
1000.0,1e+24,4096,exponential,nih_exporter,0.03072925684753813,b1,expanded,0.005889680217640528,5.217474584698015,False
1000.0,1e+24,4096,exponential,pubmed_central,0.16718428422850964,b1,expanded,0.11375419104995738,1.4696977991350437,False
1000.0,1e+24,4096,exponential,wikipedia_en,0.05336541416234989,b1,expanded,0.07507775607969777,0.7108019332077607,False
1000.0,1e+24,4096,exponential,dm_mathematics,0.012194716590294356,b1,expanded,0.02546285409735114,0.4789218264249078,False
1000.0,1e+24,4096,exponential,github,0.04886154985312672,b1,expanded,0.11070066006999096,0.4413844490379172,False
1000.0,1e+24,4096,exponential,philpapers,0.020372556994087097,b1,expanded,0.005487697351757549,3.712405347492854,False
1000.0,1e+24,4096,exponential,stackexchange,0.17571028367655278,b1,expanded,0.09943242344369017,1.7671326675051797,False
1000.0,1e+24,4096,exponential,enron_emails,0.022921253469861496,b1,expanded,0.0022110330440804327,10.366762057775771,False
1000.0,1e+24,4096,exponential,gutenberg_pg_19,0.03720966942430766,b1,expanded,0.04691494424769629,0.7931304197624578,False
1000.0,1e+24,4096,exponential,pile_cc,0.008667904484766958,b1,expanded,0.11948759779117796,0.07254229430501556,False
1000.0,1e+24,4096,exponential,ubuntu_irc,0.04524914912136479,b1,expanded,0.019599998284382344,2.3086302592903887,False
1000.0,1e+24,4096,exponential,europarl,0.001231619551465618,b1,expanded,0.012737064754468426,0.09669571249008059,False
1000.0,1e+24,4096,exponential,hackernews,0.02989849485856475,b1,expanded,0.01165082237856243,2.566213258351456,False
1000.0,1e+24,4096,exponential,pubmed_abstracts,0.025229679103705712,b1,expanded,0.06618116611255062,0.38122143482330006,False
1000.0,1e+24,4096,exponential,uspto_backgrounds,0.02934268049565162,b1,expanded,0.07556475309321728,0.3883117365506939,False
1000.0,1e+24,8192,exponential,arxiv,0.1483368696644972,b1,expanded,0.11302252583217468,1.3124540313738893,True
1000.0,1e+24,8192,exponential,freelaw,0.14200363593673598,b1,expanded,0.09682483215160405,1.4666034815778761,True
1000.0,1e+24,8192,exponential,nih_exporter,0.02926409827998007,b1,expanded,0.005889680217640528,4.968707501695838,True
1000.0,1e+24,8192,exponential,pubmed_central,0.16450961255371355,b1,expanded,0.11375419104995738,1.4461850683063266,True
1000.0,1e+24,8192,exponential,wikipedia_en,0.04954758745948003,b1,expanded,0.07507775607969777,0.6599502974873604,True
1000.0,1e+24,8192,exponential,dm_mathematics,0.01245830448121003,b1,expanded,0.02546285409735114,0.4892736860360853,True
1000.0,1e+24,8192,exponential,github,0.05881934212006161,b1,expanded,0.11070066006999096,0.5313368690202284,True
1000.0,1e+24,8192,exponential,philpapers,0.01392181645439727,b1,expanded,0.005487697351757549,2.536914039171369,True
1000.0,1e+24,8192,exponential,stackexchange,0.17779910509374477,b1,expanded,0.09943242344369017,1.7881401150242973,True
1000.0,1e+24,8192,exponential,enron_emails,0.02822938055854686,b1,expanded,0.0022110330440804327,12.767507312532022,True
1000.0,1e+24,8192,exponential,gutenberg_pg_19,0.035393710974075836,b1,expanded,0.04691494424769629,0.7544229571542933,True
1000.0,1e+24,8192,exponential,pile_cc,0.010092272455567774,b1,expanded,0.11948759779117796,0.08446292872341023,True
1000.0,1e+24,8192,exponential,ubuntu_irc,0.0429698915285924,b1,expanded,0.019599998284382344,2.1923415964189976,True
1000.0,1e+24,8192,exponential,europarl,0.001228765242895822,b1,expanded,0.012737064754468426,0.09647161780069821,True
1000.0,1e+24,8192,exponential,hackernews,0.03442161106774142,b1,expanded,0.01165082237856243,2.9544361719115515,True
1000.0,1e+24,8192,exponential,pubmed_abstracts,0.02790552913729223,b1,expanded,0.06618116611255062,0.42165363314745546,True
1000.0,1e+24,8192,exponential,uspto_backgrounds,0.023098466991467094,b1,expanded,0.07556475309321728,0.305677793494179,True
1000.0,1e+24,32768,exponential,arxiv,0.14522924350212887,b1,expanded,0.11302252583217468,1.2849583959730067,False
1000.0,1e+24,32768,exponential,freelaw,0.1419425526178443,b1,expanded,0.09682483215160405,1.4659726173921677,False
1000.0,1e+24,32768,exponential,nih_exporter,0.029051174624403726,b1,expanded,0.005889680217640528,4.932555512503181,False
1000.0,1e+24,32768,exponential,pubmed_central,0.1644472083583676,b1,expanded,0.11375419104995738,1.4456364802079897,False
1000.0,1e+24,32768,exponential,wikipedia_en,0.04853482139350313,b1,expanded,0.07507775607969777,0.646460735214058,False
1000.0,1e+24,32768,exponential,dm_mathematics,0.011749750148141083,b1,expanded,0.02546285409735114,0.46144670598271187,False
1000.0,1e+24,32768,exponential,github,0.05755017148120344,b1,expanded,0.11070066006999096,0.5198719812945749,False
1000.0,1e+24,32768,exponential,philpapers,0.01295783989451019,b1,expanded,0.005487697351757549,2.3612526464055406,False
1000.0,1e+24,32768,exponential,stackexchange,0.17779429312689754,b1,expanded,0.09943242344369017,1.788091720680877,False
1000.0,1e+24,32768,exponential,enron_emails,0.027811622962988797,b1,expanded,0.0022110330440804327,12.578565045623565,False
1000.0,1e+24,32768,exponential,gutenberg_pg_19,0.03603377956669444,b1,expanded,0.04691494424769629,0.7680661278514436,False
1000.0,1e+24,32768,exponential,pile_cc,0.009869079536150304,b1,expanded,0.11948759779117796,0.08259501168814158,False
1000.0,1e+24,32768,exponential,ubuntu_irc,0.04273606532551989,b1,expanded,0.019599998284382344,2.1804116870547285,False
1000.0,1e+24,32768,exponential,europarl,0.001363400361813128,b1,expanded,0.012737064754468426,0.10704195888890483,False
1000.0,1e+24,32768,exponential,hackernews,0.033873183494869626,b1,expanded,0.01165082237856243,2.907364166601359,False
1000.0,1e+24,32768,exponential,pubmed_abstracts,0.027177488138428744,b1,expanded,0.06618116611255062,0.4106529052723173,False
1000.0,1e+24,32768,exponential,uspto_backgrounds,0.031878325466535275,b1,expanded,0.07556475309321728,0.42186765868486226,False
1000.0,1e+24,131072,exponential,arxiv,0.1172987503521882,b1,expanded,0.11302252583217468,1.037835152670037,False
1000.0,1e+24,131072,exponential,freelaw,0.1454276162829711,b1,expanded,0.09682483215160405,1.5019661077776718,False
1000.0,1e+24,131072,exponential,nih_exporter,0.027815101805062758,b1,expanded,0.005889680217640528,4.722684556243326,False
1000.0,1e+24,131072,exponential,pubmed_central,0.16585431481481527,b1,expanded,0.11375419104995738,1.4580061911035622,False
1000.0,1e+24,131072,exponential,wikipedia_en,0.05204040628693815,b1,expanded,0.07507775607969777,0.6931534585516297,False
1000.0,1e+24,131072,exponential,dm_mathematics,0.012691604113734854,b1,expanded,0.02546285409735114,0.49843603805023334,False
1000.0,1e+24,131072,exponential,github,0.07435384782226183,b1,expanded,0.11070066006999096,0.6716658037562856,False
1000.0,1e+24,131072,exponential,philpapers,0.017115769454285244,b1,expanded,0.005487697351757549,3.118934656409863,False
1000.0,1e+24,131072,exponential,stackexchange,0.18233634739903115,b1,expanded,0.09943242344369017,1.833771531298244,False
1000.0,1e+24,131072,exponential,enron_emails,0.029433315759511688,b1,expanded,0.0022110330440804327,13.312019844440174,False
1000.0,1e+24,131072,exponential,gutenberg_pg_19,0.038609756018003774,b1,expanded,0.04691494424769629,0.8229735031583176,False
1000.0,1e+24,131072,exponential,pile_cc,0.011906029869369648,b1,expanded,0.11948759779117796,0.09964239041927327,False
1000.0,1e+24,131072,exponential,ubuntu_irc,0.0421603732543976,b1,expanded,0.019599998284382344,2.151039640038734,False
1000.0,1e+24,131072,exponential,europarl,0.001038723247611527,b1,expanded,0.012737064754468426,0.08155122609760788,False
1000.0,1e+24,131072,exponential,hackernews,0.03477396681667604,b1,expanded,0.01165082237856243,2.984679165709393,False
1000.0,1e+24,131072,exponential,pubmed_abstracts,0.029187444255270055,b1,expanded,0.06618116611255062,0.4410234205549143,False
1000.0,1e+24,131072,exponential,uspto_backgrounds,0.017956632447871174,b1,expanded,0.07556475309321728,0.23763238431706024,False
10000.0,1e+25,2048,exponential,arxiv,0.14265720102171317,b1,expanded,0.11302252583217468,1.262201494536961,False
10000.0,1e+25,2048,exponential,freelaw,0.14310013660621884,b1,expanded,0.09682483215160405,1.4779280627324916,False
10000.0,1e+25,2048,exponential,nih_exporter,0.02790877107306472,b1,expanded,0.005889680217640528,4.738588521236435,False
10000.0,1e+25,2048,exponential,pubmed_central,0.16534838880545596,b1,expanded,0.11375419104995738,1.453558653789204,False
10000.0,1e+25,2048,exponential,wikipedia_en,0.0484852420437312,b1,expanded,0.07507775607969777,0.6458003618576765,False
10000.0,1e+25,2048,exponential,dm_mathematics,0.010944057516216937,b1,expanded,0.02546285409735114,0.42980482370023987,False
10000.0,1e+25,2048,exponential,github,0.06270227285321643,b1,expanded,0.11070066006999096,0.5664128182575664,False
10000.0,1e+25,2048,exponential,philpapers,0.012361036120306083,b1,expanded,0.005487697351757549,2.2524996055672064,False
10000.0,1e+25,2048,exponential,stackexchange,0.17862696030333458,b1,expanded,0.09943242344369017,1.7964659224512742,False
10000.0,1e+25,2048,exponential,enron_emails,0.02742621002570867,b1,expanded,0.0022110330440804327,12.404251532620226,False
10000.0,1e+25,2048,exponential,gutenberg_pg_19,0.03430566214874778,b1,expanded,0.04691494424769629,0.7312310117566073,False
10000.0,1e+25,2048,exponential,pile_cc,0.00889529657331255,b1,expanded,0.11948759779117796,0.07444535447819765,False
10000.0,1e+25,2048,exponential,ubuntu_irc,0.04297636676758587,b1,expanded,0.019599998284382344,2.192671965784317,False
10000.0,1e+25,2048,exponential,europarl,0.001010283504166546,b1,expanded,0.012737064754468426,0.07931839270991518,False
10000.0,1e+25,2048,exponential,hackernews,0.03425001572838542,b1,expanded,0.01165082237856243,2.9397079979011282,False
10000.0,1e+25,2048,exponential,pubmed_abstracts,0.027347405048972775,b1,expanded,0.06618116611255062,0.41322035641476257,False
10000.0,1e+25,2048,exponential,uspto_backgrounds,0.03165469385986256,b1,expanded,0.07556475309321728,0.4189081888590714,False
10000.0,1e+25,4096,exponential,arxiv,0.11197610492783441,b1,expanded,0.11302252583217468,0.9907414836411099,False
10000.0,1e+25,4096,exponential,freelaw,0.1446846210453079,b1,expanded,0.09682483215160405,1.4942925056535818,False
10000.0,1e+25,4096,exponential,nih_exporter,0.029638831657845748,b1,expanded,0.005889680217640528,5.032332921755707,False
10000.0,1e+25,4096,exponential,pubmed_central,0.16761148655377897,b1,expanded,0.11375419104995738,1.4734532856039486,False
10000.0,1e+25,4096,exponential,wikipedia_en,0.05124045037222874,b1,expanded,0.07507775607969777,0.6824984262693619,False
10000.0,1e+25,4096,exponential,dm_mathematics,0.013575304899453477,b1,expanded,0.02546285409735114,0.5331415263800178,False
10000.0,1e+25,4096,exponential,github,0.062292842451143186,b1,expanded,0.11070066006999096,0.5627142820264872,False
10000.0,1e+25,4096,exponential,philpapers,0.014344168705708829,b1,expanded,0.005487697351757549,2.613877512963577,False
10000.0,1e+25,4096,exponential,stackexchange,0.18107850540506165,b1,expanded,0.09943242344369017,1.821121311677661,False
10000.0,1e+25,4096,exponential,enron_emails,0.02864316375520932,b1,expanded,0.0022110330440804327,12.954652049138414,False
10000.0,1e+25,4096,exponential,gutenberg_pg_19,0.03655079143661602,b1,expanded,0.04691494424769629,0.779086323616612,False
10000.0,1e+25,4096,exponential,pile_cc,0.011134206321773341,b1,expanded,0.11948759779117796,0.0931829455742511,False
10000.0,1e+25,4096,exponential,ubuntu_irc,0.04387211608932975,b1,expanded,0.019599998284382344,2.238373465791979,False
10000.0,1e+25,4096,exponential,europarl,0.0015688984690233109,b1,expanded,0.012737064754468426,0.12317582577044753,False
10000.0,1e+25,4096,exponential,hackernews,0.034911649166747376,b1,expanded,0.01165082237856243,2.996496558988401,False
10000.0,1e+25,4096,exponential,pubmed_abstracts,0.02878354118254138,b1,expanded,0.06618116611255062,0.43492042938002656,False
10000.0,1e+25,4096,exponential,uspto_backgrounds,0.038093317560396585,b1,expanded,0.07556475309321728,0.5041148948558645,False
10000.0,1e+25,8192,exponential,arxiv,0.14290731014188365,b1,expanded,0.11302252583217468,1.264414408452386,True
10000.0,1e+25,8192,exponential,freelaw,0.14259020546196277,b1,expanded,0.09682483215160405,1.4726615300370602,True
10000.0,1e+25,8192,exponential,nih_exporter,0.028804027338588153,b1,expanded,0.005889680217640528,4.890592744291195,True
10000.0,1e+25,8192,exponential,pubmed_central,0.1651660347925862,b1,expanded,0.11375419104995738,1.4519556006516745,True
10000.0,1e+25,8192,exponential,wikipedia_en,0.049238143175459964,b1,expanded,0.07507775607969777,0.6558286468124045,True
10000.0,1e+25,8192,exponential,dm_mathematics,0.012453817395525334,b1,expanded,0.02546285409735114,0.48909746519031755,True
10000.0,1e+25,8192,exponential,github,0.06041410533406389,b1,expanded,0.11070066006999096,0.5457429548827154,True
10000.0,1e+25,8192,exponential,philpapers,0.014000202069243378,b1,expanded,0.005487697351757549,2.551197919972668,True
10000.0,1e+25,8192,exponential,stackexchange,0.17826070011148024,b1,expanded,0.09943242344369017,1.7927824138011832,True
10000.0,1e+25,8192,exponential,enron_emails,0.02826303221593758,b1,expanded,0.0022110330440804327,12.782727192434232,True
10000.0,1e+25,8192,exponential,gutenberg_pg_19,0.03532151080930351,b1,expanded,0.04691494424769629,0.7528839983868879,True
10000.0,1e+25,8192,exponential,pile_cc,0.010148423673444904,b1,expanded,0.11948759779117796,0.08493286216349213,True
10000.0,1e+25,8192,exponential,ubuntu_irc,0.04321524415939295,b1,expanded,0.019599998284382344,2.2048595888820914,True
10000.0,1e+25,8192,exponential,europarl,0.001010778985243505,b1,expanded,0.012737064754468426,0.07935729343677105,True
10000.0,1e+25,8192,exponential,hackernews,0.03404386095350526,b1,expanded,0.01165082237856243,2.922013558128406,True
10000.0,1e+25,8192,exponential,pubmed_abstracts,0.027254676091811595,b1,expanded,0.06618116611255062,0.4118192182570656,True
10000.0,1e+25,8192,exponential,uspto_backgrounds,0.02690792729056692,b1,expanded,0.07556475309321728,0.35609098407789525,True
10000.0,1e+25,32768,exponential,arxiv,0.1428031712865093,b1,expanded,0.11302252583217468,1.263493009336523,False
10000.0,1e+25,32768,exponential,freelaw,0.1422424472374409,b1,expanded,0.09682483215160405,1.4690699077559355,False
10000.0,1e+25,32768,exponential,nih_exporter,0.029115514771338682,b1,expanded,0.005889680217640528,4.943479729872784,False
10000.0,1e+25,32768,exponential,pubmed_central,0.16521969969176234,b1,expanded,0.11375419104995738,1.4524273626033073,False
10000.0,1e+25,32768,exponential,wikipedia_en,0.04953769341853365,b1,expanded,0.07507775607969777,0.6598185135680878,False
10000.0,1e+25,32768,exponential,dm_mathematics,0.012534381305671503,b1,expanded,0.02546285409735114,0.4922614431889406,False
10000.0,1e+25,32768,exponential,github,0.060041359897746,b1,expanded,0.11070066006999096,0.5423758075135648,False
10000.0,1e+25,32768,exponential,philpapers,0.013945090500262415,b1,expanded,0.005487697351757549,2.5411551706283895,False
10000.0,1e+25,32768,exponential,stackexchange,0.17798729780126651,b1,expanded,0.09943242344369017,1.7900327844474488,False
10000.0,1e+25,32768,exponential,enron_emails,0.02799697328540758,b1,expanded,0.0022110330440804327,12.662394784358144,False
10000.0,1e+25,32768,exponential,gutenberg_pg_19,0.035442091433486714,b1,expanded,0.04691494424769629,0.7554541948587536,False
10000.0,1e+25,32768,exponential,pile_cc,0.009891036320888464,b1,expanded,0.11948759779117796,0.08277876954371864,False
10000.0,1e+25,32768,exponential,ubuntu_irc,0.04311120345894207,b1,expanded,0.019599998284382344,2.199551389414861,False
10000.0,1e+25,32768,exponential,europarl,0.0011819091103780674,b1,expanded,0.012737064754468426,0.09279289484364357,False
10000.0,1e+25,32768,exponential,hackernews,0.03442877230018349,b1,expanded,0.01165082237856243,2.955050826586508,False
10000.0,1e+25,32768,exponential,pubmed_abstracts,0.027843078750195455,b1,expanded,0.06618116611255062,0.42071000536382636,False
10000.0,1e+25,32768,exponential,uspto_backgrounds,0.026678279429986945,b1,expanded,0.07556475309321728,0.3530518970541253,False
10000.0,1e+25,131072,exponential,arxiv,0.14484058152575274,b1,expanded,0.11302252583217468,1.281519594959541,False
10000.0,1e+25,131072,exponential,freelaw,0.1399951325730016,b1,expanded,0.09682483215160405,1.4458598012729154,False
10000.0,1e+25,131072,exponential,nih_exporter,0.02697920564127223,b1,expanded,0.005889680217640528,4.580758996127705,False
10000.0,1e+25,131072,exponential,pubmed_central,0.16465096510731048,b1,expanded,0.11375419104995738,1.4474276823348056,False
10000.0,1e+25,131072,exponential,wikipedia_en,0.04727827157434116,b1,expanded,0.07507775607969777,0.6297240893048742,False
10000.0,1e+25,131072,exponential,dm_mathematics,0.009834478978030695,b1,expanded,0.02546285409735114,0.3862284620738474,False
10000.0,1e+25,131072,exponential,github,0.05763644847596647,b1,expanded,0.11070066006999096,0.520651353293879,False
10000.0,1e+25,131072,exponential,philpapers,0.010472328879268765,b1,expanded,0.005487697351757549,1.9083284313984232,False
10000.0,1e+25,131072,exponential,stackexchange,0.17691910207401584,b1,expanded,0.09943242344369017,1.7792898528135277,False
10000.0,1e+25,131072,exponential,enron_emails,0.0262881795945774,b1,expanded,0.0022110330440804327,11.889546230418567,False
10000.0,1e+25,131072,exponential,gutenberg_pg_19,0.03540943594186109,b1,expanded,0.04691494424769629,0.754758137511798,False
10000.0,1e+25,131072,exponential,pile_cc,0.010109723103793794,b1,expanded,0.11948759779117796,0.08460897440972923,False
10000.0,1e+25,131072,exponential,ubuntu_irc,0.041698687402132846,b1,expanded,0.019599998284382344,2.127484237351141,False
10000.0,1e+25,131072,exponential,europarl,0.0010161492494374386,b1,expanded,0.012737064754468426,0.07977891837920918,False
10000.0,1e+25,131072,exponential,hackernews,0.03237346990281065,b1,expanded,0.01165082237856243,2.778642472687421,False
10000.0,1e+25,131072,exponential,pubmed_abstracts,0.025421407115122467,b1,expanded,0.06618116611255062,0.38411845255022703,False
10000.0,1e+25,131072,exponential,uspto_backgrounds,0.049076432861304205,b1,expanded,0.07556475309321728,0.6494619627852569,False
100000.0,1e+26,2048,exponential,arxiv,0.13641064230957153,b1,expanded,0.11302252583217468,1.2069332312757326,False
100000.0,1e+26,2048,exponential,freelaw,0.1437433559163406,b1,expanded,0.09682483215160405,1.4845711861526762,False
100000.0,1e+26,2048,exponential,nih_exporter,0.02949102019774254,b1,expanded,0.005889680217640528,5.0072362348998585,False
100000.0,1e+26,2048,exponential,pubmed_central,0.16603131479240651,b1,expanded,0.11375419104995738,1.459562177533227,False
100000.0,1e+26,2048,exponential,wikipedia_en,0.04986357780357112,b1,expanded,0.07507775607969777,0.6641591385688075,False
100000.0,1e+26,2048,exponential,dm_mathematics,0.012243168832226401,b1,expanded,0.02546285409735114,0.4808246862436383,False
100000.0,1e+26,2048,exponential,github,0.06289734845455842,b1,expanded,0.11070066006999096,0.5681750083042983,False
100000.0,1e+26,2048,exponential,philpapers,0.01436916383640829,b1,expanded,0.005487697351757549,2.6184322704688276,False
100000.0,1e+26,2048,exponential,stackexchange,0.1792906049569458,b1,expanded,0.09943242344369017,1.803140250911015,False
100000.0,1e+26,2048,exponential,enron_emails,0.02788248213790094,b1,expanded,0.0022110330440804327,12.610613040157999,False
100000.0,1e+26,2048,exponential,gutenberg_pg_19,0.035470340966515045,b1,expanded,0.04691494424769629,0.7560563384503389,False
100000.0,1e+26,2048,exponential,pile_cc,0.010528852352731047,b1,expanded,0.11948759779117796,0.0881166961874299,False
100000.0,1e+26,2048,exponential,ubuntu_irc,0.04366600436200982,b1,expanded,0.019599998284382344,2.2278575604164073,False
100000.0,1e+26,2048,exponential,europarl,0.0011563442966420116,b1,expanded,0.012737064754468426,0.0907857751320878,False
100000.0,1e+26,2048,exponential,hackernews,0.03437411913284089,b1,expanded,0.01165082237856243,2.9503598987217794,False
100000.0,1e+26,2048,exponential,pubmed_abstracts,0.027962958818359848,b1,expanded,0.06618116611255062,0.4225213978672543,False
100000.0,1e+26,2048,exponential,uspto_backgrounds,0.02461870083322913,b1,expanded,0.07556475309321728,0.3257960864751229,False
100000.0,1e+26,4096,exponential,arxiv,0.1402681988466313,b1,expanded,0.11302252583217468,1.2410640959742245,False
100000.0,1e+26,4096,exponential,freelaw,0.142881535675322,b1,expanded,0.09682483215160405,1.475670367820565,False
100000.0,1e+26,4096,exponential,nih_exporter,0.029387931059870354,b1,expanded,0.005889680217640528,4.98973288428272,False
100000.0,1e+26,4096,exponential,pubmed_central,0.1655081242440327,b1,expanded,0.11375419104995738,1.4549628696436034,False
100000.0,1e+26,4096,exponential,wikipedia_en,0.049917265252995786,b1,expanded,0.07507775607969777,0.6648742298585322,False
100000.0,1e+26,4096,exponential,dm_mathematics,0.012569772789834965,b1,expanded,0.02546285409735114,0.4936513692368279,False
100000.0,1e+26,4096,exponential,github,0.061766175410726445,b1,expanded,0.11070066006999096,0.5579567038866301,False
100000.0,1e+26,4096,exponential,philpapers,0.013984439891847375,b1,expanded,0.005487697351757549,2.5483256447020657,False
100000.0,1e+26,4096,exponential,stackexchange,0.17890145983635206,b1,expanded,0.09943242344369017,1.7992265866643207,False
100000.0,1e+26,4096,exponential,enron_emails,0.02828370564613469,b1,expanded,0.0022110330440804327,12.792077315107639,False
100000.0,1e+26,4096,exponential,gutenberg_pg_19,0.03561699032703924,b1,expanded,0.04691494424769629,0.7591821944622299,False
100000.0,1e+26,4096,exponential,pile_cc,0.010168161654095492,b1,expanded,0.11948759779117796,0.0850980506936447,False
100000.0,1e+26,4096,exponential,ubuntu_irc,0.04322563086680863,b1,expanded,0.019599998284382344,2.2053895229802976,False
100000.0,1e+26,4096,exponential,europarl,0.0010077344087801572,b1,expanded,0.012737064754468426,0.0791182606201812,False
100000.0,1e+26,4096,exponential,hackernews,0.034503969647358974,b1,expanded,0.01165082237856243,2.9615050788900916,False
100000.0,1e+26,4096,exponential,pubmed_abstracts,0.02795295681391435,b1,expanded,0.06618116611255062,0.42237026719015974,False
100000.0,1e+26,4096,exponential,uspto_backgrounds,0.024055947628255466,b1,expanded,0.07556475309321728,0.3183487888669451,False
100000.0,1e+26,8192,exponential,arxiv,0.1403008047639365,b1,expanded,0.11302252583217468,1.2413525864062436,False
100000.0,1e+26,8192,exponential,freelaw,0.14290379347495497,b1,expanded,0.09682483215160405,1.4759002447967327,False
100000.0,1e+26,8192,exponential,nih_exporter,0.029415922803848082,b1,expanded,0.005889680217640528,4.994485560649408,False
100000.0,1e+26,8192,exponential,pubmed_central,0.1655179653437298,b1,expanded,0.11375419104995738,1.4550493816182946,False
100000.0,1e+26,8192,exponential,wikipedia_en,0.049919947743047435,b1,expanded,0.07507775607969777,0.6649099593500849,False
100000.0,1e+26,8192,exponential,dm_mathematics,0.012644789920878433,b1,expanded,0.02546285409735114,0.49659750916115286,False
100000.0,1e+26,8192,exponential,github,0.061776311260836325,b1,expanded,0.11070066006999096,0.5580482647689543,False
100000.0,1e+26,8192,exponential,philpapers,0.013989864620493633,b1,expanded,0.005487697351757549,2.549314170179791,False
100000.0,1e+26,8192,exponential,stackexchange,0.1789121498033984,b1,expanded,0.09943242344369017,1.7993340965356093,False
100000.0,1e+26,8192,exponential,enron_emails,0.02829622263671888,b1,expanded,0.0022110330440804327,12.797738465499624,False
100000.0,1e+26,8192,exponential,gutenberg_pg_19,0.03557132118696963,b1,expanded,0.04691494424769629,0.7582087489897491,False
100000.0,1e+26,8192,exponential,pile_cc,0.010154392308907436,b1,expanded,0.11948759779117796,0.0849828140879836,False
100000.0,1e+26,8192,exponential,ubuntu_irc,0.043279157912563815,b1,expanded,0.019599998284382344,2.208120494941547,False
100000.0,1e+26,8192,exponential,europarl,0.0011305597116056134,b1,expanded,0.012737064754468426,0.08876140095063814,False
100000.0,1e+26,8192,exponential,hackernews,0.03454749531580222,b1,expanded,0.01165082237856243,2.965240924054407,False
100000.0,1e+26,8192,exponential,pubmed_abstracts,0.027955709923673626,b1,expanded,0.06618116611255062,0.422411866785951,False
100000.0,1e+26,8192,exponential,uspto_backgrounds,0.023683591268635236,b1,expanded,0.07556475309321728,0.3134211427835802,False
100000.0,1e+26,32768,exponential,arxiv,0.14053336608701686,b1,expanded,0.11302252583217468,1.243410241031886,True
100000.0,1e+26,32768,exponential,freelaw,0.14286066888333762,b1,expanded,0.09682483215160405,1.4754548570727466,True
100000.0,1e+26,32768,exponential,nih_exporter,0.02942294643606817,b1,expanded,0.005889680217640528,4.995678092664822,True
100000.0,1e+26,32768,exponential,pubmed_central,0.16548762668317912,b1,expanded,0.11375419104995738,1.4547826779454833,True
100000.0,1e+26,32768,exponential,wikipedia_en,0.04990606325598181,b1,expanded,0.07507775607969777,0.6647250245865728,True
100000.0,1e+26,32768,exponential,dm_mathematics,0.012699975913778517,b1,expanded,0.02546285409735114,0.49876482287583285,True
100000.0,1e+26,32768,exponential,github,0.06166702817290512,b1,expanded,0.11070066006999096,0.5570610702223083,True
100000.0,1e+26,32768,exponential,philpapers,0.013980411477751507,b1,expanded,0.005487697351757549,2.5475915637501383,True
100000.0,1e+26,32768,exponential,stackexchange,0.17887070340064845,b1,expanded,0.09943242344369017,1.7989172666795672,True
100000.0,1e+26,32768,exponential,enron_emails,0.028282188731858532,b1,expanded,0.0022110330440804327,12.791391249252486,True
100000.0,1e+26,32768,exponential,gutenberg_pg_19,0.03560503471202033,b1,expanded,0.04691494424769629,0.7589273584987514,True
100000.0,1e+26,32768,exponential,pile_cc,0.010135212983452192,b1,expanded,0.11948759779117796,0.08482230098193921,True
100000.0,1e+26,32768,exponential,ubuntu_irc,0.04325876183203919,b1,expanded,0.019599998284382344,2.207079878497163,True
100000.0,1e+26,32768,exponential,europarl,0.0011299110096131908,b1,expanded,0.012737064754468426,0.08871047069277045,True
100000.0,1e+26,32768,exponential,hackernews,0.03453761706557594,b1,expanded,0.01165082237856243,2.9643930654307566,True
100000.0,1e+26,32768,exponential,pubmed_abstracts,0.027910234289885764,b1,expanded,0.06618116611255062,0.42172472818657175,True
100000.0,1e+26,32768,exponential,uspto_backgrounds,0.02371224906488774,b1,expanded,0.07556475309321728,0.3138003909790603,True
100000.0,1e+26,131072,exponential,arxiv,0.14052569577329665,b1,expanded,0.11302252583217468,1.2433423756779334,False
100000.0,1e+26,131072,exponential,freelaw,0.14290537023274344,b1,expanded,0.09682483215160405,1.4759165294393541,False
100000.0,1e+26,131072,exponential,nih_exporter,0.02937559991895114,b1,expanded,0.005889680217640528,4.9876391982991795,False
100000.0,1e+26,131072,exponential,pubmed_central,0.1655159778217379,b1,expanded,0.11375419104995738,1.4550319095412347,False
100000.0,1e+26,131072,exponential,wikipedia_en,0.049952523534309116,b1,expanded,0.07507775607969777,0.6653438533949083,False
100000.0,1e+26,131072,exponential,dm_mathematics,0.01253151623686059,b1,expanded,0.02546285409735114,0.4921489236418404,False
100000.0,1e+26,131072,exponential,github,0.06170812926086222,b1,expanded,0.11070066006999096,0.5574323515491867,False
100000.0,1e+26,131072,exponential,philpapers,0.014000461442218327,b1,expanded,0.005487697351757549,2.551245184418632,False
100000.0,1e+26,131072,exponential,stackexchange,0.1789049832601398,b1,expanded,0.09943242344369017,1.799262022024998,False
100000.0,1e+26,131072,exponential,enron_emails,0.02828122411595726,b1,expanded,0.0022110330440804327,12.790954975401284,False
100000.0,1e+26,131072,exponential,gutenberg_pg_19,0.03572033956433282,b1,expanded,0.04691494424769629,0.7613851009976812,False
100000.0,1e+26,131072,exponential,pile_cc,0.010163557983315103,b1,expanded,0.11948759779117796,0.08505952225332546,False
100000.0,1e+26,131072,exponential,ubuntu_irc,0.04325111956283658,b1,expanded,0.019599998284382344,2.206689966769023,False
100000.0,1e+26,131072,exponential,europarl,0.0011423150488597158,b1,expanded,0.012737064754468426,0.08968432451903552,False
100000.0,1e+26,131072,exponential,hackernews,0.034539440427535886,b1,expanded,0.01165082237856243,2.9645495661395223,False
100000.0,1e+26,131072,exponential,pubmed_abstracts,0.027774724234002218,b1,expanded,0.06618116611255062,0.4196771659593802,False
100000.0,1e+26,131072,exponential,uspto_backgrounds,0.023707021582041035,b1,expanded,0.07556475309321728,0.31373121212737726,False
1000000.0,1e+27,2048,exponential,arxiv,0.14027457027841211,b1,expanded,0.11302252583217468,1.2411204690886448,False
1000000.0,1e+27,2048,exponential,freelaw,0.14289401613558578,b1,expanded,0.09682483215160405,1.4757992651291008,False
1000000.0,1e+27,2048,exponential,nih_exporter,0.029417002080781574,b1,expanded,0.005889680217640528,4.994668809466595,False
1000000.0,1e+27,2048,exponential,pubmed_central,0.16551551446331422,b1,expanded,0.11375419104995738,1.4550278362106663,False
1000000.0,1e+27,2048,exponential,wikipedia_en,0.04995200069905572,b1,expanded,0.07507775607969777,0.6653368894780213,False
1000000.0,1e+27,2048,exponential,dm_mathematics,0.012534551756604905,b1,expanded,0.02546285409735114,0.49226813729058183,False
1000000.0,1e+27,2048,exponential,github,0.0617740737118708,b1,expanded,0.11070066006999096,0.5580280521616933,False
1000000.0,1e+27,2048,exponential,philpapers,0.014087314740806083,b1,expanded,0.005487697351757549,2.567072095602052,False
1000000.0,1e+27,2048,exponential,stackexchange,0.17891229431304262,b1,expanded,0.09943242344369017,1.7993355498808987,False
1000000.0,1e+27,2048,exponential,enron_emails,0.028290166784634693,b1,expanded,0.0022110330440804327,12.794999541221491,False
1000000.0,1e+27,2048,exponential,gutenberg_pg_19,0.03548742372277818,b1,expanded,0.04691494424769629,0.7564204602997212,False
1000000.0,1e+27,2048,exponential,pile_cc,0.01016401095610275,b1,expanded,0.11948759779117796,0.08506331321402782,False
1000000.0,1e+27,2048,exponential,ubuntu_irc,0.04328881675285358,b1,expanded,0.019599998284382344,2.20861329295865,False
1000000.0,1e+27,2048,exponential,europarl,0.0011124500570208994,b1,expanded,0.012737064754468426,0.08733959342011108,False
1000000.0,1e+27,2048,exponential,hackernews,0.03459849886642681,b1,expanded,0.01165082237856243,2.96961860221028,False
1000000.0,1e+27,2048,exponential,pubmed_abstracts,0.02791449114739201,b1,expanded,0.06618116611255062,0.42178904946944257,False
1000000.0,1e+27,2048,exponential,uspto_backgrounds,0.02378280353331734,b1,expanded,0.07556475309321728,0.3147340864593137,False
1000000.0,1e+27,4096,exponential,arxiv,0.14025333193264064,b1,expanded,0.11302252583217468,1.2409325565852294,False
1000000.0,1e+27,4096,exponential,freelaw,0.14288909811084727,b1,expanded,0.09682483215160405,1.4757484721183696,False
1000000.0,1e+27,4096,exponential,nih_exporter,0.029409028843612024,b1,expanded,0.005889680217640528,4.993315045446323,False
1000000.0,1e+27,4096,exponential,pubmed_central,0.1655260602019776,b1,expanded,0.11375419104995738,1.4551205425854032,False
1000000.0,1e+27,4096,exponential,wikipedia_en,0.049903355764931254,b1,expanded,0.07507775607969777,0.6646889620936063,False
1000000.0,1e+27,4096,exponential,dm_mathematics,0.0125115922365224,b1,expanded,0.02546285409735114,0.4913664504649524,False
1000000.0,1e+27,4096,exponential,github,0.061737216685187606,b1,expanded,0.11070066006999096,0.5576951090097745,False
1000000.0,1e+27,4096,exponential,philpapers,0.014056179304826229,b1,expanded,0.005487697351757549,2.5613984160996863,False
1000000.0,1e+27,4096,exponential,stackexchange,0.1789072492997579,b1,expanded,0.09943242344369017,1.7992848117704314,False
1000000.0,1e+27,4096,exponential,enron_emails,0.028295679879148196,b1,expanded,0.0022110330440804327,12.797492988584597,False
1000000.0,1e+27,4096,exponential,gutenberg_pg_19,0.035622018601197,b1,expanded,0.04691494424769629,0.7592893729794038,False
1000000.0,1e+27,4096,exponential,pile_cc,0.010175423362466525,b1,expanded,0.11948759779117796,0.0851588244350645,False
1000000.0,1e+27,4096,exponential,ubuntu_irc,0.04327502720047791,b1,expanded,0.019599998284382344,2.207909744306472,False
1000000.0,1e+27,4096,exponential,europarl,0.0010921420632915711,b1,expanded,0.012737064754468426,0.08574519203165902,False
1000000.0,1e+27,4096,exponential,hackernews,0.034541990246018214,b1,expanded,0.01165082237856243,2.964768419229843,False
1000000.0,1e+27,4096,exponential,pubmed_abstracts,0.02789356319259531,b1,expanded,0.06618116611255062,0.4214728272565987,False
1000000.0,1e+27,4096,exponential,uspto_backgrounds,0.023911043074502508,b1,expanded,0.07556475309321728,0.3164311679150947,False
1000000.0,1e+27,8192,exponential,arxiv,0.14027022021413058,b1,expanded,0.11302252583217468,1.2410819806169928,False
1000000.0,1e+27,8192,exponential,freelaw,0.14288042690560288,b1,expanded,0.09682483215160405,1.4756589165255356,False
1000000.0,1e+27,8192,exponential,nih_exporter,0.029386388344348282,b1,expanded,0.005889680217640528,4.989470948920347,False
1000000.0,1e+27,8192,exponential,pubmed_central,0.16550822037344518,b1,expanded,0.11375419104995738,1.4549637147062038,False
1000000.0,1e+27,8192,exponential,wikipedia_en,0.04991516408845471,b1,expanded,0.07507775607969777,0.6648462433462708,False
1000000.0,1e+27,8192,exponential,dm_mathematics,0.01256875199379863,b1,expanded,0.02546285409735114,0.49361127962109075,False
1000000.0,1e+27,8192,exponential,github,0.06176486883694505,b1,expanded,0.11070066006999096,0.5579449011224861,False
1000000.0,1e+27,8192,exponential,philpapers,0.01398404364600573,b1,expanded,0.005487697351757549,2.5482534384894695,False
1000000.0,1e+27,8192,exponential,stackexchange,0.178900168565732,b1,expanded,0.09943242344369017,1.7992136002502785,False
1000000.0,1e+27,8192,exponential,enron_emails,0.028282302122065166,b1,expanded,0.0022110330440804327,12.791442533066148,False
1000000.0,1e+27,8192,exponential,gutenberg_pg_19,0.03561542570714274,b1,expanded,0.04691494424769629,0.7591488443235569,False
1000000.0,1e+27,8192,exponential,pile_cc,0.010166994498193745,b1,expanded,0.11948759779117796,0.0850882826848863,False
1000000.0,1e+27,8192,exponential,ubuntu_irc,0.04322361435875567,b1,expanded,0.019599998284382344,2.205286639907366,False
1000000.0,1e+27,8192,exponential,europarl,0.0010077389815743413,b1,expanded,0.012737064754468426,0.07911861963493634,False
1000000.0,1e+27,8192,exponential,hackernews,0.03450340941699026,b1,expanded,0.01165082237856243,2.9614569938407698,False
1000000.0,1e+27,8192,exponential,pubmed_abstracts,0.027952683011213578,b1,expanded,0.06618116611255062,0.42236613002067697,False
1000000.0,1e+27,8192,exponential,uspto_backgrounds,0.024069578935601455,b1,expanded,0.07556475309321728,0.31852918126932844,False
1000000.0,1e+27,32768,exponential,arxiv,0.14026611527242652,b1,expanded,0.11302252583217468,1.2410456609393548,False
1000000.0,1e+27,32768,exponential,freelaw,0.1428798570310401,b1,expanded,0.09682483215160405,1.4756530309014646,False
1000000.0,1e+27,32768,exponential,nih_exporter,0.029386209030300564,b1,expanded,0.005889680217640528,4.9894405034562315,False
1000000.0,1e+27,32768,exponential,pubmed_central,0.16550780565727158,b1,expanded,0.11375419104995738,1.454960068984057,False
1000000.0,1e+27,32768,exponential,wikipedia_en,0.04991552218573631,b1,expanded,0.07507775607969777,0.6648510130317317,False
1000000.0,1e+27,32768,exponential,dm_mathematics,0.012569141972565503,b1,expanded,0.02546285409735114,0.49362659521632535,False
1000000.0,1e+27,32768,exponential,github,0.061765799573230924,b1,expanded,0.11070066006999096,0.5579533088075467,False
1000000.0,1e+27,32768,exponential,philpapers,0.013984223535678107,b1,expanded,0.005487697351757549,2.548286219027616,False
1000000.0,1e+27,32768,exponential,stackexchange,0.17890097878336716,b1,expanded,0.09943242344369017,1.7992217486751796,False
1000000.0,1e+27,32768,exponential,enron_emails,0.028283150962337987,b1,expanded,0.0022110330440804327,12.791826444231607,False
1000000.0,1e+27,32768,exponential,gutenberg_pg_19,0.03561456791916353,b1,expanded,0.04691494424769629,0.7591305604271787,False
1000000.0,1e+27,32768,exponential,pile_cc,0.010167495554069914,b1,expanded,0.11948759779117796,0.08509247605629412,False
1000000.0,1e+27,32768,exponential,ubuntu_irc,0.04322410323217611,b1,expanded,0.019599998284382344,2.205311582431,False
1000000.0,1e+27,32768,exponential,europarl,0.0010077394263536192,b1,expanded,0.012737064754468426,0.07911865455501302,False
1000000.0,1e+27,32768,exponential,hackernews,0.034504038265158764,b1,expanded,0.01165082237856243,2.9615109684142435,False
1000000.0,1e+27,32768,exponential,pubmed_abstracts,0.027952346795180973,b1,expanded,0.06618116611255062,0.4223610497833171,False
1000000.0,1e+27,32768,exponential,uspto_backgrounds,0.024070904803942392,b1,expanded,0.07556475309321728,0.31854672739085554,False
1000000.0,1e+27,131072,exponential,arxiv,0.14026525800448272,b1,expanded,0.11302252583217468,1.241038076009382,True
1000000.0,1e+27,131072,exponential,freelaw,0.142878320575268,b1,expanded,0.09682483215160405,1.4756371624952103,True
1000000.0,1e+27,131072,exponential,nih_exporter,0.029384901680198895,b1,expanded,0.005889680217640528,4.989218530436753,True
1000000.0,1e+27,131072,exponential,pubmed_central,0.16550938237573296,b1,expanded,0.11375419104995738,1.454973929734565,True
1000000.0,1e+27,131072,exponential,wikipedia_en,0.049916142316981445,b1,expanded,0.07507775607969777,0.6648592728849493,True
1000000.0,1e+27,131072,exponential,dm_mathematics,0.012566470064621627,b1,expanded,0.02546285409735114,0.49352166165570954,True
1000000.0,1e+27,131072,exponential,github,0.06176668233573955,b1,expanded,0.11070066006999096,0.5579612831277365,True
1000000.0,1e+27,131072,exponential,philpapers,0.013983797845198775,b1,expanded,0.005487697351757549,2.5482086472425767,True
1000000.0,1e+27,131072,exponential,stackexchange,0.17890036168492937,b1,expanded,0.09943242344369017,1.7992155424658123,True
1000000.0,1e+27,131072,exponential,enron_emails,0.028283035590602593,b1,expanded,0.0022110330440804327,12.791774264217516,True
1000000.0,1e+27,131072,exponential,gutenberg_pg_19,0.035615579139789015,b1,expanded,0.04691494424769629,0.7591521147664559,True
1000000.0,1e+27,131072,exponential,pile_cc,0.010167966332336551,b1,expanded,0.11948759779117796,0.08509641603228611,True
1000000.0,1e+27,131072,exponential,ubuntu_irc,0.043224271113759066,b1,expanded,0.019599998284382344,2.205320147818635,True
1000000.0,1e+27,131072,exponential,europarl,0.0010077399788780937,b1,expanded,0.012737064754468426,0.07911869793427545,True
1000000.0,1e+27,131072,exponential,hackernews,0.03450534097900224,b1,expanded,0.01165082237856243,2.9616227814520837,True
1000000.0,1e+27,131072,exponential,pubmed_abstracts,0.027952198126291326,b1,expanded,0.06618116611255062,0.4223588033905988,True
1000000.0,1e+27,131072,exponential,uspto_backgrounds,0.02407255185618787,b1,expanded,0.07556475309321728,0.3185685239584093,True
0.01,1e+19,2048,power,arxiv,0.9770774125103908,b1,expanded,0.11302252583217468,8.644979443843233,False
0.01,1e+19,2048,power,freelaw,0.0023176034385269263,b1,expanded,0.09682483215160405,0.02393604395717542,False
0.01,1e+19,2048,power,nih_exporter,0.0010221723828922713,b1,expanded,0.005889680217640528,0.17355312090301653,False
0.01,1e+19,2048,power,pubmed_central,0.0032062444855931117,b1,expanded,0.11375419104995738,0.028185726222474096,False
0.01,1e+19,2048,power,wikipedia_en,0.0011252607716889253,b1,expanded,0.07507775607969777,0.014987938244909984,False
0.01,1e+19,2048,power,dm_mathematics,0.0010275311676881916,b1,expanded,0.02546285409735114,0.04035412384486325,False
0.01,1e+19,2048,power,github,0.001005010613685891,b1,expanded,0.11070066006999096,0.009078632530740727,False
0.01,1e+19,2048,power,philpapers,0.0010177830451275614,b1,expanded,0.005487697351757549,0.18546632219096326,False
0.01,1e+19,2048,power,stackexchange,0.003612561790960016,b1,expanded,0.09943242344369017,0.03633182885264639,False
0.01,1e+19,2048,power,enron_emails,0.0010091279913918506,b1,expanded,0.0022110330440804327,0.4564056580219706,False
0.01,1e+19,2048,power,gutenberg_pg_19,0.0010734368151820311,b1,expanded,0.04691494424769629,0.022880487921175377,False
0.01,1e+19,2048,power,pile_cc,0.0010142996614913406,b1,expanded,0.11948759779117796,0.008488744273392938,False
0.01,1e+19,2048,power,ubuntu_irc,0.0010648374173861269,b1,expanded,0.019599998284382344,0.05432844441800844,False
0.01,1e+19,2048,power,europarl,0.0010068931016017683,b1,expanded,0.012737064754468426,0.07905220873188458,False
0.01,1e+19,2048,power,hackernews,0.0010399552436858104,b1,expanded,0.01165082237856243,0.08926024360300379,False
0.01,1e+19,2048,power,pubmed_abstracts,0.0010524320688703396,b1,expanded,0.06618116611255062,0.015902289589163888,False
0.01,1e+19,2048,power,uspto_backgrounds,0.0013274374938370198,b1,expanded,0.07556475309321728,0.017566887199372997,False
0.01,1e+19,4096,power,arxiv,0.9770663479088765,b1,expanded,0.11302252583217468,8.644881546530879,True
0.01,1e+19,4096,power,freelaw,0.0023295771373800893,b1,expanded,0.09682483215160405,0.024059707469800105,True
0.01,1e+19,4096,power,nih_exporter,0.001022170835740509,b1,expanded,0.005889680217640528,0.17355285821443153,True
0.01,1e+19,4096,power,pubmed_central,0.003205333530413274,b1,expanded,0.11375419104995738,0.02817771812034239,True
0.01,1e+19,4096,power,wikipedia_en,0.001125676057618437,b1,expanded,0.07507775607969777,0.014993469655958963,True
0.01,1e+19,4096,power,dm_mathematics,0.001027702748239738,b1,expanded,0.02546285409735114,0.040360862309879404,True
0.01,1e+19,4096,power,github,0.001005084867367225,b1,expanded,0.11070066006999096,0.009079303291703552,True
0.01,1e+19,4096,power,philpapers,0.0010176980693932095,b1,expanded,0.005487697351757549,0.18545083742041105,True
0.01,1e+19,4096,power,stackexchange,0.0036120149614795676,b1,expanded,0.09943242344369017,0.03632632934391966,True
0.01,1e+19,4096,power,enron_emails,0.00100909775622384,b1,expanded,0.0022110330440804327,0.45639198334257514,True
0.01,1e+19,4096,power,gutenberg_pg_19,0.001073422924539369,b1,expanded,0.04691494424769629,0.02288019183976923,True
0.01,1e+19,4096,power,pile_cc,0.0010144052302563191,b1,expanded,0.11948759779117796,0.00848962778571497,True
0.01,1e+19,4096,power,ubuntu_irc,0.00106476161817503,b1,expanded,0.019599998284382344,0.054324577110981306,True
0.01,1e+19,4096,power,europarl,0.0010069330933873872,b1,expanded,0.012737064754468426,0.0790553485279357,True
0.01,1e+19,4096,power,hackernews,0.001039799722482554,b1,expanded,0.01165082237856243,0.08924689508577442,True
0.01,1e+19,4096,power,pubmed_abstracts,0.001052539756347981,b1,expanded,0.06618116611255062,0.01590391675114919,True
0.01,1e+19,4096,power,uspto_backgrounds,0.0013274337820789997,b1,expanded,0.07556475309321728,0.01756683807914342,True
0.01,1e+19,8192,power,arxiv,0.976913296546689,b1,expanded,0.11302252583217468,8.64352737964193,False
0.01,1e+19,8192,power,freelaw,0.0027781021977310483,b1,expanded,0.09682483215160405,0.028692042485353536,False
0.01,1e+19,8192,power,nih_exporter,0.0010216286707154768,b1,expanded,0.005889680217640528,0.17346080482528348,False
0.01,1e+19,8192,power,pubmed_central,0.003228535667119712,b1,expanded,0.11375419104995738,0.02838168543347856,False
0.01,1e+19,8192,power,wikipedia_en,0.0011202015294891044,b1,expanded,0.07507775607969777,0.01492055154525356,False
0.01,1e+19,8192,power,dm_mathematics,0.0010249454784291491,b1,expanded,0.02546285409735114,0.040252576341619634,False
0.01,1e+19,8192,power,github,0.0010044608922518037,b1,expanded,0.11070066006999096,0.009073666693737228,False
0.01,1e+19,8192,power,philpapers,0.001017055384828401,b1,expanded,0.005487697351757549,0.1853337237161353,False
0.01,1e+19,8192,power,stackexchange,0.003318403180218404,b1,expanded,0.09943242344369017,0.03337345169000791,False
0.01,1e+19,8192,power,enron_emails,0.0010090121933780411,b1,expanded,0.0022110330440804327,0.45635328521184026,False
0.01,1e+19,8192,power,gutenberg_pg_19,0.0010685309132463297,b1,expanded,0.04691494424769629,0.022775917788686255,False
0.01,1e+19,8192,power,pile_cc,0.0010125746898843272,b1,expanded,0.11948759779117796,0.008474307866277047,False
0.01,1e+19,8192,power,ubuntu_irc,0.0010630259434069064,b1,expanded,0.019599998284382344,0.054236022268121624,False
0.01,1e+19,8192,power,europarl,0.00100612493336216,b1,expanded,0.012737064754468426,0.07899189905658528,False
0.01,1e+19,8192,power,hackernews,0.0010387451566194316,b1,expanded,0.01165082237856243,0.08915638080027104,False
0.01,1e+19,8192,power,pubmed_abstracts,0.0010479741835662149,b1,expanded,0.06618116611255062,0.015834930768430153,False
0.01,1e+19,8192,power,uspto_backgrounds,0.0013273824390645558,b1,expanded,0.07556475309321728,0.017566158621958126,False
0.01,1e+19,32768,power,arxiv,0.9769518581866381,b1,expanded,0.11302252583217468,8.643868565079657,False
0.01,1e+19,32768,power,freelaw,0.0027110081697161283,b1,expanded,0.09682483215160405,0.027999100122077684,False
0.01,1e+19,32768,power,nih_exporter,0.0010234354874367067,b1,expanded,0.005889680217640528,0.17376758153547195,False
0.01,1e+19,32768,power,pubmed_central,0.003147949075972185,b1,expanded,0.11375419104995738,0.027673257986509714,False
0.01,1e+19,32768,power,wikipedia_en,0.001121607641034515,b1,expanded,0.07507775607969777,0.014939280282216846,False
0.01,1e+19,32768,power,dm_mathematics,0.0010103077710168218,b1,expanded,0.02546285409735114,0.03967771119271042,False
0.01,1e+19,32768,power,github,0.00100634128503441,b1,expanded,0.11070066006999096,0.009090652977119976,False
0.01,1e+19,32768,power,philpapers,0.0010234194035393185,b1,expanded,0.005487697351757549,0.18649341207046471,False
0.01,1e+19,32768,power,stackexchange,0.0034297340925884,b1,expanded,0.09943242344369017,0.03449311576450413,False
0.01,1e+19,32768,power,enron_emails,0.0010241673322717998,b1,expanded,0.0022110330440804327,0.46320761013219064,False
0.01,1e+19,32768,power,gutenberg_pg_19,0.0010639471929201544,b1,expanded,0.04691494424769629,0.02267821501189141,False
0.01,1e+19,32768,power,pile_cc,0.001008009357952858,b1,expanded,0.11948759779117796,0.008436100286445642,False
0.01,1e+19,32768,power,ubuntu_irc,0.001069801345771177,b1,expanded,0.019599998284382344,0.05458170609247529,False
0.01,1e+19,32768,power,europarl,0.0010047438184318214,b1,expanded,0.012737064754468426,0.07888346630877703,False
0.01,1e+19,32768,power,hackernews,0.0010364926213573362,b1,expanded,0.01165082237856243,0.08896304378174091,False
0.01,1e+19,32768,power,pubmed_abstracts,0.0010397818432616543,b1,expanded,0.06618116611255062,0.015711144187053994,False
0.01,1e+19,32768,power,uspto_backgrounds,0.0013273953750564688,b1,expanded,0.07556475309321728,0.01756632981277638,False
0.01,1e+19,131072,power,arxiv,0.9764185463344038,b1,expanded,0.11302252583217468,8.639149931795648,False
0.01,1e+19,131072,power,freelaw,0.002820116805721318,b1,expanded,0.09682483215160405,0.029125966377155227,False
0.01,1e+19,131072,power,nih_exporter,0.0010488969517301514,b1,expanded,0.005889680217640528,0.17809064549693857,False
0.01,1e+19,131072,power,pubmed_central,0.0033350797080110013,b1,expanded,0.11375419104995738,0.029318301833348152,False
0.01,1e+19,131072,power,wikipedia_en,0.0011630949348548907,b1,expanded,0.07507775607969777,0.015491871302336514,False
0.01,1e+19,131072,power,dm_mathematics,0.0010256420619789608,b1,expanded,0.02546285409735114,0.0402799331943569,False
0.01,1e+19,131072,power,github,0.0010039107413934197,b1,expanded,0.11070066006999096,0.009068696977585255,False
0.01,1e+19,131072,power,philpapers,0.0010422327033302833,b1,expanded,0.005487697351757549,0.18992168053810157,False
0.01,1e+19,131072,power,stackexchange,0.003411178124119415,b1,expanded,0.09943242344369017,0.03430649687474637,False
0.01,1e+19,131072,power,enron_emails,0.0010210761239037142,b1,expanded,0.0022110330440804327,0.4618095268351718,False
0.01,1e+19,131072,power,gutenberg_pg_19,0.001080898776560263,b1,expanded,0.04691494424769629,0.02303954089454853,False
0.01,1e+19,131072,power,pile_cc,0.0010112524061685695,b1,expanded,0.11948759779117796,0.008463241582075162,False
0.01,1e+19,131072,power,ubuntu_irc,0.0011285087227481893,b1,expanded,0.019599998284382344,0.057576980690218056,False
0.01,1e+19,131072,power,europarl,0.0010109363028029767,b1,expanded,0.012737064754468426,0.07936964459950001,False
0.01,1e+19,131072,power,hackernews,0.0010939574114844828,b1,expanded,0.01165082237856243,0.09389529562285404,False
0.01,1e+19,131072,power,pubmed_abstracts,0.0010574554219302977,b1,expanded,0.06618116611255062,0.01597819264973274,False
0.01,1e+19,131072,power,uspto_backgrounds,0.001327216468858187,b1,expanded,0.07556475309321728,0.01756396222483414,False
10.0,1e+22,2048,power,arxiv,0.15767687863984584,b1,expanded,0.11302252583217468,1.395092504603708,False
10.0,1e+22,2048,power,freelaw,0.14095704707745288,b1,expanded,0.09682483215160405,1.4557943860594413,False
10.0,1e+22,2048,power,nih_exporter,0.029078318961823005,b1,expanded,0.005889680217640528,4.937164308977051,False
10.0,1e+22,2048,power,pubmed_central,0.1627358538525681,b1,expanded,0.11375419104995738,1.4305921597306201,False
10.0,1e+22,2048,power,wikipedia_en,0.05029821220574927,b1,expanded,0.07507775607969777,0.6699482620705377,False
10.0,1e+22,2048,power,dm_mathematics,0.011936566168502284,b1,expanded,0.02546285409735114,0.46878351196867696,False
10.0,1e+22,2048,power,github,0.05514396800041159,b1,expanded,0.11070066006999096,0.49813585542802163,False
10.0,1e+22,2048,power,philpapers,0.01275197578877606,b1,expanded,0.005487697351757549,2.3237388965504766,False
10.0,1e+22,2048,power,stackexchange,0.1766305515536038,b1,expanded,0.09943242344369017,1.7763878766731647,False
10.0,1e+22,2048,power,enron_emails,0.02835361716131466,b1,expanded,0.0022110330440804327,12.823696704680826,False
10.0,1e+22,2048,power,gutenberg_pg_19,0.03490557503029663,b1,expanded,0.04691494424769629,0.7440182566562601,False
10.0,1e+22,2048,power,pile_cc,0.009599178538523555,b1,expanded,0.11948759779117796,0.08033619150415529,False
10.0,1e+22,2048,power,ubuntu_irc,0.04247413033110332,b1,expanded,0.019599998284382344,2.167047655557578,False
10.0,1e+22,2048,power,europarl,0.0011356312990389577,b1,expanded,0.012737064754468426,0.08915957647467833,False
10.0,1e+22,2048,power,hackernews,0.033793226818843544,b1,expanded,0.01165082237856243,2.900501417052177,False
10.0,1e+22,2048,power,pubmed_abstracts,0.027521303109496412,b1,expanded,0.06618116611255062,0.4158479628886029,False
10.0,1e+22,2048,power,uspto_backgrounds,0.02500796546265009,b1,expanded,0.07556475309321728,0.33094749124370276,False
10.0,1e+22,4096,power,arxiv,0.15614516635568404,b1,expanded,0.11302252583217468,1.381540230197487,False
10.0,1e+22,4096,power,freelaw,0.14099947921798311,b1,expanded,0.09682483215160405,1.456232622197706,False
10.0,1e+22,4096,power,nih_exporter,0.0290582287849749,b1,expanded,0.005889680217640528,4.933753227881692,False
10.0,1e+22,4096,power,pubmed_central,0.16333258641213272,b1,expanded,0.11375419104995738,1.4358379669756698,False
10.0,1e+22,4096,power,wikipedia_en,0.04921149095269885,b1,expanded,0.07507775607969777,0.6554736518824438,False
10.0,1e+22,4096,power,dm_mathematics,0.012502001207900688,b1,expanded,0.02546285409735114,0.4909897830032043,False
10.0,1e+22,4096,power,github,0.05619380336233374,b1,expanded,0.11070066006999096,0.5076194064859683,False
10.0,1e+22,4096,power,philpapers,0.013863068471446995,b1,expanded,0.005487697351757549,2.526208641408962,False
10.0,1e+22,4096,power,stackexchange,0.1765610276827574,b1,expanded,0.09943242344369017,1.7756886694282987,False
10.0,1e+22,4096,power,enron_emails,0.02795062219517439,b1,expanded,0.0022110330440804327,12.641431239576537,False
10.0,1e+22,4096,power,gutenberg_pg_19,0.035155334702994374,b1,expanded,0.04691494424769629,0.7493419264741137,False
10.0,1e+22,4096,power,pile_cc,0.0099377266124402,b1,expanded,0.11948759779117796,0.08316952383466467,False
10.0,1e+22,4096,power,ubuntu_irc,0.04272600389961431,b1,expanded,0.019599998284382344,2.179898348953388,False
10.0,1e+22,4096,power,europarl,0.001129846381518995,b1,expanded,0.012737064754468426,0.08870539667489886,False
10.0,1e+22,4096,power,hackernews,0.03400719692146878,b1,expanded,0.01165082237856243,2.9188666530563703,False
10.0,1e+22,4096,power,pubmed_abstracts,0.027585655264871313,b1,expanded,0.06618116611255062,0.4168203264650539,False
10.0,1e+22,4096,power,uspto_backgrounds,0.02364076157400531,b1,expanded,0.07556475309321728,0.3128543481752912,False
10.0,1e+22,8192,power,arxiv,0.16329848755923393,b1,expanded,0.11302252583217468,1.4448313409816484,True
10.0,1e+22,8192,power,freelaw,0.14014075794086148,b1,expanded,0.09682483215160405,1.4473638097449553,True
10.0,1e+22,8192,power,nih_exporter,0.02887919276303198,b1,expanded,0.005889680217640528,4.903354969346927,True
10.0,1e+22,8192,power,pubmed_central,0.16233532560442854,b1,expanded,0.11375419104995738,1.42707116200348,True
10.0,1e+22,8192,power,wikipedia_en,0.04898640696956992,b1,expanded,0.07507775607969777,0.6524756402891033,True
10.0,1e+22,8192,power,dm_mathematics,0.012289177702456768,b1,expanded,0.02546285409735114,0.482631587781638,True
10.0,1e+22,8192,power,github,0.05401014283440073,b1,expanded,0.11070066006999096,0.48789359340994526,True
10.0,1e+22,8192,power,philpapers,0.013773770987824601,b1,expanded,0.005487697351757549,2.509936336670109,True
10.0,1e+22,8192,power,stackexchange,0.1755036715131028,b1,expanded,0.09943242344369017,1.7650547521100373,True
10.0,1e+22,8192,power,enron_emails,0.027825963160326768,b1,expanded,0.0022110330440804327,12.58505079099782,True
10.0,1e+22,8192,power,gutenberg_pg_19,0.03496899428464564,b1,expanded,0.04691494424769629,0.7453700488275173,True
10.0,1e+22,8192,power,pile_cc,0.009963573999067967,b1,expanded,0.11948759779117796,0.08338584240751722,True
10.0,1e+22,8192,power,ubuntu_irc,0.04240683371598435,b1,expanded,0.019599998284382344,2.163614154485663,True
10.0,1e+22,8192,power,europarl,0.0011177758584719109,b1,expanded,0.012737064754468426,0.0877577275470608,True
10.0,1e+22,8192,power,hackernews,0.03383718604771956,b1,expanded,0.01165082237856243,2.9042744750774117,True
10.0,1e+22,8192,power,pubmed_abstracts,0.027481528180616586,b1,expanded,0.06618116611255062,0.41524696216262313,True
10.0,1e+22,8192,power,uspto_backgrounds,0.023181210878256236,b1,expanded,0.07556475309321728,0.3067727998748267,True
10.0,1e+22,32768,power,arxiv,0.1610696185020749,b1,expanded,0.11302252583217468,1.4251107672221428,False
10.0,1e+22,32768,power,freelaw,0.14047847285804246,b1,expanded,0.09682483215160405,1.450851705460098,False
10.0,1e+22,32768,power,nih_exporter,0.028942421549331725,b1,expanded,0.005889680217640528,4.914090490455589,False
10.0,1e+22,32768,power,pubmed_central,0.1625953171350901,b1,expanded,0.11375419104995738,1.429356717623557,False
10.0,1e+22,32768,power,wikipedia_en,0.049035228970767626,b1,expanded,0.07507775607969777,0.6531259261227113,False
10.0,1e+22,32768,power,dm_mathematics,0.012315769795097475,b1,expanded,0.02546285409735114,0.4836759362485867,False
10.0,1e+22,32768,power,github,0.054518366902874066,b1,expanded,0.11070066006999096,0.49248456936394597,False
10.0,1e+22,32768,power,philpapers,0.013773138011827706,b1,expanded,0.005487697351757549,2.509820992117317,False
10.0,1e+22,32768,power,stackexchange,0.17586208175076268,b1,expanded,0.09943242344369017,1.7686593131299426,False
10.0,1e+22,32768,power,enron_emails,0.027841405207551503,b1,expanded,0.0022110330440804327,12.592034878036266,False
10.0,1e+22,32768,power,gutenberg_pg_19,0.034907843053674205,b1,expanded,0.04691494424769629,0.7440665999595283,False
10.0,1e+22,32768,power,pile_cc,0.01008617241252446,b1,expanded,0.11948759779117796,0.0844118770397537,False
10.0,1e+22,32768,power,ubuntu_irc,0.04258660973024398,b1,expanded,0.019599998284382344,2.1727864009140148,False
10.0,1e+22,32768,power,europarl,0.0011233828574617273,b1,expanded,0.012737064754468426,0.0881979387808028,False
10.0,1e+22,32768,power,hackernews,0.033941499659339555,b1,expanded,0.01165082237856243,2.913227801137204,False
10.0,1e+22,32768,power,pubmed_abstracts,0.027326864971955966,b1,expanded,0.06618116611255062,0.4129099950502941,False
10.0,1e+22,32768,power,uspto_backgrounds,0.023595806631379883,b1,expanded,0.07556475309321728,0.31225942870840734,False
10.0,1e+22,131072,power,arxiv,0.15866647883538573,b1,expanded,0.11302252583217468,1.4038482830492307,False
10.0,1e+22,131072,power,freelaw,0.14070786573730762,b1,expanded,0.09682483215160405,1.4532208588494473,False
10.0,1e+22,131072,power,nih_exporter,0.029003811645202934,b1,expanded,0.005889680217640528,4.924513823064944,False
10.0,1e+22,131072,power,pubmed_central,0.162954195195205,b1,expanded,0.11375419104995738,1.43251157334186,False
10.0,1e+22,131072,power,wikipedia_en,0.049298288234362324,b1,expanded,0.07507775607969777,0.6566297503887889,False
10.0,1e+22,131072,power,dm_mathematics,0.01238245694356982,b1,expanded,0.02546285409735114,0.486294933640528,False
10.0,1e+22,131072,power,github,0.05525073628103661,b1,expanded,0.11070066006999096,0.49910033279028415,False
10.0,1e+22,131072,power,philpapers,0.013678204986155008,b1,expanded,0.005487697351757549,2.492521746261076,False
10.0,1e+22,131072,power,stackexchange,0.17619701323963702,b1,expanded,0.09943242344369017,1.772027746456563,False
10.0,1e+22,131072,power,enron_emails,0.02797081248055768,b1,expanded,0.0022110330440804327,12.650562846830146,False
10.0,1e+22,131072,power,gutenberg_pg_19,0.03497977719224336,b1,expanded,0.04691494424769629,0.7455998883332576,False
10.0,1e+22,131072,power,pile_cc,0.009980239587990013,b1,expanded,0.11948759779117796,0.0835253178780273,False
10.0,1e+22,131072,power,ubuntu_irc,0.042564787445837866,b1,expanded,0.019599998284382344,2.1716730189591043,False
10.0,1e+22,131072,power,europarl,0.0011196166288321378,b1,expanded,0.012737064754468426,0.08790224831347843,False
10.0,1e+22,131072,power,hackernews,0.034021460866134744,b1,expanded,0.01165082237856243,2.9200909395661543,False
10.0,1e+22,131072,power,pubmed_abstracts,0.02736703475757733,b1,expanded,0.06618116611255062,0.4135169620770317,False
10.0,1e+22,131072,power,uspto_backgrounds,0.023857219942964858,b1,expanded,0.07556475309321728,0.31571888964600203,False
1000.0,1e+24,2048,power,arxiv,0.14661330898894986,b1,expanded,0.11302252583217468,1.2972043219654603,False
1000.0,1e+24,2048,power,freelaw,0.1422564572642116,b1,expanded,0.09682483215160405,1.4692146023188837,False
1000.0,1e+24,2048,power,nih_exporter,0.029479749001259853,b1,expanded,0.005889680217640528,5.005322515297744,False
1000.0,1e+24,2048,power,pubmed_central,0.16471842899214784,b1,expanded,0.11375419104995738,1.4480207495810729,False
1000.0,1e+24,2048,power,wikipedia_en,0.04959242740538663,b1,expanded,0.07507775607969777,0.6605475442385687,False
1000.0,1e+24,2048,power,dm_mathematics,0.012370079003129607,b1,expanded,0.02546285409735114,0.4858088160830504,False
1000.0,1e+24,2048,power,github,0.05933851887837351,b1,expanded,0.11070066006999096,0.5360267846718934,False
1000.0,1e+24,2048,power,philpapers,0.013646185971962304,b1,expanded,0.005487697351757549,2.4866870560184644,False
1000.0,1e+24,2048,power,stackexchange,0.17813116375499174,b1,expanded,0.09943242344369017,1.791479656088938,False
1000.0,1e+24,2048,power,enron_emails,0.028179626231890346,b1,expanded,0.0022110330440804327,12.745004561254866,False
1000.0,1e+24,2048,power,gutenberg_pg_19,0.03562406529583044,b1,expanded,0.04691494424769629,0.7593329986229223,False
1000.0,1e+24,2048,power,pile_cc,0.010478528377188462,b1,expanded,0.11948759779117796,0.08769553134293671,False
1000.0,1e+24,2048,power,ubuntu_irc,0.04301046684832912,b1,expanded,0.019599998284382344,2.194411765974525,False
1000.0,1e+24,2048,power,europarl,0.0011270208621447409,b1,expanded,0.012737064754468426,0.08848356225474621,False
1000.0,1e+24,2048,power,hackernews,0.03451361783426698,b1,expanded,0.01165082237856243,2.9623331909833426,False
1000.0,1e+24,2048,power,pubmed_abstracts,0.02706242270144067,b1,expanded,0.06618116611255062,0.40891426203365944,False
1000.0,1e+24,2048,power,uspto_backgrounds,0.023857932588496333,b1,expanded,0.07556475309321728,0.3157283205711663,False
1000.0,1e+24,4096,power,arxiv,0.186841613086978,b1,expanded,0.11302252583217468,1.6531360603674359,False
1000.0,1e+24,4096,power,freelaw,0.13224290963220747,b1,expanded,0.09682483215160405,1.3657953924995951,False
1000.0,1e+24,4096,power,nih_exporter,0.02790695995791995,b1,expanded,0.005889680217640528,4.73828101470334,False
1000.0,1e+24,4096,power,pubmed_central,0.1570956797409901,b1,expanded,0.11375419104995738,1.3810100383202448,False
1000.0,1e+24,4096,power,wikipedia_en,0.04599148633410044,b1,expanded,0.07507775607969777,0.6125847219684989,False
1000.0,1e+24,4096,power,dm_mathematics,0.01149054633556748,b1,expanded,0.02546285409735114,0.4512670218207323,False
1000.0,1e+24,4096,power,github,0.05024639702492792,b1,expanded,0.11070066006999096,0.4538942856633323,False
1000.0,1e+24,4096,power,philpapers,0.013213057883072709,b1,expanded,0.005487697351757549,2.4077599466816357,False
1000.0,1e+24,4096,power,stackexchange,0.1775216001380503,b1,expanded,0.09943242344369017,1.7853492250300327,False
1000.0,1e+24,4096,power,enron_emails,0.027961772960342697,b1,expanded,0.0022110330440804327,12.646474477260462,False
1000.0,1e+24,4096,power,gutenberg_pg_19,0.03269203077116205,b1,expanded,0.04691494424769629,0.696836185044968,False
1000.0,1e+24,4096,power,pile_cc,0.00924207449961437,b1,expanded,0.11948759779117796,0.0773475630145837,False
1000.0,1e+24,4096,power,ubuntu_irc,0.044273039772984295,b1,expanded,0.019599998284382344,2.2588287575648365,False
1000.0,1e+24,4096,power,europarl,0.0011219490091277263,b1,expanded,0.012737064754468426,0.08808536587946005,False
1000.0,1e+24,4096,power,hackernews,0.034863302666932695,b1,expanded,0.01165082237856243,2.992346937764783,False
1000.0,1e+24,4096,power,pubmed_abstracts,0.025680458480352823,b1,expanded,0.06618116611255062,0.3880327287778444,False
1000.0,1e+24,4096,power,uspto_backgrounds,0.021615121705669066,b1,expanded,0.07556475309321728,0.2860476719748489,False
1000.0,1e+24,8192,power,arxiv,0.14326530265376705,b1,expanded,0.11302252583217468,1.267581852368964,True
1000.0,1e+24,8192,power,freelaw,0.1424541298240602,b1,expanded,0.09682483215160405,1.4712561504987873,True
1000.0,1e+24,8192,power,nih_exporter,0.029532589118456937,b1,expanded,0.005889680217640528,5.014294159808904,True
1000.0,1e+24,8192,power,pubmed_central,0.16481851883544957,b1,expanded,0.11375419104995738,1.448900627872834,True
1000.0,1e+24,8192,power,wikipedia_en,0.049573149050976185,b1,expanded,0.07507775607969777,0.6602907657276342,True
1000.0,1e+24,8192,power,dm_mathematics,0.012231217590043662,b1,expanded,0.02546285409735114,0.48035532636210077,True
1000.0,1e+24,8192,power,github,0.0600584008462297,b1,expanded,0.11070066006999096,0.5425297447030354,True
1000.0,1e+24,8192,power,philpapers,0.013658132091130797,b1,expanded,0.005487697351757549,2.4888639470535847,True
1000.0,1e+24,8192,power,stackexchange,0.17819930097565134,b1,expanded,0.09943242344369017,1.7921649176796726,True
1000.0,1e+24,8192,power,enron_emails,0.028785379557090804,b1,expanded,0.0022110330440804327,13.018973024468128,True
1000.0,1e+24,8192,power,gutenberg_pg_19,0.035339784035615975,b1,expanded,0.04691494424769629,0.7532734953074425,True
1000.0,1e+24,8192,power,pile_cc,0.009891612542354811,b1,expanded,0.11948759779117796,0.0827835919811682,True
1000.0,1e+24,8192,power,ubuntu_irc,0.04348247458744229,b1,expanded,0.019599998284382344,2.2184937955882353,True
1000.0,1e+24,8192,power,europarl,0.0011455648328812062,b1,expanded,0.012737064754468426,0.08993946839120201,True
1000.0,1e+24,8192,power,hackernews,0.03428206465418081,b1,expanded,0.01165082237856243,2.9424587844768775,True
1000.0,1e+24,8192,power,pubmed_abstracts,0.02814016303128923,b1,expanded,0.06618116611255062,0.42519896043283406,True
1000.0,1e+24,8192,power,uspto_backgrounds,0.025142215773379384,b1,expanded,0.07556475309321728,0.3327241173191388,True
1000.0,1e+24,32768,power,arxiv,0.142072831689161,b1,expanded,0.11302252583217468,1.2570311151966524,False
1000.0,1e+24,32768,power,freelaw,0.14139068203276964,b1,expanded,0.09682483215160405,1.4602729371261531,False
1000.0,1e+24,32768,power,nih_exporter,0.02854809788856681,b1,expanded,0.005889680217640528,4.847138865546675,False
1000.0,1e+24,32768,power,pubmed_central,0.16717250593939828,b1,expanded,0.11375419104995738,1.4695942575511896,False
1000.0,1e+24,32768,power,wikipedia_en,0.048622076014145525,b1,expanded,0.07507775607969777,0.6476229252580674,False
1000.0,1e+24,32768,power,dm_mathematics,0.011832427613271392,b1,expanded,0.02546285409735114,0.4646936894046885,False
1000.0,1e+24,32768,power,github,0.061006397058687295,b1,expanded,0.11070066006999096,0.5510933450633062,False
1000.0,1e+24,32768,power,philpapers,0.013346202404804487,b1,expanded,0.005487697351757549,2.4320223126973444,False
1000.0,1e+24,32768,power,stackexchange,0.17882003390282994,b1,expanded,0.09943242344369017,1.7984076794034691,False
1000.0,1e+24,32768,power,enron_emails,0.028582995118859575,b1,expanded,0.0022110330440804327,12.927439142252723,False
1000.0,1e+24,32768,power,gutenberg_pg_19,0.03592639246196711,b1,expanded,0.04691494424769629,0.7657771534862527,False
1000.0,1e+24,32768,power,pile_cc,0.009912415045459127,b1,expanded,0.11948759779117796,0.08295768957362856,False
1000.0,1e+24,32768,power,ubuntu_irc,0.04201957642920807,b1,expanded,0.019599998284382344,2.1438561279206882,False
1000.0,1e+24,32768,power,europarl,0.001153583457225535,b1,expanded,0.012737064754468426,0.09056901880166966,False
1000.0,1e+24,32768,power,hackernews,0.034424851108108265,b1,expanded,0.01165082237856243,2.954714267333623,False
1000.0,1e+24,32768,power,pubmed_abstracts,0.028164474871680542,b1,expanded,0.06618116611255062,0.42556631328893163,False
1000.0,1e+24,32768,power,uspto_backgrounds,0.027004456963857493,b1,expanded,0.07556475309321728,0.3573684271891232,False
1000.0,1e+24,131072,power,arxiv,0.14393703265801736,b1,expanded,0.11302252583217468,1.2735251809161223,False
1000.0,1e+24,131072,power,freelaw,0.1429727336059044,b1,expanded,0.09682483215160405,1.4766122535801973,False
1000.0,1e+24,131072,power,nih_exporter,0.02880065560774602,b1,expanded,0.005889680217640528,4.890020263151721,False
1000.0,1e+24,131072,power,pubmed_central,0.1647352805283528,b1,expanded,0.11375419104995738,1.4481688894961775,False
1000.0,1e+24,131072,power,wikipedia_en,0.04922830575506159,b1,expanded,0.07507775607969777,0.6556976170518996,False
1000.0,1e+24,131072,power,dm_mathematics,0.010876000483228811,b1,expanded,0.02546285409735114,0.4271320269772988,False
1000.0,1e+24,131072,power,github,0.06044004857450042,b1,expanded,0.11070066006999096,0.5459773097675023,False
1000.0,1e+24,131072,power,philpapers,0.014793549816191912,b1,expanded,0.005487697351757549,2.695766342043985,False
1000.0,1e+24,131072,power,stackexchange,0.1769464918452993,b1,expanded,0.09943242344369017,1.779565313979361,False
1000.0,1e+24,131072,power,enron_emails,0.028338770266875667,b1,expanded,0.0022110330440804327,12.816981791722496,False
1000.0,1e+24,131072,power,gutenberg_pg_19,0.035205743972984524,b1,expanded,0.04691494424769629,0.7504164086204422,False
1000.0,1e+24,131072,power,pile_cc,0.01028887933908268,b1,expanded,0.11948759779117796,0.08610834537877311,False
1000.0,1e+24,131072,power,ubuntu_irc,0.04399754032550067,b1,expanded,0.019599998284382344,2.2447726620751163,False
1000.0,1e+24,131072,power,europarl,0.001263246018225538,b1,expanded,0.012737064754468426,0.09917873878927758,False
1000.0,1e+24,131072,power,hackernews,0.03500034521099766,b1,expanded,0.01165082237856243,3.004109415949767,False
1000.0,1e+24,131072,power,pubmed_abstracts,0.02783843470745327,b1,expanded,0.06618116611255062,0.42063983369694624,False
1000.0,1e+24,131072,power,uspto_backgrounds,0.025336941284577554,b1,expanded,0.07556475309321728,0.3353010530362179,False
10000.0,1e+25,2048,power,arxiv,0.144010633079179,b1,expanded,0.11302252583217468,1.2741763822639927,False
10000.0,1e+25,2048,power,freelaw,0.14285120940710674,b1,expanded,0.09682483215160405,1.4753571602730653,False
10000.0,1e+25,2048,power,nih_exporter,0.028792562818961105,b1,expanded,0.005889680217640528,4.888646200641387,False
10000.0,1e+25,2048,power,pubmed_central,0.16551596205798694,b1,expanded,0.11375419104995738,1.4550317709639145,False
10000.0,1e+25,2048,power,wikipedia_en,0.04958463946187207,b1,expanded,0.07507775607969777,0.6604438125353156,False
10000.0,1e+25,2048,power,dm_mathematics,0.0129470749618334,b1,expanded,0.02546285409735114,0.508469117889666,False
10000.0,1e+25,2048,power,github,0.06041681056435704,b1,expanded,0.11070066006999096,0.5457673922283593,False
10000.0,1e+25,2048,power,philpapers,0.013879184239487662,b1,expanded,0.005487697351757549,2.5291453500150776,False
10000.0,1e+25,2048,power,stackexchange,0.17879775499519002,b1,expanded,0.09943242344369017,1.7981836186105373,False
10000.0,1e+25,2048,power,enron_emails,0.02777436707265135,b1,expanded,0.0022110330440804327,12.561715053065928,False
10000.0,1e+25,2048,power,gutenberg_pg_19,0.03525036502709588,b1,expanded,0.04691494424769629,0.7513675139628204,False
10000.0,1e+25,2048,power,pile_cc,0.010461558719672772,b1,expanded,0.11948759779117796,0.08755351110125986,False
10000.0,1e+25,2048,power,ubuntu_irc,0.04347330648435819,b1,expanded,0.019599998284382344,2.218026035185858,False
10000.0,1e+25,2048,power,europarl,0.0010659850294309685,b1,expanded,0.012737064754468426,0.08369157651153487,False
10000.0,1e+25,2048,power,hackernews,0.034315069553496884,b1,expanded,0.01165082237856243,2.9452916230734734,False
10000.0,1e+25,2048,power,pubmed_abstracts,0.028515345332676693,b1,expanded,0.06618116611255062,0.4308679796330913,False
10000.0,1e+25,2048,power,uspto_backgrounds,0.022348171194643406,b1,expanded,0.07556475309321728,0.29574861664769186,False
10000.0,1e+25,4096,power,arxiv,0.1421869564782582,b1,expanded,0.11302252583217468,1.2580408677947024,False
10000.0,1e+25,4096,power,freelaw,0.14214020658818852,b1,expanded,0.09682483215160405,1.4680139735809885,False
10000.0,1e+25,4096,power,nih_exporter,0.028988443837380445,b1,expanded,0.005889680217640528,4.92190454594724,False
10000.0,1e+25,4096,power,pubmed_central,0.16521335389682093,b1,expanded,0.11375419104995738,1.4523715774504014,False
10000.0,1e+25,4096,power,wikipedia_en,0.049590463696080035,b1,expanded,0.07507775607969777,0.6605213885646496,False
10000.0,1e+25,4096,power,dm_mathematics,0.012714812827744237,b1,expanded,0.02546285409735114,0.499347511442833,False
10000.0,1e+25,4096,power,github,0.06062562858086907,b1,expanded,0.11070066006999096,0.5476537225933275,False
10000.0,1e+25,4096,power,philpapers,0.014254005572130815,b1,expanded,0.005487697351757549,2.597447464475364,False
10000.0,1e+25,4096,power,stackexchange,0.17880548386506917,b1,expanded,0.09943242344369017,1.7982613484858785,False
10000.0,1e+25,4096,power,enron_emails,0.027924515634135585,b1,expanded,0.0022110330440804327,12.629623835291603,False
10000.0,1e+25,4096,power,gutenberg_pg_19,0.03470980192382054,b1,expanded,0.04691494424769629,0.7398453196611212,False
10000.0,1e+25,4096,power,pile_cc,0.010498029658296836,b1,expanded,0.11948759779117796,0.08785873891819031,False
10000.0,1e+25,4096,power,ubuntu_irc,0.04356854358865398,b1,expanded,0.019599998284382344,2.2228850715446353,False
10000.0,1e+25,4096,power,europarl,0.0010793202201164194,b1,expanded,0.012737064754468426,0.08473853599101563,False
10000.0,1e+25,4096,power,hackernews,0.03476148106294617,b1,expanded,0.01165082237856243,2.9836075028409557,False
10000.0,1e+25,4096,power,pubmed_abstracts,0.028531728217999073,b1,expanded,0.06618116611255062,0.431115525668991,False
10000.0,1e+25,4096,power,uspto_backgrounds,0.02440722435148994,b1,expanded,0.07556475309321728,0.3229974737213922,False
10000.0,1e+25,8192,power,arxiv,0.14162917560179647,b1,expanded,0.11302252583217468,1.2531057376305619,True
10000.0,1e+25,8192,power,freelaw,0.14273001234922206,b1,expanded,0.09682483215160405,1.474105445654083,True
10000.0,1e+25,8192,power,nih_exporter,0.029429061461789526,b1,expanded,0.005889680217640528,4.996716353741042,True
10000.0,1e+25,8192,power,pubmed_central,0.1654658453984351,b1,expanded,0.11375419104995738,1.4545912011784035,True
10000.0,1e+25,8192,power,wikipedia_en,0.04973791876746855,b1,expanded,0.07507775607969777,0.662485419978055,True
10000.0,1e+25,8192,power,dm_mathematics,0.012387924631025712,b1,expanded,0.02546285409735114,0.48650966555687125,True
10000.0,1e+25,8192,power,github,0.06131904456587354,b1,expanded,0.11070066006999096,0.5539176056141337,True
10000.0,1e+25,8192,power,philpapers,0.01406515593899186,b1,expanded,0.005487697351757549,2.5630341903762606,True
10000.0,1e+25,8192,power,stackexchange,0.17883555426815226,b1,expanded,0.09943242344369017,1.7985637689845613,True
10000.0,1e+25,8192,power,enron_emails,0.028175215239418006,b1,expanded,0.0022110330440804327,12.743009569599653,True
10000.0,1e+25,8192,power,gutenberg_pg_19,0.03551029980472171,b1,expanded,0.04691494424769629,0.7569080678693423,True
10000.0,1e+25,8192,power,pile_cc,0.010269001563537654,b1,expanded,0.11948759779117796,0.08594198689544529,True
10000.0,1e+25,8192,power,ubuntu_irc,0.043243211748171036,b1,expanded,0.019599998284382344,2.2062865068017916,True
10000.0,1e+25,8192,power,europarl,0.001129724596464778,b1,expanded,0.012737064754468426,0.08869583520555215,True
10000.0,1e+25,8192,power,hackernews,0.03447744168543857,b1,expanded,0.01165082237856243,2.9592281613422613,True
10000.0,1e+25,8192,power,pubmed_abstracts,0.02788813678708935,b1,expanded,0.06618116611255062,0.42139083405785793,True
10000.0,1e+25,8192,power,uspto_backgrounds,0.02370727559240387,b1,expanded,0.07556475309321728,0.31373457362003665,True
10000.0,1e+25,32768,power,arxiv,0.14414003783666932,b1,expanded,0.11302252583217468,1.2753213288712069,False
10000.0,1e+25,32768,power,freelaw,0.14251710939963816,b1,expanded,0.09682483215160405,1.4719065990890763,False
10000.0,1e+25,32768,power,nih_exporter,0.02924873877963199,b1,expanded,0.005889680217640528,4.966099635091795,False
10000.0,1e+25,32768,power,pubmed_central,0.1649663827472062,b1,expanded,0.11375419104995738,1.4502004825014139,False
10000.0,1e+25,32768,power,wikipedia_en,0.05025702432237166,b1,expanded,0.07507775607969777,0.6693996590551001,False
10000.0,1e+25,32768,power,dm_mathematics,0.012612973773682593,b1,expanded,0.02546285409735114,0.4953479969472354,False
10000.0,1e+25,32768,power,github,0.06010603775878355,b1,expanded,0.11070066006999096,0.5429600665504727,False
10000.0,1e+25,32768,power,philpapers,0.013947155419600621,b1,expanded,0.005487697351757549,2.5415314521916472,False
10000.0,1e+25,32768,power,stackexchange,0.17828643263394,b1,expanded,0.09943242344369017,1.7930412078803033,False
10000.0,1e+25,32768,power,enron_emails,0.028141741069162556,b1,expanded,0.0022110330440804327,12.727869963095323,False
10000.0,1e+25,32768,power,gutenberg_pg_19,0.035180921755217476,b1,expanded,0.04691494424769629,0.749887318835405,False
10000.0,1e+25,32768,power,pile_cc,0.010238648648895128,b1,expanded,0.11948759779117796,0.08568796124589151,False
10000.0,1e+25,32768,power,ubuntu_irc,0.04307169621094455,b1,expanded,0.019599998284382344,2.197535713320185,False
10000.0,1e+25,32768,power,europarl,0.001027276668718281,b1,expanded,0.012737064754468426,0.08065254346437165,False
10000.0,1e+25,32768,power,hackernews,0.034664607469764325,b1,expanded,0.01165082237856243,2.975292759895419,False
10000.0,1e+25,32768,power,pubmed_abstracts,0.02789081337466154,b1,expanded,0.06618116611255062,0.42143127740041914,False
10000.0,1e+25,32768,power,uspto_backgrounds,0.023702402131111956,b1,expanded,0.07556475309321728,0.31367007977743916,False
10000.0,1e+25,131072,power,arxiv,0.1419582011301752,b1,expanded,0.11302252583217468,1.256016887650933,False
10000.0,1e+25,131072,power,freelaw,0.1427004007572716,b1,expanded,0.09682483215160405,1.4737996192323641,False
10000.0,1e+25,131072,power,nih_exporter,0.02928050366417337,b1,expanded,0.005889680217640528,4.971492947354528,False
10000.0,1e+25,131072,power,pubmed_central,0.1653585026910487,b1,expanded,0.11375419104995738,1.4536475637933048,False
10000.0,1e+25,131072,power,wikipedia_en,0.050157597075001135,b1,expanded,0.07507775607969777,0.6680753354130219,False
10000.0,1e+25,131072,power,dm_mathematics,0.012520458438345462,b1,expanded,0.02546285409735114,0.49171465187981206,False
10000.0,1e+25,131072,power,github,0.06178255451234985,b1,expanded,0.11070066006999096,0.5581046623686577,False
10000.0,1e+25,131072,power,philpapers,0.013989464065127754,b1,expanded,0.005487697351757549,2.549241178660725,False
10000.0,1e+25,131072,power,stackexchange,0.1788622726389655,b1,expanded,0.09943242344369017,1.7988324778210545,False
10000.0,1e+25,131072,power,enron_emails,0.028063471829072904,b1,expanded,0.0022110330440804327,12.692470564475206,False
10000.0,1e+25,131072,power,gutenberg_pg_19,0.03663990158702607,b1,expanded,0.04691494424769629,0.7809857215981928,False
10000.0,1e+25,131072,power,pile_cc,0.01033124199584699,b1,expanded,0.11948759779117796,0.0864628813937857,False
10000.0,1e+25,131072,power,ubuntu_irc,0.04300321250819069,b1,expanded,0.019599998284382344,2.19404164654731,False
10000.0,1e+25,131072,power,europarl,0.0011093795554953279,b1,expanded,0.012737064754468426,0.08709852520033193,False
10000.0,1e+25,131072,power,hackernews,0.03445346452238757,b1,expanded,0.01165082237856243,2.9571701810322084,False
10000.0,1e+25,131072,power,pubmed_abstracts,0.02757014201755766,b1,expanded,0.06618116611255062,0.41658592069336847,False
10000.0,1e+25,131072,power,uspto_backgrounds,0.022219231011964206,b1,expanded,0.07556475309321728,0.29404226312437476,False
100000.0,1e+26,2048,power,arxiv,0.14027541028658375,b1,expanded,0.11302252583217468,1.2411279013077132,False
100000.0,1e+26,2048,power,freelaw,0.14288564013250304,b1,expanded,0.09682483215160405,1.4757127583632577,False
100000.0,1e+26,2048,power,nih_exporter,0.029396687100403926,b1,expanded,0.005889680217640528,4.991219559316001,False
100000.0,1e+26,2048,power,pubmed_central,0.16551079322683424,b1,expanded,0.11375419104995738,1.4549863323642023,False
100000.0,1e+26,2048,power,wikipedia_en,0.04991949252152791,b1,expanded,0.07507775607969777,0.6649038960159724,False
100000.0,1e+26,2048,power,dm_mathematics,0.012577151591149603,b1,expanded,0.02546285409735114,0.49394115612742656,False
100000.0,1e+26,2048,power,github,0.06177118724761886,b1,expanded,0.11070066006999096,0.5580019776626785,False
100000.0,1e+26,2048,power,philpapers,0.013992280972076804,b1,expanded,0.005487697351757549,2.549754491762467,False
100000.0,1e+26,2048,power,stackexchange,0.17890147819332258,b1,expanded,0.09943242344369017,1.799226771281872,False
100000.0,1e+26,2048,power,enron_emails,0.028299901030719457,b1,expanded,0.0022110330440804327,12.799402119514395,False
100000.0,1e+26,2048,power,gutenberg_pg_19,0.035616265358941177,b1,expanded,0.04691494424769629,0.7591667416441634,False
100000.0,1e+26,2048,power,pile_cc,0.010170280697478273,b1,expanded,0.11948759779117796,0.08511578511480603,False
100000.0,1e+26,2048,power,ubuntu_irc,0.043250041718795255,b1,expanded,0.019599998284382344,2.206634974721285,False
100000.0,1e+26,2048,power,europarl,0.0010602597481846102,b1,expanded,0.012737064754468426,0.08324207881667942,False
100000.0,1e+26,2048,power,hackernews,0.03451603250004208,b1,expanded,0.01165082237856243,2.9625404438017826,False
100000.0,1e+26,2048,power,pubmed_abstracts,0.027964084893769132,b1,expanded,0.06618116611255062,0.422538412910588,False
100000.0,1e+26,2048,power,uspto_backgrounds,0.023893012780049294,b1,expanded,0.07556475309321728,0.3161925607111385,False
100000.0,1e+26,4096,power,arxiv,0.1412107019790231,b1,expanded,0.11302252583217468,1.24940316931781,False
100000.0,1e+26,4096,power,freelaw,0.14279360831227858,b1,expanded,0.09682483215160405,1.4747622602505384,False
100000.0,1e+26,4096,power,nih_exporter,0.02937673533655423,b1,expanded,0.005889680217640528,4.987831979156735,False
100000.0,1e+26,4096,power,pubmed_central,0.16540591592722378,b1,expanded,0.11375419104995738,1.4540643680950844,False
100000.0,1e+26,4096,power,wikipedia_en,0.0498997510136729,b1,expanded,0.07507775607969777,0.6646409485214568,False
100000.0,1e+26,4096,power,dm_mathematics,0.012554220565401938,b1,expanded,0.02546285409735114,0.49304058835682263,False
100000.0,1e+26,4096,power,github,0.06142715755180325,b1,expanded,0.11070066006999096,0.5548942301966914,False
100000.0,1e+26,4096,power,philpapers,0.014019315955740293,b1,expanded,0.005487697351757549,2.5546809630910707,False
100000.0,1e+26,4096,power,stackexchange,0.17879225003832297,b1,expanded,0.09943242344369017,1.7981282548099138,False
100000.0,1e+26,4096,power,enron_emails,0.028266578775087738,b1,expanded,0.0022110330440804327,12.78433122054211,False
100000.0,1e+26,4096,power,gutenberg_pg_19,0.03560894712363423,b1,expanded,0.04691494424769629,0.7590107522163958,False
100000.0,1e+26,4096,power,pile_cc,0.010150454904200391,b1,expanded,0.11948759779117796,0.0849498616746802,False
100000.0,1e+26,4096,power,ubuntu_irc,0.04321231789043529,b1,expanded,0.019599998284382344,2.2047102894324073,False
100000.0,1e+26,4096,power,europarl,0.0011134506303470137,b1,expanded,0.012737064754468426,0.08741814945679632,False
100000.0,1e+26,4096,power,hackernews,0.034500775523384625,b1,expanded,0.01165082237856243,2.9612309245110646,False
100000.0,1e+26,4096,power,pubmed_abstracts,0.027951731568700743,b1,expanded,0.06618116611255062,0.42235175368721656,False
100000.0,1e+26,4096,power,uspto_backgrounds,0.02371608690418884,b1,expanded,0.07556475309321728,0.3138511797283647,False
100000.0,1e+26,8192,power,arxiv,0.14026837765240124,b1,expanded,0.11302252583217468,1.241065678010802,False
100000.0,1e+26,8192,power,freelaw,0.14299051889474862,b1,expanded,0.09682483215160405,1.476795938782113,False
100000.0,1e+26,8192,power,nih_exporter,0.029388059915596277,b1,expanded,0.005889680217640528,4.9897547625038055,False
100000.0,1e+26,8192,power,pubmed_central,0.16550808812090792,b1,expanded,0.11375419104995738,1.4549625520893714,False
100000.0,1e+26,8192,power,wikipedia_en,0.049916428843873754,b1,expanded,0.07507775607969777,0.6648630892868674,False
100000.0,1e+26,8192,power,dm_mathematics,0.01256932795969068,b1,expanded,0.02546285409735114,0.4936338994691976,False
100000.0,1e+26,8192,power,github,0.061765839965358164,b1,expanded,0.11070066006999096,0.5579536736845693,False
100000.0,1e+26,8192,power,philpapers,0.013983985703625579,b1,expanded,0.005487697351757549,2.5482428798933157,False
100000.0,1e+26,8192,power,stackexchange,0.17890111944817486,b1,expanded,0.09943242344369017,1.799223163352634,False
100000.0,1e+26,8192,power,enron_emails,0.028283447032460864,b1,expanded,0.0022110330440804327,12.791960350019975,False
100000.0,1e+26,8192,power,gutenberg_pg_19,0.03561620890421708,b1,expanded,0.04691494424769629,0.7591655383021366,False
100000.0,1e+26,8192,power,pile_cc,0.010167862847146228,b1,expanded,0.11948759779117796,0.08509554995754501,False
100000.0,1e+26,8192,power,ubuntu_irc,0.04322433642986669,b1,expanded,0.019599998284382344,2.2053234802733974,False
100000.0,1e+26,8192,power,europarl,0.0010182898760155042,b1,expanded,0.012737064754468426,0.07994698116442149,False
100000.0,1e+26,8192,power,hackernews,0.03450400641509218,b1,expanded,0.01165082237856243,2.9615082346959234,False
100000.0,1e+26,8192,power,pubmed_abstracts,0.0279535197065271,b1,expanded,0.06618116611255062,0.42237877251948247,False
100000.0,1e+26,8192,power,uspto_backgrounds,0.023940582284297133,b1,expanded,0.07556475309321728,0.3168220804581184,False
100000.0,1e+26,32768,power,arxiv,0.14056197963115954,b1,expanded,0.11302252583217468,1.2436634077695075,True
100000.0,1e+26,32768,power,freelaw,0.1428635980813521,b1,expanded,0.09682483215160405,1.475485109622112,True
100000.0,1e+26,32768,power,nih_exporter,0.029392230021441524,b1,expanded,0.005889680217640528,4.990462798541612,True
100000.0,1e+26,32768,power,pubmed_central,0.165493082007971,b1,expanded,0.11375419104995738,1.454830635077801,True
100000.0,1e+26,32768,power,wikipedia_en,0.049949084269862255,b1,expanded,0.07507775607969777,0.6652980440283736,True
100000.0,1e+26,32768,power,dm_mathematics,0.012526181096370336,b1,expanded,0.02546285409735114,0.4919393972285854,True
100000.0,1e+26,32768,power,github,0.0617075981938671,b1,expanded,0.11070066006999096,0.5574275542246289,True
100000.0,1e+26,32768,power,philpapers,0.014007066962384792,b1,expanded,0.005487697351757549,2.5524488805671357,True
100000.0,1e+26,32768,power,stackexchange,0.1788782679112113,b1,expanded,0.09943242344369017,1.7989933435798466,True
100000.0,1e+26,32768,power,enron_emails,0.028302653794162292,b1,expanded,0.0022110330440804327,12.800647131862902,True
100000.0,1e+26,32768,power,gutenberg_pg_19,0.03568170942394966,b1,expanded,0.04691494424769629,0.7605616929983195,True
100000.0,1e+26,32768,power,pile_cc,0.010108415847215405,b1,expanded,0.11948759779117796,0.08459803388868306,True
100000.0,1e+26,32768,power,ubuntu_irc,0.043210555730569394,b1,expanded,0.019599998284382344,2.204620383308931,True
100000.0,1e+26,32768,power,europarl,0.0011338967949524371,b1,expanded,0.012737064754468426,0.08902339878225418,True
100000.0,1e+26,32768,power,hackernews,0.034507131703408155,b1,expanded,0.01165082237856243,2.9617764808518108,True
100000.0,1e+26,32768,power,pubmed_abstracts,0.02802718557387848,b1,expanded,0.06618116611255062,0.42349186664698846,True
100000.0,1e+26,32768,power,uspto_backgrounds,0.02364936295624421,b1,expanded,0.07556475309321728,0.312968176142522,True
100000.0,1e+26,131072,power,arxiv,0.14009695562225988,b1,expanded,0.11302252583217468,1.2395489712403667,False
100000.0,1e+26,131072,power,freelaw,0.14288013375080494,b1,expanded,0.09682483215160405,1.475655888843572,False
100000.0,1e+26,131072,power,nih_exporter,0.02937719724431326,b1,expanded,0.005889680217640528,4.987910405784661,False
100000.0,1e+26,131072,power,pubmed_central,0.16552772860977427,b1,expanded,0.11375419104995738,1.455135209366304,False
100000.0,1e+26,131072,power,wikipedia_en,0.049883044467673825,b1,expanded,0.07507775607969777,0.6644184252752727,False
100000.0,1e+26,131072,power,dm_mathematics,0.012501950415381127,b1,expanded,0.02546285409735114,0.49098778823390754,False
100000.0,1e+26,131072,power,github,0.06181486080463037,b1,expanded,0.11070066006999096,0.5583964970538356,False
100000.0,1e+26,131072,power,philpapers,0.014174669088201104,b1,expanded,0.005487697351757549,2.5829903108015553,False
100000.0,1e+26,131072,power,stackexchange,0.17893090136391243,b1,expanded,0.09943242344369017,1.7995226825105317,False
100000.0,1e+26,131072,power,enron_emails,0.028305099553614706,b1,expanded,0.0022110330440804327,12.801753293283221,False
100000.0,1e+26,131072,power,gutenberg_pg_19,0.03553535985764073,b1,expanded,0.04691494424769629,0.7574422271510141,False
100000.0,1e+26,131072,power,pile_cc,0.010204593013925352,b1,expanded,0.11948759779117796,0.08540294727289915,False
100000.0,1e+26,131072,power,ubuntu_irc,0.043290134793431516,b1,expanded,0.019599998284382344,2.2086805399327982,False
100000.0,1e+26,131072,power,europarl,0.0011212403784444183,b1,expanded,0.012737064754468426,0.0880297305586881,False
100000.0,1e+26,131072,power,hackernews,0.034522430194917374,b1,expanded,0.01165082237856243,2.963089563397586,False
100000.0,1e+26,131072,power,pubmed_abstracts,0.027904956254967198,b1,expanded,0.06618116611255062,0.4216449768731907,False
100000.0,1e+26,131072,power,uspto_backgrounds,0.023928744586107612,b1,expanded,0.07556475309321728,0.3166654241110127,False
1000000.0,1e+27,2048,power,arxiv,0.14027457027841211,b1,expanded,0.11302252583217468,1.2411204690886448,False
1000000.0,1e+27,2048,power,freelaw,0.14289401613558578,b1,expanded,0.09682483215160405,1.4757992651291008,False
1000000.0,1e+27,2048,power,nih_exporter,0.029417002080781574,b1,expanded,0.005889680217640528,4.994668809466595,False
1000000.0,1e+27,2048,power,pubmed_central,0.16551551446331422,b1,expanded,0.11375419104995738,1.4550278362106663,False
1000000.0,1e+27,2048,power,wikipedia_en,0.04995200069905572,b1,expanded,0.07507775607969777,0.6653368894780213,False
1000000.0,1e+27,2048,power,dm_mathematics,0.012534551756604905,b1,expanded,0.02546285409735114,0.49226813729058183,False
1000000.0,1e+27,2048,power,github,0.0617740737118708,b1,expanded,0.11070066006999096,0.5580280521616933,False
1000000.0,1e+27,2048,power,philpapers,0.014087314740806083,b1,expanded,0.005487697351757549,2.567072095602052,False
1000000.0,1e+27,2048,power,stackexchange,0.17891229431304262,b1,expanded,0.09943242344369017,1.7993355498808987,False
1000000.0,1e+27,2048,power,enron_emails,0.028290166784634693,b1,expanded,0.0022110330440804327,12.794999541221491,False
1000000.0,1e+27,2048,power,gutenberg_pg_19,0.03548742372277818,b1,expanded,0.04691494424769629,0.7564204602997212,False
1000000.0,1e+27,2048,power,pile_cc,0.01016401095610275,b1,expanded,0.11948759779117796,0.08506331321402782,False
1000000.0,1e+27,2048,power,ubuntu_irc,0.04328881675285358,b1,expanded,0.019599998284382344,2.20861329295865,False
1000000.0,1e+27,2048,power,europarl,0.0011124500570208994,b1,expanded,0.012737064754468426,0.08733959342011108,False
1000000.0,1e+27,2048,power,hackernews,0.03459849886642681,b1,expanded,0.01165082237856243,2.96961860221028,False
1000000.0,1e+27,2048,power,pubmed_abstracts,0.02791449114739201,b1,expanded,0.06618116611255062,0.42178904946944257,False
1000000.0,1e+27,2048,power,uspto_backgrounds,0.02378280353331734,b1,expanded,0.07556475309321728,0.3147340864593137,False
1000000.0,1e+27,4096,power,arxiv,0.14025290858186007,b1,expanded,0.11302252583217468,1.2409288108648302,False
1000000.0,1e+27,4096,power,freelaw,0.14288870048134458,b1,expanded,0.09682483215160405,1.4757443654290643,False
1000000.0,1e+27,4096,power,nih_exporter,0.0294083466836523,b1,expanded,0.005889680217640528,4.993199222526484,False
1000000.0,1e+27,4096,power,pubmed_central,0.16552584420704447,b1,expanded,0.11375419104995738,1.455118643798808,False
1000000.0,1e+27,4096,power,wikipedia_en,0.04990203177998117,b1,expanded,0.07507775607969777,0.664671327243829,False
1000000.0,1e+27,4096,power,dm_mathematics,0.012513685836314289,b1,expanded,0.02546285409735114,0.49144867219013233,False
1000000.0,1e+27,4096,power,github,0.06173617556463688,b1,expanded,0.11070066006999096,0.5576857041828289,False
1000000.0,1e+27,4096,power,philpapers,0.014058054200791571,b1,expanded,0.005487697351757549,2.5617400705031934,False
1000000.0,1e+27,4096,power,stackexchange,0.178907157548138,b1,expanded,0.09943242344369017,1.7992838890168996,False
1000000.0,1e+27,4096,power,enron_emails,0.028294189586550375,b1,expanded,0.0022110330440804327,12.796818963109578,False
1000000.0,1e+27,4096,power,gutenberg_pg_19,0.03562372222357553,b1,expanded,0.04691494424769629,0.7593256859795756,False
1000000.0,1e+27,4096,power,pile_cc,0.010175659260128127,b1,expanded,0.11948759779117796,0.085160798678969,False
1000000.0,1e+27,4096,power,ubuntu_irc,0.04327479633800719,b1,expanded,0.019599998284382344,2.207897965607955,False
1000000.0,1e+27,4096,power,europarl,0.0010921522685462149,b1,expanded,0.012737064754468426,0.08574599325665398,False
1000000.0,1e+27,4096,power,hackernews,0.034541423351698346,b1,expanded,0.01165082237856243,2.964719762207922,False
1000000.0,1e+27,4096,power,pubmed_abstracts,0.027891995229241795,b1,expanded,0.06618116611255062,0.4214491352692008,False
1000000.0,1e+27,4096,power,uspto_backgrounds,0.023913156858489108,b1,expanded,0.07556475309321728,0.31645914106262807,False
1000000.0,1e+27,8192,power,arxiv,0.13959399457361132,b1,expanded,0.11302252583217468,1.235098875607259,False
1000000.0,1e+27,8192,power,freelaw,0.1428540540132735,b1,expanded,0.09682483215160405,1.4753865391638266,False
1000000.0,1e+27,8192,power,nih_exporter,0.029455283048628732,b1,expanded,0.005889680217640528,5.001168477773288,False
1000000.0,1e+27,8192,power,pubmed_central,0.16549604890502811,b1,expanded,0.11375419104995738,1.4548567167283295,False
1000000.0,1e+27,8192,power,wikipedia_en,0.050163141943562334,b1,expanded,0.07507775607969777,0.6681491904248221,False
1000000.0,1e+27,8192,power,dm_mathematics,0.012633945301487322,b1,expanded,0.02546285409735114,0.49617160956051704,False
1000000.0,1e+27,8192,power,github,0.061993466594369544,b1,expanded,0.11070066006999096,0.560009909201751,False
1000000.0,1e+27,8192,power,philpapers,0.013989184737349857,b1,expanded,0.005487697351757549,2.5491902779349758,False
1000000.0,1e+27,8192,power,stackexchange,0.17908682082262425,b1,expanded,0.09943242344369017,1.8010907772356908,False
1000000.0,1e+27,8192,power,enron_emails,0.028384522398302508,b1,expanded,0.0022110330440804327,12.837674441047358,False
1000000.0,1e+27,8192,power,gutenberg_pg_19,0.035583763472324816,b1,expanded,0.04691494424769629,0.7584739584140532,False
1000000.0,1e+27,8192,power,pile_cc,0.010275235006970918,b1,expanded,0.11948759779117796,0.08599415501622514,False
1000000.0,1e+27,8192,power,ubuntu_irc,0.04316107279025762,b1,expanded,0.019599998284382344,2.20209574327612,False
1000000.0,1e+27,8192,power,europarl,0.001068715609290344,b1,expanded,0.012737064754468426,0.08390595713313119,False
1000000.0,1e+27,8192,power,hackernews,0.03460394611594395,b1,expanded,0.01165082237856243,2.970086144272132,False
1000000.0,1e+27,8192,power,pubmed_abstracts,0.027975896762901745,b1,expanded,0.06618116611255062,0.4227168907136616,False
1000000.0,1e+27,8192,power,uspto_backgrounds,0.02368090790407315,b1,expanded,0.07556475309321728,0.3133856319871805,False
1000000.0,1e+27,32768,power,arxiv,0.1402671010579073,b1,expanded,0.11302252583217468,1.2410543829659908,False
1000000.0,1e+27,32768,power,freelaw,0.14288079062775266,b1,expanded,0.09682483215160405,1.4756626730221047,False
1000000.0,1e+27,32768,power,nih_exporter,0.029385991519793993,b1,expanded,0.005889680217640528,4.989403572672465,False
1000000.0,1e+27,32768,power,pubmed_central,0.1655080623063074,b1,expanded,0.11375419104995738,1.4549623251561896,False
1000000.0,1e+27,32768,power,wikipedia_en,0.04991664902756306,b1,expanded,0.07507775607969777,0.6648660220288779,False
1000000.0,1e+27,32768,power,dm_mathematics,0.012566924532064636,b1,expanded,0.02546285409735114,0.4935395099079624,False
1000000.0,1e+27,32768,power,github,0.06176637256588955,b1,expanded,0.11070066006999096,0.5579584848621273,False
1000000.0,1e+27,32768,power,philpapers,0.01398406710516871,b1,expanded,0.005487697351757549,2.5482577133540394,False
1000000.0,1e+27,32768,power,stackexchange,0.1789012892423408,b1,expanded,0.09943242344369017,1.7992248709864227,False
1000000.0,1e+27,32768,power,enron_emails,0.028283535517703736,b1,expanded,0.0022110330440804327,12.792000369884494,False
1000000.0,1e+27,32768,power,gutenberg_pg_19,0.03561416783658523,b1,expanded,0.04691494424769629,0.759122032599112,False
1000000.0,1e+27,32768,power,pile_cc,0.010166891876759124,b1,expanded,0.11948759779117796,0.0850874238389766,False
1000000.0,1e+27,32768,power,ubuntu_irc,0.043224083389235925,b1,expanded,0.019599998284382344,2.2053105700360036,False
1000000.0,1e+27,32768,power,europarl,0.0010077378181798016,b1,expanded,0.012737064754468426,0.07911852829563941,False
1000000.0,1e+27,32768,power,hackernews,0.0345039086379991,b1,expanded,0.01165082237856243,2.9614998424048125,False
1000000.0,1e+27,32768,power,pubmed_abstracts,0.02795631603339312,b1,expanded,0.06618116611255062,0.4224210251274414,False
1000000.0,1e+27,32768,power,uspto_backgrounds,0.024066110905355886,b1,expanded,0.07556475309321728,0.3184832864558922,False
1000000.0,1e+27,131072,power,arxiv,0.14026613271391652,b1,expanded,0.11302252583217468,1.2410458152580615,True
1000000.0,1e+27,131072,power,freelaw,0.1428802258212006,b1,expanded,0.09682483215160405,1.475656839740089,True
1000000.0,1e+27,131072,power,nih_exporter,0.029387145804415045,b1,expanded,0.005889680217640528,4.989599556932798,True
1000000.0,1e+27,131072,power,pubmed_central,0.16550822900200074,b1,expanded,0.11375419104995738,1.4549637905588424,True
1000000.0,1e+27,131072,power,wikipedia_en,0.04991605059374771,b1,expanded,0.07507775607969777,0.6648580511751044,True
1000000.0,1e+27,131072,power,dm_mathematics,0.012569010129154411,b1,expanded,0.02546285409735114,0.4936214173438611,True
1000000.0,1e+27,131072,power,github,0.061766445276400433,b1,expanded,0.11070066006999096,0.5579591416830607,True
1000000.0,1e+27,131072,power,philpapers,0.013984486804567701,b1,expanded,0.005487697351757549,2.5483341934097146,True
1000000.0,1e+27,131072,power,stackexchange,0.1789008694893291,b1,expanded,0.09943242344369017,1.7992206494961163,True
1000000.0,1e+27,131072,power,enron_emails,0.028282972854566813,b1,expanded,0.0022110330440804327,12.791745890134212,True
1000000.0,1e+27,131072,power,gutenberg_pg_19,0.035615688013936164,b1,expanded,0.04691494424769629,0.7591544354373828,True
1000000.0,1e+27,131072,power,pile_cc,0.010167341156761146,b1,expanded,0.11948759779117796,0.08509118389449975,True
1000000.0,1e+27,131072,power,ubuntu_irc,0.04322395520696699,b1,expanded,0.019599998284382344,2.205304030123751,True
1000000.0,1e+27,131072,power,europarl,0.0010077382813836776,b1,expanded,0.012737064754468426,0.07911856466225016,True
1000000.0,1e+27,131072,power,hackernews,0.03450310355373151,b1,expanded,0.01165082237856243,2.9614307413369714,True
1000000.0,1e+27,131072,power,pubmed_abstracts,0.027953113601271447,b1,expanded,0.06618116611255062,0.42237263625323773,True
1000000.0,1e+27,131072,power,uspto_backgrounds,0.02406749169665002,b1,expanded,0.07556475309321728,0.3185015594103797,True
0.01,1e+19,2048,logarithmic,arxiv,0.9766351730142309,b1,expanded,0.11302252583217468,8.641066599983978,False
0.01,1e+19,2048,logarithmic,freelaw,0.0028686636570554786,b1,expanded,0.09682483215160405,0.029627354814969902,False
0.01,1e+19,2048,logarithmic,nih_exporter,0.0010445473617583829,b1,expanded,0.005889680217640528,0.17735213511759051,False
0.01,1e+19,2048,logarithmic,pubmed_central,0.003203051527980781,b1,expanded,0.11375419104995738,0.0281576572996251,False
0.01,1e+19,2048,logarithmic,wikipedia_en,0.0011535505307247,b1,expanded,0.07507775607969777,0.015364744379149586,False
0.01,1e+19,2048,logarithmic,dm_mathematics,0.001024946519753553,b1,expanded,0.02546285409735114,0.0402526172374438,False
0.01,1e+19,2048,logarithmic,github,0.0010096576641711722,b1,expanded,0.11070066006999096,0.009120611056273846,False
0.01,1e+19,2048,logarithmic,philpapers,0.0010193680995178526,b1,expanded,0.005487697351757549,0.1857551599837004,False
0.01,1e+19,2048,logarithmic,stackexchange,0.0034358223391452473,b1,expanded,0.09943242344369017,0.03455434575715633,False
0.01,1e+19,2048,logarithmic,enron_emails,0.0010180392643328717,b1,expanded,0.0022110330440804327,0.4604360242640668,False
0.01,1e+19,2048,logarithmic,gutenberg_pg_19,0.0011015724997559388,b1,expanded,0.04691494424769629,0.023480204813629942,False
0.01,1e+19,2048,logarithmic,pile_cc,0.0010261836270545658,b1,expanded,0.11948759779117796,0.008588202006102521,False
0.01,1e+19,2048,logarithmic,ubuntu_irc,0.0010364600542002494,b1,expanded,0.019599998284382344,0.052880619638937455,False
0.01,1e+19,2048,logarithmic,europarl,0.0010055031310408642,b1,expanded,0.012737064754468426,0.07894308071945012,False
0.01,1e+19,2048,logarithmic,hackernews,0.0010245713854492204,b1,expanded,0.01165082237856243,0.0879398339583682,False
0.01,1e+19,2048,logarithmic,pubmed_abstracts,0.0010656001847992914,b1,expanded,0.06618116611255062,0.016101260334202703,False
0.01,1e+19,2048,logarithmic,uspto_backgrounds,0.0013272891390291484,b1,expanded,0.07556475309321728,0.017564923918851345,False
0.01,1e+19,4096,logarithmic,arxiv,0.9770017685319318,b1,expanded,0.11302252583217468,8.644310161521837,True
0.01,1e+19,4096,logarithmic,freelaw,0.0024586161015032366,b1,expanded,0.09682483215160405,0.025392412740294183,True
0.01,1e+19,4096,logarithmic,nih_exporter,0.0010227078258422159,b1,expanded,0.005889680217640528,0.17364403296108394,True
0.01,1e+19,4096,logarithmic,pubmed_central,0.0031343866490409337,b1,expanded,0.11375419104995738,0.02755403225244164,True
0.01,1e+19,4096,logarithmic,wikipedia_en,0.0011416713772922002,b1,expanded,0.07507775607969777,0.015206519705787083,True
0.01,1e+19,4096,logarithmic,dm_mathematics,0.001035897065127704,b1,expanded,0.02546285409735114,0.04068267685810864,True
0.01,1e+19,4096,logarithmic,github,0.001012770531837683,b1,expanded,0.11070066006999096,0.0091487307410575,True
0.01,1e+19,4096,logarithmic,philpapers,0.001018456030784086,b1,expanded,0.005487697351757549,0.1855889575356965,True
0.01,1e+19,4096,logarithmic,stackexchange,0.00353198003114101,b1,expanded,0.09943242344369017,0.03552141151564323,True
0.01,1e+19,4096,logarithmic,enron_emails,0.0010091957306598573,b1,expanded,0.0022110330440804327,0.45643629495351173,True
0.01,1e+19,4096,logarithmic,gutenberg_pg_19,0.001086121460155085,b1,expanded,0.04691494424769629,0.02315086328187245,True
0.01,1e+19,4096,logarithmic,pile_cc,0.0010295057150522234,b1,expanded,0.11948759779117796,0.008616004791153598,True
0.01,1e+19,4096,logarithmic,ubuntu_irc,0.0010680199067600803,b1,expanded,0.019599998284382344,0.054490816339055455,True
0.01,1e+19,4096,logarithmic,europarl,0.0010109817238251107,b1,expanded,0.012737064754468426,0.0793732106504709,True
0.01,1e+19,4096,logarithmic,hackernews,0.0010413145173867472,b1,expanded,0.01165082237856243,0.08937691122154355,True
0.01,1e+19,4096,logarithmic,pubmed_abstracts,0.0010691946835509488,b1,expanded,0.06618116611255062,0.016155573350469965,True
0.01,1e+19,4096,logarithmic,uspto_backgrounds,0.001327412118109221,b1,expanded,0.07556475309321728,0.017566551385031524,True
0.01,1e+19,8192,logarithmic,arxiv,0.9768143285030593,b1,expanded,0.11302252583217468,8.64265173080201,False
0.01,1e+19,8192,logarithmic,freelaw,0.002838096707838189,b1,expanded,0.09682483215160405,0.0293116615311496,False
0.01,1e+19,8192,logarithmic,nih_exporter,0.001022285524133123,b1,expanded,0.005889680217640528,0.17357233098517222,False
0.01,1e+19,8192,logarithmic,pubmed_central,0.003186064915652005,b1,expanded,0.11375419104995738,0.028008329945863553,False
0.01,1e+19,8192,logarithmic,wikipedia_en,0.001135073284160027,b1,expanded,0.07507775607969777,0.015118636243671234,False
0.01,1e+19,8192,logarithmic,dm_mathematics,0.0010298699485457212,b1,expanded,0.02546285409735114,0.040445974540334696,False
0.01,1e+19,8192,logarithmic,github,0.0010108594531418101,b1,expanded,0.11070066006999096,0.00913146726047243,False
0.01,1e+19,8192,logarithmic,philpapers,0.0010178418967130899,b1,expanded,0.005487697351757549,0.1854770464677876,False
0.01,1e+19,8192,logarithmic,stackexchange,0.003337430348231953,b1,expanded,0.09943242344369017,0.03356480947205296,False
0.01,1e+19,8192,logarithmic,enron_emails,0.0010091811263431422,b1,expanded,0.0022110330440804327,0.4564296897529453,False
0.01,1e+19,8192,logarithmic,gutenberg_pg_19,0.001077665755300554,b1,expanded,0.04691494424769629,0.022970628497623588,False
0.01,1e+19,8192,logarithmic,pile_cc,0.001020904916793329,b1,expanded,0.11948759779117796,0.008544024113511007,False
0.01,1e+19,8192,logarithmic,ubuntu_irc,0.0010662129974049312,b1,expanded,0.019599998284382344,0.05439862707817226,False
0.01,1e+19,8192,logarithmic,europarl,0.0010081709491077363,b1,expanded,0.012737064754468426,0.07915253384843231,False
0.01,1e+19,8192,logarithmic,hackernews,0.0010404124263092283,b1,expanded,0.01165082237856243,0.08929948397664977,False
0.01,1e+19,8192,logarithmic,pubmed_abstracts,0.0010582520082814293,b1,expanded,0.06618116611255062,0.015990229100552852,False
0.01,1e+19,8192,logarithmic,uspto_backgrounds,0.001327349238984769,b1,expanded,0.07556475309321728,0.017565719262621564,False
0.01,1e+19,32768,logarithmic,arxiv,0.9817605187914054,b1,expanded,0.11302252583217468,8.686414602423643,False
0.01,1e+19,32768,logarithmic,freelaw,0.001277241221109584,b1,expanded,0.09682483215160405,0.013191256754359625,False
0.01,1e+19,32768,logarithmic,nih_exporter,0.0010252588860311083,b1,expanded,0.005889680217640528,0.17407717365711894,False
0.01,1e+19,32768,logarithmic,pubmed_central,0.0013078161457880323,b1,expanded,0.11375419104995738,0.011496861203238475,False
0.01,1e+19,32768,logarithmic,wikipedia_en,0.0011891092952741296,b1,expanded,0.07507775607969777,0.015838370209304696,False
0.01,1e+19,32768,logarithmic,dm_mathematics,0.0010848373922768976,b1,expanded,0.02546285409735114,0.04260470519641203,False
0.01,1e+19,32768,logarithmic,github,0.0010767782930609857,b1,expanded,0.11070066006999096,0.009726936518537361,False
0.01,1e+19,32768,logarithmic,philpapers,0.0010231209714718845,b1,expanded,0.005487697351757549,0.18643903005041063,False
0.01,1e+19,32768,logarithmic,stackexchange,0.0013016171067777968,b1,expanded,0.09943242344369017,0.013090469503792381,False
0.01,1e+19,32768,logarithmic,enron_emails,0.001009616537016419,b1,expanded,0.0022110330440804327,0.4566266161057389,False
0.01,1e+19,32768,logarithmic,gutenberg_pg_19,0.001142278204603093,b1,expanded,0.04691494424769629,0.024347853821848748,False
0.01,1e+19,32768,logarithmic,pile_cc,0.0011458013967010465,b1,expanded,0.11948759779117796,0.00958929142339527,False
0.01,1e+19,32768,logarithmic,ubuntu_irc,0.0010782595994523496,b1,expanded,0.019599998284382344,0.05501324968541082,False
0.01,1e+19,32768,logarithmic,europarl,0.001041165717268486,b1,expanded,0.012737064754468426,0.08174298689211135,False
0.01,1e+19,32768,logarithmic,hackernews,0.0010485352496939497,b1,expanded,0.01165082237856243,0.0899966728205607,False
0.01,1e+19,32768,logarithmic,pubmed_abstracts,0.0011590366862788022,b1,expanded,0.06618116611255062,0.017513089514132964,False
0.01,1e+19,32768,logarithmic,uspto_backgrounds,0.0013290085057901533,b1,expanded,0.07556475309321728,0.01758767747379096,False
0.01,1e+19,131072,logarithmic,arxiv,0.9770115664521194,b1,expanded,0.11302252583217468,8.644396851499037,False
0.01,1e+19,131072,logarithmic,freelaw,0.0023355269326788787,b1,expanded,0.09682483215160405,0.024121156533708353,False
0.01,1e+19,131072,logarithmic,nih_exporter,0.0010224956777531318,b1,expanded,0.005889680217640528,0.17360801265416664,False
0.01,1e+19,131072,logarithmic,pubmed_central,0.003230788768522171,b1,expanded,0.11375419104995738,0.028401492188567426,False
0.01,1e+19,131072,logarithmic,wikipedia_en,0.0011356146084588997,b1,expanded,0.07507775607969777,0.015125846425849535,False
0.01,1e+19,131072,logarithmic,dm_mathematics,0.0010302618889496803,b1,expanded,0.02546285409735114,0.04046136717473697,False
0.01,1e+19,131072,logarithmic,github,0.0010082333085737268,b1,expanded,0.11070066006999096,0.009107744325429198,False
0.01,1e+19,131072,logarithmic,philpapers,0.0010181183781880069,b1,expanded,0.005487697351757549,0.18552742852372012,False
0.01,1e+19,131072,logarithmic,stackexchange,0.003599441389839649,b1,expanded,0.09943242344369017,0.03619987590746048,False
0.01,1e+19,131072,logarithmic,enron_emails,0.0010091760672477797,b1,expanded,0.0022110330440804327,0.4564274016390811,False
0.01,1e+19,131072,logarithmic,gutenberg_pg_19,0.0010791314678304333,b1,expanded,0.04691494424769629,0.023001870408988562,False
0.01,1e+19,131072,logarithmic,pile_cc,0.0010184453218138971,b1,expanded,0.11948759779117796,0.00852343959239836,False
0.01,1e+19,131072,logarithmic,ubuntu_irc,0.001066600394269699,b1,expanded,0.019599998284382344,0.05441839222606395,False
0.01,1e+19,131072,logarithmic,europarl,0.0010078879025419026,b1,expanded,0.012737064754468426,0.07913031157263409,False
0.01,1e+19,131072,logarithmic,hackernews,0.0010407476048332443,b1,expanded,0.01165082237856243,0.08932825263461446,False
0.01,1e+19,131072,logarithmic,pubmed_abstracts,0.0010585484313595124,b1,expanded,0.06618116611255062,0.015994708064818595,False
0.01,1e+19,131072,logarithmic,uspto_backgrounds,0.001327415405019744,b1,expanded,0.07556475309321728,0.01756659488296394,False
10.0,1e+22,2048,logarithmic,arxiv,0.14479879968470663,b1,expanded,0.11302252583217468,1.2811499178466073,False
10.0,1e+22,2048,logarithmic,freelaw,0.14320118934125226,b1,expanded,0.09682483215160405,1.4789717282136277,False
10.0,1e+22,2048,logarithmic,nih_exporter,0.03028498133726713,b1,expanded,0.005889680217640528,5.142041709931687,False
10.0,1e+22,2048,logarithmic,pubmed_central,0.16446473701757086,b1,expanded,0.11375419104995738,1.4457905726334335,False
10.0,1e+22,2048,logarithmic,wikipedia_en,0.04994201490617727,b1,expanded,0.07507775607969777,0.6652038834666556,False
10.0,1e+22,2048,logarithmic,dm_mathematics,0.011634019839638098,b1,expanded,0.02546285409735114,0.45690164170749287,False
10.0,1e+22,2048,logarithmic,github,0.0601514943074396,b1,expanded,0.11070066006999096,0.5433706923645131,False
10.0,1e+22,2048,logarithmic,philpapers,0.013487264162465398,b1,expanded,0.005487697351757549,2.457727403306201,False
10.0,1e+22,2048,logarithmic,stackexchange,0.1788781899755831,b1,expanded,0.09943242344369017,1.7989925597748713,False
10.0,1e+22,2048,logarithmic,enron_emails,0.027957301927360477,b1,expanded,0.0022110330440804327,12.644452330647054,False
10.0,1e+22,2048,logarithmic,gutenberg_pg_19,0.03563058535208413,b1,expanded,0.04691494424769629,0.7594719747286865,False
10.0,1e+22,2048,logarithmic,pile_cc,0.01063386254251154,b1,expanded,0.11948759779117796,0.08899553375485687,False
10.0,1e+22,2048,logarithmic,ubuntu_irc,0.04378420913107558,b1,expanded,0.019599998284382344,2.233888416508877,False
10.0,1e+22,2048,logarithmic,europarl,0.0012035209611088865,b1,expanded,0.012737064754468426,0.09448966338077747,False
10.0,1e+22,2048,logarithmic,hackernews,0.03386141517637005,b1,expanded,0.01165082237856243,2.9063540818092997,False
10.0,1e+22,2048,logarithmic,pubmed_abstracts,0.02711488960404385,b1,expanded,0.06618116611255062,0.40970703897738925,False
10.0,1e+22,2048,logarithmic,uspto_backgrounds,0.022971524733344906,b1,expanded,0.07556475309321728,0.30399787987141375,False
10.0,1e+22,4096,logarithmic,arxiv,0.14456695828899588,b1,expanded,0.11302252583217468,1.279098632989861,False
10.0,1e+22,4096,logarithmic,freelaw,0.14253267818364682,b1,expanded,0.09682483215160405,1.4720673923862366,False
10.0,1e+22,4096,logarithmic,nih_exporter,0.02843576602465612,b1,expanded,0.005889680217640528,4.8280662062918935,False
10.0,1e+22,4096,logarithmic,pubmed_central,0.16501300291979473,b1,expanded,0.11375419104995738,1.4506103150724885,False
10.0,1e+22,4096,logarithmic,wikipedia_en,0.05001010079848335,b1,expanded,0.07507775607969777,0.666110755166894,False
10.0,1e+22,4096,logarithmic,dm_mathematics,0.011284529835135147,b1,expanded,0.02546285409735114,0.4431761573934894,False
10.0,1e+22,4096,logarithmic,github,0.0616040692034497,b1,expanded,0.11070066006999096,0.5564923385687155,False
10.0,1e+22,4096,logarithmic,philpapers,0.013854149921895105,b1,expanded,0.005487697351757549,2.5245834516471697,False
10.0,1e+22,4096,logarithmic,stackexchange,0.17727429989052454,b1,expanded,0.09943242344369017,1.7828621062516614,False
10.0,1e+22,4096,logarithmic,enron_emails,0.02829814538252796,b1,expanded,0.0022110330440804327,12.798608079734576,False
10.0,1e+22,4096,logarithmic,gutenberg_pg_19,0.035969336282079135,b1,expanded,0.04691494424769629,0.7666925083012408,False
10.0,1e+22,4096,logarithmic,pile_cc,0.00877117513326128,b1,expanded,0.11948759779117796,0.07340657353067044,False
10.0,1e+22,4096,logarithmic,ubuntu_irc,0.0430329258915215,b1,expanded,0.019599998284382344,2.1955576356254562,False
10.0,1e+22,4096,logarithmic,europarl,0.0012789906366127927,b1,expanded,0.012737064754468426,0.10041486490551885,False
10.0,1e+22,4096,logarithmic,hackernews,0.03506846622660703,b1,expanded,0.01165082237856243,3.009956300692832,False
10.0,1e+22,4096,logarithmic,pubmed_abstracts,0.02794724568894568,b1,expanded,0.06618116611255062,0.42228397186923783,False
10.0,1e+22,4096,logarithmic,uspto_backgrounds,0.025058159691863133,b1,expanded,0.07556475309321728,0.33161174576923697,False
10.0,1e+22,8192,logarithmic,arxiv,0.14594836359259244,b1,expanded,0.11302252583217468,1.2913210222297529,True
10.0,1e+22,8192,logarithmic,freelaw,0.14188417238641896,b1,expanded,0.09682483215160405,1.4653696705021184,True
10.0,1e+22,8192,logarithmic,nih_exporter,0.029133940928119287,b1,expanded,0.005889680217640528,4.946608279488333,True
10.0,1e+22,8192,logarithmic,pubmed_central,0.16427203087494505,b1,expanded,0.11375419104995738,1.4440965151147862,True
10.0,1e+22,8192,logarithmic,wikipedia_en,0.04983751522467909,b1,expanded,0.07507775607969777,0.663811997414717,True
10.0,1e+22,8192,logarithmic,dm_mathematics,0.012172567291928369,b1,expanded,0.02546285409735114,0.47805195935182543,True
10.0,1e+22,8192,logarithmic,github,0.05930377357084234,b1,expanded,0.11070066006999096,0.5357129174599978,True
10.0,1e+22,8192,logarithmic,philpapers,0.014070426526390633,b1,expanded,0.005487697351757549,2.563994627342976,True
10.0,1e+22,8192,logarithmic,stackexchange,0.17743693297649102,b1,expanded,0.09943242344369017,1.784497720474205,True
10.0,1e+22,8192,logarithmic,enron_emails,0.028404285256724057,b1,expanded,0.0022110330440804327,12.84661273279947,True
10.0,1e+22,8192,logarithmic,gutenberg_pg_19,0.035193725805498365,b1,expanded,0.04691494424769629,0.7501602393405065,True
10.0,1e+22,8192,logarithmic,pile_cc,0.010320791586784638,b1,expanded,0.11948759779117796,0.08637542119494049,True
10.0,1e+22,8192,logarithmic,ubuntu_irc,0.042985627223957684,b1,expanded,0.019599998284382344,2.193144438089541,True
10.0,1e+22,8192,logarithmic,europarl,0.001208121877300413,b1,expanded,0.012737064754468426,0.09485088602353056,True
10.0,1e+22,8192,logarithmic,hackernews,0.034346142296821806,b1,expanded,0.01165082237856243,2.947958623077018,True
10.0,1e+22,8192,logarithmic,pubmed_abstracts,0.02776510092716239,b1,expanded,0.06618116611255062,0.4195317574178707,True
10.0,1e+22,8192,logarithmic,uspto_backgrounds,0.025716481653343455,b1,expanded,0.07556475309321728,0.34032377002038766,True
10.0,1e+22,32768,logarithmic,arxiv,0.9770641969230712,b1,expanded,0.11302252583217468,8.64486251505207,False
10.0,1e+22,32768,logarithmic,freelaw,0.0023149542331351936,b1,expanded,0.09682483215160405,0.023908683151761527,False
10.0,1e+22,32768,logarithmic,nih_exporter,0.001022227626334027,b1,expanded,0.005889680217640528,0.17356250060441192,False
10.0,1e+22,32768,logarithmic,pubmed_central,0.003199727068980133,b1,expanded,0.11375419104995738,0.028128432363207702,False
10.0,1e+22,32768,logarithmic,wikipedia_en,0.0011283672115623127,b1,expanded,0.07507775607969777,0.015029314546435163,False
10.0,1e+22,32768,logarithmic,dm_mathematics,0.0010290952534541431,b1,expanded,0.02546285409735114,0.040415550021205136,False
10.0,1e+22,32768,logarithmic,github,0.0010056428796429465,b1,expanded,0.11070066006999096,0.009084344022945523,False
10.0,1e+22,32768,logarithmic,philpapers,0.0010179494903265248,b1,expanded,0.005487697351757549,0.18549665279928482,False
10.0,1e+22,32768,logarithmic,stackexchange,0.003620104490243301,b1,expanded,0.09943242344369017,0.036407686395106435,False
10.0,1e+22,32768,logarithmic,enron_emails,0.0010090898051894894,b1,expanded,0.0022110330440804327,0.456388387270426,False
10.0,1e+22,32768,logarithmic,gutenberg_pg_19,0.001076085798308327,b1,expanded,0.04691494424769629,0.022936951446151772,False
10.0,1e+22,32768,logarithmic,pile_cc,0.0010162813120363971,b1,expanded,0.11948759779117796,0.008505328844358367,False
10.0,1e+22,32768,logarithmic,ubuntu_irc,0.0010659695814659292,b1,expanded,0.019599998284382344,0.05438620789652386,False
10.0,1e+22,32768,logarithmic,europarl,0.0010075845585829008,b1,expanded,0.012737064754468426,0.07910649572770832,False
10.0,1e+22,32768,logarithmic,hackernews,0.0010401252777638022,b1,expanded,0.01165082237856243,0.08927483777262263,False
10.0,1e+22,32768,logarithmic,pubmed_abstracts,0.0010551654294023798,b1,expanded,0.06618116611255062,0.015943590773361695,False
10.0,1e+22,32768,logarithmic,uspto_backgrounds,0.0013274330605013683,b1,expanded,0.07556475309321728,0.017566828530013675,False
10.0,1e+22,131072,logarithmic,arxiv,0.14598269969731556,b1,expanded,0.11302252583217468,1.29162482100323,False
10.0,1e+22,131072,logarithmic,freelaw,0.1424056039291408,b1,expanded,0.09682483215160405,1.4707549784973384,False
10.0,1e+22,131072,logarithmic,nih_exporter,0.028059059633688214,b1,expanded,0.005889680217640528,4.764105791286744,False
10.0,1e+22,131072,logarithmic,pubmed_central,0.164584683672678,b1,expanded,0.11375419104995738,1.446845009872185,False
10.0,1e+22,131072,logarithmic,wikipedia_en,0.048158707090565744,b1,expanded,0.07507775607969777,0.641451071598937,False
10.0,1e+22,131072,logarithmic,dm_mathematics,0.011618162761257711,b1,expanded,0.02546285409735114,0.45627888833036706,False
10.0,1e+22,131072,logarithmic,github,0.059013163307868884,b1,expanded,0.11070066006999096,0.5330877274856135,False
10.0,1e+22,131072,logarithmic,philpapers,0.019152947737468888,b1,expanded,0.005487697351757549,3.490161083926168,False
10.0,1e+22,131072,logarithmic,stackexchange,0.17713595243126717,b1,expanded,0.09943242344369017,1.7814707345595522,False
10.0,1e+22,131072,logarithmic,enron_emails,0.0272677057326538,b1,expanded,0.0022110330440804327,12.332563642889571,False
10.0,1e+22,131072,logarithmic,gutenberg_pg_19,0.03544612267750881,b1,expanded,0.04691494424769629,0.7555401215093495,False
10.0,1e+22,131072,logarithmic,pile_cc,0.010165458671814911,b1,expanded,0.11948759779117796,0.08507542924731432,False
10.0,1e+22,131072,logarithmic,ubuntu_irc,0.04275807116990964,b1,expanded,0.019599998284382344,2.181534434315746,False
10.0,1e+22,131072,logarithmic,europarl,0.0011703992608617538,b1,expanded,0.012737064754468426,0.09188924476898443,False
10.0,1e+22,131072,logarithmic,hackernews,0.0346895162308074,b1,expanded,0.01165082237856243,2.977430700053953,False
10.0,1e+22,131072,logarithmic,pubmed_abstracts,0.024769459588633788,b1,expanded,0.06618116611255062,0.3742675000091378,False
10.0,1e+22,131072,logarithmic,uspto_backgrounds,0.02762228640655888,b1,expanded,0.07556475309321728,0.36554458627667064,False
1000.0,1e+24,2048,logarithmic,arxiv,0.14545205011349363,b1,expanded,0.11302252583217468,1.2869297429210973,False
1000.0,1e+24,2048,logarithmic,freelaw,0.14235905428838816,b1,expanded,0.09682483215160405,1.4702742171087746,False
1000.0,1e+24,2048,logarithmic,nih_exporter,0.029449237026717895,b1,expanded,0.005889680217640528,5.000141932750907,False
1000.0,1e+24,2048,logarithmic,pubmed_central,0.16483278326531658,b1,expanded,0.11375419104995738,1.4490260248339073,False
1000.0,1e+24,2048,logarithmic,wikipedia_en,0.0500671178292111,b1,expanded,0.07507775607969777,0.6668701948958494,False
1000.0,1e+24,2048,logarithmic,dm_mathematics,0.012184549420533354,b1,expanded,0.02546285409735114,0.47852253223258634,False
1000.0,1e+24,2048,logarithmic,github,0.060571106412036155,b1,expanded,0.11070066006999096,0.5471612036797234,False
1000.0,1e+24,2048,logarithmic,philpapers,0.01342417405004518,b1,expanded,0.005487697351757549,2.4462307575591447,False
1000.0,1e+24,2048,logarithmic,stackexchange,0.17885233369134598,b1,expanded,0.09943242344369017,1.7987325210134528,False
1000.0,1e+24,2048,logarithmic,enron_emails,0.028017663087255153,b1,expanded,0.0022110330440804327,12.67175231155701,False
1000.0,1e+24,2048,logarithmic,gutenberg_pg_19,0.036060495402880276,b1,expanded,0.04691494424769629,0.7686355804345008,False
1000.0,1e+24,2048,logarithmic,pile_cc,0.009763022410616277,b1,expanded,0.11948759779117796,0.0817074122427215,False
1000.0,1e+24,2048,logarithmic,ubuntu_irc,0.043038966219932834,b1,expanded,0.019599998284382344,2.195865815673418,False
1000.0,1e+24,2048,logarithmic,europarl,0.0010690398498520797,b1,expanded,0.012737064754468426,0.08393141359174125,False
1000.0,1e+24,2048,logarithmic,hackernews,0.03435071440141122,b1,expanded,0.01165082237856243,2.9483510507049444,False
1000.0,1e+24,2048,logarithmic,pubmed_abstracts,0.027463969924527414,b1,expanded,0.06618116611255062,0.41498165622861605,False
1000.0,1e+24,2048,logarithmic,uspto_backgrounds,0.023043722606436695,b1,expanded,0.07556475309321728,0.30495332364825933,False
1000.0,1e+24,4096,logarithmic,arxiv,0.140600404303714,b1,expanded,0.11302252583217468,1.2440033813479738,False
1000.0,1e+24,4096,logarithmic,freelaw,0.1420091630039758,b1,expanded,0.09682483215160405,1.4666605647363697,False
1000.0,1e+24,4096,logarithmic,nih_exporter,0.02950962452466449,b1,expanded,0.005889680217640528,5.01039503575737,False
1000.0,1e+24,4096,logarithmic,pubmed_central,0.16626082924564545,b1,expanded,0.11375419104995738,1.461579812673704,False
1000.0,1e+24,4096,logarithmic,wikipedia_en,0.0499017747773584,b1,expanded,0.07507775607969777,0.6646679040911379,False
1000.0,1e+24,4096,logarithmic,dm_mathematics,0.012545731896293613,b1,expanded,0.02546285409735114,0.4927072137446966,False
1000.0,1e+24,4096,logarithmic,github,0.06144298419883459,b1,expanded,0.11070066006999096,0.5550371981520887,False
1000.0,1e+24,4096,logarithmic,philpapers,0.013981777012878827,b1,expanded,0.005487697351757549,2.5478403994711685,False
1000.0,1e+24,4096,logarithmic,stackexchange,0.17826164423744173,b1,expanded,0.09943242344369017,1.7927919089530542,False
1000.0,1e+24,4096,logarithmic,enron_emails,0.028427732424494184,b1,expanded,0.0022110330440804327,12.857217353943826,False
1000.0,1e+24,4096,logarithmic,gutenberg_pg_19,0.03506298044682533,b1,expanded,0.04691494424769629,0.7473733798276241,False
1000.0,1e+24,4096,logarithmic,pile_cc,0.010164288385739968,b1,expanded,0.11948759779117796,0.08506563504191915,False
1000.0,1e+24,4096,logarithmic,ubuntu_irc,0.042145877487532415,b1,expanded,0.019599998284382344,2.150300060031896,False
1000.0,1e+24,4096,logarithmic,europarl,0.0012119338568495667,b1,expanded,0.012737064754468426,0.09515016844241096,False
1000.0,1e+24,4096,logarithmic,hackernews,0.033870565888898925,b1,expanded,0.01165082237856243,2.907139495253222,False
1000.0,1e+24,4096,logarithmic,pubmed_abstracts,0.026470261933644965,b1,expanded,0.06618116611255062,0.3999666897471777,False
1000.0,1e+24,4096,logarithmic,uspto_backgrounds,0.028132426375207784,b1,expanded,0.07556475309321728,0.372295616985652,False
1000.0,1e+24,8192,logarithmic,arxiv,0.14044428055189967,b1,expanded,0.11302252583217468,1.2426220305892217,True
1000.0,1e+24,8192,logarithmic,freelaw,0.14278083236265077,b1,expanded,0.09682483215160405,1.4746303111488057,True
1000.0,1e+24,8192,logarithmic,nih_exporter,0.02940584085249808,b1,expanded,0.005889680217640528,4.992773761200636,True
1000.0,1e+24,8192,logarithmic,pubmed_central,0.16541925763765958,b1,expanded,0.11375419104995738,1.4541816535358463,True
1000.0,1e+24,8192,logarithmic,wikipedia_en,0.049887059983947206,b1,expanded,0.07507775607969777,0.6644719100420406,True
1000.0,1e+24,8192,logarithmic,dm_mathematics,0.012439412739494775,b1,expanded,0.02546285409735114,0.48853175264389653,True
1000.0,1e+24,8192,logarithmic,github,0.06153259300416546,b1,expanded,0.11070066006999096,0.5558466676283702,True
1000.0,1e+24,8192,logarithmic,philpapers,0.014056856918683264,b1,expanded,0.005487697351757549,2.5615218948219263,True
1000.0,1e+24,8192,logarithmic,stackexchange,0.17875696278097133,b1,expanded,0.09943242344369017,1.7977733679819605,True
1000.0,1e+24,8192,logarithmic,enron_emails,0.02818643213757076,b1,expanded,0.0022110330440804327,12.748082717729567,True
1000.0,1e+24,8192,logarithmic,gutenberg_pg_19,0.036254917443930924,b1,expanded,0.04691494424769629,0.7727797192407659,True
1000.0,1e+24,8192,logarithmic,pile_cc,0.010058787491410672,b1,expanded,0.11948759779117796,0.08418269073406157,True
1000.0,1e+24,8192,logarithmic,ubuntu_irc,0.04344995623948997,b1,expanded,0.019599998284382344,2.2168346960576892,True
1000.0,1e+24,8192,logarithmic,europarl,0.0011455790803377786,b1,expanded,0.012737064754468426,0.08994058697361068,True
1000.0,1e+24,8192,logarithmic,hackernews,0.03460042131868055,b1,expanded,0.01165082237856243,2.9697836079232913,True
1000.0,1e+24,8192,logarithmic,pubmed_abstracts,0.027816670238330562,b1,expanded,0.06618116611255062,0.4203109717200253,True
1000.0,1e+24,8192,logarithmic,uspto_backgrounds,0.023764139218278642,b1,expanded,0.07556475309321728,0.31448708882781645,True
1000.0,1e+24,32768,logarithmic,arxiv,0.14563360238872933,b1,expanded,0.11302252583217468,1.2885360800109733,False
1000.0,1e+24,32768,logarithmic,freelaw,0.14149957426260892,b1,expanded,0.09682483215160405,1.461397568353696,False
1000.0,1e+24,32768,logarithmic,nih_exporter,0.03101508146732944,b1,expanded,0.005889680217640528,5.266004319629161,False
1000.0,1e+24,32768,logarithmic,pubmed_central,0.16537816449556098,b1,expanded,0.11375419104995738,1.4538204084536273,False
1000.0,1e+24,32768,logarithmic,wikipedia_en,0.04719274481947005,b1,expanded,0.07507775607969777,0.6285849136110732,False
1000.0,1e+24,32768,logarithmic,dm_mathematics,0.011413054020764587,b1,expanded,0.02546285409735114,0.44822367426406723,False
1000.0,1e+24,32768,logarithmic,github,0.06053195568720047,b1,expanded,0.11070066006999096,0.5468075407041736,False
1000.0,1e+24,32768,logarithmic,philpapers,0.012434643648395704,b1,expanded,0.005487697351757549,2.265912795721734,False
1000.0,1e+24,32768,logarithmic,stackexchange,0.17672544672848756,b1,expanded,0.09943242344369017,1.7773422451939873,False
1000.0,1e+24,32768,logarithmic,enron_emails,0.027840459780732258,b1,expanded,0.0022110330440804327,12.591607282970793,False
1000.0,1e+24,32768,logarithmic,gutenberg_pg_19,0.03489097608783409,b1,expanded,0.04691494424769629,0.7437070777196411,False
1000.0,1e+24,32768,logarithmic,pile_cc,0.010390008600784043,b1,expanded,0.11948759779117796,0.08695470318971599,False
1000.0,1e+24,32768,logarithmic,ubuntu_irc,0.04262425599409925,b1,expanded,0.019599998284382344,2.1747071288298567,False
1000.0,1e+24,32768,logarithmic,europarl,0.0012877703613774537,b1,expanded,0.012737064754468426,0.10110417008955515,False
1000.0,1e+24,32768,logarithmic,hackernews,0.034745407917280605,b1,expanded,0.01165082237856243,2.9822279310696835,False
1000.0,1e+24,32768,logarithmic,pubmed_abstracts,0.02789100444706944,b1,expanded,0.06618116611255062,0.42143416451195137,False
1000.0,1e+24,32768,logarithmic,uspto_backgrounds,0.028505849292275683,b1,expanded,0.07556475309321728,0.37723737755234427,False
1000.0,1e+24,131072,logarithmic,arxiv,0.1415928421493203,b1,expanded,0.11302252583217468,1.2527842667360773,False
1000.0,1e+24,131072,logarithmic,freelaw,0.14278886771132693,b1,expanded,0.09682483215160405,1.4747132996600958,False
1000.0,1e+24,131072,logarithmic,nih_exporter,0.02914001544024637,b1,expanded,0.005889680217640528,4.947639661821943,False
1000.0,1e+24,131072,logarithmic,pubmed_central,0.1657504827188251,b1,expanded,0.11375419104995738,1.4570934150991635,False
1000.0,1e+24,131072,logarithmic,wikipedia_en,0.05011684544908408,b1,expanded,0.07507775607969777,0.6675325431394517,False
1000.0,1e+24,131072,logarithmic,dm_mathematics,0.01272599951541542,b1,expanded,0.02546285409735114,0.4997868450551773,False
1000.0,1e+24,131072,logarithmic,github,0.06143862506929965,b1,expanded,0.11070066006999096,0.5549978205229745,False
1000.0,1e+24,131072,logarithmic,philpapers,0.013946755792780315,b1,expanded,0.005487697351757549,2.5414586298775346,False
1000.0,1e+24,131072,logarithmic,stackexchange,0.17891080672801168,b1,expanded,0.09943242344369017,1.7993205891167996,False
1000.0,1e+24,131072,logarithmic,enron_emails,0.028207809539274046,b1,expanded,0.0022110330440804327,12.75775123071743,False
1000.0,1e+24,131072,logarithmic,gutenberg_pg_19,0.03650174314875921,b1,expanded,0.04691494424769629,0.7780408510354692,False
1000.0,1e+24,131072,logarithmic,pile_cc,0.009835628446941067,b1,expanded,0.11948759779117796,0.08231505720058298,False
1000.0,1e+24,131072,logarithmic,ubuntu_irc,0.042624064528746244,b1,expanded,0.019599998284382344,2.174697360188542,False
1000.0,1e+24,131072,logarithmic,europarl,0.0011188852027811177,b1,expanded,0.012737064754468426,0.0878448233050389,False
1000.0,1e+24,131072,logarithmic,hackernews,0.03433251756515394,b1,expanded,0.01165082237856243,2.9467892007628524,False
1000.0,1e+24,131072,logarithmic,pubmed_abstracts,0.028655027248952986,b1,expanded,0.06618116611255062,0.4329785788334551,False
1000.0,1e+24,131072,logarithmic,uspto_backgrounds,0.02231308374508153,b1,expanded,0.07556475309321728,0.29528428045752936,False
10000.0,1e+25,2048,logarithmic,arxiv,0.14034334566679463,b1,expanded,0.11302252583217468,1.2417289795415491,False
10000.0,1e+25,2048,logarithmic,freelaw,0.14293532972830456,b1,expanded,0.09682483215160405,1.476225948984892,False
10000.0,1e+25,2048,logarithmic,nih_exporter,0.02921028987541361,b1,expanded,0.005889680217640528,4.95957145311967,False
10000.0,1e+25,2048,logarithmic,pubmed_central,0.16543395023738336,b1,expanded,0.11375419104995738,1.4543108144888464,False
10000.0,1e+25,2048,logarithmic,wikipedia_en,0.05001955053334769,b1,expanded,0.07507775607969777,0.6662366211404895,False
10000.0,1e+25,2048,logarithmic,dm_mathematics,0.01201032006182648,b1,expanded,0.02546285409735114,0.471680040890463,False
10000.0,1e+25,2048,logarithmic,github,0.06189892883664993,b1,expanded,0.11070066006999096,0.5591559146757938,False
10000.0,1e+25,2048,logarithmic,philpapers,0.014100965608977008,b1,expanded,0.005487697351757549,2.569559635875488,False
10000.0,1e+25,2048,logarithmic,stackexchange,0.17887155539193522,b1,expanded,0.09943242344369017,1.7989258352254929,False
10000.0,1e+25,2048,logarithmic,enron_emails,0.028262526375619344,b1,expanded,0.0022110330440804327,12.78249841235354,False
10000.0,1e+25,2048,logarithmic,gutenberg_pg_19,0.03588669547013333,b1,expanded,0.04691494424769629,0.7649310053671333,False
10000.0,1e+25,2048,logarithmic,pile_cc,0.010052217090802978,b1,expanded,0.11948759779117796,0.08412770259529945,False
10000.0,1e+25,2048,logarithmic,ubuntu_irc,0.04308409341234479,b1,expanded,0.019599998284382344,2.1981682236510713,False
10000.0,1e+25,2048,logarithmic,europarl,0.001093650319618576,b1,expanded,0.012737064754468426,0.08586360678074599,False
10000.0,1e+25,2048,logarithmic,hackernews,0.034416584219594426,b1,expanded,0.01165082237856243,2.9540047132570755,False
10000.0,1e+25,2048,logarithmic,pubmed_abstracts,0.0282133496347252,b1,expanded,0.06618116611255062,0.4263048128638944,False
10000.0,1e+25,2048,logarithmic,uspto_backgrounds,0.024166647536528744,b1,expanded,0.07556475309321728,0.31981375637814335,False
10000.0,1e+25,4096,logarithmic,arxiv,0.14102609468026708,b1,expanded,0.11302252583217468,1.2477698020098618,False
10000.0,1e+25,4096,logarithmic,freelaw,0.1427494305634118,b1,expanded,0.09682483215160405,1.474305995593166,False
10000.0,1e+25,4096,logarithmic,nih_exporter,0.02946428576646016,b1,expanded,0.005889680217640528,5.002697035776228,False
10000.0,1e+25,4096,logarithmic,pubmed_central,0.1654562273565421,b1,expanded,0.11375419104995738,1.4545066500791939,False
10000.0,1e+25,4096,logarithmic,wikipedia_en,0.049839450382556306,b1,expanded,0.07507775607969777,0.6638377727971773,False
10000.0,1e+25,4096,logarithmic,dm_mathematics,0.012676224728584484,b1,expanded,0.02546285409735114,0.4978320450692592,False
10000.0,1e+25,4096,logarithmic,github,0.06148292534058497,b1,expanded,0.11070066006999096,0.5553980012559286,False
10000.0,1e+25,4096,logarithmic,philpapers,0.014104534635760647,b1,expanded,0.005487697351757549,2.5702100046102903,False
10000.0,1e+25,4096,logarithmic,stackexchange,0.17863782194578262,b1,expanded,0.09943242344369017,1.796575158876093,False
10000.0,1e+25,4096,logarithmic,enron_emails,0.028318507882299674,b1,expanded,0.0022110330440804327,12.807817575642487,False
10000.0,1e+25,4096,logarithmic,gutenberg_pg_19,0.03545962764932583,b1,expanded,0.04691494424769629,0.7558279822759683,False
10000.0,1e+25,4096,logarithmic,pile_cc,0.010133795057118724,b1,expanded,0.11948759779117796,0.0848104342580308,False
10000.0,1e+25,4096,logarithmic,ubuntu_irc,0.043258288456691794,b1,expanded,0.019599998284382344,2.2070557266916104,False
10000.0,1e+25,4096,logarithmic,europarl,0.0011310906078452465,b1,expanded,0.012737064754468426,0.08880308215819006,False
10000.0,1e+25,4096,logarithmic,hackernews,0.03441875194930635,b1,expanded,0.01165082237856243,2.954190771343062,False
10000.0,1e+25,4096,logarithmic,pubmed_abstracts,0.027953146383270105,b1,expanded,0.06618116611255062,0.4223731315905154,False
10000.0,1e+25,4096,logarithmic,uspto_backgrounds,0.023889796614192,b1,expanded,0.07556475309321728,0.3161499989912143,False
10000.0,1e+25,8192,logarithmic,arxiv,0.14168767065058524,b1,expanded,0.11302252583217468,1.2536232897588484,True
10000.0,1e+25,8192,logarithmic,freelaw,0.14252762002610594,b1,expanded,0.09682483215160405,1.4720151520938605,True
10000.0,1e+25,8192,logarithmic,nih_exporter,0.02920987325405135,b1,expanded,0.005889680217640528,4.959500715601356,True
10000.0,1e+25,8192,logarithmic,pubmed_central,0.16513437545544207,b1,expanded,0.11375419104995738,1.451677287062945,True
10000.0,1e+25,8192,logarithmic,wikipedia_en,0.04987757743591303,b1,expanded,0.07507775607969777,0.6643456070126306,True
10000.0,1e+25,8192,logarithmic,dm_mathematics,0.012482368564114683,b1,expanded,0.02546285409735114,0.49021875224165085,True
10000.0,1e+25,8192,logarithmic,github,0.061694510238741236,b1,expanded,0.11070066006999096,0.557309325885994,True
10000.0,1e+25,8192,logarithmic,philpapers,0.013690213149947023,b1,expanded,0.005487697351757549,2.4947099434269,True
10000.0,1e+25,8192,logarithmic,stackexchange,0.17859390157076865,b1,expanded,0.09943242344369017,1.7961334480790223,True
10000.0,1e+25,8192,logarithmic,enron_emails,0.02828791405403355,b1,expanded,0.0022110330440804327,12.79398068236401,True
10000.0,1e+25,8192,logarithmic,gutenberg_pg_19,0.03503771972850446,b1,expanded,0.04691494424769629,0.746834943328851,True
10000.0,1e+25,8192,logarithmic,pile_cc,0.010151223234335306,b1,expanded,0.11948759779117796,0.084956291882912,True
10000.0,1e+25,8192,logarithmic,ubuntu_irc,0.04327790157218762,b1,expanded,0.019599998284382344,2.2080563959371506,True
10000.0,1e+25,8192,logarithmic,europarl,0.0010125202267099163,b1,expanded,0.012737064754468426,0.07949400008779128,True
10000.0,1e+25,8192,logarithmic,hackernews,0.033921758253090156,b1,expanded,0.01165082237856243,2.9115333794382066,True
10000.0,1e+25,8192,logarithmic,pubmed_abstracts,0.02769120780353373,b1,expanded,0.06618116611255062,0.4184152294391555,True
10000.0,1e+25,8192,logarithmic,uspto_backgrounds,0.025721644781936146,b1,expanded,0.07556475309321728,0.3403920972282636,True
10000.0,1e+25,32768,logarithmic,arxiv,0.13966787969828146,b1,expanded,0.11302252583217468,1.2357525959530584,False
10000.0,1e+25,32768,logarithmic,freelaw,0.14289533299069052,b1,expanded,0.09682483215160405,1.4758128655152358,False
10000.0,1e+25,32768,logarithmic,nih_exporter,0.029401444499019304,b1,expanded,0.005889680217640528,4.992027310915337,False
10000.0,1e+25,32768,logarithmic,pubmed_central,0.16554062234498823,b1,expanded,0.11375419104995738,1.455248556708454,False
10000.0,1e+25,32768,logarithmic,wikipedia_en,0.05005095715663139,b1,expanded,0.07507775607969777,0.6666549424239647,False
10000.0,1e+25,32768,logarithmic,dm_mathematics,0.012554391189799518,b1,expanded,0.02546285409735114,0.49304728927090424,False
10000.0,1e+25,32768,logarithmic,github,0.062029265226465145,b1,expanded,0.11070066006999096,0.5603332914839612,False
10000.0,1e+25,32768,logarithmic,philpapers,0.01403348769749218,b1,expanded,0.005487697351757549,2.557263419965692,False
10000.0,1e+25,32768,logarithmic,stackexchange,0.1789076690530732,b1,expanded,0.09943242344369017,1.799289033263791,False
10000.0,1e+25,32768,logarithmic,enron_emails,0.028286929735672647,b1,expanded,0.0022110330440804327,12.793535497538059,False
10000.0,1e+25,32768,logarithmic,gutenberg_pg_19,0.03582855050041499,b1,expanded,0.04691494424769629,0.7636916354680378,False
10000.0,1e+25,32768,logarithmic,pile_cc,0.010013862819648004,b1,expanded,0.11948759779117796,0.0838067130376886,False
10000.0,1e+25,32768,logarithmic,ubuntu_irc,0.04316419870159294,b1,expanded,0.019599998284382344,2.20225522856229,False
10000.0,1e+25,32768,logarithmic,europarl,0.001121052739392625,b1,expanded,0.012737064754468426,0.08801499882453974,False
10000.0,1e+25,32768,logarithmic,hackernews,0.03451567792727879,b1,expanded,0.01165082237856243,2.9625100105197557,False
10000.0,1e+25,32768,logarithmic,pubmed_abstracts,0.028149928712853694,b1,expanded,0.06618116611255062,0.4253465202619833,False
10000.0,1e+25,32768,logarithmic,uspto_backgrounds,0.023838749006705323,b1,expanded,0.07556475309321728,0.3154744511279968,False
10000.0,1e+25,131072,logarithmic,arxiv,0.14536307935912898,b1,expanded,0.11302252583217468,1.2861425480348605,False
10000.0,1e+25,131072,logarithmic,freelaw,0.14224685232849885,b1,expanded,0.09682483215160405,1.469115403223989,False
10000.0,1e+25,131072,logarithmic,nih_exporter,0.0292100963844189,b1,expanded,0.005889680217640528,4.959538600572917,False
10000.0,1e+25,131072,logarithmic,pubmed_central,0.16492199558076978,b1,expanded,0.11375419104995738,1.4498102800303951,False
10000.0,1e+25,131072,logarithmic,wikipedia_en,0.04977007746552733,b1,expanded,0.07507775607969777,0.6629137585398074,False
10000.0,1e+25,131072,logarithmic,dm_mathematics,0.012559715500453442,b1,expanded,0.02546285409735114,0.49325639036513225,False
10000.0,1e+25,131072,logarithmic,github,0.05989611313249735,b1,expanded,0.11070066006999096,0.5410637397701854,False
10000.0,1e+25,131072,logarithmic,philpapers,0.013861778048722295,b1,expanded,0.005487697351757549,2.5259734931050404,False
10000.0,1e+25,131072,logarithmic,stackexchange,0.1783373048580136,b1,expanded,0.09943242344369017,1.7935528339908988,False
10000.0,1e+25,131072,logarithmic,enron_emails,0.028285620489286227,b1,expanded,0.0022110330440804327,12.792943355150172,False
10000.0,1e+25,131072,logarithmic,gutenberg_pg_19,0.035592746770901525,b1,expanded,0.04691494424769629,0.7586654389480442,False
10000.0,1e+25,131072,logarithmic,pile_cc,0.010174797924269521,b1,expanded,0.11948759779117796,0.08515359009937976,False
10000.0,1e+25,131072,logarithmic,ubuntu_irc,0.043102947620493305,b1,expanded,0.019599998284382344,2.1991301731306048,False
10000.0,1e+25,131072,logarithmic,europarl,0.001141119288721596,b1,expanded,0.012737064754468426,0.08959044416581675,False
10000.0,1e+25,131072,logarithmic,hackernews,0.03437389882786202,b1,expanded,0.01165082237856243,2.9503409897579562,False
10000.0,1e+25,131072,logarithmic,pubmed_abstracts,0.027810487992275455,b1,expanded,0.06618116611255062,0.4202175577411209,False
10000.0,1e+25,131072,logarithmic,uspto_backgrounds,0.02335136842815975,b1,expanded,0.07556475309321728,0.30902461097640743,False
100000.0,1e+26,2048,logarithmic,arxiv,0.14030904281179854,b1,expanded,0.11302252583217468,1.2414254749547995,False
100000.0,1e+26,2048,logarithmic,freelaw,0.14289064338270088,b1,expanded,0.09682483215160405,1.4757644315764888,False
100000.0,1e+26,2048,logarithmic,nih_exporter,0.029421605712925573,b1,expanded,0.005889680217640528,4.995450453286613,False
100000.0,1e+26,2048,logarithmic,pubmed_central,0.1655126130399247,b1,expanded,0.11375419104995738,1.4550023301316135,False
100000.0,1e+26,2048,logarithmic,wikipedia_en,0.04992275526402248,b1,expanded,0.07507775607969777,0.6649473541940659,False
100000.0,1e+26,2048,logarithmic,dm_mathematics,0.012676511584309033,b1,expanded,0.02546285409735114,0.49784331072406174,False
100000.0,1e+26,2048,logarithmic,github,0.06177279683870168,b1,expanded,0.11070066006999096,0.5580165176941634,False
100000.0,1e+26,2048,logarithmic,philpapers,0.013989681754475548,b1,expanded,0.005487697351757549,2.5492808472746886,False
100000.0,1e+26,2048,logarithmic,stackexchange,0.17890287103378125,b1,expanded,0.09943242344369017,1.7992407791920728,False
100000.0,1e+26,2048,logarithmic,enron_emails,0.02829554033099106,b1,expanded,0.0022110330440804327,12.797429874124363,False
100000.0,1e+26,2048,logarithmic,gutenberg_pg_19,0.03562102469967354,b1,expanded,0.04691494424769629,0.759268187799726,False
100000.0,1e+26,2048,logarithmic,pile_cc,0.010140820550144331,b1,expanded,0.11948759779117796,0.08486923109682812,False
100000.0,1e+26,2048,logarithmic,ubuntu_irc,0.043266036455654196,b1,expanded,0.019599998284382344,2.2074510327957224,False
100000.0,1e+26,2048,logarithmic,europarl,0.0011349501680729065,b1,expanded,0.012737064754468426,0.0891061001848752,False
100000.0,1e+26,2048,logarithmic,hackernews,0.03454362745283157,b1,expanded,0.01165082237856243,2.9649089420839525,False
100000.0,1e+26,2048,logarithmic,pubmed_abstracts,0.02792696627919873,b1,expanded,0.06618116611255062,0.42197754919737884,False
100000.0,1e+26,2048,logarithmic,uspto_backgrounds,0.023672512640793987,b1,expanded,0.07556475309321728,0.3132745317329548,False
100000.0,1e+26,4096,logarithmic,arxiv,0.14031507022613024,b1,expanded,0.11302252583217468,1.2414788042737765,False
100000.0,1e+26,4096,logarithmic,freelaw,0.1428978156153994,b1,expanded,0.09682483215160405,1.4758385058871708,False
100000.0,1e+26,4096,logarithmic,nih_exporter,0.02938288998795376,b1,expanded,0.005889680217640528,4.9888769682176175,False
100000.0,1e+26,4096,logarithmic,pubmed_central,0.16552196224006893,b1,expanded,0.11375419104995738,1.4550845178739544,False
100000.0,1e+26,4096,logarithmic,wikipedia_en,0.04993556039079266,b1,expanded,0.07507775607969777,0.665117912391844,False
100000.0,1e+26,4096,logarithmic,dm_mathematics,0.01256078086002519,b1,expanded,0.02546285409735114,0.4932982301199247,False
100000.0,1e+26,4096,logarithmic,github,0.0617796847724148,b1,expanded,0.11070066006999096,0.558078738946582,False
100000.0,1e+26,4096,logarithmic,philpapers,0.014055367785685013,b1,expanded,0.005487697351757549,2.56125053638089,False
100000.0,1e+26,4096,logarithmic,stackexchange,0.17891487448106708,b1,expanded,0.09943242344369017,1.7993614988413593,False
100000.0,1e+26,4096,logarithmic,enron_emails,0.02826065128583364,b1,expanded,0.0022110330440804327,12.781650351854974,False
100000.0,1e+26,4096,logarithmic,gutenberg_pg_19,0.03566398665888314,b1,expanded,0.04691494424769629,0.7601839292526578,False
100000.0,1e+26,4096,logarithmic,pile_cc,0.01014382801489605,b1,expanded,0.11948759779117796,0.08489440077809475,False
100000.0,1e+26,4096,logarithmic,ubuntu_irc,0.04324565101715587,b1,expanded,0.019599998284382344,2.2064109593119117,False
100000.0,1e+26,4096,logarithmic,europarl,0.0011302324765338884,b1,expanded,0.012737064754468426,0.08873570938998167,False
100000.0,1e+26,4096,logarithmic,hackernews,0.03452613312585731,b1,expanded,0.01165082237856243,2.9634073891114814,False
100000.0,1e+26,4096,logarithmic,pubmed_abstracts,0.02798712656051658,b1,expanded,0.06618116611255062,0.42288657339340974,False
100000.0,1e+26,4096,logarithmic,uspto_backgrounds,0.023678384500786475,b1,expanded,0.07556475309321728,0.3133522380676164,False
100000.0,1e+26,8192,logarithmic,arxiv,0.14042441864966534,b1,expanded,0.11302252583217468,1.24244629657436,False
100000.0,1e+26,8192,logarithmic,freelaw,0.14275851112380217,b1,expanded,0.09682483215160405,1.4743997789769177,False
100000.0,1e+26,8192,logarithmic,nih_exporter,0.029406703547590694,b1,expanded,0.005889680217640528,4.992920236910816,False
100000.0,1e+26,8192,logarithmic,pubmed_central,0.1655210034601083,b1,expanded,0.11375419104995738,1.4550760893496797,False
100000.0,1e+26,8192,logarithmic,wikipedia_en,0.05042976779485764,b1,expanded,0.07507775607969777,0.6717005199426126,False
100000.0,1e+26,8192,logarithmic,dm_mathematics,0.012438000823044928,b1,expanded,0.02546285409735114,0.48847630259715596,False
100000.0,1e+26,8192,logarithmic,github,0.061930490660877795,b1,expanded,0.11070066006999096,0.5594410243057447,False
100000.0,1e+26,8192,logarithmic,philpapers,0.013841218354329454,b1,expanded,0.005487697351757549,2.522226986496716,False
100000.0,1e+26,8192,logarithmic,stackexchange,0.17893351414696299,b1,expanded,0.09943242344369017,1.7995489594829726,False
100000.0,1e+26,8192,logarithmic,enron_emails,0.028372487965204526,b1,expanded,0.0022110330440804327,12.83223154044024,False
100000.0,1e+26,8192,logarithmic,gutenberg_pg_19,0.03535206095476264,b1,expanded,0.04691494424769629,0.7535351799229426,False
100000.0,1e+26,8192,logarithmic,pile_cc,0.01001987191464945,b1,expanded,0.11948759779117796,0.08385700357086967,False
100000.0,1e+26,8192,logarithmic,ubuntu_irc,0.04325174314818744,b1,expanded,0.019599998284382344,2.206721782350933,False
100000.0,1e+26,8192,logarithmic,europarl,0.0010574524622822407,b1,expanded,0.012737064754468426,0.08302167592508033,False
100000.0,1e+26,8192,logarithmic,hackernews,0.03431299746389654,b1,expanded,0.01165082237856243,2.9451137738596564,False
100000.0,1e+26,8192,logarithmic,pubmed_abstracts,0.028135835909577803,b1,expanded,0.06618116611255062,0.42513357745508373,False
100000.0,1e+26,8192,logarithmic,uspto_backgrounds,0.02381392162020001,b1,expanded,0.07556475309321728,0.3151458933614587,False
100000.0,1e+26,32768,logarithmic,arxiv,0.14031459568082047,b1,expanded,0.11302252583217468,1.241474605594741,True
100000.0,1e+26,32768,logarithmic,freelaw,0.14288797863900823,b1,expanded,0.09682483215160405,1.475736910292605,True
100000.0,1e+26,32768,logarithmic,nih_exporter,0.029424241235452283,b1,expanded,0.005889680217640528,4.995897934716727,True
100000.0,1e+26,32768,logarithmic,pubmed_central,0.16551049052544872,b1,expanded,0.11375419104995738,1.4549836713511641,True
100000.0,1e+26,32768,logarithmic,wikipedia_en,0.04992378207843855,b1,expanded,0.07507775607969777,0.6649610308736803,True
100000.0,1e+26,32768,logarithmic,dm_mathematics,0.01269690400251567,b1,expanded,0.02546285409735114,0.49864418002679867,True
100000.0,1e+26,32768,logarithmic,github,0.061768333314917837,b1,expanded,0.11070066006999096,0.5579761970331933,True
100000.0,1e+26,32768,logarithmic,philpapers,0.013985390787440093,b1,expanded,0.005487697351757549,2.5484989224052197,True
100000.0,1e+26,32768,logarithmic,stackexchange,0.17889927062493913,b1,expanded,0.09943242344369017,1.799204569586419,True
100000.0,1e+26,32768,logarithmic,enron_emails,0.02829192146785917,b1,expanded,0.0022110330440804327,12.795793144568657,True
100000.0,1e+26,32768,logarithmic,gutenberg_pg_19,0.03561992291942049,b1,expanded,0.04691494424769629,0.7592447031666156,True
100000.0,1e+26,32768,logarithmic,pile_cc,0.010139647810090267,b1,expanded,0.11948759779117796,0.08485941635391134,True
100000.0,1e+26,32768,logarithmic,ubuntu_irc,0.04326752562169367,b1,expanded,0.019599998284382344,2.2075270106615297,True
100000.0,1e+26,32768,logarithmic,europarl,0.001132948123911558,b1,expanded,0.012737064754468426,0.08894891764714444,True
100000.0,1e+26,32768,logarithmic,hackernews,0.03454419392568393,b1,expanded,0.01165082237856243,2.9649575629309584,True
100000.0,1e+26,32768,logarithmic,pubmed_abstracts,0.027920443978723078,b1,expanded,0.06618116611255062,0.42187899698292314,True
100000.0,1e+26,32768,logarithmic,uspto_backgrounds,0.023672409263636743,b1,expanded,0.07556475309321728,0.3132731636724105,True
100000.0,1e+26,131072,logarithmic,arxiv,0.14031492995449843,b1,expanded,0.11302252583217468,1.2414775631793065,False
100000.0,1e+26,131072,logarithmic,freelaw,0.142938281030572,b1,expanded,0.09682483215160405,1.4762564298254144,False
100000.0,1e+26,131072,logarithmic,nih_exporter,0.029408383100522816,b1,expanded,0.005889680217640528,4.993205405692492,False
100000.0,1e+26,131072,logarithmic,pubmed_central,0.16553301889853408,b1,expanded,0.11375419104995738,1.4551817156858602,False
100000.0,1e+26,131072,logarithmic,wikipedia_en,0.049914314912597194,b1,expanded,0.07507775607969777,0.6648349327277621,False
100000.0,1e+26,131072,logarithmic,dm_mathematics,0.012717045600881896,b1,expanded,0.02546285409735114,0.4994351989082335,False
100000.0,1e+26,131072,logarithmic,github,0.06174515015759351,b1,expanded,0.11070066006999096,0.5577667749998498,False
100000.0,1e+26,131072,logarithmic,philpapers,0.013986632463313529,b1,expanded,0.005487697351757549,2.548725187775528,False
100000.0,1e+26,131072,logarithmic,stackexchange,0.17887762108655036,b1,expanded,0.09943242344369017,1.7989868384114263,False
100000.0,1e+26,131072,logarithmic,enron_emails,0.028281874618156358,b1,expanded,0.0022110330440804327,12.791249182763242,False
100000.0,1e+26,131072,logarithmic,gutenberg_pg_19,0.03560650568316627,b1,expanded,0.04691494424769629,0.7589587124984102,False
100000.0,1e+26,131072,logarithmic,pile_cc,0.01014081069832741,b1,expanded,0.11948759779117796,0.08486914864628846,False
100000.0,1e+26,131072,logarithmic,ubuntu_irc,0.04324727886130996,b1,expanded,0.019599998284382344,2.206494012592349,False
100000.0,1e+26,131072,logarithmic,europarl,0.0011106262766087615,b1,expanded,0.012737064754468426,0.08719640655192011,False
100000.0,1e+26,131072,logarithmic,hackernews,0.03452915444191581,b1,expanded,0.01165082237856243,2.9636667112400255,False
100000.0,1e+26,131072,logarithmic,pubmed_abstracts,0.027941237068925286,b1,expanded,0.06618116611255062,0.42219318138648665,False
100000.0,1e+26,131072,logarithmic,uspto_backgrounds,0.02370713514652632,b1,expanded,0.07556475309321728,0.31373271500379296,False
1000000.0,1e+27,2048,logarithmic,arxiv,0.14027457027841211,b1,expanded,0.11302252583217468,1.2411204690886448,False
1000000.0,1e+27,2048,logarithmic,freelaw,0.14289401613558578,b1,expanded,0.09682483215160405,1.4757992651291008,False
1000000.0,1e+27,2048,logarithmic,nih_exporter,0.029417002080781574,b1,expanded,0.005889680217640528,4.994668809466595,False
1000000.0,1e+27,2048,logarithmic,pubmed_central,0.16551551446331422,b1,expanded,0.11375419104995738,1.4550278362106663,False
1000000.0,1e+27,2048,logarithmic,wikipedia_en,0.04995200069905572,b1,expanded,0.07507775607969777,0.6653368894780213,False
1000000.0,1e+27,2048,logarithmic,dm_mathematics,0.012534551756604905,b1,expanded,0.02546285409735114,0.49226813729058183,False
1000000.0,1e+27,2048,logarithmic,github,0.0617740737118708,b1,expanded,0.11070066006999096,0.5580280521616933,False
1000000.0,1e+27,2048,logarithmic,philpapers,0.014087314740806083,b1,expanded,0.005487697351757549,2.567072095602052,False
1000000.0,1e+27,2048,logarithmic,stackexchange,0.17891229431304262,b1,expanded,0.09943242344369017,1.7993355498808987,False
1000000.0,1e+27,2048,logarithmic,enron_emails,0.028290166784634693,b1,expanded,0.0022110330440804327,12.794999541221491,False
1000000.0,1e+27,2048,logarithmic,gutenberg_pg_19,0.03548742372277818,b1,expanded,0.04691494424769629,0.7564204602997212,False
1000000.0,1e+27,2048,logarithmic,pile_cc,0.01016401095610275,b1,expanded,0.11948759779117796,0.08506331321402782,False
1000000.0,1e+27,2048,logarithmic,ubuntu_irc,0.04328881675285358,b1,expanded,0.019599998284382344,2.20861329295865,False
1000000.0,1e+27,2048,logarithmic,europarl,0.0011124500570208994,b1,expanded,0.012737064754468426,0.08733959342011108,False
1000000.0,1e+27,2048,logarithmic,hackernews,0.03459849886642681,b1,expanded,0.01165082237856243,2.96961860221028,False
1000000.0,1e+27,2048,logarithmic,pubmed_abstracts,0.02791449114739201,b1,expanded,0.06618116611255062,0.42178904946944257,False
1000000.0,1e+27,2048,logarithmic,uspto_backgrounds,0.02378280353331734,b1,expanded,0.07556475309321728,0.3147340864593137,False
1000000.0,1e+27,4096,logarithmic,arxiv,0.14025215103138458,b1,expanded,0.11302252583217468,1.2409221082144521,False
1000000.0,1e+27,4096,logarithmic,freelaw,0.14288837842852456,b1,expanded,0.09682483215160405,1.475741039290378,False
1000000.0,1e+27,4096,logarithmic,nih_exporter,0.029409169377957657,b1,expanded,0.005889680217640528,4.993338906562791,False
1000000.0,1e+27,4096,logarithmic,pubmed_central,0.1655255236714932,b1,expanded,0.11375419104995738,1.4551158260076715,False
1000000.0,1e+27,4096,logarithmic,wikipedia_en,0.049900533094222585,b1,expanded,0.07507775607969777,0.6646513654623795,False
1000000.0,1e+27,4096,logarithmic,dm_mathematics,0.012514895453891985,b1,expanded,0.02546285409735114,0.4914961773744715,False
1000000.0,1e+27,4096,logarithmic,github,0.06173553512755185,b1,expanded,0.11070066006999096,0.5576799188778034,False
1000000.0,1e+27,4096,logarithmic,philpapers,0.014058144855234798,b1,expanded,0.005487697351757549,2.5617565900809716,False
1000000.0,1e+27,4096,logarithmic,stackexchange,0.17890682558656812,b1,expanded,0.09943242344369017,1.7992805504522908,False
1000000.0,1e+27,4096,logarithmic,enron_emails,0.02829430573343106,b1,expanded,0.0022110330440804327,12.796871493704268,False
1000000.0,1e+27,4096,logarithmic,gutenberg_pg_19,0.03562669304144156,b1,expanded,0.04691494424769629,0.7593890094666578,False
1000000.0,1e+27,4096,logarithmic,pile_cc,0.010175085718059654,b1,expanded,0.11948759779117796,0.08515599866558622,False
1000000.0,1e+27,4096,logarithmic,ubuntu_irc,0.043275420026223345,b1,expanded,0.019599998284382344,2.207929786438095,False
1000000.0,1e+27,4096,logarithmic,europarl,0.0010921486453119068,b1,expanded,0.012737064754468426,0.08574570879281732,False
1000000.0,1e+27,4096,logarithmic,hackernews,0.03454143516528115,b1,expanded,0.01165082237856243,2.9647207761777885,False
1000000.0,1e+27,4096,logarithmic,pubmed_abstracts,0.02789050733177339,b1,expanded,0.06618116611255062,0.42142665308044824,False
1000000.0,1e+27,4096,logarithmic,uspto_backgrounds,0.02391324771164859,b1,expanded,0.07556475309321728,0.31646034338455414,False
1000000.0,1e+27,8192,logarithmic,arxiv,0.1401199717847011,b1,expanded,0.11302252583217468,1.239752613499038,False
1000000.0,1e+27,8192,logarithmic,freelaw,0.1429093256157115,b1,expanded,0.09682483215160405,1.4759573803541473,False
1000000.0,1e+27,8192,logarithmic,nih_exporter,0.029436984588109227,b1,expanded,0.005889680217640528,4.998061609515026,False
1000000.0,1e+27,8192,logarithmic,pubmed_central,0.1655099561963274,b1,expanded,0.11375419104995738,1.454978974125362,False
1000000.0,1e+27,8192,logarithmic,wikipedia_en,0.05006400573920365,b1,expanded,0.07507775607969777,0.6668287433372261,False
1000000.0,1e+27,8192,logarithmic,dm_mathematics,0.012440451747329481,b1,expanded,0.02546285409735114,0.48857255748968226,False
1000000.0,1e+27,8192,logarithmic,github,0.061856263885258486,b1,expanded,0.11070066006999096,0.5587705063921895,False
1000000.0,1e+27,8192,logarithmic,philpapers,0.013997685591796712,b1,expanded,0.005487697351757549,2.5507393528751474,False
1000000.0,1e+27,8192,logarithmic,stackexchange,0.1789621119521083,b1,expanded,0.09943242344369017,1.7998365699439758,False
1000000.0,1e+27,8192,logarithmic,enron_emails,0.0282900770320243,b1,expanded,0.0022110330440804327,12.794958948155443,False
1000000.0,1e+27,8192,logarithmic,gutenberg_pg_19,0.03560157527355364,b1,expanded,0.04691494424769629,0.7588536199806274,False
1000000.0,1e+27,8192,logarithmic,pile_cc,0.010194121619002256,b1,expanded,0.11948759779117796,0.08531531144192868,False
1000000.0,1e+27,8192,logarithmic,ubuntu_irc,0.04314410803518362,b1,expanded,0.019599998284382344,2.201230194472092,False
1000000.0,1e+27,8192,logarithmic,europarl,0.0010189293511418836,b1,expanded,0.012737064754468426,0.07999718701158538,False
1000000.0,1e+27,8192,logarithmic,hackernews,0.03454593928355172,b1,expanded,0.01165082237856243,2.96510736848211,False
1000000.0,1e+27,8192,logarithmic,pubmed_abstracts,0.027990057796951576,b1,expanded,0.06618116611255062,0.42293086449021533,False
1000000.0,1e+27,8192,logarithmic,uspto_backgrounds,0.02391843450804502,b1,expanded,0.07556475309321728,0.31652898380464567,False
1000000.0,1e+27,32768,logarithmic,arxiv,0.14026313527729448,b1,expanded,0.11302252583217468,1.241019294556989,False
1000000.0,1e+27,32768,logarithmic,freelaw,0.1428810052973696,b1,expanded,0.09682483215160405,1.475664890114685,False
1000000.0,1e+27,32768,logarithmic,nih_exporter,0.029386898929472365,b1,expanded,0.005889680217640528,4.9895576404053195,False
1000000.0,1e+27,32768,logarithmic,pubmed_central,0.16550755700622374,b1,expanded,0.11375419104995738,1.4549578831213161,False
1000000.0,1e+27,32768,logarithmic,wikipedia_en,0.04991631752328986,b1,expanded,0.07507775607969777,0.6648616065496399,False
1000000.0,1e+27,32768,logarithmic,dm_mathematics,0.012569877250672826,b1,expanded,0.02546285409735114,0.49365547171636387,False
1000000.0,1e+27,32768,logarithmic,github,0.06176740545284582,b1,expanded,0.11070066006999096,0.5579678153119694,False
1000000.0,1e+27,32768,logarithmic,philpapers,0.01398396540107941,b1,expanded,0.005487697351757549,2.5482391802457465,False
1000000.0,1e+27,32768,logarithmic,stackexchange,0.1789016500811186,b1,expanded,0.09943242344369017,1.7992284999714692,False
1000000.0,1e+27,32768,logarithmic,enron_emails,0.02828314168697923,b1,expanded,0.0022110330440804327,12.791822249197624,False
1000000.0,1e+27,32768,logarithmic,gutenberg_pg_19,0.0356148105665058,b1,expanded,0.04691494424769629,0.7591357324964663,False
1000000.0,1e+27,32768,logarithmic,pile_cc,0.010167565407987928,b1,expanded,0.11948759779117796,0.08509306066858281,False
1000000.0,1e+27,32768,logarithmic,ubuntu_irc,0.043224499474014993,b1,expanded,0.019599998284382344,2.2053317988531207,False
1000000.0,1e+27,32768,logarithmic,europarl,0.0010077386120256467,b1,expanded,0.012737064754468426,0.07911859062128981,False
1000000.0,1e+27,32768,logarithmic,hackernews,0.03450375713179298,b1,expanded,0.01165082237856243,2.9614868384982045,False
1000000.0,1e+27,32768,logarithmic,pubmed_abstracts,0.027952197574858156,b1,expanded,0.06618116611255062,0.42235879505842205,False
1000000.0,1e+27,32768,logarithmic,uspto_backgrounds,0.02406847732646849,b1,expanded,0.07556475309321728,0.3185146029231039,False
1000000.0,1e+27,131072,logarithmic,arxiv,0.1402666257807411,b1,expanded,0.11302252583217468,1.2410501778116403,True
1000000.0,1e+27,131072,logarithmic,freelaw,0.14287954963982155,b1,expanded,0.09682483215160405,1.4756498561867586,True
1000000.0,1e+27,131072,logarithmic,nih_exporter,0.029386709078983882,b1,expanded,0.005889680217640528,4.989525405974677,True
1000000.0,1e+27,131072,logarithmic,pubmed_central,0.16550984329528923,b1,expanded,0.11375419104995738,1.4549779816253305,True
1000000.0,1e+27,131072,logarithmic,wikipedia_en,0.049917286790181384,b1,expanded,0.07507775607969777,0.6648745167236001,True
1000000.0,1e+27,131072,logarithmic,dm_mathematics,0.01257172322856898,b1,expanded,0.02546285409735114,0.4937279686127878,True
1000000.0,1e+27,131072,logarithmic,github,0.06176719928828754,b1,expanded,0.11070066006999096,0.5579659529512739,True
1000000.0,1e+27,131072,logarithmic,philpapers,0.013984302940646329,b1,expanded,0.005487697351757549,2.5483006886608943,True
1000000.0,1e+27,131072,logarithmic,stackexchange,0.17890109094346474,b1,expanded,0.09943242344369017,1.7992228766784375,True
1000000.0,1e+27,131072,logarithmic,enron_emails,0.028283994348781854,b1,expanded,0.0022110330440804327,12.792207888754168,True
1000000.0,1e+27,131072,logarithmic,gutenberg_pg_19,0.03561575819689358,b1,expanded,0.04691494424769629,0.759155931399033,True
1000000.0,1e+27,131072,logarithmic,pile_cc,0.010166287800025521,b1,expanded,0.11948759779117796,0.08508236827886184,True
1000000.0,1e+27,131072,logarithmic,ubuntu_irc,0.043224603536819305,b1,expanded,0.019599998284382344,2.205337108180336,True
1000000.0,1e+27,131072,logarithmic,europarl,0.0010077356215126502,b1,expanded,0.012737064754468426,0.07911835583305138,True
1000000.0,1e+27,131072,logarithmic,hackernews,0.03450424274357698,b1,expanded,0.01165082237856243,2.9615285189708977,True
1000000.0,1e+27,131072,logarithmic,pubmed_abstracts,0.027953484033539016,b1,expanded,0.06618116611255062,0.4223782334992418,True
1000000.0,1e+27,131072,logarithmic,uspto_backgrounds,0.02405956273286647,b1,expanded,0.07556475309321728,0.3183966300159335,True
