budget_1e21,budget_flops,context_tokens,cost_function,quality_cost_scale,optimizer_success,constraint_violation_1e21,N_params_B,D_tokens_B,Q_target,loss,classic_loss,quality_loss,long_context_gain,mix_linear_loss,mix_kl_penalty,Q_bar,Q_effective,composition_KL,train_cost_1e21,quality_cost_1e21,attention_cost_1e21,total_cost_1e21,train_cost_share,quality_cost_share,attention_cost_share,N_to_D_ratio,p_top_domain,p_top_share,p_min,mix_effect_scale,mix_kl_weight,message,coefficient_source,boundary_scheme
0.01,1e+19,2048,exponential,1.0,True,0.0,2.735254049980114,0.4724692083296292,0.9896399269147403,1.3044727852450424,1.3285343796032092,0.010174608765457664,0.023608160417241994,-0.01856717719396961,0.007939134487587141,0.47616454542443293,0.99,0.2646378162529047,0.0077539398934471,0.0017167244235722443,0.000529335630059322,0.009999999947078666,0.7753939934481984,0.1716724432657379,0.052933563286063676,5.789274733162717,stackexchange,0.18221164594952008,0.00205265825411078,0.08,0.03,Optimization terminated successfully,b6_b8_lambda10,legacy
0.01,1e+19,4096,exponential,1.0,True,1.8908485888147197e-15,2.6352306617517915,0.4628607554256745,0.9896877827666978,1.2982866447960777,1.3378561603069754,0.010174609236894045,0.03792723352971346,-0.020944304505248864,0.009127413287170507,0.4739649850479777,0.9899999995736103,0.30424710957235024,0.0073184691289160065,0.0016823158860178847,0.0009992149850679987,0.010000000000001891,0.7318469128914623,0.16823158860175666,0.09992149850678098,5.693355141609004,stackexchange,0.17748930051964731,0.0014125256017934653,0.08,0.03,Optimization terminated successfully,b6_b8_lambda10,legacy
0.01,1e+19,8192,exponential,1.0,True,5.697352312150628e-14,2.4556883522778308,0.44656976702759715,0.9897221907484698,1.3015921825417214,1.3551366570278458,0.010174609887723078,0.051879883005803235,-0.020968405630328927,0.009129204262284484,0.4723835147450245,0.9899999989849693,0.3043068087428161,0.006579817052214569,0.0016234542381176776,0.0017967287097247252,0.010000000000056974,0.6579817052177082,0.16234542381084283,0.17967287097144885,5.499002694748196,stackexchange,0.17777791132526422,0.0011669364987614912,0.08,0.03,Optimization terminated successfully,b6_b8_lambda10,legacy
0.01,1e+19,32768,exponential,1.0,True,3.5908775952719907e-16,1.8087326424630752,0.3796285815146075,0.9897240511956219,1.3725509074783053,1.434205588367673,0.0101746088992576,0.05997987224232584,-0.02093944709283088,0.00909002954653155,0.47229804803017156,0.9899999998789849,0.30300098488438504,0.00411987964438455,0.0013801131493760461,0.004500007206239764,0.01000000000000036,0.4119879644384402,0.13801131493759966,0.45000072062396024,4.764479627025865,stackexchange,0.1784264869301415,0.0010604814758225266,0.08,0.03,Optimization terminated successfully,b6_b8_lambda10,legacy
0.01,1e+19,131072,exponential,1.0,True,0.0,1.0280873135945945,0.2720822160460255,0.9896779328246582,1.5387024972611176,1.6003515164440052,0.010174609154929591,0.05999999999999924,-0.02106827486313339,0.009244646525315401,0.4744177066881203,0.9899999996477429,0.30815488417718007,0.0016783456474297345,0.000988850329200258,0.0073328040233303395,0.009999999999960332,0.16783456474363923,0.09888503292041806,0.7332804023359427,3.77859063534194,stackexchange,0.1758728000753924,0.0010897665955743388,0.08,0.03,Optimization terminated successfully,b6_b8_lambda10,legacy
0.1,1e+20,2048,exponential,1.0,True,4.052314039881821e-15,7.784700090408744,1.8680212712663917,0.9897388693785544,0.955977198119413,0.9812556559681387,0.010174610245748787,0.023608160417241994,-0.02095059503626164,0.009105687359029039,0.47161692464131644,0.9899999986611536,0.30352291196763465,0.08725191215587763,0.006791690640951856,0.00595639720317458,0.10000000000000406,0.8725191215587409,0.06791690640951581,0.059563972031743385,4.167350880930411,stackexchange,0.17851395601895326,0.001157198235282533,0.08,0.03,Optimization terminated successfully,b6_b8_lambda10,legacy
0.1,1e+20,4096,exponential,1.0,True,4.704570066849101e-15,7.526259808367218,1.8193991729788341,0.9899303849828721,0.9505230710746074,0.9885609058730649,0.010174608765457664,0.03792723352971346,-0.017553532816816715,0.007268322782615119,0.46281464339038714,0.99,0.24227742608717065,0.08215962522580293,0.006622847276705478,0.011217527497496294,0.10000000000000471,0.8215962522579906,0.06622847276705167,0.11217527497495766,4.136673205168471,stackexchange,0.18951877531263914,0.002109817344479718,0.08,0.03,Optimization terminated successfully,b6_b8_lambda10,legacy
0.1,1e+20,8192,exponential,1.0,True,3.5388358909926865e-14,7.042335918345191,1.7413163020222082,0.9897333559026532,0.9487151013738632,1.0020679565400992,0.010174608765457664,0.051879883005803235,-0.021658487139464305,0.010010906213573924,0.47187041066810576,0.99,0.3336968737857975,0.07357760603358611,0.006330802345544704,0.02009159162090458,0.1000000000000354,0.7357760603356007,0.06330802345542463,0.2009159162089747,4.0442600291324755,stackexchange,0.18006488415696434,0.0010949238048303174,0.08,0.03,Optimization terminated successfully,b6_b8_lambda10,legacy
0.1,1e+20,32768,exponential,1.0,True,3.5964148326073087e-12,5.315302070496707,1.4212219824324988,0.9897407046250161,1.0020671538555315,1.0637213179011307,0.010174608765457664,0.05997987224232584,-0.021015657750750406,0.009166757182019427,0.47153281999543323,0.99,0.3055585727339809,0.04532534487515338,0.005167291766142183,0.04950736336230086,0.10000000000359642,0.4532534487352329,0.05167291765956345,0.4950736336052037,3.7399520526689845,stackexchange,0.1790085889609193,0.0011249262072472108,0.08,0.03,Optimization terminated successfully,b6_b8_lambda10,legacy
0.1,1e+20,131072,exponential,1.0,True,0.0,1.8207338119678982,1.5636196100887092,0.9898875485242322,1.1559809170513826,1.2070217562581997,0.010174608765457664,0.05999999999999924,-0.0013036626356650524,8.821466338944592e-05,0.46478354834072677,0.99,0.0029404887796481973,0.017081610558867446,0.005690250683549433,0.07463069530572913,0.09740255654814602,0.1753712752952641,0.05841993152137384,0.766208793183362,1.16443526303984,arxiv,0.1309343211218772,0.003166539288277332,0.08,0.03,Optimization terminated successfully,b6_b8_lambda10,legacy
1.0,1e+21,2048,exponential,1.0,True,0.0,24.561173190422977,6.2086842932609185,0.9898116758287685,0.7081746759152779,0.7334593558956588,0.010174608765457664,0.023608160417241994,-0.020952412048272914,0.009101283719676454,0.4718143313952028,0.99,0.30337612398921515,0.9149554212686419,0.022583621972751128,0.06246095675860596,0.999999999999999,0.9149554212686428,0.022583621972751152,0.06246095675860602,3.9559384936164927,stackexchange,0.17868403539445404,0.0011040359706317553,0.08,0.03,Optimization terminated successfully,b6_b8_lambda10,legacy
1.0,1e+21,4096,exponential,1.0,True,0.0,23.756047032229624,6.037454588254669,0.9897262397177092,0.6996069787528801,0.7390362827335084,0.010174608765457664,0.03792723352971346,-0.020436172373916223,0.008759493157543872,0.47219747740303686,0.99,0.2919831052514624,0.8605563309211708,0.021949044487627148,0.11749462438177051,0.9999999997905684,0.8605563311013985,0.02194904449222397,0.11749462440637759,3.934778586731716,stackexchange,0.17410685197853978,0.0010658575539799979,0.08,0.03,Optimization terminated successfully,b6_b8_lambda10,legacy
1.0,1e+21,8192,exponential,1.0,True,0.0,22.324139373220376,5.741935049595977,0.9897759059509598,0.695809902648997,0.7493669621402944,0.010174608765457664,0.051879883005803235,-0.020940300018319584,0.009088514767367807,0.4714565903487816,0.99,0.30295049224559356,0.7691025499149579,0.02088118045492429,0.2100162696301112,0.9999999999999933,0.769102549914963,0.020881180454924427,0.21001626963011258,3.8879122073648644,stackexchange,0.17890293014304953,0.001094193631588041,0.08,0.03,Optimization terminated successfully,b6_b8_lambda10,legacy
1.0,1e+21,32768,exponential,1.0,True,1.3322676295501878e-15,17.050998585412398,4.593756306428876,0.9897209798303632,0.7347704060134589,0.7963964769539464,0.010174608765457664,0.05997987224232584,-0.02070788163509756,0.008887074171478222,0.47243923181055514,0.99,0.29623580571594077,0.46996879369588823,0.016699958576550964,0.5133312477275622,1.0000000000000013,0.4699687936958876,0.016699958576550943,0.5133312477275616,3.711776909356259,stackexchange,0.1776595401695268,0.0010282897029481389,0.08,0.03,Optimization terminated successfully,b6_b8_lambda10,legacy
1.0,1e+21,131072,exponential,1.0,True,0.0,10.263146437901733,2.9917025753335422,0.989780799889569,0.8331987193820903,0.8941243400466514,0.010174608765457664,0.05999999999999924,-0.018793974873152253,0.007693745443132807,0.4719064677749861,0.99,0.2564581814377602,0.18422568977577533,0.010879989881190369,0.8048943203430142,0.9999999999999799,0.18422568977577902,0.010879989881190587,0.8048943203430304,3.430537020130587,stackexchange,0.18368560232959816,0.0010101096335792057,0.08,0.03,Optimization terminated successfully,b6_b8_lambda10,legacy
10.0,1e+22,2048,exponential,1.0,True,0.0,81.21554153880354,19.076851923788738,0.9897652812229468,0.5253722207891318,0.5506567240142779,0.010174608765457664,0.023608160417241994,-0.02094218672020834,0.009091235146846628,0.47146072830956687,0.99,0.3030411715615543,9.29602115907641,0.0693704631306413,0.6346083777929497,10.0,0.9296021159076411,0.00693704631306413,0.06346083777929497,4.257282169157489,stackexchange,0.17890286012940176,0.0011206026456688086,0.08,0.03,Optimization terminated successfully,b6_b8_lambda10,legacy
10.0,1e+22,4096,exponential,1.0,True,0.0,78.57130075589781,18.538108248369678,0.9897470285741614,0.5152776395801667,0.554875784522733,0.010174608765457664,0.03792723352971346,-0.020762352835367204,0.008916832657056744,0.4714010053744997,0.99,0.2972277552352248,8.739379671768264,0.06740369037961698,1.1932166378520936,9.999999999999975,0.8739379671768286,0.006740369037961715,0.11932166378520966,4.238366704046391,stackexchange,0.1786583722935559,0.0011307659810989397,0.08,0.03,Optimization terminated successfully,b6_b8_lambda10,legacy
10.0,1e+22,8192,exponential,1.0,True,2.1316282072803006e-14,73.94950820440184,17.590400901735254,0.9897469872731777,0.5091328955269158,0.5626876339745926,0.010174608765457664,0.051879883005803235,-0.020938986693656673,0.00908952248632539,0.47146487705194057,0.99,0.30298408287751305,7.804808974809532,0.0639578544691656,2.131233170721323,10.000000000000021,0.7804808974809515,0.0063957854469165465,0.21312331707213183,4.203969461384299,stackexchange,0.17888041121569734,0.0011687208616275296,0.08,0.03,Optimization terminated successfully,b6_b8_lambda10,legacy
10.0,1e+22,32768,exponential,1.0,True,0.0,56.73023979258454,13.970223002468833,0.9899005407197997,0.5365733803721721,0.5982298096094918,0.010174608765457664,0.05997987224232584,-0.020942173730647263,0.009091007970195717,0.4714698596541372,0.99,0.30303359900652393,4.755204605315623,0.05084391111824494,5.193951483566079,9.999999999999947,0.4755204605315649,0.005084391111824521,0.5193951483566107,4.060797009651107,stackexchange,0.1788874039867846,0.00111440617424225,0.08,0.03,Optimization terminated successfully,b6_b8_lambda10,legacy
10.0,1e+22,131072,exponential,1.0,True,0.0,34.3273645864262,9.013299190824041,0.9897580803248142,0.6103210371582506,0.6719916099360328,0.010174608765457664,0.05999999999999924,-0.020778018066034916,0.00893283652279436,0.470786361116474,0.99,0.29776121742647865,1.8564168446997427,0.03277419968407725,8.110808955616156,9.999999999999975,0.18564168446997473,0.003277419968407733,0.8110808955616176,3.808523811278012,stackexchange,0.17923955440192044,0.0010124475482844197,0.08,0.03,Optimization terminated successfully,b6_b8_lambda10,legacy
1000.0,1e+24,2048,exponential,1.0,True,0.0,922.2268962836611,169.06904376484135,0.9898291196575731,0.2861047316542046,0.311389466771521,0.010174608765457664,0.023608160417241994,-0.020941695154442032,0.009090511688909947,0.4714511177306858,0.99,0.30301705629699827,935.5201169333767,0.6150430839668646,63.86483998265185,999.9999999999953,0.9355201169333811,0.0006150430839668674,0.06386483998265215,5.454735389444736,stackexchange,0.17889380921864004,0.001114115530692427,0.08,0.03,Optimization terminated successfully,b6_b8_lambda10,legacy
1000.0,1e+24,4096,exponential,1.0,True,0.0,892.407420429157,164.2267652850515,0.9897818686446237,0.27417926144601235,0.3137823871529396,0.010174608765457664,0.03792723352971346,-0.02094247929809279,0.009091978355421299,0.4714501686858954,0.99,0.30306594518070995,879.3431038407447,0.5972510481986282,120.05964511105634,999.9999999999995,0.8793431038407451,0.0005972510481986285,0.12005964511105639,5.433994993935298,stackexchange,0.17892448549546114,0.0011344671711254765,0.08,0.03,Optimization terminated successfully,b6_b8_lambda10,legacy
1000.0,1e+24,8192,exponential,1.0,True,0.0,840.3527615764265,155.70049300396303,0.9897802108090659,0.2646561490047976,0.3182125995231389,0.010174608765457664,0.051879883005803235,-0.020941658303667045,0.009090482025671306,0.4714509953167874,0.99,0.30301606752237686,785.0600356481484,0.5662372841958193,214.3737270676544,999.9999999999986,0.7850600356481495,0.0005662372841958201,0.21437372706765467,5.397238925602099,stackexchange,0.1788939851995904,0.001114348299323038,0.08,0.03,Optimization terminated successfully,b6_b8_lambda10,legacy
1000.0,1e+24,32768,exponential,1.0,True,0.0,645.7883307508712,123.29534294915712,0.9898382732576377,0.27670629108143363,0.3383633735115172,0.010174608765457664,0.05997987224232584,-0.02094799963633523,0.009096180683119898,0.4715962913241463,0.99,0.3032060227706633,477.7361622749542,0.448552210849181,521.81528551419,999.9999999999934,0.47773616227495735,0.000448552210849184,0.5218152855141934,5.2377349809325136,stackexchange,0.17886810903528452,0.001090894115902538,0.08,0.03,Optimization terminated successfully,b6_b8_lambda10,legacy
1000.0,1e+24,131072,exponential,1.0,True,0.0,391.96953529719144,79.1721804088537,0.9897427567565722,0.31848591426527006,0.38016212012425527,0.010174608765457664,0.05999999999999924,-0.020942643030725655,0.009091828406281982,0.47143902538548776,0.99,0.30306094687606605,186.19849657994277,0.28785862915888255,813.5136447908753,999.999999999977,0.18619849657994705,0.00028785862915888915,0.813513644790894,4.950849316932013,stackexchange,0.1790133104096581,0.0011259271556526692,0.08,0.03,Optimization terminated successfully,b6_b8_lambda10,legacy
10000.0,1e+25,2048,exponential,1.0,True,0.0,999.9999999998798,1559.2752315350808,0.9897477169546016,0.2182200716779123,0.24350431434139264,0.010174608765457664,0.023608160417241994,-0.020947883883346393,0.00909719287165038,0.4716542943492082,0.99,0.30323976238834605,9355.65138920936,5.66947589431247,638.6791348366924,9999.999999940366,0.9355651389265152,0.0005669475894346279,0.0638679134840501,0.6413235968709619,stackexchange,0.17879852905546492,0.0011249120844630102,0.08,0.03,Optimization terminated successfully,b6_b8_lambda10,legacy
10000.0,1e+25,4096,exponential,1.0,True,0.0,999.9999999999998,1465.6650894165775,0.9899726758763514,0.20524089009853524,0.24484479007836224,0.010174608765457664,0.03792723352971346,-0.020935877626367786,0.009084602410796588,0.47145071190324567,0.99,0.3028200803598863,8793.990536499465,5.336622250474195,1200.6728412500604,9999.999999999998,0.8793990536499466,0.0005336622250474197,0.12006728412500606,0.6822841092558598,stackexchange,0.17891685909023555,0.0011119026318187702,0.08,0.03,Optimization terminated successfully,b6_b8_lambda10,legacy
10000.0,1e+25,8192,exponential,1.0,True,0.0,999.9999999999998,1308.5517174456597,0.9897714996188157,0.19380086356967402,0.2473570666280066,0.010174608765457664,0.051879883005803235,-0.020939559131983802,0.009088630313996773,0.47138367820141447,0.99,0.30295434379989244,7851.310304673957,4.758561462794835,2143.9311338629686,9999.99999999972,0.7851310304674177,0.0004758561462794968,0.21439311338630287,0.7642036510043607,stackexchange,0.17892262014137136,0.0011205992872416384,0.08,0.03,Optimization terminated successfully,b6_b8_lambda10,legacy
10000.0,1e+25,32768,exponential,1.0,True,0.0,999.9999999999998,796.3535011142948,0.989812363473297,0.19763072820939578,0.259287085277048,0.010174608765457664,0.05997987224232584,-0.02094162097246083,0.009090527381676755,0.4714496710796689,0.99,0.3030175793892252,4778.1210066857675,2.8966884115905422,5218.982304902641,10000.0,0.47781210066857677,0.0002896688411590542,0.5218982304902641,1.2557237440417521,stackexchange,0.1789050767267437,0.001116942652409867,0.08,0.03,Optimization terminated successfully,b6_b8_lambda10,legacy
10000.0,1e+25,131072,exponential,1.0,True,0.0,999.9999999999998,310.3851083955856,0.9899476814916915,0.22500671928725116,0.2866825139525897,0.010174608765457664,0.05999999999999924,-0.020938505763587884,0.009088102332790908,0.47145089860639233,0.99,0.30293674442636365,1862.3106503735132,1.1299641012437103,8136.559385525238,9999.999999999995,0.18623106503735143,0.00011299641012437108,0.8136559385525243,3.221804052292034,stackexchange,0.17890826883822916,0.0011417278649311887,0.08,0.03,Optimization terminated successfully,b6_b8_lambda10,legacy
31622.7766,3.16227766e+25,2048,exponential,1.0,True,0.0,999.9999999999998,4930.858785160636,0.9898873889536453,0.19688561398479137,0.22216976809650885,0.010174608765457664,0.023608160417241994,-0.02094227011777784,0.009091667657844683,0.4714495231601263,0.99,0.3030555885948228,29585.152710963812,17.94413063439289,2019.679758401796,31622.7766,0.9355646749553235,0.0005674432343930511,0.06386788181028341,0.2028044289180393,stackexchange,0.17892018668784015,0.001131600074324922,0.08,0.03,Optimization terminated successfully,b6_b8_lambda10,legacy
31622.7766,3.16227766e+25,4096,exponential,1.0,True,0.0,999.9999999999918,4634.843526197092,0.9897427905580222,0.1835570384464868,0.22316024137539506,0.010174608765457664,0.03792723352971346,-0.020942191280913076,0.009091613116260578,0.47145132508606713,0.99,0.30305377054201926,27809.061157182325,16.85162615506716,3796.863816660627,31622.77659999802,0.8793997285230186,0.0005328952093051884,0.12006737626767616,0.21575701409287834,stackexchange,0.1789026909012846,0.0011332696580275642,0.08,0.03,Optimization terminated successfully,b6_b8_lambda10,legacy
31622.7766,3.16227766e+25,8192,exponential,1.0,True,0.0,999.9999999999998,4138.0010604227145,0.9899987057964387,0.17145710759517266,0.22501661614442672,0.010174608765457664,0.051879883005803235,-0.020937229593042422,0.00908299528413391,0.47145837130406615,0.99,0.3027665094711304,24828.00636253628,15.069300067135922,6779.700937396574,31622.77659999999,0.7851304987094742,0.00047653310959215156,0.21439296818093373,0.2416625770264654,stackexchange,0.17890218216264422,0.0010077351551980127,0.08,0.03,Optimization terminated successfully,b6_b8_lambda10,legacy
31622.7766,3.16227766e+25,32768,exponential,1.0,True,0.0,999.9999999999704,2518.290921477443,0.9898046022126737,0.17218374762164246,0.23383183783767694,0.010174608765457664,0.05997987224232584,-0.020777293789874102,0.008934467050707781,0.4704449054372389,0.99,0.2978155683569261,15109.745528864212,9.159688140310376,16503.871382994086,31622.776599998608,0.47781210739302626,0.0002896547718175633,0.5218982378351562,0.39709470874528097,stackexchange,0.17906194131445338,0.001028506914400428,0.08,0.03,Optimization terminated successfully,b6_b8_lambda10,legacy
31622.7766,3.16227766e+25,131072,exponential,1.0,True,0.0,999.9999999999998,981.5239342653484,0.9898900721325561,0.19239502021093138,0.25407464644241845,0.010174608765457664,0.05999999999999924,-0.020936186184517362,0.009081951187571888,0.4714501697426809,0.99,0.30273170625239626,5889.143605592089,3.5719720023630885,25730.061022405545,31622.776599999997,0.18623107262478938,0.00011295567266421155,0.8136559717025464,1.018823856545567,stackexchange,0.17890225604782928,0.0010077380529008426,0.08,0.03,Optimization terminated successfully,b6_b8_lambda10,legacy
100000.0,1e+26,2048,exponential,1.0,True,0.0,999.9999999999953,4999.999999999595,0.9899230856581922,0.19666512617628462,0.2219492056264232,0.010174608765457664,0.023608160417241994,-0.020942306352800668,0.009091778554446412,0.47145245303996325,0.99,0.30305928514821373,29999.999999997435,18.19981224345414,2047.9999999998251,32066.199812240713,0.9355645563134506,0.0005675699755512245,0.06386787371099824,0.20000000000001525,stackexchange,0.1789052805795071,0.0011348363152889301,0.08,0.03,Optimization terminated successfully,b6_b8_lambda10,legacy
100000.0,1e+26,4096,exponential,1.0,True,0.0,999.9999999999998,5000.000000000004,0.9897425790962496,0.18234234585453518,0.22194920562642173,0.010174608765457664,0.03792723352971346,-0.020936422711167788,0.009082187703537038,0.4714504282557843,0.99,0.3027395901179013,30000.00000000002,18.179258643802722,4096.000000000003,34114.179258643824,0.8793997291433778,0.0005328945042462505,0.12006737635237587,0.19999999999999982,stackexchange,0.17890187343686514,0.0010077374280650336,0.08,0.03,Optimization terminated successfully,b6_b8_lambda10,legacy
100000.0,1e+26,8192,exponential,1.0,True,0.0,999.9999999999998,4999.999999999995,0.9898812015736497,0.1683896963656061,0.22194920562642176,0.010174608765457664,0.051879883005803235,-0.020936353050661296,0.009082118030191213,0.47145018634527835,0.99,0.30273726767304043,29999.999999999967,18.195041077586986,8191.999999999992,38210.195041077546,0.7851307738091554,0.00047618288935784184,0.21439304330148673,0.20000000000000015,stackexchange,0.17890100149971963,0.0010077381721957158,0.08,0.03,Optimization terminated successfully,b6_b8_lambda10,legacy
100000.0,1e+26,32768,exponential,1.0,True,0.0,999.9999999999989,5000.000000000004,0.9898103158539714,0.16028970715004157,0.22194920562642176,0.010174608765457664,0.05997987224232584,-0.0209361803132132,0.009081945313701175,0.4714502246136429,0.99,0.3027315104567059,29999.999999999985,18.18696896303051,32767.999999999985,62786.186968963,0.4778121024426892,0.00028966512924285154,0.521898232428068,0.19999999999999962,stackexchange,0.17890089436349862,0.0010077390705331558,0.08,0.03,Optimization terminated successfully,b6_b8_lambda10,legacy
100000.0,1e+26,131072,exponential,1.0,True,0.0,999.9999999999998,3103.851449177814,0.989781245302506,0.16830438298041256,0.22998030343663847,0.010174608765457664,0.05999999999999924,-0.0209423404670916,0.009091811245407267,0.4714497425671535,0.99,0.3030603748469089,18623.108695066883,11.287875606156947,81365.60342932689,99999.99999999993,0.18623108695066898,0.00011287875606156955,0.8136560342932695,0.32218036731909055,stackexchange,0.1789205783140387,0.001133787727333616,0.08,0.03,Optimization terminated successfully,b6_b8_lambda10,legacy
1000000.0,1e+27,2048,exponential,1.0,True,0.0,999.9999999999998,5000.000000000004,0.9899900413159168,0.19666500494481182,0.22194920562642173,0.010174608765457664,0.023608160417241994,-0.020940411203850384,0.009089762174024804,0.4714493567806737,0.99,0.3029920724674935,30000.00000000002,18.2074418927456,2048.0000000000014,32066.207441892762,0.9355643337105917,0.0005678077747653614,0.06386785851464306,0.19999999999999982,stackexchange,0.17892173431155842,0.001132123583210617,0.08,0.03,Optimization terminated successfully,b6_b8_lambda10,legacy
1000000.0,1e+27,4096,exponential,1.0,True,0.0,999.9999999999998,4999.999999999924,0.9897532694013254,0.18234490527103586,0.22194920562642198,0.010174608765457664,0.03792723352971346,-0.020943197455377996,0.009091521864247675,0.4714515309355999,0.99,0.30305072880825584,29999.999999999538,18.18047528838251,4095.999999999937,34114.18047528786,0.8793996977805575,0.000532930149137024,0.12006737207030545,0.200000000000003,stackexchange,0.17891077133943298,0.001098897287504824,0.08,0.03,Optimization terminated successfully,b6_b8_lambda10,legacy
1000000.0,1e+27,8192,exponential,1.0,True,0.0,999.9999999999998,5000.000000000004,0.9899496859025985,0.16838969636326268,0.22194920562642173,0.010174608765457664,0.051879883005803235,-0.020936322049617692,0.009082087026804202,0.4714502051834869,0.99,0.30273623422680673,30000.00000000002,18.202842995039926,8192.000000000005,38210.202842995066,0.7851306134979026,0.00047638697627005625,0.21439299952582727,0.19999999999999982,stackexchange,0.1789009032486082,0.0010077385276372965,0.08,0.03,Optimization terminated successfully,b6_b8_lambda10,legacy
1000000.0,1e+27,32768,exponential,1.0,True,0.0,999.9999999999998,5000.000000000004,0.9897603681001007,0.160289707170724,0.22194920562642173,0.010174608765457664,0.05997987224232584,-0.020936269309739953,0.009082034330910389,0.471450192837412,0.99,0.30273447769701295,30000.00000000002,18.18128322176266,32768.00000000002,62786.1812832218,0.4778121457120191,0.00028957459826627806,0.5218982796897147,0.19999999999999982,stackexchange,0.17890211052126961,0.0010077388119385379,0.08,0.03,Optimization terminated successfully,b6_b8_lambda10,legacy
1000000.0,1e+27,131072,exponential,1.0,True,0.0,999.9999999999998,5000.000000000004,0.9897694477414591,0.16026966384046135,0.22194920562642173,0.010174608765457664,0.05999999999999924,-0.02092958534007546,0.009075434788656666,0.47145989909647545,0.99,0.3025144929552222,30000.00000000002,18.182316664878382,131072.0000000001,161090.18231666498,0.18623108850312897,0.00011287042080029602,0.8136560410760707,0.19999999999999982,stackexchange,0.17894442157768103,0.0010077322126618132,0.08,0.03,Optimization terminated successfully,b6_b8_lambda10,legacy
0.01,1e+19,2048,power,1.0,True,0.0,2.878255563047745,0.43434793250716397,0.9897265065416613,1.3110332213110978,1.336311327897242,0.010174608765457664,0.023608160417241994,-0.020980254232627248,0.009135699298267365,0.47218527197068216,0.99,0.30452330994224547,0.0075009861182221875,0.0019869465627610364,0.000512067319003968,0.009999999999987193,0.7500986118231794,0.1986946562763581,0.051206731900462384,6.62661278582297,stackexchange,0.17873179250044893,0.0011576385282159223,0.08,0.03,Optimization terminated successfully,b6_b8_lambda10,legacy
0.01,1e+19,4096,power,1.0,True,0.0,2.7659957491168363,0.42669317026062614,0.9897066686527849,1.3060291739698293,1.3455145712432925,0.010174608765457664,0.03792723352971346,-0.02105761399064674,0.009324841481439255,0.4730969872424301,0.99,0.31082804938130854,0.007081388970708471,0.0019517653415033725,0.0009668456408007299,0.009999999953012572,0.7081389003982097,0.19517653506742158,0.09668456453436888,6.482399864585021,stackexchange,0.1719188149771579,0.0017777709531843905,0.08,0.03,Optimization terminated successfully,b6_b8_lambda10,legacy
0.01,1e+19,8192,power,1.0,True,1.474514954580286e-16,2.5750919871435642,0.412469626994702,0.9897304374732514,1.309050241040401,1.3625991655742533,0.010174623792221319,0.051879883005803235,-0.020957755136974003,0.00911408981670362,0.4720038893290691,0.9899999864090742,0.30380299389012067,0.006372883388484912,0.0018868945875662897,0.0017402220239489466,0.010000000000000148,0.6372883388484818,0.18868945875662618,0.17402220239489208,6.243106931062926,stackexchange,0.17828684992844698,0.001152973350539594,0.08,0.03,Optimization terminated successfully,b6_b8_lambda10,legacy
0.01,1e+19,32768,power,1.0,True,0.0,1.8859175468522371,0.35398251574851664,0.9897459883255123,1.3796084872991679,1.4408512295917648,0.010174610635609963,0.05997987224232584,-0.02026151392557727,0.008824033239696218,0.47128971056370755,0.9899999983085445,0.29413444132320726,0.004005491026374155,0.0016194446241182112,0.004375064331740944,0.009999999982233311,0.4005491033490587,0.1619444626995428,0.4375064339513985,5.327713835990895,stackexchange,0.17930475944203614,0.0019328641383557434,0.08,0.03,Optimization terminated successfully,b6_b8_lambda10,legacy
0.01,1e+19,131072,power,1.0,True,6.36660862918248e-14,1.061319720182868,0.2579696349441659,0.9897225727266203,1.5439156602882231,1.6055866974208777,0.010174608765457664,0.05999999999999924,-0.02096735533730554,0.009121709439192407,0.47236602386212234,0.99,0.30405698130641357,0.0016427295646477124,0.0011800754521657875,0.007177194983250166,0.010000000000063666,0.16427295646372536,0.11800754521582744,0.7177194983204471,4.11412653435966,stackexchange,0.17811042976046096,0.0011444039396840027,0.08,0.03,Optimization terminated successfully,b6_b8_lambda10,legacy
0.1,1e+20,2048,power,1.0,True,0.0,7.974268661471125,1.7957635850734168,0.9897365439715511,0.9581481881518676,0.9834314144004026,0.010174608765457664,0.023608160417241994,-0.02091146795755189,0.009061793360801278,0.47179504423741736,0.99,0.30205977869337597,0.0859194076791719,0.008215160756596626,0.005865431564231469,0.1,0.859194076791719,0.08215160756596626,0.058654315642314686,4.4406004931574055,stackexchange,0.17806266815808228,0.0011212294550358032,0.08,0.03,Optimization terminated successfully,b6_b8_lambda10,legacy
0.1,1e+20,4096,power,1.0,True,1.3836154444391013e-14,7.68457317735922,1.7550477243980438,0.9897943495809951,0.9518342884709293,0.9906903761015204,0.010174609865813417,0.03792723352971346,-0.018606268584975594,0.007502804618284707,0.4690669875999232,0.9899999990047854,0.25009348727615693,0.08092075600736727,0.008030863439107364,0.011048380553539211,0.10000000000001384,0.8092075600735606,0.08030863439106253,0.11048380553537682,4.378555107380295,stackexchange,0.1844546914482833,0.0010488751073422346,0.08,0.03,Optimization terminated successfully,b6_b8_lambda10,legacy
0.1,1e+20,8192,power,1.0,True,1.249000902703301e-16,7.1970233804825146,1.6793026176937897,0.9897386110988927,0.9505808751656072,1.0041360474254852,0.010174608765457664,0.051879883005803235,-0.020873036082875766,0.00902313806334319,0.47162893916187115,0.99,0.30077126877810634,0.07251588121468618,0.007682448821623655,0.019801669963690306,0.10000000000000013,0.7251588121468608,0.07682448821623646,0.1980166996369028,4.28572152788417,stackexchange,0.17855126964721676,0.0010897521020443682,0.08,0.03,Optimization terminated successfully,b6_b8_lambda10,legacy
0.1,1e+20,32768,power,1.0,True,4.121702978920894e-15,5.411373855017664,1.3791587101924025,0.9897882762301324,1.0038491037463069,1.0655074593116975,0.010174608765457664,0.05997987224232584,-0.020886192012636848,0.009033099924114437,0.4714512561795323,0.99,0.3011033308038146,0.044778860317530304,0.006310683186312717,0.0489104564961611,0.10000000000000413,0.44778860317528457,0.06310683186312456,0.4891045649615908,3.9236773947958015,stackexchange,0.17890975303819215,0.001008177284181915,0.08,0.03,Optimization terminated successfully,b6_b8_lambda10,legacy
0.1,1e+20,131072,power,1.0,True,1.6653345369377348e-16,3.181641727378543,0.9339586581676022,0.9898240005993623,1.1321572191030274,1.193628804888021,0.010174608765457664,0.05999999999999924,-0.02166170896733207,0.010015514416879761,0.4707829805452642,0.99,0.3338504805626587,0.017829131030835096,0.004274206886711153,0.07789666208245392,0.10000000000000017,0.17829131030835066,0.04274206886711146,0.7789666208245379,3.4066194467545547,stackexchange,0.18105933941385785,0.00101473566658989,0.08,0.03,Optimization terminated successfully,b6_b8_lambda10,legacy
1.0,1e+21,2048,power,1.0,True,0.0,24.747975474407596,6.127481354041344,0.9897273754093014,0.7095318620865423,0.7339905785137804,0.010174608765457664,0.023608160417241994,-0.018683795610930986,0.007658630835477284,0.4721463975247572,0.99,0.2552876945159095,0.9098565496182303,0.02803057627754838,0.062112873787271185,0.9999999996830498,0.9098565499066095,0.02803057628643268,0.062112873806957875,4.038849576928572,stackexchange,0.18502476301846416,0.001108546671507201,0.08,0.03,Optimization terminated successfully,b6_b8_lambda10,legacy
1.0,1e+21,4096,power,1.0,True,0.0,23.938211103037517,5.958958670275328,0.9897551664996842,0.6999545106852989,0.7395582538965819,0.010174608765457664,0.03792723352971346,-0.020953129488546284,0.009102011041519142,0.4717150422925691,0.99,0.3034003680506381,0.8558808636199592,0.0272628691337954,0.1168562672462451,0.9999999999999997,0.8558808636199595,0.02726286913379541,0.11685626724624514,4.017180253732398,stackexchange,0.17874792207415074,0.0011076513029005053,0.08,0.03,Optimization terminated successfully,b6_b8_lambda10,legacy
1.0,1e+21,8192,power,1.0,True,0.0,22.482860376611523,5.671939174734926,0.9896704562752315,0.6983610684915641,0.7498684680545599,0.010174608765457664,0.051879883005803235,-0.016166681475164757,0.006364556152514612,0.4747614194492083,0.99,0.21215187175048708,0.7651284991811912,0.02594040853886435,0.2089310888430773,0.9999999965631329,0.7651285018108361,0.025940408628018087,0.20893108956114567,3.9638754373035465,freelaw,0.1903199249862325,0.0027779216888230117,0.08,0.03,Optimization terminated successfully,b6_b8_lambda10,legacy
1.0,1e+21,32768,power,1.0,True,0.0,17.146855862435583,4.548977143096812,0.9897428931256474,0.7351950353196067,0.7968235259852496,0.010174608765457664,0.05997987224232584,-0.020875817537315593,0.009052590348540878,0.471433043724141,0.99,0.30175301161802925,0.46800393236517024,0.020810971180706312,0.5111850951913967,0.9999999987372732,0.46800393295613135,0.02081097120698488,0.5111850958368838,3.7693871222141384,stackexchange,0.17864551311004584,0.0011707028248238555,0.08,0.03,Optimization terminated successfully,b6_b8_lambda10,legacy
1.0,1e+21,131072,power,1.0,True,0.0,10.302578757298548,2.9720610587731238,0.9897728573629226,0.8327606126919823,0.8944358374525294,0.010174608765457664,0.05999999999999924,-0.020949478045975422,0.009099644519970035,0.4715125206891313,0.99,0.30332148399900116,0.1837193587770613,0.013598514768696073,0.8026821264542326,0.99999999999999,0.18371935877706314,0.013598514768696208,0.8026821264542406,3.4664761435121676,stackexchange,0.17888203875395753,0.0011562532840218985,0.08,0.03,Optimization terminated successfully,b6_b8_lambda10,legacy
10.0,1e+22,2048,power,1.0,True,0.0,81.42675063325194,18.993794024575248,0.9897422326675094,0.5254943130570082,0.55077884436346,0.010174608765457664,0.023608160417241994,-0.02093937233450701,0.009088392679839541,0.47146246140326736,0.99,0.30294642266131805,9.279617577710637,0.08689386230848593,0.6334885599717128,9.999999999990836,0.927961757771914,0.008689386230856556,0.06334885599722934,4.287018724531675,stackexchange,0.17887968637753324,0.0011207772355412257,0.08,0.03,Optimization terminated successfully,b6_b8_lambda10,legacy
10.0,1e+22,4096,power,1.0,True,1.050004527769488e-11,78.79086210666725,18.45476395205426,0.989742402001136,0.5153956883601601,0.5549954128416239,0.010174617590816816,0.03792723352971346,-0.020942769431744744,0.009095660889177593,0.47145424682105774,0.9899999920179217,0.30318869630591977,8.724400570544404,0.08442793823443306,1.1911714912316627,10.0000000000105,0.8724400570535243,0.008442793823434441,0.1191171491230412,4.269405033376045,stackexchange,0.17867153403616892,0.001152915435493456,0.08,0.03,Optimization terminated successfully,b6_b8_lambda10,legacy
10.0,1e+22,8192,power,1.0,True,0.0,74.1318041042962,17.518429027834745,0.9899593962449815,0.5092481480470538,0.5628032445731912,0.010174608765457664,0.051879883005803235,-0.020989978671371336,0.009140156385579567,0.4726629931273172,0.99,0.3046718795193189,7.7920364934387685,0.08021807475281548,2.1277454318083464,9.99999999999993,0.7792036493438822,0.008021807475281603,0.2127745431808361,4.231646798152356,stackexchange,0.17805384497668514,0.0010328796095726294,0.08,0.03,Optimization terminated successfully,b6_b8_lambda10,legacy
10.0,1e+22,32768,power,1.0,True,0.0,56.85259890303544,13.922132586118186,0.9898000184332378,0.5373637090234027,0.5983267107306829,0.010174608765457664,0.05997987224232584,-0.019238184553278862,0.008080446322866914,0.46880656688440303,0.99,0.2693482107622305,4.749056518760741,0.06370734558975984,5.187236133558399,9.999999997908901,0.4749056519753816,0.006370734560308167,0.5187236134643102,4.083612805104543,pubmed_central,0.17947101721425102,0.0015364028415438358,0.08,0.03,Optimization terminated successfully,b6_b8_lambda10,legacy
10.0,1e+22,131072,power,1.0,True,0.0,34.38801125857872,8.989862969591071,0.9897423451485632,0.6103855664900434,0.6720619147851106,0.010174608765457664,0.05999999999999924,-0.020940398225818956,0.009089441165293451,0.47145736662531723,0.99,0.3029813721764484,1.8548610540682662,0.04112734330316341,8.10401160262786,9.99999999999929,0.1854861054068398,0.004112734330316633,0.8104011602628436,3.825198601457988,stackexchange,0.17886101918847633,0.0011214184706948296,0.08,0.03,Optimization terminated successfully,b6_b8_lambda10,legacy
1000.0,1e+24,2048,power,1.0,True,0.0,922.4519526902116,169.0010571429995,0.9897349408154068,0.28611226709383986,0.3113955652493643,0.010174612402083961,0.023608160417241994,-0.020946050540564337,0.009096300400197963,0.4717973952704761,0.9899999967108606,0.30321001333993214,935.3721310096196,0.7731315134509029,63.85473747692337,999.9999999999939,0.9353721310096254,0.0007731315134509077,0.06385473747692376,5.458261435073053,stackexchange,0.17864436201096145,0.0011415740352229953,0.08,0.03,Optimization terminated successfully,b6_b8_lambda10,legacy
1000.0,1e+24,4096,power,1.0,True,0.0,892.6193798654817,164.1624930512861,0.9897676466907716,0.2741851647402769,0.31378836714644803,0.010174608765457664,0.03792723352971346,-0.020942284207421273,0.009091706565505888,0.47145159567319844,0.99,0.30305688551686294,879.2077364676627,0.7511005799521784,120.04116295238488,999.9999999999998,0.8792077364676629,0.0007511005799521785,0.12004116295238491,5.437413645921045,stackexchange,0.17890444916182396,0.0011332782499113708,0.08,0.03,Optimization terminated successfully,b6_b8_lambda10,legacy
1000.0,1e+24,8192,power,1.0,True,0.0,840.5227997611016,155.6462813828866,0.9897433281102251,0.2646588373008104,0.31821834656343273,0.010174608765457664,0.051879883005803235,-0.02093623760083453,0.009082002578557763,0.4714503961704523,0.99,0.30273341928525876,784.9454892020884,0.7120625464592999,214.3424482514503,999.999999999998,0.7849454892020901,0.0007120625464593014,0.21434244825145074,5.400211250106471,stackexchange,0.17890166478518155,0.0010077388427463209,0.08,0.03,Optimization terminated successfully,b6_b8_lambda10,legacy
1000.0,1e+24,32768,power,1.0,True,0.0,645.9204478431427,123.25587264445876,0.9898399131184769,0.2767117381536873,0.3383682151225329,0.010174608765457664,0.05997987224232584,-0.02094154917583353,0.00909033568385614,0.4714500048569165,0.99,0.30301118946187133,477.68093074683696,0.5641112960816844,521.7549579570785,999.9999999999973,0.47768093074683826,0.0005641112960816859,0.5217549579570799,5.240484156940343,stackexchange,0.1788921750965972,0.0011131463747006878,0.08,0.03,Optimization terminated successfully,b6_b8_lambda10,legacy
1000.0,1e+24,131072,power,1.0,True,0.0,391.985437559304,79.16308077495303,0.9897727340263945,0.3184889841887811,0.38016561649093067,0.010174608765457664,0.05999999999999924,-0.02094155085534999,0.009090309787741927,0.47144966141158545,0.99,0.30301032625806423,186.18464913667495,0.3622064752454713,813.4531443880754,999.9999999999959,0.1861846491366757,0.00036220647524547276,0.8134531443880788,4.951619286693135,stackexchange,0.17889211982911238,0.001112260061217929,0.08,0.03,Optimization terminated successfully,b6_b8_lambda10,legacy
10000.0,1e+25,2048,power,1.0,True,0.0,999.9999999999998,1559.0466373804984,0.9898169821867918,0.21822280216088946,0.2435074630222402,0.010174608765457664,0.023608160417241994,-0.02094162476325617,0.009090515553689775,0.4714496660349254,0.99,0.3030171851229925,9354.279824282989,7.134673045955707,638.585502671052,9999.999999999996,0.9354279824282992,0.000713467304595571,0.06385855026710523,0.6414176305079585,stackexchange,0.17890621107241786,0.0011164086037724421,0.08,0.03,Optimization terminated successfully,b6_b8_lambda10,legacy
10000.0,1e+25,4096,power,1.0,True,0.0,999.9999999999998,1465.464522000067,0.9897437531336523,0.2052409175930156,0.24484777735768423,0.010174608765457664,0.03792723352971346,-0.020936162943831774,0.009081927943418971,0.471451198824219,0.99,0.30273093144729907,8792.787132000401,6.704331577133685,1200.5085364224549,9999.999999999989,0.8792787132000411,0.0006704331577133692,0.12005085364224562,0.6823774884943643,stackexchange,0.1789000339656603,0.0010077395275410628,0.08,0.03,Optimization terminated successfully,b6_b8_lambda10,legacy
10000.0,1e+25,8192,power,1.0,True,0.0,999.9999999999989,1308.390449203289,0.9899272604510742,0.19380032907245054,0.24735983832934239,0.010174608765457664,0.051879883005803235,-0.020936248009262113,0.009082012992715835,0.47145047938629187,0.99,0.3027337664238612,7850.342695219725,5.9903928050508375,2143.666911974666,9999.999999999442,0.7850342695220164,0.0005990392805051172,0.2143666911974786,0.7642978444308602,stackexchange,0.17890051155618408,0.0010077389315842713,0.08,0.03,Optimization terminated successfully,b6_b8_lambda10,legacy
10000.0,1e+25,32768,power,1.0,True,0.0,999.9999999999998,796.294022336508,0.9897701536286736,0.1976329631273059,0.25928899916483245,0.010174608765457664,0.05997987224232584,-0.02094197774697388,0.009091205186315543,0.4714514781287805,0.99,0.30304017287718477,4777.764134019047,3.6433611964115498,5218.592504784538,9999.999999999996,0.47777641340190485,0.0003643361196411551,0.5218592504784539,1.2558175396893878,stackexchange,0.1789114969858285,0.0011269399135391733,0.08,0.03,Optimization terminated successfully,b6_b8_lambda10,legacy
10000.0,1e+25,131072,power,1.0,True,0.0,999.9999999999998,310.3760843989185,0.9898653336172477,0.2250072156411164,0.28668346826579905,0.010174608765457664,0.05999999999999924,-0.020941875575990334,0.009091014185849233,0.4714502034461764,0.99,0.30303380619497444,1862.2565063935108,1.4206667394790422,8136.322826867009,9999.999999999998,0.18622565063935112,0.00014206667394790426,0.8136322826867011,3.22189772429349,stackexchange,0.1789124957515921,0.0011240580112619445,0.08,0.03,Optimization terminated successfully,b6_b8_lambda10,legacy
31622.7766,3.16227766e+25,2048,power,1.0,True,0.0,999.9999999999998,4930.138187623217,0.9898280274615125,0.19688671969521937,0.22217208735483798,0.010174608765457664,0.023608160417241994,-0.020940200730348066,0.009088384722513776,0.47144681960101187,0.99,0.3029461574171259,29580.8291257393,22.562872610210704,2019.3846016504694,31622.77659999998,0.9354279511856438,0.0007135006800829349,0.06385854813427329,0.20283407116466493,stackexchange,0.17891432072083227,0.0010940734659648423,0.08,0.03,Optimization terminated successfully,b6_b8_lambda10,legacy
31622.7766,3.16227766e+25,4096,power,1.0,True,0.0,999.9999999999998,4634.204830401607,0.9898112570396955,0.18355560439767166,0.2231624641838264,0.010174608765457664,0.03792723352971346,-0.02093620085565351,0.009081965833754566,0.4714503229134127,0.99,0.30273219445848554,27805.228982409637,21.20702052532436,3796.340597064996,31622.776599999957,0.879278544516223,0.0006706248724953642,0.12005083061128165,0.21578675017550708,stackexchange,0.17890084412188642,0.0010077388697610713,0.08,0.03,Optimization terminated successfully,b6_b8_lambda10,legacy
31622.7766,3.16227766e+25,8192,power,1.0,True,0.0,999.9999999999998,4137.49579726081,0.989745435493052,0.1714627708503519,0.22501864526548038,0.010174608765457664,0.051879883005803235,-0.020942279081145664,0.009091678906362739,0.47145012699080435,0.99,0.30305596354542463,24824.974783564856,18.928702203005727,6778.873114232109,31622.77659999997,0.7850346317649058,0.0005985781211573226,0.21436679011393694,0.24169208840333817,stackexchange,0.17891713631620274,0.0011317877252751346,0.08,0.03,Optimization terminated successfully,b6_b8_lambda10,legacy
31622.7766,3.16227766e+25,32768,power,1.0,True,0.0,999.9999999999998,2518.102892542941,0.989745743022984,0.17217375771000465,0.23383325158497897,0.010174608765457664,0.05997987224232584,-0.02093557171237709,0.009081341314270937,0.47140984938731173,0.99,0.30271137714236457,15108.617355257644,11.520128172870482,16502.63911656942,31622.776599999932,0.4777764314110759,0.00036429843965284526,0.5218592701492712,0.39712436015278785,stackexchange,0.1789213481170813,0.0010077435210651005,0.08,0.03,Optimization terminated successfully,b6_b8_lambda10,legacy
31622.7766,3.16227766e+25,131072,power,1.0,True,0.0,999.999999999998,981.495422030163,0.9897567794524634,0.19239913446234588,0.2540753509990849,0.010174608765457664,0.05999999999999924,-0.020941940950659196,0.00909111564846174,0.47145127851370694,0.99,0.303037188282058,5888.972532180966,4.490476551518408,25729.31359126745,31622.776599999936,0.18622566280852698,0.00014200133683132737,0.8136323358546417,1.018853453163907,stackexchange,0.17890984642464577,0.0011253299843553678,0.08,0.03,Optimization terminated successfully,b6_b8_lambda10,legacy
100000.0,1e+26,2048,power,1.0,True,0.0,999.9999999999998,5000.000000000004,0.9898030551219831,0.19666434153127405,0.22194920562642173,0.010174608765457664,0.023608160417241994,-0.020931605405954127,0.009080292962590757,0.4712217180443218,0.99,0.3026764320863586,30000.00000000002,22.880174834043373,2048.0000000000014,32070.880174834063,0.935428021820896,0.0007134252227975142,0.0638585529563065,0.19999999999999982,stackexchange,0.17903788650186403,0.0011072620142220614,0.08,0.03,Optimization terminated successfully,b6_b8_lambda10,legacy
100000.0,1e+26,4096,power,1.0,True,0.0,999.999999999997,5000.000000000004,0.9897426860492645,0.1823423458405708,0.2219492056264218,0.010174608765457664,0.03792723352971346,-0.020936240953123974,0.009082005931528761,0.47145023014293497,0.99,0.30273353105095874,29999.999999999935,22.8743212596435,4095.9999999999914,34118.874321259565,0.8792787158662749,0.0006704301274497339,0.12005085400627542,0.19999999999999926,stackexchange,0.17890120315482116,0.0010077385880029274,0.08,0.03,Optimization terminated successfully,b6_b8_lambda10,legacy
100000.0,1e+26,8192,power,1.0,True,0.0,999.9999999999989,5000.000000000004,0.989881287413719,0.16838969636909598,0.22194920562642176,0.010174608765457664,0.051879883005803235,-0.0209363864047421,0.00908215138776188,0.4714501881646305,0.99,0.3027383795920627,29999.999999999985,22.887762075600243,8191.999999999996,38214.88776207558,0.7850343611311599,0.0005989226559580279,0.21436671621288209,0.19999999999999962,stackexchange,0.17890093243495048,0.0010077378498862617,0.08,0.03,Optimization terminated successfully,b6_b8_lambda10,legacy
100000.0,1e+26,32768,power,1.0,True,0.0,999.9999999999989,5000.000000000004,0.9898116772063789,0.1602897071491472,0.22194920562642176,0.010174608765457664,0.05997987224232584,-0.020936181046246387,0.00908194604584,0.47145021621781175,0.99,0.30273153486133336,29999.999999999985,22.881010945769162,32767.999999999985,62790.88101094574,0.4777763827644076,0.00036440022145541376,0.521859217014137,0.19999999999999962,stackexchange,0.17890089434786238,0.0010077390834689886,0.08,0.03,Optimization terminated successfully,b6_b8_lambda10,legacy
100000.0,1e+26,131072,power,1.0,True,0.0,999.9999999999998,3103.7608085274983,0.9898843099389982,0.1683012005465704,0.2299808267964379,0.010174608765457664,0.05999999999999924,-0.020936268225574168,0.009082033210248277,0.47145036049247735,0.99,0.30273444034160923,18622.564851164985,14.207809771673467,81363.22733906323,99999.99999999988,0.18622564851165008,0.00014207809771673484,0.8136322733906333,0.32218977611049376,stackexchange,0.178900446767641,0.001007739038043439,0.08,0.03,Optimization terminated successfully,b6_b8_lambda10,legacy
1000000.0,1e+27,2048,power,1.0,True,0.0,999.9999999999998,5000.000000000004,0.9899900413159168,0.19666500494481182,0.22194920562642173,0.010174608765457664,0.023608160417241994,-0.020940411203850384,0.009089762174024804,0.4714493567806737,0.99,0.3029920724674935,30000.00000000002,22.898312398765835,2048.0000000000014,32070.898312398785,0.9354274927934231,0.0007139903652126022,0.06385851684136436,0.19999999999999982,stackexchange,0.17892173431155842,0.001132123583210617,0.08,0.03,Optimization terminated successfully,b6_b8_lambda10,legacy
1000000.0,1e+27,4096,power,1.0,True,0.0,999.9999999999953,4999.999999999995,0.9897532651340036,0.18234490530238023,0.22194920562642192,0.010174608765457664,0.03792723352971346,-0.020943235369100525,0.009091559809314625,0.47145152417771036,0.99,0.30305199364382085,29999.999999999836,22.875346963438247,4095.9999999999777,34118.87534696325,0.8792786894328269,0.000670460169944443,0.12005085039722864,0.19999999999999926,stackexchange,0.17891071403174238,0.0010988905832468026,0.08,0.03,Optimization terminated successfully,b6_b8_lambda10,legacy
1000000.0,1e+27,8192,power,1.0,True,0.0,999.9999999999998,5000.000000000004,0.9899496859025985,0.16838969636326268,0.22194920562642173,0.010174608765457664,0.051879883005803235,-0.020936322049617692,0.009082087026804202,0.4714502051834869,0.99,0.30273623422680673,30000.00000000002,22.894397074624013,8192.000000000005,38214.89439707465,0.785034224830843,0.0005990961753482323,0.21436667899380885,0.19999999999999982,stackexchange,0.1789009032486082,0.0010077385276372965,0.08,0.03,Optimization terminated successfully,b6_b8_lambda10,legacy
1000000.0,1e+27,32768,power,1.0,True,0.0,999.9999999999998,5000.000000000004,0.9897603681001007,0.160289707170724,0.22194920562642173,0.010174608765457664,0.05997987224232584,-0.020936269309739953,0.009082034330910389,0.471450192837412,0.99,0.30273447769701295,30000.00000000002,22.876035655768263,32768.00000000002,62790.876035655805,0.4777764206214373,0.0003643210144540443,0.5218592583641086,0.19999999999999982,stackexchange,0.17890211052126961,0.0010077388119385379,0.08,0.03,Optimization terminated successfully,b6_b8_lambda10,legacy
1000000.0,1e+27,131072,power,1.0,True,0.0,999.9999999999998,5000.000000000004,0.9897694374696242,0.16026966313624758,0.22194920562642173,0.010174608765457664,0.05999999999999924,-0.02092948495947508,0.009075333703842494,0.4714597799120814,0.99,0.3025111234614165,30000.00000000002,22.876915029009155,131072.0000000001,161094.8769150291,0.18622566138973978,0.00014200895439447016,0.8136323296558658,0.19999999999999982,stackexchange,0.17894387626964509,0.0010077324121620117,0.08,0.03,Optimization terminated successfully,b6_b8_lambda10,legacy
0.01,1e+19,2048,logarithmic,1.0,True,0.0,2.3491320811745338,0.6101331829629932,0.9897272230844708,1.281984385072486,1.3070680268291124,0.010174608765457664,0.023608160417241994,-0.02058722518279954,0.008937135077957351,0.4721523695270583,0.99,0.29790450259857837,0.008599700603324994,0.000813226489593914,0.0005870728945203196,0.009999999987439228,0.8599700614126882,0.08132264906153892,0.058707289525772845,3.8501955749504235,stackexchange,0.1822518148316123,0.00120859298278778,0.08,0.03,Optimization terminated successfully,b6_b8_lambda10,legacy
0.01,1e+19,4096,logarithmic,1.0,True,0.0,2.266152774505343,0.5957262538414105,0.9897366648334143,1.2771138724174513,1.316717407229035,0.010174608765457664,0.03792723352971346,-0.020960075907883666,0.009109165860555612,0.47171863184055685,0.99,0.3036388620185204,0.008100040217930319,0.0007940342898158034,0.0011059254910880862,0.009999999998834209,0.8100040218874615,0.07940342899083712,0.1105925491217014,3.8040169623086983,stackexchange,0.178777662174319,0.0010966510705106923,0.08,0.03,Optimization terminated successfully,b6_b8_lambda10,legacy
0.01,1e+19,8192,logarithmic,1.0,True,0.0,2.1225067787676934,0.5699484028288658,0.9897408102675935,1.2810438138749518,1.334599714090568,0.010174608765457664,0.051879883005803235,-0.020957768796960315,0.009107142821689543,0.4715279201714204,0.99,0.3035714273896514,0.007258316091312527,0.000759679728003938,0.0019820041806677406,0.009999999999984206,0.7258316091323991,0.07596797280051379,0.1982004180670871,3.7240332076252924,stackexchange,0.17887419026650223,0.0011231196990325618,0.08,0.03,Optimization terminated successfully,b6_b8_lambda10,legacy
0.01,1e+19,32768,logarithmic,1.0,True,0.0,1.596310690913354,0.467899097196992,0.9896270640292659,1.3565735929140503,1.4161996844016562,0.010174609785596573,0.05997987224232584,-0.016403768162357956,0.006582939131481407,0.4767556857130164,0.9899999990773374,0.21943130438271358,0.0044814739867455895,0.0006235613309827453,0.004894964653255983,0.009999999970984318,0.44814739997488917,0.06235613327920511,0.4894964667459057,3.411655847331727,freelaw,0.19039398138030822,0.0027461555183600564,0.08,0.03,Optimization terminated successfully,b6_b8_lambda10,legacy
0.01,1e+19,131072,logarithmic,1.0,True,0.0,0.9389636743292494,0.31664552282554775,0.9897476419621268,1.5248693003440053,1.5865489196909517,0.010174608765457664,0.05999999999999924,-0.02093710176309094,0.009082873650686041,0.4715027868574948,0.99,0.3027624550228681,0.0017839118614330952,0.00042205828850825304,0.0077940298500586225,0.00999999999999997,0.17839118614331004,0.042205828850825425,0.7794029850058646,2.965346441505067,stackexchange,0.17887333148436277,0.0010077378403707132,0.08,0.03,Optimization terminated successfully,b6_b8_lambda10,legacy
0.1,1e+20,2048,logarithmic,1.0,True,0.0,7.310943040148922,2.0749851052286634,0.9897432102560835,0.950350454076487,0.9756334992183993,0.010174608765457664,0.023608160417241994,-0.02093736587705527,0.009087872386927365,0.471417790457253,0.99,0.30292907956424553,0.09102058748090507,0.002765740410303629,0.00621367210536312,0.09999999999657182,0.9102058748402542,0.027657404103984436,0.06213672105576136,3.5233713349201397,stackexchange,0.17849329229315003,0.0011261392111536624,0.08,0.03,Optimization terminated successfully,b6_b8_lambda10,legacy
0.1,1e+20,4096,logarithmic,1.0,True,0.0,7.066551736677487,2.019340352968185,0.9897409724486127,0.9434843197354766,0.9830350353907942,0.010174610405875596,0.03792723352971346,-0.020972045006897592,0.009173952475417956,0.47152025756420823,0.9899999985163273,0.3057984158472652,0.08561863846926154,0.0026915634205625545,0.011689798105669842,0.09999999999549394,0.8561863847311957,0.02691563420683838,0.11689798106196592,3.499435707452938,stackexchange,0.1778334410120367,0.0015334553022938685,0.08,0.03,Optimization terminated successfully,b6_b8_lambda10,legacy
0.1,1e+20,8192,logarithmic,1.0,True,0.0,6.641308227814804,1.9207918079501438,0.9897419801786292,0.9431860627060461,0.9967430247430966,0.010174608765457664,0.051879883005803235,-0.020936283057817896,0.009084595261112912,0.4714745040405699,0.99,0.30281984203709705,0.07653942262835138,0.002560212365811108,0.02090036500571515,0.09999999999987765,0.7653942262844503,0.025602123658142406,0.20900365005740723,3.4575887924586493,stackexchange,0.17892303161746181,0.0010947754826607452,0.08,0.03,Optimization terminated successfully,b6_b8_lambda10,legacy
0.1,1e+20,32768,logarithmic,1.0,True,0.0,5.0655455282032165,1.5402689392439464,0.9897421575518491,0.9975074421186282,1.0591651179159518,0.010174608765457664,0.05997987224232584,-0.02092987085728478,0.00907745853682915,0.4714661665572304,0.99,0.30258195122763837,0.04681381462450491,0.0020530161216353025,0.051133169253859224,0.09999999999999944,0.46813814624505173,0.020530161216353142,0.5113316925385951,3.2887409459088883,stackexchange,0.17885092762397756,0.0010717311032252934,0.08,0.03,Optimization terminated successfully,b6_b8_lambda10,legacy
0.1,1e+20,131072,logarithmic,1.0,True,0.0,3.0421815270519392,1.006695049672797,0.9897423896723017,1.1272537581163464,1.1889291551631933,0.010174608765457664,0.05999999999999924,-0.02094022175194088,0.009090215939635425,0.47145544716230814,0.99,0.30300719798784753,0.018375294500935307,0.0013418188047900036,0.08028288669421975,0.09999999999994506,0.18375294500945402,0.013418188047907407,0.8028288669426386,3.021949425539273,stackexchange,0.17893204532511814,0.0011530756166151736,0.08,0.03,Optimization terminated successfully,b6_b8_lambda10,legacy
1.0,1e+21,2048,logarithmic,1.0,True,0.0,24.047610258202432,6.432166663526028,0.9898244804769992,0.7068418467845884,0.7321293301062046,0.010174608765457664,0.023608160417241994,-0.020936328371767225,0.009082396701935343,0.47145927765856194,0.99,0.3027465567311781,0.9280694222416574,0.008574371866628894,0.06335620589169715,0.9999999999999835,0.9280694222416728,0.008574371866629037,0.0633562058916982,3.7386485015330515,stackexchange,0.17892627898407246,0.001017775611739464,0.08,0.03,Optimization terminated successfully,b6_b8_lambda10,legacy
1.0,1e+21,4096,logarithmic,1.0,True,8.881784197001252e-16,23.262514376841295,6.251381171374272,0.9897515324824819,0.6981306833654275,0.737734478374038,0.010174608765457664,0.03792723352971346,-0.02094109505324098,0.009089924808886289,0.47146714105285165,0.99,0.302997493629543,0.872537066245254,0.008332539643394843,0.11913039411135201,1.0000000000000009,0.8725370662452532,0.008332539643394836,0.1191303941113519,3.7211799663349243,stackexchange,0.17892260613948296,0.001114673266358876,0.08,0.03,Optimization terminated successfully,b6_b8_lambda10,legacy
1.0,1e+21,8192,logarithmic,1.0,True,0.0,21.891876103933335,5.932893883829093,0.9897468103880938,0.6945566286908511,0.748112991163588,0.010174608765457664,0.051879883005803235,-0.02094074035084116,0.00908965211844994,0.4714115592922865,0.99,0.3029884039483313,0.7792930670554221,0.00790797276731053,0.2127989601772673,0.9999999999999999,0.7792930670554222,0.007907972767310532,0.21279896017726732,3.6899153318084132,stackexchange,0.17891397639987322,0.0011169115539164615,0.08,0.03,Optimization terminated successfully,b6_b8_lambda10,legacy
1.0,1e+21,32768,logarithmic,1.0,True,0.0,16.786405701228666,4.7155860548037705,0.9897430898079937,0.7336816015802026,0.795335768142968,0.010174608765457664,0.05997987224232584,-0.020952679212290763,0.009103776126393534,0.47142303087985543,0.99,0.3034592042131178,0.4749464438099545,0.006285387164549452,0.5187681690254863,0.9999999999999902,0.47494644380995915,0.006285387164549514,0.5187681690254914,3.5597708336015508,stackexchange,0.17888861178986448,0.0011817731868047545,0.08,0.03,Optimization terminated successfully,b6_b8_lambda10,legacy
1.0,1e+21,131072,logarithmic,1.0,True,0.0,10.15627307381128,3.04403681963988,0.9897422652976084,0.8316777238426905,0.8933530985293361,0.01017461451246115,0.05999999999999924,-0.020928178466154353,0.009078189267046892,0.47146066118021757,0.9899999948021342,0.3026063089015631,0.18549641512199183,0.0040573807816937715,0.8104462040956572,0.9999999999993427,0.18549641512211376,0.004057380781696439,0.8104462040961898,3.3364488262046716,stackexchange,0.17896092493485213,0.0011469864402674547,0.08,0.03,Optimization terminated successfully,b6_b8_lambda10,legacy
10.0,1e+22,2048,logarithmic,1.0,True,0.0,80.68580970589204,19.286519149464514,0.9898616359899892,0.5250905056639179,0.5503553217109842,0.010174608765457664,0.023608160417241994,-0.02087916061114825,0.009047896215866342,0.47227089949796835,0.99,0.3015965405288781,9.33689048389642,0.025711125735611292,0.6373983903673289,9.99999999999936,0.9336890483897017,0.0025711125735612935,0.06373983903673697,4.183534057162008,stackexchange,0.17902769096314933,0.0010215334231317027,0.08,0.03,Optimization terminated successfully,b6_b8_lambda10,legacy
10.0,1e+22,4096,logarithmic,1.0,True,0.0,78.07427478492014,18.73581246928627,0.9898544930250779,0.5149770735088179,0.5545807649734782,0.010174608765457664,0.03792723352971346,-0.020941662111376633,0.009090595410972273,0.47145088046260913,0.99,0.30301984703240914,8.776709826274736,0.024976725444476502,1.1983134482807107,9.999999999999924,0.8776709826274803,0.0024976725444476695,0.11983134482807199,4.167114445285347,stackexchange,0.1789031906467031,0.0011178238790825966,0.08,0.03,Optimization terminated successfully,b6_b8_lambda10,legacy
10.0,1e+22,8192,logarithmic,1.0,True,0.0,73.509231370119,17.76747839418112,0.989884029604733,0.5088444590859674,0.5624038768954589,0.010174608765457664,0.051879883005803235,-0.02094039750774343,0.009086253938597603,0.47145575882721696,0.99,0.3028751312865868,7.836442080848701,0.02368680160750011,2.139871117543752,9.999999999999954,0.7836442080848737,0.002368680160750022,0.21398711175437618,4.137291164186439,stackexchange,0.1789157545259401,0.0010106245257877637,0.08,0.03,Optimization terminated successfully,b6_b8_lambda10,legacy
10.0,1e+22,32768,logarithmic,1.0,True,0.0,56.46005605867666,14.082318779232903,0.99,0.5363308454264684,0.5979902175033411,0.010174608765457664,0.05997987224232584,-0.020931098021650087,0.009076989421645493,0.4714231839903052,0.99,0.3025663140548498,4.770531046269869,0.018776909591077858,5.210692044139036,9.999999999999982,0.47705310462698775,0.001877690959107789,0.5210692044139046,4.009286889737073,stackexchange,0.17893420454902342,0.0010106671382794732,0.08,0.03,Optimization terminated successfully,b6_b8_lambda10,legacy
10.0,1e+22,131072,logarithmic,1.0,True,0.0,34.23988265413944,9.055098880873935,0.989742659058219,0.6101420781918512,0.6718186118721181,0.010174608765457664,0.05999999999999924,-0.020941657429666072,0.009090514983940852,0.4714494216793424,0.99,0.30301716613136176,1.8602731386165177,0.012069500558663208,8.127657360824807,9.99999999999999,0.18602731386165197,0.001206950055866322,0.8127657360824816,3.7812820273515166,stackexchange,0.17890663271281865,0.0011153033697209106,0.08,0.03,Optimization terminated successfully,b6_b8_lambda10,legacy
1000.0,1e+24,2048,logarithmic,1.0,True,0.0,921.6784157359785,169.23558069549253,0.9897651305824144,0.28608666947468414,0.31137445614002707,0.010174608765457664,0.023608160417241994,-0.02093631897176029,0.009082083958201688,0.4714500464666707,0.99,0.3027361319400563,935.8846914094794,0.22558032362734634,63.889728266887126,999.9999999999939,0.9358846914094852,0.00022558032362734773,0.06388972826688752,5.446126706619483,stackexchange,0.17890288378239158,0.0010077392313630118,0.08,0.03,Optimization terminated successfully,b6_b8_lambda10,legacy
1000.0,1e+24,4096,logarithmic,1.0,True,0.0,891.9205576812503,164.3785803975184,0.9898065113100731,0.27416084272326224,0.31376770251149577,0.010174608765457664,0.03792723352971346,-0.02093629921012404,0.0090820641861463,0.47145025555092707,0.99,0.30273547287154334,879.6758105940411,0.21911873285243263,120.10507067310641,999.9999999999999,0.8796758105940412,0.00021911873285243265,0.12010507067310643,5.426014481475079,stackexchange,0.17890131251361757,0.0010077387564418577,0.08,0.03,Optimization terminated successfully,b6_b8_lambda10,legacy
1000.0,1e+24,8192,logarithmic,1.0,True,0.0,839.87882462453,155.84423372019435,0.9898247801590319,0.26467820419583443,0.31819848119982225,0.010174608765457664,0.051879883005803235,-0.02072088790541255,0.008905885141770285,0.46766839935925736,0.99,0.29686283805900954,785.3416310485642,0.20774756538207928,214.4506213849946,999.9999999989409,0.7853416310493959,0.00020774756538229932,0.21445062138522172,5.389219764989599,stackexchange,0.1804287058216768,0.0010728987563940222,0.08,0.03,Optimization terminated successfully,b6_b8_lambda10,legacy
1000.0,1e+24,32768,logarithmic,1.0,True,0.0,645.5167839598138,123.38226730649589,0.9897429971514611,0.2766949486456105,0.3383514800056775,0.010174608765457664,0.05997987224232584,-0.020955679813443834,0.009104411930244988,0.4714281685240794,0.99,0.303480397674833,477.8719463361558,0.16445574554441728,521.9635979181052,999.9999999998054,0.4778719463362488,0.0001644557455444493,0.5219635979182068,5.231844073316266,stackexchange,0.17892096240113864,0.0010978057039948393,0.08,0.03,Optimization terminated successfully,b6_b8_lambda10,legacy
1000.0,1e+24,131072,logarithmic,1.0,True,0.0,391.83808682306704,79.21317918037205,0.9898288536926294,0.3184739226485061,0.3801535488483029,0.010174608765457664,0.05999999999999924,-0.020936131819834194,0.009081896854578967,0.471450075961186,0.99,0.30272989515263227,186.23244348725876,0.1055954205891792,813.6619610920661,999.999999999914,0.18623244348727477,0.00010559542058918828,0.8136619610921361,4.946627453631595,stackexchange,0.17890112793035026,0.0010077390156565777,0.08,0.03,Optimization terminated successfully,b6_b8_lambda10,legacy
10000.0,1e+25,2048,logarithmic,1.0,True,0.0,999.9999999999998,1559.835321397544,0.9898916472869247,0.21821195608500726,0.2434966020656591,0.010174608765457664,0.023608160417241994,-0.020941573772432817,0.009090479443565292,0.4714495614648876,0.99,0.3030159814521764,9359.011928385262,2.0795239703041037,638.908547644434,10000.0,0.9359011928385261,0.00020795239703041038,0.0638908547644434,0.6410933168919676,stackexchange,0.1789075501145934,0.001116915167677698,0.08,0.03,Optimization terminated successfully,b6_b8_lambda10,legacy
10000.0,1e+25,4096,logarithmic,1.0,True,0.0,999.9999999999998,1466.1610981971528,0.9897425249398334,0.20523287146625357,0.2448374046701771,0.010174608765457664,0.03792723352971346,-0.020932700595876125,0.00908079215620841,0.4714489858339032,0.99,0.30269307187361366,8796.966589182915,1.9542391705135105,1201.0791716431074,9999.999999996535,0.8796966589185964,0.00019542391705141876,0.12010791716435236,0.6820532895257129,stackexchange,0.1788911884644366,0.001085681247064746,0.08,0.03,Optimization terminated successfully,b6_b8_lambda10,legacy
10000.0,1e+25,8192,logarithmic,1.0,True,0.0,999.9999999999998,1308.9462670842267,0.9898029834493377,0.19379387471637752,0.24735028736065046,0.010174608765457664,0.051879883005803235,-0.020945610738673105,0.00909447233474573,0.4715293694726456,0.99,0.30314907782485767,7853.67760250536,1.7448335038180396,2144.577563990797,9999.999999999975,0.785367760250538,0.0001744833503818044,0.21445775639908024,0.7639733006210963,stackexchange,0.17883165946410826,0.0011148869613892241,0.08,0.03,Optimization terminated successfully,b6_b8_lambda10,legacy
10000.0,1e+25,32768,logarithmic,1.0,True,0.0,999.9999999999998,796.4996579061908,0.9899093812940478,0.1976261686228085,0.2592823830604373,0.010174608765457664,0.05997987224232584,-0.02094175836667203,0.009090807405911377,0.47144939880268416,0.99,0.30302691353037925,4778.997947437144,1.0618945084917746,5219.940158054012,9999.999999999647,0.47789979474373123,0.0001061894508491812,0.5219940158054196,1.255493320146255,stackexchange,0.17891164092233225,0.0011213239415621525,0.08,0.03,Optimization terminated successfully,b6_b8_lambda10,legacy
10000.0,1e+25,131072,logarithmic,1.0,True,0.0,999.9999999999998,310.4073398748697,0.9898300579669927,0.22500417651712498,0.2866801630601581,0.010174608765457664,0.05999999999999924,-0.020942312094564874,0.009091716786073336,0.4714496123040584,0.99,0.3030572262024446,1862.444039249218,0.4137903349928125,8137.142170415784,9999.999999999995,0.1862444039249219,4.137903349928127e-05,0.8137142170415789,3.2215733055897333,stackexchange,0.17892241355305288,0.001131752986015197,0.08,0.03,Optimization terminated successfully,b6_b8_lambda10,legacy
31622.7766,3.16227766e+25,2048,logarithmic,1.0,True,0.0,999.9999999999998,4932.6323388725405,0.9899279548575077,0.1968786999012771,0.22216406169922576,0.010174608765457664,0.023608160417241994,-0.020939560544222607,0.009087750398058259,0.47144778514802677,0.99,0.30292501326860866,29595.794033235237,6.5763607625665585,2020.4062060021922,31622.776599999997,0.9359011831122773,0.0002079627872577944,0.0638908541004648,0.202731509526731,stackexchange,0.17891339393914077,0.0010943575736186183,0.08,0.03,Optimization terminated successfully,b6_b8_lambda10,legacy
31622.7766,3.16227766e+25,4096,logarithmic,1.0,True,0.0,999.9999999999998,4636.408483284793,0.9897453357633645,0.18355159379129377,0.22315479659903972,0.010174608765457664,0.03792723352971346,-0.020942256505285403,0.00909167846179524,0.4714511106187585,0.99,0.303055948726508,27818.450899708754,6.179870784316666,3798.1458295069024,31622.776599999972,0.8796966582532407,0.00019542467325012414,0.12010791707350915,0.21568418822569357,stackexchange,0.17890276990318624,0.0011332459533823392,0.08,0.03,Optimization terminated successfully,b6_b8_lambda10,legacy
31622.7766,3.16227766e+25,8192,logarithmic,1.0,True,0.0,999.9999999999998,4139.251511067047,0.9898306145835857,0.17145572037458895,0.22501159571879908,0.010174608765457664,0.051879883005803235,-0.020942182087663394,0.009091580983798819,0.4714513132494455,0.99,0.3030526994599606,24835.50906640228,5.517857865471864,6781.749675732249,31622.776599999997,0.7853677550377496,0.0001744899866089515,0.21445775497564148,0.2415895717683056,stackexchange,0.17890203885723702,0.0011325020942024883,0.08,0.03,Optimization terminated successfully,b6_b8_lambda10,legacy
31622.7766,3.16227766e+25,32768,logarithmic,1.0,True,0.0,999.9999999999989,2518.7531330634397,0.9897500260579203,0.17216886463657935,0.23382836313914512,0.010174608765457664,0.05997987224232584,-0.02093627873468334,0.009082043708985752,0.4714502207935526,0.99,0.30273479029952505,15112.51879838062,3.3572687739732943,16506.90053284454,31622.77659999913,0.47789980587539665,0.00010616616043682219,0.5219940279641665,0.3970218386522646,stackexchange,0.17890088736719603,0.00100773872004282,0.08,0.03,Optimization terminated successfully,b6_b8_lambda10,legacy
31622.7766,3.16227766e+25,131072,logarithmic,1.0,True,0.0,999.9999999999998,981.5941957342616,0.9898417195832079,0.1925602160829192,0.25407291034418916,0.010174608765457664,0.05999999999999924,-0.02046017438055194,0.008772871353823533,0.47515288347370893,0.99,0.2924290451274511,5889.5651744055685,1.3085409381887114,25731.902884656225,31622.776599999983,0.18624440380120105,4.137969776470268e-05,0.8137142165010343,1.018750930217115,stackexchange,0.17410069468318606,0.0010128123192510473,0.08,0.03,Optimization terminated successfully,b6_b8_lambda10,legacy
100000.0,1e+26,2048,logarithmic,1.0,True,0.0,999.9999999999998,4999.999999999995,0.9899230594950629,0.19666512625690452,0.22194920562642176,0.010174608765457664,0.023608160417241994,-0.020942345659685783,0.00909181794195286,0.47145247732324336,0.99,0.30306059806509533,29999.999999999967,6.666132808285783,2047.999999999998,32054.66613280825,0.9359011844236521,0.00020796138636000125,0.063890854189988,0.20000000000000015,stackexchange,0.17890527773483844,0.0011348231601782507,0.08,0.03,Optimization terminated successfully,b6_b8_lambda10,legacy
100000.0,1e+26,4096,logarithmic,1.0,True,0.0,999.9999999999998,5000.000000000004,0.989742849822921,0.1823423458385569,0.22194920562642173,0.010174608765457664,0.03792723352971346,-0.020936274316052245,0.009082039292443233,0.47145026855685074,0.99,0.3027346430814411,30000.00000000002,6.664479255126271,4096.000000000003,34102.664479255145,0.8796966588416925,0.00019542400445514497,0.12010791715385243,0.19999999999999982,stackexchange,0.1789012400458015,0.0010077389159662286,0.08,0.03,Optimization terminated successfully,b6_b8_lambda10,legacy
100000.0,1e+26,8192,logarithmic,1.0,True,0.0,999.9999999999998,5000.000000000004,0.9898830970973481,0.16838969636916304,0.22194920562642173,0.010174608765457664,0.051879883005803235,-0.020936349645124537,0.0090821146282114,0.47145017981733073,0.99,0.30273715427371334,30000.00000000002,6.6657661481807375,8192.000000000005,38198.6657661482,0.7853677451369553,0.00017450259098023167,0.2144577522720646,0.19999999999999982,stackexchange,0.17890069832287286,0.001007738212214727,0.08,0.03,Optimization terminated successfully,b6_b8_lambda10,legacy
100000.0,1e+26,32768,logarithmic,1.0,True,0.0,999.9999999999998,5000.000000000004,0.9898284752441237,0.1602897071577788,0.22194920562642173,0.010174608765457664,0.05997987224232584,-0.020936201868201294,0.009081966876426527,0.4714502505199819,0.99,0.3027322292142176,30000.00000000002,6.665264963951325,32768.00000000002,62774.66526496399,0.4778998003951719,0.00010617762652844228,0.5219940219782998,0.19999999999999982,stackexchange,0.17890094005143012,0.001007738814710472,0.08,0.03,Optimization terminated successfully,b6_b8_lambda10,legacy
100000.0,1e+26,131072,logarithmic,1.0,True,0.0,999.9999999999998,3104.0733995059663,0.9898257753025447,0.16935010639650985,0.22997902197525616,0.010174608765457664,0.05999999999999924,-0.020024896802868786,0.009221372458664055,0.47224600816834245,0.99,0.3073790819554685,18624.440397035796,4.137878954967217,81371.4217240092,99999.99999999996,0.18624440397035805,4.1378789549672186e-05,0.8137142172400923,0.32215733048037987,stackexchange,0.1861000297857746,0.0010091517305391062,0.08,0.03,Optimization terminated successfully,b6_b8_lambda10,legacy
1000000.0,1e+27,2048,logarithmic,1.0,True,0.0,999.9999999999998,5000.000000000004,0.9899900413159168,0.19666500494481182,0.22194920562642173,0.010174608765457664,0.023608160417241994,-0.020940411203850384,0.009089762174024804,0.4714493567806737,0.99,0.3029920724674935,30000.00000000002,6.666747344900584,2048.0000000000014,32054.66674734492,0.9359011664810057,0.00020798055389088669,0.06389085296510333,0.19999999999999982,stackexchange,0.17892173431155842,0.001132123583210617,0.08,0.03,Optimization terminated successfully,b6_b8_lambda10,legacy
1000000.0,1e+27,4096,logarithmic,1.0,True,0.0,999.9999999999944,4999.999999999924,0.9897533520435057,0.18234490524931823,0.22194920562642217,0.010174608765457664,0.03792723352971346,-0.020943238996262284,0.009091563383414152,0.471451520544404,0.99,0.3030521127804717,29999.999999999378,6.664575628045524,4095.999999999915,34102.664575627336,0.879696656355701,0.00019542682986738218,0.12010791681443171,0.20000000000000195,stackexchange,0.1789107365375907,0.001098888709113056,0.08,0.03,Optimization terminated successfully,b6_b8_lambda10,legacy
1000000.0,1e+27,8192,logarithmic,1.0,True,0.0,999.9999999999998,5000.000000000004,0.9899496859025985,0.16838969636326268,0.22194920562642173,0.010174608765457664,0.051879883005803235,-0.020936322049617692,0.009082087026804202,0.4714502051834869,0.99,0.30273623422680673,30000.00000000002,6.6663771015143105,8192.000000000005,38198.66637710154,0.785367732575704,0.00017451858229036284,0.2144577488420056,0.19999999999999982,stackexchange,0.1789009032486082,0.0010077385276372965,0.08,0.03,Optimization terminated successfully,b6_b8_lambda10,legacy
1000000.0,1e+27,32768,logarithmic,1.0,True,0.0,999.9999999999998,5000.000000000004,0.9897603681001007,0.160289707170724,0.22194920562642173,0.010174608765457664,0.05997987224232584,-0.020936269309739953,0.009082034330910389,0.471450192837412,0.99,0.30273447769701295,30000.00000000002,6.66464000989861,32768.00000000002,62774.66464000994,0.47789980515291,0.00010616767207149439,0.5219940271750185,0.19999999999999982,stackexchange,0.17890211052126961,0.0010077388119385379,0.08,0.03,Optimization terminated successfully,b6_b8_lambda10,legacy
1000000.0,1e+27,131072,logarithmic,1.0,True,0.0,999.9999999999989,5000.000000000004,0.989769443612764,0.16026966384162836,0.22194920562642176,0.010174608765457664,0.05999999999999924,-0.020929545663285993,0.009075395113034176,0.4714598798449957,0.99,0.3025131704344725,29999.999999999985,6.6647232894446375,131071.99999999994,161078.66472328937,0.18624440456801522,4.1375580688440024e-05,0.8137142198512963,0.19999999999999962,stackexchange,0.17894426668125124,0.0010077321756114459,0.08,0.03,Optimization terminated successfully,b6_b8_lambda10,legacy
0.01,1e+19,2048,exponential,1.0,True,0.0,2.735254049980114,0.4724692083296292,0.9896399269147403,1.3044727852450424,1.3285343796032092,0.010174608765457664,0.023608160417241994,-0.01856717719396961,0.007939134487587141,0.47616454542443293,0.99,0.2646378162529047,0.0077539398934471,0.0017167244235722443,0.000529335630059322,0.009999999947078666,0.7753939934481984,0.1716724432657379,0.052933563286063676,5.789274733162717,stackexchange,0.18221164594952008,0.00205265825411078,0.08,0.03,Optimization terminated successfully,b6_b8_lambda10,expanded
0.01,1e+19,4096,exponential,1.0,True,1.8908485888147197e-15,2.6352306617517915,0.4628607554256745,0.9896877827666978,1.2982866447960777,1.3378561603069754,0.010174609236894045,0.03792723352971346,-0.020944304505248864,0.009127413287170507,0.4739649850479777,0.9899999995736103,0.30424710957235024,0.0073184691289160065,0.0016823158860178847,0.0009992149850679987,0.010000000000001891,0.7318469128914623,0.16823158860175666,0.09992149850678098,5.693355141609004,stackexchange,0.17748930051964731,0.0014125256017934653,0.08,0.03,Optimization terminated successfully,b6_b8_lambda10,expanded
0.01,1e+19,8192,exponential,1.0,True,5.697352312150628e-14,2.4556883522778308,0.44656976702759715,0.9897221907484698,1.3015921825417214,1.3551366570278458,0.010174609887723078,0.051879883005803235,-0.020968405630328927,0.009129204262284484,0.4723835147450245,0.9899999989849693,0.3043068087428161,0.006579817052214569,0.0016234542381176776,0.0017967287097247252,0.010000000000056974,0.6579817052177082,0.16234542381084283,0.17967287097144885,5.499002694748196,stackexchange,0.17777791132526422,0.0011669364987614912,0.08,0.03,Optimization terminated successfully,b6_b8_lambda10,expanded
0.01,1e+19,32768,exponential,1.0,True,3.5908775952719907e-16,1.8087326424630752,0.3796285815146075,0.9897240511956219,1.3725509074783053,1.434205588367673,0.0101746088992576,0.05997987224232584,-0.02093944709283088,0.00909002954653155,0.47229804803017156,0.9899999998789849,0.30300098488438504,0.00411987964438455,0.0013801131493760461,0.004500007206239764,0.01000000000000036,0.4119879644384402,0.13801131493759966,0.45000072062396024,4.764479627025865,stackexchange,0.1784264869301415,0.0010604814758225266,0.08,0.03,Optimization terminated successfully,b6_b8_lambda10,expanded
0.01,1e+19,131072,exponential,1.0,True,0.0,1.0280873135945945,0.2720822160460255,0.9896779328246582,1.5387024972611176,1.6003515164440052,0.010174609154929591,0.05999999999999924,-0.02106827486313339,0.009244646525315401,0.4744177066881203,0.9899999996477429,0.30815488417718007,0.0016783456474297345,0.000988850329200258,0.0073328040233303395,0.009999999999960332,0.16783456474363923,0.09888503292041806,0.7332804023359427,3.77859063534194,stackexchange,0.1758728000753924,0.0010897665955743388,0.08,0.03,Optimization terminated successfully,b6_b8_lambda10,expanded
0.1,1e+20,2048,exponential,1.0,True,4.052314039881821e-15,7.784700090408744,1.8680212712663917,0.9897388693785544,0.955977198119413,0.9812556559681387,0.010174610245748787,0.023608160417241994,-0.02095059503626164,0.009105687359029039,0.47161692464131644,0.9899999986611536,0.30352291196763465,0.08725191215587763,0.006791690640951856,0.00595639720317458,0.10000000000000406,0.8725191215587409,0.06791690640951581,0.059563972031743385,4.167350880930411,stackexchange,0.17851395601895326,0.001157198235282533,0.08,0.03,Optimization terminated successfully,b6_b8_lambda10,expanded
0.1,1e+20,4096,exponential,1.0,True,6.50868248186498e-15,7.513447743231184,1.8224491597202745,0.9897276669850525,0.9489469944722753,0.988550171564893,0.010174608765457664,0.03792723352971346,-0.020951865077002512,0.009101312748640683,0.4721318738315283,0.99,0.3033770916213561,0.08215725915752319,0.006625536392176171,0.011217204450307166,0.10000000000000651,0.8215725915751784,0.06625536392175739,0.11217204450306435,4.122720078723301,stackexchange,0.17844753844411546,0.0010903751412993552,0.08,0.03,Optimization terminated successfully,b6_b8_lambda10,expanded
0.1,1e+20,8192,exponential,1.0,True,3.5388358909926865e-14,7.042335918345191,1.7413163020222082,0.9897333559026532,0.9487151013738632,1.0020679565400992,0.010174608765457664,0.051879883005803235,-0.021658487139464305,0.010010906213573924,0.47187041066810576,0.99,0.3336968737857975,0.07357760603358611,0.006330802345544704,0.02009159162090458,0.1000000000000354,0.7357760603356007,0.06330802345542463,0.2009159162089747,4.0442600291324755,stackexchange,0.18006488415696434,0.0010949238048303174,0.08,0.03,Optimization terminated successfully,b6_b8_lambda10,expanded
0.1,1e+20,32768,exponential,1.0,True,2.446931546273845e-13,5.315956887914083,1.4210730965975888,0.9897034215335233,1.002165937858833,1.0637196891944325,0.010174609445989843,0.05997987224232584,-0.020958376209781172,0.009209887670517879,0.47324619489744385,0.989999999384494,0.3069962556839293,0.045326179896524085,0.005165544675410567,0.049508275428310045,0.1000000000002447,0.4532617989641317,0.05165544675397927,0.49508275428188897,3.740804678268724,stackexchange,0.1784868720403834,0.0010875765920824955,0.08,0.03,Optimization terminated successfully,b6_b8_lambda10,expanded
0.1,1e+20,131072,exponential,1.0,True,0.0,1.8207338119678982,1.5636196100887092,0.9898875485242322,1.1559809170513826,1.2070217562581997,0.010174608765457664,0.05999999999999924,-0.0013036626356650524,8.821466338944592e-05,0.46478354834072677,0.99,0.0029404887796481973,0.017081610558867446,0.005690250683549433,0.07463069530572913,0.09740255654814602,0.1753712752952641,0.05841993152137384,0.766208793183362,1.16443526303984,arxiv,0.1309343211218772,0.003166539288277332,0.08,0.03,Optimization terminated successfully,b6_b8_lambda10,expanded
1.0,1e+21,2048,exponential,1.0,True,0.0,24.561173190422977,6.2086842932609185,0.9898116758287685,0.7081746759152779,0.7334593558956588,0.010174608765457664,0.023608160417241994,-0.020952412048272914,0.009101283719676454,0.4718143313952028,0.99,0.30337612398921515,0.9149554212686419,0.022583621972751128,0.06246095675860596,0.999999999999999,0.9149554212686428,0.022583621972751152,0.06246095675860602,3.9559384936164927,stackexchange,0.17868403539445404,0.0011040359706317553,0.08,0.03,Optimization terminated successfully,b6_b8_lambda10,expanded
1.0,1e+21,4096,exponential,1.0,True,0.0,23.756047032229624,6.037454588254669,0.9897262397177092,0.6996069787528801,0.7390362827335084,0.010174608765457664,0.03792723352971346,-0.020436172373916223,0.008759493157543872,0.47219747740303686,0.99,0.2919831052514624,0.8605563309211708,0.021949044487627148,0.11749462438177051,0.9999999997905684,0.8605563311013985,0.02194904449222397,0.11749462440637759,3.934778586731716,stackexchange,0.17410685197853978,0.0010658575539799979,0.08,0.03,Optimization terminated successfully,b6_b8_lambda10,expanded
1.0,1e+21,8192,exponential,1.0,True,0.0,22.324139373220376,5.741935049595977,0.9897759059509598,0.695809902648997,0.7493669621402944,0.010174608765457664,0.051879883005803235,-0.020940300018319584,0.009088514767367807,0.4714565903487816,0.99,0.30295049224559356,0.7691025499149579,0.02088118045492429,0.2100162696301112,0.9999999999999933,0.769102549914963,0.020881180454924427,0.21001626963011258,3.8879122073648644,stackexchange,0.17890293014304953,0.001094193631588041,0.08,0.03,Optimization terminated successfully,b6_b8_lambda10,expanded
1.0,1e+21,32768,exponential,1.0,True,1.3322676295501878e-15,17.050998585412398,4.593756306428876,0.9897209798303632,0.7347704060134589,0.7963964769539464,0.010174608765457664,0.05997987224232584,-0.02070788163509756,0.008887074171478222,0.47243923181055514,0.99,0.29623580571594077,0.46996879369588823,0.016699958576550964,0.5133312477275622,1.0000000000000013,0.4699687936958876,0.016699958576550943,0.5133312477275616,3.711776909356259,stackexchange,0.1776595401695268,0.0010282897029481389,0.08,0.03,Optimization terminated successfully,b6_b8_lambda10,expanded
1.0,1e+21,131072,exponential,1.0,True,0.0,10.263146437901733,2.9917025753335422,0.989780799889569,0.8331987193820903,0.8941243400466514,0.010174608765457664,0.05999999999999924,-0.018793974873152253,0.007693745443132807,0.4719064677749861,0.99,0.2564581814377602,0.18422568977577533,0.010879989881190369,0.8048943203430142,0.9999999999999799,0.18422568977577902,0.010879989881190587,0.8048943203430304,3.430537020130587,stackexchange,0.18368560232959816,0.0010101096335792057,0.08,0.03,Optimization terminated successfully,b6_b8_lambda10,expanded
10.0,1e+22,2048,exponential,1.0,True,0.0,81.21554153880354,19.076851923788738,0.9897652812229468,0.5253722207891318,0.5506567240142779,0.010174608765457664,0.023608160417241994,-0.02094218672020834,0.009091235146846628,0.47146072830956687,0.99,0.3030411715615543,9.29602115907641,0.0693704631306413,0.6346083777929497,10.0,0.9296021159076411,0.00693704631306413,0.06346083777929497,4.257282169157489,stackexchange,0.17890286012940176,0.0011206026456688086,0.08,0.03,Optimization terminated successfully,b6_b8_lambda10,expanded
10.0,1e+22,4096,exponential,1.0,True,0.0,78.57130075589781,18.538108248369678,0.9897470285741614,0.5152776395801667,0.554875784522733,0.010174608765457664,0.03792723352971346,-0.020762352835367204,0.008916832657056744,0.4714010053744997,0.99,0.2972277552352248,8.739379671768264,0.06740369037961698,1.1932166378520936,9.999999999999975,0.8739379671768286,0.006740369037961715,0.11932166378520966,4.238366704046391,stackexchange,0.1786583722935559,0.0011307659810989397,0.08,0.03,Optimization terminated successfully,b6_b8_lambda10,expanded
10.0,1e+22,8192,exponential,1.0,True,0.0,73.9521190792775,17.589786201152716,0.9897436423902579,0.5091333714622982,0.562687624622535,0.010174608765457664,0.051879883005803235,-0.020937183053851557,0.00908820413396041,0.4713976340361549,0.99,0.30294013779868034,7.8048117823600665,0.06395428026931914,2.131233937369789,9.999999999999174,0.7804811782360711,0.006395428026932442,0.21312339373699649,4.204264806494986,stackexchange,0.17882128636871558,0.001139928028119102,0.08,0.03,Optimization terminated successfully,b6_b8_lambda10,expanded
10.0,1e+22,32768,exponential,1.0,True,0.0,56.72977273385406,13.97040023844104,0.9897592383174748,0.5365734002384948,0.5982294762690336,0.010174608765457664,0.05997987224232584,-0.020942446517342957,0.009091633963672319,0.4714639067179256,0.99,0.303054465455744,4.755225783166445,0.050799601406932175,5.193974615426602,9.999999999999979,0.4755225783166455,0.0050799601406932285,0.5193974615426613,4.0607120601853675,stackexchange,0.1788991204916207,0.0011256042042276971,0.08,0.03,Optimization terminated successfully,b6_b8_lambda10,expanded
10.0,1e+22,131072,exponential,1.0,True,0.0,34.3273645864262,9.013299190824041,0.9897580803248142,0.6103210371582506,0.6719916099360328,0.010174608765457664,0.05999999999999924,-0.020778018066034916,0.00893283652279436,0.470786361116474,0.99,0.29776121742647865,1.8564168446997427,0.03277419968407725,8.110808955616156,9.999999999999975,0.18564168446997473,0.003277419968407733,0.8110808955616176,3.808523811278012,stackexchange,0.17923955440192044,0.0010124475482844197,0.08,0.03,Optimization terminated successfully,b6_b8_lambda10,expanded
1000.0,1e+24,2048,exponential,1.0,True,3.410605131648481e-13,922.1987332053181,169.07426028376037,0.9897423273012261,0.28610752658804556,0.31138945390638967,0.010174608765457664,0.023608160417241994,-0.02093944253336449,0.009091066866804718,0.4714580817769749,0.99,0.303035562226824,935.5204119078603,0.6147279725634245,63.8648601195766,1000.0000000000003,0.93552041190786,0.0006147279725634242,0.06386486011957658,5.454400519970192,stackexchange,0.17889685559039625,0.001201491747544579,0.08,0.03,Optimization terminated successfully,b6_b8_lambda10,expanded
1000.0,1e+24,4096,exponential,1.0,True,0.0,892.4156544746619,164.22527490331652,0.9897428036995021,0.27417912254883636,0.3137823814844104,0.010174608765457664,0.03792723352971346,-0.020942181803323637,0.009091547632005386,0.4714504109869284,0.99,0.3030515877335129,879.3432371047469,0.597099589212353,120.05966330603478,999.999999999994,0.8793432371047522,0.0005970995892123566,0.1200596633060355,5.4340944473988495,stackexchange,0.17890465730565558,0.001131573213961489,0.08,0.03,Optimization terminated successfully,b6_b8_lambda10,expanded
1000.0,1e+24,8192,exponential,1.0,True,0.0,840.3532923766033,155.7003799117266,0.9898070271703051,0.2646561822731246,0.3182126032639061,0.010174608765457664,0.051879883005803235,-0.02094174174883991,0.009090594998404002,0.47145114124076515,0.99,0.30301983328013343,785.0599612986445,0.5663319360647884,214.37370676528317,999.9999999999924,0.7850599612986504,0.0005663319360647927,0.2143737067652848,5.397246254974051,stackexchange,0.17889706740522723,0.001115296492621456,0.08,0.03,Optimization terminated successfully,b6_b8_lambda10,expanded
1000.0,1e+24,32768,exponential,1.0,True,0.0,645.804421252462,123.29226092059697,0.9898713407834355,0.27670387889628356,0.33836337739053735,0.010174608765457664,0.05997987224232584,-0.020936256756710653,0.009082021739324991,0.47145113899469987,0.99,0.3027340579774997,477.736123252402,0.44863385640533343,521.815242891157,999.9999999999643,0.4777361232524191,0.00044863385640534945,0.5218152428911756,5.237996419486335,stackexchange,0.17890047419866045,0.0010077382579966492,0.08,0.03,Optimization terminated successfully,b6_b8_lambda10,expanded
1000.0,1e+24,131072,exponential,1.0,True,0.0,391.9425601631514,79.17761674668479,0.989820218967669,0.3184855211736848,0.38016212663741594,0.010174608765457664,0.05999999999999924,-0.020941611110665285,0.009090396881475678,0.47145006536990325,0.99,0.3030132293825226,186.1984668918747,0.2880180263979931,813.5135150817267,999.9999999999994,0.1861984668918748,0.0002880180263979933,0.8135135150817272,4.950168700039361,stackexchange,0.17889359612330258,0.0011131270356920424,0.08,0.03,Optimization terminated successfully,b6_b8_lambda10,expanded
10000.0,1e+25,2048,exponential,1.0,True,0.0,3120.3077629744676,499.91091324538405,0.9899013689202849,0.20903226611252934,0.23424146146369335,0.010174608765457664,0.023608160417241994,-0.02056287808667521,0.008787234387295539,0.466515052896284,0.99,0.2929078129098513,9359.255420371364,1.8194095978882188,638.9251700306852,9999.999999999938,0.9359255420371422,0.000181940959788823,0.06389251700306892,6.241727636465594,stackexchange,0.18139654276022363,0.0010249867347401425,0.08,0.03,Optimization terminated successfully,b6_b8_lambda10,expanded
10000.0,1e+25,4096,exponential,1.0,True,0.0,3019.037540173927,485.6476483099734,0.9899020686119686,0.19672524649889767,0.23604189454639996,0.010174608765457664,0.03792723352971346,-0.02123017601563344,0.009666152732386954,0.467647124784102,0.99,0.32220509107956513,8797.130889269967,1.767506648166153,1201.1016040816596,9999.999999999793,0.8797130889270149,0.00017675066481661895,0.12011016040816845,6.216518396990098,stackexchange,0.18298374794606415,0.0010107419135033549,0.08,0.03,Optimization terminated successfully,b6_b8_lambda10,expanded
10000.0,1e+25,8192,exponential,1.0,True,0.0,2840.0534282096028,460.8909653073421,0.9899955823190291,0.18581658165789866,0.2393751690351189,0.010174608765457664,0.051879883005803235,-0.02092527680284293,0.00907196366596824,0.4710825828634599,0.99,0.302398788865608,7853.729796311701,1.6783873080642147,2144.5918163795154,9999.99999999928,0.7853729796312267,0.00016783873080643356,0.21445918163796698,6.162093948436875,stackexchange,0.17917799273441692,0.0010209695570698814,0.08,0.03,Optimization terminated successfully,b6_b8_lambda10,expanded
10000.0,1e+25,32768,exponential,1.0,True,0.0,2185.414539521198,364.4519474638221,0.9899043761969707,0.1928803521961188,0.25453616892741976,0.010174608765457664,0.05997987224232584,-0.020942291089283385,0.009091737834850587,0.47145194504030313,0.99,0.3030579278283529,4778.871509665516,1.3264360438289822,5219.802054290654,10000.0,0.4778871509665516,0.00013264360438289822,0.5219802054290654,5.996440833227093,stackexchange,0.17890697679097703,0.0011340869470341246,0.08,0.03,Optimization terminated successfully,b6_b8_lambda10,expanded
10000.0,1e+25,131072,exponential,1.0,True,0.0,1326.57387112579,233.98152051115952,0.9897739946764568,0.2243076159117117,0.28598356722275,0.010174608765457664,0.05999999999999924,-0.020942361133415483,0.009091801056918751,0.4714516408928677,0.99,0.303060035230625,1862.362628618324,0.8508894394752773,8136.786481942032,9999.99999999983,0.18623626286183553,8.508894394752917e-05,0.813678648194217,5.669566845397607,stackexchange,0.17890609665913132,0.0011338284775607008,0.08,0.03,Optimization terminated successfully,b6_b8_lambda10,expanded
31622.7766,3.16227766e+25,2048,exponential,1.0,True,0.0,5000.000000000004,986.619703139625,0.9897938185128197,0.17800071413984675,0.20328468432808927,0.010174608765457664,0.023608160417241994,-0.02094087549000593,0.009090456953547751,0.47145168835384904,0.99,0.30301523178492507,29598.59109418877,3.588353781276565,2020.5971520299536,31622.7766,0.9359896339459568,0.00011347370999915817,0.063896892344044,5.0678087859881416,stackexchange,0.17891031396287427,0.0011382631863135696,0.08,0.03,Optimization terminated successfully,b6_b8_lambda10,expanded
31622.7766,3.16227766e+25,4096,exponential,1.0,True,0.0,5000.000000000004,927.3640428908478,0.9897632070703357,0.1651943158564083,0.20479715354785322,0.010174608765457664,0.03792723352971346,-0.02094679033422094,0.009096577407031842,0.4714502276618775,0.99,0.3032192469010614,27820.921286725454,3.372193593600876,3798.4831196809155,31622.77659999997,0.8797747787499938,0.00010663812467374795,0.1201185831253325,5.391625908217914,stackexchange,0.1789190574277708,0.0011442157992166504,0.08,0.03,Optimization terminated successfully,b6_b8_lambda10,expanded
31622.7766,3.16227766e+25,8192,exponential,1.0,True,0.0,5000.000000000004,827.915961734188,0.9897430974064019,0.15407543561563747,0.2076317498041037,0.010174608765457664,0.051879883005803235,-0.020945525003743897,0.009094485055623215,0.47145123735801214,0.99,0.3031495018541072,24837.47885202566,3.0101894478555775,6782.287558526474,31622.776599999987,0.7854300451284746,9.519054844335139e-05,0.21447476432308213,6.039260300679299,stackexchange,0.17891846313134563,0.001118907359327664,0.08,0.03,Optimization terminated successfully,b6_b8_lambda10,expanded
31622.7766,3.16227766e+25,32768,exponential,1.0,True,0.0,4020.8800516834294,626.439736229334,0.9898265917258378,0.1591093617414074,0.2207688602438842,0.010174608765457664,0.05997987224232584,-0.020936272838035796,0.009082037812427172,0.4714502652675101,0.99,0.3027345937475724,15113.034233918152,2.2788401806030554,16507.463525901,31622.776599999754,0.477916105378244,7.206325394598882e-05,0.52201183136781,6.418622285817803,stackexchange,0.17890131138266901,0.0010077386934928562,0.08,0.03,Optimization terminated successfully,b6_b8_lambda10,expanded
31622.7766,3.16227766e+25,131072,exponential,1.0,True,0.0,2440.7812999356447,402.16194875783145,0.9899597039898467,0.18636744335161076,0.2480450484397711,0.010174608765457664,0.05999999999999924,-0.02093966053255669,0.009087446678937926,0.471450325923163,0.99,0.30291488929793087,5889.536184442752,1.4641899804431688,25731.776225576014,31622.776599999208,0.18624348705808771,4.6301752656444645e-05,0.8137102111892558,6.069150270120165,stackexchange,0.17891238031536827,0.0010804150419128928,0.08,0.03,Optimization terminated successfully,b6_b8_lambda10,expanded
100000.0,1e+26,2048,exponential,1.0,True,0.0,5000.000000000004,3119.9654957279313,0.9897715988912538,0.15420253680874763,0.17922311065085425,0.010174608765457664,0.023608160417241994,-0.020601548205882766,0.009014526015560466,0.47412355114118854,0.99,0.30048420051868224,93598.964871838,11.345792911150562,6389.689335250809,99999.99999999996,0.9359896487183804,0.00011345792911150568,0.06389689335250812,1.602581825615169,stackexchange,0.176740058294324,0.0010395832128965326,0.08,0.03,Optimization terminated successfully,b6_b8_lambda10,expanded
100000.0,1e+26,4096,exponential,1.0,True,0.0,5000.000000000004,2932.5826351585165,0.9897431183054042,0.14073383249039362,0.18034069225342947,0.010174608765457664,0.03792723352971346,-0.020936137077854064,0.00908190207907399,0.47145024012773185,0.99,0.3027300693024663,87977.47905475556,10.662471635105605,12011.858473609294,99999.99999999996,0.879774790547556,0.0001066247163510561,0.12011858473609299,1.7049817932000868,stackexchange,0.17890020926240743,0.0010077386845142957,0.08,0.03,Optimization terminated successfully,b6_b8_lambda10,expanded
100000.0,1e+26,8192,exponential,1.0,True,0.0,5000.000000000004,2618.1000966254064,0.9897775797462662,0.12887570063333292,0.1824352098988471,0.010174608765457664,0.051879883005803235,-0.020936321235732032,0.009082086210563434,0.4714502359714333,0.99,0.3027362070187812,78543.00289876225,9.521109682407975,21447.475991555348,100000.0,0.7854300289876225,9.521109682407974e-05,0.21447475991555348,1.9097818324229625,stackexchange,0.17890110807714302,0.0010077384927479412,0.08,0.03,Optimization terminated successfully,b6_b8_lambda10,expanded
100000.0,1e+26,32768,exponential,1.0,True,0.0,5000.000000000004,1593.0760864483796,0.9899635410627089,0.13072470407768194,0.19238059456980913,0.010174608765457664,0.05997987224232584,-0.020942190502717086,0.00909156348745808,0.4714515385075651,0.99,0.3030521162486027,47792.28259345142,5.800205808006222,52201.91720074054,99999.99999999997,0.47792282593451435,5.8002058080062235e-05,0.5220191720074056,3.1385820442180234,stackexchange,0.178911941530983,0.0011313623671212086,0.08,0.03,Optimization terminated successfully,b6_b8_lambda10,expanded
100000.0,1e+26,131072,exponential,1.0,True,0.0,4490.893683689705,691.2040338392732,0.9897543264082873,0.1534636351679092,0.21513991412158667,0.010174608765457664,0.05999999999999924,-0.02094183227395344,0.009090944554817534,0.47145050015465556,0.99,0.3030314851605845,18624.742978257822,2.5133002017022648,81372.7437215403,99999.99999999983,0.18624742978257855,2.5133002017022693e-05,0.8137274372154044,6.497204101580778,stackexchange,0.17891219708561143,0.0011234067682669953,0.08,0.03,Optimization terminated successfully,b6_b8_lambda10,expanded
1000000.0,1e+27,2048,exponential,1.0,True,0.0,5000.000000000004,3999.9999999999995,0.9898264824736684,0.14963363024823417,0.17491829662520877,0.010174608765457664,0.023608160417241994,-0.020943917948232908,0.009092803223042642,0.47144982889811393,0.99,0.3030934407680881,120000.00000000007,14.551047708309568,8192.000000000005,128206.55104770839,0.9359896122261765,0.00011349691251654381,0.06389689086130698,1.250000000000001,stackexchange,0.17890513729885396,0.0011163030254771062,0.08,0.03,Optimization terminated successfully,b6_b8_lambda10,expanded
1000000.0,1e+27,4096,exponential,1.0,True,0.0,5000.000000000004,3999.9999999999145,0.98988243568288,0.13531409862127142,0.17491829662520914,0.010174608765457664,0.03792723352971346,-0.020943639214580194,0.009092065974898264,0.47145131694718784,0.99,0.30306886582994214,119999.99999999753,14.556145313791657,16383.999999999663,136398.55614531098,0.8797747087011434,0.00010671773752710693,0.12011857356132946,1.2500000000000275,stackexchange,0.17891200477981342,0.001102378510518832,0.08,0.03,Optimization terminated successfully,b6_b8_lambda10,expanded
1000000.0,1e+27,8192,exponential,1.0,True,0.0,5000.000000000004,3999.999999999744,0.9898702082255165,0.12135878736300168,0.17491829662520986,0.010174608765457664,0.051879883005803235,-0.020936238375100853,0.009082003353238227,0.4714502003554906,0.99,0.3027334451079409,119999.9999999924,14.555031187698802,32767.99999999793,152782.55503117802,0.7854299856125868,9.526631613621454e-05,0.21447474807127706,1.2500000000000808,stackexchange,0.17890090495434555,0.0010077385317643385,0.08,0.03,Optimization terminated successfully,b6_b8_lambda10,expanded
1000000.0,1e+27,32768,exponential,1.0,True,0.0,5000.000000000004,3999.9999999999995,0.9898442247467981,0.1132587981333964,0.17491829662520877,0.010174608765457664,0.05997987224232584,-0.020936325484531285,0.009082090469587072,0.4714500470422882,0.99,0.30273634898623575,120000.00000000007,14.552663929121831,131072.0000000001,251086.5526639293,0.47792284663136037,5.795875475896183e-05,0.5220191946138806,1.250000000000001,stackexchange,0.1789005046309569,0.0010077390803602216,0.08,0.03,Optimization terminated successfully,b6_b8_lambda10,expanded
1000000.0,1e+27,131072,exponential,1.0,True,0.0,5000.000000000004,3999.9999999999995,0.9897620867737518,0.11324245413606221,0.17491829662520877,0.010174608765457664,0.05999999999999924,-0.020942396243622447,0.009091944989017449,0.4714505768052639,0.99,0.3030648329672483,120000.00000000007,14.545183069250303,524288.0000000003,644302.5451830697,0.18624790620050047,2.2575082432923636e-05,0.8137295187170667,1.250000000000001,stackexchange,0.17892337906056596,0.0011360462281084264,0.08,0.03,Optimization terminated successfully,b6_b8_lambda10,expanded
0.01,1e+19,2048,power,1.0,True,0.0,2.878255563047745,0.43434793250716397,0.9897265065416613,1.3110332213110978,1.336311327897242,0.010174608765457664,0.023608160417241994,-0.020980254232627248,0.009135699298267365,0.47218527197068216,0.99,0.30452330994224547,0.0075009861182221875,0.0019869465627610364,0.000512067319003968,0.009999999999987193,0.7500986118231794,0.1986946562763581,0.051206731900462384,6.62661278582297,stackexchange,0.17873179250044893,0.0011576385282159223,0.08,0.03,Optimization terminated successfully,b6_b8_lambda10,expanded
0.01,1e+19,4096,power,1.0,True,0.0,2.7659957491168363,0.42669317026062614,0.9897066686527849,1.3060291739698293,1.3455145712432925,0.010174608765457664,0.03792723352971346,-0.02105761399064674,0.009324841481439255,0.4730969872424301,0.99,0.31082804938130854,0.007081388970708471,0.0019517653415033725,0.0009668456408007299,0.009999999953012572,0.7081389003982097,0.19517653506742158,0.09668456453436888,6.482399864585021,stackexchange,0.1719188149771579,0.0017777709531843905,0.08,0.03,Optimization terminated successfully,b6_b8_lambda10,expanded
0.01,1e+19,8192,power,1.0,True,1.474514954580286e-16,2.5750919871435642,0.412469626994702,0.9897304374732514,1.309050241040401,1.3625991655742533,0.010174623792221319,0.051879883005803235,-0.020957755136974003,0.00911408981670362,0.4720038893290691,0.9899999864090742,0.30380299389012067,0.006372883388484912,0.0018868945875662897,0.0017402220239489466,0.010000000000000148,0.6372883388484818,0.18868945875662618,0.17402220239489208,6.243106931062926,stackexchange,0.17828684992844698,0.001152973350539594,0.08,0.03,Optimization terminated successfully,b6_b8_lambda10,expanded
0.01,1e+19,32768,power,1.0,True,0.0,1.8859175468522371,0.35398251574851664,0.9897459883255123,1.3796084872991679,1.4408512295917648,0.010174610635609963,0.05997987224232584,-0.02026151392557727,0.008824033239696218,0.47128971056370755,0.9899999983085445,0.29413444132320726,0.004005491026374155,0.0016194446241182112,0.004375064331740944,0.009999999982233311,0.4005491033490587,0.1619444626995428,0.4375064339513985,5.327713835990895,stackexchange,0.17930475944203614,0.0019328641383557434,0.08,0.03,Optimization terminated successfully,b6_b8_lambda10,expanded
0.01,1e+19,131072,power,1.0,True,6.36660862918248e-14,1.061319720182868,0.2579696349441659,0.9897225727266203,1.5439156602882231,1.6055866974208777,0.010174608765457664,0.05999999999999924,-0.02096735533730554,0.009121709439192407,0.47236602386212234,0.99,0.30405698130641357,0.0016427295646477124,0.0011800754521657875,0.007177194983250166,0.010000000000063666,0.16427295646372536,0.11800754521582744,0.7177194983204471,4.11412653435966,stackexchange,0.17811042976046096,0.0011444039396840027,0.08,0.03,Optimization terminated successfully,b6_b8_lambda10,expanded
0.1,1e+20,2048,power,1.0,True,0.0,7.974268661471125,1.7957635850734168,0.9897365439715511,0.9581481881518676,0.9834314144004026,0.010174608765457664,0.023608160417241994,-0.02091146795755189,0.009061793360801278,0.47179504423741736,0.99,0.30205977869337597,0.0859194076791719,0.008215160756596626,0.005865431564231469,0.1,0.859194076791719,0.08215160756596626,0.058654315642314686,4.4406004931574055,stackexchange,0.17806266815808228,0.0011212294550358032,0.08,0.03,Optimization terminated successfully,b6_b8_lambda10,expanded
0.1,1e+20,4096,power,1.0,True,1.3836154444391013e-14,7.68457317735922,1.7550477243980438,0.9897943495809951,0.9518342884709293,0.9906903761015204,0.010174609865813417,0.03792723352971346,-0.018606268584975594,0.007502804618284707,0.4690669875999232,0.9899999990047854,0.25009348727615693,0.08092075600736727,0.008030863439107364,0.011048380553539211,0.10000000000001384,0.8092075600735606,0.08030863439106253,0.11048380553537682,4.378555107380295,stackexchange,0.1844546914482833,0.0010488751073422346,0.08,0.03,Optimization terminated successfully,b6_b8_lambda10,expanded
0.1,1e+20,8192,power,1.0,True,1.249000902703301e-16,7.1970233804825146,1.6793026176937897,0.9897386110988927,0.9505808751656072,1.0041360474254852,0.010174608765457664,0.051879883005803235,-0.020873036082875766,0.00902313806334319,0.47162893916187115,0.99,0.30077126877810634,0.07251588121468618,0.007682448821623655,0.019801669963690306,0.10000000000000013,0.7251588121468608,0.07682448821623646,0.1980166996369028,4.28572152788417,stackexchange,0.17855126964721676,0.0010897521020443682,0.08,0.03,Optimization terminated successfully,b6_b8_lambda10,expanded
0.1,1e+20,32768,power,1.0,True,4.121702978920894e-15,5.411373855017664,1.3791587101924025,0.9897882762301324,1.0038491037463069,1.0655074593116975,0.010174608765457664,0.05997987224232584,-0.020886192012636848,0.009033099924114437,0.4714512561795323,0.99,0.3011033308038146,0.044778860317530304,0.006310683186312717,0.0489104564961611,0.10000000000000413,0.44778860317528457,0.06310683186312456,0.4891045649615908,3.9236773947958015,stackexchange,0.17890975303819215,0.001008177284181915,0.08,0.03,Optimization terminated successfully,b6_b8_lambda10,expanded
0.1,1e+20,131072,power,1.0,True,1.6653345369377348e-16,3.181641727378543,0.9339586581676022,0.9898240005993623,1.1321572191030274,1.193628804888021,0.010174608765457664,0.05999999999999924,-0.02166170896733207,0.010015514416879761,0.4707829805452642,0.99,0.3338504805626587,0.017829131030835096,0.004274206886711153,0.07789666208245392,0.10000000000000017,0.17829131030835066,0.04274206886711146,0.7789666208245379,3.4066194467545547,stackexchange,0.18105933941385785,0.00101473566658989,0.08,0.03,Optimization terminated successfully,b6_b8_lambda10,expanded
1.0,1e+21,2048,power,1.0,True,0.0,24.747975474407596,6.127481354041344,0.9897273754093014,0.7095318620865423,0.7339905785137804,0.010174608765457664,0.023608160417241994,-0.018683795610930986,0.007658630835477284,0.4721463975247572,0.99,0.2552876945159095,0.9098565496182303,0.02803057627754838,0.062112873787271185,0.9999999996830498,0.9098565499066095,0.02803057628643268,0.062112873806957875,4.038849576928572,stackexchange,0.18502476301846416,0.001108546671507201,0.08,0.03,Optimization terminated successfully,b6_b8_lambda10,expanded
1.0,1e+21,4096,power,1.0,True,0.0,23.938211103037517,5.958958670275328,0.9897551664996842,0.6999545106852989,0.7395582538965819,0.010174608765457664,0.03792723352971346,-0.020953129488546284,0.009102011041519142,0.4717150422925691,0.99,0.3034003680506381,0.8558808636199592,0.0272628691337954,0.1168562672462451,0.9999999999999997,0.8558808636199595,0.02726286913379541,0.11685626724624514,4.017180253732398,stackexchange,0.17874792207415074,0.0011076513029005053,0.08,0.03,Optimization terminated successfully,b6_b8_lambda10,expanded
1.0,1e+21,8192,power,1.0,True,0.0,22.482860376611523,5.671939174734926,0.9896704562752315,0.6983610684915641,0.7498684680545599,0.010174608765457664,0.051879883005803235,-0.016166681475164757,0.006364556152514612,0.4747614194492083,0.99,0.21215187175048708,0.7651284991811912,0.02594040853886435,0.2089310888430773,0.9999999965631329,0.7651285018108361,0.025940408628018087,0.20893108956114567,3.9638754373035465,freelaw,0.1903199249862325,0.0027779216888230117,0.08,0.03,Optimization terminated successfully,b6_b8_lambda10,expanded
1.0,1e+21,32768,power,1.0,True,0.0,17.146855862435583,4.548977143096812,0.9897428931256474,0.7351950353196067,0.7968235259852496,0.010174608765457664,0.05997987224232584,-0.020875817537315593,0.009052590348540878,0.471433043724141,0.99,0.30175301161802925,0.46800393236517024,0.020810971180706312,0.5111850951913967,0.9999999987372732,0.46800393295613135,0.02081097120698488,0.5111850958368838,3.7693871222141384,stackexchange,0.17864551311004584,0.0011707028248238555,0.08,0.03,Optimization terminated successfully,b6_b8_lambda10,expanded
1.0,1e+21,131072,power,1.0,True,0.0,10.302578757298548,2.9720610587731238,0.9897728573629226,0.8327606126919823,0.8944358374525294,0.010174608765457664,0.05999999999999924,-0.020949478045975422,0.009099644519970035,0.4715125206891313,0.99,0.30332148399900116,0.1837193587770613,0.013598514768696073,0.8026821264542326,0.99999999999999,0.18371935877706314,0.013598514768696208,0.8026821264542406,3.4664761435121676,stackexchange,0.17888203875395753,0.0011562532840218985,0.08,0.03,Optimization terminated successfully,b6_b8_lambda10,expanded
10.0,1e+22,2048,power,1.0,True,0.0,81.42675063325194,18.993794024575248,0.9897422326675094,0.5254943130570082,0.55077884436346,0.010174608765457664,0.023608160417241994,-0.02093937233450701,0.009088392679839541,0.47146246140326736,0.99,0.30294642266131805,9.279617577710637,0.08689386230848593,0.6334885599717128,9.999999999990836,0.927961757771914,0.008689386230856556,0.06334885599722934,4.287018724531675,stackexchange,0.17887968637753324,0.0011207772355412257,0.08,0.03,Optimization terminated successfully,b6_b8_lambda10,expanded
10.0,1e+22,4096,power,1.0,True,1.050004527769488e-11,78.79086210666725,18.45476395205426,0.989742402001136,0.5153956883601601,0.5549954128416239,0.010174617590816816,0.03792723352971346,-0.020942769431744744,0.009095660889177593,0.47145424682105774,0.9899999920179217,0.30318869630591977,8.724400570544404,0.08442793823443306,1.1911714912316627,10.0000000000105,0.8724400570535243,0.008442793823434441,0.1191171491230412,4.269405033376045,stackexchange,0.17867153403616892,0.001152915435493456,0.08,0.03,Optimization terminated successfully,b6_b8_lambda10,expanded
10.0,1e+22,8192,power,1.0,True,0.0,74.1318041042962,17.518429027834745,0.9899593962449815,0.5092481480470538,0.5628032445731912,0.010174608765457664,0.051879883005803235,-0.020989978671371336,0.009140156385579567,0.4726629931273172,0.99,0.3046718795193189,7.7920364934387685,0.08021807475281548,2.1277454318083464,9.99999999999993,0.7792036493438822,0.008021807475281603,0.2127745431808361,4.231646798152356,stackexchange,0.17805384497668514,0.0010328796095726294,0.08,0.03,Optimization terminated successfully,b6_b8_lambda10,expanded
10.0,1e+22,32768,power,1.0,True,0.0,56.862807059188825,13.919649300404885,0.9897996751372063,0.5373635536096992,0.5983267121448168,0.010174608765457664,0.05997987224232584,-0.01922945598761423,0.008071560929364842,0.4688222985833569,0.99,0.26905203097882807,4.749061995002974,0.06369588945734145,5.187242115075249,9.999999999535564,0.4749061995223538,0.006369588946029971,0.5187242115316163,4.08507469060552,pubmed_central,0.17956879881079932,0.001538340033841422,0.08,0.03,Optimization terminated successfully,b6_b8_lambda10,expanded
10.0,1e+22,131072,power,1.0,True,0.0,34.38801125857872,8.989862969591071,0.9897423451485632,0.6103855664900434,0.6720619147851106,0.010174608765457664,0.05999999999999924,-0.020940398225818956,0.009089441165293451,0.47145736662531723,0.99,0.3029813721764484,1.8548610540682662,0.04112734330316341,8.10401160262786,9.99999999999929,0.1854861054068398,0.004112734330316633,0.8104011602628436,3.825198601457988,stackexchange,0.17886101918847633,0.0011214184706948296,0.08,0.03,Optimization terminated successfully,b6_b8_lambda10,expanded
1000.0,1e+24,2048,power,1.0,True,0.0,922.4130677597822,169.00815340210488,0.9897757128128942,0.2861114842541416,0.31139557039128307,0.010174608765457664,0.023608160417241994,-0.02094248469439746,0.009091950209040372,0.47145222849792245,0.99,0.3030650069680124,935.3719755363086,0.7732976004123487,63.85472686327867,999.9999999999995,0.935371975536309,0.0007732976004123491,0.0638547268632787,5.457802178130266,stackexchange,0.17892308849147434,0.0011335258223211582,0.08,0.03,Optimization terminated successfully,b6_b8_lambda10,expanded
1000.0,1e+24,4096,power,1.0,True,0.0,892.639783418235,164.15873856651623,0.9897771220440995,0.2741846140983943,0.3137883683186964,0.010174608765457664,0.03792723352971346,-0.020941712792132146,0.009090583336085811,0.4714512028286401,0.99,0.3030194445361937,879.2077250413543,0.7511135663268506,120.04116139231292,999.999999999994,0.8792077250413596,0.0007511135663268551,0.12004116139231363,5.437662296951326,stackexchange,0.17889740692309422,0.0011158735411102476,0.08,0.03,Optimization terminated successfully,b6_b8_lambda10,expanded
1000.0,1e+24,8192,power,1.0,True,0.0,840.5229333742348,155.64625339998562,0.9897502641741929,0.26465887913456043,0.318218347387233,0.010174608765457664,0.051879883005803235,-0.020933472124147205,0.009079278111820169,0.47132175044916047,0.99,0.302642603727339,784.9454728587923,0.7120833525301775,214.3424437886409,999.9999999999634,0.784945472858821,0.0007120833525302036,0.21434244378864875,5.400213079425864,stackexchange,0.17897390026293528,0.0010077411517169566,0.08,0.03,Optimization terminated successfully,b6_b8_lambda10,expanded
1000.0,1e+24,32768,power,1.0,True,0.0,645.9092432363831,123.25801429655388,0.9898238446556978,0.27671244528676464,0.33836821351515045,0.010174608765457664,0.05997987224232584,-0.020942464261520667,0.009091959510002997,0.4714503898821154,0.99,0.3030653170000999,477.68094442263845,0.5640826826251865,521.7549728947006,999.9999999999643,0.4776809444226555,0.0005640826826252066,0.5217549728947192,5.240302197975955,stackexchange,0.17892663005060333,0.0011342518460094367,0.08,0.03,Optimization terminated successfully,b6_b8_lambda10,expanded
1000.0,1e+24,131072,power,1.0,True,0.0,391.985897708702,79.16297740932025,0.9898588775737122,0.31848901775642335,0.38016562270769116,0.010174608765457664,0.05999999999999924,-0.020941587574713424,0.009090373857987138,0.4714499583396769,0.99,0.30301246193290465,186.18462459051656,0.3623382651957385,813.4530371442729,999.9999999999852,0.18618462459051932,0.0003623382651957438,0.813453037144285,4.951631564865214,stackexchange,0.17889336540840436,0.0011131492162215224,0.08,0.03,Optimization terminated successfully,b6_b8_lambda10,expanded
10000.0,1e+25,2048,power,1.0,True,0.0,3120.495934548838,499.85737033980996,0.9898049772434053,0.2089550306556066,0.23424281733225105,0.010174608765457664,0.023608160417241994,-0.02093636314998394,0.009082128125123828,0.47145021321945696,0.99,0.30273760417079426,9358.8173519979,2.287383439025865,638.8952645630566,9999.999999999982,0.9358817351997916,0.00022873834390258694,0.06388952645630577,6.2427726781891435,stackexchange,0.17890159077748338,0.0010077385619686994,0.08,0.03,Optimization terminated successfully,b6_b8_lambda10,expanded
10000.0,1e+25,4096,power,1.0,True,0.0,3019.76791504699,485.508094791904,0.9898819999686802,0.196439069832597,0.2360432235095391,0.010174608765457664,0.03792723352971346,-0.02093801594814784,0.009086487035461529,0.47145127117741464,0.99,0.30288290118205097,8796.730602889105,2.222445462989559,1201.0469516477926,9999.999999999889,0.8796730602889203,0.00022224454629895838,0.1201046951647806,6.219809612734279,stackexchange,0.17892418461097642,0.0011032351009865014,0.08,0.03,Optimization terminated successfully,b6_b8_lambda10,expanded
10000.0,1e+25,8192,power,1.0,True,0.0,2843.5587542898093,460.30309108868045,0.989847767140376,0.18582073621591363,0.2393764328680387,0.010174608765457664,0.051879883005803235,-0.020953563428701184,0.009103141016921685,0.47149442689985055,0.99,0.3034380338973895,7853.39330575126,2.1067622249182425,2144.4999320238107,9999.999999999989,0.785339330575127,0.00021067622249182447,0.2144499932023813,6.177579098077312,stackexchange,0.17889623132653482,0.001136435962692206,0.08,0.03,Optimization terminated successfully,b6_b8_lambda10,expanded
10000.0,1e+25,32768,power,1.0,True,0.0,2185.524455805861,364.42114753344026,0.9899413945552509,0.1928814286692712,0.25453724596078353,0.010174608765457664,0.05997987224232584,-0.02094239147938959,0.009091837664745426,0.4714518066860845,0.99,0.3030612554915142,4778.707980883017,1.6685818644905501,5219.62343725249,9999.999999999996,0.47787079808830185,0.00016685818644905507,0.5219623437252492,5.997249255698893,stackexchange,0.1789070106818873,0.0011340367361040386,0.08,0.03,Optimization terminated successfully,b6_b8_lambda10,expanded
10000.0,1e+25,131072,power,1.0,True,0.0,1326.633162366312,233.96591719864483,0.9898416285132936,0.22430859334673023,0.28598434496307135,0.010174608765457664,0.05999999999999924,-0.020936652904734367,0.009086292522934815,0.4714505943315294,0.99,0.3028764174311605,1862.3216677150376,1.070811260104311,8136.607521024848,9999.99999999999,0.18623216677150392,0.00010708112601043119,0.8136607521024856,5.6701983701325025,stackexchange,0.1789091559463934,0.0011429395910023763,0.08,0.03,Optimization terminated successfully,b6_b8_lambda10,expanded
31622.7766,3.16227766e+25,2048,power,1.0,True,0.0,5000.000000000004,986.590736146261,0.98990830867193,0.1779992900541797,0.2032853954568405,0.010174608765457664,0.023608160417241994,-0.020930515270469692,0.009077961519593225,0.4714436640298703,0.99,0.30259871731977417,29597.72208438785,4.5166879846005505,2020.537827627544,31622.776599999994,0.9359621534431564,0.0001428302151241378,0.06389501634171948,5.0679575803950785,stackexchange,0.17891513062623576,0.0010681567161685188,0.08,0.03,Optimization terminated successfully,b6_b8_lambda10,expanded
31622.7766,3.16227766e+25,4096,power,1.0,True,0.0,5000.000000000004,927.3384891840293,0.989799687261089,0.16519490167552214,0.20479783191897638,0.010174608765457664,0.03792723352971346,-0.02094718768274788,0.009096882203549444,0.4714483851823677,0.99,0.30322940678498145,27820.1546755209,4.243472781317583,3798.3784516977867,31622.7766,0.8797505363751296,0.00013419039178607682,0.12011527323308437,5.391774479671962,stackexchange,0.17892651963984377,0.0011404365325667714,0.08,0.03,Optimization terminated successfully,b6_b8_lambda10,expanded
31622.7766,3.16227766e+25,8192,power,1.0,True,0.0,5000.000000000004,827.8955933800471,0.9897792910502211,0.15407609004828612,0.20763237379732086,0.010174608765457664,0.051879883005803235,-0.020941700982865644,0.009090691474176476,0.47145022912083545,0.99,0.30302304913921585,24836.86780140143,3.7880976291719124,6782.120700969351,31622.77659999995,0.7854107220110921,0.00011979016507904996,0.2144694878238289,6.039408881966042,stackexchange,0.17890836705405683,0.0011196628409752094,0.08,0.03,Optimization terminated successfully,b6_b8_lambda10,expanded
31622.7766,3.16227766e+25,32768,power,1.0,True,0.0,4021.0473862945646,626.40204078583,0.9897441778139228,0.15911219133766571,0.22076936688963705,0.010174608765457664,0.05997987224232584,-0.02094474594962662,0.009092833874523469,0.47165135090796495,0.99,0.30309446248411565,15112.753733228657,2.8657224234411203,16507.15714434789,31622.77659999999,0.4779072351675995,9.062210000373975e-05,0.5220021427323968,6.4192756799612365,stackexchange,0.17879450851766873,0.001087358721274641,0.08,0.03,Optimization terminated successfully,b6_b8_lambda10,expanded
31622.7766,3.16227766e+25,131072,power,1.0,True,0.0,2440.683387128043,402.1733040381306,0.9897415633925871,0.18636614668134216,0.2480454127046943,0.010174608803240068,0.05999999999999924,-0.020945403603326588,0.009091528776733623,0.47149316523782103,0.9899999999658278,0.30305095922445413,5889.466211473565,1.8398795167198105,25731.47050900877,31622.776599999055,0.18624127431851575,5.8182098934344224e-05,0.8137005435825498,6.068735449672309,stackexchange,0.17890198010132355,0.0010205890392670587,0.08,0.03,Optimization terminated successfully,b6_b8_lambda10,expanded
100000.0,1e+26,2048,power,1.0,True,0.0,5000.000000000004,3119.8740134836685,0.9898189748837092,0.1539386181499075,0.17922363542725048,0.010174608765457664,0.023608160417241994,-0.020943585373198667,0.009092119747640012,0.4715438221052224,0.99,0.30307065825466706,93596.22040451012,14.277615875305562,6389.501979614558,100000.0,0.9359622040451012,0.00014277615875305563,0.06389501979614558,1.6026288171864274,stackexchange,0.1788460343244973,0.0011050577069097005,0.08,0.03,Optimization terminated successfully,b6_b8_lambda10,expanded
100000.0,1e+26,4096,power,1.0,True,0.0,5000.000000000004,2932.501841699668,0.9897674384074193,0.14073463035699701,0.18034119342026161,0.010174608765457664,0.03792723352971346,-0.020937901044656468,0.009083962745647666,0.4714612355277256,0.99,0.3027987581882555,87975.0552509901,13.417205408028192,12011.52754360185,99999.99999999997,0.8797505525099013,0.00013417205408028195,0.12011527543601852,1.7050287672119655,stackexchange,0.17887508458908155,0.0010180559078333902,0.08,0.03,Optimization terminated successfully,b6_b8_lambda10,expanded
100000.0,1e+26,8192,power,1.0,True,0.0,5000.000000000004,2618.035698849105,0.989810276134488,0.1288761616227105,0.18243567088459256,0.010174608765457664,0.051879883005803235,-0.020936394229267633,0.009082159207731142,0.47145021719280433,0.99,0.30273864025770475,78541.0709654732,11.980589554895621,21446.948444971884,99999.99999999999,0.7854107096547321,0.00011980589554895622,0.21446948444971886,1.9098288087507806,stackexchange,0.17890108755822645,0.0010077380365286776,0.08,0.03,Optimization terminated successfully,b6_b8_lambda10,expanded
100000.0,1e+26,32768,power,1.0,True,0.0,5000.000000000004,1593.052383486588,0.9897425213746159,0.13072143038041462,0.19238091230732104,0.010174608765457664,0.05997987224232584,-0.020936201648138003,0.009081983198099754,0.4714511842636799,0.99,0.3027327732699918,47791.571504597676,7.287993313758002,52201.14050208856,100000.0,0.47791571504597674,7.287993313758001e-05,0.5220114050208856,3.1386287430529425,stackexchange,0.17888017559674121,0.0010083532159433776,0.08,0.03,Optimization terminated successfully,b6_b8_lambda10,expanded
100000.0,1e+26,131072,power,1.0,True,0.0,4490.999783905934,691.1832162679021,0.9897804345769756,0.153460460559257,0.21514008681850336,0.010174608765457664,0.05999999999999924,-0.02093630477900282,0.009082069754298037,0.47145021943803417,0.99,0.3027356584766012,18624.622049391342,3.1625753461952164,81372.21537526074,99999.99999999828,0.18624622049391662,3.1625753461952704e-05,0.8137221537526214,6.497553294415103,stackexchange,0.17890104337059506,0.0010077384128132497,0.08,0.03,Optimization terminated successfully,b6_b8_lambda10,expanded
1000000.0,1e+27,2048,power,1.0,True,0.0,5000.000000000004,3999.9999999999995,0.9898264824736684,0.14963363024823417,0.17491829662520877,0.010174608765457664,0.023608160417241994,-0.020943917948232908,0.009092803223042642,0.47144982889811393,0.99,0.3030934407680881,120000.00000000007,18.305957369549922,8192.000000000005,128210.30595736962,0.9359621997930533,0.00014278070107434825,0.06389501950587244,1.250000000000001,stackexchange,0.17890513729885396,0.0011163030254771062,0.08,0.03,Optimization terminated successfully,b6_b8_lambda10,expanded
1000000.0,1e+27,4096,power,1.0,True,0.0,5000.000000000004,3999.9999999999995,0.9898823904660017,0.135314098478914,0.17491829662520877,0.010174608765457664,0.03792723352971346,-0.02094363779116166,0.009092064409122668,0.47145133469469674,0.99,0.3030688136374223,120000.00000000007,18.310295253067405,16384.00000000001,136402.31029525315,0.8797504949897914,0.00013423742760246057,0.12011526758260618,1.250000000000001,stackexchange,0.17891228196184025,0.0011023842979317369,0.08,0.03,Optimization terminated successfully,b6_b8_lambda10,expanded
1000000.0,1e+27,8192,power,1.0,True,0.0,5000.000000000004,3999.9999999999995,0.9897729925961587,0.12135878736375147,0.17491829662520877,0.010174608765457664,0.051879883005803235,-0.020936337540940406,0.009082102519828657,0.47145012244347173,0.99,0.30273675066095523,120000.00000000007,18.301807794787546,32768.00000000002,152786.3018077949,0.7854107245226737,0.00011978696766815662,0.2144694885096581,1.250000000000001,stackexchange,0.1789010654650767,0.0010077384271479472,0.08,0.03,Optimization terminated successfully,b6_b8_lambda10,expanded
1000000.0,1e+27,32768,power,1.0,True,0.0,4999.999999999995,3999.9999999999995,0.9898442574800626,0.11325879813203366,0.1749182966252088,0.010174608765457664,0.05997987224232584,-0.02093631940765859,0.009082084391351618,0.47145006523142485,0.99,0.3027361463783873,119999.99999999987,18.307336447002903,131071.99999999987,251090.30733644674,0.47791570002424144,7.291136261373925e-05,0.5220113886131448,1.2499999999999991,stackexchange,0.17890053123986863,0.0010077391375403852,0.08,0.03,Optimization terminated successfully,b6_b8_lambda10,expanded
1000000.0,1e+27,131072,power,1.0,True,0.0,5000.000000000004,3999.9999999999995,0.9897621311728998,0.11324232910171766,0.17491829662520877,0.010174608765457664,0.05999999999999924,-0.02094219689114423,0.009091620602194702,0.4714511730441582,0.99,0.30305402007315674,120000.00000000007,18.30096528224654,524288.0000000003,644306.3009652827,0.18624682052654032,2.8404138303208452e-05,0.8137247753351564,1.250000000000001,stackexchange,0.17890204054137343,0.0011333013910843715,0.08,0.03,Optimization terminated successfully,b6_b8_lambda10,expanded
0.01,1e+19,2048,logarithmic,1.0,True,0.0,2.3493388835153475,0.6100828915333183,0.9897411595165463,1.281784344083943,1.3070682898105477,0.010174608765457664,0.023608160417241994,-0.020939963073512983,0.009089568998692463,0.4715135915663025,0.99,0.30298563328974876,0.008599748755480205,0.0008131750622986492,0.0005870761817074486,0.009999999999486303,0.8599748755921971,0.08131750623404217,0.058707618173760655,3.850851935235826,stackexchange,0.17889651877234844,0.0011094438084271992,0.08,0.03,Optimization terminated successfully,b6_b8_lambda10,expanded
0.01,1e+19,4096,logarithmic,1.0,True,0.0,2.266152774505343,0.5957262538414105,0.9897366648334143,1.2771138724174513,1.316717407229035,0.010174608765457664,0.03792723352971346,-0.020960075907883666,0.009109165860555612,0.47171863184055685,0.99,0.3036388620185204,0.008100040217930319,0.0007940342898158034,0.0011059254910880862,0.009999999998834209,0.8100040218874615,0.07940342899083712,0.1105925491217014,3.8040169623086983,stackexchange,0.178777662174319,0.0010966510705106923,0.08,0.03,Optimization terminated successfully,b6_b8_lambda10,expanded
0.01,1e+19,8192,logarithmic,1.0,True,0.0,2.1225067787676934,0.5699484028288658,0.9897408102675935,1.2810438138749518,1.334599714090568,0.010174608765457664,0.051879883005803235,-0.020957768796960315,0.009107142821689543,0.4715279201714204,0.99,0.3035714273896514,0.007258316091312527,0.000759679728003938,0.0019820041806677406,0.009999999999984206,0.7258316091323991,0.07596797280051379,0.1982004180670871,3.7240332076252924,stackexchange,0.17887419026650223,0.0011231196990325618,0.08,0.03,Optimization terminated successfully,b6_b8_lambda10,expanded
0.01,1e+19,32768,logarithmic,1.0,True,0.0,1.596310690913354,0.467899097196992,0.9896270640292659,1.3565735929140503,1.4161996844016562,0.010174609785596573,0.05997987224232584,-0.016403768162357956,0.006582939131481407,0.4767556857130164,0.9899999990773374,0.21943130438271358,0.0044814739867455895,0.0006235613309827453,0.004894964653255983,0.009999999970984318,0.44814739997488917,0.06235613327920511,0.4894964667459057,3.411655847331727,freelaw,0.19039398138030822,0.0027461555183600564,0.08,0.03,Optimization terminated successfully,b6_b8_lambda10,expanded
0.01,1e+19,131072,logarithmic,1.0,True,0.0,0.938964063680916,0.3166452394289785,0.9897562086235178,1.5248721383206554,1.5865490195613225,0.010174608765457664,0.05999999999999924,-0.020941332875818706,0.009089842869692904,0.4714457058872463,0.99,0.3029947623230968,0.0017839110045567016,0.00042206288913471503,0.007794026106308534,0.00999999999999995,0.17839110045567105,0.042206288913471716,0.7794026106308573,2.9653503250962965,stackexchange,0.1788794566136705,0.0011037645258792407,0.08,0.03,Optimization terminated successfully,b6_b8_lambda10,expanded
0.1,1e+20,2048,logarithmic,1.0,True,0.0,7.310943040148922,2.0749851052286634,0.9897432102560835,0.950350454076487,0.9756334992183993,0.010174608765457664,0.023608160417241994,-0.02093736587705527,0.009087872386927365,0.471417790457253,0.99,0.30292907956424553,0.09102058748090507,0.002765740410303629,0.00621367210536312,0.09999999999657182,0.9102058748402542,0.027657404103984436,0.06213672105576136,3.5233713349201397,stackexchange,0.17849329229315003,0.0011261392111536624,0.08,0.03,Optimization terminated successfully,b6_b8_lambda10,expanded
0.1,1e+20,4096,logarithmic,1.0,True,0.0,7.066551736677487,2.019340352968185,0.9897409724486127,0.9434843197354766,0.9830350353907942,0.010174610405875596,0.03792723352971346,-0.020972045006897592,0.009173952475417956,0.47152025756420823,0.9899999985163273,0.3057984158472652,0.08561863846926154,0.0026915634205625545,0.011689798105669842,0.09999999999549394,0.8561863847311957,0.02691563420683838,0.11689798106196592,3.499435707452938,stackexchange,0.1778334410120367,0.0015334553022938685,0.08,0.03,Optimization terminated successfully,b6_b8_lambda10,expanded
0.1,1e+20,8192,logarithmic,1.0,True,0.0,6.64125355249884,1.9208073977528768,0.9897393005699848,0.9433846914184193,0.9967430129497925,0.010174608765457664,0.051879883005803235,-0.021661218042013316,0.010008170750985687,0.4715978073547936,0.99,0.3336056916995229,0.07653941372395408,0.002560223699062998,0.020900362574221062,0.09999999999723815,0.7653941372606798,0.025602236991337075,0.209003625747983,3.457532264957091,stackexchange,0.1802211185614348,0.0010983256471245768,0.08,0.03,Optimization terminated successfully,b6_b8_lambda10,expanded
0.1,1e+20,32768,logarithmic,1.0,True,0.0,5.0655455282032165,1.5402689392439464,0.9897421575518491,0.9975074421186282,1.0591651179159518,0.010174608765457664,0.05997987224232584,-0.02092987085728478,0.00907745853682915,0.4714661665572304,0.99,0.30258195122763837,0.04681381462450491,0.0020530161216353025,0.051133169253859224,0.09999999999999944,0.46813814624505173,0.020530161216353142,0.5113316925385951,3.2887409459088883,stackexchange,0.17885092762397756,0.0010717311032252934,0.08,0.03,Optimization terminated successfully,b6_b8_lambda10,expanded
0.1,1e+20,131072,logarithmic,1.0,True,0.0,3.0421815270519392,1.006695049672797,0.9897423896723017,1.1272537581163464,1.1889291551631933,0.010174608765457664,0.05999999999999924,-0.02094022175194088,0.009090215939635425,0.47145544716230814,0.99,0.30300719798784753,0.018375294500935307,0.0013418188047900036,0.08028288669421975,0.09999999999994506,0.18375294500945402,0.013418188047907407,0.8028288669426386,3.021949425539273,stackexchange,0.17893204532511814,0.0011530756166151736,0.08,0.03,Optimization terminated successfully,b6_b8_lambda10,expanded
1.0,1e+21,2048,logarithmic,1.0,True,0.0,24.047610258202432,6.432166663526028,0.9898244804769992,0.7068418467845884,0.7321293301062046,0.010174608765457664,0.023608160417241994,-0.020936328371767225,0.009082396701935343,0.47145927765856194,0.99,0.3027465567311781,0.9280694222416574,0.008574371866628894,0.06335620589169715,0.9999999999999835,0.9280694222416728,0.008574371866629037,0.0633562058916982,3.7386485015330515,stackexchange,0.17892627898407246,0.001017775611739464,0.08,0.03,Optimization terminated successfully,b6_b8_lambda10,expanded
1.0,1e+21,4096,logarithmic,1.0,True,8.881784197001252e-16,23.262514376841295,6.251381171374272,0.9897515324824819,0.6981306833654275,0.737734478374038,0.010174608765457664,0.03792723352971346,-0.02094109505324098,0.009089924808886289,0.47146714105285165,0.99,0.302997493629543,0.872537066245254,0.008332539643394843,0.11913039411135201,1.0000000000000009,0.8725370662452532,0.008332539643394836,0.1191303941113519,3.7211799663349243,stackexchange,0.17892260613948296,0.001114673266358876,0.08,0.03,Optimization terminated successfully,b6_b8_lambda10,expanded
1.0,1e+21,8192,logarithmic,1.0,True,0.0,21.891876103933335,5.932893883829093,0.9897468103880938,0.6945566286908511,0.748112991163588,0.010174608765457664,0.051879883005803235,-0.02094074035084116,0.00908965211844994,0.4714115592922865,0.99,0.3029884039483313,0.7792930670554221,0.00790797276731053,0.2127989601772673,0.9999999999999999,0.7792930670554222,0.007907972767310532,0.21279896017726732,3.6899153318084132,stackexchange,0.17891397639987322,0.0011169115539164615,0.08,0.03,Optimization terminated successfully,b6_b8_lambda10,expanded
1.0,1e+21,32768,logarithmic,1.0,True,0.0,16.786405701228666,4.7155860548037705,0.9897430898079937,0.7336816015802026,0.795335768142968,0.010174608765457664,0.05997987224232584,-0.020952679212290763,0.009103776126393534,0.47142303087985543,0.99,0.3034592042131178,0.4749464438099545,0.006285387164549452,0.5187681690254863,0.9999999999999902,0.47494644380995915,0.006285387164549514,0.5187681690254914,3.5597708336015508,stackexchange,0.17888861178986448,0.0011817731868047545,0.08,0.03,Optimization terminated successfully,b6_b8_lambda10,expanded
1.0,1e+21,131072,logarithmic,1.0,True,0.0,10.15627307381128,3.04403681963988,0.9897422652976084,0.8316777238426905,0.8933530985293361,0.01017461451246115,0.05999999999999924,-0.020928178466154353,0.009078189267046892,0.47146066118021757,0.9899999948021342,0.3026063089015631,0.18549641512199183,0.0040573807816937715,0.8104462040956572,0.9999999999993427,0.18549641512211376,0.004057380781696439,0.8104462040961898,3.3364488262046716,stackexchange,0.17896092493485213,0.0011469864402674547,0.08,0.03,Optimization terminated successfully,b6_b8_lambda10,expanded
10.0,1e+22,2048,logarithmic,1.0,True,0.0,80.68580970589204,19.286519149464514,0.9898616359899892,0.5250905056639179,0.5503553217109842,0.010174608765457664,0.023608160417241994,-0.02087916061114825,0.009047896215866342,0.47227089949796835,0.99,0.3015965405288781,9.33689048389642,0.025711125735611292,0.6373983903673289,9.99999999999936,0.9336890483897017,0.0025711125735612935,0.06373983903673697,4.183534057162008,stackexchange,0.17902769096314933,0.0010215334231317027,0.08,0.03,Optimization terminated successfully,b6_b8_lambda10,expanded
10.0,1e+22,4096,logarithmic,1.0,True,4.973799150320701e-14,78.14285335859405,18.71941576716344,0.989778113893212,0.5150156413410232,0.554580759716266,0.010174608765457664,0.03792723352971346,-0.020521840083244883,0.008709346472257944,0.4714727050964866,0.99,0.2903115490752648,8.776731367512037,0.0249522431103692,1.1983163893776434,10.00000000000005,0.8776731367511993,0.0024952243110369075,0.11983163893776375,4.174428001950141,stackexchange,0.17837602561745686,0.0013465237784924973,0.08,0.03,Optimization terminated successfully,b6_b8_lambda10,expanded
10.0,1e+22,8192,logarithmic,1.0,True,0.0,73.509231370119,17.76747839418112,0.989884029604733,0.5088444590859674,0.5624038768954589,0.010174608765457664,0.051879883005803235,-0.02094039750774343,0.009086253938597603,0.47145575882721696,0.99,0.3028751312865868,7.836442080848701,0.02368680160750011,2.139871117543752,9.999999999999954,0.7836442080848737,0.002368680160750022,0.21398711175437618,4.137291164186439,stackexchange,0.1789157545259401,0.0010106245257877637,0.08,0.03,Optimization terminated successfully,b6_b8_lambda10,expanded
10.0,1e+22,32768,logarithmic,1.0,True,0.0,56.45962925328449,14.082434296258409,0.9897454977161528,0.5363339744552938,0.5979901688367569,0.010174608765457664,0.05997987224232584,-0.02094182464132794,0.009090893736733018,0.4714504070398344,0.99,0.3030297912244339,4.770534116102928,0.018770486681665,5.210695397215358,9.99999999999995,0.47705341161029513,0.0018770486681665094,0.5210695397215384,4.009223694250458,stackexchange,0.17891220235896285,0.0011218431249394784,0.08,0.03,Optimization terminated successfully,b6_b8_lambda10,expanded
10.0,1e+22,131072,logarithmic,1.0,True,0.0,34.23988265413944,9.055098880873935,0.989742659058219,0.6101420781918512,0.6718186118721181,0.010174608765457664,0.05999999999999924,-0.020941657429666072,0.009090514983940852,0.4714494216793424,0.99,0.30301716613136176,1.8602731386165177,0.012069500558663208,8.127657360824807,9.99999999999999,0.18602731386165197,0.001206950055866322,0.8127657360824816,3.7812820273515166,stackexchange,0.17890663271281865,0.0011153033697209106,0.08,0.03,Optimization terminated successfully,b6_b8_lambda10,expanded
1000.0,1e+24,2048,logarithmic,1.0,True,0.0,921.6774063910632,169.23576711922814,0.9897435810550569,0.2860866692077603,0.31137445588236307,0.010174608765457664,0.023608160417241994,-0.020936275203312843,0.00908204018049446,0.47145043412292986,0.99,0.30273467268314863,935.884697442313,0.2255738789571792,63.889728678728574,999.9999999999989,0.9358846974423141,0.00022557387895717946,0.06388972867872865,5.446114743237066,stackexchange,0.17890107289979737,0.001007738560942934,0.08,0.03,Optimization terminated successfully,b6_b8_lambda10,expanded
1000.0,1e+24,4096,logarithmic,1.0,True,0.0,891.9207884779235,164.37853250314322,0.9899147800925656,0.27416084399148793,0.3137677037784007,0.010174608765457664,0.03792723352971346,-0.020936337775381238,0.009082102752724279,0.47145030028151286,0.99,0.30273675842414266,879.6757819142849,0.2191513283466159,120.10506675736372,999.9999999999952,0.8796757819142891,0.00021915132834661696,0.12010506675736429,5.426017466489235,stackexchange,0.17890131860969782,0.0010077384355459908,0.08,0.03,Optimization terminated successfully,b6_b8_lambda10,expanded
1000.0,1e+24,8192,logarithmic,1.0,True,0.0,839.8932828336632,155.8415536315384,0.9897774487950708,0.2646389714402668,0.3181984806645146,0.010174608765457664,0.051879883005803235,-0.020936170029646605,0.009081935045744364,0.47145038362874186,0.99,0.3027311681914788,785.341644488947,0.20773045593045283,214.45062505511513,999.9999999999926,0.7853416444889528,0.00020773045593045438,0.21445062505511672,5.389405221276554,stackexchange,0.17890157768360387,0.0010077393800910141,0.08,0.03,Optimization terminated successfully,b6_b8_lambda10,expanded
1000.0,1e+24,32768,logarithmic,1.0,True,0.0,645.5315953581113,123.37943462941443,0.9898216925414909,0.2766951124430531,0.3383514807458749,0.010174608765457664,0.05997987224232584,-0.020933859001907636,0.009082754175954071,0.4714479969272306,0.99,0.3027584725318024,477.87193962424624,0.1644697888377882,521.9635905869101,999.9999999999941,0.47787193962424906,0.00016446978883778918,0.5219635905869131,5.232084239136338,stackexchange,0.17891510892650372,0.0011177934847939573,0.08,0.03,Optimization terminated successfully,b6_b8_lambda10,expanded
1000.0,1e+24,131072,logarithmic,1.0,True,0.0,391.83808682306704,79.21317918037205,0.9898288536926294,0.3184739226485061,0.3801535488483029,0.010174608765457664,0.05999999999999924,-0.020936131819834194,0.009081896854578967,0.471450075961186,0.99,0.30272989515263227,186.23244348725876,0.1055954205891792,813.6619610920661,999.999999999914,0.18623244348727477,0.00010559542058918828,0.8136619610921361,4.946627453631595,stackexchange,0.17890112793035026,0.0010077390156565777,0.08,0.03,Optimization terminated successfully,b6_b8_lambda10,expanded
10000.0,1e+25,2048,logarithmic,1.0,True,0.0,3119.425557477686,500.10994874248763,0.9897799703291125,0.20895070312759956,0.23423812204745717,0.010174608765457664,0.023608160417241994,-0.020901373631035502,0.009047506362962202,0.4714396431193303,0.99,0.30158354543207344,9360.33453393703,0.6666285461919826,638.9988375167679,9999.99999999999,0.9360334533937038,6.666285461919832e-05,0.06389988375167685,6.2374795088987804,stackexchange,0.17884447000097178,0.0010079665013762687,0.08,0.03,Optimization terminated successfully,b6_b8_lambda10,expanded
10000.0,1e+25,4096,logarithmic,1.0,True,0.0,3019.0209793507274,485.704718382775,0.9897861921941197,0.19643454396470078,0.23603862578990692,0.010174608765457664,0.03792723352971346,-0.02093809649726477,0.009086639436314391,0.4714526131895079,0.99,0.3028879812104797,8798.116407403408,0.6474324390807077,1201.2361601574787,9999.999999999967,0.8798116407403437,6.474324390807099e-05,0.12012361601574827,6.215753862558716,stackexchange,0.17891364543546948,0.001105135458463736,0.08,0.03,Optimization terminated successfully,b6_b8_lambda10,expanded
10000.0,1e+25,8192,logarithmic,1.0,True,0.0,2842.9675877484046,460.46754965709863,0.9899787563645579,0.1858125045534539,0.23937201381931345,0.010174608765457664,0.051879883005803235,-0.020936298169071953,0.009082063143557988,0.47145019454502257,0.99,0.3027354381185996,7854.565913310362,0.6139546280870841,2144.820132061283,9999.999999999733,0.7854565913310572,6.139546280871005e-05,0.21448201320613403,6.174088901303704,stackexchange,0.17890115970809944,0.0010077385234603024,0.08,0.03,Optimization terminated successfully,b6_b8_lambda10,expanded
10000.0,1e+25,32768,logarithmic,1.0,True,0.0,2185.178643312077,364.5219307998535,0.9898353031113619,0.19287861999514064,0.2545335236310954,0.010174608765457664,0.05997987224232584,-0.020926549260103757,0.00907690910101718,0.471450210094388,0.99,0.3025636367005727,4779.273229216336,0.4859316182973525,5220.2408391653635,9999.999999999996,0.4779273229216338,4.859316182973527e-05,0.5220240839165365,5.994642458184178,stackexchange,0.17893353089036398,0.001161673243737966,0.08,0.03,Optimization terminated successfully,b6_b8_lambda10,expanded
10000.0,1e+25,131072,logarithmic,1.0,True,0.0,1326.5065377543042,234.00600819726648,0.9899554531863962,0.22430522389505966,0.28598166183369217,0.010174608765457664,0.05999999999999924,-0.02094178380231791,0.009090737098226961,0.47145090046833493,0.99,0.3030245699408987,1862.4629984847677,0.3119969353322166,8137.225004579849,9999.999999999949,0.1862462998484777,3.119969353322182e-05,0.8137225004579891,5.6686858084261775,stackexchange,0.1789019682990585,0.0011185651557095299,0.08,0.03,Optimization terminated successfully,b6_b8_lambda10,expanded
31622.7766,3.16227766e+25,2048,logarithmic,1.0,True,0.0,5000.000000000004,986.6906303639578,0.989810360065015,0.17799756691823732,0.2032829432028193,0.010174608765457664,0.023608160417241994,-0.020940822623572646,0.009088997990774977,0.47144653459395947,0.99,0.3029665996924993,29600.718910918753,1.3152780958579655,2020.742410985387,31622.776599999997,0.936056921419062,4.159274539661915e-05,0.06390148583554131,5.06744449185219,stackexchange,0.17891552816595876,0.0010937896658546834,0.08,0.03,Optimization terminated successfully,b6_b8_lambda10,expanded
31622.7766,3.16227766e+25,4096,logarithmic,1.0,True,0.0,5000.000000000004,927.426684724081,0.9898571071906083,0.1651919337885429,0.20479549070263686,0.010174608765457664,0.03792723352971346,-0.020941795851488528,0.009090863701650369,0.47145042039134416,0.99,0.3030287900550123,27822.800541722452,1.236357647686275,3798.7397006298393,31622.776599999976,0.8798342060109444,3.909706169464815e-05,0.12012669692736097,5.391261737834894,stackexchange,0.17891018797241096,0.001122042155449331,0.08,0.03,Optimization terminated successfully,b6_b8_lambda10,expanded
31622.7766,3.16227766e+25,8192,logarithmic,1.0,True,0.0,5000.000000000004,827.9658820239245,0.9897701299368119,0.15407391312500057,0.20763022055671113,0.010174608765457664,0.051879883005803235,-0.02094549845819596,0.009094465266830961,0.4714505228449374,0.99,0.3031488422276987,24838.97646071775,1.1036337422442086,6782.696505539993,31622.776599999987,0.7854774036735838,3.489996328292719e-05,0.21448769636313328,6.038896177433947,stackexchange,0.17891474242918234,0.0011193739716757497,0.08,0.03,Optimization terminated successfully,b6_b8_lambda10,expanded
31622.7766,3.16227766e+25,32768,logarithmic,1.0,True,0.0,4020.607515405284,626.5108021975552,0.9898231616425481,0.159108115656298,0.22076761415807405,0.010174608765457664,0.05997987224232584,-0.0209362146154914,0.009081979590583536,0.47145017872108386,0.99,0.3027326530194512,15113.724238788503,0.83516599059892,16508.217195220725,31622.776599999826,0.4779379252481133,2.641026754743999e-05,0.5220356644843392,6.417459206293911,stackexchange,0.17890138228623928,0.0010077388678192685,0.08,0.03,Optimization terminated successfully,b6_b8_lambda10,expanded
31622.7766,3.16227766e+25,131072,logarithmic,1.0,True,0.0,2440.6933409880958,402.1882453371814,0.9898483191586194,0.1863645222508553,0.24804414850756007,0.010174608765457664,0.05999999999999924,-0.020936334657451972,0.009082099635288802,0.4714502561449587,0.99,0.3027366545096267,5889.709033308871,0.5361528903000228,25732.531413795343,31622.776599994515,0.18624895301919478,1.695464307521041e-05,0.81373409233773,6.068534745320314,stackexchange,0.1789010777053665,0.0010077383565308795,0.08,0.03,Optimization terminated successfully,b6_b8_lambda10,expanded
100000.0,1e+26,2048,logarithmic,1.0,True,0.0,5000.000000000004,3120.1897141070544,0.989944453864025,0.1539340379067055,0.17922182453247504,0.010174608765457664,0.023608160417241994,-0.02093644838711739,0.009082213413132185,0.47145005458679046,0.99,0.3027404471044062,93605.6914232117,4.160042297004026,6390.148534491252,99999.99999999996,0.9360569142321173,4.1600422970040274e-05,0.06390148534491255,1.6024666632909914,stackexchange,0.17890225709707924,0.001007738106432551,0.08,0.03,Optimization terminated successfully,b6_b8_lambda10,expanded
100000.0,1e+26,4096,logarithmic,1.0,True,0.0,5000.000000000004,2932.7807103785335,0.9897071166867916,0.14336404906675787,0.18033946365433384,0.010174608765457664,0.03792723352971346,-0.015329008897266825,0.006106219073946622,0.47307689571541384,0.99,0.20354063579822074,87983.42131135607,3.9088989033985575,12012.669789710482,99999.99999996994,0.8798342131138253,3.908898903399733e-05,0.12012669789714094,1.7048666415139693,stackexchange,0.20811006610826754,0.002645545698094794,0.08,0.03,Optimization terminated successfully,b6_b8_lambda10,expanded
100000.0,1e+26,8192,logarithmic,1.0,True,0.0,5000.000000000004,2618.257994566233,0.9899106592164612,0.12887574248564376,0.18243407966109626,0.010174608765457664,0.051879883005803235,-0.02093897229258588,0.009085909357478952,0.471450152195133,0.99,0.30286364524929843,78547.73983698704,3.4906715263696024,21448.769491486593,100000.0,0.7854773983698704,3.4906715263696024e-05,0.21448769491486594,1.9096666601903585,stackexchange,0.17893232815307925,0.0010501078074227847,0.08,0.03,Optimization terminated successfully,b6_b8_lambda10,expanded
100000.0,1e+26,32768,logarithmic,1.0,True,0.0,5000.000000000004,1593.1346539230344,0.989934389549016,0.13072031102359863,0.1923798095001178,0.010174608765457664,0.05997987224232584,-0.02093624783132058,0.009082012831669586,0.47145036314591754,0.99,0.30273376105565286,47794.039617691065,2.124042558891951,52203.83633975003,99999.99999999999,0.4779403961769107,2.1240425588919514e-05,0.5220383633975003,3.1384666623676103,stackexchange,0.17890185750635265,0.0010077390263374473,0.08,0.03,Optimization terminated successfully,b6_b8_lambda10,expanded
100000.0,1e+26,131072,logarithmic,1.0,True,0.0,4491.000917735855,691.1985332627945,0.9897815324475726,0.15346311781399405,0.21513949074433875,0.010174608765457664,0.05999999999999924,-0.0209382595204471,0.00908727782464399,0.47145203778417727,0.99,0.30290926082146635,18625.039483325323,0.9213447273272849,81374.03917194722,99999.99999999988,0.18625039483325345,9.21344727327286e-06,0.8137403917194732,6.497410948683786,stackexchange,0.17891169965197373,0.001121945621634839,0.08,0.03,Optimization terminated successfully,b6_b8_lambda10,expanded
1000000.0,1e+27,2048,logarithmic,1.0,True,0.0,5000.000000000004,3999.9999999999995,0.9898264824736684,0.14963363024823417,0.17491829662520877,0.010174608765457664,0.023608160417241994,-0.020943917948232908,0.009092803223042642,0.47144982889811393,0.99,0.3030934407680881,120000.00000000007,5.3321973430075635,8192.000000000005,128197.33219734309,0.9360569205549123,4.1593668539056186e-05,0.06390148577654868,1.250000000000001,stackexchange,0.17890513729885396,0.0011163030254771062,0.08,0.03,Optimization terminated successfully,b6_b8_lambda10,expanded
1000000.0,1e+27,4096,logarithmic,1.0,True,0.0,5000.000000000004,3999.9999999999995,0.9898824049099727,0.1353140985746868,0.17491829662520877,0.010174608765457664,0.03792723352971346,-0.020943620282003285,0.009092046995737083,0.4714513242602106,0.99,0.3030682331912361,120000.00000000007,5.332607837723735,16384.00000000001,136389.3326078378,0.8798342048130537,3.909842313736264e-05,0.12012669676380894,1.250000000000001,stackexchange,0.1789120681145923,0.0011023829706410294,0.08,0.03,Optimization terminated successfully,b6_b8_lambda10,expanded
1000000.0,1e+27,8192,logarithmic,1.0,True,0.0,5000.000000000004,3999.999999999623,0.9898702171446304,0.12135878736228001,0.17491829662521036,0.010174608765457664,0.051879883005803235,-0.02093625351026694,0.009082018487682161,0.4714502067951592,0.99,0.30273394958940536,119999.99999998878,5.332518376082723,32767.99999999694,152773.3325183618,0.7854773998961239,3.4904772241201246e-05,0.21448769533163492,1.2500000000001188,stackexchange,0.1789009831081705,0.001007738467501218,0.08,0.03,Optimization terminated successfully,b6_b8_lambda10,expanded
1000000.0,1e+27,32768,logarithmic,1.0,True,0.0,5000.000000000004,3999.9999999999995,0.9898442554804494,0.11325879813145082,0.17491829662520877,0.010174608765457664,0.05997987224232584,-0.02093632293049021,0.009082087913600432,0.47145005919420013,0.99,0.30273626378668106,120000.00000000007,5.332327806798976,131072.0000000001,251077.33232780697,0.4779403974363081,2.1237790593684818e-05,0.5220383647730982,1.250000000000001,stackexchange,0.17890057407444124,0.0010077390646572343,0.08,0.03,Optimization terminated successfully,b6_b8_lambda10,expanded
1000000.0,1e+27,131072,logarithmic,1.0,True,0.0,5000.000000000004,3999.9999999999995,0.9897620742694118,0.11324232905969192,0.17491829662520877,0.010174608765457664,0.05999999999999924,-0.020942206990602355,0.009091630659627089,0.4714511809397874,0.99,0.30305435532090297,120000.00000000007,5.331724533006232,524288.0000000003,644293.3317245335,0.18625056956402875,8.275306091924295e-06,0.8137411551298793,1.250000000000001,stackexchange,0.17890207959237348,0.0011332958840551627,0.08,0.03,Optimization terminated successfully,b6_b8_lambda10,expanded
0.01,1e+19,2048,exponential,1.0,True,2.8449465006019636e-15,0.5207483923914439,1.4344375502994995,0.9896429455554007,3.227633563117797,3.252866547066163,0.010174611630508612,0.023608160417241994,-0.021049573578181026,0.009250138416548285,0.47602566753535314,0.9899999974087104,0.3083379472182762,0.004481886289826312,0.005212150272791056,0.0003059634373854763,0.010000000000002845,0.4481886289825037,0.5212150272789573,0.030596343738538923,0.36303315699084676,stackexchange,0.17614730827962136,0.0011368649121520449,0.08,0.03,Optimization terminated successfully,b1,legacy
0.01,1e+19,4096,exponential,1.0,True,1.3877787807814457e-17,0.49997048573115177,1.4198197314708558,0.9896501662112319,3.2226833176752914,3.262245156692133,0.010174610646784274,0.03792723352971346,-0.02102881939258802,0.009219603258675347,0.4756938377491116,0.9899999982984379,0.3073201086225116,0.004259207764764944,0.0051592684017524966,0.0005815238334825737,0.010000000000000014,0.42592077647649385,0.5159268401752489,0.058152383348257286,0.35213659498393474,stackexchange,0.17628397189499787,0.001049778222450163,0.08,0.03,Optimization terminated successfully,b1,legacy
0.01,1e+19,8192,exponential,1.0,True,1.2646134139870924e-15,0.46410948532553925,1.3930219288372656,0.989642916598218,3.2262345524874556,3.279739889719176,0.010174612672517925,0.051879883005803235,-0.021036273846066,0.009236206947631373,0.47602695358782454,0.9899999964662671,0.3078735649210458,0.00387908814263912,0.005061662188545488,0.0010592496688166557,0.010000000000001265,0.3879088142638629,0.5061662188544848,0.10592496688165216,0.3331673936482281,stackexchange,0.1761305716625632,0.0011177660172060934,0.08,0.03,Optimization terminated successfully,b1,legacy
0.01,1e+19,32768,exponential,1.0,True,3.9898639947466563e-16,0.3361893871219024,1.2732287393517767,0.9896463103754233,3.300186063984147,3.361791065392131,0.01017461052157485,0.05997987224232584,-0.021034663276359358,0.009234923589126155,0.4758710631177912,0.9899999984116833,0.3078307863042052,0.002568275937291997,0.0046264818656022635,0.0028052421971061386,0.0100000000000004,0.25682759372918945,0.4626481865602079,0.28052421971060265,0.26404476802264326,stackexchange,0.17606293600641323,0.0011333200098234241,0.08,0.03,Optimization terminated successfully,b1,legacy
0.01,1e+19,131072,exponential,1.0,True,2.7582103268031233e-16,0.18542447126458858,1.0408789171631936,0.9896580082230109,3.482370651661292,3.5440106668393545,0.010174610999428808,0.05999999999999924,-0.021022973954546706,0.009208347777054536,0.4753333920003586,0.9899999979794892,0.3069449259018179,0.0011580265371926562,0.003782478320043759,0.005059495142763861,0.010000000000000276,0.11580265371926242,0.37824783200436546,0.5059495142763721,0.17814221059443067,stackexchange,0.17658831127178418,0.001105414843620469,0.08,0.03,Optimization terminated successfully,b1,legacy
0.1,1e+20,2048,exponential,1.0,True,5.53862511409875e-14,1.0384926647496744,9.71697439378341,0.9897028114373994,2.6703452414719453,2.6956151986351577,0.01017462013204839,0.023608160417241994,-0.0210014082095837,0.009164991331564912,0.47327377841233775,0.98999998971951,0.3054997110521637,0.06054603978902691,0.03532068389476425,0.004133276316264237,0.10000000000005539,0.6054603978899337,0.3532068389474468,0.041332763162619475,0.1068740765041088,stackexchange,0.1774066015750982,0.0011502322128656597,0.08,0.03,Optimization terminated successfully,b1,legacy
0.1,1e+20,4096,exponential,1.0,True,4.746203430272544e-15,0.9998250049615443,9.568331335507482,0.98962323957879,2.6634606402803263,2.702990726579322,0.010174609145655105,0.03792723352971346,-0.02106096135150842,0.009283499436571354,0.47693149079404207,0.9899999996561312,0.30944998121904516,0.057399941549984804,0.03476305309706203,0.007837005352957926,0.10000000000000475,0.5739994154998208,0.34763053097060376,0.07837005352957553,0.10449314200180923,stackexchange,0.17555100887999808,0.0011108079737102705,0.08,0.03,Optimization terminated successfully,b1,legacy
0.1,1e+20,8192,exponential,1.0,True,4.089228955450608e-13,0.9333523993150937,9.289917583773297,0.9897068758426306,2.663294584865498,2.716838977864782,0.010174608792035071,0.051879883005803235,-0.021059697768934526,0.009220578983418267,0.4730874576497759,0.9899999999759621,0.3073526327806089,0.05202460119752571,0.03376921436921219,0.014206184433671021,0.10000000000040893,0.5202460119731297,0.33769214369074096,0.14206184433612928,0.1004693950079149,stackexchange,0.17784732894112845,0.0011133056369976972,0.08,0.03,Optimization terminated successfully,b1,legacy
0.1,1e+20,32768,exponential,1.0,True,3.4486302702418925e-14,0.6931824207370115,8.105683590111047,0.9897090020180526,2.7196203457473604,2.7812656049981412,0.010174608832793093,0.05997987224232584,-0.020979575807789554,0.009139579966541411,0.47298973368796576,0.9899999999390986,0.3046526655513804,0.03371230423632868,0.02946486958983855,0.03682282617386727,0.10000000000003449,0.3371230423631705,0.29464869589828385,0.3682282617385457,0.0855180705033559,stackexchange,0.17772467402329103,0.0011478083962922973,0.08,0.03,Optimization terminated successfully,b1,legacy
0.1,1e+20,131072,exponential,1.0,True,3.768194090092436e-12,0.4024061248611547,6.024622560473216,0.9897173849755639,2.8608194143688803,2.922484508460731,0.010174608765457664,0.05999999999999924,-0.020864819775009695,0.009025116917700174,0.47260444325305945,0.99,0.30083723059000583,0.014546070109866686,0.021901179845886642,0.06355275004801487,0.1000000000037682,0.14546070109318562,0.2190117984506136,0.6355275004562008,0.06679358263890094,stackexchange,0.1779821769302933,0.0011597113799515415,0.08,0.03,Optimization terminated successfully,b1,legacy
1.0,1e+21,2048,exponential,1.0,True,0.0,2.2896949157421242,54.609938045848956,0.9897340134867023,2.3366062368252685,2.3617472143436435,0.010174608862877755,0.023608160417241994,-0.019975219669883255,0.00826779370587279,0.4718401677149759,0.9899999999118886,0.275593123529093,0.7502405849554366,0.19854299111146848,0.051216423932957805,0.9999999999998628,0.7502405849555395,0.19854299111149573,0.051216423932964834,0.041928172740642214,stackexchange,0.17696346496470194,0.0013826241454088306,0.08,0.03,Optimization terminated successfully,b1,legacy
1.0,1e+21,4096,exponential,1.0,True,0.0,2.212489311009486,53.40943590381354,0.9897436543712879,2.327802242719212,2.367406817447269,0.010174608765457664,0.03792723352971346,-0.020915860121155896,0.009063910157355038,0.4713970625853044,0.99,0.3021303385785013,0.7090068362654023,0.19419009702270634,0.09680306671143625,0.9999999999995449,0.7090068362657249,0.19419009702279472,0.0968030667114803,0.041425064196409345,stackexchange,0.17892520672076745,0.00106092663482612,0.08,0.03,Optimization terminated successfully,b1,legacy
1.0,1e+21,8192,exponential,1.0,True,4.463096558993129e-14,2.080618615986499,51.20794518172915,0.9897325026952836,2.3246541168926513,2.377939887073258,0.010174609165357817,0.051879883005803235,-0.021131564159520604,0.009551067819359091,0.4719095930485885,0.9899999996383111,0.3183689273119697,0.6392652241891309,0.18617275192566826,0.17456202388524536,1.0000000000000446,0.6392652241891024,0.18617275192565996,0.17456202388523756,0.040630777286663276,stackexchange,0.1815487140122323,0.0014129007697053564,0.08,0.03,Optimization terminated successfully,b1,legacy
1.0,1e+21,32768,exponential,1.0,True,0.0,1.5859463231815332,42.472340052632624,0.9897227066425672,2.365195741783516,2.4267748861868297,0.010174610339996367,0.05997987224232584,-0.020606922359639967,0.008833039858655505,0.47235978415699303,0.9899999985759116,0.29443466195518353,0.4041531092603309,0.1544039212649184,0.44144296947475076,1.0,0.4041531092603309,0.1544039212649184,0.44144296947475076,0.037340686225816495,stackexchange,0.17786722727790585,0.001109689286483027,0.08,0.03,Optimization terminated successfully,b1,legacy
1.0,1e+21,131072,exponential,1.0,True,2.220446049250313e-16,0.9708035805744413,28.645393610873175,0.9897390725179345,2.47068065276246,2.5323493181110743,0.010174610092918448,0.05999999999999924,-0.02088622628669927,0.009042950845165439,0.47160759457019713,0.9899999987993807,0.30143169483884796,0.16685430410639943,0.10414811763246788,0.7289975782611329,1.0000000000000002,0.1668543041063994,0.10414811763246785,0.7289975782611328,0.03389039067719234,stackexchange,0.1789950652413079,0.0011583081347249806,0.08,0.03,Optimization terminated successfully,b1,legacy
10.0,1e+22,2048,exponential,1.0,True,0.0,5.604479476783365,252.78872474279655,0.989760284843264,2.1251851466950704,2.150467837668049,0.010174609415564178,0.023608160417241994,-0.020756587643251827,0.008907447671950874,0.47063267316141577,0.9899999994120124,0.2969149223983625,8.500495318699455,0.9192042008773244,0.5803004804232161,9.999999999999996,0.8500495318699458,0.09192042008773246,0.05803004804232163,0.022170607025632658,stackexchange,0.17889804310480373,0.0010174548468280882,0.08,0.03,Optimization terminated successfully,b1,legacy
10.0,1e+22,4096,exponential,1.0,True,1.509903313490213e-13,5.432200340484266,245.79097727924943,0.99,2.116260157967543,2.1546500699595317,0.010228729152778705,0.03792723352971346,-0.01977491622473635,0.009083508609682751,0.4573766892156058,0.9899510612864549,0.30278362032275835,8.011114982785795,0.8951007848980015,1.0937842323163538,10.000000000000151,0.8011114982785674,0.08951007848979879,0.10937842323163373,0.022100894022291973,stackexchange,0.18611870875538405,0.0011649250502585246,0.08,0.03,Optimization terminated successfully,b1,legacy
10.0,1e+22,8192,exponential,1.0,True,1.7763568394002505e-15,5.216421213686605,229.9967246304576,0.9896510160377892,2.1106945055810336,2.162398997936283,0.010174608841617817,0.051879883005803235,-0.017672891097706443,0.007673672906642468,0.47565485610890007,0.9899999999311171,0.25578909688808227,7.198558760644534,0.8357547937821334,1.9656864455733343,10.000000000000002,0.7198558760644533,0.08357547937821332,0.1965686445573334,0.022680415219251404,pubmed_central,0.18706757733127513,0.0024473965103759135,0.08,0.03,Optimization terminated successfully,b1,legacy
10.0,1e+22,32768,exponential,1.0,True,4.440892098500626e-14,4.008818973244575,185.31201554169013,0.9898339382999841,2.136521668764332,2.1981792977235335,0.010174608765457664,0.05997987224232584,-0.02093885686698976,0.009086491384656479,0.47227822430262734,0.99,0.302883046155216,4.457293943242326,0.6741524590189005,4.868553597738818,10.000000000000044,0.44572939432423064,0.06741524590188976,0.4868553597738796,0.021632806494097524,stackexchange,0.17839924164883675,0.0010078888427989506,0.08,0.03,Optimization terminated successfully,b1,legacy
10.0,1e+22,131072,exponential,1.0,True,0.0,2.539279785741021,117.04516371737277,0.9897372644071823,2.2130585919545034,2.274727473314023,0.010174608765457664,0.05999999999999924,-0.02083415651633599,0.008990666391357947,0.4716969455076301,0.99,0.2996888797119316,1.7832625094776386,0.4255447024472581,7.791192788075102,9.999999999999998,0.1783262509477639,0.04255447024472582,0.7791192788075103,0.021694871493132196,stackexchange,0.1786130789092499,0.0011413240100030346,0.08,0.03,Optimization terminated successfully,b1,legacy
1000.0,1e+24,2048,exponential,1.0,True,0.0,40.70736303507489,3779.9500394876086,0.9897423742103918,1.8885699052029756,1.9138545145269394,0.010174608827100003,0.023608160417241994,-0.020943846546040135,0.009092788812218464,0.47145589781543035,0.9899999999442477,0.3030929604072821,923.2307910712066,13.743320258331588,63.025888670461036,999.9999999999992,0.9232307910712073,0.013743320258331599,0.06302588867046109,0.010769285998444832,stackexchange,0.17891310673069455,0.0011138457233972172,0.08,0.03,Optimization terminated successfully,b1,legacy
1000.0,1e+24,4096,exponential,1.0,True,0.0,39.56451622276807,3657.1868555670144,0.9897430011972445,1.8763757255619704,1.9159794163032637,0.010174608765457664,0.03792723352971346,-0.02094163160993586,0.0090905656328981,0.4714323491738237,0.99,0.3030188544299367,868.1689720606518,13.297024287331093,118.53400365201433,999.9999999999972,0.8681689720606542,0.01329702428733113,0.11853400365201468,0.010818292251746032,stackexchange,0.17891569297277787,0.0011176267201577147,0.08,0.03,Optimization terminated successfully,b1,legacy
1000.0,1e+24,8192,exponential,1.0,True,5.684341886080801e-13,37.56464526633993,3441.515780146056,0.9897426447174634,1.8663853543918598,1.919924685393864,0.010174608765457664,0.051879883005803235,-0.020710037101373487,0.008875980339714618,0.47144347261475783,0.99,0.2958660113238206,775.6759167581863,12.51284623904554,211.81123700276873,1000.0000000000006,0.7756759167581858,0.012512846239045533,0.2118112370027686,0.01091514543767273,stackexchange,0.17756514775771726,0.0012057287144079168,0.08,0.03,Optimization terminated successfully,b1,legacy
1000.0,1e+24,32768,exponential,1.0,True,0.0,29.905446685990317,2638.126641230888,0.9897422456322799,1.876392908690685,1.9380490297066721,0.010174608765457664,0.05997987224232584,-0.02095433395361308,0.009103476414494067,0.47146191641796475,0.99,0.3034492138164689,473.36613372132615,9.591817285993352,517.0420489926805,1000.0,0.47336613372132613,0.009591817285993353,0.5170420489926805,0.01133586470740356,stackexchange,0.17890062632489162,0.0011152074469622784,0.08,0.03,Optimization terminated successfully,b1,legacy
1000.0,1e+24,131072,exponential,1.0,True,0.0,19.45531926914463,1586.3515430603604,0.9897430004428108,1.9148443722792199,1.9765218365614683,0.010174608765457664,0.05999999999999924,-0.02095810656130753,0.00910603351360055,0.47143672025683186,0.99,0.3035344504533517,185.1778544600373,5.767754213757731,809.0543913262004,999.9999999999955,0.18517785446003815,0.005767754213757757,0.809054391326204,0.01226419160006097,stackexchange,0.17892841136275456,0.001077859586034083,0.08,0.03,Optimization terminated successfully,b1,legacy
10000.0,1e+25,2048,exponential,1.0,True,0.0,311.46452116514257,5000.000000000004,0.9897932464744769,1.8291187497048529,1.8544031955416056,0.010174608765457664,0.023608160417241994,-0.02094162113898232,0.009090726954013863,0.4714509711303929,0.99,0.3030242318004621,9343.935634954283,18.18502569950448,637.8793393462124,10000.0,0.9343935634954283,0.0018185025699504478,0.06378793393462125,0.06229290423302847,stackexchange,0.17891149392290076,0.0011232029218277233,0.08,0.03,Optimization terminated successfully,b1,legacy
10000.0,1e+25,4096,exponential,1.0,True,0.0,292.7561622071354,5000.000000000004,0.9898008683338546,1.8158663309959864,1.8554731907801205,0.010174608765457664,0.03792723352971346,-0.020936236990425502,0.009082001970547059,0.47145107182650947,0.99,0.3027333990182353,8782.68486621407,18.185893385500055,1199.1292404004278,9999.999999999996,0.8782684866214072,0.0018185893385500062,0.11991292404004282,0.058551232441427035,stackexchange,0.17890045979557337,0.0010077385206000227,0.08,0.03,Optimization terminated successfully,b1,legacy
10000.0,1e+25,8192,exponential,1.0,True,0.0,261.358935833964,5000.000000000004,0.9897448987183626,1.8039359917448825,1.8574921427555078,0.010174608765457664,0.051879883005803235,-0.02094196374062938,0.009091086970349585,0.4714504533351856,0.99,0.30303623234498617,7840.768075018926,18.17952262923455,2141.0524023518346,9999.999999999995,0.784076807501893,0.001817952262923456,0.21410524023518357,0.05227178716679276,stackexchange,0.17891330059538496,0.0011235203612027453,0.08,0.03,Optimization terminated successfully,b1,legacy
10000.0,1e+25,32768,exponential,1.0,True,0.0,159.0272197604494,5000.000000000004,0.9897444369400994,1.8056550583890796,1.8673113651778457,0.010174608765457664,0.05997987224232584,-0.02094232289763852,0.009091279585740616,0.47147366548091724,0.99,0.30304265285802057,4770.816592813486,18.17947007609974,5211.00393711041,9999.999999999996,0.47708165928134877,0.0018179470076099746,0.5211003937110412,0.03180544395208986,stackexchange,0.1788953444578026,0.0011183705990277805,0.08,0.03,Optimization terminated successfully,b1,legacy
10000.0,1e+25,131072,exponential,1.0,True,0.0,61.97117466958102,5000.000000000004,0.9897398988434051,1.8294962529148504,1.8911730487169542,0.010174608765457664,0.05999999999999924,-0.020851678115533883,0.00900027354797158,0.47170060878938763,0.99,0.3000091182657193,1859.1352400874318,18.17895362123556,8122.68580629133,9999.999999999996,0.18591352400874325,0.0018178953621235568,0.8122685806291333,0.012394234933916195,stackexchange,0.17836972268217055,0.0010084273870486172,0.08,0.03,Optimization terminated successfully,b1,legacy
31622.7766,3.16227766e+25,2048,exponential,1.0,True,0.0,986.1642002332463,5000.000000000004,0.9898045359264979,1.8128196094587632,1.8381049697252463,0.010174608765457664,0.023608160417241994,-0.02093964154927869,0.009087832934579959,0.47144714697596257,0.99,0.3029277644859987,29584.92600699741,18.186310924895334,2019.66428207769,31622.776599999997,0.935557505946439,0.0005751016476173486,0.06386739240594357,0.19723284004664912,stackexchange,0.1789142548307583,0.0010943659897143282,0.08,0.03,Optimization terminated successfully,b1,legacy
31622.7766,3.16227766e+25,4096,exponential,1.0,True,0.0,926.9296947132607,5000.000000000004,0.9897642851840789,1.7992239797714566,1.8388281021589625,0.010174608765457664,0.03792723352971346,-0.020944911373159014,0.009093413749908899,0.47155435926085737,0.99,0.30311379166362995,27807.890841397842,18.181729056638257,3796.704029545519,31622.7766,0.8793627198883555,0.0005749567562210289,0.12006232335542347,0.185385938942652,stackexchange,0.17889581146591418,0.0011028316897296385,0.08,0.03,Optimization terminated successfully,b1,legacy
31622.7766,3.16227766e+25,8192,exponential,1.0,True,0.0,827.5184825637506,4999.999999999995,0.9898432061954203,1.7866368112867657,1.8401925822183351,0.010174608765457664,0.051879883005803235,-0.02093807380953265,0.009087577118308508,0.4714503333914582,0.99,0.3029192372769503,24825.554476912494,18.190713925240555,6779.031409162239,31622.776599999972,0.7850529632781366,0.0005752408827136505,0.21437179583914984,0.16550369651275026,stackexchange,0.17890923769473827,0.0011382619359740949,0.08,0.03,Optimization terminated successfully,b1,legacy
31622.7766,3.16227766e+25,32768,exponential,1.0,True,0.0,503.51448749747175,5000.000000000004,0.9897424922354929,1.785175491373594,1.8468287063139615,0.010174608777880725,0.05997987224232584,-0.020946456070556875,0.009098504594634764,0.47145047530311857,0.989999999988764,0.3032834864878255,15105.434624924163,18.179248758654325,16499.162726317165,31622.776599999983,0.4776757846407507,0.0005748783223119736,0.5217493370369373,0.10070289749949428,stackexchange,0.17892157430745628,0.0011948167160883783,0.08,0.03,Optimization terminated successfully,b1,legacy
31622.7766,3.16227766e+25,131072,exponential,1.0,True,0.0,196.2140354095097,5000.000000000004,0.9898324447141743,1.8012777728270046,1.862955163650928,0.010174608765457664,0.05999999999999924,-0.020939282955480563,0.009087283366098542,0.4714517723778187,0.99,0.3029094455366181,5886.421062285295,18.1894885194128,25718.166049195275,31622.776599999983,0.1861449782460057,0.0005752021319789108,0.8132798196220153,0.03924280708190191,stackexchange,0.1789216984551237,0.00108747815191355,0.08,0.03,Optimization terminated successfully,b1,legacy
100000.0,1e+26,2048,exponential,1.0,True,0.0,999.9999999999998,5000.000000000004,0.9897682224379243,1.8126566266180313,1.8379444132949738,0.010174608765457664,0.023608160417241994,-0.020936245779007857,0.009082010753849517,0.47145018564940316,0.99,0.30273369179498394,30000.00000000002,18.182177197768343,2048.0000000000014,32066.182177197785,0.9355650708344374,0.0005670203299318141,0.06386790883563093,0.19999999999999982,stackexchange,0.17890099040816723,0.0010077389259867738,0.08,0.03,Optimization terminated successfully,b1,legacy
100000.0,1e+26,4096,exponential,1.0,True,0.0,999.9999999999998,5000.000000000004,0.9899409141994417,1.798337553528484,1.8379444132949738,0.010174608765457664,0.03792723352971346,-0.020936559048796887,0.009082324046562828,0.4714502499692643,0.99,0.3027441348854276,30000.00000000002,18.201843520194753,4096.000000000003,34114.20184352021,0.8793991469478961,0.0005335561888179449,0.12006729686328609,0.19999999999999982,stackexchange,0.17890179394380493,0.0010077368163652126,0.08,0.03,Optimization terminated successfully,b1,legacy
100000.0,1e+26,8192,exponential,1.0,True,0.0,999.9999999999989,5000.000000000004,0.9899238085964267,1.7843849040651063,1.8379444132949738,0.010174608765457664,0.051879883005803235,-0.02093641047833872,0.009082175488816641,0.4714503773425762,0.99,0.30273918296055474,29999.999999999985,18.199894606462337,8191.999999999996,38210.19989460644,0.7851306740804209,0.00047630985068547997,0.21439301606889363,0.19999999999999962,stackexchange,0.17890145665110338,0.0010077369949048267,0.08,0.03,Optimization terminated successfully,b1,legacy
100000.0,1e+26,32768,exponential,1.0,True,0.0,999.9999999999998,5000.000000000004,0.9898178759242118,1.776288568405842,1.8379444132949738,0.010174608765457664,0.05997987224232584,-0.020935830606253068,0.009085249193989436,0.47144895676561255,0.99,0.30284163979964784,30000.00000000002,18.187829702830744,32768.00000000002,62786.187829702874,0.477812095892333,0.000289678834334746,0.5218982252733323,0.19999999999999982,stackexchange,0.17890825710196429,0.0011327239516956344,0.08,0.03,Optimization terminated successfully,b1,legacy
100000.0,1e+26,131072,exponential,1.0,True,0.0,620.7273757417514,5000.000000000004,0.9899259144506122,1.7822201304229326,1.8438961598207164,0.010174608765457664,0.05999999999999924,-0.02094223122517515,0.00909159306193279,0.47144969932601183,0.99,0.30305310206442637,18621.821272252557,18.200134524543962,81359.9785932229,100000.0,0.18621821272252556,0.00018200134524543963,0.813599785932229,0.1241454751483502,stackexchange,0.17891931581682113,0.00113054483345857,0.08,0.03,Optimization terminated successfully,b1,legacy
1000000.0,1e+27,2048,exponential,1.0,True,0.0,999.9999999999998,5000.000000000004,0.9898313565422591,1.812659725726194,1.8379444132949738,0.010174608765457664,0.023608160417241994,-0.02094799095179259,0.009096855034797022,0.47145016679221646,0.99,0.30322850115990074,30000.00000000002,18.189364614090305,2048.0000000000014,32066.189364614107,0.9355648611339461,0.0005672443459765367,0.06386789452007739,0.19999999999999982,stackexchange,0.17891055789120125,0.0011157107437408437,0.08,0.03,Optimization terminated successfully,b1,legacy
1000000.0,1e+27,4096,exponential,1.0,True,0.0,999.9999999999998,5000.000000000004,0.9898087606963939,1.7983413877043963,1.8379444132949738,0.010174608765457664,0.03792723352971346,-0.020942749249621365,0.00909234842329959,0.471451207567441,0.99,0.303078280776653,30000.00000000002,18.186791907874152,4096.000000000003,34114.186791907894,0.8793995349499644,0.0005331152115338765,0.1200673498385018,0.19999999999999982,stackexchange,0.17892279282366583,0.0011374915578674155,0.08,0.03,Optimization terminated successfully,b1,legacy
1000000.0,1e+27,8192,exponential,1.0,True,0.0,999.9999999999998,5000.000000000004,0.9899596539354123,1.7843849040826425,1.8379444132949738,0.010174608765457664,0.051879883005803235,-0.02093671864617517,0.009082483674189195,0.47145016368540965,0.99,0.3027494558063065,30000.00000000002,18.203978847221883,8192.000000000005,38210.20397884725,0.7851305901587883,0.0004764166885185802,0.21439299315269314,0.19999999999999982,stackexchange,0.1789012828279976,0.0010077357774598576,0.08,0.03,Optimization terminated successfully,b1,legacy
1000000.0,1e+27,32768,exponential,1.0,True,0.0,999.999999999998,5000.000000000004,0.9898217523366998,1.7762849148164601,1.8379444132949738,0.010174608765457664,0.05997987224232584,-0.02093637642796158,0.009082141426316146,0.47145011965617245,0.99,0.3027380475438715,29999.99999999996,18.188271060765604,32767.999999999956,62786.18827106068,0.4778120925335344,0.0002896858618370518,0.5218982216046285,0.19999999999999946,stackexchange,0.17890049566437913,0.0010077382856728194,0.08,0.03,Optimization terminated successfully,b1,legacy
1000000.0,1e+27,131072,exponential,1.0,True,0.0,999.9999999999998,5000.000000000004,0.9897481516378006,1.7762647870649921,1.8379444132949738,0.010174608765457664,0.05999999999999924,-0.020936517705336635,0.009082282709896436,0.471450056842334,0.99,0.30274275699654785,30000.00000000002,18.17989283509427,131072.0000000001,161090.1798928352,0.1862310913052393,0.0001128553760830635,0.8136560533186776,0.19999999999999982,stackexchange,0.17890230470413582,0.001007737174402869,0.08,0.03,Optimization terminated successfully,b1,legacy
0.01,1e+19,2048,power,1.0,True,0.0,0.5689716042300466,1.2165064879334262,0.9896661289029413,3.2674262102544804,3.292679285434712,0.010174620934419799,0.023608160417241994,-0.02101788768772466,0.009198351990314973,0.47495972663561176,0.9899999889938068,0.3066117330104991,0.004152945887974447,0.005563546339406335,0.0002835077726190556,0.009999999999999837,0.4152945887974515,0.5563546339406426,0.028350777261906022,0.4677094695948582,stackexchange,0.17688347211749822,0.0011475146244612248,0.08,0.03,Optimization terminated successfully,b1,legacy
0.01,1e+19,4096,power,1.0,True,2.166669621495032e-15,0.5459666746207427,1.2053381240745897,0.9896656821160015,3.2622068847655203,3.3017730928486064,0.010174608968028607,0.03792723352971346,-0.021027142954858653,0.009213559433457799,0.4749807756824679,0.9899999998167851,0.30711864778192666,0.003948446684367647,0.005512458728328858,0.0005390945873056628,0.010000000000002167,0.39484466843667915,0.5512458728327664,0.0539094587305546,0.4529572770627445,stackexchange,0.17646309089421888,0.0011545453601778514,0.08,0.03,Optimization terminated successfully,b1,legacy
0.01,1e+19,8192,power,1.0,True,0.0,0.5063337276640351,1.1846533085210271,0.989683085940838,3.2652387677422645,3.318775241817442,0.010174616719515453,0.051879883005803235,-0.021004951105589923,0.009173743316699843,0.47418053730711557,0.9899999928059684,0.3057914438899948,0.003598979554157903,0.005418259095585483,0.0009827613502553848,0.00999999999999877,0.3598979554158346,0.541825909558615,0.09827613502555056,0.4274108923024612,stackexchange,0.17730874833724433,0.0011486625435456225,0.08,0.03,Optimization terminated successfully,b1,legacy
0.01,1e+19,32768,power,1.0,True,0.0,0.36509124058746883,1.092096446470396,0.9896718604833251,3.3368579831452205,3.3984841743111787,0.010174608765457664,0.05997987224232584,-0.02095411902048899,0.009133191331398702,0.47469681977150857,0.99,0.30443971104662343,0.0023922890788982587,0.004994693303190076,0.0026130176179112717,0.009999999999999606,0.23922890788983528,0.49946933031902724,0.26130176179113745,0.3343031119343227,stackexchange,0.17747553860373683,0.0011873216619231828,0.08,0.03,Optimization terminated successfully,b1,legacy
0.01,1e+19,131072,power,1.0,True,0.0,0.19938521605895954,0.9093638751704151,0.9896786674757375,3.5143195487072516,3.5759608542920764,0.01017461056991253,0.05999999999999924,-0.021011687244168627,0.009195771089430333,0.474383880310757,0.9899999983679644,0.3065257029810111,0.0010878822763623955,0.0041590875327205705,0.004753030190912397,0.009999999999995363,0.10878822763629,0.4159087532722499,0.4753030190914601,0.21925790269774537,stackexchange,0.1779485229702618,0.0011745165882596326,0.08,0.03,Optimization terminated successfully,b1,legacy
0.1,1e+20,2048,power,1.0,True,9.30228116757803e-14,1.112986782251709,8.541375161602197,0.9896938086575758,2.6863376611822907,2.7116010745697388,0.010174616942682877,0.023608160417241994,-0.02103738953644818,0.009207519623559337,0.47368769592105164,0.9899999926041251,0.30691732078531125,0.0570386259426978,0.03906753719304039,0.0038938368643548367,0.10000000000009303,0.5703862594264474,0.3906753719300404,0.03893836864351214,0.13030533856598966,stackexchange,0.17800875483866202,0.0011295562101100907,0.08,0.03,Optimization terminated successfully,b1,legacy
0.1,1e+20,4096,power,1.0,True,8.604228440844963e-16,1.0709691787640572,8.419553422056829,0.989696125778278,2.679250437966151,2.7188376615841032,0.01017460900613483,0.03792723352971346,-0.020996903215400865,0.009162304121027384,0.4735815375950813,0.98999999978232,0.3054101373675795,0.054102493283881864,0.03851071296642634,0.007386793749692671,0.10000000000000087,0.5410249328388139,0.38510712966426003,0.07386793749692606,0.12720023558000396,stackexchange,0.1771037269327625,0.0011487155292866035,0.08,0.03,Optimization terminated successfully,b1,legacy
0.1,1e+20,8192,power,1.0,True,3.58046925441613e-15,0.998240771066363,8.197093311332145,0.9897230774011235,2.6792429304167147,2.732345276184231,0.010174612929025616,0.051879883005803235,-0.020218640584855004,0.008821564894116332,0.472342632933115,0.9899999962342693,0.29405216313721105,0.049096036485642765,0.037497472484681306,0.013406491029679517,0.10000000000000359,0.49096036485641004,0.3749747248467996,0.13406491029679035,0.12177984721563877,stackexchange,0.17777599247991635,0.0014602817915742884,0.08,0.03,Optimization terminated successfully,b1,legacy
0.1,1e+20,32768,power,1.0,True,0.0,0.736899419567922,7.233535004720241,0.9896856721939044,2.7343154658800226,2.795369143173675,0.010174611093544552,0.05997987224232584,-0.019261403242319185,0.008012987097448063,0.4740619105354654,0.9899999978943664,0.26709956991493544,0.03198232647841555,0.03308444438440977,0.03493322913482402,0.09999999999764934,0.31982326479167345,0.3308444438518747,0.34933229135645183,0.1018726554979078,stackexchange,0.1842922139945093,0.001797918226829295,0.08,0.03,Optimization terminated successfully,b1,legacy
0.1,1e+20,131072,power,1.0,True,0.0,0.42270825583893046,5.4970853617315925,0.9897066552092522,2.8736509237324417,2.9339715234392174,0.010174610597966146,0.05999999999999924,-0.018156803432512938,0.007661593127770247,0.473097521017111,0.9899999983425913,0.2553864375923416,0.013941980192731667,0.02514457887943263,0.06091344092739084,0.09999999999955514,0.1394198019279369,0.2514457887954449,0.6091344092766182,0.07689679676099782,stackexchange,0.18691014718459764,0.001441295483658598,0.08,0.03,Optimization terminated successfully,b1,legacy
1.0,1e+21,2048,power,1.0,True,0.0,2.396639837308646,50.16025776533005,0.989729004837117,2.342245388095371,2.367379777029356,0.010174608765457664,0.023608160417241994,-0.02061799448160329,0.008917157199402732,0.4720704456691545,0.99,0.2972385733134244,0.7212964320603621,0.22946306336098718,0.04924050309532072,0.99999999851667,0.7212964331302827,0.22946306370135663,0.049240503168360636,0.04777965552970432,stackexchange,0.18193008233204036,0.001188444706196818,0.08,0.03,Optimization terminated successfully,b1,legacy
1.0,1e+21,4096,power,1.0,True,4.263256414560601e-14,2.3145197348802364,49.123727969097786,0.989676874318961,2.33379374939621,2.3729457681058257,0.010174608765457664,0.03792723352971346,-0.01996120996173715,0.008561816016377372,0.4744663962279664,0.99,0.2853938672125791,0.6821870270121904,0.22467170423312136,0.09314126875473105,1.0000000000000426,0.6821870270121613,0.22467170423311178,0.09314126875472709,0.04711612555822777,stackexchange,0.17635677852929518,0.0010160581560945895,0.08,0.03,Optimization terminated successfully,b1,legacy
1.0,1e+21,8192,power,1.0,True,0.0,2.17082910149273,47.26708562272332,0.9897347311360541,2.329778977729794,2.3833296384330787,0.010174612918293212,0.051879883005803235,-0.020923974931011245,0.009078584315236586,0.4718070104176141,0.9899999962439762,0.30261947717455284,0.6156525900753385,0.21623320932778772,0.16811420059657242,0.9999999999996986,0.615652590075524,0.2162332093278529,0.1681142005966231,0.045926865870679345,stackexchange,0.17811937898366678,0.0011897261761500684,0.08,0.03,Optimization terminated successfully,b1,legacy
1.0,1e+21,32768,power,1.0,True,3.885780586188048e-14,1.6483686731968061,39.57604777689093,0.9897418280588461,2.3698482789578064,2.43150061490525,0.010174608765457664,0.05997987224232584,-0.02087901758759602,0.009031945117020204,0.47148101476323834,0.99,0.3010648372340068,0.39141550418620263,0.18105438777471994,0.4275301080391163,1.0000000000000389,0.3914155041861874,0.18105438777471292,0.4275301080390997,0.041650664121123136,stackexchange,0.17895902963983035,0.0011412678930274118,0.08,0.03,Optimization terminated successfully,b1,legacy
1.0,1e+21,131072,power,1.0,True,0.0,0.9981156207014774,27.227499185990627,0.9896918425092073,2.4751517138508796,2.535932095938643,0.010174608765457664,0.05999999999999924,-0.018570013849215864,0.007615022995993935,0.4737784580778437,0.99,0.2538340998664645,0.16305715350104405,0.12453527118385312,0.7124075741229615,0.9999999988078587,0.16305715369543122,0.12453527133231675,0.712407574972252,0.036658365642887915,stackexchange,0.18929509059266775,0.0017986778728750468,0.08,0.03,Optimization terminated successfully,b1,legacy
10.0,1e+22,2048,power,1.0,True,0.0,5.737256033125998,241.847841640737,0.9897391496042786,2.126906868191201,2.1521909097279797,0.010174608765457664,0.023608160417241994,-0.02095805236743093,0.009107562482436693,0.47160413346596997,0.99,0.3035854160812231,8.325257931310915,1.1064044605782564,0.5683376081108252,9.999999999999996,0.8325257931310918,0.11064044605782568,0.056833760811082545,0.023722585218058905,stackexchange,0.1784375194509258,0.0011059970286038123,0.08,0.03,Optimization terminated successfully,b1,legacy
10.0,1e+22,4096,power,1.0,True,1.4210854715202004e-14,5.558559194756384,235.4073804426864,0.9897303417419773,2.116730038005396,2.1563291952797137,0.010174608765457664,0.03792723352971346,-0.02100324537796174,0.009156712867900178,0.47307515304189707,0.99,0.30522376226333925,7.851155154439252,1.0769004618079894,1.0719443837527727,10.000000000000014,0.7851155154439241,0.10769004618079879,0.10719443837527712,0.023612510297270406,stackexchange,0.17767873144324242,0.001041492392343956,0.08,0.03,Optimization terminated successfully,b1,legacy
10.0,1e+22,8192,power,1.0,True,0.0,5.233973912151968,224.4476266696821,0.9897309879866949,2.110610884637785,2.164025406100444,0.01017461302355393,0.051879883005803235,-0.02092363908890942,0.009214387608500019,0.4719790466308327,0.9899999961487733,0.3071462536166673,7.048518135801243,1.0267665119159566,1.924715352282793,9.999999999999991,0.7048518135801249,0.10267665119159575,0.19247153522827945,0.023319355120002085,stackexchange,0.17868597210846862,0.001474949726609652,0.08,0.03,Optimization terminated successfully,b1,legacy
10.0,1e+22,32768,power,1.0,True,0.0,4.082852371711844,179.11753268849853,0.9897377406757595,2.137903261307167,2.1995596237053108,0.010174608770081712,0.05997987224232584,-0.020932995168527084,0.009081896242627495,0.47166886446342365,0.9899999999958178,0.30272987475424984,4.38786265891446,0.8194212208419053,4.792716120243635,10.0,0.438786265891446,0.08194212208419052,0.4792716120243635,0.022794264248895673,stackexchange,0.17882676187269034,0.0011138464153589251,0.08,0.03,Optimization terminated successfully,b1,legacy
10.0,1e+22,131072,power,1.0,True,0.0,2.5709773555140902,114.42010059645288,0.9897361958511164,2.2140486093240446,2.2757251294577894,0.010174608765457664,0.05999999999999924,-0.02095290462875849,0.009101775729554942,0.4717399439620509,0.99,0.30339252431849806,1.7650289258947478,0.5234420282385559,7.711529045829213,9.999999999962517,0.17650289259013635,0.05234420282405179,0.7711529045858118,0.02246963026698993,stackexchange,0.17887910273276353,0.0011011569464203588,0.08,0.03,Optimization terminated successfully,b1,legacy
1000.0,1e+24,2048,power,1.0,True,0.0,40.86943083674379,3751.9008685012086,0.9897423836539463,1.8886951869873414,1.9139770373418712,0.010174608765457664,0.023608160417241994,-0.02094220825480959,0.009093909552064043,0.47145628861961064,0.99,0.3031303184021348,920.0283183091746,17.16441516006427,62.807266529906315,999.9999999991452,0.920028318309961,0.017164415160078942,0.06280726652996,0.010892993250397394,stackexchange,0.17886297230714582,0.0012033177833612112,0.08,0.03,Optimization terminated successfully,b1,legacy
1000.0,1e+24,4096,power,1.0,True,0.0,39.7186162766025,3630.7590468138005,0.9897658398263294,1.8764922688015429,1.9160991282915483,0.010174608765457664,0.03792723352971346,-0.020936659669822274,0.009082424944072468,0.4714610388980705,0.99,0.30274749813574897,865.2523522392024,16.611859935070896,118.13578782572579,999.9999999999991,0.8652523522392032,0.016611859935070913,0.1181357878257259,0.01093948008239706,stackexchange,0.17889543613055575,0.0010077380680708061,0.08,0.03,Optimization terminated successfully,b1,legacy
1000.0,1e+24,8192,power,1.0,True,0.0,37.69146154975517,3419.059820081892,0.9897808853360615,1.8664808125278156,1.920039345757884,0.010174608765457664,0.051879883005803235,-0.02094788341543154,0.009094624425708634,0.47144512060249283,0.99,0.30315414752362113,773.2161704695768,15.644267247526072,211.13956228289246,999.9999999999953,0.7732161704695805,0.015644267247526145,0.21113956228289343,0.011023925737822392,stackexchange,0.17891780620470563,0.0010407404203846588,0.08,0.03,Optimization terminated successfully,b1,legacy
1000.0,1e+24,32768,power,1.0,True,0.0,29.989400329393334,2624.320029972546,0.9898090380534824,1.8764858447649615,1.9381438060329321,0.010174608765457664,0.05997987224232584,-0.020949998007721318,0.00909730021661884,0.47164540717773196,0.99,0.30324334055396135,472.21070382775315,12.009284737960666,515.7800114342605,999.9999999999743,0.4722107038277653,0.012009284737960974,0.5157800114342738,0.011427493593343135,stackexchange,0.17879436355301156,0.001059652576382996,0.08,0.03,Optimization terminated successfully,b1,legacy
1000.0,1e+24,131072,power,1.0,True,0.0,19.488678603695753,1581.3003119558184,0.989742356944929,1.914908609848018,1.9765875079000548,0.010174608765457664,0.05999999999999924,-0.020938194882956302,0.009084688065460785,0.47145696486632244,0.99,0.3028229355153595,184.90472133378466,7.234224177487873,807.8610544887275,1000.0,0.18490472133378466,0.0072342241774878725,0.8078610544887275,0.012324463896166149,stackexchange,0.17889991873347333,0.0010336040387535046,0.08,0.03,Optimization terminated successfully,b1,legacy
10000.0,1e+25,2048,power,1.0,True,0.0,311.3181056465614,5000.000000000004,0.9897739258925703,1.8291268719623082,1.8544112327893598,0.010174608765457664,0.023608160417241994,-0.02094205381716117,0.009091244641893882,0.47145046497616966,0.99,0.3030414880631294,9339.543169396848,22.8773502389895,637.5794803641581,9999.999999999996,0.9339543169396851,0.002287735023898951,0.06375794803641584,0.06226362112931223,stackexchange,0.17891484975384817,0.0011255325860483809,0.08,0.03,Optimization terminated successfully,b1,legacy
10000.0,1e+25,4096,power,1.0,True,0.0,292.6184089083581,5000.000000000004,0.9898294021546882,1.8158745472129734,1.8554814069731325,0.010174608765457664,0.03792723352971346,-0.02093655456272542,0.009082319566821881,0.47145086817590015,0.99,0.3027439855607294,8778.55226725075,22.88272986061345,1198.565002888636,10000.0,0.8778552267250751,0.002288272986061345,0.11985650028886359,0.058523681781671576,stackexchange,0.17890012196476918,0.0010077379081421818,0.08,0.03,Optimization terminated successfully,b1,legacy
10000.0,1e+25,8192,power,1.0,True,0.0,261.2359246650649,5000.000000000004,0.9897761427293278,1.8039445334074196,1.8575006841964201,0.010174608765457664,0.051879883005803235,-0.020942052214811026,0.009091175666155795,0.4714502611880625,0.99,0.3030391888718599,7837.077739951952,22.877565191835362,2140.044694856213,10000.0,0.7837077739951952,0.002287756519183536,0.2140044694856213,0.05224718493301294,stackexchange,0.1789129833813895,0.001123503547131473,0.08,0.03,Optimization terminated successfully,b1,legacy
10000.0,1e+25,32768,power,1.0,True,0.0,158.95242159517312,5000.000000000004,0.9897435117419351,1.8056651657126586,1.867321471531415,0.010174608765457664,0.05997987224232584,-0.020941636910864935,0.009090594568976738,0.4714505011695974,0.99,0.30301981896589125,4768.572647855197,22.8744013141669,5208.552950830636,10000.0,0.4768572647855197,0.00228744013141669,0.5208552950830636,0.0317904843190346,stackexchange,0.17890868711466956,0.001118502234245933,0.08,0.03,Optimization terminated successfully,b1,legacy
10000.0,1e+25,131072,power,1.0,True,0.0,61.942024184710014,5000.000000000004,0.9897422658583962,1.8295106163382338,1.8911869728870239,0.010174608765457664,0.05999999999999924,-0.02093350836938678,0.009082543055138033,0.4714609339231248,0.99,0.3027514351712678,1858.260725541302,22.87428052037406,8118.864993938319,9999.999999999995,0.1858260725541303,0.002287428052037407,0.8118864993938323,0.012388404836941994,stackexchange,0.17892533042253966,0.0011218568189175818,0.08,0.03,Optimization terminated successfully,b1,legacy
31622.7766,3.16227766e+25,2048,power,1.0,True,0.0,986.0175509305328,5000.000000000004,0.9898644376886618,1.8128225516940604,1.8381066876482717,0.010174608765457664,0.023608160417241994,-0.02094227891894597,0.009091694616518986,0.4714500957543295,0.99,0.30305648721729955,29580.526527916005,22.88612777826212,2019.3639443057327,31622.7766,0.9354183822022765,0.0007237229060481084,0.06385789489167541,0.19720351018610643,stackexchange,0.17891919177498541,0.001132206656077541,0.08,0.03,Optimization terminated successfully,b1,legacy
31622.7766,3.16227766e+25,4096,power,1.0,True,0.0,926.7920765864661,5000.000000000004,0.9897389259880103,1.7992246014855653,1.8388298538091636,0.010174621915628302,0.03792723352971346,-0.02091690890350726,0.009064268193993964,0.4716138250071431,0.9899999881063548,0.30214227313313213,27803.762297594007,22.873956707758296,3796.1403456981684,31622.776599999932,0.8792321638699515,0.0007233380230045437,0.12004449810704404,0.18535841531729308,stackexchange,0.17879530943407335,0.0010597963542133219,0.08,0.03,Optimization terminated successfully,b1,legacy
31622.7766,3.16227766e+25,8192,power,1.0,True,0.0,827.3960542645682,5000.000000000004,0.9896619604636413,1.7873806094296958,1.840194396362841,0.010174608765457664,0.051879883005803235,-0.021290802425152244,0.010182289732352356,0.4751519346179264,0.99,0.3394096577450786,24821.881627937062,22.8664955275847,6778.028476535347,31622.776599999994,0.7849368175954881,0.0007231020797707152,0.21434008032474128,0.1654792108529135,stackexchange,0.18422426579546908,0.0010199564080613528,0.08,0.03,Optimization terminated successfully,b1,legacy
31622.7766,3.16227766e+25,32768,power,1.0,True,0.0,503.43957343566086,5000.000000000004,0.9898162520315907,1.785172452096041,1.846830866397165,0.010174608765457664,0.05997987224232584,-0.02093939444649239,0.009086243622236492,0.47149780260918445,0.99,0.3028747874078831,15103.187203069836,22.881454590406154,16496.707942339748,31622.77659999999,0.4776047149215177,0.0007235751268725139,0.5216717099516098,0.1006879146871321,stackexchange,0.1789090628329597,0.0010460456465287197,0.08,0.03,Optimization terminated successfully,b1,legacy
31622.7766,3.16227766e+25,131072,power,1.0,True,0.0,196.1849346239496,5000.000000000004,0.9897683568619711,1.801282757486233,1.862958130065946,0.010174608765457664,0.05999999999999924,-0.020904092708771672,0.00905411136360001,0.4705318411172315,0.99,0.30180371212000034,5885.548038718492,22.876810251168042,25714.35175103034,31622.776599999997,0.18611737081678312,0.0007234282599703166,0.8131592009232466,0.03923698692478989,stackexchange,0.17947281501735213,0.0010851221490311281,0.08,0.03,Optimization terminated successfully,b1,legacy
100000.0,1e+26,2048,power,1.0,True,0.0,999.9999999999998,5000.000000000004,0.9897668103751512,1.812656626629503,1.8379444132949738,0.010174608765457664,0.023608160417241994,-0.020936136515622844,0.009081901501936296,0.4714502554721022,0.99,0.30273005006454323,30000.00000000002,22.876660301364627,2048.0000000000014,32070.876660301383,0.9354281243311076,0.0007133157145555137,0.06385855995433695,0.19999999999999982,stackexchange,0.17890108137593297,0.0010077400948449854,0.08,0.03,Optimization terminated successfully,b1,legacy
100000.0,1e+26,4096,power,1.0,True,0.0,999.9999999999989,5000.000000000004,0.989875242831781,1.7983375535071815,1.8379444132949738,0.010174608765457664,0.03792723352971346,-0.020936279806597274,0.009082044783060522,0.4714501639546825,0.99,0.3027348261020174,29999.999999999985,22.887175786750642,4095.999999999998,34118.88717578673,0.8792783845919274,0.0006708066317881864,0.12005080877628449,0.19999999999999962,stackexchange,0.17890145494865076,0.0010077386069469103,0.08,0.03,Optimization terminated successfully,b1,legacy
100000.0,1e+26,8192,power,1.0,True,0.0,999.9999999999998,5000.000000000004,0.989923135860281,1.7843849040447999,1.8379444132949738,0.010174608765457664,0.051879883005803235,-0.020936423500366598,0.009082188490537985,0.4714500735959984,0.99,0.30273961635126617,30000.00000000002,22.89182142304963,8192.000000000005,38214.89182142307,0.7850342777414896,0.0005990288165676972,0.21436669344194276,0.19999999999999982,stackexchange,0.1789014764304431,0.0010077378659514333,0.08,0.03,Optimization terminated successfully,b1,legacy
100000.0,1e+26,32768,power,1.0,True,0.0,999.9999999999998,5000.000000000004,0.9898180781302047,1.7762885687592291,1.8379444132949738,0.010174608765457664,0.05997987224232584,-0.0209359377179845,0.009085356659107927,0.47144921041548987,0.99,0.30284522197026426,30000.00000000002,22.881631678421037,32768.00000000002,62790.881631678465,0.47777637804124723,0.0003644101035663287,0.5218592118551864,0.19999999999999982,stackexchange,0.1789084100525744,0.0011327401967287506,0.08,0.03,Optimization terminated successfully,b1,legacy
100000.0,1e+26,131072,power,1.0,True,0.0,620.69839559102,5000.000000000004,0.9896777428877654,1.7826086728339063,1.8438967910553203,0.010174608765457664,0.05999999999999924,-0.02131625981052836,0.009853532823655852,0.47568134095013237,0.99,0.32845109412186174,18620.951867730615,22.868025363074842,81356.18010690623,99999.99999999993,0.18620951867730628,0.00022868025363074858,0.813561801069063,0.12413967911820391,stackexchange,0.17563524843663345,0.0010241068731321752,0.08,0.03,Optimization terminated successfully,b1,legacy
1000000.0,1e+27,2048,power,1.0,True,0.0,999.9999999999998,5000.000000000004,0.9898313565422591,1.812659725726194,1.8379444132949738,0.010174608765457664,0.023608160417241994,-0.02094799095179259,0.009096855034797022,0.47145016679221646,0.99,0.30322850115990074,30000.00000000002,22.88291939718845,2048.0000000000014,32070.882919397205,0.935427941768804,0.0007135107397791139,0.06385854749141702,0.19999999999999982,stackexchange,0.17891055789120125,0.0011157107437408437,0.08,0.03,Optimization terminated successfully,b1,legacy
1000000.0,1e+27,4096,power,1.0,True,0.0,999.9999999999998,5000.000000000004,0.9898087606963939,1.7983413877043963,1.8379444132949738,0.010174608765457664,0.03792723352971346,-0.020942749249621365,0.00909234842329959,0.471451207567441,0.99,0.303078280776653,30000.00000000002,22.88072811981089,4096.000000000003,34118.88072811983,0.8792785507548861,0.0006706177820467959,0.12005083146306712,0.19999999999999982,stackexchange,0.17892279282366583,0.0011374915578674155,0.08,0.03,Optimization terminated successfully,b1,legacy
1000000.0,1e+27,8192,power,1.0,True,0.0,999.9999999999998,5000.000000000004,0.9899596539354123,1.7843849040826425,1.8379444132949738,0.010174608765457664,0.051879883005803235,-0.02093671864617517,0.009082483674189195,0.47145016368540965,0.99,0.3027494558063065,30000.00000000002,22.89536413899928,8192.000000000005,38214.895364139025,0.785034204964803,0.0005991214661412984,0.21436667356905556,0.19999999999999982,stackexchange,0.1789012828279976,0.0010077357774598576,0.08,0.03,Optimization terminated successfully,b1,legacy
1000000.0,1e+27,32768,power,1.0,True,0.0,999.999999999998,5000.000000000004,0.9898217523366998,1.7762849148164601,1.8379444132949738,0.010174608765457664,0.05997987224232584,-0.02093637642796158,0.009082141426316146,0.47145011965617245,0.99,0.3027380475438715,29999.99999999996,22.881987991794798,32767.999999999956,62790.881987991714,0.4777763753300556,0.0003644157761021864,0.5218592088938421,0.19999999999999946,stackexchange,0.17890049566437913,0.0010077382856728194,0.08,0.03,Optimization terminated successfully,b1,legacy
1000000.0,1e+27,131072,power,1.0,True,0.0,999.9999999999998,5000.000000000004,0.9897481781313668,1.7762647870523336,1.8379444132949738,0.010174608765457664,0.05999999999999924,-0.02093606555578003,0.009081830547681245,0.47145018609777595,0.99,0.3027276849227082,30000.00000000002,22.87485374484073,131072.0000000001,161094.87485374496,0.18622566377258407,0.0001419961607444581,0.8136323400666714,0.19999999999999982,stackexchange,0.17890079389591362,0.0010077400566883261,0.08,0.03,Optimization terminated successfully,b1,legacy
0.01,1e+19,2048,logarithmic,1.0,True,0.0,0.37110383145931963,2.694353969014685,0.9897111531335614,3.1012530431037826,3.125471195460716,0.010174608765457664,0.023608160417241994,-0.018404183362794122,0.00761958265764479,0.47289088947760205,0.99,0.2539860885881597,0.005999310487253848,0.003591136486133961,0.00040955292926319605,0.009999999902651007,0.5999310545656532,0.3591136521093314,0.04095529332501526,0.13773388193498232,pubmed_central,0.18218706318872951,0.001849705673037082,0.08,0.03,Optimization terminated successfully,b1,legacy
0.01,1e+19,4096,logarithmic,1.0,True,7.632783294297951e-17,0.35730216695551786,2.6529309000032564,0.9897456524855218,3.096391019649692,3.1359857617579054,0.0101746130729021,0.03792723352971346,-0.020929870387108182,0.009087748735706558,0.4713050423772342,0.9899999961041405,0.3029249578568853,0.005687387756126495,0.003536094235570444,0.0007765180083031375,0.010000000000000077,0.5687387756126452,0.35360942355704167,0.07765180083031316,0.13468204805299652,stackexchange,0.17874492934286823,0.0011676739389782232,0.08,0.03,Optimization terminated successfully,b1,legacy
0.01,1e+19,8192,logarithmic,1.0,True,0.0,0.33342537551028084,2.5775117333261677,0.9897311451012138,3.102035599411346,3.1555859915405877,0.010174608765457664,0.051879883005803235,-0.020947411322671364,0.009102293433775391,0.4719720160791619,0.99,0.3034097811258464,0.005156446905398593,0.003435499325890578,0.0014080537683008425,0.009999999999590014,0.515644690561,0.34354993260314287,0.14080537683585706,0.12935940162724682,stackexchange,0.1780478156651256,0.001140301729029765,0.08,0.03,Optimization terminated successfully,b1,legacy
0.01,1e+19,32768,logarithmic,1.0,True,0.0,0.24738779047933446,2.2530225386983043,0.9897312929915676,3.185367311007542,3.2470206678196227,0.010174608765457664,0.05997987224232584,-0.020950890030574425,0.009102796695361478,0.4719652944091098,0.99,0.3034265565120493,0.003344221606492286,0.003002996606787556,0.0036527817867179745,0.009999999999997816,0.33442216064930164,0.3002996606788212,0.36527817867187723,0.10980262568623218,stackexchange,0.1786087836298045,0.0011866142340094964,0.08,0.03,Optimization terminated successfully,b1,legacy
0.01,1e+19,131072,logarithmic,1.0,True,0.0,0.14333931184869306,1.6805451297933938,0.9897234302679927,3.385904238144383,3.44753717600231,0.010174608765457664,0.05999999999999924,-0.02073217677836363,0.00892463015497779,0.4723265990987035,0.99,0.297487671832593,0.0014453290946115458,0.0022399317347597293,0.006314739169630819,0.009999999999002094,0.14453290947557762,0.22399317349832534,0.631473917026097,0.0852933428014011,stackexchange,0.17911846731888437,0.0015404785641655737,0.08,0.03,Optimization terminated successfully,b1,legacy
0.1,1e+20,2048,logarithmic,1.0,True,0.0,0.8151028126743434,15.250010100640948,0.9897395080441918,2.622575208987235,2.647827107435689,0.010174608765457664,0.023608160417241994,-0.020891508888292273,0.009073162091622474,0.4715876753523078,0.99,0.3024387363874158,0.07458195675806749,0.020326581660479296,0.005091461581350741,0.09999999999989752,0.7458195675814392,0.20326581660500126,0.05091461581355959,0.0534493293640563,stackexchange,0.17959712846739306,0.0011654868054191865,0.08,0.03,Optimization terminated successfully,b1,legacy
0.1,1e+20,4096,logarithmic,1.0,True,0.0,0.7875204444891701,14.91837868450844,0.9897352295223878,2.6162609214940638,2.6558655436423075,0.010174608765457664,0.03792723352971346,-0.020940804860966514,0.00908880747697864,0.47178458960762276,0.99,0.3029602492326213,0.07049116927609109,0.019884436410856902,0.00962439431182897,0.09999999999877697,0.7049116927695321,0.19884436411100095,0.0962439431194668,0.05278860800784927,stackexchange,0.17864034691122344,0.001078578450959447,0.08,0.03,Optimization terminated successfully,b1,legacy
0.1,1e+20,8192,logarithmic,1.0,True,0.0,0.7396508619993493,14.32127883014241,0.9897274050398152,2.617276972838967,2.670832416735234,0.010174608765457664,0.051879883005803235,-0.020933954301416837,0.009083784645495377,0.47214405367292495,0.99,0.3027928215165126,0.06355647738988719,0.019088367183966448,0.017355155425931863,0.09999999999978551,0.6355647739002351,0.1908836718400739,0.17355155425969088,0.05164698423737025,stackexchange,0.17845800762986544,0.001104405729157443,0.08,0.03,Optimization terminated successfully,b1,legacy
0.1,1e+20,32768,logarithmic,1.0,True,4.135580766728708e-15,0.564543326001002,11.876258959860975,0.9898589122589151,2.6785795520406412,2.740236401743117,0.010174608765457664,0.05997987224232584,-0.020940743478074335,0.009089157252466633,0.47144702488602885,0.99,0.30297190841555444,0.04022797640189469,0.015832345906866604,0.043939677691242844,0.10000000000000414,0.40227976401893023,0.1583234590686595,0.43939677691241025,0.04753545101273294,stackexchange,0.1789065198235361,0.0010997977469335437,0.08,0.03,Optimization terminated successfully,b1,legacy
0.1,1e+20,131072,logarithmic,1.0,True,0.0,0.34445988085747176,8.04522546660393,0.9898889963311835,2.8293869622444396,2.8903279269995985,0.010174608765457664,0.05999999999999924,-0.020383589502353257,0.009268015981735728,0.46471705000448604,0.99,0.3089338660578576,0.016627544434187323,0.01072560540685042,0.0726468501359267,0.09999999997696445,0.1662754443801757,0.10725605409321123,0.726468501526613,0.04281544156684474,stackexchange,0.18305192919886934,0.0010165627796865913,0.08,0.03,Optimization terminated successfully,b1,legacy
1.0,1e+21,2048,logarithmic,1.0,True,2.220446049250313e-14,1.9886542718072577,71.02476785560559,0.989863383035027,2.3209009031938743,2.346149137380997,0.010174608765457664,0.023608160417241994,-0.020710398550008554,0.008895716014670181,0.4714173681097052,0.99,0.29652386715567275,0.8474622480010132,0.09468432920213989,0.05785342279686917,1.0000000000000222,0.8474622480009945,0.09468432920213779,0.057853422796867886,0.02799944768352107,stackexchange,0.17802184319739955,0.0013794110248283261,0.08,0.03,Optimization terminated successfully,b1,legacy
1.0,1e+21,4096,logarithmic,1.0,True,0.0,1.9231830854555012,69.21624763452579,0.9897477190093623,2.3139017314008843,2.3520817592934677,0.010174608765457664,0.03792723352971346,-0.017174975088702384,0.006747571960375031,0.4712102906545452,0.99,0.2249190653458344,0.7986931001365161,0.09225866783796417,0.10904823127197233,0.9999999992464526,0.7986931007383692,0.09225866790748545,0.10904823135414535,0.027785139344886956,stackexchange,0.18335485072118407,0.0024906602656066317,0.08,0.03,Optimization terminated successfully,b1,legacy
1.0,1e+21,8192,logarithmic,1.0,True,0.0,1.819313822772613,65.66142914541008,0.989796545578665,2.309555881651306,2.3631147465659335,0.010174608765457664,0.051879883005803235,-0.020941478664577264,0.009087887990295366,0.47150572388304574,0.99,0.30292959967651223,0.7167524740034945,0.08752631709527954,0.1957212089012209,0.999999999999995,0.7167524740034981,0.08752631709527998,0.19572120890122188,0.027707496569160318,stackexchange,0.17888922629394371,0.001031409482240271,0.08,0.03,Optimization terminated successfully,b1,legacy
1.0,1e+21,32768,logarithmic,1.0,True,0.0,1.4210339422010239,52.1594376805731,0.9897419111572123,2.352358879466085,2.414012922720926,0.010174608765457664,0.05997987224232584,-0.020972686873778436,0.009123907095805586,0.471478674682017,0.99,0.3041302365268529,0.4447219881012805,0.06952300821964078,0.48575500353675866,0.9999999998576798,0.4447219881645734,0.0695230082295353,0.4857550036058914,0.027244042600756243,stackexchange,0.17903945230147672,0.0011705770963741124,0.08,0.03,Optimization terminated successfully,b1,legacy
1.0,1e+21,131072,logarithmic,1.0,True,0.0,0.8998077936941895,32.98156417954089,0.9899089686176054,2.4612638127137587,2.522941501938049,0.010174608765457664,0.05999999999999924,-0.020944782496978745,0.009092484507230148,0.4715159383077639,0.99,0.30308281690767164,0.178062410981856,0.04397104461101602,0.7779665444071276,0.9999999999999997,0.17806241098185605,0.04397104461101604,0.7779665444071279,0.02728214431540994,stackexchange,0.17891194591222026,0.001077059497303696,0.08,0.03,Optimization terminated successfully,b1,legacy
10.0,1e+22,2048,logarithmic,1.0,True,3.375077994860476e-14,5.246125151864993,286.0535708316287,0.9897576951976198,2.1210021456234145,2.145977408004638,0.010174608765457664,0.023608160417241994,-0.019708435360167177,0.008166724630728235,0.4707517507036814,0.99,0.2722241543576079,9.004036996323608,0.3812874113940673,0.6146755922823584,10.000000000000034,0.9004036996323578,0.0381287411394066,0.06146755922823563,0.01833965972392236,stackexchange,0.18270692642402458,0.0012160157389416535,0.08,0.03,Optimization terminated successfully,b1,legacy
10.0,1e+22,4096,logarithmic,1.0,True,0.0,5.08736598110193,277.58762318822306,0.98974228709768,2.110640300972743,2.1502441555765586,0.010174608765457664,0.03792723352971346,-0.0209452637744629,0.00909403393490318,0.4714605122273328,0.99,0.30313446449677267,8.473138985896243,0.369995104560126,1.1568659095410339,9.999999999997403,0.8473138985898444,0.03699951045602221,0.11568659095413343,0.018327063442783086,stackexchange,0.17887311105625484,0.0011068557805199066,0.08,0.03,Optimization terminated successfully,b1,legacy
10.0,1e+22,8192,logarithmic,1.0,True,0.0,4.820757085090441,262.08359902887076,0.989741419094469,2.104651038904085,2.1581696847734166,0.010174608765457664,0.051879883005803235,-0.02088714575659099,0.00907377412760484,0.4714999926669834,0.99,0.302459137586828,7.580648201426586,0.34932945358534595,2.0700223355362195,9.999999990548151,0.75806482085917,0.034932945391552686,0.20700223374927734,0.018393967050793564,stackexchange,0.17863489535396454,0.0011805934585521537,0.08,0.03,Optimization terminated successfully,b1,legacy
10.0,1e+22,32768,logarithmic,1.0,True,0.0,3.8163137932515596,203.08126453294423,0.9897422262655957,2.13297116963524,2.1946278197533156,0.010174608765457664,0.05997987224232584,-0.020941890659389006,0.009090504018181381,0.47146700849141404,0.99,0.303016800606046,4.650130985928263,0.2706859425082475,5.079183071563245,9.999999999999755,0.46501309859283774,0.027068594250825414,0.5079183071563369,0.01879205254127453,stackexchange,0.17888418031193518,0.0011074075783281683,0.08,0.03,Optimization terminated successfully,b1,legacy
10.0,1e+22,131072,logarithmic,1.0,True,3.552713678800501e-15,2.4606650960446457,124.06679001717441,0.9897435675361359,2.2105339695203976,2.272209615552896,0.010174608765457664,0.05999999999999924,-0.020901607891493982,0.009051353093537183,0.4714035241522799,0.99,0.30171176978457276,1.8317209186413683,0.16536827308658744,8.002910808272048,10.000000000000004,0.18317209186413677,0.016536827308658738,0.8002910808272046,0.019833390512513614,stackexchange,0.1787954537670006,0.001108617005339334,0.08,0.03,Optimization terminated successfully,b1,legacy
1000.0,1e+24,2048,logarithmic,1.0,True,0.0,40.298293912491246,3851.645576471486,0.9899868915906319,1.8882666528047614,1.9135512307842513,0.010174608765457664,0.023608160417241994,-0.02094159983600768,0.00909057350830201,0.4714486233057634,0.99,0.30301911694340034,931.2884729243684,5.135567323989096,63.575959751636894,999.9999999999944,0.9312884729243736,0.005135567323989124,0.06357595975163725,0.010462617370264046,stackexchange,0.1788964928016444,0.0011192409153546394,0.08,0.03,Optimization terminated successfully,b1,legacy
1000.0,1e+24,4096,logarithmic,1.0,True,0.0,39.178978609548814,3724.3643822451177,0.9897456268835039,1.8760764001248147,1.915683259589537,0.010174608765457664,0.03792723352971346,-0.020935967648950542,0.00908173294848388,0.47143909139543577,0.99,0.30272443161612933,875.5007547968817,4.964208814842881,119.53503638826759,999.9999999999922,0.8755007547968885,0.00496420881484292,0.11953503638826853,0.010519641632361165,stackexchange,0.17890929809514827,0.0010077393957610152,0.08,0.03,Optimization terminated successfully,b1,legacy
1000.0,1e+24,8192,logarithmic,1.0,True,0.0,37.42388639124468,3481.997409079506,0.9897283670936037,1.8665229267823662,1.9196416222610453,0.010174608765457664,0.051879883005803235,-0.019509681415189658,0.008096260176856017,0.476338072892117,0.99,0.2698753392285339,781.8592527119985,4.641047347437259,213.49969994055638,999.9999999999922,0.7818592527120046,0.004641047347437296,0.21349969994055806,0.010747821435380674,stackexchange,0.1743058031183747,0.0032690588926858038,0.08,0.03,Optimization terminated successfully,b1,legacy
1000.0,1e+24,32768,logarithmic,1.0,True,0.0,29.694530779849423,2673.0379891291036,0.9897487962170951,1.8761591584366946,1.9378153689317736,0.010174608765457664,0.05997987224232584,-0.02094188790590486,0.009090940887693903,0.4714500176629014,0.99,0.3030313629231301,476.24765306340583,3.5629104171686277,520.1894365193895,999.9999999999638,0.47624765306342304,0.0035629104171687564,0.5201894365194083,0.011108907131366334,stackexchange,0.1789111333391717,0.0011214101469478738,0.08,0.03,Optimization terminated successfully,b1,legacy
1000.0,1e+24,131072,logarithmic,1.0,True,0.0,19.371559067649013,1599.0379057782723,0.9897406105940357,1.9146873805423343,1.9763601282293741,0.010174608765457664,0.05999999999999924,-0.020932036127705552,0.009084679675207097,0.47153698589138715,0.99,0.3028226558402366,185.85514345916147,2.1313444187568593,812.0135121159738,999.9999999938921,0.18585514346029666,0.0021313444187698776,0.8120135121209335,0.012114508979210613,stackexchange,0.17836344154480435,0.001148473345466296,0.08,0.03,Optimization terminated successfully,b1,legacy
10000.0,1e+25,2048,logarithmic,1.0,True,0.0,311.82398384426733,5000.000000000004,0.9897958675145383,1.8291004244727227,1.8543834848615457,0.010174608765457664,0.023608160417241994,-0.020941309958468945,0.009091801221430338,0.4714529153088901,0.99,0.3030600407143446,9354.719515328028,6.664965758909907,638.6155189130601,9999.999999999998,0.9354719515328029,0.0006664965758909909,0.06386155189130602,0.06236479676885342,stackexchange,0.17890901102947596,0.001167295905619485,0.08,0.03,Optimization terminated successfully,b1,legacy
10000.0,1e+25,4096,logarithmic,1.0,True,0.0,293.0940761778268,5000.000000000004,0.9897318796857738,1.8159271844889324,1.8554530580739725,0.010174608765457664,0.03792723352971346,-0.020915483151968162,0.00914223433118362,0.47193828097725854,0.99,0.3047411443727873,8792.82228533481,6.6643785874103445,1200.5133360243797,9999.999999946602,0.8792822285381763,0.0006664378587445931,0.12005133360307901,0.05861881523556532,stackexchange,0.17768492788993848,0.0012259559882029515,0.08,0.03,Optimization terminated successfully,b1,legacy
10000.0,1e+25,8192,logarithmic,1.0,True,0.0,261.6604580163162,5000.000000000004,0.9896674429025256,1.8049208244964983,1.8574712289348938,0.010174608765457664,0.051879883005803235,-0.01892931161655779,0.008084181418507594,0.47489985748848373,0.99,0.26947271395025313,7849.813740489493,6.6637872613270615,2143.5224720696647,9999.999999820486,0.7849813740630409,0.0006663787261446686,0.2143522472108144,0.05233209160326321,stackexchange,0.19701293330404263,0.0018934344166856585,0.08,0.03,Optimization terminated successfully,b1,legacy
10000.0,1e+25,32768,logarithmic,1.0,True,0.0,159.21065908831127,5000.000000000004,0.9898377803392783,1.8056317172477527,1.8672866067167895,0.010174608765457664,0.05997987224232584,-0.020928659339999763,0.009079033347831252,0.47144980977596607,0.99,0.3026344449277084,4776.319772649342,6.665350344868069,5217.014877005788,9999.999999999996,0.47763197726493434,0.0006665350344868072,0.521701487700579,0.03184213181766223,stackexchange,0.1789333842423055,0.001162893352536862,0.08,0.03,Optimization terminated successfully,b1,legacy
10000.0,1e+25,131072,logarithmic,1.0,True,0.0,62.042660052918414,5000.000000000004,0.9897625417838076,1.8294625127556003,1.8911389397612504,0.010174608765457664,0.05999999999999924,-0.020941573929169257,0.009090538158060603,0.4714490223733694,0.99,0.30301793860202014,1861.279801587554,6.664659956316213,8132.055538456129,10000.0,0.1861279801587554,0.0006664659956316213,0.813205553845613,0.012408532010583674,stackexchange,0.17890849902544476,0.0011187425816604768,0.08,0.03,Optimization terminated successfully,b1,legacy
31622.7766,3.16227766e+25,2048,logarithmic,1.0,True,0.0,986.5236927984789,5000.000000000004,0.9898315518739769,1.8128153999116572,1.8381007598978665,0.010174608765457664,0.023608160417241994,-0.02093989759413826,0.009088089259713295,0.4714473293332285,0.99,0.30293630865710985,29595.71078395439,6.665293194315834,2020.4005228512863,31622.776599999994,0.9358985505388668,0.00021077507767979599,0.0638906743834533,0.19730473855969563,stackexchange,0.17891458851219255,0.0010943465589894476,0.08,0.03,Optimization terminated successfully,b1,legacy
31622.7766,3.16227766e+25,4096,logarithmic,1.0,True,0.0,927.267479584289,5000.000000000004,0.9897577618481829,1.7992211169232362,1.8388238041955096,0.010174608765457664,0.03792723352971346,-0.020943306152611887,0.009093243644594096,0.4714501152414581,0.99,0.3031081214864699,27818.024387528694,6.664616094044166,3798.087596377251,31622.77659999999,0.8796831707538516,0.000210753665889167,0.12010607558025921,0.18545349591685767,stackexchange,0.17893930187440107,0.0011474238694978598,0.08,0.03,Optimization terminated successfully,b1,legacy
31622.7766,3.16227766e+25,8192,logarithmic,1.0,True,0.0,827.8202768764233,5000.000000000004,0.9897544317245166,1.7866318176593785,1.8401881117608987,0.010174608765457664,0.051879883005803235,-0.020935358465953673,0.009084338604779002,0.4714490270138186,0.99,0.30281128682596675,24834.60830629272,6.664585535613008,6781.5037081716655,31622.7766,0.7853392705020318,0.00021075269954672505,0.21444997679842145,0.16556405537528454,stackexchange,0.17887216741349138,0.0011205512694419703,0.08,0.03,Optimization terminated successfully,b1,legacy
31622.7766,3.16227766e+25,32768,logarithmic,1.0,True,0.0,503.69794332135484,5000.000000000004,0.9897008112383222,1.7877957161666063,1.8468234183395233,0.010174608765457664,0.05997987224232584,-0.015325239571473463,0.006102800875424539,0.47336654772576364,0.99,0.20342669584748463,15110.938299640657,6.66409348158824,16505.174206754167,31622.77659987641,0.47784982611867527,0.00021073713943304664,0.5219394367418917,0.1007395886642709,stackexchange,0.20838474443908972,0.002646917298314529,0.08,0.03,Optimization terminated successfully,b1,legacy
31622.7766,3.16227766e+25,131072,logarithmic,1.0,True,0.0,196.28559293719016,5000.000000000004,0.9896442405560876,1.8024433937910833,1.8629478718757024,0.01017461206599172,0.05999999999999924,-0.019339036469754253,0.008659946319142554,0.47596612862561627,0.9899999970148385,0.2886648773047518,5888.567788115709,6.66357432853167,25727.545237463408,31622.776599907647,0.1862128636779133,0.00021072072237170758,0.813576415599715,0.039257118587438,stackexchange,0.204610641776587,0.0031976416112322573,0.08,0.03,Optimization terminated successfully,b1,legacy
100000.0,1e+26,2048,logarithmic,1.0,True,0.0,999.9999999999998,5000.000000000004,0.9898363991873104,1.81265662663926,1.8379444132949738,0.010174608765457664,0.023608160417241994,-0.020936132340299,0.009081897336369497,0.4714502877846367,0.99,0.30272991121231657,30000.00000000002,6.6653376718550055,2048.0000000000014,32054.66533767187,0.9359012076392783,0.00020793658588042237,0.0638908557748414,0.19999999999999982,stackexchange,0.17890041566726636,0.001007739567305096,0.08,0.03,Optimization terminated successfully,b1,legacy
100000.0,1e+26,4096,logarithmic,1.0,True,0.0,999.9999999999998,5000.000000000004,0.9899906345912051,1.7983375535086867,1.8379444132949738,0.010174608765457664,0.03792723352971346,-0.020936244574981194,0.00908200955294982,0.4714501292890844,0.99,0.302733651764994,30000.00000000002,6.666752787841382,4096.000000000003,34102.66675278786,0.8796966001946914,0.00019549065872675138,0.12010790914658188,0.19999999999999982,stackexchange,0.17890133710755485,0.0010077390275601977,0.08,0.03,Optimization terminated successfully,b1,legacy
100000.0,1e+26,8192,logarithmic,1.0,True,0.0,999.9999999999998,5000.000000000004,0.9899230931378598,1.7843849040546198,1.8379444132949738,0.010174608765457664,0.051879883005803235,-0.020936155205046984,0.009081920205038431,0.4714501065134177,0.99,0.302730673501281,30000.00000000002,6.666133116957087,8192.000000000005,38198.66613311698,0.7853677375920467,0.00017451219615173343,0.21445775021180155,0.19999999999999982,stackexchange,0.17890074965066888,0.001007739901734843,0.08,0.03,Optimization terminated successfully,b1,legacy
100000.0,1e+26,32768,logarithmic,1.0,True,0.0,999.9999999999989,5000.000000000004,0.9898734771492453,1.7762849148006623,1.8379444132949738,0.010174608765457664,0.05997987224232584,-0.020936200831515404,0.009081965814072147,0.47145016438435594,0.99,0.3027321938024049,29999.999999999985,6.665677881920032,32767.999999999985,62774.66567788189,0.4778997972516519,0.00010618420361048017,0.5219940185447377,0.19999999999999962,stackexchange,0.17890111391928346,0.001007739078634027,0.08,0.03,Optimization terminated successfully,b1,legacy
100000.0,1e+26,131072,logarithmic,1.0,True,0.0,620.7989790981084,5000.000000000004,0.99,1.783554958623413,1.8438946003529908,0.010174608819802798,0.05999999999999924,-0.01944490447795458,0.008930653928573097,0.45961502963406115,0.9899999999508476,0.2976884642857699,18623.969372943266,6.66683870939211,81369.36378834733,99999.99999999999,0.1862396937294327,6.66683870939211e-05,0.8136936378834734,0.12415979581962158,stackexchange,0.18654351164279678,0.0011009962478340616,0.08,0.03,Optimization terminated successfully,b1,legacy
1000000.0,1e+27,2048,logarithmic,1.0,True,0.0,999.9999999999998,5000.000000000004,0.9898313565422591,1.812659725726194,1.8379444132949738,0.010174608765457664,0.023608160417241994,-0.02094799095179259,0.009096855034797022,0.47145016679221646,0.99,0.30322850115990074,30000.00000000002,6.665291402004581,2048.0000000000014,32054.665291402023,0.9359012089902207,0.00020793514271360688,0.06389085586706574,0.19999999999999982,stackexchange,0.17891055789120125,0.0011157107437408437,0.08,0.03,Optimization terminated successfully,b1,legacy
1000000.0,1e+27,4096,logarithmic,1.0,True,0.0,999.9999999999998,5000.000000000004,0.9898087606963939,1.7983413877043963,1.8379444132949738,0.010174608765457664,0.03792723352971346,-0.020942749249621365,0.00909234842329959,0.471451207567441,0.99,0.303078280776653,30000.00000000002,6.665084066438608,4096.000000000003,34102.66508406646,0.8796966432402581,0.00019544173600533898,0.12010791502373658,0.19999999999999982,stackexchange,0.17892279282366583,0.0011374915578674155,0.08,0.03,Optimization terminated successfully,b1,legacy
1000000.0,1e+27,8192,logarithmic,1.0,True,0.0,999.9999999999998,5000.000000000004,0.9899596539354123,1.7843849040826425,1.8379444132949738,0.010174608765457664,0.051879883005803235,-0.02093671864617517,0.009082483674189195,0.47145016368540965,0.99,0.3027494558063065,30000.00000000002,6.666468555159946,8192.000000000005,38198.66646855518,0.7853677306954097,0.00017452097603060898,0.21445774832855985,0.19999999999999982,stackexchange,0.1789012828279976,0.0010077357774598576,0.08,0.03,Optimization terminated successfully,b1,legacy
1000000.0,1e+27,32768,logarithmic,1.0,True,0.0,999.999999999998,5000.000000000004,0.9898217523366998,1.7762849148164601,1.8379444132949738,0.010174608765457664,0.05997987224232584,-0.02093637642796158,0.009082141426316146,0.47145011965617245,0.99,0.3027380475438715,29999.99999999996,6.665203276003976,32767.999999999956,62774.665203275916,0.47789980086479855,0.00010617664394419026,0.5219940224912574,0.19999999999999946,stackexchange,0.17890049566437913,0.0010077382856728194,0.08,0.03,Optimization terminated successfully,b1,legacy
1000000.0,1e+27,131072,logarithmic,1.0,True,0.0,999.9999999999998,5000.000000000004,0.9897482425184304,1.7762647870469714,1.8379444132949738,0.010174608765457664,0.05999999999999924,-0.020936378001966936,0.00908214298850606,0.471450265299003,0.99,0.30273809961686865,30000.00000000002,6.6645287409491685,131072.0000000001,161078.66452874106,0.1862444047929585,4.137437295278808e-05,0.8137142208340886,0.19999999999999982,stackexchange,0.17890087673077182,0.0010077380474995986,0.08,0.03,Optimization terminated successfully,b1,legacy
0.01,1e+19,2048,exponential,1.0,True,2.8449465006019636e-15,0.5207483923914439,1.4344375502994995,0.9896429455554007,3.227633563117797,3.252866547066163,0.010174611630508612,0.023608160417241994,-0.021049573578181026,0.009250138416548285,0.47602566753535314,0.9899999974087104,0.3083379472182762,0.004481886289826312,0.005212150272791056,0.0003059634373854763,0.010000000000002845,0.4481886289825037,0.5212150272789573,0.030596343738538923,0.36303315699084676,stackexchange,0.17614730827962136,0.0011368649121520449,0.08,0.03,Optimization terminated successfully,b1,expanded
0.01,1e+19,4096,exponential,1.0,True,1.3877787807814457e-17,0.49997048573115177,1.4198197314708558,0.9896501662112319,3.2226833176752914,3.262245156692133,0.010174610646784274,0.03792723352971346,-0.02102881939258802,0.009219603258675347,0.4756938377491116,0.9899999982984379,0.3073201086225116,0.004259207764764944,0.0051592684017524966,0.0005815238334825737,0.010000000000000014,0.42592077647649385,0.5159268401752489,0.058152383348257286,0.35213659498393474,stackexchange,0.17628397189499787,0.001049778222450163,0.08,0.03,Optimization terminated successfully,b1,expanded
0.01,1e+19,8192,exponential,1.0,True,1.2646134139870924e-15,0.46410948532553925,1.3930219288372656,0.989642916598218,3.2262345524874556,3.279739889719176,0.010174612672517925,0.051879883005803235,-0.021036273846066,0.009236206947631373,0.47602695358782454,0.9899999964662671,0.3078735649210458,0.00387908814263912,0.005061662188545488,0.0010592496688166557,0.010000000000001265,0.3879088142638629,0.5061662188544848,0.10592496688165216,0.3331673936482281,stackexchange,0.1761305716625632,0.0011177660172060934,0.08,0.03,Optimization terminated successfully,b1,expanded
0.01,1e+19,32768,exponential,1.0,True,3.9898639947466563e-16,0.3361893871219024,1.2732287393517767,0.9896463103754233,3.300186063984147,3.361791065392131,0.01017461052157485,0.05997987224232584,-0.021034663276359358,0.009234923589126155,0.4758710631177912,0.9899999984116833,0.3078307863042052,0.002568275937291997,0.0046264818656022635,0.0028052421971061386,0.0100000000000004,0.25682759372918945,0.4626481865602079,0.28052421971060265,0.26404476802264326,stackexchange,0.17606293600641323,0.0011333200098234241,0.08,0.03,Optimization terminated successfully,b1,expanded
0.01,1e+19,131072,exponential,1.0,True,2.7582103268031233e-16,0.18542447126458858,1.0408789171631936,0.9896580082230109,3.482370651661292,3.5440106668393545,0.010174610999428808,0.05999999999999924,-0.021022973954546706,0.009208347777054536,0.4753333920003586,0.9899999979794892,0.3069449259018179,0.0011580265371926562,0.003782478320043759,0.005059495142763861,0.010000000000000276,0.11580265371926242,0.37824783200436546,0.5059495142763721,0.17814221059443067,stackexchange,0.17658831127178418,0.001105414843620469,0.08,0.03,Optimization terminated successfully,b1,expanded
0.1,1e+20,2048,exponential,1.0,True,5.53862511409875e-14,1.0384926647496744,9.71697439378341,0.9897028114373994,2.6703452414719453,2.6956151986351577,0.01017462013204839,0.023608160417241994,-0.0210014082095837,0.009164991331564912,0.47327377841233775,0.98999998971951,0.3054997110521637,0.06054603978902691,0.03532068389476425,0.004133276316264237,0.10000000000005539,0.6054603978899337,0.3532068389474468,0.041332763162619475,0.1068740765041088,stackexchange,0.1774066015750982,0.0011502322128656597,0.08,0.03,Optimization terminated successfully,b1,expanded
0.1,1e+20,4096,exponential,1.0,True,4.746203430272544e-15,0.9998250049615443,9.568331335507482,0.98962323957879,2.6634606402803263,2.702990726579322,0.010174609145655105,0.03792723352971346,-0.02106096135150842,0.009283499436571354,0.47693149079404207,0.9899999996561312,0.30944998121904516,0.057399941549984804,0.03476305309706203,0.007837005352957926,0.10000000000000475,0.5739994154998208,0.34763053097060376,0.07837005352957553,0.10449314200180923,stackexchange,0.17555100887999808,0.0011108079737102705,0.08,0.03,Optimization terminated successfully,b1,expanded
0.1,1e+20,8192,exponential,1.0,True,4.089228955450608e-13,0.9333523993150937,9.289917583773297,0.9897068758426306,2.663294584865498,2.716838977864782,0.010174608792035071,0.051879883005803235,-0.021059697768934526,0.009220578983418267,0.4730874576497759,0.9899999999759621,0.3073526327806089,0.05202460119752571,0.03376921436921219,0.014206184433671021,0.10000000000040893,0.5202460119731297,0.33769214369074096,0.14206184433612928,0.1004693950079149,stackexchange,0.17784732894112845,0.0011133056369976972,0.08,0.03,Optimization terminated successfully,b1,expanded
0.1,1e+20,32768,exponential,1.0,True,3.4486302702418925e-14,0.6931824207370115,8.105683590111047,0.9897090020180526,2.7196203457473604,2.7812656049981412,0.010174608832793093,0.05997987224232584,-0.020979575807789554,0.009139579966541411,0.47298973368796576,0.9899999999390986,0.3046526655513804,0.03371230423632868,0.02946486958983855,0.03682282617386727,0.10000000000003449,0.3371230423631705,0.29464869589828385,0.3682282617385457,0.0855180705033559,stackexchange,0.17772467402329103,0.0011478083962922973,0.08,0.03,Optimization terminated successfully,b1,expanded
0.1,1e+20,131072,exponential,1.0,True,3.768194090092436e-12,0.4024061248611547,6.024622560473216,0.9897173849755639,2.8608194143688803,2.922484508460731,0.010174608765457664,0.05999999999999924,-0.020864819775009695,0.009025116917700174,0.47260444325305945,0.99,0.30083723059000583,0.014546070109866686,0.021901179845886642,0.06355275004801487,0.1000000000037682,0.14546070109318562,0.2190117984506136,0.6355275004562008,0.06679358263890094,stackexchange,0.1779821769302933,0.0011597113799515415,0.08,0.03,Optimization terminated successfully,b1,expanded
1.0,1e+21,2048,exponential,1.0,True,0.0,2.2896949157421242,54.609938045848956,0.9897340134867023,2.3366062368252685,2.3617472143436435,0.010174608862877755,0.023608160417241994,-0.019975219669883255,0.00826779370587279,0.4718401677149759,0.9899999999118886,0.275593123529093,0.7502405849554366,0.19854299111146848,0.051216423932957805,0.9999999999998628,0.7502405849555395,0.19854299111149573,0.051216423932964834,0.041928172740642214,stackexchange,0.17696346496470194,0.0013826241454088306,0.08,0.03,Optimization terminated successfully,b1,expanded
1.0,1e+21,4096,exponential,1.0,True,0.0,2.212489311009486,53.40943590381354,0.9897436543712879,2.327802242719212,2.367406817447269,0.010174608765457664,0.03792723352971346,-0.020915860121155896,0.009063910157355038,0.4713970625853044,0.99,0.3021303385785013,0.7090068362654023,0.19419009702270634,0.09680306671143625,0.9999999999995449,0.7090068362657249,0.19419009702279472,0.0968030667114803,0.041425064196409345,stackexchange,0.17892520672076745,0.00106092663482612,0.08,0.03,Optimization terminated successfully,b1,expanded
1.0,1e+21,8192,exponential,1.0,True,4.463096558993129e-14,2.080618615986499,51.20794518172915,0.9897325026952836,2.3246541168926513,2.377939887073258,0.010174609165357817,0.051879883005803235,-0.021131564159520604,0.009551067819359091,0.4719095930485885,0.9899999996383111,0.3183689273119697,0.6392652241891309,0.18617275192566826,0.17456202388524536,1.0000000000000446,0.6392652241891024,0.18617275192565996,0.17456202388523756,0.040630777286663276,stackexchange,0.1815487140122323,0.0014129007697053564,0.08,0.03,Optimization terminated successfully,b1,expanded
1.0,1e+21,32768,exponential,1.0,True,0.0,1.5859463231815332,42.472340052632624,0.9897227066425672,2.365195741783516,2.4267748861868297,0.010174610339996367,0.05997987224232584,-0.020606922359639967,0.008833039858655505,0.47235978415699303,0.9899999985759116,0.29443466195518353,0.4041531092603309,0.1544039212649184,0.44144296947475076,1.0,0.4041531092603309,0.1544039212649184,0.44144296947475076,0.037340686225816495,stackexchange,0.17786722727790585,0.001109689286483027,0.08,0.03,Optimization terminated successfully,b1,expanded
1.0,1e+21,131072,exponential,1.0,True,2.220446049250313e-16,0.9708035805744413,28.645393610873175,0.9897390725179345,2.47068065276246,2.5323493181110743,0.010174610092918448,0.05999999999999924,-0.02088622628669927,0.009042950845165439,0.47160759457019713,0.9899999987993807,0.30143169483884796,0.16685430410639943,0.10414811763246788,0.7289975782611329,1.0000000000000002,0.1668543041063994,0.10414811763246785,0.7289975782611328,0.03389039067719234,stackexchange,0.1789950652413079,0.0011583081347249806,0.08,0.03,Optimization terminated successfully,b1,expanded
10.0,1e+22,2048,exponential,1.0,True,0.0,5.604479476783365,252.78872474279655,0.989760284843264,2.1251851466950704,2.150467837668049,0.010174609415564178,0.023608160417241994,-0.020756587643251827,0.008907447671950874,0.47063267316141577,0.9899999994120124,0.2969149223983625,8.500495318699455,0.9192042008773244,0.5803004804232161,9.999999999999996,0.8500495318699458,0.09192042008773246,0.05803004804232163,0.022170607025632658,stackexchange,0.17889804310480373,0.0010174548468280882,0.08,0.03,Optimization terminated successfully,b1,expanded
10.0,1e+22,4096,exponential,1.0,True,0.0,5.432190295857224,245.79139108816562,0.99,2.1162601786482678,2.154650069925877,0.010228729779385373,0.03792723352971346,-0.01977516018004629,0.009083772652765562,0.45737666343170447,0.9899510607199615,0.30279242175885207,8.011113656846286,0.8951022918723004,1.093784051281413,9.999999999999998,0.8011113656846287,0.08951022918723006,0.10937840512814131,0.022100815947246468,stackexchange,0.18611511486251875,0.0011657671644882575,0.08,0.03,Optimization terminated successfully,b1,expanded
10.0,1e+22,8192,exponential,1.0,True,1.7763568394002505e-15,5.216421213686605,229.9967246304576,0.9896510160377892,2.1106945055810336,2.162398997936283,0.010174608841617817,0.051879883005803235,-0.017672891097706443,0.007673672906642468,0.47565485610890007,0.9899999999311171,0.25578909688808227,7.198558760644534,0.8357547937821334,1.9656864455733343,10.000000000000002,0.7198558760644533,0.08357547937821332,0.1965686445573334,0.022680415219251404,pubmed_central,0.18706757733127513,0.0024473965103759135,0.08,0.03,Optimization terminated successfully,b1,expanded
10.0,1e+22,32768,exponential,1.0,True,4.440892098500626e-14,4.008818973244575,185.31201554169013,0.9898339382999841,2.136521668764332,2.1981792977235335,0.010174608765457664,0.05997987224232584,-0.02093885686698976,0.009086491384656479,0.47227822430262734,0.99,0.302883046155216,4.457293943242326,0.6741524590189005,4.868553597738818,10.000000000000044,0.44572939432423064,0.06741524590188976,0.4868553597738796,0.021632806494097524,stackexchange,0.17839924164883675,0.0010078888427989506,0.08,0.03,Optimization terminated successfully,b1,expanded
10.0,1e+22,131072,exponential,1.0,True,0.0,2.539279785741021,117.04516371737277,0.9897372644071823,2.2130585919545034,2.274727473314023,0.010174608765457664,0.05999999999999924,-0.02083415651633599,0.008990666391357947,0.4716969455076301,0.99,0.2996888797119316,1.7832625094776386,0.4255447024472581,7.791192788075102,9.999999999999998,0.1783262509477639,0.04255447024472582,0.7791192788075103,0.021694871493132196,stackexchange,0.1786130789092499,0.0011413240100030346,0.08,0.03,Optimization terminated successfully,b1,expanded
1000.0,1e+24,2048,exponential,1.0,True,0.0,40.7084620105522,3779.8494802892246,0.9897421194239386,1.88856946358956,1.9138545137777054,0.010174608765457664,0.023608160417241994,-0.020940088887645477,0.009088590351284277,0.471467631536204,0.99,0.3029530117094759,923.2311538437564,13.742932720509787,63.02591343573377,999.9999999999999,0.9232311538437564,0.013742932720509788,0.06302591343573377,0.010769863250596236,stackexchange,0.17888496840400048,0.0011049954579857959,0.08,0.03,Optimization terminated successfully,b1,expanded
1000.0,1e+24,4096,exponential,1.0,True,2.5011104298755527e-12,39.56407857157773,3657.2270992789886,0.9897419288308399,1.876376885039845,1.91597941318085,0.010174608765457664,0.03792723352971346,-0.020946708828204152,0.009096805451454672,0.47147896612101164,0.99,0.3032268483818224,868.1689218598633,13.297081342205834,118.53399679793334,1000.0000000000025,0.8681689218598612,0.0132970813422058,0.11853399679793304,0.010818053540994944,stackexchange,0.17888336087301143,0.0011543560879161098,0.08,0.03,Optimization terminated successfully,b1,expanded
1000.0,1e+24,8192,exponential,1.0,True,0.0,37.55513203665488,3442.376877821091,0.9897418076332185,1.8663748246441942,1.9199246821130889,0.010174608765457664,0.051879883005803235,-0.020954798727006455,0.009110215498457211,0.47188823250807027,0.99,0.3036738499485737,775.6735089989933,12.515911477014729,211.81057952399178,999.9999999999998,0.7756735089989935,0.012515911477014733,0.21181057952399182,0.010909651490695005,stackexchange,0.17880852141468764,0.0011600722805508953,0.08,0.03,Optimization terminated successfully,b1,expanded
1000.0,1e+24,32768,exponential,1.0,True,0.0,29.905446685990317,2638.126641230888,0.9897422456322799,1.876392908690685,1.9380490297066721,0.010174608765457664,0.05997987224232584,-0.02095433395361308,0.009103476414494067,0.47146191641796475,0.99,0.3034492138164689,473.36613372132615,9.591817285993352,517.0420489926805,1000.0,0.47336613372132613,0.009591817285993353,0.5170420489926805,0.01133586470740356,stackexchange,0.17890062632489162,0.0011152074469622784,0.08,0.03,Optimization terminated successfully,b1,expanded
1000.0,1e+24,131072,exponential,1.0,True,0.0,19.45303039840521,1586.5365484002537,0.9897529546309902,1.9148452083682992,1.9765218522088117,0.010174608765457664,0.05999999999999924,-0.02094077963209138,0.009089527026120267,0.4714203599410409,0.99,0.30298423420400894,185.1776622252661,5.768786335064642,809.0535514396693,1000.0,0.18517766222526608,0.005768786335064642,0.8090535514396693,0.012261318794086535,stackexchange,0.1788998780908245,0.0011117150098363,0.08,0.03,Optimization terminated successfully,b1,expanded
10000.0,1e+25,2048,exponential,1.0,True,0.0,389.47215211111245,3999.9999999999995,0.9898937390714352,1.8328109336820075,1.8580942680693309,0.010174608765457664,0.023608160417241994,-0.02093984973993553,0.009090067004396395,0.47145100448576316,0.99,0.30300223347987987,9347.331650666698,14.557175314451678,638.1111740188466,9999.999999999996,0.9347331650666701,0.0014557175314451683,0.06381111740188468,0.09736803802777812,stackexchange,0.1789024513110203,0.0011586078646265376,0.08,0.03,Optimization terminated successfully,b1,expanded
10000.0,1e+25,4096,exponential,1.0,True,0.0,366.07874082673715,3999.9999999999995,0.9897425274970136,1.8194822220941225,1.85908595035838,0.010174608765457664,0.03792723352971346,-0.020953558970261722,0.009102455470259752,0.47145039420316454,0.99,0.3034151823419917,8785.88977984169,14.543402217259843,1199.566817941052,10000.0,0.8785889779841689,0.0014543402217259843,0.11995668179410521,0.0915196852066843,stackexchange,0.17889634818503206,0.0011112352696290852,0.08,0.03,Optimization terminated successfully,b1,expanded
10000.0,1e+25,8192,exponential,1.0,True,0.0,326.81731103752526,3999.9999999999995,0.98986553591831,1.8073979456201095,1.8609572086667636,0.010174608765457664,0.051879883005803235,-0.02093810008894109,0.009084111282632444,0.4714497062789867,0.99,0.3028037094210815,7843.615464900606,14.554605483867494,2141.8299296155255,10000.0,0.7843615464900606,0.0014554605483867494,0.21418299296155255,0.08170432775938133,stackexchange,0.17884847989333402,0.0010147106208273863,0.08,0.03,Optimization terminated successfully,b1,expanded
10000.0,1e+25,32768,exponential,1.0,True,0.0,198.85643544975397,3999.9999999999995,0.9897425881489529,1.8084020694720022,1.8700579585982657,0.010174608765457664,0.05997987224232584,-0.02093156361478435,0.009080937965388926,0.47144606780344817,0.99,0.30269793217963087,4772.554450794095,14.543407739233388,5212.90214145403,9999.999999987358,0.47725544508001283,0.0014543407739251773,0.521290214146062,0.0497141088624385,stackexchange,0.17890614530514504,0.0011302776418633646,0.08,0.03,Optimization terminated successfully,b1,expanded
10000.0,1e+25,131072,exponential,1.0,True,0.0,77.49207990423932,3999.9999999999995,0.9898870363360533,1.830497955760279,1.8921737659499436,0.010174608765457664,0.05999999999999924,-0.020934178225165016,0.009083759270041845,0.47143396415944355,0.99,0.3027919756680615,1859.8099177017436,14.556564531488897,8125.633517766765,9999.999999999998,0.1859809917701744,0.00145565645314889,0.8125633517766767,0.019373019976059832,stackexchange,0.17892453444426362,0.0011410103272463316,0.08,0.03,Optimization terminated successfully,b1,expanded
31622.7766,3.16227766e+25,2048,exponential,1.0,True,0.0,1232.847296604932,3999.9999999999995,0.9897542632908112,1.817704418712844,1.8429912049232422,0.010174608765457664,0.023608160417241994,-0.020939261661430657,0.009086027102816597,0.4714501651457264,0.99,0.3028675700938866,29588.335118518364,14.544470724111925,2019.8970107575203,31622.776599999994,0.9356653115184822,0.00045993654852281146,0.06387475193299505,0.308211824151233,stackexchange,0.17890429793180673,0.001044393698791895,0.08,0.03,Optimization terminated successfully,b1,expanded
31622.7766,3.16227766e+25,4096,exponential,1.0,True,0.0,1158.7946437425378,3999.9999999999995,0.99,1.8040574876272852,1.8436614932024182,0.010174608765457664,0.03792723352971346,-0.02094158325682275,0.009090202445945387,0.47145319568920346,0.99,0.3030067481981796,27811.071449820905,14.566861563531754,3797.138288615548,31622.776599999987,0.8794632995579812,0.0004606446090357467,0.12007605583298304,0.28969866093563446,stackexchange,0.1789053796283673,0.0011082846987336805,0.08,0.03,Optimization terminated successfully,b1,expanded
31622.7766,3.16227766e+25,8192,exponential,1.0,True,0.0,1034.51710395442,3999.9999999999995,0.9898678093353,1.7913699348465386,1.8449262367155201,0.010174608765457664,0.051879883005803235,-0.020936233857666537,0.009085206229030519,0.47144766043654623,0.99,0.30284020763435066,24828.41049490608,14.554812618226864,6779.811292475687,31622.77659999999,0.7851432784971224,0.00046026358793006393,0.21439645791494757,0.258629275988605,stackexchange,0.17887298779988556,0.001120332748111502,0.08,0.03,Optimization terminated successfully,b1,expanded
31622.7766,3.16227766e+25,32768,exponential,1.0,True,3.637978807091713e-12,629.4652747054017,3999.9999999999995,0.9898754614356264,1.7894204956649846,1.8510773344916105,0.010174608765457664,0.05997987224232584,-0.020944497221002636,0.009092921871244889,0.4714519614566543,0.99,0.30309739570816296,15107.166592929641,14.555509833081388,16501.054497237285,31622.776600000005,0.4777305542780718,0.0004602856357996529,0.5218091600861287,0.15736631867635045,stackexchange,0.17892879148918053,0.0011007249174587147,0.08,0.03,Optimization terminated successfully,b1,expanded
31622.7766,3.16227766e+25,131072,exponential,1.0,True,0.0,245.29579383195787,3999.9999999999995,0.9898074782204368,1.8043477256943135,1.8660251082135857,0.010174608765457664,0.05999999999999924,-0.020940242917073113,0.009088251632342292,0.47145224402590186,0.99,0.3029417210780764,5887.099051966989,14.549316719075971,25721.128231313905,31622.77659999997,0.18616641816224938,0.00046008979233898094,0.8133734920454117,0.061323948457989476,stackexchange,0.17890732898723777,0.0010882594663449016,0.08,0.03,Optimization terminated successfully,b1,expanded
100000.0,1e+26,2048,exponential,1.0,True,0.0,3899.832084861927,3999.9999999999995,0.9897609051304082,1.8075003870383586,1.83278817370391,0.010174608765457664,0.023608160417241994,-0.020936376563538854,0.009082141549771664,0.47145023445007106,0.99,0.3027380516590555,93595.97003668624,14.545075475909872,6389.484887837781,99999.99999999993,0.935959700366863,0.00014545075475909882,0.06389484887837785,0.9749580212154818,stackexchange,0.17890129930538887,0.0010077375581910289,0.08,0.03,Optimization terminated successfully,b1,expanded
100000.0,1e+26,4096,exponential,1.0,True,0.0,3665.5857912611355,3999.9999999999995,0.9898093689730125,1.7936379757522183,1.8332413131925502,0.010174608765457664,0.03792723352971346,-0.020939312054628238,0.009088599378551885,0.47145105430497697,0.99,0.3029533126183962,87974.05899026724,14.549488928122226,12011.391520804487,99999.99999999985,0.8797405899026737,0.00014549488928122247,0.12011391520804504,0.916396447815284,stackexchange,0.17891714220304925,0.0011290286020220466,0.08,0.03,Optimization terminated successfully,b1,expanded
100000.0,1e+26,8192,exponential,1.0,True,0.0,3272.4606991531127,3999.9999999999995,0.9897576858939864,1.7805382411429447,1.8340963378860713,0.010174608765457664,0.051879883005803235,-0.020939420462689675,0.009086597959908469,0.4714508890123159,0.99,0.3028865986636156,78539.0567796747,14.544782355461018,21446.39843796984,100000.0,0.7853905677967471,0.0001454478235546102,0.2144639843796984,0.8181151747882782,stackexchange,0.17893253082548494,0.0010584788666878633,0.08,0.03,Optimization terminated successfully,b1,expanded
100000.0,1e+26,32768,exponential,1.0,True,0.0,1991.1708560810962,3999.9999999999995,0.9898167850594711,1.776595252234327,1.838254750725263,0.010174608765457664,0.05997987224232584,-0.020936075947944097,0.009081840933876274,0.4714501345433811,0.99,0.30272803112920915,47788.100545946305,14.550164401397083,52197.34928965229,100000.0,0.47788100545946305,0.00014550164401397084,0.5219734928965228,0.4977927140202741,stackexchange,0.17890078661713746,0.0010077395467351406,0.08,0.03,Optimization terminated successfully,b1,expanded
100000.0,1e+26,131072,exponential,1.0,True,0.0,775.9375660784276,3999.9999999999995,0.9897873689209348,1.786683750063798,1.848360105218907,0.010174608765457664,0.05999999999999924,-0.020939624885754054,0.009088660965186575,0.47145048130163375,0.99,0.30295536550621915,18622.50158588226,14.547485292382063,81362.95092882532,99999.99999999996,0.18622501585882267,0.0001454748529238207,0.8136295092882535,0.19398439151960692,stackexchange,0.1789136954108158,0.0011223779397176714,0.08,0.03,Optimization terminated successfully,b1,expanded
1000000.0,1e+27,2048,exponential,1.0,True,0.0,5000.000000000004,3999.9999999999995,0.9898769802165928,1.805778501577819,1.8310632858806075,0.010174608765457664,0.023608160417241994,-0.020947852362278523,0.009096619711274337,0.4714506852603313,0.99,0.3032206570424779,120000.00000000007,14.555648219372618,8192.000000000005,128206.55564821945,0.935989578639512,0.00011353279203062943,0.06389688856845736,1.250000000000001,stackexchange,0.17891229431304262,0.0011124500570208994,0.08,0.03,Optimization terminated successfully,b1,expanded
1000000.0,1e+27,4096,exponential,1.0,True,0.0,5000.000000000004,3999.9999999999995,0.9898068475038124,1.791458787801482,1.8310632858806075,0.010174608765457664,0.03792723352971346,-0.0209424816305253,0.009090608315655538,0.471451492604758,0.99,0.30302027718851793,120000.00000000007,14.549259274073316,16384.00000000001,136398.54925927415,0.8797747531163049,0.00010666725821560795,0.1201185796254795,1.250000000000001,stackexchange,0.1789070381238669,0.0010921769808181195,0.08,0.03,Optimization terminated successfully,b1,expanded
1000000.0,1e+27,8192,exponential,1.0,True,0.0,5000.000000000004,3999.9999999999995,0.99,1.7775037766261312,1.8310632858806075,0.010174608765457664,0.051879883005803235,-0.020936271233532044,0.009082036219401225,0.47145013497746124,0.99,0.3027345406467075,120000.00000000007,14.566861563531754,32768.00000000002,152782.56686156362,0.7854299247945752,9.534374151948106e-05,0.21447473146390533,1.250000000000001,stackexchange,0.1789001738112473,0.001007738801153347,0.08,0.03,Optimization terminated successfully,b1,expanded
1000000.0,1e+27,32768,exponential,1.0,True,0.0,5000.000000000004,3999.9999999999927,0.989896472614546,1.7694037873798465,1.8310632858806077,0.010174608765457664,0.05997987224232584,-0.02093639170656125,0.009082156682668218,0.4714502169633679,0.99,0.3027385560889406,119999.99999999987,14.557424414069954,131071.99999999987,251086.5574244138,0.4779228375701644,5.797771319737923e-05,0.5220191847166382,1.250000000000003,stackexchange,0.17890132168828293,0.0010077383286501089,0.08,0.03,Optimization terminated successfully,b1,expanded
1000000.0,1e+27,131072,exponential,1.0,True,0.0,5000.000000000004,3999.9999999999995,0.98996373022848,1.7693867408955788,1.8310632858806075,0.010174608765457664,0.05999999999999924,-0.02094523676393426,0.009094083013446948,0.4714547626196205,0.99,0.3031361004482316,120000.00000000007,14.563554686622998,524288.0000000003,644302.5635546871,0.18624790088983514,2.2603595748982105e-05,0.8137294955144159,1.250000000000001,stackexchange,0.17894613729272835,0.001112793683550855,0.08,0.03,Optimization terminated successfully,b1,expanded
0.01,1e+19,2048,power,1.0,True,0.0,0.5689716042300466,1.2165064879334262,0.9896661289029413,3.2674262102544804,3.292679285434712,0.010174620934419799,0.023608160417241994,-0.02101788768772466,0.009198351990314973,0.47495972663561176,0.9899999889938068,0.3066117330104991,0.004152945887974447,0.005563546339406335,0.0002835077726190556,0.009999999999999837,0.4152945887974515,0.5563546339406426,0.028350777261906022,0.4677094695948582,stackexchange,0.17688347211749822,0.0011475146244612248,0.08,0.03,Optimization terminated successfully,b1,expanded
0.01,1e+19,4096,power,1.0,True,2.166669621495032e-15,0.5459666746207427,1.2053381240745897,0.9896656821160015,3.2622068847655203,3.3017730928486064,0.010174608968028607,0.03792723352971346,-0.021027142954858653,0.009213559433457799,0.4749807756824679,0.9899999998167851,0.30711864778192666,0.003948446684367647,0.005512458728328858,0.0005390945873056628,0.010000000000002167,0.39484466843667915,0.5512458728327664,0.0539094587305546,0.4529572770627445,stackexchange,0.17646309089421888,0.0011545453601778514,0.08,0.03,Optimization terminated successfully,b1,expanded
0.01,1e+19,8192,power,1.0,True,0.0,0.5063337276640351,1.1846533085210271,0.989683085940838,3.2652387677422645,3.318775241817442,0.010174616719515453,0.051879883005803235,-0.021004951105589923,0.009173743316699843,0.47418053730711557,0.9899999928059684,0.3057914438899948,0.003598979554157903,0.005418259095585483,0.0009827613502553848,0.00999999999999877,0.3598979554158346,0.541825909558615,0.09827613502555056,0.4274108923024612,stackexchange,0.17730874833724433,0.0011486625435456225,0.08,0.03,Optimization terminated successfully,b1,expanded
0.01,1e+19,32768,power,1.0,True,0.0,0.36509124058746883,1.092096446470396,0.9896718604833251,3.3368579831452205,3.3984841743111787,0.010174608765457664,0.05997987224232584,-0.02095411902048899,0.009133191331398702,0.47469681977150857,0.99,0.30443971104662343,0.0023922890788982587,0.004994693303190076,0.0026130176179112717,0.009999999999999606,0.23922890788983528,0.49946933031902724,0.26130176179113745,0.3343031119343227,stackexchange,0.17747553860373683,0.0011873216619231828,0.08,0.03,Optimization terminated successfully,b1,expanded
0.01,1e+19,131072,power,1.0,True,0.0,0.19938521605895954,0.9093638751704151,0.9896786674757375,3.5143195487072516,3.5759608542920764,0.01017461056991253,0.05999999999999924,-0.021011687244168627,0.009195771089430333,0.474383880310757,0.9899999983679644,0.3065257029810111,0.0010878822763623955,0.0041590875327205705,0.004753030190912397,0.009999999999995363,0.10878822763629,0.4159087532722499,0.4753030190914601,0.21925790269774537,stackexchange,0.1779485229702618,0.0011745165882596326,0.08,0.03,Optimization terminated successfully,b1,expanded
0.1,1e+20,2048,power,1.0,True,9.30228116757803e-14,1.112986782251709,8.541375161602197,0.9896938086575758,2.6863376611822907,2.7116010745697388,0.010174616942682877,0.023608160417241994,-0.02103738953644818,0.009207519623559337,0.47368769592105164,0.9899999926041251,0.30691732078531125,0.0570386259426978,0.03906753719304039,0.0038938368643548367,0.10000000000009303,0.5703862594264474,0.3906753719300404,0.03893836864351214,0.13030533856598966,stackexchange,0.17800875483866202,0.0011295562101100907,0.08,0.03,Optimization terminated successfully,b1,expanded
0.1,1e+20,4096,power,1.0,True,8.604228440844963e-16,1.0709691787640572,8.419553422056829,0.989696125778278,2.679250437966151,2.7188376615841032,0.01017460900613483,0.03792723352971346,-0.020996903215400865,0.009162304121027384,0.4735815375950813,0.98999999978232,0.3054101373675795,0.054102493283881864,0.03851071296642634,0.007386793749692671,0.10000000000000087,0.5410249328388139,0.38510712966426003,0.07386793749692606,0.12720023558000396,stackexchange,0.1771037269327625,0.0011487155292866035,0.08,0.03,Optimization terminated successfully,b1,expanded
0.1,1e+20,8192,power,1.0,True,3.58046925441613e-15,0.998240771066363,8.197093311332145,0.9897230774011235,2.6792429304167147,2.732345276184231,0.010174612929025616,0.051879883005803235,-0.020218640584855004,0.008821564894116332,0.472342632933115,0.9899999962342693,0.29405216313721105,0.049096036485642765,0.037497472484681306,0.013406491029679517,0.10000000000000359,0.49096036485641004,0.3749747248467996,0.13406491029679035,0.12177984721563877,stackexchange,0.17777599247991635,0.0014602817915742884,0.08,0.03,Optimization terminated successfully,b1,expanded
0.1,1e+20,32768,power,1.0,True,0.0,0.736899419567922,7.233535004720241,0.9896856721939044,2.7343154658800226,2.795369143173675,0.010174611093544552,0.05997987224232584,-0.019261403242319185,0.008012987097448063,0.4740619105354654,0.9899999978943664,0.26709956991493544,0.03198232647841555,0.03308444438440977,0.03493322913482402,0.09999999999764934,0.31982326479167345,0.3308444438518747,0.34933229135645183,0.1018726554979078,stackexchange,0.1842922139945093,0.001797918226829295,0.08,0.03,Optimization terminated successfully,b1,expanded
0.1,1e+20,131072,power,1.0,True,0.0,0.42270825583893046,5.4970853617315925,0.9897066552092522,2.8736509237324417,2.9339715234392174,0.010174610597966146,0.05999999999999924,-0.018156803432512938,0.007661593127770247,0.473097521017111,0.9899999983425913,0.2553864375923416,0.013941980192731667,0.02514457887943263,0.06091344092739084,0.09999999999955514,0.1394198019279369,0.2514457887954449,0.6091344092766182,0.07689679676099782,stackexchange,0.18691014718459764,0.001441295483658598,0.08,0.03,Optimization terminated successfully,b1,expanded
1.0,1e+21,2048,power,1.0,True,0.0,2.3967900664633124,50.15757650702433,0.9897343084896252,2.3421014260785014,2.3673803754915697,0.010174610587973318,0.023608160417241994,-0.02098176247124436,0.00913636288744486,0.47182653532014224,0.9899999983516293,0.30454542958149533,0.7213030867794572,0.22945595582973155,0.04924095739081095,0.9999999999999997,0.7213030867794574,0.22945595582973163,0.04924095739081096,0.047785204816019236,stackexchange,0.1784136396223643,0.001024103263685086,0.08,0.03,Optimization terminated successfully,b1,expanded
1.0,1e+21,4096,power,1.0,True,4.263256414560601e-14,2.3145197348802364,49.123727969097786,0.989676874318961,2.33379374939621,2.3729457681058257,0.010174608765457664,0.03792723352971346,-0.01996120996173715,0.008561816016377372,0.4744663962279664,0.99,0.2853938672125791,0.6821870270121904,0.22467170423312136,0.09314126875473105,1.0000000000000426,0.6821870270121613,0.22467170423311178,0.09314126875472709,0.04711612555822777,stackexchange,0.17635677852929518,0.0010160581560945895,0.08,0.03,Optimization terminated successfully,b1,expanded
1.0,1e+21,8192,power,1.0,True,0.0,2.17082910149273,47.26708562272332,0.9897347311360541,2.329778977729794,2.3833296384330787,0.010174612918293212,0.051879883005803235,-0.020923974931011245,0.009078584315236586,0.4718070104176141,0.9899999962439762,0.30261947717455284,0.6156525900753385,0.21623320932778772,0.16811420059657242,0.9999999999996986,0.615652590075524,0.2162332093278529,0.1681142005966231,0.045926865870679345,stackexchange,0.17811937898366678,0.0011897261761500684,0.08,0.03,Optimization terminated successfully,b1,expanded
1.0,1e+21,32768,power,1.0,True,3.885780586188048e-14,1.6483686731968061,39.57604777689093,0.9897418280588461,2.3698482789578064,2.43150061490525,0.010174608765457664,0.05997987224232584,-0.02087901758759602,0.009031945117020204,0.47148101476323834,0.99,0.3010648372340068,0.39141550418620263,0.18105438777471994,0.4275301080391163,1.0000000000000389,0.3914155041861874,0.18105438777471292,0.4275301080390997,0.041650664121123136,stackexchange,0.17895902963983035,0.0011412678930274118,0.08,0.03,Optimization terminated successfully,b1,expanded
1.0,1e+21,131072,power,1.0,True,0.0,0.9981156207014774,27.227499185990627,0.9896918425092073,2.4751517138508796,2.535932095938643,0.010174608765457664,0.05999999999999924,-0.018570013849215864,0.007615022995993935,0.4737784580778437,0.99,0.2538340998664645,0.16305715350104405,0.12453527118385312,0.7124075741229615,0.9999999988078587,0.16305715369543122,0.12453527133231675,0.712407574972252,0.036658365642887915,stackexchange,0.18929509059266775,0.0017986778728750468,0.08,0.03,Optimization terminated successfully,b1,expanded
10.0,1e+22,2048,power,1.0,True,0.0,5.737256033125998,241.847841640737,0.9897391496042786,2.126906868191201,2.1521909097279797,0.010174608765457664,0.023608160417241994,-0.02095805236743093,0.009107562482436693,0.47160413346596997,0.99,0.3035854160812231,8.325257931310915,1.1064044605782564,0.5683376081108252,9.999999999999996,0.8325257931310918,0.11064044605782568,0.056833760811082545,0.023722585218058905,stackexchange,0.1784375194509258,0.0011059970286038123,0.08,0.03,Optimization terminated successfully,b1,expanded
10.0,1e+22,4096,power,1.0,True,1.4210854715202004e-14,5.558559194756384,235.4073804426864,0.9897303417419773,2.116730038005396,2.1563291952797137,0.010174608765457664,0.03792723352971346,-0.02100324537796174,0.009156712867900178,0.47307515304189707,0.99,0.30522376226333925,7.851155154439252,1.0769004618079894,1.0719443837527727,10.000000000000014,0.7851155154439241,0.10769004618079879,0.10719443837527712,0.023612510297270406,stackexchange,0.17767873144324242,0.001041492392343956,0.08,0.03,Optimization terminated successfully,b1,expanded
10.0,1e+22,8192,power,1.0,True,0.0,5.233973912151968,224.4476266696821,0.9897309879866949,2.110610884637785,2.164025406100444,0.01017461302355393,0.051879883005803235,-0.02092363908890942,0.009214387608500019,0.4719790466308327,0.9899999961487733,0.3071462536166673,7.048518135801243,1.0267665119159566,1.924715352282793,9.999999999999991,0.7048518135801249,0.10267665119159575,0.19247153522827945,0.023319355120002085,stackexchange,0.17868597210846862,0.001474949726609652,0.08,0.03,Optimization terminated successfully,b1,expanded
10.0,1e+22,32768,power,1.0,True,0.0,4.082852371711844,179.11753268849853,0.9897377406757595,2.137903261307167,2.1995596237053108,0.010174608770081712,0.05997987224232584,-0.020932995168527084,0.009081896242627495,0.47166886446342365,0.9899999999958178,0.30272987475424984,4.38786265891446,0.8194212208419053,4.792716120243635,10.0,0.438786265891446,0.08194212208419052,0.4792716120243635,0.022794264248895673,stackexchange,0.17882676187269034,0.0011138464153589251,0.08,0.03,Optimization terminated successfully,b1,expanded
10.0,1e+22,131072,power,1.0,True,0.0,2.5709773555140902,114.42010059645288,0.9897361958511164,2.2140486093240446,2.2757251294577894,0.010174608765457664,0.05999999999999924,-0.02095290462875849,0.009101775729554942,0.4717399439620509,0.99,0.30339252431849806,1.7650289258947478,0.5234420282385559,7.711529045829213,9.999999999962517,0.17650289259013635,0.05234420282405179,0.7711529045858118,0.02246963026698993,stackexchange,0.17887910273276353,0.0011011569464203588,0.08,0.03,Optimization terminated successfully,b1,expanded
1000.0,1e+24,2048,power,1.0,True,4.547473508864641e-13,40.86123145286883,3752.640816699218,0.9897423785687877,1.8886946955559165,1.9139770380204326,0.01017460902523078,0.023608160417241994,-0.02097370252701636,0.009124911454511352,0.4714556890485695,0.9899999997650487,0.3041637151503784,920.0251498237767,17.167799948253876,62.807050227969825,1000.0000000000005,0.9200251498237763,0.01716779994825387,0.0628070502279698,0.010888660399107934,stackexchange,0.1789140548193017,0.0011832872664133548,0.08,0.03,Optimization terminated successfully,b1,expanded
1000.0,1e+24,4096,power,1.0,True,0.0,39.71978607986578,3630.660310338117,0.9897407307293019,1.8764955341444853,1.9160990664197497,0.010174608822607178,0.03792723352971346,-0.02093953050065466,0.009088622932496458,0.47153143486796917,0.9899999999483112,0.30295409774988197,865.2543051317347,16.6096404074203,118.13605446065286,999.9999999998079,0.8652543051319009,0.016609640407423493,0.11813605446067556,0.01094009978481483,stackexchange,0.17888740996242258,0.0011228699657793437,0.08,0.03,Optimization terminated successfully,b1,expanded
1000.0,1e+24,8192,power,1.0,True,0.0,37.69227736374961,3418.9861187708857,0.9897846642031861,1.8664829403807608,1.9200393546738042,0.010174608765457664,0.051879883005803235,-0.020942260184061152,0.00909112013136313,0.4714670430315779,0.99,0.30303733771210434,773.216238549132,15.644180577642954,211.13958087314964,999.9999999999245,0.7732162385491903,0.015644180577644134,0.2111395808731656,0.011024401987715546,stackexchange,0.17887767145449185,0.0011139257143852697,0.08,0.03,Optimization terminated successfully,b1,expanded
1000.0,1e+24,32768,power,1.0,True,0.0,29.989400329393334,2624.320029972546,0.9898090380534824,1.8764858447649615,1.9381438060329321,0.010174608765457664,0.05997987224232584,-0.020949998007721318,0.00909730021661884,0.47164540717773196,0.99,0.30324334055396135,472.21070382775315,12.009284737960666,515.7800114342605,999.9999999999743,0.4722107038277653,0.012009284737960974,0.5157800114342738,0.011427493593343135,stackexchange,0.17879436355301156,0.001059652576382996,0.08,0.03,Optimization terminated successfully,b1,expanded
1000.0,1e+24,131072,power,1.0,True,0.0,19.486415002820667,1581.4825891452695,0.9897440567408329,1.9149079911140527,1.976587509991918,0.010174608765457664,0.05999999999999924,-0.020948272671911045,0.009094145028587389,0.47137858645060177,0.99,0.3031381676195796,184.9045563109203,7.235110196248116,807.8603334928316,1000.0,0.1849045563109203,0.007235110196248116,0.8078603334928316,0.012321612097767276,stackexchange,0.1788931360217997,0.0010077194656720042,0.08,0.03,Optimization terminated successfully,b1,expanded
10000.0,1e+25,2048,power,1.0,True,0.0,389.3259725236751,3999.9999999999995,0.9898139624941518,1.8328161109965728,1.8581002152710435,0.010174608765457664,0.023608160417241994,-0.020942327469502673,0.0090917748468162,0.4714517216232537,0.99,0.30305916156053997,9343.8233405682,18.30498604901006,637.8716733827891,10000.0,0.93438233405682,0.001830498604901006,0.06378716733827891,0.09733149313091878,stackexchange,0.17891642531694854,0.0011332758836337504,0.08,0.03,Optimization terminated successfully,b1,expanded
10000.0,1e+25,4096,power,1.0,True,0.0,365.94103981914725,3999.9999999946067,0.9897425314586568,1.8194884195796217,1.859092037461971,0.010174608765457664,0.03792723352971346,-0.020947261218191685,0.009096268100098049,0.4714486867887806,0.99,0.303208936669935,8782.584955647691,18.299445017118344,1199.1155992777649,9999.999999942575,0.8782584955698126,0.001829944501722343,0.11991155992846508,0.09148525995491016,stackexchange,0.17885875339642598,0.0011115025698653544,0.08,0.03,Optimization terminated successfully,b1,expanded
10000.0,1e+25,8192,power,1.0,True,0.0,326.69457198844924,3999.9999999999995,0.9898106013694441,1.8074073918710603,1.8609635251465766,0.010174608765457664,0.051879883005803235,-0.020941844434400617,0.009090985399229605,0.47145065818066895,0.99,0.30303284664098684,7840.66972772278,18.30472529371964,2141.0255469835006,10000.0,0.784066972772278,0.0018304725293719639,0.21410255469835007,0.08167364299711231,stackexchange,0.17891261557836124,0.0011241796990691206,0.08,0.03,Optimization terminated successfully,b1,expanded
10000.0,1e+25,32768,power,1.0,True,0.0,198.78162935025915,3999.9999999999995,0.9897464783649814,1.8084091536128355,1.8700654497041973,0.010174608765457664,0.05997987224232584,-0.020941754078995584,0.0090907214645019,0.47145053362338757,0.99,0.30302404881673,4770.759104406219,18.299751154341564,5210.941144439433,9999.999999999993,0.47707591044062225,0.0018299751154341576,0.5210941144439436,0.04969540733756479,stackexchange,0.178907859616823,0.0011188205568090134,0.08,0.03,Optimization terminated successfully,b1,expanded
10000.0,1e+25,131072,power,1.0,True,0.0,77.46299553143237,3999.9999999999927,0.9898052096244352,1.8305075318670545,1.892184062438923,0.010174608765457664,0.05999999999999924,-0.020941558482502644,0.009090419145175664,0.4714499572088905,0.99,0.30301397150585546,1859.1118927543735,18.30430700891638,8122.583800236708,9999.999999999998,0.18591118927543737,0.0018304307008916382,0.812258380023671,0.01936574888285813,stackexchange,0.17890343042662432,0.0011154798349189603,0.08,0.03,Optimization terminated successfully,b1,expanded
31622.7766,3.16227766e+25,2048,power,1.0,True,0.0,1232.7003526805713,3999.9999999999995,0.9899027849089346,1.8177083181568061,1.8429924811987266,0.010174608765457664,0.023608160417241994,-0.02094226750098038,0.00909165611084419,0.4714507225042749,0.99,0.3030552036948063,29584.80846433371,18.31187783444509,2019.656257831848,31622.7766,0.9355537889210433,0.0005790724219468157,0.0638671386570099,0.3081750881701429,stackexchange,0.17890461813012443,0.0011323000848886592,0.08,0.03,Optimization terminated successfully,b1,expanded
31622.7766,3.16227766e+25,4096,power,1.0,True,0.0,1158.6576715978995,3999.9999999999995,0.9897886626538527,1.8040559260415758,1.8436627858298569,0.010174608765457664,0.03792723352971346,-0.0209362744650746,0.009082039441049244,0.4714502713490686,0.99,0.3027346480349748,27807.784118349584,18.303023358407692,3796.6894582919963,31622.776599999987,0.8793593450092424,0.0005787924188291455,0.12006186257192855,0.2896644178994749,stackexchange,0.1789012979642378,0.0010077389375796545,0.08,0.03,Optimization terminated successfully,b1,expanded
31622.7766,3.16227766e+25,8192,power,1.0,True,0.0,1034.3945391727636,3999.9999999999995,0.9897446318492619,1.7913718089120583,1.8449275832732424,0.010174608765457664,0.051879883005803235,-0.020937756291433744,0.009087256170595035,0.47145043852792395,0.99,0.3029085390198345,24825.468940146326,18.29960793104149,6779.008051922624,31622.776599999994,0.7850502583680881,0.0005786844135325388,0.2143710572183793,0.25859863479319095,stackexchange,0.17890967402355587,0.001138157300074164,0.08,0.03,Optimization terminated successfully,b1,expanded
31622.7766,3.16227766e+25,32768,power,1.0,True,0.0,629.3907183046913,3999.9999999999995,0.9897408521018909,1.7894199306538574,1.851078928392296,0.010174608765457664,0.05997987224232584,-0.020921288767498485,0.009067554505928206,0.47179483073090933,0.99,0.30225181686427355,15105.377239312591,18.299314760899357,16499.1000459265,31622.77659999999,0.47767396994837563,0.0005786751426786274,0.5217473549089459,0.15734767957617285,stackexchange,0.1786526684995376,0.0010078723287643043,0.08,0.03,Optimization terminated successfully,b1,expanded
31622.7766,3.16227766e+25,131072,power,1.0,True,0.0,245.26663937780407,3999.9999999999995,0.9898281882674277,1.8043510555965752,1.8660273116537207,0.010174608765457664,0.05999999999999924,-0.020941899311108795,0.009091034488504634,0.47144936985413116,0.99,0.30303448295015445,5886.399345067297,18.306089710679718,25718.071165222023,31622.7766,0.1861442914872724,0.0005788893854020307,0.8132768191273255,0.061316659844451026,stackexchange,0.17891260811838122,0.0011239095003276398,0.08,0.03,Optimization terminated successfully,b1,expanded
100000.0,1e+26,2048,power,1.0,True,0.0,3899.6852565954196,3999.9999999999995,0.9898723647129518,1.807500659567691,1.8327884462356616,0.010174608765457664,0.023608160417241994,-0.02093640839368608,0.00908217337749986,0.47145013092836185,0.99,0.3027391125833287,93592.44615829007,18.30951730395904,6389.244324405936,99999.99999999997,0.935924461582901,0.00018309517303959045,0.06389244324405938,0.974921314148855,stackexchange,0.17890145402474256,0.001007737440550999,0.08,0.03,Optimization terminated successfully,b1,expanded
100000.0,1e+26,4096,power,1.0,True,0.0,3665.448082871941,3999.9999999999995,0.9898235920003392,1.79363644753722,1.8332415909182265,0.010174608765457664,0.03792723352971346,-0.020940542647941426,0.009088024031190528,0.471451096530886,0.99,0.3029341343730176,87970.75398892658,18.305733118617134,12010.940277954775,99999.99999999997,0.879707539889266,0.0001830573311861714,0.12010940277954778,0.9163620207179853,stackexchange,0.17891097434662334,0.0010694504673247182,0.08,0.03,Optimization terminated successfully,b1,expanded
100000.0,1e+26,8192,power,1.0,True,0.0,3272.3378259409346,3999.9999999999995,0.9897368111026937,1.7805478632690594,1.8340966263763079,0.010174608765457664,0.051879883005803235,-0.020868623057655068,0.009025134190751969,0.4717115906671074,0.99,0.30083780635839896,78536.10782258243,18.299001330886476,21445.59317608651,99999.99999999983,0.7853610782258257,0.00018299001330886509,0.21445593176086547,0.8180844564852338,stackexchange,0.17852832755769932,0.0012671659430058128,0.08,0.03,Optimization terminated successfully,b1,expanded
100000.0,1e+26,32768,power,1.0,True,0.0,1991.0958205098877,3999.9999999999995,0.989982062367225,1.7791168246919118,1.8382550935389972,0.010174608765457664,0.05997987224232584,-0.01977797221623336,0.010444966846016193,0.460439484779415,0.99,0.3481655615338731,47786.2996922373,18.318030587915793,52195.382277174394,99999.9999999996,0.4778629969223749,0.00018318030587915864,0.521953822771746,0.49777395512747197,pubmed_central,0.1975231059244334,0.001036182816327942,0.08,0.03,Optimization terminated successfully,b1,expanded
100000.0,1e+26,131072,power,1.0,True,0.0,775.9084046028187,3999.9999999999995,0.9898162440339938,1.7866809533936159,1.848360576218447,0.010174608765457664,0.05999999999999924,-0.02093912160579114,0.009084890015501588,0.4714492168843727,0.99,0.3028296671833863,18621.801710467644,18.305163051865698,81359.8931264805,100000.0,0.18621801710467645,0.00018305163051865697,0.813598931264805,0.19397710115070468,stackexchange,0.1789048905289966,0.0010078016955938685,0.08,0.03,Optimization terminated successfully,b1,expanded
1000000.0,1e+27,2048,power,1.0,True,0.0,5000.000000000004,3999.9999999999995,0.9898769802165928,1.805778501577819,1.8310632858806075,0.010174608765457664,0.023608160417241994,-0.020947852362278523,0.009096619711274337,0.4714506852603313,0.99,0.3032206570424779,120000.00000000007,18.309875441396404,8192.000000000005,128210.30987544147,0.9359621711903056,0.00014281125643627853,0.0638950175532582,1.250000000000001,stackexchange,0.17891229431304262,0.0011124500570208994,0.08,0.03,Optimization terminated successfully,b1,expanded
1000000.0,1e+27,4096,power,1.0,True,0.0,5000.000000000004,3999.9999999999995,0.9898075736736838,1.7914587876640524,1.8310632858806075,0.010174608765457664,0.03792723352971346,-0.020942429624483366,0.009090556172183854,0.47145146909099206,0.99,0.30301853907279513,120000.00000000007,18.30449040804526,16384.00000000001,136402.30449040813,0.8797505324291536,0.00013419487651935118,0.1201152726943271,1.250000000000001,stackexchange,0.17890688710681893,0.0010921711396613353,0.08,0.03,Optimization terminated successfully,b1,expanded
1000000.0,1e+27,8192,power,1.0,True,0.0,5000.000000000004,3999.9999999999995,0.9897473462143245,1.7775055239161046,1.8310632858806075,0.010174608765457664,0.051879883005803235,-0.020938786714598222,0.00908629899044066,0.47122741267935675,0.99,0.30287663301468865,120000.00000000007,18.299818468557678,32768.00000000002,152786.29981846866,0.7854107347489712,0.00011977394890968892,0.2144694913021191,1.250000000000001,stackexchange,0.17916841616449397,0.0010599275736931646,0.08,0.03,Optimization terminated successfully,b1,expanded
1000000.0,1e+27,32768,power,1.0,True,0.0,4999.999999999995,3999.9999999999927,0.9899008837616491,1.7694037873797095,1.8310632858806077,0.010174608765457664,0.05997987224232584,-0.02093630430796221,0.009082069283932124,0.4714502173032067,0.99,0.3027356427977375,119999.99999999967,18.31173030383515,131071.99999999964,251090.31173030313,0.47791569166114234,7.292886044724751e-05,0.5220113794784105,1.250000000000001,stackexchange,0.17890131843609353,0.0010077388873951207,0.08,0.03,Optimization terminated successfully,b1,expanded
1000000.0,1e+27,131072,power,1.0,True,0.0,5000.000000000004,3999.9999999999995,0.9897525356202638,1.7693836596227317,1.8310632858806075,0.010174608765457664,0.05999999999999924,-0.020936324874723793,0.009082089851389372,0.4714499288166258,0.99,0.30273632837964576,120000.00000000007,18.300220985425927,524288.0000000003,644306.3002209859,0.18624682074169094,2.8402983145049597e-05,0.8137247762751639,1.250000000000001,stackexchange,0.17889999732436201,0.0010077384206087917,0.08,0.03,Optimization terminated successfully,b1,expanded
0.01,1e+19,2048,logarithmic,1.0,True,0.0,0.37083331167985306,2.6956965742939043,0.9896487392189255,3.1011392660690236,3.1254631114815146,0.010174609979351755,0.023608160417241994,-0.01947148239315131,0.008581187418550606,0.47575945316899054,0.9899999989020959,0.28603958061835355,0.005997924527576661,0.003592617156645272,0.0004094583144159001,0.009999999998637833,0.5997924528393679,0.35926171571346466,0.04094583144716751,0.13756493042136506,stackexchange,0.1702947585583937,0.0013466458741095116,0.08,0.03,Optimization terminated successfully,b1,expanded
0.01,1e+19,4096,logarithmic,1.0,True,0.0,0.35730230221452014,2.6529408815912987,0.9897374224058832,3.09637851055711,3.135984703152437,0.010174608765457664,0.03792723352971346,-0.02094768161325923,0.009094113782188105,0.47168352420266746,0.99,0.30313712607293686,0.0056874113077895385,0.0035360674683083348,0.0007765212238901984,0.009999999999988072,0.5687411307796322,0.35360674683125526,0.07765212238911247,0.13468159230152218,stackexchange,0.17881429562649903,0.0010272120799953725,0.08,0.03,Optimization terminated successfully,b1,expanded
0.01,1e+19,8192,logarithmic,1.0,True,0.0,0.33342537551028084,2.5775117333261677,0.9897311451012138,3.102035599411346,3.1555859915405877,0.010174608765457664,0.051879883005803235,-0.020947411322671364,0.009102293433775391,0.4719720160791619,0.99,0.3034097811258464,0.005156446905398593,0.003435499325890578,0.0014080537683008425,0.009999999999590014,0.515644690561,0.34354993260314287,0.14080537683585706,0.12935940162724682,stackexchange,0.1780478156651256,0.001140301729029765,0.08,0.03,Optimization terminated successfully,b1,expanded
0.01,1e+19,32768,logarithmic,1.0,True,0.0,0.24738779047933446,2.2530225386983043,0.9897312929915676,3.185367311007542,3.2470206678196227,0.010174608765457664,0.05997987224232584,-0.020950890030574425,0.009102796695361478,0.4719652944091098,0.99,0.3034265565120493,0.003344221606492286,0.003002996606787556,0.0036527817867179745,0.009999999999997816,0.33442216064930164,0.3002996606788212,0.36527817867187723,0.10980262568623218,stackexchange,0.1786087836298045,0.0011866142340094964,0.08,0.03,Optimization terminated successfully,b1,expanded
0.01,1e+19,131072,logarithmic,1.0,True,0.0,0.14333931184869306,1.6805451297933938,0.9897234302679927,3.385904238144383,3.44753717600231,0.010174608765457664,0.05999999999999924,-0.02073217677836363,0.00892463015497779,0.4723265990987035,0.99,0.297487671832593,0.0014453290946115458,0.0022399317347597293,0.006314739169630819,0.009999999999002094,0.14453290947557762,0.22399317349832534,0.631473917026097,0.0852933428014011,stackexchange,0.17911846731888437,0.0015404785641655737,0.08,0.03,Optimization terminated successfully,b1,expanded
0.1,1e+20,2048,logarithmic,1.0,True,0.0,0.8151028126743434,15.250010100640948,0.9897395080441918,2.622575208987235,2.647827107435689,0.010174608765457664,0.023608160417241994,-0.020891508888292273,0.009073162091622474,0.4715876753523078,0.99,0.3024387363874158,0.07458195675806749,0.020326581660479296,0.005091461581350741,0.09999999999989752,0.7458195675814392,0.20326581660500126,0.05091461581355959,0.0534493293640563,stackexchange,0.17959712846739306,0.0011654868054191865,0.08,0.03,Optimization terminated successfully,b1,expanded
0.1,1e+20,4096,logarithmic,1.0,True,0.0,0.7875204444891701,14.91837868450844,0.9897352295223878,2.6162609214940638,2.6558655436423075,0.010174608765457664,0.03792723352971346,-0.020940804860966514,0.00908880747697864,0.47178458960762276,0.99,0.3029602492326213,0.07049116927609109,0.019884436410856902,0.00962439431182897,0.09999999999877697,0.7049116927695321,0.19884436411100095,0.0962439431194668,0.05278860800784927,stackexchange,0.17864034691122344,0.001078578450959447,0.08,0.03,Optimization terminated successfully,b1,expanded
0.1,1e+20,8192,logarithmic,1.0,True,0.0,0.7396508619993493,14.32127883014241,0.9897274050398152,2.617276972838967,2.670832416735234,0.010174608765457664,0.051879883005803235,-0.020933954301416837,0.009083784645495377,0.47214405367292495,0.99,0.3027928215165126,0.06355647738988719,0.019088367183966448,0.017355155425931863,0.09999999999978551,0.6355647739002351,0.1908836718400739,0.17355155425969088,0.05164698423737025,stackexchange,0.17845800762986544,0.001104405729157443,0.08,0.03,Optimization terminated successfully,b1,expanded
0.1,1e+20,32768,logarithmic,1.0,True,4.135580766728708e-15,0.564543326001002,11.876258959860975,0.9898589122589151,2.6785795520406412,2.740236401743117,0.010174608765457664,0.05997987224232584,-0.020940743478074335,0.009089157252466633,0.47144702488602885,0.99,0.30297190841555444,0.04022797640189469,0.015832345906866604,0.043939677691242844,0.10000000000000414,0.40227976401893023,0.1583234590686595,0.43939677691241025,0.04753545101273294,stackexchange,0.1789065198235361,0.0010997977469335437,0.08,0.03,Optimization terminated successfully,b1,expanded
0.1,1e+20,131072,logarithmic,1.0,True,0.0,0.34445988085747176,8.04522546660393,0.9898889963311835,2.8293869622444396,2.8903279269995985,0.010174608765457664,0.05999999999999924,-0.020383589502353257,0.009268015981735728,0.46471705000448604,0.99,0.3089338660578576,0.016627544434187323,0.01072560540685042,0.0726468501359267,0.09999999997696445,0.1662754443801757,0.10725605409321123,0.726468501526613,0.04281544156684474,stackexchange,0.18305192919886934,0.0010165627796865913,0.08,0.03,Optimization terminated successfully,b1,expanded
1.0,1e+21,2048,logarithmic,1.0,True,2.220446049250313e-14,1.9886542718072577,71.02476785560559,0.989863383035027,2.3209009031938743,2.346149137380997,0.010174608765457664,0.023608160417241994,-0.020710398550008554,0.008895716014670181,0.4714173681097052,0.99,0.29652386715567275,0.8474622480010132,0.09468432920213989,0.05785342279686917,1.0000000000000222,0.8474622480009945,0.09468432920213779,0.057853422796867886,0.02799944768352107,stackexchange,0.17802184319739955,0.0013794110248283261,0.08,0.03,Optimization terminated successfully,b1,expanded
1.0,1e+21,4096,logarithmic,1.0,True,0.0,1.9231830854555012,69.21624763452579,0.9897477190093623,2.3139017314008843,2.3520817592934677,0.010174608765457664,0.03792723352971346,-0.017174975088702384,0.006747571960375031,0.4712102906545452,0.99,0.2249190653458344,0.7986931001365161,0.09225866783796417,0.10904823127197233,0.9999999992464526,0.7986931007383692,0.09225866790748545,0.10904823135414535,0.027785139344886956,stackexchange,0.18335485072118407,0.0024906602656066317,0.08,0.03,Optimization terminated successfully,b1,expanded
1.0,1e+21,8192,logarithmic,1.0,True,0.0,1.819313822772613,65.66142914541008,0.989796545578665,2.309555881651306,2.3631147465659335,0.010174608765457664,0.051879883005803235,-0.020941478664577264,0.009087887990295366,0.47150572388304574,0.99,0.30292959967651223,0.7167524740034945,0.08752631709527954,0.1957212089012209,0.999999999999995,0.7167524740034981,0.08752631709527998,0.19572120890122188,0.027707496569160318,stackexchange,0.17888922629394371,0.001031409482240271,0.08,0.03,Optimization terminated successfully,b1,expanded
1.0,1e+21,32768,logarithmic,1.0,True,0.0,1.4210339422010239,52.1594376805731,0.9897419111572123,2.352358879466085,2.414012922720926,0.010174608765457664,0.05997987224232584,-0.020972686873778436,0.009123907095805586,0.471478674682017,0.99,0.3041302365268529,0.4447219881012805,0.06952300821964078,0.48575500353675866,0.9999999998576798,0.4447219881645734,0.0695230082295353,0.4857550036058914,0.027244042600756243,stackexchange,0.17903945230147672,0.0011705770963741124,0.08,0.03,Optimization terminated successfully,b1,expanded
1.0,1e+21,131072,logarithmic,1.0,True,0.0,0.8997862846967396,32.98265292490968,0.9897411618651067,2.4612656799098764,2.5229401766352884,0.010174608765457664,0.05999999999999924,-0.02094696798850532,0.009097862497635018,0.4715116331517736,0.99,0.3032620832545006,0.1780640324084792,0.04396233906234049,0.7779736285281396,0.9999999999989593,0.17806403240866453,0.043962339062386245,0.7779736285289492,0.02728059161114929,stackexchange,0.17895100261381452,0.0011747945174345974,0.08,0.03,Optimization terminated successfully,b1,expanded
10.0,1e+22,2048,logarithmic,1.0,True,3.375077994860476e-14,5.246125151864993,286.0535708316287,0.9897576951976198,2.1210021456234145,2.145977408004638,0.010174608765457664,0.023608160417241994,-0.019708435360167177,0.008166724630728235,0.4707517507036814,0.99,0.2722241543576079,9.004036996323608,0.3812874113940673,0.6146755922823584,10.000000000000034,0.9004036996323578,0.0381287411394066,0.06146755922823563,0.01833965972392236,stackexchange,0.18270692642402458,0.0012160157389416535,0.08,0.03,Optimization terminated successfully,b1,expanded
10.0,1e+22,4096,logarithmic,1.0,True,0.0,5.08736598110193,277.58762318822306,0.98974228709768,2.110640300972743,2.1502441555765586,0.010174608765457664,0.03792723352971346,-0.0209452637744629,0.00909403393490318,0.4714605122273328,0.99,0.30313446449677267,8.473138985896243,0.369995104560126,1.1568659095410339,9.999999999997403,0.8473138985898444,0.03699951045602221,0.11568659095413343,0.018327063442783086,stackexchange,0.17887311105625484,0.0011068557805199066,0.08,0.03,Optimization terminated successfully,b1,expanded
10.0,1e+22,8192,logarithmic,1.0,True,0.0,4.820757085090441,262.08359902887076,0.989741419094469,2.104651038904085,2.1581696847734166,0.010174608765457664,0.051879883005803235,-0.02088714575659099,0.00907377412760484,0.4714999926669834,0.99,0.302459137586828,7.580648201426586,0.34932945358534595,2.0700223355362195,9.999999990548151,0.75806482085917,0.034932945391552686,0.20700223374927734,0.018393967050793564,stackexchange,0.17863489535396454,0.0011805934585521537,0.08,0.03,Optimization terminated successfully,b1,expanded
10.0,1e+22,32768,logarithmic,1.0,True,0.0,3.8163137932515596,203.08126453294423,0.9897422262655957,2.13297116963524,2.1946278197533156,0.010174608765457664,0.05997987224232584,-0.020941890659389006,0.009090504018181381,0.47146700849141404,0.99,0.303016800606046,4.650130985928263,0.2706859425082475,5.079183071563245,9.999999999999755,0.46501309859283774,0.027068594250825414,0.5079183071563369,0.01879205254127453,stackexchange,0.17888418031193518,0.0011074075783281683,0.08,0.03,Optimization terminated successfully,b1,expanded
10.0,1e+22,131072,logarithmic,1.0,True,6.235012506294879e-13,2.4626725757363217,123.96710000388883,0.98982386098879,2.2105335513414706,2.272209761939341,0.010174608765457664,0.05999999999999924,-0.020943070168065462,0.009092250804736184,0.4714682792054899,0.99,0.30307502682453946,1.8317422648388344,0.16525366392993174,8.003004071231857,10.000000000000624,0.18317422648387202,0.016525366392992142,0.8003004071231358,0.019865533481537183,stackexchange,0.17888150575328934,0.0011250921400752264,0.08,0.03,Optimization terminated successfully,b1,expanded
1000.0,1e+24,2048,logarithmic,1.0,True,0.0,40.29846522617641,3851.635928821817,0.9897429101296278,1.8882663551031253,1.9135511714083884,0.010174608765457664,0.023608160417241994,-0.020941741861082247,0.009090477207603396,0.47144901773828535,0.99,0.3030159069201132,931.290099249106,5.133829975487839,63.57607077540564,999.9999999999995,0.9312900992491064,0.005133829975487842,0.06357607077540567,0.010462688055385177,stackexchange,0.17889971881110533,0.0011113796764895788,0.08,0.03,Optimization terminated successfully,b1,expanded
1000.0,1e+24,4096,logarithmic,1.0,True,5.7980287238024175e-12,39.17899948353956,3724.3598730359004,0.9898452019401244,1.8760764234669756,1.9156832832445618,0.010174608765457664,0.03792723352971346,-0.020936331202325548,0.009082096188994835,0.4714503863212902,0.99,0.30273653963316116,875.5001612531341,4.9648833971103565,119.53495534976126,1000.0000000000058,0.875500161253129,0.004964883397110328,0.11953495534976057,0.01051965997356827,stackexchange,0.1788994073944504,0.0010077377712524858,0.08,0.03,Optimization terminated successfully,b1,expanded
1000.0,1e+24,8192,logarithmic,1.0,True,0.0,37.209944101810656,3501.920151608254,0.9899018072371442,1.8660847528257873,1.919641300326454,0.010174608765457664,0.051879883005803235,-0.020941509839832756,0.00909023657951147,0.47144868975563603,0.99,0.3030078859837157,781.8375185420846,4.668716394688629,213.49376506322525,999.9999999999985,0.7818375185420857,0.004668716394688636,0.21349376506322557,0.010625583248870486,stackexchange,0.17889736958326902,0.001111158946293849,0.08,0.03,Optimization terminated successfully,b1,expanded
1000.0,1e+24,32768,logarithmic,1.0,True,0.0,29.694531682008968,2673.037707571945,0.9897640964603239,1.8761588401234548,1.9378153717943458,0.010174608765457664,0.05997987224232584,-0.020941630027548674,0.009090361833525858,0.4714480479914553,0.99,0.3030120611175286,476.24761736819846,3.5629851010857148,520.1893975307042,999.9999999999884,0.476247617368204,0.003562985101085756,0.5201893975307103,0.011108908638996346,stackexchange,0.17889598944325766,0.0011112370838543375,0.08,0.03,Optimization terminated successfully,b1,expanded
1000.0,1e+24,131072,logarithmic,1.0,True,0.0,19.370517976405058,1599.123586720115,0.9897572424636881,1.914680504176993,1.9763601303389504,0.010174608765457664,0.05999999999999924,-0.020936165789272997,0.009081930861857095,0.47145094952402844,0.99,0.30273102872856983,185.85511309833194,2.1315074341816853,812.0133794674856,999.9999999999992,0.18585511309833208,0.002131507434181687,0.8120133794674863,0.012113208845937286,stackexchange,0.17889991807179212,0.0010077411051550647,0.08,0.03,Optimization terminated successfully,b1,expanded
10000.0,1e+25,2048,logarithmic,1.0,True,0.0,389.83196780815115,3999.9999999999995,0.9898100268299969,1.8327938277557,1.8580796419836116,0.010174608765457664,0.023608160417241994,-0.020938498006899682,0.009086235430772348,0.47145019518350223,0.99,0.3028745143590783,9355.967227395626,5.332076547499858,638.7006960568748,10000.0,0.9355967227395626,0.0005332076547499857,0.06387006960568747,0.0974579919520378,stackexchange,0.17890850341867504,0.0010782194230750284,0.08,0.03,Optimization terminated successfully,b1,expanded
10000.0,1e+25,4096,logarithmic,1.0,True,0.0,366.41643548501656,3999.9999999999995,0.989823098638026,1.8195593121604947,1.859071035470315,0.010174611109223596,0.03792723352971346,-0.02088056236073589,0.00912146147140528,0.4677455852523559,0.9899999978801856,0.30404871571350933,8793.994451640396,5.332172503523845,1200.673375797302,9999.999999941221,0.8793994451692085,0.0005332172503555187,0.12006733758043595,0.09160410887125416,stackexchange,0.1779812396217523,0.0011739426719088748,0.08,0.03,Optimization terminated successfully,b1,expanded
10000.0,1e+25,8192,logarithmic,1.0,True,0.0,327.11917473752686,3999.9999999999995,0.989742758994091,1.8073846206779225,1.8609416874660802,0.010174608765457664,0.051879883005803235,-0.02091645816200165,0.009064665614189418,0.471440092193648,0.99,0.3021555204729806,7850.860193700644,5.3315827373100655,2143.8082235598563,9999.99999999781,0.7850860193702364,0.0005331582737311233,0.2143808223560326,0.08177979368438172,stackexchange,0.1789096709396989,0.0010954901053450664,0.08,0.03,Optimization terminated successfully,b1,expanded
10000.0,1e+25,32768,logarithmic,1.0,True,0.0,199.03987864150682,3999.9999999999995,0.9897884210726745,1.8083851835743243,1.8700396045129615,0.010174608765457664,0.05997987224232584,-0.020936798119533508,0.009087640657764543,0.4714517789078616,0.99,0.30292135525881814,4776.957087396163,5.331917943919692,5217.710994659916,9999.999999999998,0.47769570873961636,0.0005331917943919693,0.5217710994659917,0.04975996966037671,stackexchange,0.17890015395290104,0.0011792902525552117,0.08,0.03,Optimization terminated successfully,b1,expanded
10000.0,1e+25,131072,logarithmic,1.0,True,0.0,77.56367016370837,3999.9999999999995,0.9897472236273847,1.8304718551995873,1.8921484435146094,0.010174608765457664,0.05999999999999924,-0.020941355371309117,0.009090158290828492,0.47144866034903504,0.99,0.30300527636094976,1861.5280839290008,5.331615512928794,8133.140300558066,9999.999999999996,0.18615280839290016,0.0005331615512928796,0.8133140300558069,0.019390917540927095,stackexchange,0.17890046255563705,0.0011137448505041084,0.08,0.03,Optimization terminated successfully,b1,expanded
31622.7766,3.16227766e+25,2048,logarithmic,1.0,True,0.0,1233.206570990239,3999.9999999999995,0.9899699377139541,1.81770421240714,1.84298808531842,0.010174608765457664,0.023608160417241994,-0.02094110978829757,0.009090788528801973,0.4714511856996548,0.99,0.3030262842933991,29596.957703765736,5.333250323839454,2020.4856459104076,31622.776599999983,0.9359379816055037,0.00016865218356061298,0.06389336621093572,0.3083016427475598,stackexchange,0.17891799897044483,0.0011411916777275403,0.08,0.03,Optimization terminated successfully,b1,expanded
31622.7766,3.16227766e+25,4096,logarithmic,1.0,True,0.0,1159.1331644482366,3999.9999999999995,0.9899494538943797,1.804055278504123,1.8436582994079271,0.010174608765457664,0.03792723352971346,-0.020942448503718115,0.009092052364169765,0.4714512005845954,0.99,0.3030684121389922,27819.195946757674,5.333099978320045,3798.2475532639814,31622.776599999976,0.8797202187096277,0.00016864742921783945,0.1201111338611545,0.2897832911120592,stackexchange,0.17892263321495633,0.001137725488434414,0.08,0.03,Optimization terminated successfully,b1,expanded
31622.7766,3.16227766e+25,8192,logarithmic,1.0,True,0.0,1034.8189664509594,3999.9999999999995,0.9897759792683709,1.7918516805375275,1.8449229212152063,0.010174610119456329,0.051879883005803235,-0.020051840358631372,0.008685872567299328,0.469911303918074,0.9899999987753786,0.28952908557664425,24835.655194823023,5.3318266096747235,6781.789578533007,31622.776599965706,0.7853723760250059,0.0001686071617658174,0.2144590168132283,0.2587047416127399,stackexchange,0.18258841353976643,0.001298275715465351,0.08,0.03,Optimization terminated successfully,b1,expanded
31622.7766,3.16227766e+25,32768,logarithmic,1.0,True,0.0,629.6489535489895,3999.9999999999995,0.9898250611492723,1.7894139103288624,1.8510734088007126,0.010174608765457664,0.05997987224232584,-0.020936570890638554,0.00908233589565653,0.47144896931403635,0.99,0.30274452985521766,15111.574885175747,5.332186909601177,16505.86952791463,31622.77659999998,0.47786995671897314,0.00016861855544971911,0.5219614247255772,0.1574122383872474,stackexchange,0.17890205569662818,0.0010077368148821474,0.08,0.03,Optimization terminated successfully,b1,expanded
31622.7766,3.16227766e+25,131072,logarithmic,1.0,True,0.0,245.36732754747587,3999.9999974897232,0.9897551402810688,1.804804797190352,1.8660197033345343,0.010174608765457664,0.05999999999999924,-0.019498916910815525,0.008109402001174739,0.47086929389380167,0.99,0.270313400039158,5888.815857443782,5.331673626729655,25728.629068895712,31622.776599966222,0.18622070831851217,0.00016860232402031864,0.8136106893574676,0.06134183192536521,stackexchange,0.1788161123707215,0.0013173282159826636,0.08,0.03,Optimization terminated successfully,b1,expanded
100000.0,1e+26,2048,logarithmic,1.0,True,0.0,3900.1914050753085,3999.9999999999995,0.9898922519640805,1.80749972014419,1.832787506818338,0.010174608765457664,0.023608160417241994,-0.0209362691475103,0.009082034125146677,0.4714503730755213,0.99,0.3027344708382226,93604.5937218074,5.3326801171519005,6390.073598075385,99999.99999999993,0.9360459372180746,5.3326801171519044e-05,0.0639007359807539,0.9750478512688272,stackexchange,0.17890063629569572,0.0010077387250611647,0.08,0.03,Optimization terminated successfully,b1,expanded
100000.0,1e+26,4096,logarithmic,1.0,True,0.0,3665.923711323762,3999.9999999999995,0.9898147152373318,1.7936372940229346,1.8332406317459045,0.010174608765457664,0.03792723352971346,-0.020939385725611954,0.009088672766897695,0.47145098938626373,0.99,0.3029557588965899,87982.16907177027,5.332110963753222,12012.498817265701,99999.99999999972,0.8798216907177052,5.332110963753237e-05,0.12012498817265735,0.9164809278309406,stackexchange,0.17891743966033077,0.0011291169286307048,0.08,0.03,Optimization terminated successfully,b1,expanded
100000.0,1e+26,8192,logarithmic,1.0,True,0.0,3272.7622385454397,3999.9999999999995,0.9897544248364946,1.7805361664594794,1.8340956299725166,0.010174608765457664,0.051879883005803235,-0.020939960909819165,0.009085771637127428,0.4714459508387402,0.99,0.3028590545709143,78546.29372509054,5.331668377924716,21448.37460653139,99999.99999999985,0.7854629372509065,5.3316683779247236e-05,0.2144837460653142,0.81819055963636,stackexchange,0.17888983711278045,0.0010077177143432673,0.08,0.03,Optimization terminated successfully,b1,expanded
100000.0,1e+26,32768,logarithmic,1.0,True,0.0,1991.3544063746824,3999.9999999999995,0.9899761490267975,1.7765944137178604,1.8382539122151251,0.010174608765457664,0.05997987224232584,-0.020936208984684436,0.009081973964288038,0.47145013642792266,0.99,0.302732465476268,47792.50575299237,5.333295912584102,52202.160950468475,99999.99999937342,0.4779250575329183,5.3332959126175194e-05,0.5220216095079556,0.49783860159367066,stackexchange,0.17890095460007707,0.0010077396113791232,0.08,0.03,Optimization terminated successfully,b1,expanded
100000.0,1e+26,131072,logarithmic,1.0,True,0.0,776.0090800090447,3999.9999999999995,0.9898502523260898,1.786683113668674,1.8483589502670421,0.010174608765457664,0.05999999999999924,-0.020942372603303484,0.009091927239476867,0.47145137698863493,0.99,0.30306424131589554,18624.21792021707,5.332371826513618,81370.44970795639,99999.99999999997,0.18624217920217076,5.3323718265136195e-05,0.8137044970795642,0.1940022700022612,stackexchange,0.17892164749795092,0.0011363097836611616,0.08,0.03,Optimization terminated successfully,b1,expanded
1000000.0,1e+27,2048,logarithmic,1.0,True,0.0,5000.000000000004,3999.9999999999995,0.9898769802165928,1.805778501577819,1.8310632858806075,0.010174608765457664,0.023608160417241994,-0.020947852362278523,0.009096619711274337,0.4714506852603313,0.99,0.3032206570424779,120000.00000000007,5.33256801906546,8192.000000000005,128197.33256801913,0.9360569178483514,4.1596559867859165e-05,0.0639014855917808,1.250000000000001,stackexchange,0.17891229431304262,0.0011124500570208994,0.08,0.03,Optimization terminated successfully,b1,expanded
1000000.0,1e+27,4096,logarithmic,1.0,True,0.0,5000.000000000004,3999.9999999999995,0.9898094057566869,1.7914587877749524,1.8310632858806075,0.010174608765457664,0.03792723352971346,-0.020942482167301435,0.009090608825901883,0.4714515171073101,0.99,0.30302029419672943,120000.00000000007,5.3320719883677405,16384.00000000001,136389.33207198844,0.8798342082697654,3.909449446935769e-05,0.12012669723576531,1.250000000000001,stackexchange,0.17890688101036,0.00109216926307015,0.08,0.03,Optimization terminated successfully,b1,expanded
1000000.0,1e+27,8192,logarithmic,1.0,True,0.0,5000.000000000004,3999.9999999999995,0.9897428133299201,1.7775041397942433,1.8310632858806075,0.010174608765457664,0.051879883005803235,-0.020946742743975923,0.009092870897956991,0.47143637877656963,0.99,0.3030956965985664,120000.00000000007,5.331583136199272,32768.00000000002,152773.33158313629,0.7854774047046189,3.489865070657261e-05,0.2144876966446746,1.250000000000001,stackexchange,0.17892898206724672,0.0010203484408630925,0.08,0.03,Optimization terminated successfully,b1,expanded
1000000.0,1e+27,32768,logarithmic,1.0,True,0.0,5000.000000000004,3999.9999999999995,0.989901408923599,1.7694037873811594,1.8310632858806075,0.010174608765457664,0.05997987224232584,-0.020936286924932573,0.0090820519023527,0.4714502776233103,0.99,0.3027350634117567,120000.00000000007,5.332747330556052,131072.0000000001,251077.3327473307,0.4779403966377201,2.1239461452789176e-05,0.5220383639008271,1.250000000000001,stackexchange,0.17890127533234174,0.001007738933731065,0.08,0.03,Optimization terminated successfully,b1,expanded
1000000.0,1e+27,131072,logarithmic,1.0,True,0.0,5000.000000000004,3999.9999999999995,0.9897540444257897,1.7693836596270356,1.8310632858806075,0.010174608765457664,0.05999999999999924,-0.02093641595113994,0.00908218093210951,0.4714500620425396,0.99,0.30273936440365035,120000.00000000007,5.331665585289882,524288.0000000003,644293.3316655857,0.1862505695810692,8.27521460063354e-06,0.8137411552043301,1.250000000000001,stackexchange,0.17890117291360721,0.0010077381249393156,0.08,0.03,Optimization terminated successfully,b1,expanded
