budget_1e21,N_params_B,D_tokens_B,Q_target,loss,train_cost_1e21,quality_cost_1e21,attention_cost_1e21,total_cost_1e21,train_cost_share,quality_cost_share,attention_cost_share,coefficient_source,bootstrap_draw,context_tokens_fixed
0.01,2.6712030873021213,0.4575154895511196,0.9899999999999999,1.3058108788085117,0.007332700729064953,0.0016661411998656547,0.0010011580728750016,0.010000000001805608,0.7332700727740954,0.16661411995648148,0.10011580726942318,b6_b8_lambda10,0,4096
10.0,68.52255281985326,18.97373413967863,0.9899999999999993,0.5518639581600316,7.800772198655892,0.06909693963898847,2.1301308617129693,10.00000000000785,0.7800772198649769,0.006909693963893423,0.2130130861711297,b6_b8_lambda10,0,8192
1000.0,735.364900791708,177.91527153469033,0.99,0.31013792275552066,784.9958760086241,0.647916782620999,214.35620720875497,1000.0000000000001,0.7849958760086241,0.0006479167826209989,0.21435620720875495,b6_b8_lambda10,0,8192
0.01,2.4118605233195503,0.49779291887670746,0.9899999999999999,1.296050947534449,0.007203642538960452,0.0018128201341458478,0.0009835373279860672,0.010000000001092366,0.7203642538173551,0.18128201339478214,0.09835373278786289,b6_b8_lambda10,1,4096
10.0,71.25511255386263,18.250947224198377,0.99,0.5271870235593438,7.8028397920491726,0.06646475540455549,2.130695452548894,10.000000000002622,0.7802839792047127,0.006646475540453806,0.21306954525483354,b6_b8_lambda10,1,8192
1000.0,847.2009895933278,154.44249780868438,0.99,0.28794719337910485,785.0630218726966,0.5624356212762905,214.37454250603767,1000.0000000000106,0.7850630218726883,0.0005624356212762846,0.2143745425060354,b6_b8_lambda10,1,8192
0.01,2.7089387815417636,0.4521917813810866,0.99,1.3751023347807039,0.007349759119666082,0.0016467537698862764,0.0010034871118050758,0.010000000001357435,0.73497591186684,0.16467537696627402,0.10034871116688589,b6_b8_lambda10,2,4096
10.0,74.12959220522102,17.547763488611867,0.99,0.5869415379982175,7.804851309146786,0.06390396037205154,2.1312447308176825,10.00000000033652,0.7804851308884136,0.006390396036990104,0.21312447307459617,b6_b8_lambda10,2,8192
1000.0,830.287757373001,157.5867363534592,0.99,0.33289592774435534,785.0540275118641,0.5738860431774043,214.37208644590635,1000.0000000009478,0.78505402751112,0.0005738860431768604,0.21437208644570316,b6_b8_lambda10,2,8192
0.01,2.6436326258219096,0.46148503601604235,0.9899999999999978,1.3044183150867432,0.007319981385243652,0.0016805971583217672,0.0009994214584652667,0.010000000002030685,0.7319981383757195,0.1680597157980491,0.09994214582623158,b6_b8_lambda10,3,4096
10.0,77.77960101845196,16.729306213238704,0.99,0.5504631611675658,7.807192575487295,0.06092337191554497,2.131884052613064,10.000000000015904,0.7807192575474878,0.0060923371915448075,0.21318840526096736,b6_b8_lambda10,3,8192
1000.0,914.376462463639,143.10215651720054,0.989999999999999,0.3106232580178047,785.0954618826948,0.5211373258572256,214.38340079143452,999.9999999999866,0.7850954618827054,0.0005211373258572325,0.2143834007914374,b6_b8_lambda10,3,8192
0.01,2.9473252516887,0.4212279378551643,0.99,1.3104454844988662,0.007448974427743706,0.0015339922643570342,0.0010170333085346075,0.010000000000635348,0.7448974427270436,0.15339922642595724,0.10170333084699905,b6_b8_lambda10,4,4096
10.0,78.19517281225922,16.640936356593347,0.99,0.5517688893169771,7.807445364969745,0.060601554048509455,2.131953080994405,10.000000000012658,0.7807445364959862,0.006060155404843275,0.21319530809917064,b6_b8_lambda10,4,8192
1000.0,845.4606606533513,154.76022905051414,0.99,0.3081469992874709,785.0621129754699,0.5635927080298263,214.37429431650165,1000.0000000000013,0.7850621129754689,0.0005635927080298257,0.21437429431650137,b6_b8_lambda10,4,8192
0.01,2.3264837684899913,0.5126503259845195,0.99,1.3296416133880375,0.007156035973884526,0.0018669265822789808,0.0009770374449677005,0.010000000001131206,0.715603597307503,0.18669265820677927,0.09770374448571774,b6_b8_lambda10,5,4096
10.0,62.57068410776507,20.76491170041155,0.99,0.5425046911058271,7.795648383192515,0.07561989852971396,2.1287317185037695,10.000000000225999,0.7795648383016335,0.007561989852800496,0.21287317184556603,b6_b8_lambda10,5,8192
1000.0,703.3497209948467,186.008160232257,0.9899999999999999,0.2974238724439018,784.9727256127363,0.6773887799476302,214.34988560731787,1000.0000000000018,0.7849727256127349,0.0006773887799476291,0.2143498856073175,b6_b8_lambda10,5,8192
0.01,2.2451588779151623,0.5276515028980499,0.99,1.3657675414125237,0.007107968737061008,0.001921556599126342,0.0009704746649000629,0.010000000001087412,0.710796873628808,0.19215565989173897,0.09704746647945324,b6_b8_lambda10,6,4096
10.0,69.11882024353743,18.811174694702263,0.989999999999999,0.5648682694987122,7.801237213757434,0.06850494440628452,2.130257841836697,10.000000000000416,0.7801237213757111,0.006850494440628167,0.21302578418366086,b6_b8_lambda10,6,8192
1000.0,855.3123823760909,152.97865152466312,0.99,0.3156232632988492,785.0672093294485,0.5571047097338835,214.37568596089474,1000.0000000000771,0.785067209329388,0.0005571047097338406,0.21437568596087822,b6_b8_lambda10,6,8192
0.01,2.567421912641384,0.4728248884616971,0.99,1.2923234763822842,0.007283645876872678,0.0017218936735034715,0.0009944604503890162,0.010000000000765166,0.7283645876315358,0.1721893673371718,0.09944604503129234,b6_b8_lambda10,7,4096
10.0,77.450370613298,16.799985011787516,0.9899999999999997,0.5259634534314651,7.806990392764769,0.06118076398402918,2.1318288432509664,9.999999999999766,0.7806990392764952,0.0061180763984030615,0.21318288432510163,b6_b8_lambda10,7,8192
1000.0,923.6237886339972,141.67015616508598,0.99,0.2878834449912812,785.0995582414005,0.5159223881351831,214.38451937045178,999.9999999999875,0.7850995582414103,0.0005159223881351895,0.21438451937045447,b6_b8_lambda10,7,8192
0.01,2.559791665858442,0.47399100642934355,0.9899999999999998,1.3169506617380664,0.0072799093676981326,0.001726140343253833,0.000993950292336385,0.01000000000328835,0.7279909365304243,0.17261403426862176,0.09939502920095394,b6_b8_lambda10,8,4096
10.0,67.09150830311471,19.37558336876978,0.9899999999999658,0.5623155725884521,7.799622674781054,0.07056036016136936,2.1298169650602135,10.000000000002638,0.7799622674778997,0.007056036016135075,0.21298169650596516,b6_b8_lambda10,8,8192
1000.0,736.8045293870506,177.567871004269,0.99,0.3193492374053126,784.9968697773655,0.6466516487625628,214.35647857387264,1000.0000000000008,0.7849968697773649,0.0006466516487625623,0.21435647857387247,b6_b8_lambda10,8,8192
0.01,2.6991646798947397,0.4535587750665294,0.99,1.3317644074026713,0.007345378955495395,0.0016517319718297933,0.0010028890733903048,0.010000000000715492,0.7345378954969839,0.16517319717116133,0.10028890733185489,b6_b8_lambda10,9,4096
10.0,77.34400793366358,16.822946637338834,0.9899999999999999,0.5531515780596727,7.806924709115602,0.06126438368919922,2.1318109072358338,10.000000000040636,0.7806924709083878,0.006126438368895026,0.2131810907227171,b6_b8_lambda10,9,8192
1000.0,888.9665944972678,147.19033916244442,0.9899999999999997,0.3067801175059336,785.0837672888163,0.5360253235171526,214.3802073876661,999.9999999999995,0.7850837672888166,0.0005360253235171528,0.2143802073876662,b6_b8_lambda10,9,8192
0.01,3.0781961634848853,0.4059668905179257,0.99,1.3442487913720178,0.007497874349365005,0.0014784158733880193,0.0010237097778333021,0.010000000000586326,0.7497874348925384,0.14784158733013358,0.10237097777732794,b6_b8_lambda10,10,4096
10.0,84.67072864388001,15.375375752160005,0.99,0.5757339695732759,7.811065608652995,0.055992742517249436,2.132941648869511,10.000000000039755,0.7811065608621942,0.0055992742517026834,0.21329416488610317,b6_b8_lambda10,10,8192
1000.0,935.563206182757,139.8631188565999,0.99,0.3254342854529595,785.1047274252037,0.5093416725569697,214.3859309022423,1000.000000000003,0.7851047274252013,0.0005093416725569682,0.21438593090224167,b6_b8_lambda10,10,8192
0.01,2.5634613512542748,0.47342945733659414,0.99,1.367818229752963,0.007281708698565862,0.0017240953412800326,0.0009941959609775257,0.01000000000082342,0.7281708697966272,0.17240953411380672,0.09941959608956616,b6_b8_lambda10,11,4096
10.0,72.98617599314154,17.820886197461004,0.989999999999956,0.5643123665786163,7.804070018169815,0.06489859554444927,2.131031386294904,10.00000000000917,0.7804070018162659,0.006489859554438975,0.213103138629295,b6_b8_lambda10,11,8192
1000.0,838.3267086372362,156.07645160305975,0.9899999999999622,0.31407827585522585,785.0583478090318,0.568386015957125,214.37326617505298,1000.000000000042,0.7850583478089989,0.0005683860159571011,0.21437326617504399,b6_b8_lambda10,11,8192
0.01,2.6322334837665644,0.46314646411531735,0.99,1.3249611655100637,0.007314657784394567,0.001686647606601764,0.000998694609496005,0.010000000000492336,0.7314657784034441,0.16866476065187241,0.09986946094468356,b6_b8_lambda10,12,4096
10.0,68.91068840078007,18.867599946119924,0.99,0.541553889569343,7.80107580454587,0.06871042911280704,2.1302137663613254,10.000000000020002,0.7801075804530266,0.006871042911266961,0.21302137663570647,b6_b8_lambda10,12,8192
1000.0,745.9127172610927,175.40101098044798,0.9899999999999999,0.29659492804871135,785.0030682646122,0.6387605612639248,214.35817117412344,999.9999999999995,0.7850030682646126,0.000638760561263925,0.21435817117412354,b6_b8_lambda10,12,8192
0.01,2.299045592984371,0.5176153002544543,0.99,1.3580276665493023,0.007140127049467712,0.0018850076054931402,0.0009748653464873249,0.010000000001448177,0.7140127048433695,0.18850076052201578,0.09748653463461472,b6_b8_lambda10,13,4096
10.0,66.86784368133758,19.439933473700666,0.99,0.5642671818648608,7.799438596170108,0.07079470492891615,2.1297666993275177,10.000000000426542,0.7799438595837429,0.007079470492589646,0.21297666992366743,b6_b8_lambda10,13,8192
1000.0,795.6893260574204,164.43487261650176,0.9899999999999988,0.31517681728354835,785.0344378353725,0.5988250064053856,214.36673715824574,1000.0000000000236,0.785034437835354,0.0005988250064053714,0.21436673715824067,b6_b8_lambda10,13,8192
0.01,2.0546088158617595,0.566491875565002,0.99,1.3233683028498702,0.006983515209899496,0.0020630021820552107,0.0009534826099916113,0.010000000001946318,0.6983515208540282,0.20630021816536848,0.09534826098060332,b6_b8_lambda10,14,4096
10.0,62.100789410555656,20.920835371269852,0.9899999999999871,0.5476743164521005,7.795202350104798,0.07618772816167554,2.1286099217352836,10.000000000001759,0.7795202350103427,0.007618772816166215,0.21286099217349094,b6_b8_lambda10,14,8192
1000.0,772.4512025296413,169.37861646689626,0.9899999999999908,0.3059522172956231,785.0202958359655,0.6168287144739192,214.36287544960763,1000.0000000000471,0.7850202958359286,0.0006168287144738901,0.21436287544959753,b6_b8_lambda10,14,8192
0.01,2.6509475983723334,0.46042514131717416,0.9899999999999977,1.2962056186285666,0.00732337753563003,0.0016767373234841821,0.00099988514619802,0.010000000005312232,0.7323377531739682,0.16767373225934604,0.0999885145666858,b6_b8_lambda10,15,4096
10.0,74.20301549917006,17.53051096528302,0.9899999999999958,0.5633205943648878,7.804900661191601,0.06384113159231165,2.1312582072160535,9.999999999999966,0.7804900661191627,0.006384113159231187,0.21312582072160607,b6_b8_lambda10,15,8192
1000.0,849.9113971549054,153.95024952380342,0.99,0.3244159620981253,785.0644299907325,0.5606429931211038,214.374927016136,999.9999999999895,0.7850644299907407,0.0005606429931211096,0.21437492701613825,b6_b8_lambda10,15,8192
0.01,2.6315108453036724,0.46325219224318154,0.99,1.2976856930005176,0.007314319007991805,0.0016870326383522562,0.000998648355224481,0.010000000001568542,0.7314319006844523,0.1687032638087638,0.09986483550678389,b6_b8_lambda10,16,4096
10.0,80.31834153982034,16.20363863461504,0.99,0.5440947939179281,7.808696292257033,0.059009040203983,2.132294667538987,10.000000000000004,0.780869629225703,0.005900904020398298,0.21322946675389864,b6_b8_lambda10,16,8192
1000.0,968.237764022712,135.14556230740698,0.9899999999999991,0.30441529077355634,785.118222396695,0.49216167426441043,214.38961592912418,1000.0000000000836,0.7851182223966294,0.0004921616742643693,0.21438961592910627,b6_b8_lambda10,16,8192
0.01,2.532568213731961,0.4781988075805193,0.9899999999999994,1.3352440441456372,0.007266426599537697,0.0017414639574678413,0.0009921094450568802,0.010000000002062418,0.7266426598039055,0.17414639571086787,0.09921094448522658,b6_b8_lambda10,17,4096
10.0,65.90152134108853,19.72293629322269,0.99,0.562760188941775,7.798629042220468,0.07182532065243277,2.1295456371290027,10.000000000001904,0.7798629042218983,0.007182532065241909,0.21295456371285973,b6_b8_lambda10,17,8192
1000.0,718.5752466091395,182.06954109810198,0.9899999999999828,0.3172544598463868,784.983992367489,0.6630454500278805,214.35296218248234,999.9999999999992,0.7849839923674896,0.0006630454500278811,0.2143529621824825,b6_b8_lambda10,17,8192
0.01,2.5737846686105685,0.47185685746168926,0.99,1.2810744491722637,0.007286747673081949,0.001718368380111891,0.000994883948964789,0.01000000000215863,0.7286747671509011,0.1718368379740959,0.09948839487500304,b6_b8_lambda10,18,4096
10.0,75.03943400514756,17.336342771724844,0.99,0.5375862366507175,7.80545609585678,0.06313402629341255,2.131409877908625,10.000000000058817,0.7805456095810871,0.006313402629304122,0.21314098778960888,b6_b8_lambda10,18,8192
1000.0,881.5119854994603,148.4343985987238,0.99,0.3004197941495174,785.0802085510759,0.5405558339134254,214.3792356150138,1000.0000000000032,0.7850802085510734,0.0005405558339134237,0.21437923561501313,b6_b8_lambda10,18,8192
0.01,2.928100787471091,0.4235669198191727,0.99,1.2822022709915109,0.0074414797888153455,0.0015425101709743612,0.0010160100404995886,0.010000000000289297,0.7441479788600066,0.15425101709297367,0.10160100404701958,b6_b8_lambda10,19,4096
10.0,79.87654171319556,16.292729738726887,0.99,0.522954835026939,7.80844143958344,0.05933348464901787,2.132225075768918,10.000000000001375,0.7808441439582366,0.005933348464900972,0.21322250757686248,b6_b8_lambda10,19,8192
1000.0,874.0763323256864,149.69642226711716,0.9899999999999995,0.2859326364094734,785.076598425114,0.5451517649302711,214.37824980995114,999.9999999999955,0.7850765984251176,0.0005451517649302735,0.21437824980995213,b6_b8_lambda10,19,8192
0.01,2.857771048501783,0.43234965080886034,0.99,1.338635142981865,0.0074133378894685005,0.001574494377593491,0.0010121677331754327,0.010000000000237425,0.741333788929249,0.15744943775561088,0.10121677331514013,b6_b8_lambda10,20,4096
10.0,76.87256360632684,16.925482535048175,0.9899999999999999,0.5482325872793105,7.806631396459589,0.061637790246005325,2.1317308133265653,10.00000000003216,0.7806631396434484,0.00616377902458071,0.213173081331971,b6_b8_lambda10,20,8192
1000.0,836.8720320607596,156.34759399832578,0.99,0.30086086122532435,785.057572183137,0.56937343939122,214.3730543774753,1000.0000000000036,0.7850575721831342,0.0005693734393912179,0.21437305437747453,b6_b8_lambda10,20,8192
0.01,2.4526581656709197,0.4909931734154675,0.989999999999999,1.3057804828957553,0.0072254304963967455,0.001788057396445554,0.000986512110441369,0.010000000003283669,0.7225430494024153,0.1788057395858415,0.09865121101174312,b6_b8_lambda10,21,4096
10.0,67.5306152275281,19.25047999178101,0.9899999999999991,0.5536027383797337,7.7999805436211505,0.07010476926795259,2.1299146871114822,10.000000000000584,0.7799980543620695,0.007010476926794849,0.21299146871113578,b6_b8_lambda10,21,8192
1000.0,770.1214644014547,169.890696311162,0.99,0.3135329501355579,785.0188309880094,0.618693563524178,214.36247544845912,999.9999999999927,0.7850188309880152,0.0006186935635241825,0.21436247544846068,b6_b8_lambda10,21,8192
0.01,2.897811894121295,0.4273052451820615,0.99,1.2839836710333874,0.007429501331453964,0.0015561240879845212,0.001014374581787848,0.010000000001226332,0.742950133054286,0.15561240877936888,0.1014374581663452,b6_b8_lambda10,22,4096
10.0,80.55904941709335,16.15550752716796,0.9899999999999999,0.5433793405046852,7.808833975436084,0.05883376040921273,2.1323322642257465,10.000000000071044,0.7808833975380607,0.005883376040879475,0.21323322642105977,b6_b8_lambda10,22,8192
1000.0,901.4299458930806,145.156331766194,0.9899999999999991,0.3052822881094625,785.0895857402298,0.5286180474770558,214.38179621279878,1000.0000000005057,0.7850895857398328,0.0005286180474767885,0.21438179621269038,b6_b8_lambda10,22,8192
0.01,2.6153179029477247,0.4656340807947949,0.9899999999999999,1.3342688989422997,0.007306686886351407,0.0016957067985500346,0.0009976063162165122,0.010000000001117955,0.7306686885534552,0.16957067983604623,0.09976063161049843,b6_b8_lambda10,23,4096
10.0,80.72026550744401,16.12343088866696,0.9899999999999999,0.5606602802304228,7.808925733344726,0.05871694642109585,2.132357320252,10.00000000001782,0.780892573333081,0.0058716946420991215,0.21323573202482,b6_b8_lambda10,23,8192
1000.0,983.2623621513291,133.08149094107762,0.99,0.3130347517332781,785.124126848068,0.48464491380177077,214.39122823797913,999.9999999998489,0.7851241268481867,0.000484644913801844,0.21439122823801152,b6_b8_lambda10,23,8192
0.01,2.2663157553020197,0.5236650580347775,0.9899999999999998,1.3502494466447594,0.007120742229152176,0.0019070391015128551,0.0009722186723535772,0.010000000003018608,0.7120742227002703,0.19070391009371948,0.09722186720601024,b6_b8_lambda10,24,4096
10.0,64.53378175288553,20.13788190571506,0.9899999999999994,0.5741694605279045,7.797442055212789,0.07333643447582537,2.1292215105434393,10.000000000232054,0.7797442055031846,0.007333643447412357,0.21292215104940299,b6_b8_lambda10,24,8192
1000.0,764.54225430205,171.1296928142302,0.9899999999999978,0.32567136287420656,785.0152867332533,0.6232056361586436,214.36150763062707,1000.0000000000391,0.7850152867332226,0.0006232056361586192,0.2143615076306187,b6_b8_lambda10,24,8192
0.01,2.5731494912505735,0.47195331529041745,0.99,1.3544651501594815,0.007286438598801355,0.0017187196520713416,0.0009948417500230116,0.010000000000895709,0.7286438598148702,0.17187196519173945,0.09948417499339027,b6_b8_lambda10,25,4096
10.0,81.01402117799707,16.06530960255237,0.99,0.5664321612343685,7.809091994233546,0.05850528523891445,2.1324027205587073,10.000000000031168,0.7809091994209206,0.00585052852387321,0.2132402720552061,b6_b8_lambda10,25,8192
1000.0,999.9814558269486,130.85750810095834,0.99,0.31632749898410645,785.1304887400983,0.4765458012638489,214.3929654586295,999.9999999999916,0.7851304887401048,0.0004765458012638529,0.21439296545863132,b6_b8_lambda10,25,8192
0.01,2.854618400625675,0.432751888732987,0.99,1.3744985313832088,0.007412049026896197,0.0015759592136325798,0.0010119917604722274,0.010000000001001003,0.7412049026154248,0.15759592134748257,0.10119917603709266,b6_b8_lambda10,26,4096
10.0,76.80567041818713,16.940132688485342,0.99,0.590140739631714,7.806589488672981,0.06169114193525625,2.131719369706969,10.000000000315206,0.7806589488426913,0.006169114193331171,0.2131719369639776,b6_b8_lambda10,26,8192
1000.0,845.4000149595257,154.77132468725296,0.9899999999999995,0.3352780632716751,785.0620812354556,0.5636331151809086,214.37428564936172,999.9999999999982,0.7850620812354571,0.0005636331151809096,0.21437428564936212,b6_b8_lambda10,26,8192
0.01,2.482159417812587,0.48619079836311496,0.99,1.321892516669094,0.007240818414064957,0.0017705685133046194,0.0009886130741336688,0.010000000001503246,0.7240818412976484,0.17705685130384594,0.0988613073985056,b6_b8_lambda10,27,4096
10.0,72.33111369737043,17.981223113865088,0.99,0.551152757995445,7.8036113608005655,0.06548249696066254,2.130906142255941,10.000000000017168,0.7803611360787168,0.006548249696055011,0.21309061422522826,b6_b8_lambda10,27,8192
1000.0,853.240784323608,153.34986361596935,0.99,0.30660026391551637,785.0661474456481,0.5584565585200753,214.375395995825,999.9999999999932,0.7850661474456534,0.0005584565585200791,0.21437539599582645,b6_b8_lambda10,27,8192
0.01,2.6897722408703726,0.4548801998136154,0.9899999999999997,1.3510130423747733,0.007341144806281387,0.0016565442246691466,0.0010023109708842855,0.010000000001834819,0.734114480493442,0.16565442243652007,0.10023109707003795,b6_b8_lambda10,28,4096
10.0,75.62438017297917,17.20308817537593,0.9899999999999991,0.5790996180594905,7.8058372819434725,0.06264875097898248,2.131513967122698,10.000000000045153,0.7805837281908227,0.00626487509786996,0.21315139671130734,b6_b8_lambda10,28,8192
1000.0,864.988099826059,151.26838196939764,0.9899999999999994,0.3289519149288613,785.0721017008306,0.5508763947719131,214.3770219044401,1000.0000000000425,0.7850721017007972,0.0005508763947718896,0.214377021904431,b6_b8_lambda10,28,8192
0.01,2.574669462205378,0.4717225585988559,0.9899999999999969,1.289016589401261,0.007287177997547168,0.0017178793018761008,0.0009949427025984401,0.010000000002021708,0.7287177996073914,0.17178793015287958,0.09949427023972918,b6_b8_lambda10,29,4096
10.0,71.0170447070478,18.311721209753987,0.9899999999999474,0.5367340707473063,7.802665942896566,0.06668607696309671,2.130647980140289,9.999999999999952,0.7802665942896604,0.006668607696309703,0.21306479801402994,b6_b8_lambda10,29,8192
1000.0,799.5839697067523,163.63441434470195,0.99,0.30092145632924094,785.036727614258,0.5959099651972171,214.3673624205334,999.9999999999885,0.785036727614267,0.000595909965197224,0.21436736242053586,b6_b8_lambda10,29,8192
0.01,2.6565849471738447,0.45961163960601886,0.99,1.302537067267667,0.007325984179939438,0.0016737747817821816,0.0010002410400343981,0.010000000001756017,0.7325984178652982,0.1673774781488264,0.10002410398587541,b6_b8_lambda10,30,4096
10.0,78.87398902643056,16.498579328268615,0.99,0.5512569136050066,7.807852589337318,0.06008313026745892,2.132064280395044,9.99999999999982,0.7807852589337458,0.006008313026746,0.2132064280395082,b6_b8_lambda10,30,8192
1000.0,935.4786824045162,139.87574954248063,0.99,0.30946509447242754,785.1046912940634,0.509387669920139,214.38592103603227,1000.0000000000158,0.785104691294051,0.0005093876699201309,0.21438592103602888,b6_b8_lambda10,30,8192
0.01,2.8999799967768425,0.42703546162556555,0.9899999999999994,1.3393905579717793,0.00743036577977103,0.0015551416130546183,0.0010144926077980713,0.01000000000062372,0.7430365779307584,0.1555141612957621,0.10144926077347953,b6_b8_lambda10,31,4096
10.0,74.51330863309764,17.457973401545594,0.99,0.5626122824167634,7.8051081610666575,0.06357697043003356,2.1313148685152687,10.00000000001196,0.7805108161057323,0.006357697042995752,0.21313148685127198,b6_b8_lambda10,31,8192
1000.0,788.4992594961974,165.9333942998489,0.99,0.3153064926189163,785.0301511867285,0.6042821958832072,214.36556661738936,1000.0000000000011,0.7850301511867276,0.0006042821958832065,0.21436556661738912,b6_b8_lambda10,31,8192
0.01,2.472367336228205,0.48777435696229765,0.99,1.3378965878903983,0.0072357443256198094,0.001776335383027628,0.0009879202919246247,0.010000000000572062,0.7235744325205881,0.17763353829260106,0.09879202918681095,b6_b8_lambda10,32,4096
10.0,73.56857695931967,17.680716658382007,0.99,0.5425636551016783,7.804470985068613,0.06438813797667012,2.1311408769894027,10.000000000034685,0.7804470985041543,0.0064388137976446784,0.2131140876982011,b6_b8_lambda10,32,8192
1000.0,873.9522028507362,149.71767240749082,0.99,0.29625128707355014,785.0765376372689,0.5452291518935293,214.3782332108169,999.9999999999793,0.7850765376372851,0.0005452291518935405,0.21437823321082133,b6_b8_lambda10,32,8192
0.01,2.347688177793638,0.5088781267168332,0.99,1.3410857394783775,0.007168122972185292,0.00185318930614837,0.0009786877231356987,0.010000000001469361,0.7168122971132036,0.18531893058760696,0.0978687722991894,b6_b8_lambda10,33,4096
10.0,67.37869536339846,19.293579402348925,0.99,0.5563489277080768,7.799857254122446,0.07026172505475614,2.129881020859036,10.000000000036238,0.7799857254094181,0.007026172505450153,0.21298810208513178,b6_b8_lambda10,33,8192
1000.0,793.36287372003,164.9167708179597,0.9899999999999999,0.3085295238170254,785.0330593245847,0.6005799425024781,214.36636073289992,999.999999999987,0.7850330593245949,0.000600579942502486,0.2143663607329027,b6_b8_lambda10,33,8192
0.01,2.243335533197752,0.5279979059356434,0.9899999999999999,1.3224499547980553,0.007106858783036599,0.001922818100399795,0.0009703231191772636,0.010000000002613658,0.710685878117911,0.1922818099897236,0.09703231189236543,b6_b8_lambda10,34,4096
10.0,62.13218605289082,20.910344155849746,0.9899999999999998,0.5521508035585517,7.795232361127408,0.07614952214101707,2.128618116745191,10.000000000013616,0.7795232361116795,0.007614952214091339,0.2128618116742293,b6_b8_lambda10,34,8192
1000.0,721.0258799868841,181.45112937348566,0.9899999999999999,0.30836251452620345,784.9857613867887,0.6607933705325141,214.35344524268578,1000.0000000000069,0.7849857613867832,0.0006607933705325095,0.2143534452426843,b6_b8_lambda10,34,8192
0.01,2.9184015704347632,0.42475688036171866,0.99,1.3396928617320085,0.007437666880203664,0.001546843668596694,0.0010154894513771404,0.010000000000177499,0.7437666880071646,0.15468436685692377,0.10154894513591156,b6_b8_lambda10,35,4096
10.0,80.95531363680222,16.076891706950146,0.99,0.5458064202487364,7.809058862646322,0.05854746396675863,2.1323936734266224,10.000000000039702,0.7809058862615319,0.005854746396652619,0.21323936734181564,b6_b8_lambda10,35,8192
1000.0,895.5654374856521,146.1063657337914,0.9899999999999994,0.29876169834354005,785.0868680869295,0.5320778007987182,214.3810541122709,999.9999999999991,0.7850868680869302,0.0005320778007987187,0.2143810541122711,b6_b8_lambda10,35,8192
0.01,2.8470558726876924,0.43371982922752705,0.9899999999999993,1.3127929339651738,0.0074089475214200035,0.0015794841774289994,0.0010115683015912112,0.010000000000440214,0.7408947521093852,0.15794841773594684,0.10115683015466806,b6_b8_lambda10,36,4096
10.0,84.88119166805102,15.33746542439563,0.99,0.5401189279873787,7.811174054341386,0.055854683893156495,2.1329712617721546,10.000000000006697,0.7811174054336155,0.005585468389311909,0.2132971261770726,b6_b8_lambda10,36,8192
1000.0,990.3025259266817,132.13585602415924,0.9899999999999937,0.2984474326451752,785.1268319172555,0.4812011805706541,214.39196690220524,1000.0000000000314,0.7851268319172309,0.000481201180570639,0.2143919669021985,b6_b8_lambda10,36,8192
0.01,2.5028897212959773,0.48287202301077464,0.99,1.2999101345489747,0.007251452538570375,0.0017584824780251186,0.0009900649865994752,0.010000000003194969,0.7251452536253559,0.1758482477463289,0.09900649862831526,b6_b8_lambda10,37,4096
10.0,71.75640336054957,18.12428751411497,0.9899999999999998,0.5530136490477608,7.8032021129124365,0.06600349678893992,2.130794390299289,10.000000000000666,0.7803202112911917,0.006600349678893553,0.21307943902991472,b6_b8_lambda10,37,8192
1000.0,840.8794900984376,155.60289587660867,0.9899999999999999,0.3118765944951324,785.059702455378,0.5666614607798012,214.37363608381523,999.9999999999729,0.7850597024553992,0.0005666614607798165,0.21437363608382104,b6_b8_lambda10,37,8192
0.01,2.388373952782375,0.5017935343421881,0.99,1.386683937562801,0.007190823642584942,0.0018273892370594931,0.000981787121334264,0.010000000000978698,0.7190823641881177,0.18273892368806469,0.09817871212381767,b6_b8_lambda10,38,4096
10.0,76.56230686215328,16.993645936317336,0.99,0.5806953571286181,7.806436409298672,0.06188602195350216,2.1316775688324907,10.000000000084665,0.7806436409232579,0.00618860219529782,0.2131677568814443,b6_b8_lambda10,38,8192
1000.0,965.5981214827445,135.5148255816132,0.99,0.3273255621607283,785.1171660880049,0.4935064260133778,214.3893274864312,1000.0000000004494,0.785117166087652,0.000493506426013156,0.21438932748633485,b6_b8_lambda10,38,8192
0.01,2.34729487633962,0.5089475884400717,0.99,1.3342403934198077,0.007167900400024716,0.001853442265974965,0.000978657334616708,0.010000000000616389,0.7167900399582895,0.18534422658607208,0.09786573345563847,b6_b8_lambda10,39,4096
10.0,66.73858173758481,19.477318441402172,0.9899999999999999,0.5347983415394078,7.799331652982921,0.07093085034118239,2.1297374967078695,10.000000000031973,0.7799331652957984,0.00709308503409556,0.21297374967010602,b6_b8_lambda10,39,8192
1000.0,773.2055576302337,169.21346906767928,0.99,0.29004755818756234,785.0207682541277,0.6162272946484618,214.36300445126048,1000.0000000000366,0.7850207682540989,0.0006162272946484392,0.21436300445125264,b6_b8_lambda10,39,8192
0.01,2.4194847081398057,0.4965079230375521,0.99,1.2912266297333124,0.007207759963557677,0.0018081405450211753,0.0009840994936910748,0.010000000002269926,0.7207759961921568,0.18081405446107407,0.09840994934676915,b6_b8_lambda10,40,4096
10.0,67.17039647617779,19.352988120725943,0.99,0.5373757159616352,7.799687310407522,0.07047807469882235,2.1298346148952807,10.000000000001625,0.7799687310406255,0.0070478074698810894,0.21298346148949346,b6_b8_lambda10,40,8192
1000.0,770.6359669021338,169.77734169442192,0.99,0.2981753569765652,785.0191552485287,0.618280758271768,214.36256399319825,999.9999999999987,0.7850191552485297,0.0006182807582717687,0.21436256399319853,b6_b8_lambda10,40,8192
0.01,2.786101557129659,0.44168247381326214,0.9899999999999995,1.330171341698675,0.007383433368288056,0.0016084818627690044,0.0010080847692169293,0.01000000000027399,0.7383433368085758,0.16084818627249337,0.10080847691893088,b6_b8_lambda10,41,4096
10.0,79.6370337083815,16.34143844185614,0.99,0.5382123004541021,7.808302104225232,0.05951086788287362,2.132187027927104,10.00000000003521,0.780830210419774,0.005951086788266409,0.21321870279195965,b6_b8_lambda10,41,8192
1000.0,902.7184762537827,144.9492465954313,0.98999999999999,0.29408697102070214,785.0901781245693,0.5278639022234358,214.38195797321575,1000.0000000000085,0.7850901781245626,0.0005278639022234313,0.2143819579732139,b6_b8_lambda10,41,8192
0.01,2.3303843465037937,0.5119522333235618,0.99,1.3257709147177221,0.007158272824169317,0.0018643843274913083,0.000977342849593251,0.010000000001253876,0.7158272823271759,0.18643843272575378,0.09773428494707043,b6_b8_lambda10,42,4096
10.0,66.8648495697836,19.440797802215585,0.9899999999999999,0.5430369831225714,7.799436123370349,0.07079785256737171,2.12976602408833,10.00000000002605,0.7799436123350031,0.007079785256718729,0.2129766024082782,b6_b8_lambda10,42,8192
1000.0,785.5901619995726,166.54748504186333,0.9899999999999999,0.2983339913716631,785.0283945279529,0.6065185395897997,214.365086932433,999.9999999999757,0.7850283945279719,0.0006065185395898145,0.21436508693243822,b6_b8_lambda10,42,8192
0.01,2.6427035675215684,0.46162000020117727,0.9899999999999942,1.3562701535438682,0.007319548928225749,0.0016810886594719535,0.000999362413667089,0.01000000000136479,0.7319548927226784,0.168108865924252,0.0999362413530697,b6_b8_lambda10,43,4096
10.0,78.57036223072994,16.561951787251875,0.99,0.5727012035988296,7.80767130703359,0.06031391472669635,2.132014778240639,10.000000000000924,0.7807671307032868,0.006031391472669078,0.2132014778240442,b6_b8_lambda10,43,8192
1000.0,930.1592526205498,140.67526644785352,0.99,0.3234655281233566,785.1024042079927,0.5122992829397065,214.38529650906253,999.9999999999949,0.7851024042079967,0.0005122992829397091,0.21438529650906363,b6_b8_lambda10,43,8192
0.01,2.54072301150258,0.4769305418821326,0.9899999999999998,1.310653094049385,0.007270490415889975,0.001736845294754301,0.0009926642914495113,0.010000000002093787,0.727049041436769,0.17368452943906426,0.09926642912416686,b6_b8_lambda10,44,4096
10.0,63.96630983451701,20.315211783677476,0.99,0.5517015155173614,7.796934787851266,0.0739822194216647,2.129082992735919,10.00000000000885,0.7796934787844366,0.007398221942159923,0.2129082992734035,b6_b8_lambda10,44,8192
1000.0,683.138816682721,191.50743970021713,0.99,0.3089590852203745,784.9569944564633,0.6974155906248671,214.3455899529116,999.9999999999998,0.7849569944564635,0.0006974155906248673,0.21434558995291167,b6_b8_lambda10,44,8192
0.01,2.893333772947415,0.42786355177056995,0.9899999999999995,1.3610121829507975,0.007427712387306149,0.0015581572816807208,0.0010141303312801997,0.01000000000026707,0.7427712387107778,0.1558157281639107,0.10141303312531154,b6_b8_lambda10,45,4096
10.0,75.516929054726,17.22741244499724,0.99,0.5617904973524102,7.805767700432162,0.06273733304603472,2.1314949667313425,10.000000000209539,0.7805767700268601,0.006273733304472013,0.21314949666866795,b6_b8_lambda10,45,8192
1000.0,804.5698364922722,162.62098308397353,0.99,0.31113669807121763,785.0396266205108,0.5922193369774205,214.3681540425075,999.9999999999958,0.7850396266205142,0.0005922193369774229,0.21436815404250842,b6_b8_lambda10,45,8192
0.01,2.830307742080156,0.43587894003002203,0.99,1.314026413188828,0.007402029231459981,0.0015873470444690728,0.0010106237244020028,0.010000000000331057,0.7402029231214932,0.15873470444165225,0.10106237243685454,b6_b8_lambda10,46,4096
10.0,85.045770735892,15.307950095305273,0.99,0.5385127307213685,7.8112584854508516,0.05574719746494117,2.1329943170937793,10.000000000009573,0.7811258485443374,0.00557471974648878,0.21329943170917373,b6_b8_lambda10,46,8192
1000.0,999.0209444470122,130.98326139144095,0.99,0.29530737661363077,785.1301290121633,0.47700375895725355,214.3928672289214,1000.000000000042,0.7851301290121303,0.0004770037589572335,0.2143928672289124,b6_b8_lambda10,46,8192
0.01,2.787343228085753,0.4415173545159643,0.99,1.3747954718526396,0.007383962449154458,0.001607880545282706,0.0010081570063912222,0.010000000000828386,0.7383962448542781,0.16078805451495115,0.10081570063077078,b6_b8_lambda10,47,4096
10.0,77.02219518641508,16.89280355826579,0.99,0.5816600721881747,7.806724877463089,0.0615187827132986,2.1317563398725876,10.000000000048976,0.7806724877424854,0.0061518782712997305,0.21317563398621472,b6_b8_lambda10,47,8192
1000.0,862.3797366840602,151.7256571613716,0.99,0.32792957546352186,785.0707936262378,0.5525416608763952,214.37666471287136,999.9999999999856,0.7850707936262491,0.0005525416608764032,0.21437666471287445,b6_b8_lambda10,47,8192
0.01,2.9361494351118815,0.4225845116769734,0.9899999999999998,1.3717538049506988,0.007444627651484256,0.0015389325201227838,0.0010164398286826506,0.01000000000028969,0.7444627651268593,0.15389325200782025,0.10164398286532053,b6_b8_lambda10,48,4096
10.0,76.93539902329428,16.911744129854828,0.9899999999999998,0.5724120834598841,7.806670696861415,0.061587758884366475,2.1317415449562906,10.000000000702073,0.780667069631333,0.006158775888004256,0.21317415448066268,b6_b8_lambda10,48,8192
1000.0,822.5514086688077,159.06802944123484,0.99,0.31888516799060634,785.0497901463546,0.5792804910135654,214.37092936263124,999.9999999999994,0.785049790146355,0.0005792804910135657,0.21437092936263136,b6_b8_lambda10,48,8192
0.01,2.346927293241008,0.5090125251702007,0.99,1.3441560967974127,0.007167692327540817,0.0018536787470645093,0.0009786289257869062,0.010000000000392232,0.7167692327259678,0.18536787469918023,0.09786289257485213,b6_b8_lambda10,49,4096
10.0,65.7361805503436,19.772186570991373,0.99,0.5321273327591369,7.798488157834609,0.07200467614698824,2.1295071662993705,10.000000000280968,0.7798488157615496,0.007200467614496514,0.21295071662395382,b6_b8_lambda10,49,8192
1000.0,751.9211896467892,174.00029992646205,0.99,0.28581488049051157,785.0070751176208,0.6336595702604444,214.35926531211837,999.9999999999997,0.7850070751176211,0.0006336595702604446,0.21435926531211844,b6_b8_lambda10,49,8192
0.01,2.5045206609479904,0.48261284246490505,0.99,1.3077680808967362,0.007252283011153154,0.001757538616242208,0.000990178373789444,0.010000000001184806,0.72522830102939,0.17575386160339737,0.09901783736721272,b6_b8_lambda10,50,4096
10.0,74.39063534569391,17.48657900293997,0.99,0.5400371097021233,7.80502633230825,0.06368114388889692,2.131292523808973,10.00000000000612,0.7805026332303474,0.006368114388885795,0.21312925238076685,b6_b8_lambda10,50,8192
1000.0,885.3397902580438,147.79298148537637,0.9899999999999999,0.2982163661511368,785.0820433792444,0.5382199753397724,214.37973664542565,1000.0000000000098,0.7850820433792367,0.0005382199753397671,0.21437973664542356,b6_b8_lambda10,50,8192
0.01,2.5351048918570727,0.4778035713762037,0.99,1.3051923532608372,0.007267693026855564,0.001740024619699556,0.0009922823546000131,0.010000000001155133,0.7267693026016049,0.174002461949856,0.09922823544853912,b6_b8_lambda10,51,4096
10.0,73.26949318627503,17.752422201613516,0.99,0.5372019132235907,7.804265865245995,0.06464926915706794,2.131084865603173,10.000000000006237,0.7804265865241128,0.006464926915702762,0.2131084865601844,b6_b8_lambda10,51,8192
1000.0,852.2244294048705,153.53264498106236,0.9899999999999997,0.29743581874001834,785.0656245840386,0.5591221962305,214.37525321974815,1000.0000000000173,0.785065624584025,0.0005591221962304903,0.21437525321974443,b6_b8_lambda10,51,8192
0.01,2.535815926384693,0.47769290330795894,0.99,1.29539136710573,0.007268047632775593,0.0017396215980921498,0.0009923307701282943,0.010000000000996037,0.7268047632051668,0.1739621597918877,0.09923307700294545,b6_b8_lambda10,52,4096
10.0,72.06817462972994,18.046396041395308,0.99,0.5306827938943564,7.803424928091265,0.06571983821391823,2.130855233697455,10.000000000002638,0.7803424928089207,0.00657198382139009,0.2130855233696893,b6_b8_lambda10,52,8192
1000.0,829.7076073495055,157.69686122669677,0.99,0.29114083732130125,785.0537124895775,0.5742870866231926,214.37200042382062,1000.0000000000213,0.7850537124895608,0.0005742870866231803,0.21437200042381607,b6_b8_lambda10,52,8192
0.01,2.2714563251463122,0.5227055349378547,0.9899999999999987,1.3782015241128374,0.00712381676114146,0.001903544791482871,0.000972638448454514,0.010000000001078846,0.712381676037291,0.1903544791277508,0.09726384483495813,b6_b8_lambda10,53,4096
10.0,68.93425809720848,18.86119313072987,0.99,0.5724205253981595,7.801094131770172,0.06868709731459453,2.130218770915375,10.00000000000014,0.7801094131770062,0.006868709731459357,0.2130218770915345,b6_b8_lambda10,53,8192
1000.0,843.7411298694345,155.07544977715023,0.99,0.321185826809683,785.0612112599009,0.5647406522015422,214.37404808803694,1000.0000000001394,0.7850612112597914,0.0005647406522014635,0.21437404808800706,b6_b8_lambda10,53,8192
0.01,2.4879434836114482,0.4852602303713,0.99,1.326871900935465,0.007243800168048396,0.0017671796495265638,0.0009890201829442077,0.010000000000519167,0.7243800167672323,0.17671796494348177,0.0989020182892861,b6_b8_lambda10,54,4096
10.0,72.21622657837916,18.009641409785544,0.99,0.5359338198524151,7.803530067866597,0.06558598830629873,2.130883943865439,10.000000000038334,0.7803530067836684,0.006558598830604732,0.21308839438572705,b6_b8_lambda10,54,8192
1000.0,842.4241063303116,155.31775349853174,0.99,0.29149619003956667,785.0605181293935,0.5656230533929655,214.3738588171997,999.9999999999861,0.7850605181294044,0.0005656230533929733,0.21437385881720267,b6_b8_lambda10,54,8192
0.01,2.4206484158654353,0.4963123725878068,0.9899999999999998,1.3412896162295427,0.007208386550874541,0.0018074284059386423,0.0009841850437460706,0.010000000000559254,0.720838655047141,0.18074284058375611,0.09841850436910296,b6_b8_lambda10,55,4096
10.0,66.04787120582951,19.679547118162727,0.99,0.5384993942253197,7.798753160696791,0.07166730962581919,2.1295795297476037,10.000000000070212,0.7798753160642033,0.007166730962531599,0.21295795297326514,b6_b8_lambda10,55,8192
1000.0,740.1473042899049,176.76642604990366,0.9899999999999981,0.29321287249031364,784.9991623787821,0.6437330143372978,214.35710460689947,1000.0000000000189,0.7849991623787673,0.0006437330143372857,0.21435710460689542,b6_b8_lambda10,55,8192
0.01,2.469476140999069,0.48824389056079615,0.99,1.2992539467844713,0.00723423983237068,0.0017780452907598166,0.0009877148784463434,0.010000000001576841,0.7234239831229955,0.17780452904794472,0.09877148782905965,b6_b8_lambda10,56,4096
10.0,65.73694263815176,19.771959002132668,0.99,0.5375071452366811,7.798488808602501,0.07200384740597301,2.12950734400239,10.000000000010864,0.7798488808594028,0.007200384740589479,0.21295073440000764,b6_b8_lambda10,56,8192
1000.0,729.3589799219673,179.37936129874385,0.99,0.2971065321556542,784.9916878554349,0.6532485808483869,214.3550635637241,1000.0000000000074,0.784991687855429,0.000653248580848382,0.2143550635637225,b6_b8_lambda10,56,8192
0.01,2.46118942146831,0.4895946859960151,0.99,1.3022934284564205,0.007229911571882948,0.0017829645032861878,0.0009871239266144186,0.010000000001783554,0.7229911570593454,0.17829645029681865,0.09871239264383597,b6_b8_lambda10,57,4096
10.0,76.06465588020963,17.10413388612323,0.99,0.543787018282634,7.806120349061976,0.06228838762081738,2.13159126331719,9.999999999999984,0.7806120349061988,0.006228838762081748,0.21315912633171935,b6_b8_lambda10,57,8192
1000.0,934.3652128379163,140.04235244873115,0.9899999999999997,0.30312318057883636,785.104214712487,0.5099943902879963,214.38579089748978,1000.0000000002647,0.7851042147122792,0.0005099943902878613,0.21438579089743304,b6_b8_lambda10,57,8192
0.01,2.4440273019548946,0.4924161422199037,0.99,1.3371580212301342,0.007220870973052494,0.0017932394438414255,0.0009858895835207673,0.010000000000414686,0.7220870972753055,0.17932394437670623,0.09858895834798838,b6_b8_lambda10,58,4096
10.0,66.9725594389534,19.409752779477696,0.9899999999999999,0.5348988376378039,7.7995249303137655,0.07068479543025682,2.1297902743043458,10.000000000048368,0.779952493027604,0.007068479542991494,0.21297902742940442,b6_b8_lambda10,58,8192
1000.0,751.8169456189636,174.02441084467637,0.99,0.28938926400521625,785.0070061463053,0.6337473753623938,214.3592464783511,1000.0000000000189,0.7850070061462905,0.0006337473753623818,0.21435924647834706,b6_b8_lambda10,58,8192
0.01,2.678958905426753,0.45641109802987645,0.99,1.3123216806531754,0.007336239453616442,0.001662119320265183,0.001001641226733765,0.01000000000061539,0.7336239453164977,0.16621193201628978,0.1001641226672125,b6_b8_lambda10,59,4096
10.0,79.26654746751974,16.417360521986442,0.99,0.5383650801296485,7.808084922644539,0.05978735449059199,2.132127722876802,10.000000000011932,0.7808084922635222,0.005978735449052065,0.2132127722874258,b6_b8_lambda10,59,8192
1000.0,928.9714284015917,140.85504783838982,0.9899999999999998,0.29607289706253936,785.101889928021,0.5129539955966165,214.38515607634497,999.9999999999626,0.7851018899280504,0.0005129539955966356,0.214385156076353,b6_b8_lambda10,59,8192
0.01,2.5290424220502348,0.47874924331010543,0.99,1.2920749485800862,0.0072646628751342375,0.001743468487735972,0.0009918686378849945,0.010000000000755203,0.7264662874585608,0.17434684876043047,0.09918686378100883,b6_b8_lambda10,60,4096
10.0,70.7499668608973,18.38038440671065,0.9899999999999797,0.5185555526094732,7.8024695259919925,0.06693612878425445,2.13059434523088,10.000000000007127,0.7802469525986432,0.006693612878420675,0.2130594345229362,b6_b8_lambda10,60,8192
1000.0,799.5750831020334,163.63623191985712,0.99,0.2831103394957335,785.0367224149403,0.5959165842886338,214.36736100077303,1000.0000000000019,0.7850367224149388,0.0005959165842886326,0.2143673610007726,b6_b8_lambda10,60,8192
0.01,2.5212926370082727,0.4799635811152852,0.9899999999999999,1.3079131056640265,0.007260771858588548,0.001747890760410826,0.0009913373844259565,0.010000000003425331,0.7260771856101493,0.17478907598121154,0.09913373840863905,b6_b8_lambda10,61,4096
10.0,66.57957613560713,19.523503525867376,0.9899999999999999,0.5587668287058497,7.799199536605687,0.07109904327410856,2.1297014201291264,10.000000000008923,0.7799199536598728,0.007109904327404512,0.21297014201272263,b6_b8_lambda10,61,8192
1000.0,738.2823272692095,177.2126680338381,0.99,0.31613594366412107,784.997885865647,0.6453581006382573,214.3567560337127,999.9999999999981,0.7849978858656486,0.0006453581006382585,0.21435675603371313,b6_b8_lambda10,61,8192
0.01,2.4401531725323284,0.49305755479120195,0.99,1.3239182392361923,0.007218815739388703,0.0017955752858742281,0.000985608975617871,0.0100000000008808,0.721881573875287,0.17955752857160737,0.09856089755310585,b6_b8_lambda10,62,4096
10.0,74.50450779478419,17.46002251057254,0.99,0.5412275194677871,7.8051022994163555,0.06358443270191459,2.1313132678939595,10.00000000001223,0.780510229940681,0.006358443270183683,0.2131313267891353,b6_b8_lambda10,62,8192
1000.0,903.842854495784,144.7690251607752,0.99,0.29748184875085937,785.0906936633221,0.5272075870511145,214.3820987496645,1000.0000000000376,0.7850906936632925,0.0005272075870510946,0.2143820987496564,b6_b8_lambda10,62,8192
0.01,2.5367565078343586,0.4775465864973284,0.9899999999999995,1.340503425506239,0.0072685164665470875,0.0017390887539109282,0.0009923947815658957,0.01000000000202391,0.7268516465076005,0.17390887535589522,0.09923947813650438,b6_b8_lambda10,63,4096
10.0,70.21699249219363,18.518957800482774,0.9899999999999995,0.5684286416378962,7.802073125038497,0.06744077364512965,2.1304861013438456,10.000000000027473,0.7802073125017063,0.0067440773644944375,0.21304861013379925,b6_b8_lambda10,63,8192
1000.0,799.8472085960816,163.5805924638739,0.99,0.32106956961620964,785.0368815763366,0.5957139612254393,214.36740446244497,1000.0000000000069,0.7850368815763311,0.0005957139612254352,0.21436740446244348,b6_b8_lambda10,63,8192
0.01,2.474181116614519,0.48748025764804076,0.9899999999999998,1.3130230654369235,0.007236686689170977,0.001775264357028449,0.0009880489559614773,0.010000000002160904,0.7236686687607199,0.17752643566448315,0.09880489557479695,b6_b8_lambda10,64,4096
10.0,63.66695556932928,20.410021459842632,0.99,0.5510398455832227,7.796663576717148,0.07432748927855999,2.129008934015563,10.000000000011271,0.779666357670836,0.007432748927847622,0.21290089340131632,b6_b8_lambda10,64,8192
1000.0,692.4410896721668,188.9364935574114,0.99,0.30819667045686666,784.9643488663937,0.6880529364874804,214.34759819711658,999.9999999999977,0.7849643488663955,0.000688052936487482,0.21434759819711707,b6_b8_lambda10,64,8192
0.01,2.6117295814408203,0.4661652212663184,0.99,1.3636603643095553,0.007304984989320895,0.0016976410609799025,0.0009973739505419463,0.010000000000842744,0.7304984988705271,0.16976410608368347,0.09973739504578932,b6_b8_lambda10,65,4096
10.0,69.82949328445058,18.621026687844203,0.99,0.5699845875181269,7.801781148290351,0.0678124794831642,2.1304063722264854,10.0,0.7801781148290351,0.00678124794831642,0.21304063722264854,b6_b8_lambda10,65,8192
1000.0,770.9366146311303,169.71117331619786,0.9899999999999995,0.3182044322045649,785.0193445287995,0.6180397918703985,214.36261567933084,1000.0000000000007,0.785019344528799,0.000618039791870398,0.2143626156793307,b6_b8_lambda10,65,8192
0.01,2.4748860210221046,0.4873660551024578,0.99,1.3050363971841064,0.00723705262136257,0.001774848463860523,0.0009880989179033696,0.010000000003126463,0.7237052619099932,0.17748484633056233,0.09880989175944442,b6_b8_lambda10,66,4096
10.0,65.16055744397516,19.945583765441583,0.99,0.5533522751160117,7.797992140210049,0.0726361393787535,2.129371720420024,10.000000000008825,0.7797992140203167,0.00726361393786894,0.21293717204181448,b6_b8_lambda10,66,8192
1000.0,721.8837273209524,181.2356450420027,0.99,0.3115302091129868,784.9863777980279,0.6600086379260585,214.35361356404815,1000.000000000002,0.7849863777980263,0.0006600086379260572,0.2143536135640477,b6_b8_lambda10,66,8192
0.01,2.5524175272730063,0.47512346230001407,0.9899999999999952,1.2767914067879877,0.007276280716759148,0.0017302644252274997,0.0009934548605281823,0.01000000000251483,0.7276280714929286,0.17302644247923676,0.09934548602783452,b6_b8_lambda10,67,4096
10.0,72.71525523851204,17.886850328181808,0.99,0.5340520459764181,7.8038813221608185,0.06513881813455924,2.130979859704714,10.000000000000092,0.7803881322160746,0.0065138818134558634,0.21309798597046944,b6_b8_lambda10,67,8192
1000.0,839.0805119859687,155.93631708785674,0.99,0.3000397501820187,785.0587486757111,0.5678756859364501,214.37337563838085,1000.0000000000283,0.7850587486756888,0.000567875685936434,0.21437337563837477,b6_b8_lambda10,67,8192
0.01,2.928647468867327,0.42350004800738306,0.99,1.3481384468910937,0.007441694061972083,0.0015422666428681505,0.0010160392959279218,0.010000000000768155,0.7441694061400446,0.15422666427496806,0.10160392958498742,b6_b8_lambda10,68,4096
10.0,79.2185969874708,16.42723839078916,0.99,0.5744024805798683,7.8080566661822095,0.05982332687743997,2.132120006978822,10.000000000038472,0.780805666615217,0.005982332687720982,0.21321200069706192,b6_b8_lambda10,68,8192
1000.0,870.0868977152601,150.3824192989258,0.99,0.32444512343647036,785.0746360723068,0.5476499708791096,214.37771395681125,999.9999999999972,0.7850746360723091,0.0005476499708791111,0.21437771395681185,b6_b8_lambda10,68,8192
0.01,2.7708073289059394,0.44372650041430783,0.99,1.26185560672036,0.007376883836266492,0.0016159256259014097,0.0010071905397782516,0.010000000001946154,0.7376883834830836,0.1615925625586926,0.10071905395822368,b6_b8_lambda10,69,4096
10.0,75.17814156730867,17.304557895080855,0.99,0.532047250258805,7.8055470191764655,0.06301827481894083,2.1314347060364534,10.000000000031859,0.7805547019151597,0.006301827481874006,0.2131434706029663,b6_b8_lambda10,69,8192
1000.0,833.314611994983,157.01466022619795,0.9899999999999999,0.2975804980059428,785.0556639835095,0.5718027047400003,214.37253331176365,1000.0000000000131,0.7850556639834992,0.0005718027047399928,0.21437253331176084,b6_b8_lambda10,69,8192
0.01,2.885816955374099,0.42880399278352593,0.99,1.3176767608176687,0.0074246989974408725,0.001561582100191823,0.0010137189031172605,0.010000000000749956,0.7424698996884053,0.15615821000747113,0.10137189030412361,b6_b8_lambda10,70,4096
10.0,77.00697592952076,16.89612162103045,0.9899999999999999,0.5561178694345034,7.806715385837682,0.06153086615353658,2.1317537480260764,10.000000000017295,0.7806715385824181,0.0061530866153430164,0.21317537480223897,b6_b8_lambda10,70,8192
1000.0,839.1836243055786,155.91716773224738,0.99,0.3109489378353752,785.058803454049,0.567805949433402,214.373390596519,1000.0000000000014,0.7850588034540479,0.0005678059494334013,0.2143733905965187,b6_b8_lambda10,70,8192
0.01,2.43462086856874,0.49397640196283626,0.9899999999999999,1.3176663603927676,0.007215871540795329,0.001798921465761038,0.0009852069943699223,0.010000000000926289,0.7215871540126931,0.17989214655944058,0.09852069942786637,b6_b8_lambda10,71,4096
10.0,71.85536835021675,18.099489822382125,0.99,0.5378367512784012,7.8032730488296,0.06591319065329809,2.1308137605337363,10.000000000016634,0.780327304881662,0.006591319065318846,0.2130813760530192,b6_b8_lambda10,71,8192
1000.0,852.2855474877572,153.52164118693193,0.9899999999999999,0.2952911840576978,785.0656560613398,0.5590821235440582,214.37526181514988,1000.0000000000338,0.7850656560613133,0.0005590821235440393,0.21437526181514263,b6_b8_lambda10,71,8192
0.01,3.1381449688708125,0.39933943568133234,0.99,1.3170262822741927,0.007519110245730495,0.0014542805691072156,0.0010266091855504035,0.010000000000388115,0.7519110245438667,0.1454280569050773,0.10266091855105593,b6_b8_lambda10,72,4096
10.0,80.91957033150666,16.08395149960347,0.99,0.5411835929474129,7.80903866748423,0.05857317372232068,2.132388158801027,10.000000000007578,0.7809038667478312,0.00585731737222763,0.21323881587994112,b6_b8_lambda10,72,8192
1000.0,846.2190746343505,154.62160510076018,0.99,0.2967111427259206,785.0625095210595,0.5630878790584622,214.37440259988398,1000.0000000000019,0.7850625095210579,0.0005630878790584612,0.21437440259988355,b6_b8_lambda10,72,8192
0.01,2.8436256700556024,0.4341602954202952,0.99,1.356479178368428,0.007407536165856452,0.0015810882299423727,0.0010113756045116008,0.010000000000310426,0.7407536165626503,0.15810882298932916,0.10113756044802051,b6_b8_lambda10,73,4096
10.0,81.43552270651682,15.982641265281218,0.99,0.552897061887785,7.809328474013528,0.058204230682735385,2.1324672953039605,10.000000000000224,0.7809328474013353,0.0058204230682734085,0.21324672953039128,b6_b8_lambda10,73,8192
1000.0,921.8253046086049,141.94641220024832,0.99,0.30486239601939447,785.098767987555,0.5169284339902581,214.38430357846835,1000.0000000000136,0.7850987679875443,0.000516928433990251,0.2143843035784654,b6_b8_lambda10,73,8192
0.01,2.653980315942067,0.4599871452232331,0.99,1.278606769198812,0.007324780974053075,0.0016751422663677535,0.0010000767623240465,0.010000000002744876,0.7324780972042513,0.1675142265907948,0.10000767620495378,b6_b8_lambda10,74,4096
10.0,74.18777361991529,17.534089611132938,0.9899999999999991,0.5427418616410827,7.804890424212234,0.06385416400198311,2.1312554118382208,10.000000000052438,0.7804890424171307,0.006385416400164827,0.2131255411827045,b6_b8_lambda10,74,8192
1000.0,844.7919770106997,154.88265831905278,0.99,0.30641096741062845,785.0617627561518,0.564038560581358,214.37419868327984,1000.000000000013,0.7850617627561416,0.0005640385605813508,0.21437419868327706,b6_b8_lambda10,74,8192
0.01,3.056784900297614,0.4083875787352449,0.99,1.342186802585115,0.007490117904881998,0.0014872313309255594,0.001022650764613222,0.010000000000420778,0.749011790456683,0.148723133086298,0.10226507645701911,b6_b8_lambda10,75,4096
10.0,85.03650432060294,15.309608900186669,0.99,0.566149912022802,7.81125374032479,0.05575323836020822,2.132993021358023,10.00000000004302,0.7811253740291186,0.005575323835996837,0.21329930213488468,b6_b8_lambda10,75,8192
1000.0,943.4077940810408,138.70072190878034,0.9899999999999985,0.31756776509700285,785.1080525604622,0.5051085537017755,214.38683888584353,1000.0000000000075,0.7851080525604562,0.0005051085537017717,0.21438683888584192,b6_b8_lambda10,75,8192
0.01,2.427195473754393,0.4952150645649353,0.99,1.3863886881883347,0.007211902579482002,0.0018034323224232133,0.0009846650988519427,0.010000000000757158,0.7211902578935947,0.1803432322286665,0.09846650987773879,b6_b8_lambda10,76,4096
10.0,75.17430304995939,17.305435925736884,0.9899999999999998,0.5751081669979119,7.805544508157995,0.0630214723566945,2.13143402036101,10.0000000008757,0.7805544507474463,0.006302147235117571,0.21314340201743603,b6_b8_lambda10,76,8192
1000.0,924.7458349027647,141.49834835334173,0.9899999999999999,0.31960278359646277,785.1000497122394,0.5152967129828802,214.3846535747555,999.9999999999777,0.7851000497122569,0.0005152967129828916,0.21438465357476028,b6_b8_lambda10,76,8192
0.01,2.466851561285633,0.4886709088260828,0.99,1.3367686196838036,0.00723287156635495,0.0017796003697486992,0.0009875280645263293,0.010000000000629977,0.7232871565899296,0.17796003696365884,0.09875280644641173,b6_b8_lambda10,77,4096
10.0,74.89438864560293,17.36970508573458,0.99,0.5426656505017496,7.8053606601030685,0.06325552234581729,2.131383817585478,10.000000000034364,0.7805360660076246,0.006325552234559992,0.21313838175781538,b6_b8_lambda10,77,8192
1000.0,901.4611320048973,145.15131272699185,0.9899999999999995,0.2972061581956831,785.0896000972257,0.5285997695647479,214.38180013321576,1000.0000000000061,0.7850896000972208,0.0005285997695647447,0.21438180013321445,b6_b8_lambda10,77,8192
0.01,2.625889662831165,0.4640762695266175,0.9899999999999992,1.3753023525069727,0.007311678473491167,0.0016900336932786143,0.0009982878342473273,0.010000000001017108,0.7311678472747489,0.16900336931067195,0.09982878341457906,b6_b8_lambda10,78,4096
10.0,76.62655038256621,16.97948660145884,0.99,0.5791969008228415,7.806476913220763,0.06183445768582331,2.131688629103483,10.00000000001007,0.7806476913212902,0.006183445768576104,0.21316886291013365,b6_b8_lambda10,78,8192
1000.0,896.5949465412658,145.9386892539635,0.9899999999999888,0.32623535999238845,785.0873477397589,0.5314671707814045,214.38118508947016,1000.0000000000105,0.7850873477397508,0.0005314671707813989,0.21438118508946793,b6_b8_lambda10,78,8192
0.01,2.0612374898002823,0.5650449812745253,0.99,1.3578561293442581,0.0069881513929593,0.002057733004848601,0.0009541156035187099,0.010000000001326611,0.6988151392032245,0.205773300457562,0.0954115603392136,b6_b8_lambda10,79,4096
10.0,63.136533711221446,20.58020476968892,0.99,0.5602719669674379,7.796176753351829,0.07494724845729861,2.1288759987819392,10.000000000591067,0.7796176752891023,0.007494724845286873,0.21288759986561084,b6_b8_lambda10,79,8192
1000.0,790.8795529957798,165.43428893951824,0.9899999999999965,0.3124805031491295,785.0315789199652,0.6024645962108058,214.36595648374518,999.9999999999212,0.7850315789200271,0.0006024645962108533,0.21436595648376205,b6_b8_lambda10,79,8192
0.01,2.7342689064020385,0.4486871923117046,0.99,1.28739816082952,0.0073609886318323535,0.0016339910539335878,0.0010050203145328441,0.010000000000298786,0.7360988631612417,0.16339910538847666,0.10050203145028155,b6_b8_lambda10,80,4096
10.0,78.12925661384789,16.654890850797724,0.99,0.5173447381294621,7.807405446945617,0.06065237234482552,2.1319421807126164,10.000000000003059,0.7807405446943229,0.006065237234480696,0.21319421807119643,b6_b8_lambda10,80,8192
1000.0,888.5135286142903,147.2653533909693,0.99,0.27938781260541123,785.0835527042435,0.536298503987708,214.3801487917721,1000.0000000000033,0.7850835527042409,0.0005362985039877062,0.2143801487917714,b6_b8_lambda10,80,8192
0.01,2.6097464806594957,0.4664592784717108,0.9899999999999999,1.291416226921706,0.00730404276217509,0.00169871193363058,0.0009972453051289723,0.010000000000934643,0.7304042761492422,0.16987119334718112,0.09972453050357655,b6_b8_lambda10,81,4096
10.0,67.17327977301873,19.35216328151504,0.9899999999999993,0.5294136012337638,7.7996896699341,0.07047507086917275,2.1298352592033383,10.000000000006612,0.7799689669928943,0.007047507086912616,0.212983525920193,b6_b8_lambda10,81,8192
1000.0,719.8039769271008,181.75894780806829,0.99,0.2912076957505802,784.9848808459975,0.6619143576633312,214.35320479634706,1000.000000000008,0.7849848808459913,0.0006619143576633259,0.21435320479634534,b6_b8_lambda10,81,8192
0.01,2.450699268840525,0.4913154143226768,0.99,1.3613226033298924,0.007224397959903982,0.00178923090611692,0.0009863711347922238,0.010000000000813126,0.7224397959316547,0.17892309059714329,0.09863711347120194,b6_b8_lambda10,82,4096
10.0,68.35400855614441,19.020194669459137,0.99,0.5610437262322749,7.800639295054453,0.06926613566535898,2.130094570169536,10.000000000889347,0.7800639294360705,0.006926613565919882,0.2130094569980097,b6_b8_lambda10,82,8192
1000.0,782.3575616658469,167.23521862478017,0.99,0.30963521807346644,785.0264272076271,0.6090230695635351,214.36454972282937,1000.00000000002,0.7850264272076114,0.0006090230695635229,0.21436454972282507,b6_b8_lambda10,82,8192
0.01,2.6603394929643813,0.4590714301860055,0.99,1.3574194475928922,0.007327715134892827,0.001671807492823019,0.001000477373084034,0.01000000000079988,0.7327715134306698,0.16718074926892945,0.10004773730040079,b6_b8_lambda10,83,4096
10.0,76.01933766553498,17.114266805315502,0.99,0.5688337925981245,7.806091363028014,0.06232528882859445,2.1315833481975166,10.000000000054126,0.7806091362985763,0.006232528882825711,0.21315833481859792,b6_b8_lambda10,83,8192
1000.0,876.7476600373321,149.24056605734478,0.99,0.31684735100476324,785.0779024405435,0.5434916663551145,214.37860589309776,999.9999999999964,0.7850779024405464,0.0005434916663551165,0.21437860589309854,b6_b8_lambda10,83,8192
0.01,3.1403491740144864,0.3990998784850107,0.9899999999999999,1.3276595817318815,0.0075198778424981115,0.0014534081699783743,0.0010267139880957422,0.010000000000572228,0.7519877842067803,0.14534081698952062,0.10267139880369908,b6_b8_lambda10,84,4096
10.0,88.93292185741869,14.6424258324777,0.9899999999999999,0.5682563248018284,7.813162274176729,0.05332354751399598,2.1335141783351923,10.000000000025917,0.7813162274156479,0.0053323547513857775,0.2133514178329663,b6_b8_lambda10,84,8192
1000.0,998.8425774072839,131.00664040114532,0.99,0.32114867483349896,785.1300621344951,0.47708889865671755,214.39284896685948,1000.0000000000113,0.7851300621344863,0.00047708889865671217,0.21439284896685706,b6_b8_lambda10,84,8192
0.01,3.0444160065768915,0.40979916648349174,0.99,1.2964329772893268,0.007485594851545265,0.0014923719317539318,0.0010220332170643137,0.01000000000036351,0.7485594851273156,0.14923719316996825,0.10220332170271618,b6_b8_lambda10,85,4096
10.0,81.8631469533299,15.899636986553688,0.9899999999999999,0.5382877728797478,7.809565914809064,0.0579019527233842,2.1325321324705286,10.000000000002977,0.7809565914806739,0.005790195272336696,0.21325321324698937,b6_b8_lambda10,85,8192
1000.0,885.9627725885287,147.6891138077526,0.9899999999999999,0.2977500844333263,785.0823405015554,0.5378417188195546,214.37981777962474,999.9999999999998,0.7850823405015557,0.0005378417188195547,0.21437981777962478,b6_b8_lambda10,85,8192
0.01,2.440223984401984,0.49304581596588126,0.99,1.3048453650625715,0.0072188533531739405,0.0017955325364133869,0.0009856141111533488,0.010000000000740677,0.7218853352639257,0.1795532536280396,0.09856141110803467,b6_b8_lambda10,86,4096
10.0,72.25353662770812,18.000402611016042,0.99,0.5267167939363848,7.803556496211242,0.06555234323062656,2.1308911605654166,10.000000000007285,0.7803556496205557,0.006555234323057881,0.21308911605638642,b6_b8_lambda10,86,8192
1000.0,857.0665336861915,152.66572539876512,0.99,0.28602450513028066,785.0681044812455,0.5559651218449914,214.37593039701213,1000.0000000001027,0.7850681044811649,0.0005559651218449343,0.21437593039699013,b6_b8_lambda10,86,8192
0.01,2.67711213451228,0.45667358548245324,0.99,1.3132745633717366,0.007335398383237841,0.0016630752248611455,0.0010015263925914066,0.010000000000690392,0.7335398382731411,0.16630752247463282,0.1001526392522262,b6_b8_lambda10,87,4096
10.0,75.1165356781647,17.31866050306741,0.99,0.5418994082549189,7.805506677460109,0.06306963250349705,2.1314236900584405,10.000000000022046,0.78055066774429,0.0063069632503358,0.21314236900537414,b6_b8_lambda10,87,8192
1000.0,851.5279773350152,153.6581467807339,0.99,0.2987030965376487,785.0652655754712,0.5595792380659483,214.37515518647535,1000.0000000000125,0.7850652655754614,0.0005595792380659414,0.21437515518647268,b6_b8_lambda10,87,8192
0.01,2.9672718264491467,0.4188282492467093,0.9899999999999994,1.3225553922451063,0.00745666358466469,0.0015252532814182926,0.0010180831347595524,0.010000000000842535,0.745666358403644,0.15252532812897848,0.10180831346737754,b6_b8_lambda10,88,4096
10.0,83.1472702743471,15.655483558922407,0.9899999999999777,0.5575286219624171,7.810264336495912,0.057012815428234616,2.132722848152484,10.00000000007663,0.7810264336436061,0.005701281542779772,0.2132722848136141,b6_b8_lambda10,88,8192
1000.0,929.595174530713,140.76058440261022,0.99,0.3138427630842687,785.1021601487378,0.5126099866486626,214.38522986461533,1000.0000000000017,0.7851021601487365,0.0005126099866486618,0.21438522986461497,b6_b8_lambda10,88,8192
0.01,2.4307254243623864,0.494625444444108,0.99,1.3233111698117195,0.00721379186008103,0.0018012850937544223,0.00098492304862973,0.010000000002465183,0.7213791858302698,0.18012850933103727,0.09849230483869284,b6_b8_lambda10,89,4096
10.0,64.8734510342607,20.03321170864639,0.99,0.5583893508204366,7.797741473039098,0.07295525540819386,2.1293032715712097,10.0000000000185,0.7797741473024672,0.007295525540805889,0.21293032715672702,b6_b8_lambda10,89,8192
1000.0,726.9074747772355,179.98392406424998,0.99,0.31304961048265023,784.98995845225,0.6554502263762854,214.35459132136108,999.9999999999874,0.7849899584522599,0.0006554502263762936,0.21435459132136378,b6_b8_lambda10,89,8192
0.01,2.7609554782152896,0.4450532182278205,0.99,1.2920033599434178,0.007372632725780676,0.0016207571545822374,0.001006610121493255,0.010000000001856168,0.7372632724412191,0.16207571542813975,0.10066101213064112,b6_b8_lambda10,90,4096
10.0,78.99159062514401,16.474163832341816,0.99,0.5442909981229849,7.80792243201539,0.05999421598016625,2.132083352102336,10.000000000097891,0.7807922431938957,0.0059994215979578954,0.21320833520814647,b6_b8_lambda10,90,8192
1000.0,904.6458487736,144.6405909606436,0.9899999999999336,0.3068574800371269,785.0910610602392,0.5267398662475609,214.38219907351598,1000.0000000000027,0.7850910610602371,0.0005267398662475594,0.21438219907351538,b6_b8_lambda10,90,8192
0.01,2.4027889528876756,0.49933055228454953,0.99,1.3216559271781765,0.007198715609211705,0.0018184197573927223,0.0009828646378443715,0.010000000004448797,0.7198715606009142,0.18184197565837443,0.09828646374071148,b6_b8_lambda10,91,4096
10.0,66.1075608862616,19.66190534005868,0.9899999999999636,0.5681986087135115,7.798803626447047,0.07160306329095882,2.1295933102618068,9.999999999999812,0.7798803626447194,0.007160306329096017,0.2129593310261847,b6_b8_lambda10,91,8192
1000.0,758.0041246003,172.60483628061036,0.99,0.3261202440410285,785.0110669599729,0.6285776888239286,214.3603553512033,1000.0000000000002,0.7850110669599728,0.0006285776888239285,0.21436035535120326,b6_b8_lambda10,91,8192
0.01,2.483283456662732,0.48600967833570907,0.99,1.3861130740440684,0.007241398763934253,0.0017699089257132183,0.0009886923112358234,0.010000000000883294,0.7241398763294625,0.17699089255568834,0.09886923111484928,b6_b8_lambda10,92,4096
10.0,73.11857240872556,17.788826810570793,0.9899999999999997,0.5783112865404761,7.804161727289994,0.0647818443818066,2.1310564289986544,10.000000000670454,0.7804161726766761,0.0064781844377463284,0.2131056428855777,b6_b8_lambda10,92,8192
1000.0,867.2589690879164,150.87251176865038,0.9899999999999995,0.32308483823856166,785.0732341211055,0.5494347481690605,214.3773311306699,999.9999999999444,0.7850732341211492,0.000549434748169091,0.2143773311306818,b6_b8_lambda10,92,8192
0.01,2.3000662271081223,0.5174288937378392,0.99,1.3033432269895078,0.007140724340497928,0.0018843287660126218,0.0009749468966226506,0.0100000000031332,0.7140724338260596,0.18843287654222238,0.09749468963171802,b6_b8_lambda10,93,4096
10.0,68.58778870153174,18.955812235821885,0.99,0.5515858775558811,7.800823465778769,0.0690316731658797,2.1301448610553226,9.999999999999972,0.7800823465778791,0.006903167316587989,0.21301448610553286,b6_b8_lambda10,93,8192
1000.0,832.7097001325375,157.12865635387763,0.9899999999999449,0.313163984250894,785.0553378879958,0.5722178461924752,214.37244426594873,1000.0000000001371,0.7850553378878882,0.0005722178461923967,0.21437244426591934,b6_b8_lambda10,93,8192
0.01,2.2713256282053327,0.5227298868802855,0.99,1.3454558465156052,0.007123738732200402,0.0019036334743264337,0.000972627794903095,0.010000000001429931,0.7123738731181757,0.1903633474054227,0.09726277947640159,b6_b8_lambda10,94,4096
10.0,72.32891339666264,17.981766534352097,0.9899999999999994,0.559819449557195,7.803609806292956,0.06548447594341361,2.13090571777173,10.000000000008098,0.7803609806286637,0.006548447594336058,0.21309057177700041,b6_b8_lambda10,94,8192
1000.0,916.531340206527,142.7658806974336,0.99,0.31274255003326257,785.0964238283038,0.5199127050288015,214.3836634667155,1000.0000000000481,0.785096423828266,0.0005199127050287764,0.21438366346670518,b6_b8_lambda10,94,8192
0.01,2.7220314862301294,0.4503735117042464,0.99,1.2733210706153524,0.007355585276537954,0.0016401321492193516,0.0010042825764233156,0.010000000002180622,0.7355585274933979,0.16401321488617007,0.10042825762043195,b6_b8_lambda10,95,4096
10.0,75.85079943629641,17.152056668884512,0.99,0.5338779723744027,7.805983261869297,0.06246290875637309,2.1315538293744427,10.000000000000114,0.7805983261869208,0.006246290875637238,0.21315538293744185,b6_b8_lambda10,95,8192
1000.0,854.1249420580474,153.19121021403598,0.99,0.3002744224305358,785.0666012871939,0.5578787879844385,214.37551992482307,1000.0000000000014,0.7850666012871927,0.0005578787879844377,0.21437551992482276,b6_b8_lambda10,95,8192
0.01,2.744014557471174,0.44735324538888216,0.99,1.3570022971591829,0.007365262906074402,0.0016291331988941243,0.0010056038954426919,0.010000000000411218,0.7365262905771529,0.16291331988271315,0.10056038954013397,b6_b8_lambda10,96,4096
10.0,81.06025426431967,16.0562002574064,0.9899999999999904,0.5568516760812385,7.809118052305186,0.05847211159649202,2.132409836149469,10.000000000051147,0.7809118052265245,0.005847211159619296,0.21324098361385627,b6_b8_lambda10,96,8192
1000.0,943.7830804641236,138.64559673052145,0.99,0.30792190302907,785.1082102507089,0.5049078034916893,214.3868819457936,999.9999999999942,0.7851082102507134,0.0005049078034916922,0.21438688194579483,b6_b8_lambda10,96,8192
0.01,2.4458016144409176,0.49212293858010403,0.99,1.3139044869043415,0.007221810466095762,0.001792171679633704,0.0009860178556376081,0.010000000001367075,0.7221810465108487,0.17921716793887008,0.0986017855502812,b6_b8_lambda10,97,4096
10.0,73.67916417589058,17.65434976783882,0.99,0.5441613199190879,7.804546409779153,0.06429211726556927,2.131161472963694,10.000000000008416,0.7804546409772585,0.006429211726551516,0.21311614729619005,b6_b8_lambda10,97,8192
1000.0,889.5572018953029,147.09266681897324,0.99,0.30099524784671233,785.0840466888235,0.535669628640671,214.38028368249476,999.999999999959,0.7850840466888557,0.000535669628640693,0.21438028368250356,b6_b8_lambda10,97,8192
0.01,2.69690352882057,0.45387619485738045,0.9899999999999998,1.3119353261227928,0.007344361869351132,0.0016528879243675049,0.0010027502072287413,0.010000000000947378,0.7344361868655344,0.1652887924210914,0.1002750207133743,b6_b8_lambda10,98,4096
10.0,76.45651675726826,17.017013711028305,0.99,0.5469123709937891,7.806369563735396,0.06197112073831778,2.1316593155373456,10.00000000001106,0.7806369563726763,0.006197112073824924,0.2131659315534988,b6_b8_lambda10,98,8192
1000.0,873.309915656358,149.82772414664316,0.9899999999999999,0.3041946742072476,785.0762228249341,0.5456299290057938,214.378147246062,1000.0000000000019,0.7850762228249326,0.0005456299290057927,0.2143781472460616,b6_b8_lambda10,98,8192
0.01,2.381805249103742,0.5029239560911848,0.9899999999999998,1.2896865464922063,0.007187201511108023,0.0018315059113410016,0.0009812925796499488,0.010000000002098974,0.7187201509599448,0.18315059109565732,0.09812925794439781,b6_b8_lambda10,99,4096
10.0,72.46108580496401,17.94918134873528,0.99,0.536295844365964,7.803703019037401,0.06536580997143826,2.1309311710651464,10.000000000073985,0.7803703018979665,0.0065365809970954645,0.21309311710493806,b6_b8_lambda10,99,8192
1000.0,882.6732976392933,148.2392124389675,0.9899999999999713,0.29994502484072455,785.0807668977313,0.539845021471257,214.37938808087384,1000.0000000000764,0.7850807668976714,0.0005398450214712158,0.21437938808085746,b6_b8_lambda10,99,8192
0.01,2.6706331855759657,0.4575968516210083,0.9899999999999999,1.3041529801804266,0.007332440025324876,0.0016664374973678025,0.0010011224781243564,0.010000000000817034,0.733244002472579,0.1666437497231649,0.10011224780425614,b6_b8_lambda10,100,4096
10.0,69.75091129060857,18.641862880930283,0.9899999999999999,0.5389422725664593,7.801721544596742,0.06788835896821317,2.1303900964445504,10.000000000009505,0.7801721544589326,0.006788835896814865,0.21303900964425254,b6_b8_lambda10,100,8192
1000.0,754.1200681162826,173.49326690322837,0.9899999999999999,0.2974187836193144,785.0085255286739,0.6318131002960484,214.3596613710299,999.9999999999999,0.785008525528674,0.0006318131002960485,0.2143596613710299,b6_b8_lambda10,100,8192
0.01,2.864078904900157,0.4315470890519722,0.9899999999999932,1.3083988609533639,0.007415909485348939,0.0015715716760912317,0.0010125188417329752,0.010000000003173146,0.7415909482995763,0.1571571675592549,0.10125188414116883,b6_b8_lambda10,101,4096
10.0,79.20041525724007,16.430986962387717,0.99,0.5667846616006827,7.808045943044428,0.05983697810832426,2.132117078847332,10.000000000000083,0.7808045943044363,0.005983697810832376,0.2132117078847314,b6_b8_lambda10,101,8192
1000.0,887.6287593749892,147.41206552285053,0.99,0.32566711304814566,785.0831330217145,0.5368327878164091,214.38003419046285,999.9999999999937,0.7850831330217194,0.0005368327878164125,0.2143800341904642,b6_b8_lambda10,101,8192
0.01,2.856790814359729,0.43247463618786514,0.99,1.3030550879592981,0.007412937408630353,0.001574949538771848,0.0010121130541916642,0.010000000001593864,0.7412937407448832,0.15749495385208226,0.10121130540303472,b6_b8_lambda10,102,4096
10.0,83.05474077188806,15.672825448016837,0.99,0.5584927340483073,7.810214728488534,0.05707596965266471,2.132709301859269,10.000000000000467,0.7810214728488168,0.005707596965266204,0.21327093018591692,b6_b8_lambda10,102,8192
1000.0,964.0196346687967,135.7366080221355,0.99,0.31551262781068423,785.1165316600843,0.49431409454045544,214.38915424531368,999.9999999999384,0.7851165316601327,0.0004943140945404859,0.2143891542453269,b6_b8_lambda10,102,8192
0.01,2.325769453964934,0.5127783742882611,0.99,1.328603736347966,0.007155625677440614,0.001867392897757493,0.0009769814258265585,0.010000000001024665,0.7155625676707402,0.18673928975661477,0.09769814257264506,b6_b8_lambda10,103,4096
10.0,63.139750581777285,20.579164097816005,0.99,0.540458306494963,7.79617972990541,0.07494345862652216,2.128876811579504,10.000000000111436,0.7796179729818533,0.007494345862568702,0.21288768115557807,b6_b8_lambda10,103,8192
1000.0,713.75822069578,183.29747548397543,0.9899999999999999,0.29557699060808806,784.980479756824,0.6675172375799815,214.35200300559677,1000.0000000000008,0.7849804797568234,0.0006675172375799809,0.2143520030055966,b6_b8_lambda10,103,8192
0.01,2.405262658413739,0.4989103172462715,0.99,1.3746731360210311,0.007200062135818854,0.0018168893809860367,0.0009830484836104675,0.010000000000415359,0.7200062135519792,0.18168893809105705,0.09830484835696357,b6_b8_lambda10,104,4096
10.0,69.37609220062465,18.741892092975974,0.9899999999999995,0.552735508239491,7.801435403138756,0.06825263688925773,2.130311960750423,10.000000000778437,0.7801435402531464,0.006825263688394469,0.21303119605845916,b6_b8_lambda10,104,8192
1000.0,808.0501256241843,161.92098405216214,0.9899999999999995,0.30119308022478164,785.0416290272469,0.5896701397296686,214.36870083304026,1000.0000000000169,0.7850416290272336,0.0005896701397296587,0.21436870083303664,b6_b8_lambda10,104,8192
0.01,3.028202978402582,0.4116643082572867,0.99,1.3129898107597124,0.0074796185062005255,0.0014991642472577398,0.0010212172467132451,0.01000000000017151,0.7479618506072242,0.14991642472320274,0.10212172466957302,b6_b8_lambda10,105,4096
10.0,84.02109985306942,15.49358331718517,0.9899999999999998,0.5348356782259924,7.810727465850394,0.05642322082612033,2.1328493133415476,10.000000000018062,0.7810727465836286,0.005642322082601842,0.21328493133376952,b6_b8_lambda10,105,8192
1000.0,924.9015887553346,141.47453224308197,0.99,0.29253385255418524,785.100117840266,0.5152099814875962,214.38467217824862,1000.0000000000022,0.7851001178402642,0.0005152099814875951,0.21438467217824816,b6_b8_lambda10,105,8192
0.01,2.75581171265753,0.44574907040628253,0.99,1.31910530877604,0.0073704030547910365,0.001623291250170322,0.001006305697080803,0.010000000002042162,0.7370403053285881,0.16232912498388197,0.1006305696875299,b6_b8_lambda10,106,4096
10.0,81.94637972494635,15.883581170394038,0.99,0.5648429428905759,7.809611843886707,0.057843482010562414,2.1325446741706635,10.000000000067931,0.7809611843833655,0.005784348201016948,0.21325446741561768,b6_b8_lambda10,106,8192
1000.0,968.2081624913333,135.1496921492995,0.99,0.32116825470988347,785.1182105828559,0.4921767139731952,214.38961270315852,999.9999999999876,0.7851182105828657,0.0004921767139732013,0.21438961270316118,b6_b8_lambda10,106,8192
0.01,2.568472283365611,0.4726648112029002,0.99,1.2706653190292354,0.007284158801381331,0.0017213107176863804,0.000994530481681931,0.010000000000749642,0.728415880083528,0.17213107175573436,0.09945304816073769,b6_b8_lambda10,107,4096
10.0,72.59155591458212,17.91713146005268,0.99,0.5123852575475101,7.803794701267995,0.06524909339854675,2.130956206426247,10.000000001092788,0.7803794700415205,0.00652490933914164,0.21309562061933787,b6_b8_lambda10,107,8192
1000.0,826.8453981716968,158.2424303218568,0.9899999999999997,0.278753069407537,785.0521518427961,0.5762738939938259,214.37157426320618,999.9999999999961,0.7850521518427991,0.0005762738939938282,0.21437157426320702,b6_b8_lambda10,107,8192
0.01,2.3147780194215857,0.5147567993405643,0.99,1.3037412111001723,0.007149286346768076,0.0018745977587201737,0.0009761158958787346,0.010000000001366985,0.714928634579078,0.1874597758463919,0.0976115895745301,b6_b8_lambda10,108,4096
10.0,69.3935476141457,18.73720988145949,0.9899999999999834,0.5332057128709962,7.801448796391803,0.06823558560750789,2.1303156180013887,10.0000000000007,0.7801448796391257,0.006823558560750312,0.21303156180012395,b6_b8_lambda10,108,8192
1000.0,837.0689679197158,156.31083129206903,0.99,0.2952347922498377,785.0576773459501,0.5692395600780343,214.37308309393413,999.9999999999623,0.7850576773459798,0.0005692395600780558,0.2143730830939422,b6_b8_lambda10,108,8192
0.01,2.3291585737176828,0.5121714068653782,0.99,1.3119829597880597,0.00715757054108126,0.0018651824951518156,0.0009772469645422947,0.01000000000077537,0.7157570540526283,0.1865182495007195,0.0977246964466522,b6_b8_lambda10,109,4096
10.0,62.469494790819624,20.798292353031524,0.99,0.5253861306176484,7.795552894833879,0.07574146136611784,2.1287056438159713,10.000000000015968,0.7795552894821431,0.00757414613659969,0.21287056438125723,b6_b8_lambda10,109,8192
1000.0,696.977040986777,187.70772868438235,0.99,0.28461644043822737,784.9678638527374,0.6835781245375941,214.34855802272082,999.9999999999958,0.7849678638527408,0.000683578124537597,0.21434855802272174,b6_b8_lambda10,109,8192
0.01,2.8150266102265875,0.43786777077578254,0.9899999999999998,1.294346429564446,0.007395656558966541,0.0015945898000057687,0.0010097536421842317,0.010000000001156542,0.7395656558111202,0.15945897998213476,0.10097536420674495,b6_b8_lambda10,110,4096
10.0,73.19117276068555,17.77129577564446,0.99,0.5414506102801001,7.80421187577861,0.06471800134209739,2.131070122879279,9.999999999999986,0.7804211875778622,0.006471800134209748,0.2131070122879282,b6_b8_lambda10,110,8192
1000.0,783.430621396475,167.00629696648585,0.99,0.30268135747358843,785.0270820574694,0.6081894020372182,214.36472854049302,999.9999999999997,0.7850270820574697,0.0006081894020372184,0.2143647285404931,b6_b8_lambda10,110,8192
0.01,3.0198359593994506,0.412633504874568,0.9899999999999999,1.3678788295761535,0.007476512976439494,0.0015026937854956846,0.0010207932383832056,0.010000000000318384,0.7476512976201454,0.15026937854478412,0.10207932383507051,b6_b8_lambda10,111,4096
10.0,78.07170508381125,16.667093693274953,0.99,0.5748510538119417,7.807370540553676,0.06069681162408737,2.131932648940524,10.000000001118288,0.7807370539680587,0.006069681161729972,0.21319326487021126,b6_b8_lambda10,111,8192
1000.0,826.126463722841,158.38006096566704,0.99,0.3206172254641979,785.0517581386468,0.5767751056276479,214.37146675572652,1000.000000000001,0.785051758138646,0.0005767751056276473,0.2143714667557263,b6_b8_lambda10,111,8192
0.01,2.264228730100067,0.5240556218789689,0.9899999999999998,1.2966393865155488,0.0071194907713729135,0.0019084614238753695,0.0009720478066514485,0.010000000001899732,0.7119490770020401,0.19084614235128128,0.09720478064667855,b6_b8_lambda10,112,4096
10.0,67.83934923121086,19.163483272187445,0.9899999999999995,0.5338666689396747,7.800229405130349,0.06978795197525263,2.1299826428942605,9.999999999999861,0.7800229405130457,0.006978795197525359,0.212998264289429,b6_b8_lambda10,112,8192
1000.0,824.3328753040834,158.72446606172485,0.99,0.2955816158189056,785.0507729386022,0.5780293309666601,214.37119773043432,1000.0000000000032,0.7850507729385997,0.0005780293309666582,0.21437119773043364,b6_b8_lambda10,112,8192
0.01,2.288993271377637,0.519458437806862,0.99,1.343374638656989,0.007134221213401474,0.0018917197878852573,0.0009740590030030814,0.010000000004289814,0.7134221210341026,0.18917197870737448,0.09740590025852282,b6_b8_lambda10,113,4096
10.0,63.169530542033236,20.56953515231113,0.99,0.5776144883558446,7.796207274236065,0.07490839274747908,2.128884333018062,10.000000000001606,0.7796207274234813,0.007490839274746705,0.21288843330177198,b6_b8_lambda10,113,8192
1000.0,733.3697365010764,178.39898331392686,0.9899999999999822,0.3307071860096591,784.9944923099669,0.6496783232521238,214.35582936677497,999.999999999994,0.7849944923099715,0.0006496783232521278,0.21435582936677627,b6_b8_lambda10,113,8192
0.01,2.2433556519160716,0.5279940812401895,0.9899999999999993,1.3634157285546746,0.0071068710379704764,0.0019228041719474881,0.0009703247923842358,0.0100000000023022,0.7106871036334332,0.192280417150482,0.09703247921608475,b6_b8_lambda10,114,4096
10.0,64.52358160362867,20.141042033071052,0.99,0.5779077290011192,7.797433015217851,0.07334794276025505,2.1292190420221546,10.00000000000026,0.7797433015217649,0.007334794276025315,0.21292190420220994,b6_b8_lambda10,114,8192
1000.0,768.1244974713164,170.3321034740307,0.9899999999999464,0.3290368268374812,785.0175683053326,0.6203010427826349,214.3621306519095,1000.0000000000248,0.7850175683053131,0.0006203010427826195,0.21436213065190418,b6_b8_lambda10,114,8192
0.01,2.516115075711518,0.4807783074702883,0.99,1.3297838888960007,0.00725816128500636,0.001750857761917199,0.0009909809541128684,0.010000000001036426,0.7258161284254104,0.17508577617357354,0.09909809540101605,b6_b8_lambda10,115,4096
10.0,69.92235027635967,18.59646540560745,0.9899999999999455,0.5448175985730558,7.801851407958535,0.06772303428359969,2.130425557799877,10.00000000004201,0.7801851407925758,0.006772303428331517,0.2130425557790927,b6_b8_lambda10,115,8192
1000.0,791.1716609698275,165.37324583826953,0.989999999999979,0.30188768804287314,785.0317535390118,0.6022422946094154,214.36600416638615,1000.0000000000073,0.7850317535390061,0.000602242294609411,0.2143660041663846,b6_b8_lambda10,115,8192
0.01,2.366888790616503,0.5055099720429332,0.99,1.293131279016064,0.007178915318239683,0.0018409234454335541,0.0009801612381169914,0.01000000000179023,0.7178915316954493,0.18409234451039866,0.098016123794152,b6_b8_lambda10,116,4096
10.0,73.04388844783664,17.806897106614105,0.9899999999999999,0.5350012143048856,7.804110035145754,0.06484765125702546,2.1310423135971344,9.999999999999915,0.7804110035145821,0.006484765125702602,0.21310423135971526,b6_b8_lambda10,116,8192
1000.0,900.7604969425322,145.26415548597822,0.99,0.295916313685287,785.089277300922,0.5290107107768992,214.38171198830514,1000.0000000000041,0.7850892773009188,0.0005290107107768971,0.21438171198830427,b6_b8_lambda10,116,8192
0.01,2.8982182634079674,0.4272546534293941,0.9899999999999999,1.3460002213330138,0.0074296634381706686,0.0015559398472201806,0.0010143967147582353,0.010000000000149086,0.7429663438059902,0.15559398471969837,0.10143967147431121,b6_b8_lambda10,117,4096
10.0,80.12316863399226,16.24287577952483,0.99,0.5467158273948652,7.80858405110314,0.05915193071849529,2.132264018221231,10.000000000042867,0.7808584051069667,0.0059151930718241725,0.21322640182120906,b6_b8_lambda10,117,8192
1000.0,885.2668334500792,147.8051548775368,0.99,0.2979596675525881,785.0820085562132,0.5382643073693623,214.37972713641662,999.9999999999991,0.7850820085562139,0.0005382643073693627,0.21437972713641681,b6_b8_lambda10,117,8192
0.01,2.3358663900650347,0.5109743109017484,0.9899999999999985,1.3375194287199597,0.0071614063141322145,0.0018608230123566853,0.0009777706754228517,0.010000000001911752,0.7161406312763131,0.1860823012000942,0.09777706752359262,b6_b8_lambda10,118,4096
10.0,68.16283271906131,19.073169944466976,0.99,0.5596234591400994,7.800487754081583,0.06945905653969128,2.130053189381211,10.000000000002485,0.7800487754079645,0.006945905653967402,0.21300531893806815,b6_b8_lambda10,118,8192
1000.0,811.8141927804085,161.17065998075836,0.9899999999999778,0.314362221211649,785.0437753929901,0.5869376730106072,214.3692869339792,999.99999999998,0.7850437753930058,0.000586937673010619,0.2143692869339835,b6_b8_lambda10,118,8192
0.01,2.612274526209331,0.46608448095225435,0.9899999999999995,1.3596561429421647,0.007305243699918433,0.0016973470277355076,0.0009974092731621967,0.010000000000816137,0.7305243699322225,0.16973470275969807,0.09974092730807944,b6_b8_lambda10,119,4096
10.0,80.75011468798249,16.11750586474541,0.99,0.5661661662137496,7.808942682374534,0.0586953691702894,2.132361948467073,10.000000000011896,0.7808942682365244,0.005869536917021957,0.21323619484645362,b6_b8_lambda10,119,8192
1000.0,980.1520694966237,133.50358987348855,0.99,0.3160813165660655,785.1229193983697,0.48618207798040697,214.3908985237148,1000.0000000000649,0.7851229193983188,0.0004861820779803754,0.21439089852370088,b6_b8_lambda10,119,8192
0.01,2.938639359337096,0.4222815168684592,0.9899999999999998,1.375823132829933,0.007445598517141356,0.0015378290992652602,0.0010165723842070333,0.010000000000613648,0.7445598516684458,0.15378290991708915,0.10165723841446514,b6_b8_lambda10,120,4096
10.0,74.38554406521193,17.487768240621197,0.99,0.5830545705544184,7.805022930389651,0.06368547475406407,2.131291594858401,10.000000000002116,0.7805022930387999,0.0063685474754050595,0.213129159485795,b6_b8_lambda10,120,8192
1000.0,778.7913652017816,168.0005439638384,0.99,0.3293509520307296,785.0242379294377,0.6118101666298161,214.36395190393182,999.9999999999993,0.7850242379294383,0.0006118101666298166,0.21436395190393195,b6_b8_lambda10,120,8192
0.01,2.786890797491363,0.4415775051182335,0.99,1.3509696501378843,0.007383769712359201,0.0016080995966567609,0.0010081306913941096,0.010000000000410071,0.7383769712056414,0.16080995965908174,0.1008130691352769,b6_b8_lambda10,121,4096
10.0,69.17800261127057,18.79519173404723,0.99,0.5581978085793298,7.801282937143501,0.0684467390124756,2.1302703273693187,10.000000003525296,0.7801282934393319,0.00684467389883461,0.21302703266183354,b6_b8_lambda10,121,8192
1000.0,717.0730147710501,182.45071418102023,0.99,0.30891228562005313,784.9829019894921,0.6644335739106055,214.35266443659734,1000.0000000000001,0.784982901989492,0.0006644335739106054,0.2143526644365973,b6_b8_lambda10,121,8192
0.01,2.766991501517797,0.4442394262685438,0.9899999999999998,1.3172634814855406,0.007375240302745216,0.0016177935558791612,0.0010069661426681468,0.010000000001292524,0.7375240301791949,0.16177935556700576,0.1006966142537994,b6_b8_lambda10,122,4096
10.0,78.32888432149036,16.612701264841647,0.99,0.5562021052834646,7.807526133847548,0.060498729880314295,2.1319751362826374,10.0000000000105,0.7807526133839351,0.006049872988025077,0.21319751362803988,b6_b8_lambda10,122,8192
1000.0,891.9799708623647,146.69335160910495,0.9899999999999993,0.3130708917507833,785.0851889639523,0.5342154362950781,214.3805955997566,1000.000000000004,0.7850851889639492,0.0005342154362950759,0.21438059559975572,b6_b8_lambda10,122,8192
0.01,2.526595975544357,0.4791319204152739,0.99,1.2840620170911865,0.007263436691256422,0.0017448620888396026,0.000991701222912877,0.0100000000030089,0.7263436689070926,0.1744862088314591,0.09917012226144839,b6_b8_lambda10,123,4096
10.0,71.61289836045897,18.160366555080046,0.9899999999999999,0.5435741343032909,7.803098905785755,0.06613488638771078,2.1307662078732306,10.000000000046697,0.7803098905749317,0.006613488638740195,0.21307662078632805,b6_b8_lambda10,123,8192
1000.0,830.647859228109,157.518458655232,0.99,0.3051934350573344,785.0542228252791,0.5736373952329162,214.37213977948954,1000.0000000000016,0.7850542228252778,0.0005736373952329153,0.2143721397794892,b6_b8_lambda10,123,8192
0.01,3.0176748588870383,0.4128845787615533,0.99,1.314735559423358,0.0074757084777054275,0.0015036081251341678,0.0010206833974893811,0.010000000000328977,0.7475708477459494,0.15036081250847025,0.1020683397455803,b6_b8_lambda10,124,4096
10.0,79.74979641724602,16.31846967870763,0.99,0.5458156708552557,7.8083678083076125,0.059427222184606145,2.1322049695218657,10.000000000014085,0.7808367808296615,0.005942722218452244,0.21322049695188625,b6_b8_lambda10,124,8192
1000.0,854.1598905882244,153.18494578855882,0.9899999999999999,0.3018736904901839,785.0666192071109,0.5578559747297633,214.3755248181551,999.9999999999958,0.7850666192071142,0.0005578559747297657,0.214375524818156,b6_b8_lambda10,124,8192
0.01,2.3712113297698663,0.5047578554128427,0.99,1.3302839602590455,0.007181325273271636,0.0018381844507260145,0.0009804902773106873,0.010000000001308337,0.7181325272332076,0.1838184450485518,0.09804902771824062,b6_b8_lambda10,125,4096
10.0,64.44862044788749,20.16429635493262,0.99,0.5458331263298305,7.797366494266643,0.07343262838208287,2.1292008773677447,10.00000000001647,0.77973664942538,0.007343262838196192,0.2129200877364238,b6_b8_lambda10,125,8192
1000.0,726.347949429077,180.12247957274005,0.9899999999999887,0.3024050918406321,784.9895621024432,0.655954806103999,214.35448309144047,999.9999999999876,0.784989562102453,0.0006559548061040072,0.21435448309144312,b6_b8_lambda10,125,8192
0.01,2.9881346068065104,0.4163474166532937,0.9899999999999999,1.3354534279728782,0.007464612744937178,0.0015162187951806515,0.001019168460108756,0.010000000000226585,0.7464612744768041,0.15162187951462963,0.10191684600856632,b6_b8_lambda10,126,4096
10.0,81.6110760958775,15.948460723666416,0.99,0.5505180149518835,7.809426250387521,0.058079754878268046,2.1324939947724855,10.000000000038273,0.7809426250357632,0.005807975487804575,0.21324939947643237,b6_b8_lambda10,126,8192
1000.0,893.3062833038597,146.47566878565488,0.9899999999999999,0.30320339862735274,785.0858116641632,0.5334226974065911,214.3807656384275,999.9999999999973,0.7850858116641654,0.0005334226974065925,0.2143807656384281,b6_b8_lambda10,126,8192
0.01,2.650443006720366,0.46049809698780453,0.99,1.329868049562651,0.007323143764616181,0.0016770030072727922,0.0009998532286622627,0.010000000000551236,0.7323143764212503,0.16770030071803496,0.09998532286071472,b6_b8_lambda10,127,4096
10.0,83.98056141473539,15.50102003941453,0.9899999999999995,0.5472720583445914,7.810706192466576,0.05645030325192065,2.1328435042895397,10.000000000008036,0.7810706192460298,0.0056450303251875285,0.21328435042878258,b6_b8_lambda10,127,8192
1000.0,1032.1332943675327,126.78306641068617,0.99,0.30196208027998317,785.1421440268751,0.46170784425112965,214.39614812893873,1000.000000000065,0.7851421440268241,0.00046170784425109964,0.2143961481289248,b6_b8_lambda10,127,8192
0.01,2.671936968781489,0.457410759388578,0.9899999999999999,1.307399262422609,0.007333036307572536,0.0016657598024208374,0.001001203890527237,0.01000000000052061,0.7333036307190771,0.16657598023341164,0.10012038904751133,b6_b8_lambda10,128,4096
10.0,77.01793533838925,16.893732147851306,0.99,0.5340730652733512,7.806722221123678,0.06152216437228399,2.131755614514839,10.0000000000108,0.7806722221115246,0.006152216437221755,0.2131755614512537,b6_b8_lambda10,128,8192
1000.0,886.7510028478848,147.55790395070744,0.99,0.29257562519317953,785.0827158385301,0.5373638898637177,214.37992027164128,1000.0000000000351,0.7850827158385025,0.0005373638898636989,0.21437992027163374,b6_b8_lambda10,128,8192
0.01,2.362934489887084,0.5061999814078736,0.9899999999999968,1.364610692226394,0.007176704369093191,0.001843436263157675,0.0009798593698601905,0.010000000002111056,0.7176704367578148,0.18434362627685152,0.09798593696533366,b6_b8_lambda10,129,4096
10.0,69.70577487553719,18.65385200060329,0.9899999999999448,0.5792234197565335,7.8016872486938516,0.06793201992982607,2.130380731376668,10.000000000000345,0.7801687248693583,0.006793201992982373,0.21303807313765943,b6_b8_lambda10,129,8192
1000.0,837.2740042236974,156.2725748125459,0.99,0.3291151580652446,785.0577867818857,0.569100240867754,214.37311297724025,999.9999999999937,0.7850577867818906,0.0005691002408677576,0.2143731129772416,b6_b8_lambda10,129,8192
0.01,3.005130588795867,0.41434801146379896,0.99,1.303780970466343,0.007471019301939618,0.001508937530529457,0.0010200431686914894,0.010000000001160565,0.7471019301072558,0.1508937530354335,0.10200431685731068,b6_b8_lambda10,130,4096
10.0,75.07457762169464,17.328278562989446,0.99,0.5511292112059158,7.805479164164991,0.06310465874034557,2.131416177094654,9.999999999999991,0.7805479164164998,0.006310465874034563,0.21314161770946558,b6_b8_lambda10,130,8192
1000.0,775.5701647126456,168.69787735213612,0.99,0.31124299968677505,785.0222431480194,0.6143496563625565,214.36340719561917,1000.0000000000011,0.7850222431480185,0.0006143496563625557,0.21436340719561894,b6_b8_lambda10,130,8192
0.01,2.8964999888305494,0.4274686550579783,0.99,1.2742799876608881,0.007428977727605065,0.0015567191802446697,0.0010143030924090117,0.010000000000258746,0.7428977727412843,0.155671918020439,0.1014303092382767,b6_b8_lambda10,131,4096
10.0,79.21571276253492,16.42783292426934,0.99,0.515448284333119,7.808054965439004,0.059825491999165134,2.132119542562544,10.000000000000712,0.7808054965438448,0.005982549199916087,0.21321195425623923,b6_b8_lambda10,131,8192
1000.0,868.6801286476319,150.62581992950805,0.99,0.27961189127534664,785.0739398041206,0.5485363667016516,214.37752382917856,1000.0000000000009,0.7850739398041199,0.0005485363667016511,0.21437752382917835,b6_b8_lambda10,131,8192
0.01,2.3965612425302,0.500391661292928,0.99,1.3275008359023128,0.007195315569239583,0.0018222840143999385,0.000982400419053511,0.010000000002693032,0.7195315567301862,0.18222840139091917,0.09824004187889475,b6_b8_lambda10,132,4096
10.0,67.85296964224156,19.159663346333286,0.99,0.5619116997581248,7.800240332365925,0.06977404089247764,2.1299856267580553,10.000000000016458,0.7800240332353087,0.006977404089236281,0.21299856267545497,b6_b8_lambda10,132,8192
1000.0,792.7734854461864,165.0393046727395,0.9899999999999997,0.31651702999053427,785.0327088061366,0.6010261759273329,214.36626501799572,1000.0000000000597,0.7850327088060898,0.000601026175927297,0.21436626501798292,b6_b8_lambda10,132,8192
0.01,2.4845993649231106,0.4857978132467698,0.9899999999999999,1.3054063846147552,0.007242077629643761,0.0017691373733580372,0.0009887849990340282,0.010000000002035827,0.72420776281694,0.17691373729978715,0.09887849988327287,b6_b8_lambda10,133,4096
10.0,71.91310969925608,18.085052872774234,0.99,0.5477451795179576,7.803314346939959,0.06586061539171364,2.130825037671072,10.000000000002744,0.7803314346937817,0.006586061539169557,0.2130825037670487,b6_b8_lambda10,133,8192
1000.0,845.6402968087077,154.72737244728523,0.99,0.3062022424560246,785.0622069645226,0.5634730536321555,214.37431998177897,999.9999999999337,0.7850622069645746,0.0005634730536321929,0.21437431998179318,b6_b8_lambda10,133,8192
0.01,2.590569691817401,0.4693220985520346,0.9899999999999999,1.3738904241729735,0.0072948696252542414,0.001709137509578424,0.0009959928661680457,0.010000000001000712,0.7294869624524235,0.17091375094073885,0.09959928660683755,b6_b8_lambda10,134,4096
10.0,77.69981390325478,16.746380164549127,0.9899999999999999,0.579502376993346,7.807143734031746,0.06098555038681532,2.1318707156396024,10.000000000058165,0.7807143733986336,0.00609855503864606,0.21318707156272024,b6_b8_lambda10,134,8192
1000.0,930.2826490963018,140.65661626623566,0.99,0.3250916255741405,785.1024575584541,0.5122313642862659,214.38531107729523,1000.0000000000357,0.7851024575584261,0.0005122313642862477,0.2143853110772876,b6_b8_lambda10,134,8192
0.01,2.511404680937217,0.48152192850036546,0.99,1.3544668954689383,0.007255778551258403,0.0017535658180674151,0.000990655631531814,0.010000000000857632,0.7255778550636124,0.17535658179170238,0.09906556314468523,b6_b8_lambda10,135,4096
10.0,76.0456429113828,17.108383626609605,0.99,0.5623640793633979,7.806108192360614,0.06230386396615387,2.1315879437272716,10.000000000054039,0.7806108192318431,0.006230386396581719,0.21315879437157528,b6_b8_lambda10,135,8192
1000.0,917.6890560198472,142.58586711596004,0.9899999999999999,0.3116255391157523,785.0969387725005,0.5192571467985813,214.38380408081082,1000.0000000001099,0.7850969387724142,0.0005192571467985241,0.21438380408078725,b6_b8_lambda10,135,8192
0.01,2.8769140367161703,0.4299232130035529,0.99,1.3693131329285748,0.007421112757200223,0.0015656579816928828,0.0010132292617830705,0.010000000000676176,0.7421112756698425,0.15656579815870167,0.10132292617145583,b6_b8_lambda10,136,4096
10.0,78.12644227560254,16.65548716882677,0.99,0.5840135521083416,7.8074037412043005,0.06065454396536976,2.131941714931521,10.000000000101192,0.7807403741125296,0.0060654543964755985,0.21319417149099473,b6_b8_lambda10,136,8192
1000.0,863.8550762664707,151.46667460721142,0.9899999999999999,0.32922512295939704,785.071534467848,0.5515985201229399,214.37686701202037,999.9999999999914,0.7850715344678547,0.0005515985201229446,0.21437686701202222,b6_b8_lambda10,136,8192
0.01,2.6091979623296777,0.46654067913070113,0.9899999999999998,1.3173402033277883,0.007303781935990377,0.0016990083716632517,0.0009972096936605528,0.010000000001314182,0.7303781935030528,0.16990083714399712,0.09972096935295013,b6_b8_lambda10,137,4096
10.0,65.1043030219962,19.962692777751876,0.99,0.5513007309965686,7.79794319842664,0.0726984455322067,2.1293583560503677,10.000000000009214,0.7797943198419455,0.007269844553213971,0.21293583560484058,b6_b8_lambda10,137,8192
1000.0,687.0135211567555,190.42810120007965,0.99,0.3073616914204725,784.9600819959702,0.693484946996944,214.34643305703295,1000.0000000000001,0.7849600819959701,0.0006934849469969439,0.21434643305703294,b6_b8_lambda10,137,8192
0.01,2.8900386628290504,0.42827529995465785,0.99,1.2789976531604088,0.007426393051222019,0.0015596567513798847,0.0010139501979268464,0.010000000000528749,0.7426393050829349,0.1559656751297418,0.10139501978732339,b6_b8_lambda10,138,4096
10.0,75.6065327659392,17.20712362762008,0.99,0.5282305021324747,7.805825738155346,0.06266344694752952,2.131510814898953,10.00000000000183,0.7805825738153918,0.006266344694751806,0.21315108148985631,b6_b8_lambda10,138,8192
1000.0,808.8764734206947,161.75566309937125,0.9899999999999999,0.29067133544258117,785.0421019418724,0.5890680878714558,214.36882997026063,1000.0000000000045,0.7850421019418689,0.0005890680878714532,0.21436882997025966,b6_b8_lambda10,138,8192
0.01,2.196117934547329,0.5371295412538764,0.99,1.3506237052550694,0.007077598912336904,0.001956072917282134,0.000966328171497732,0.01000000000111677,0.7077598911546499,0.19560729170636856,0.09663281713898154,b6_b8_lambda10,139,4096
10.0,64.21988612867497,20.235587011688608,0.99,0.5509230519398218,7.79716256182522,0.0736922486640173,2.1291451902157403,10.00000000070498,0.7797162561275537,0.0073692248658822155,0.212914519006564,b6_b8_lambda10,139,8192
1000.0,769.5616198351829,170.01421272951714,0.99,0.3036359960426253,785.0184776587836,0.6191433751659287,214.36237896602518,999.9999999999746,0.7850184776588035,0.0006191433751659444,0.2143623789660306,b6_b8_lambda10,139,8192
0.01,2.596235880473221,0.4684725667694382,0.99,1.286740379809269,0.007297591721185214,0.0017060437566106985,0.0009963645229991546,0.010000000000795067,0.7297591720605007,0.17060437564750566,0.0996364522919937,b6_b8_lambda10,140,4096
10.0,78.04766390562446,16.67219651838025,0.99,0.5256805517726543,7.807355942610385,0.06071539466081031,2.1319286627288094,10.000000000000004,0.7807355942610382,0.006071539466081029,0.21319286627288087,b6_b8_lambda10,140,8192
1000.0,928.7967265546696,140.88152834952604,0.99,0.2876282886331071,785.101814178352,0.51305043008158,214.38513539163534,1000.0000000000689,0.7851018141782979,0.0005130504300815446,0.21438513539162057,b6_b8_lambda10,140,8192
0.01,2.477386105686252,0.4869614437250182,0.99,1.2802820445109886,0.007238349088135666,0.001773374984379975,0.0009882759288334564,0.010000000001349098,0.7238349087159142,0.17733749841407292,0.09882759287001283,b6_b8_lambda10,141,4096
10.0,68.80083565549342,18.89751809648706,0.99,0.5235115204259551,7.800990221118714,0.0688193825014658,2.1301903963801503,10.00000000000033,0.7800990221118457,0.006881938250146352,0.213019039638008,b6_b8_lambda10,141,8192
1000.0,781.6638070917982,167.3835553843396,0.99,0.2877995687508092,785.0260028777024,0.6095632698238563,214.36443385247128,999.9999999999975,0.7850260028777043,0.0006095632698238578,0.2143644338524718,b6_b8_lambda10,141,8192
0.01,2.8729961148680503,0.4304176034858941,0.99,1.3198399003207377,0.007419528615514745,0.0015674584111215306,0.0010130129736382798,0.010000000000274555,0.7419528615311038,0.15674584110784953,0.1013012973610467,b6_b8_lambda10,142,4096
10.0,79.69366697888866,16.329894670781623,0.99,0.5406802333494269,7.808335126161596,0.05946882875408272,2.1321960451171935,10.000000000032873,0.7808335126135928,0.005946882875388723,0.21321960451101843,b6_b8_lambda10,142,8192
1000.0,885.8773939204458,147.703340062249,0.99,0.29589381578097707,785.0822998061432,0.5378935267895087,214.37980666706417,999.9999999999968,0.7850822998061456,0.0005378935267895105,0.21437980666706485,b6_b8_lambda10,142,8192
0.01,2.8494789327596064,0.4334092266534091,0.99,1.3061369012785176,0.007409942763675135,0.001578353051254392,0.0010117041853337785,0.010000000000263305,0.7409942763480027,0.15783530512128333,0.10117041853071398,b6_b8_lambda10,143,4096
10.0,76.83008985581615,16.93478169395904,0.99,0.5298297145588923,7.806604795413021,0.061671655136133284,2.131723549467449,10.000000000016604,0.780660479540006,0.0061671655136030885,0.21317235494639095,b6_b8_lambda10,143,8192
1000.0,836.1437164864263,156.48370157679372,0.9899999999999998,0.2889765079600937,785.057182835839,0.5698691044545421,214.37294805970643,1000.0,0.7850571828358389,0.0005698691044545421,0.21437294805970644,b6_b8_lambda10,143,8192
0.01,2.5908666335804575,0.46927750156233716,0.99,1.3319922494761054,0.007295012524127163,0.0017089751000346556,0.0009960123766274954,0.010000000000789313,0.7295012523551357,0.1708975099899764,0.09960123765488788,b6_b8_lambda10,144,4096
10.0,73.78620194216818,17.628903946579705,0.99,0.5481489175797997,7.804619199728494,0.06419945082665629,2.1311813494725276,10.000000000027677,0.7804619199706893,0.006419945082647861,0.2131181349466629,b6_b8_lambda10,144,8192
1000.0,846.9254162202079,154.49272217801106,0.9899999999999985,0.30333337355146966,785.0628782016298,0.5626185241350601,214.3745032742584,1000.0000000000232,0.7850628782016116,0.0005626185241350471,0.21437450327425342,b6_b8_lambda10,144,8192
0.01,2.690209535823027,0.4548185057751327,0.99,1.28041025439225,0.007341342487830256,0.0016563195525396818,0.001002337961005091,0.010000000001375029,0.73413424868208,0.1656319552311933,0.10023379608672668,b6_b8_lambda10,145,4096
10.0,77.46559213837446,16.79670410787706,0.99,0.5345331495443313,7.806999778138579,0.061168815865762574,2.131831406083708,10.00000000008805,0.7806999778069837,0.006116881586522398,0.2131831406064937,b6_b8_lambda10,145,8192
1000.0,895.4813701297337,146.12007482954021,0.99,0.2969857041160151,785.0868288708954,0.5321277254237033,214.38104340367917,999.9999999999983,0.7850868288708968,0.0005321277254237043,0.21438104340367953,b6_b8_lambda10,145,8192
0.01,2.5086503526933046,0.4819578158351437,0.99,1.3368863156125097,0.007254381868068768,0.0017551531956831678,0.0009904649377203225,0.010000000001472258,0.7254381867000735,0.1755153195424764,0.09904649375745005,b6_b8_lambda10,146,4096
10.0,69.21785455251685,18.784444486251157,0.99,0.5572011005407572,7.801313677794958,0.068407600594767,2.1302787216165435,10.000000000006269,0.7801313677790068,0.006840760059472412,0.2130278721615208,b6_b8_lambda10,146,8192
1000.0,783.7093457292859,166.94693769180728,0.99,0.31195342780855406,785.0272518597249,0.6079732324530296,214.36477490782886,1000.0000000000067,0.7850272518597196,0.0006079732324530255,0.21436477490782743,b6_b8_lambda10,146,8192
0.01,2.894725044256379,0.42768993983641346,0.99,1.3258149947983606,0.007428268680125821,0.0015575250364280651,0.0010142062837931788,0.010000000000347065,0.7428268679868012,0.1557525036374009,0.10142062837579792,b6_b8_lambda10,147,4096
10.0,81.02517317100101,16.063111369898174,0.99,0.5453370148534522,7.809098282466449,0.05849727990122491,2.1324044376655054,10.000000000033179,0.780909828244054,0.005849727990103083,0.21324044376584303,b6_b8_lambda10,147,8192
1000.0,904.1216582930285,144.724406296823,0.9899999999999985,0.3011567308729035,785.0908212993457,0.5270450978475316,214.38213360280804,1000.0000000000014,0.7850908212993447,0.0005270450978475309,0.21438213360280775,b6_b8_lambda10,147,8192
0.01,2.7878160105656913,0.44145451563192595,0.99,1.306102164802008,0.007384163799691233,0.0016076517039515577,0.0010081844974511765,0.010000000001093967,0.738416379888343,0.1607651703775686,0.10081844973408843,b6_b8_lambda10,148,4096
10.0,69.84235470548408,18.61762088771809,0.9899999999999992,0.5493746255238332,7.801790890873417,0.06780007652842635,2.1304090326011678,10.000000000003011,0.7801790890871069,0.0067800076528405934,0.21304090326005262,b6_b8_lambda10,148,8192
1000.0,731.6798964012079,178.81073365646657,0.9899999999999998,0.30771148656608577,784.9933144631246,0.6511778008118237,214.3555077360639,1000.0000000000005,0.7849933144631243,0.0006511778008118235,0.21435550773606382,b6_b8_lambda10,148,8192
0.01,2.5542252591438106,0.47484534611968465,0.99,1.3325136859274085,0.007277171863474704,0.001729251605253192,0.0009935765317597462,0.010000000000487643,0.7277171863119838,0.1729251605168866,0.09935765317112952,b6_b8_lambda10,149,4096
10.0,75.74821905373263,17.175139186783795,0.9899999999999969,0.5380556589196912,7.805917232393077,0.06254696871706607,2.1315357989254697,10.000000000035612,0.7805917232365278,0.006254696871684332,0.21315357989178788,b6_b8_lambda10,149,8192
1000.0,890.9762213419666,146.85852395551333,0.99,0.2939852313831092,785.0847164744517,0.5348169469711437,214.38046657862364,1000.0000000000465,0.7850847164744152,0.0005348169469711188,0.21438046657861368,b6_b8_lambda10,149,8192
0.01,2.66916724259309,0.4578062702342761,0.99,1.3171681444641403,0.007331768999778298,0.0016672001403548772,0.0010010308607697304,0.010000000000902905,0.7331768999116309,0.1667200140204345,0.1001030860679347,b6_b8_lambda10,150,4096
10.0,80.85171942882835,16.097370053335727,0.99,0.5457304961178018,7.809000282565943,0.05862204027597084,2.1323776771593406,10.000000000001254,0.7809000282564964,0.005862204027596348,0.21323776771590733,b6_b8_lambda10,150,8192
1000.0,964.0181203113495,135.7368211427827,0.99,0.3033590464573212,785.1165310506194,0.4943148706651965,214.38915407888916,1000.0000000001738,0.785116531050483,0.0004943148706651106,0.2143891540788519,b6_b8_lambda10,150,8192
0.01,2.375379634711333,0.5040346920355545,0.99,1.376622391368899,0.007183642455895528,0.0018355508955248212,0.0009808066499782696,0.01000000000139862,0.7183642454890811,0.18355508952680974,0.09808066498410921,b6_b8_lambda10,151,4096
10.0,70.39046108054032,18.47362715095554,0.9899999999999999,0.5776145169225287,7.802202797914494,0.06727569232106773,2.130521510683851,10.000000000919412,0.780220279719715,0.0067275692314882314,0.21305215104879685,b6_b8_lambda10,151,8192
1000.0,845.8260676777694,154.69340843658128,0.99,0.32442214174960465,785.0623041215077,0.5633493663716388,214.37434651211308,999.9999999999925,0.7850623041215137,0.000563349366371643,0.21437434651211468,b6_b8_lambda10,151,8192
0.01,2.376909127318024,0.5037698582868093,0.989999999999991,1.2955438218776454,0.007184491045377748,0.0018345864463858884,0.0009809225107289086,0.010000000002492546,0.718449104358698,0.18345864459286093,0.09809225104844091,b6_b8_lambda10,152,4096
10.0,70.67693631086544,18.399249617839864,0.99,0.5430389174954443,7.8024155604467005,0.06700483051398447,2.1305796090393123,9.999999999999996,0.7802415560446703,0.006700483051398449,0.2130579609039313,b6_b8_lambda10,152,8192
1000.0,848.8871081512679,154.13590558105506,0.99,0.3064529210202182,785.0638989058722,0.5613190996422077,214.3747819945635,1000.0000000000779,0.7850638989058111,0.000561319099642164,0.21437478199454682,b6_b8_lambda10,152,8192
0.01,2.9905885055099355,0.4160575492834721,0.9899999999999999,1.302025587907104,0.007465541547106711,0.0015151631807186574,0.0010192952725649696,0.010000000000390339,0.7465541546815302,0.15151631806595148,0.10192952725251826,b6_b8_lambda10,153,4096
10.0,79.71180801252574,16.3262003641845,0.99,0.5408168891072088,7.808345694023417,0.05945537514088935,2.1321989308479945,10.000000000012301,0.7808345694013812,0.005945537514081621,0.21321989308453715,b6_b8_lambda10,153,8192
1000.0,860.0397348743521,152.13824461638893,0.9899999999999998,0.29908039026968375,785.0696133847708,0.5540441869614166,214.37634242826812,1000.0000000000003,0.7850696133847705,0.0005540441869614164,0.21437634242826806,b6_b8_lambda10,153,8192
0.01,2.816258485182339,0.43770677059722674,0.99,1.3517032574604766,0.007396172440297196,0.0015940034831775885,0.0010098240771819105,0.010000000000656695,0.7396172439811493,0.1594003483072911,0.10098240771155959,b6_b8_lambda10,154,4096
10.0,80.35566233799551,16.196157321071155,0.9899999999999977,0.5649945311238384,7.808717693190286,0.058981795389305404,2.1323005114204943,10.000000000000085,0.7808717693190219,0.0058981795389304904,0.2132300511420476,b6_b8_lambda10,154,8192
1000.0,914.4140768564532,143.09627308228224,0.99,0.31647544195672345,785.0954787128043,0.5211159000617352,214.38340538717645,1000.0000000000425,0.7850954787127709,0.000521115900061713,0.21438340538716733,b6_b8_lambda10,154,8192
0.01,2.874909479683851,0.4301760199086812,0.99,1.2511114744793892,0.00742030270540882,0.00156657863249021,0.0010131186627118176,0.010000000000610848,0.7420302704955553,0.15665786323945158,0.10131186626499314,b6_b8_lambda10,155,4096
10.0,75.58308142095228,17.212429057721216,0.9899999999999999,0.5147298268097487,7.805810561532646,0.06268276781398407,2.1315066706691814,10.000000000015813,0.7805810561520303,0.006268276781388495,0.2131506670665811,b6_b8_lambda10,155,8192
1000.0,811.3260230449243,161.26757839455664,0.99,0.28238651949137733,785.0434981496472,0.5872906222898778,214.36921122806368,1000.0000000000008,0.7850434981496466,0.0005872906222898774,0.21436921122806352,b6_b8_lambda10,155,8192
0.01,2.561517408380922,0.4737267610219873,0.9899999999999951,1.3352697557703153,0.007280756071042375,0.001725178036686844,0.000994065895566319,0.01000000000329554,0.7280756068642974,0.17251780361183047,0.09940658952387206,b6_b8_lambda10,156,4096
10.0,67.4629648604125,19.269648482105737,0.9899999999999085,0.5710247009257957,7.799925710524802,0.07017457545414833,2.1298997140206395,9.99999999999959,0.7799925710525122,0.0070174575454151214,0.21298997140207268,b6_b8_lambda10,156,8192
1000.0,741.8329596336854,176.36502046255615,0.99,0.32638068537994974,785.0003106335612,0.6422712094318752,214.35741815700445,999.9999999999975,0.7850003106335631,0.0006422712094318768,0.214357418157005,b6_b8_lambda10,156,8192
0.01,2.4397040726530697,0.4931320173331834,0.99,1.3303694256601664,0.00721857714626035,0.0017958464572594064,0.0009855763997027465,0.010000000003222502,0.7218577143934162,0.17958464566806945,0.09855763993851444,b6_b8_lambda10,157,4096
10.0,69.35875566080452,18.746544731918508,0.9899999999999998,0.5685631173496858,7.801422093272867,0.06826958047610306,2.130308326269711,10.00000000001868,0.7801422093258294,0.006826958047597553,0.21303083262657316,b6_b8_lambda10,157,8192
1000.0,811.8930723896717,161.1550106076424,0.989999999999999,0.32266906268051765,785.0438201593735,0.5868806824477514,214.36929915818624,1000.0000000000074,0.7850438201593677,0.0005868806824477471,0.21436929915818465,b6_b8_lambda10,157,8192
0.01,2.58275461703287,0.47049888094464526,0.99,1.303938580599302,0.007291098942411488,0.0017134230161293142,0.000995478042270582,0.010000000000811384,0.7291098941819899,0.17134230159902897,0.09954780421898105,b6_b8_lambda10,158,4096
10.0,66.16280337838964,19.645606124900358,0.99,0.5342782386031755,7.798850251746418,0.07154370618827377,2.129606042076889,10.00000000001158,0.7798850251737387,0.0071543706188190925,0.21296060420744228,b6_b8_lambda10,158,8192
1000.0,708.4399641096462,184.67256365348155,0.9899999999999999,0.2930725880249482,784.9765462002529,0.672524917330693,214.35092888241573,999.9999999999993,0.7849765462002534,0.0006725249173306935,0.2143509288824159,b6_b8_lambda10,158,8192
0.01,2.440356133572076,0.49302391045838795,0.99,1.295924381308481,0.0072189235433089026,0.0017954527627896035,0.0009856236944464421,0.010000000000544948,0.7218923542915509,0.17954527626917607,0.09856236943927307,b6_b8_lambda10,159,4096
10.0,68.89734891959158,18.871227869873962,0.99,0.5161809553342138,7.801065426550964,0.06872364097857907,2.13021093247685,10.000000000006393,0.7801065426545977,0.006872364097853513,0.2130210932475488,b6_b8_lambda10,159,8192
1000.0,788.6699936199958,165.89749414261684,0.9899999999999999,0.2780930024422018,785.0302538821854,0.60415145772808,214.36559466009544,1000.000000000009,0.7850302538821784,0.0006041514577280746,0.2143655946600935,b6_b8_lambda10,159,8192
0.01,2.3025157015970246,0.5169820737426238,0.99,1.357510762293274,0.007142156053419494,0.0018827015747590917,0.0009751423731602084,0.010000000001338794,0.7142156052463307,0.1882701574507037,0.0975142373029657,b6_b8_lambda10,160,4096
10.0,71.27775442443563,18.245188205947954,0.9899999999999995,0.5653515196395857,7.802856266227006,0.06644378269915642,2.130699951097721,10.000000000023883,0.780285626620837,0.006644378269899773,0.21306999510926322,b6_b8_lambda10,160,8192
1000.0,884.7925473726306,147.88434199743372,0.99,0.3158379462816775,785.0817820346082,0.5385526843226506,214.379665280917,999.9999999998479,0.7850817820347276,0.0005385526843227325,0.21437966528094962,b6_b8_lambda10,160,8192
0.01,2.8087358903116915,0.4386917879286403,0.9899999999999999,1.3236422603262643,0.007393016217241063,0.0015975906359536837,0.0010093931475273132,0.01000000000072206,0.7393016216707243,0.1597590635838328,0.1009393147454429,b6_b8_lambda10,161,4096
10.0,74.36493604691847,17.49258358085613,0.99,0.5548083434483698,7.805009155714454,0.06370301085270996,2.13128783345376,10.000000000020924,0.7805009155698123,0.006370301085257667,0.21312878334493007,b6_b8_lambda10,161,8192
1000.0,807.6888004283288,161.9933777965097,0.99,0.3092643014086164,785.0414219387759,0.5899337771426639,214.36864428408174,1000.0000000000002,0.7850414219387757,0.0005899337771426638,0.2143686442840817,b6_b8_lambda10,161,8192
0.01,2.399392761741186,0.4999086539292605,0.9899999999999998,1.3798625387106669,0.007196863234617883,0.0018205250390497592,0.000982611726966495,0.010000000000634137,0.7196863234161504,0.1820525038934313,0.0982611726904184,b6_b8_lambda10,162,4096
10.0,72.83778059072957,17.85695731693289,0.99,0.5657248697255411,7.803966834412684,0.0650299562954142,2.1310032102502903,10.000000000958389,0.780396683366476,0.006502995628918181,0.21310032100460574,b6_b8_lambda10,162,8192
1000.0,883.1261419726734,148.1632402042927,0.9899999999999998,0.3118677266643837,785.0809842227251,0.5395683522150581,214.37944742508546,1000.0000000000256,0.785080984222705,0.0005395683522150443,0.21437944742507997,b6_b8_lambda10,162,8192
0.01,2.503504453530347,0.48277430016150735,0.99,1.3458574868366484,0.007251765663025982,0.001758126599220901,0.0009901077385251473,0.01000000000077203,0.7251765662466123,0.17581265990851683,0.09901077384487081,b6_b8_lambda10,163,4096
10.0,79.23742607224503,16.423358154849478,0.9899999999999999,0.556119120576238,7.808067765917328,0.05980919616249817,2.1321230379464917,10.000000000026319,0.7808067765896779,0.005980919616234076,0.21321230379408804,b6_b8_lambda10,163,8192
1000.0,983.9605651218621,132.98710413808038,0.99,0.3071118805740454,785.1243968497531,0.48430118392859955,214.39130196643927,1000.000000000121,0.7851243968496582,0.000484301183928541,0.21439130196641334,b6_b8_lambda10,163,8192
0.01,2.5177233309925042,0.4805249410207092,0.99,1.3123840157299531,0.00725897313078982,0.0017499350734182333,0.0009910917981238367,0.01000000000233189,0.7258973129097107,0.17499350730101676,0.0991091797892725,b6_b8_lambda10,164,4096
10.0,70.04073656630204,18.565245261290983,0.9899999999999995,0.5538576703609276,7.801940715809215,0.0676093394035598,2.1304499447969696,10.000000000009743,0.7801940715801613,0.006760933940349392,0.21304499447948938,b6_b8_lambda10,164,8192
1000.0,800.955351718592,163.35440897942823,0.99,0.31141412853166195,785.0375285934041,0.5948902653489699,214.3675811412389,999.999999999992,0.7850375285934104,0.0005948902653489747,0.2143675811412406,b6_b8_lambda10,164,8192
0.01,2.4583445535554613,0.49006014514848084,0.99,1.3536194041517469,0.007228420132442201,0.0017846595730455497,0.0009869202954161085,0.010000000000903859,0.7228420131788853,0.17846595728842415,0.09869202953269049,b6_b8_lambda10,165,4096
10.0,71.7981759189936,18.113812266973042,0.9899999999999565,0.5555067244807723,7.803232078246529,0.06596534892018192,2.1308025728331854,9.999999999999897,0.7803232078246609,0.006596534892018261,0.21308025728332072,b6_b8_lambda10,165,8192
1000.0,842.3261018559231,155.33581446559012,0.9899999999999348,0.3091761038345108,785.0604664644927,0.5656888262944456,214.3738447092375,1000.0000000000247,0.7850604664644734,0.0005656888262944317,0.2143738447092322,b6_b8_lambda10,165,8192
0.01,2.3434581937246066,0.5096261888448679,0.9899999999999999,1.355225033466708,0.007165726007910896,0.0018559135355133705,0.0009783604576134343,0.0100000000010377,0.7165726007167309,0.18559135353207823,0.09783604575119098,b6_b8_lambda10,166,4096
10.0,66.61957893561816,19.51186362569051,0.99,0.5570485477214433,7.799232833956235,0.07105665407048611,2.1297105125256492,10.00000000055237,0.7799232833525428,0.007105665406656116,0.21297105124080104,b6_b8_lambda10,166,8192
1000.0,776.5922895740632,168.4759790617867,0.9899999999999998,0.30803603315522576,785.0228779069491,0.6135415659433798,214.36358052712424,1000.0000000000167,0.785022877906936,0.0006135415659433695,0.21436358052712065,b6_b8_lambda10,166,8192
0.01,2.619189561436633,0.46506235680426006,0.9899999999999967,1.343817100089867,0.007308518822153021,0.0016936247424943324,0.0009978564365179592,0.010000000001165313,0.730851882130135,0.16936247422969722,0.09978564364016777,b6_b8_lambda10,167,4096
10.0,85.12858035013532,15.293142077760523,0.989999999999999,0.5656905159812742,7.811300845036032,0.05569327087953967,2.1330058840845063,10.000000000000078,0.7811300845035971,0.0055693270879539234,0.21330058840844895,b6_b8_lambda10,167,8192
1000.0,1069.9601808654004,122.30283178759535,0.99,0.318743886567593,785.154960118837,0.44539210486945313,214.39964777645045,1000.000000000157,0.7851549601187138,0.0004453921048693832,0.2143996477764168,b6_b8_lambda10,167,8192
0.01,2.8513391284860434,0.4331710771733762,0.99,1.3214691036300537,0.007410705850037372,0.0015774857786276255,0.0010118083720584358,0.010000000000723434,0.7410705849501257,0.1577485778513505,0.10118083719852382,b6_b8_lambda10,168,4096
10.0,78.85889462957442,16.501718346845497,0.99,0.5536293665396256,7.8078436099248245,0.060094561679722616,2.1320618284168056,10.000000000021352,0.7807843609908154,0.00600945616795943,0.21320618284122533,b6_b8_lambda10,168,8192
1000.0,878.8503411846713,148.88369621589683,0.99,0.30941825610375784,785.0789232970553,0.5421920479609715,214.37888465498258,999.9999999999989,0.7850789232970562,0.0005421920479609722,0.21437888465498284,b6_b8_lambda10,168,8192
0.01,2.5165728134197143,0.4807061676982808,0.99,1.3533734299945581,0.007258392437236028,0.0017505950493991844,0.0009910125140972924,0.010000000000732505,0.7258392436704348,0.17505950492709524,0.09910125140247003,b6_b8_lambda10,169,4096
10.0,68.76791229365746,18.90650318949005,0.99,0.5571290045226971,7.800964518687641,0.0688521036529433,2.130183377902972,10.000000000243556,0.7800964518497644,0.006885210365126636,0.21301833778510904,b6_b8_lambda10,169,8192
1000.0,772.1070703925487,169.45406281025544,0.99,0.3077956157151892,785.0200800152477,0.6171034685837515,214.36281651616366,999.9999999999951,0.7850200800152515,0.0006171034685837545,0.2143628165161647,b6_b8_lambda10,169,8192
0.01,2.147717495085692,0.5468236766963577,0.99,1.3412147497813973,0.007046536663007098,0.001991376199524322,0.0009620871390559025,0.010000000001587322,0.7046536661888585,0.19913761992082263,0.09620871389031882,b6_b8_lambda10,170,4096
10.0,63.29016345860135,20.530622143478325,0.99,0.5534817929443436,7.796318588205142,0.0747666826443071,2.1289147291525508,10.000000000002,0.7796318588203582,0.007476668264429214,0.2128914729152125,b6_b8_lambda10,170,8192
1000.0,766.980044975186,170.58610734586736,0.99,0.3085128698351822,785.0168417056516,0.6212260525922544,214.3619322417566,1000.0000000000005,0.7850168417056512,0.0006212260525922541,0.21436193224175648,b6_b8_lambda10,170,8192
0.01,2.781835014926322,0.44225078769084764,0.99,1.3372828687515999,0.007381612359462881,0.001610551500163863,0.0010078361408119988,0.010000000000438743,0.7381612359139018,0.1610551500093201,0.10078361407677806,b6_b8_lambda10,171,4096
10.0,68.27064847671039,19.043257721903448,0.99,0.5534068769337881,7.800573322700826,0.06935012473840617,2.130076555318839,10.000000002758071,0.7800573320549372,0.006935012471927891,0.21300765547313488,b6_b8_lambda10,171,8192
1000.0,703.4426681422353,185.98359928523465,0.99,0.305665805760503,784.9727958714108,0.6772993359688442,214.3499047926199,999.9999999999995,0.7849727958714111,0.0006772993359688445,0.21434990479262,b6_b8_lambda10,171,8192
0.01,2.7717312250475397,0.4436024877279582,0.99,1.2892292759146888,0.007377281200466098,0.0016154740069928655,0.0010072447932369714,0.010000000000695935,0.7377281199952688,0.1615474006880439,0.10072447931668736,b6_b8_lambda10,172,4096
10.0,77.85654637845045,16.71287332559361,0.99,0.5334458467986342,7.807239583147477,0.06086352801569118,2.131896888838138,10.000000000001306,0.7807239583146458,0.006086352801568323,0.21318968888378598,b6_b8_lambda10,172,8192
1000.0,879.279925295372,148.8109964899343,0.9899999999999999,0.29433889597998253,785.0791312607957,0.5419272962500208,214.37894144294796,999.9999999999937,0.7850791312608006,0.0005419272962500242,0.2143789414429493,b6_b8_lambda10,172,8192
0.01,2.7038158869245623,0.4529072338767625,0.9899999999999997,1.2786128203964358,0.007347466645554293,0.0016493592442512219,0.0010031741126730128,0.010000000002478526,0.7347466643733204,0.16493592438424237,0.10031741124243734,b6_b8_lambda10,173,4096
10.0,72.81889130120953,17.86155929660259,0.9899999999999998,0.542288985892911,7.803953669336476,0.06504671539560584,2.130999615306814,10.000000000038895,0.7803953669306123,0.006504671539535285,0.21309996152985256,b6_b8_lambda10,173,8192
1000.0,806.7274595627878,162.18630400953646,0.9899999999999992,0.3053838984787897,785.0408700569479,0.5906363595019455,214.3684935835506,1000.0000000000005,0.7850408700569476,0.0005906363595019452,0.21436849358355048,b6_b8_lambda10,173,8192
0.01,2.5806836426560658,0.47081171500830626,0.9899999999999995,1.3209218192295575,0.007290096550156712,0.0017145622687537378,0.0009953411823147298,0.01000000000122518,0.7290096549263544,0.17145622685436732,0.09953411821927825,b6_b8_lambda10,174,4096
10.0,71.47636822566948,18.194825614834173,0.9899999999999853,0.5480078909595998,7.803000332686382,0.06626037647596672,2.1307392908455616,10.00000000000791,0.780300033268021,0.0066260376475914306,0.2130739290843876,b6_b8_lambda10,174,8192
1000.0,807.0599760567658,162.11952113948885,0.9899999999999651,0.30533246547862075,785.0410610950213,0.59039315529612,214.3685457496805,999.999999999998,0.7850410610950229,0.0005903931552961213,0.21436854574968092,b6_b8_lambda10,174,8192
0.01,2.9399919206541703,0.42211710791453894,0.99,1.3267198850442363,0.007446125321031894,0.001537230368647371,0.0010166443104982212,0.010000000000177487,0.7446125320899736,0.15372303686200872,0.10166443104801771,b6_b8_lambda10,175,4096
10.0,81.99910847168772,15.873426426881956,0.99,0.5401617060675601,7.809640892371488,0.057806501324824,2.1325526063435745,10.000000000039886,0.7809640892340338,0.005780650132459343,0.21325526063350686,b6_b8_lambda10,175,8192
1000.0,909.4330127678982,143.87961635995694,0.9899999999999994,0.29542575136022997,785.0932378927502,0.5239686133323864,214.38279349391362,999.9999999999961,0.7850932378927532,0.0005239686133323884,0.21438279349391445,b6_b8_lambda10,175,8192
0.01,2.390859674299121,0.5013670856902464,0.99,1.3315338007345596,0.007192190083186091,0.0018258362324402955,0.000981973686024341,0.010000000001650727,0.7192190081998857,0.18258362321389,0.0981973685862244,b6_b8_lambda10,176,4096
10.0,73.21711438061973,17.765039948054635,0.99,0.5562895895665086,7.804229771117972,0.06469521939848082,2.1310750094999475,10.0000000000164,0.7804229771105173,0.006469521939837472,0.21310750094964528,b6_b8_lambda10,176,8192
1000.0,897.7068856079857,145.7580191538502,0.9899999999999993,0.31097701153351726,785.0878645619518,0.5308092216971846,214.38132621638366,1000.0000000000326,0.7850878645619263,0.0005308092216971673,0.21438132621637665,b6_b8_lambda10,176,8192
0.01,2.8476861527005477,0.43363899326817434,0.99,1.3257552303762952,0.007409206538404716,0.0015791897958716938,0.001011603666043524,0.010000000000319934,0.7409206538167671,0.157918979582117,0.10116036660111594,b6_b8_lambda10,177,4096
10.0,86.24469029968888,15.096318487395912,0.9899999999999998,0.5459596029576337,7.811863875665568,0.0549764953812203,2.1331596289817445,10.000000000028534,0.7811863875643278,0.005497649538106343,0.21331596289756577,b6_b8_lambda10,177,8192
1000.0,1019.0892175787047,128.40509782737996,0.9899999999999999,0.30002125936553,785.1375040681302,0.46761482102579904,214.39488111087076,1000.0000000000267,0.7851375040681092,0.00046761482102578657,0.21439488111086502,b6_b8_lambda10,177,8192
0.01,3.039506935273961,0.41036211814866175,0.9899999999999999,1.253579878778349,0.007483791024519421,0.0014944220414973045,0.0010217869345477183,0.010000000000564445,0.7483791024097003,0.14944220414129528,0.1021786934490044,b6_b8_lambda10,178,4096
10.0,76.09372055062312,17.097641488756516,0.99,0.5189085124432197,7.806138921121068,0.06226474415740329,2.1315963347274596,10.000000000005931,0.7806138921116438,0.006226474415736636,0.21315963347261951,b6_b8_lambda10,178,8192
1000.0,784.6716969025535,166.74231195625714,0.99,0.2861364721428857,785.0278372090274,0.6072280437625059,214.36493474721178,1000.0000000000017,0.7850278372090261,0.0006072280437625049,0.2143649347472114,b6_b8_lambda10,178,8192
0.01,2.422193178709598,0.4960530272654807,0.9899999999999999,1.3092806693995915,0.007209217553524161,0.0018064839440867751,0.000984298503307832,0.010000000000918769,0.7209217552861801,0.1806483943920801,0.09842985032173977,b6_b8_lambda10,179,4096
10.0,68.47652905527491,18.98639840317546,0.99,0.5320113250717525,7.800735971460417,0.06914305928227933,2.130120969273458,10.000000000016154,0.7800735971447816,0.006914305928216764,0.2130120969270017,b6_b8_lambda10,179,8192
1000.0,789.7288558194805,165.67519429926116,0.99,0.2904802686575914,785.0308897897538,0.6033419049671408,214.36576830525544,999.9999999999764,0.7850308897897724,0.0006033419049671551,0.21436576830526052,b6_b8_lambda10,179,8192
0.01,2.4962097752922783,0.4839364766514149,0.99,1.2859505206540918,0.007248041781826592,0.0017623589152311197,0.0009895993046120574,0.010000000001669769,0.7248041780616337,0.17623589149368465,0.09895993044468172,b6_b8_lambda10,180,4096
10.0,71.48837950143816,18.191788824272884,0.99,0.5328405556540983,7.803009019677848,0.06624931734904681,2.130741662973364,10.00000000000026,0.7803009019677646,0.006624931734904509,0.2130741662973309,b6_b8_lambda10,180,8192
1000.0,831.8995749732474,157.281584628931,0.9899999999999999,0.29468376471148927,785.0549004235592,0.5727747674456355,214.37232480899323,999.999999999998,0.7850549004235607,0.0005727747674456366,0.21437232480899365,b6_b8_lambda10,180,8192
0.01,2.6088599397898795,0.46659085610843826,0.99,1.3635748844900217,0.007303621156641411,0.0016991911019353465,0.0009971877419201075,0.010000000000496865,0.730362115627852,0.16991911018509195,0.09971877418705608,b6_b8_lambda10,181,4096
10.0,74.2068841404074,17.529602878490707,0.99,0.5623420165401516,7.8049032589890714,0.06383782459866548,2.131258916587949,10.000000000175685,0.7804903258851951,0.0063837824597543944,0.21312589165505058,b6_b8_lambda10,181,8192
1000.0,852.2060500087457,153.53595434445995,0.9899999999999999,0.3100038995489144,785.0656151172919,0.55913424799012,214.37525063469522,999.9999999999773,0.7850656151173098,0.0005591342479901327,0.2143752506347001,b6_b8_lambda10,181,8192
0.01,2.6363286685774927,0.46254821474921815,0.99,1.2762035730485788,0.007316574714856215,0.0016844689526776546,0.000998956334401702,0.010000000001935572,0.7316574713440039,0.16844689523516135,0.09989563342083467,b6_b8_lambda10,182,4096
10.0,77.2835007431137,16.836036989372616,0.99,0.5364141649244817,7.80688726307561,0.06131205502567272,2.1318006819705135,10.000000000071797,0.7806887263019558,0.006131205502523252,0.2131800681955208,b6_b8_lambda10,182,8192
1000.0,908.226993620044,144.07057141085278,0.99,0.29984160587839453,785.092691649604,0.5246640172802021,214.38264433311858,1000.0000000000028,0.7850926916496018,0.0005246640172802006,0.21438264433311796,b6_b8_lambda10,182,8192
0.01,2.7174901063815673,0.45100254413913377,0.9899999999999995,1.3256020014625982,0.007353569709906073,0.0016424229063188424,0.0010040073843925093,0.010000000000617425,0.7353569709452046,0.1642422906217435,0.10040073843305193,b6_b8_lambda10,183,4096
10.0,68.60480308013194,18.95114353217959,0.99,0.5462910060782956,7.800836821010981,0.06901467107597008,2.130148507924065,10.000000000011017,0.7800836821002387,0.006901467107589404,0.21301485079217183,b6_b8_lambda10,183,8192
1000.0,721.4830819426638,181.3362201971981,0.99,0.30201986836921574,784.9860900942481,0.660374904016674,214.35353500173605,1000.0000000000008,0.7849860900942475,0.0006603749040166735,0.21435353500173587,b6_b8_lambda10,183,8192
0.01,2.127690496260966,0.5509380088100623,0.99,1.317132930054844,0.0070333533922446595,0.002006359426106004,0.0009602871831544709,0.010000000001505135,0.7033353391186045,0.20063594258040196,0.09602871830099347,b6_b8_lambda10,184,4096
10.0,63.044703952277594,20.60995652485606,0.99,0.535433193306884,7.796091645473173,0.07505559588199656,2.128852758657208,10.000000000012378,0.7796091645463523,0.007505559588190366,0.2128852758654573,b6_b8_lambda10,184,8192
1000.0,767.210845666854,170.53482165223144,0.9899999999999999,0.29318936235332177,785.0169884127276,0.6210392846924083,214.36197230256883,999.9999999999889,0.7850169884127364,0.0006210392846924152,0.21436197230257123,b6_b8_lambda10,184,8192
0.01,2.6172045297127577,0.46535530901047995,0.99,1.367331794337103,0.007307580136008649,0.0016946915910525508,0.0009977282745697142,0.010000000001630914,0.7307580134816846,0.16946915907761612,0.09977282744069933,b6_b8_lambda10,185,4096
10.0,76.01602744575341,17.11500742433374,0.9899999999999658,0.5802360517841406,7.8060892446145616,0.062327985952258656,2.1315827697294165,10.000000000296236,0.7806089244383317,0.0062327985950412276,0.21315827696662715,b6_b8_lambda10,185,8192
1000.0,888.1284292904328,147.32917452148598,0.9899999999999508,0.329253224579372,785.0833701385404,0.536530922380809,214.3800989391641,1000.0000000000854,0.7850833701384734,0.0005365309223807633,0.2143800989391458,b6_b8_lambda10,185,8192
0.01,2.8714181915268706,0.43061703816524777,0.9899999999999981,1.352901244737687,0.0074188895818146795,0.0015681846954627911,0.0010129257242370976,0.010000000001514568,0.7418889580691038,0.1568184695225279,0.10129257240836831,b6_b8_lambda10,186,4096
10.0,79.28697328931904,16.413156380222862,0.9899999999999978,0.5779490152576935,7.808096949072878,0.059772044202825336,2.1321310068935007,10.000000000169203,0.7808096948940763,0.005977204420181397,0.21321310068574242,b6_b8_lambda10,186,8192
1000.0,884.3355709276926,147.9607193920605,0.9899999999999998,0.3289043640881565,785.0815635506997,0.538830829056178,214.3796056202444,1000.0000000000003,0.7850815635506995,0.0005388308290561778,0.21437960562024433,b6_b8_lambda10,186,8192
0.01,2.8016410002675634,0.4396248721913457,0.99,1.2839230277693894,0.007390026400011969,0.0016009886632741687,0.0010089849378149675,0.010000000001101106,0.739002639919825,0.16009886630978828,0.10089849377038676,b6_b8_lambda10,187,4096
10.0,72.76154473240118,17.87554513474766,0.9899999999999999,0.538646177156044,7.803913661627989,0.0650976478376332,2.1309886905352164,10.000000000000838,0.7803913661627335,0.006509764783762774,0.21309886905350378,b6_b8_lambda10,187,8192
1000.0,781.1031855695217,167.5036183716974,0.99,0.2998932529527654,785.0256594273258,0.6100005050527927,214.36434006762178,1000.0000000000003,0.7850256594273255,0.0006100005050527925,0.2143643400676217,b6_b8_lambda10,187,8192
0.01,2.722860306154233,0.45025890002151747,0.99,1.317640883389322,0.0073559525181675425,0.0016397147660903828,0.001004332717147142,0.010000000001405067,0.7355952517133981,0.16397147658599917,0.10043327170060265,b6_b8_lambda10,188,4096
10.0,69.44753804547302,18.72274237859946,0.99,0.5550758848312638,7.801490181920257,0.0681828990796819,2.1303269190096916,10.000000000009631,0.7801490181912742,0.006818289907961623,0.213032691900764,b6_b8_lambda10,188,8192
1000.0,738.9978033488594,177.0412065251419,0.99,0.3117593263539071,784.9983763458697,0.6447336866230943,214.35688996751216,1000.000000000005,0.7849983763458658,0.000644733686623091,0.2143568899675111,b6_b8_lambda10,188,8192
0.01,2.215688218796366,0.5333066967331137,0.99,1.358929613474549,0.007089848189740598,0.0019421512055539203,0.000968000606172583,0.010000000001467101,0.7089848188700446,0.1942151205268987,0.09680006060305676,b6_b8_lambda10,189,4096
10.0,64.232553389298,20.231625765356743,0.99,0.5642468130814464,7.797173892753445,0.07367782293228348,2.129148284314541,10.00000000000027,0.7797173892753235,0.007367782293228149,0.21291482843144835,b6_b8_lambda10,189,8192
1000.0,765.9327410532917,170.81921444857,0.99,0.31671422275047245,785.0161748829796,0.6220749623158907,214.36175015471233,1000.0000000000078,0.7850161748829735,0.0006220749623158857,0.21436175015471065,b6_b8_lambda10,189,8192
0.01,2.563384656609212,0.4734411799003005,0.99,1.3272429931900056,0.007281671138180352,0.0017241380315207028,0.0009941908327328907,0.010000000002433946,0.7281671136408032,0.1724138031101057,0.099419083249091,b6_b8_lambda10,190,4096
10.0,68.13215060031186,19.081699525054784,0.99,0.5648985825920403,7.800463354505591,0.06949011884459567,2.1300465266703266,10.000000000020513,0.780046335448959,0.006949011884445313,0.2130046526665957,b6_b8_lambda10,190,8192
1000.0,755.1921855765008,173.2471205441097,0.9899999999999995,0.31937087057380753,785.0092296512503,0.6309167053116349,214.35985364343477,999.9999999999967,0.7850092296512529,0.000630916705311637,0.2143598536434355,b6_b8_lambda10,190,8192
0.01,2.487509384838931,0.48532994662294027,0.99,1.3081326990864781,0.007243576781807649,0.0017674335362731569,0.0009889896832761377,0.010000000001356944,0.7243576780824735,0.1767433536033326,0.09889896831419373,b6_b8_lambda10,191,4096
10.0,67.61142857978875,19.22763174517272,0.99,0.5403272168630113,7.800045902983346,0.07002156245662487,2.1299325345746523,10.000000000014623,0.7800045902971939,0.007002156245652248,0.21299325345715375,b6_b8_lambda10,191,8192
1000.0,759.5862423424101,172.2455487327157,0.99,0.29818052517521293,785.0120947325399,0.6272692658310081,214.36063600163223,1000.0000000000032,0.7850120947325374,0.000627269265831006,0.21436063600163155,b6_b8_lambda10,191,8192
0.01,2.6329173826704277,0.46304644843457776,0.99,1.3397451844966104,0.007314978258403234,0.001686283377957885,0.0009987383648806549,0.010000000001241774,0.731497825749488,0.16862833777484867,0.0998738364756634,b6_b8_lambda10,192,4096
10.0,71.77554410202015,18.11948611316231,0.99,0.5573142546263045,7.803215847727338,0.06598601145319287,2.130798140819412,9.999999999999943,0.7803215847727383,0.006598601145319324,0.21307981408194243,b6_b8_lambda10,192,8192
1000.0,798.5755279791932,163.8409287031662,0.9899999999999998,0.3123601593044685,785.036136862394,0.5966620317148742,214.36720110589104,999.9999999999999,0.785036136862394,0.0005966620317148743,0.21436720110589105,b6_b8_lambda10,192,8192
0.01,2.383637788201677,0.5026080786861652,0.99,1.3734843943199626,0.007188213654070711,0.001830355575733511,0.0009814307709024544,0.010000000000706678,0.7188213653562736,0.1830355575604164,0.09814307708330988,b6_b8_lambda10,193,4096
10.0,72.11569073870677,18.034583595227204,0.99,0.5626553837093845,7.803458718928558,0.06567682064690387,2.130864460848758,10.000000000424219,0.780345871859752,0.006567682064411774,0.2130864460758363,b6_b8_lambda10,193,8192
1000.0,872.3030671286423,150.0005670768522,0.99,0.31084000629665354,785.0757283930429,0.5462593737649414,214.37801223319363,1000.0000000000016,0.7850757283930417,0.0005462593737649405,0.21437801223319328,b6_b8_lambda10,193,8192
0.01,2.725703842257119,0.4498661304574626,0.9899999999999998,1.3363067311328467,0.007357211041735488,0.0016382844111238924,0.001004504547564952,0.010000000000424333,0.7357211041423297,0.16382844110543746,0.10045045475223276,b6_b8_lambda10,194,4096
10.0,80.18578209464762,16.23026741652739,0.98999999999999,0.5463848750579555,7.808620118397148,0.05910601464891,2.1322738669969814,10.000000000043041,0.780862011836354,0.00591060146486556,0.21322738669878039,b6_b8_lambda10,194,8192
1000.0,931.4917122930702,140.4741393451655,0.9899999999999848,0.3010934476985631,785.1029795491414,0.5115668352742754,214.38545361555222,999.9999999999679,0.7851029795491666,0.0005115668352742918,0.2143854536155591,b6_b8_lambda10,194,8192
0.01,2.2419373758500507,0.5282638390803622,0.99,1.337858058912575,0.0071060066708658045,0.0019237865532258634,0.0009702067774622113,0.01000000000155388,0.7106006669761616,0.192378655292693,0.09702067773114527,b6_b8_lambda10,195,4096
10.0,66.181421615553,19.640118928562163,0.99,0.5519671910394194,7.7988659483446545,0.07152372338091617,2.129610328294647,10.000000000020218,0.7798865948328887,0.007152372338077156,0.2129610328290341,b6_b8_lambda10,195,8192
1000.0,799.1994423747658,163.71309857246368,0.99,0.3051648106614842,785.0365025313482,0.5961965107604767,214.3673009578935,1000.0000000000022,0.7850365025313465,0.0005961965107604755,0.21436730095789303,b6_b8_lambda10,195,8192
0.01,2.7543191391504562,0.44595139423221297,0.99,1.3692427983671744,0.007369754761587687,0.0016240280559611552,0.0010062171834487722,0.010000000000997614,0.736975476085247,0.162402805579914,0.10062171833483906,b6_b8_lambda10,196,4096
10.0,76.87465430923795,16.925025062513473,0.9899999999999998,0.5836231548148083,7.8066327051354705,0.06163612426123474,2.131731170682326,10.000000000079032,0.7806632705073773,0.006163612426074762,0.21317311706654785,b6_b8_lambda10,196,8192
1000.0,870.8591318945872,150.2491406807975,0.9899999999999999,0.3297006830644857,785.075017327122,0.5471646080841962,214.3778180647928,999.9999999999991,0.7850750173271228,0.0005471646080841967,0.21437781806479297,b6_b8_lambda10,196,8192
0.01,2.7821154263746193,0.4422133913255527,0.99,1.3811922057722001,0.007381732186537539,0.0016104153132448053,0.0010078525012019253,0.01000000000098427,0.7381732185810977,0.1610415313086297,0.10078525011027253,b6_b8_lambda10,197,4096
10.0,74.78385614229244,17.39521533232507,0.99,0.5831429320300338,7.805287685860786,0.06334842340345108,2.1313638907523855,10.000000000016623,0.780528768584781,0.006334842340334578,0.21313638907488425,b6_b8_lambda10,197,8192
1000.0,820.5044747518098,159.46463015406476,0.99,0.3296305825906202,785.0486556363152,0.5807247979335133,214.37061956575647,1000.0000000000051,0.7850486556363112,0.0005807247979335103,0.21437061956575537,b6_b8_lambda10,197,8192
0.01,2.4088195370223096,0.4983073104588324,0.99,1.341945561874577,0.007201994309245662,0.001814693401887413,0.0009833122896890079,0.010000000000822082,0.7201994308653599,0.18146934017382302,0.09833122896081715,b6_b8_lambda10,198,4096
10.0,66.52102289140836,19.540566245677084,0.99,0.5431393777383028,7.799150727238602,0.07116118084344988,2.1296880919179544,10.000000000000005,0.7799150727238597,0.007116118084344984,0.21296880919179534,b6_b8_lambda10,198,8192
1000.0,751.7828444191347,174.03229966542273,0.99,0.2994006902922478,785.0069835796484,0.6337761042023217,214.35924031614934,1000.0,0.7850069835796484,0.0006337761042023216,0.21435924031614934,b6_b8_lambda10,198,8192
0.01,2.77933053787065,0.4425850718963343,0.99,1.334205379401316,0.007380541235562955,0.0016117688680999127,0.0010076898966955288,0.010000000000358396,0.7380541235298439,0.16117688680421474,0.10076898966594136,b6_b8_lambda10,199,4096
10.0,72.81822133155002,17.86172256426264,0.9899999999999978,0.5455842732561292,7.803953202283308,0.06504730996995549,2.130999487770162,10.000000000023427,0.7803953202265026,0.00650473099698031,0.213099948776517,b6_b8_lambda10,199,8192
1000.0,781.0038960268469,167.5249002261458,0.9899999999999985,0.30002493930994983,785.0255985487721,0.6100780075096788,214.36432344371804,999.9999999999998,0.7850255985487723,0.0006100780075096789,0.21436432344371809,b6_b8_lambda10,199,8192
0.01,0.5002109853520527,1.4185409932588091,0.9898570423959844,3.2480793864821353,0.004257418728001611,0.005161301701686869,0.00058127957032982,0.010000000000018302,0.4257418727993819,0.5161301701677423,0.05812795703287562,b1,0,4096
10.0,5.1301943039939655,233.49106360011461,0.99,2.147909043101763,7.1871271470888045,0.8503079999461646,1.9625648529650495,10.00000000000002,0.7187127147088791,0.0850307999946163,0.19625648529650455,b1,0,8192
1000.0,37.561878230781616,3441.696690122759,0.99,1.9054603285936345,775.6595518900513,12.53367980717092,211.80676830277665,999.9999999999987,0.7756595518900522,0.012533679807170935,0.21180676830277692,b1,0,8192
0.01,0.4800022542940261,1.5315757934183665,0.9721575230257723,3.244349473966749,0.004410959000777865,0.0049867980638205085,0.0006022429355728711,0.010000000000171243,0.44109590007023297,0.4986798063735113,0.06022429355625581,b1,1,4096
10.0,5.128373540805605,233.56691043132486,0.99,2.1457696188648225,7.186910180782315,0.8505842125187326,1.9625056066989577,10.000000000000005,0.7186910180782311,0.08505842125187321,0.19625056066989566,b1,1,8192
1000.0,37.54141810834516,3443.5488969211992,0.99,1.9033010961612282,775.6542534950971,12.540425017175899,211.80532148772787,1000.0000000000009,0.7756542534950964,0.012540425017175887,0.21180532148772768,b1,1,8192
0.01,0.500223086182877,1.4178692179951862,0.99,3.2527911895104094,0.004255505496175527,0.005163476153432226,0.0005810183504111652,0.010000000000018917,0.42555054961674765,0.5163476153422458,0.05810183504100661,b1,2,4096
10.0,5.12788114288866,233.58743052740346,0.9899999999999993,2.152610152146481,7.186851481303724,0.8506589408684413,1.9624895778280036,10.000000000000169,0.7186851481303602,0.08506589408684269,0.19624895778279705,b1,2,8192
1000.0,37.54540481055903,3443.1878337735343,0.99,1.9101536298488793,775.655286346915,12.539110127953967,211.80560352513092,999.9999999999999,0.775655286346915,0.012539110127953968,0.21180560352513095,b1,2,8192
0.01,0.5004537506290153,1.4175530706311437,0.99,3.2520427743039924,0.0042565185054782,0.005162324834710806,0.000581156659947957,0.010000000000136962,0.4256518505419902,0.5162324834640102,0.058115665993999734,b1,3,4096
10.0,5.129064964740894,233.5381022481545,0.99,2.1518842531027764,7.186992589038515,0.8504793013146977,1.962528109646784,9.999999999999996,0.7186992589038518,0.0850479301314698,0.19625281096467848,b1,3,8192
1000.0,37.54413611117578,3443.302727788139,0.9899999999999998,1.9093940837617118,775.6549577043644,12.539528539255262,211.80551378380514,1000.0000000274248,0.7756549576830922,0.012539528538911368,0.21180551377799642,b1,3,8192
0.01,0.5002631977595287,1.4178142311888136,0.9899999999999991,3.2568149669076965,0.004255681686740901,0.005163275907133135,0.0005810424062963577,0.010000000000170393,0.4255681686668387,0.5163275907045156,0.05810424062864571,b1,4,4096
10.0,5.129241780164715,233.53073637333168,0.9899999999999802,2.1565309815078773,7.187013659752348,0.8504524768948833,1.9625338633563747,10.000000000003608,0.7187013659749756,0.08504524768945765,0.19625338633556666,b1,4,8192
1000.0,37.559497784647576,3441.9120838854683,0.99,1.9140569219886578,775.6589357378878,12.534464209951679,211.8066000521592,999.9999999999986,0.7756589357378888,0.012534464209951695,0.2118066000521595,b1,4,8192
0.01,0.46968595804916397,1.594442667718347,0.962763186589359,3.2413871781219084,0.004493323991650539,0.004893187505835701,0.000613488502326687,0.009999999999812928,0.4493323991734597,0.4893187505927239,0.061348850233816365,b1,5,4096
10.0,5.126791508755133,233.6328525509047,0.9899999999999999,2.1448461226154545,7.186721547745309,0.8508243549505139,1.9624540973043192,10.000000000000142,0.7186721547745207,0.08508243549505018,0.19624540973042914,b1,5,8192
1000.0,37.52830188374185,3444.7373269243867,0.9899999999999999,1.9023697939594135,775.6508538900739,12.544752941009493,211.80439316891616,999.9999999999995,0.7756508538900743,0.012544752941009499,0.21180439316891625,b1,5,8192
0.01,0.5003495777254936,1.4176958319422346,0.99,3.2482245019225178,0.004256061065132937,0.005162844730774628,0.000581094204092817,0.01000000000000038,0.42560610651327746,0.5162844730774432,0.05810942040927949,b1,6,4096
10.0,5.12918474164027,233.53311246493627,0.99,2.1480240539357913,7.187006862737473,0.8504611299443547,1.9625320073181793,10.000000000000007,0.7187006862737467,0.08504611299443542,0.1962532007318178,b1,6,8192
1000.0,37.551381184778656,3442.646714155512,0.99,1.9055650297448576,775.6568342866761,12.537139524312707,211.8060262158817,1000.0000000268706,0.7756568342658338,0.012537139523975827,0.21180602621019035,b1,6,8192
0.01,0.5003335330563293,1.4177178225537646,0.9899999999999978,3.2601215464836484,0.0042559906022115075,0.005162924814323026,0.0005810845835552778,0.01000000000008981,0.4255990602173284,0.5162924814276657,0.05810845835500591,b1,7,4096
10.0,5.1280920341990806,233.57864144277315,0.9899999999999933,2.1599523123795987,7.186876623250369,0.8506269335236396,1.9624964432555678,10.000000000029576,0.7186876623229114,0.08506269335211238,0.19624964432497635,b1,7,8192
1000.0,37.54171793649664,3443.521739790118,0.99,1.9174607920276368,775.6543311803688,12.540326118633667,211.80534270098607,999.9999999999885,0.7756543311803777,0.01254032611863381,0.2118053427009885,b1,7,8192
0.01,0.5001910321962024,1.4179131622070904,0.99,3.2523922781089967,0.004255364689013676,0.005163636185745058,0.0005809991255400006,0.010000000000298735,0.4255364688886553,0.5163636185590802,0.05809991255226441,b1,8,4096
10.0,5.126414738299961,233.64856255369318,0.99,2.152227165310964,7.18667660794712,0.8508815663094597,1.9624418257434268,10.000000000000007,0.7186676607947114,0.0850881566309459,0.19624418257434253,b1,8,8192
1000.0,37.53070662305238,3444.5193777924646,0.99,1.9097515418425015,775.6514773520876,12.543959232301344,211.80456341561003,999.9999999999989,0.7756514773520885,0.012543959232301357,0.21180456341561027,b1,8,8192
0.01,0.5003499158486419,1.4176953685306481,0.9899999999999952,3.261272316952493,0.004256062550059915,0.005162843043161369,0.000581094406834847,0.01000000000005613,0.42560625500360255,0.5162843043132389,0.058109440683158535,b1,9,4096
10.0,5.1296539973894255,233.51356580386306,0.99,2.1611230291275016,7.187062777622669,0.8503899465678841,1.962547275809497,10.00000000000005,0.7187062777622634,0.08503899465678799,0.19625472758094872,b1,9,8192
1000.0,37.558781352516256,3441.976915252456,0.99,1.9186622109031581,775.6587502822522,12.53470030733865,211.806549410407,999.9999999999978,0.7756587502822538,0.012534700307338676,0.21180654941040747,b1,9,8192
0.01,0.4894686809664234,1.4777326899381038,0.9804131352609311,3.246317483105011,0.00433982322338981,0.00506764624373549,0.0005925305307668221,0.009999999997892122,0.43398232243045914,0.5067646244803689,0.059253053089172024,b1,10,4096
10.0,5.1300397763056,233.49749878755716,0.9899999999999999,2.1467256615934653,7.187108738688221,0.8503314350673173,1.9625598262444637,10.000000000000002,0.7187108738688219,0.08503314350673172,0.19625598262444632,b1,10,8192
1000.0,37.549546019814976,3442.8128575726287,0.99,1.9042267582896475,775.6563589982047,12.537744571351913,211.8058964304431,999.9999999999998,0.775656358998205,0.012537744571351915,0.21180589643044317,b1,10,8192
0.01,0.5003117646614874,1.4177476590917732,0.99,3.250092987952506,0.004255894998989388,0.005163033470502769,0.0005810715305286845,0.010000000000020841,0.42558949989805184,0.5163033470492009,0.05810715305274735,b1,11,4096
10.0,5.128726291393637,233.55221218759084,0.9899999999999998,2.149847104325059,7.186952226357855,0.8505306856983068,1.9625170879441185,10.000000000000279,0.7186952226357655,0.0850530685698283,0.19625170879440637,b1,11,8192
1000.0,37.55076261417784,3442.702713590895,0.99,1.9073542035522049,775.6566740954256,12.537343458318421,211.8059824729909,1000.0000000267349,0.7756566740746885,0.012537343457983236,0.2118059824673283,b1,11,8192
0.01,0.4829993359101745,1.5136828003136407,0.9749051743084479,3.245501555845359,0.004386646723980851,0.005014429776222385,0.0005989234993808522,0.009999999999584088,0.43866467241632967,0.5014429776430941,0.05989234994057622,b1,12,4096
10.0,5.128999800432336,233.5408170162174,0.99,2.1463889945065033,7.186984823213902,0.8504891877273351,1.9625259890589428,10.00000000000018,0.7186984823213773,0.08504891877273198,0.19625259890589075,b1,12,8192
1000.0,37.55551169199391,3442.2728243398187,0.9899999999999998,1.9039077831985673,775.6579038091617,12.535777924016392,211.80631826682176,999.9999999999999,0.7756579038091618,0.012535777924016393,0.21180631826682178,b1,12,8192
0.01,0.500230647117319,1.4178588529912084,0.99,3.2505327104390327,0.004255538709316871,0.0051634384070377145,0.0005810228851120636,0.01000000000146665,0.42555387086927327,0.5163438406280418,0.058102288502684785,b1,13,4096
10.0,5.127409066066651,233.60710715182537,0.9899999999999995,2.150335750648196,7.186795194647238,0.8507305975344408,1.962474207818339,10.000000000000018,0.7186795194647225,0.08507305975344392,0.19624742078183355,b1,13,8192
1000.0,37.53797427889684,3443.860854790754,0.99,1.907880584087734,775.65336112341,12.541561078950762,211.80507781076585,1000.0000000131266,0.7756533611132284,0.012541561078786134,0.21180507780798558,b1,13,8192
0.01,0.499168846669076,1.4245369136593458,0.9888633741700156,3.2481971481743224,0.004266506689373165,0.005150972927813864,0.0005825203799890828,0.009999999997176113,0.4266506690577978,0.515097292926844,0.058252038015358,b1,14,4096
10.0,5.129360374166824,233.52579617891718,0.99,2.1479173877639988,7.187027791595376,0.8504344861129549,1.9625377222916442,9.999999999999975,0.7187027791595394,0.0850434486112957,0.1962537722291649,b1,14,8192
1000.0,37.5437279271473,3443.3396946318594,0.99,1.9054000633468204,775.65485193603,12.539663161979002,211.8054849019986,1000.0000000000076,0.7756548519360241,0.012539663161978905,0.211805484901997,b1,14,8192
0.01,0.49690531645897834,1.435899567776377,0.9870821488093476,3.2477171735981796,0.0042810367747753856,0.005134459004625107,0.000584504220982666,0.010000000000383157,0.4281036774611355,0.5134459004428377,0.05845042209602703,b1,15,4096
10.0,5.127679662636401,233.59582801622994,0.9899999999999998,2.147667455845813,7.1868274595731965,0.850689522132748,1.9624830182941209,10.000000000000066,0.718682745957315,0.08506895221327423,0.1962483018294108,b1,15,8192
1000.0,37.53704190435765,3443.9453232192304,0.99,1.9051998797540692,775.6531194839808,12.54186868892679,211.8050118270924,1000.0,0.7756531194839809,0.01254186868892679,0.21180501182709238,b1,15,8192
0.01,0.500290782162803,1.4177764196803258,0.99,3.2564453011522176,0.004255802843603091,0.005163138208380751,0.0005810589482466088,0.010000000000230451,0.4255802843505016,0.5163138208261766,0.058105894823321826,b1,16,4096
10.0,5.128080572518182,233.57911911440695,0.9899999999999942,2.1562263301099014,7.186875257259004,0.8506286730677851,1.9624960702488587,10.000000000575648,0.7186875256845293,0.08506286730188188,0.19624960701358882,b1,16,8192
1000.0,37.54453618980774,3443.2664955861305,0.99,1.913733552000171,775.6550613281156,12.539396591887574,211.80554207999742,1000.0000000000006,0.7756550613281151,0.012539396591887566,0.2118055420799973,b1,16,8192
0.01,0.49524143548502,1.444926448185567,0.9856401763676075,3.247606904388808,0.00429352469021815,0.005120266072115904,0.0005862092377044514,0.010000000000038504,0.42935246902016183,0.5120266072096188,0.05862092377021942,b1,17,4096
10.0,5.129489083069847,233.52043487115816,0.9899999999999999,2.147410964413858,7.187043128071975,0.8504149617559736,1.9625419101721875,10.000000000000137,0.7187043128071877,0.0850414961755962,0.19625419101721606,b1,17,8192
1000.0,37.557886164597974,3442.0579261106154,0.99,1.9049237299236588,775.658518564888,12.534995325827639,211.80648613611876,1000.0000000268344,0.7756585185440736,0.01253499532549127,0.21180648613043507,b1,17,8192
0.01,0.5004456748320549,1.4175641368718026,0.99,3.2525288150257214,0.004256483046567172,0.005162365134809733,0.0005811518186246379,0.010000000000001542,0.42564830465665154,0.5162365134808937,0.05811518186245483,b1,18,4096
10.0,5.129608537338448,233.5154592810113,0.99,2.152257120849004,7.187057361170305,0.8503968420727571,1.9625457967569047,9.999999999999966,0.7187057361170329,0.08503968420727599,0.19625457967569113,b1,18,8192
1000.0,37.55063615133815,3442.7141624529695,0.99,1.909758343902142,775.656641323982,12.537385151815647,211.80597352420202,999.9999999999997,0.7756566413239822,0.01253738515181565,0.21180597352420208,b1,18,8192
0.01,0.5003234404782156,1.4177316556835577,0.99,3.254261289793675,0.0042559462778788484,0.005162975190644764,0.0005810785318063921,0.010000000000330005,0.42559462777384,0.5162975190474383,0.058107853178721615,b1,19,4096
10.0,5.127866841141978,233.5880265895231,0.9899999999999995,2.154137408711935,7.186849776217238,0.8506611115570379,1.9624891122257206,9.999999999999995,0.7186849776217241,0.08506611115570384,0.19624891122257218,b1,19,8192
1000.0,37.53914931712562,3443.7544080556863,0.99,1.91166164602952,775.6536656130718,12.541173430237357,211.8051609567428,1000.000000000052,0.7756536656130315,0.012541173430236707,0.2118051609567318,b1,19,8192
0.01,0.4893057590739322,1.4772405039394287,0.980569445560519,3.246395040056065,0.004336933716689043,0.005070930264551488,0.0005921360167852773,0.009999999998025809,0.43369337175452366,0.5070930265552587,0.05921360169021763,b1,20,4096
10.0,5.127616607586124,233.5984562096511,0.99,2.14671566266654,7.186819941402521,0.8506990932651807,1.962480965332315,10.000000000000016,0.7186819941402509,0.08506990932651794,0.1962480965332312,b1,20,8192
1000.0,37.543068697727364,3443.3993990192275,0.99,1.9042570056777777,775.6546811465519,12.539880588365383,211.8054382650851,1000.0000000000023,0.7756546811465501,0.012539880588365354,0.2118054382650846,b1,20,8192
0.01,0.5004232307026678,1.4175948929975852,0.9899999999999999,3.254851452793766,0.004256384497088725,0.005162477139866359,0.0005811383633358473,0.010000000000290932,0.42563844969648934,0.5162477139716166,0.058113836331894014,b1,21,4096
10.0,5.130272024211318,233.4878271351434,0.99,2.1545765996350896,7.187136405271886,0.8502962136618668,1.9625673810662432,9.999999999999996,0.7187136405271889,0.0850296213661867,0.1962567381066244,b1,21,8192
1000.0,37.55959268835216,3441.903496043875,0.99,1.9120979667032167,775.6589603041396,12.534432935476774,211.80660676038372,1000.0,0.7756589603041395,0.012534432935476774,0.2118066067603837,b1,21,8192
0.01,0.5003230283960312,1.417732220451048,0.99,3.2509291585616764,0.004255944467944189,0.005162977247367226,0.0005810782846899799,0.010000000000001395,0.42559444679435954,0.5162977247366506,0.05810782846898988,b1,22,4096
10.0,5.129266336116989,233.52971344452476,0.9899999999999994,2.1506711293298206,7.187016585924287,0.8504487516794058,1.962534662396392,10.000000000000083,0.7187016585924226,0.08504487516793988,0.19625346623963755,b1,22,8192
1000.0,37.554984103034194,3442.320576684141,0.9899999999999992,1.9081977954373222,775.6577672095226,12.535951824463613,211.80628096601365,999.9999999999999,0.7756577672095227,0.012535951824463614,0.21180628096601367,b1,22,8192
0.01,0.5002746898553254,1.4177984784417863,0.99,3.2509192194477503,0.004255732164478902,0.0051632185401118665,0.0005810492981901861,0.010000000002780954,0.4255732163295402,0.5163218538675999,0.058104929802859896,b1,23,4096
10.0,5.129214307494871,233.5318808144614,0.9899999999999993,2.150666027692677,7.1870103859783345,0.8504566446238611,1.9625329693978173,10.000000000000012,0.7187010385978325,0.085045664462386,0.1962532969397815,b1,23,8192
1000.0,37.55816257504019,3442.0329116213634,0.99,1.9081972835137504,775.6585900998847,12.534904230177135,211.80650566994186,1000.0000000000038,0.7756585900998818,0.012534904230177089,0.21180650566994105,b1,23,8192
0.01,0.4760550606428969,1.5554714091009634,0.9685353962181715,3.2434284510753,0.004442940215927109,0.004950450349283944,0.000606609437481248,0.010000000002692301,0.44429402147309355,0.49504503479511336,0.060660943731793045,b1,24,4096
10.0,5.129161401138584,233.53408478965758,0.99,2.145458668338054,7.187004081320023,0.8504646708742573,1.9625312478057877,10.000000000000068,0.7187004081319974,0.08504646708742515,0.19625312478057744,b1,24,8192
1000.0,37.54944787814859,3442.8217431923463,0.99,1.9029496073705878,775.6563335985461,12.537776930249997,211.805889494643,1000.000000023439,0.7756563335803655,0.012537776929956123,0.21180588948967846,b1,24,8192
0.01,0.5004681890269507,1.4175332861545944,0.99,3.2543405386950335,0.004256581899643273,0.005162252785278056,0.0005811653153646282,0.010000000000285957,0.42565818995215526,0.5162252785130438,0.05811653153480094,b1,25,4096
10.0,5.128229488976035,233.57291324646812,0.9899999999999928,2.154163025210129,7.186893009219474,0.8506060730629906,1.962500917717531,9.999999999999995,0.7186893009219477,0.08506060730629911,0.1962500917717532,b1,25,8192
1000.0,37.530900871883794,3444.5017736101836,0.989999999999992,1.9116772983451704,775.6515277103503,12.543895122879158,211.804577166773,1000.0000000000024,0.7756515277103484,0.012543895122879128,0.21180457716677248,b1,25,8192
0.01,0.5003556017178789,1.4176875757476515,0.9899999999999998,3.256494763051502,0.004256087520067063,0.005162814664063741,0.0005810978160731564,0.01000000000020396,0.42560875199802556,0.5162814663958439,0.05810978160613043,b1,26,4096
10.0,5.1289424265603945,233.54320728418332,0.99,2.1563858328082968,7.186977985649018,0.8504978924029749,1.962524121947892,9.999999999999885,0.7186977985649101,0.08504978924029848,0.19625241219479145,b1,26,8192
1000.0,37.54920753256702,3442.843503686288,0.99,1.9139285382207152,775.6562713323996,12.537856175775698,211.80587249183392,1000.0000000000092,0.7756562713323925,0.012537856175775582,0.21180587249183197,b1,26,8192
0.01,0.49100629767241005,1.4682066954054338,0.981958834624843,3.246987423899946,0.0043253924023731955,0.005084047355165211,0.000590560242670687,0.010000000000209093,0.43253924022827545,0.5084047355058907,0.059056024265833874,b1,27,4096
10.0,5.126897717520212,233.62842440065552,0.9899999999999999,2.1471376765406593,7.1867342148453845,0.8508082288875984,1.9624575562671132,10.000000000000096,0.7186734214845316,0.08508082288875903,0.19624575562670943,b1,27,8192
1000.0,37.52600627512016,3444.945410930258,0.99,1.9046440641025133,775.6502586480915,12.545510723736271,211.80423062817218,999.9999999999999,0.7756502586480916,0.012545510723736273,0.2118042306281722,b1,27,8192
0.01,0.5003068147074243,1.4177544438498946,0.99,3.24963436583406,0.00425587325903902,0.005163058178660843,0.0005810685623007942,0.010000000000000658,0.425587325903874,0.5163058178660503,0.058106856230075596,b1,28,4096
10.0,5.128956812589278,233.5426079394559,0.9899999999999989,2.149437572301706,7.186979700125636,0.8504957097600511,1.962524590114307,9.999999999999993,0.7186979700125641,0.08504957097600517,0.19625245901143082,b1,28,8192
1000.0,37.551290950762436,3442.654882869918,0.99,1.9069883788076016,775.6568108982676,12.537169272445682,211.80601982928695,1000.0000000000002,0.7756568108982674,0.01253716927244568,0.2118060198292869,b1,28,8192
0.01,0.5003897174782345,1.4176408199635606,0.99,3.2520301101149136,0.004256237336323072,0.005162644392805209,0.0005811182709859769,0.010000000000114258,0.42562373362744416,0.5162644392746222,0.058111827097933715,b1,29,4096
10.0,5.130183964776478,233.49149415784927,0.99,2.1517438898153767,7.187125915441794,0.8503095679148935,1.9625645166433061,9.999999999999995,0.7187125915441798,0.08503095679148939,0.19625645166433073,b1,29,8192
1000.0,37.56000113206212,3441.8665365286515,0.99,1.9092781885802246,775.6590660505373,12.534298339441346,211.80663563620007,1000.0000000261787,0.7756590660302315,0.012534298339113214,0.21180663563065524,b1,29,8192
0.01,0.500207400069314,1.4178907225220434,0.99,3.2513149627660196,0.0042554365913709145,0.005163554466798656,0.0005810089426085089,0.010000000000778081,0.42554365910398073,0.516355446639689,0.058100894256330166,b1,30,4096
10.0,5.12807732838668,233.57925429860956,0.99,2.1512126494741475,7.186874870101,0.8506291653702063,1.962495964528913,10.000000000000119,0.7186874870100914,0.08506291653701961,0.19624959645288897,b1,30,8192
1000.0,37.5494548698896,3442.8211100926783,0.99,1.9087720316647583,775.6563353911695,12.537774624681193,211.8058899841487,999.9999999999994,0.77565633539117,0.0125377746246812,0.21180588998414882,b1,30,8192
0.01,0.4595196290795522,1.6608864292824301,0.9531095995504985,3.2377981882896485,0.004579259495562746,0.004795518941307914,0.0006252215631275003,0.00999999999999816,0.45792594955635885,0.4795518941308796,0.06252215631276153,b1,31,4096
10.0,5.128272895264291,233.5711044211029,0.99,2.1438633903109907,7.1868981835181245,0.8505994858358565,1.962502330646016,9.999999999999996,0.7186898183518127,0.08505994858358569,0.19625023306460168,b1,31,8192
1000.0,37.54366652636629,3443.345255504935,0.99,1.9014035166284842,775.6548360469368,12.539683413096068,211.8054805632169,1000.0000000232498,0.7756548360289031,0.012539683412804523,0.21180548055829246,b1,31,8192
0.01,0.5003711933245065,1.4176662070053367,0.99,3.2501926209480567,0.004256155990410524,0.0051627368451859735,0.0005811071645573835,0.01000000000015388,0.42561559903450297,0.5162736845106529,0.05811071645484414,b1,32,4096
10.0,5.128601484752789,233.55741235986503,0.99,2.15003002705174,7.186937350822939,0.8505496232457137,1.9625130259313839,10.000000000000037,0.7186937350822912,0.08505496232457105,0.19625130259313767,b1,32,8192
1000.0,37.545167585092756,3443.209316423191,0.9899999999999991,1.9075403541970768,775.6552248939682,12.539188361649789,211.8055867443796,999.9999999999976,0.7756552248939701,0.01253918836164982,0.2118055867443801,b1,32,8192
0.01,0.4696662590852067,1.5947035618460172,0.962717117784293,3.2418028856432395,0.004493870737452441,0.004892566115164891,0.0006135631513535066,0.01000000000397084,0.4493870735667997,0.48925661132221315,0.06135631511098705,b1,33,4096
10.0,5.1289525791980495,233.5427843089148,0.99,2.14498413480363,7.186979195605814,0.8504963520474296,1.962524452346761,10.000000000000005,0.718697919560581,0.08504963520474292,0.196252445234676,b1,33,8192
1000.0,37.5541041016976,3442.400228999385,0.99,1.9024962172878057,775.6575393573033,12.536241895526015,211.80621874716766,999.999999999997,0.7756575393573056,0.012536241895526051,0.2118062187471683,b1,33,8192
0.01,0.48236530324133453,1.5182056630821017,0.9741659867716145,3.244796935845954,0.004393978410331856,0.005006097070864518,0.0005999245189573095,0.010000000000153685,0.4393978410264327,0.5006097070787583,0.05999245189480896,b1,34,4096
10.0,5.130449726873407,233.48042748725555,0.9899999999999999,2.145902383757611,7.18715757259366,0.8502692662502666,1.962573161156242,10.000000000000167,0.718715757259354,0.08502692662502523,0.19625731611562092,b1,34,8192
1000.0,37.55696532687828,3442.141261962791,0.99,1.9034298665477793,775.6582801545214,12.535298811283118,211.80642103419464,999.9999999999992,0.7756582801545221,0.012535298811283128,0.2118064210341948,b1,34,8192
0.01,0.5001692638811327,1.4179430068415797,0.9899999999999987,3.2583014711301597,0.004255269059744117,0.0051637448714097756,0.0005809860689570634,0.010000000000110955,0.42552690596969023,0.5163744871352481,0.05809860689506171,b1,35,4096
10.0,5.127428739332379,233.60628708836836,0.99,2.1581451843534363,7.1867975406337825,0.8507276110967295,1.962474848429065,10.000000000159577,0.7186797540519098,0.08507276110831538,0.19624748483977483,b1,35,8192
1000.0,37.54415880086156,3443.3006728393925,0.99,1.9156933672676122,775.6549635611736,12.539521055716795,211.8055153831045,999.999999999995,0.7756549635611776,0.012539521055716858,0.21180551538310557,b1,35,8192
0.01,0.5004765626013642,1.4175218123504716,0.99,3.2524748107670365,0.00425661866434572,0.00516221100094899,0.0005811703349720023,0.010000000000266712,0.42566186642321907,0.5162211000811308,0.05811703349565017,b1,36,4096
10.0,5.130921342032048,233.46079141658996,0.99,2.152259637302173,7.1872137432424426,0.8501977572695072,1.9625884994880698,10.000000000000021,0.7187213743242428,0.08501977572695053,0.19625884994880657,b1,36,8192
1000.0,37.5646152197027,3441.4490680369377,0.9899999999999989,1.909782135083549,775.6602602340721,12.53277803800978,211.8069617279173,999.9999999999991,0.7756602602340728,0.012532778038009793,0.2118069617279175,b1,36,8192
0.01,0.48216304107829117,1.5186556829009241,0.9741383645672487,3.2450848672067094,0.004393437854510031,0.005006711430416249,0.000599850715069103,0.009999999999995384,0.43934378545120595,0.500671143041856,0.059985071506937986,b1,37,4096
10.0,5.128481786705931,233.56239989588704,0.99,2.1460751330743713,7.186923083552304,0.8505677864324076,1.9625091300153492,10.00000000000006,0.718692308355226,0.08505677864324025,0.19625091300153374,b1,37,8192
1000.0,37.545091950221895,3443.2161658176965,0.99,1.9036024760298926,775.6552053006953,12.539213305195247,211.8055813941099,1000.0000000000006,0.7756552053006949,0.01253921330519524,0.2118055813941098,b1,37,8192
0.01,0.5003527797139954,1.4176914434308017,0.99,3.2500949445394327,0.004256075126984089,0.005162828749065,0.0005810961240042276,0.010000000000053317,0.42560751269613967,0.5162828749037474,0.058109612400112934,b1,38,4096
10.0,5.1307154046321015,233.46936537709814,0.9899999999999998,2.1498479455512607,7.187189216699748,0.85022898119345,1.9625818021068113,10.000000000000009,0.7187189216699742,0.08502289811934492,0.19625818021068095,b1,38,8192
1000.0,37.571255030979536,3440.848496106679,0.99,1.9073812072342542,775.6619782211186,12.530590925968108,211.80743085291348,1000.0000000000002,0.7756619782211184,0.012530590925968105,0.21180743085291343,b1,38,8192
0.01,0.5002167135597929,1.4178779542913562,0.99,3.258986034240309,0.004255477503147027,0.005163507968536448,0.0005810145284296742,0.01000000000011315,0.4255477503098877,0.5163507968478024,0.058101452842310004,b1,39,4096
10.0,5.127267199690545,233.61302094244817,0.99,2.1587974296048844,7.186778278193009,0.8507521338767718,1.9624695884985712,10.000000000568352,0.7186778277784547,0.08507521338284191,0.19624695883870338,b1,39,8192
1000.0,37.53869589562338,3443.79548272077,0.99,1.9163290336373904,775.653548115459,12.541323012477369,211.80512887206135,999.9999999999977,0.7756535481154607,0.012541323012477398,0.21180512887206182,b1,39,8192
0.01,0.500405336973273,1.4176194144085168,0.99,3.2490404564972795,0.004256305924601687,0.005162566439865955,0.0005811276355722837,0.010000000000039925,0.4256305924584694,0.5162566439845343,0.05811276355699636,b1,40,4096
10.0,5.129929444382971,233.50209369317727,0.9899999999999998,2.1488298805066006,7.1870955945702075,0.850348168405833,1.9625562370239713,10.000000000000012,0.7187095594570199,0.0850348168405832,0.19625562370239688,b1,40,8192
1000.0,37.558183943456335,3442.030977852665,0.99,1.90634792178993,775.6585956315917,12.534897187941903,211.80650718046664,1000.0000000000001,0.7756585956315916,0.012534897187941901,0.21180650718046662,b1,40,8192
0.01,0.5004174239256263,1.4176028505756693,0.99,3.2508301912126965,0.004256358999808206,0.005162506119100942,0.0005811348821071471,0.010000000001016295,0.4256358999375634,0.5162506118576279,0.05811348820480866,b1,41,4096
10.0,5.129086770398852,233.53719383085624,0.9899999999999998,2.1505554273849725,7.186995187643504,0.8504759931174406,1.9625288192391863,10.00000000000013,0.718699518764341,0.08504759931174295,0.1962528819239161,b1,41,8192
1000.0,37.54755796080386,3442.992861268852,0.99,1.9080409272323229,775.6558441027568,12.538400093582865,211.80575582965946,1000.000000025999,0.7756558440825905,0.01253840009325688,0.2118057558241527,b1,41,8192
0.01,0.4551801644824492,1.6902993976640621,0.9489430665396801,3.23679121936335,0.004616344547119876,0.004753370544318684,0.0006302849088334338,0.010000000000271993,0.4616344546994315,0.47533705441893953,0.06302849088162905,b1,42,4096
10.0,5.12889757263424,233.54507598948194,0.9899999999999999,2.143722629904606,7.186972640058799,0.8505046976958219,1.9625226622453893,10.000000000000009,0.7186972640058792,0.08505046976958212,0.19625226622453876,b1,42,8192
1000.0,37.55348147594624,3442.4565874844143,0.99,1.901246227852878,775.6573781390705,12.536447137088352,211.8061747238422,1000.000000000001,0.7756573781390697,0.01253644713708834,0.21180617472384197,b1,42,8192
0.01,0.4804001597612934,1.529555927164181,0.9724457653477996,3.244540752113016,0.004408793470641035,0.004989259260998777,0.000601947268524856,0.010000000000164667,0.4408793470568437,0.498925926091662,0.06019472685149439,b1,43,4096
10.0,5.129529685321331,233.51874365487595,0.9899999999999999,2.1457895948389325,7.187047965939771,0.8504088028276094,1.96254323123262,10.0,0.718704796593977,0.08504088028276094,0.19625432312326202,b1,43,8192
1000.0,37.55034008773614,3442.7409660283874,0.99,1.9032830221540848,775.6565646500832,12.537482762808777,211.80595258711605,1000.000000000008,0.775656564650077,0.012537482762808676,0.21180595258711438,b1,43,8192
0.01,0.5004013025973726,1.4176249432263783,0.99,3.2576779592262564,0.004256288209110036,0.005162586574247055,0.0005811252168171569,0.010000000000174248,0.4256288209035871,0.5162586574157098,0.05811252168070309,b1,44,4096
10.0,5.129190515228199,233.5328719485518,0.99,2.1575641167371415,7.18700755075508,0.8504602540521357,1.962532195192854,10.00000000000007,0.718700755075503,0.08504602540521297,0.19625321951928404,b1,44,8192
1000.0,37.54811257997145,3442.942642743456,0.99,1.9151106035278826,775.6559877366943,12.538217212006025,211.8057950513,1000.0000000000003,0.7756559877366941,0.012538217212006021,0.21180579505129993,b1,44,8192
0.01,0.48303497056262146,1.513093054722494,0.9750171287959268,3.2447059870489006,0.004385261154878321,0.005016004522329679,0.00059873432301272,0.010000000000220721,0.4385261154781529,0.5016004522218965,0.05987343229995047,b1,45,4096
10.0,5.128235028950402,233.57268238329044,0.99,2.1458076668602715,7.186893669623379,0.8506052323250411,1.9625010980518243,10.000000000000245,0.7186893669623203,0.08506052323250203,0.19625010980517762,b1,45,8192
1000.0,37.551822700064534,3442.606744627539,0.9899999999999999,1.9033532208659805,775.656948601798,12.53699396666752,211.806057431531,999.9999999999966,0.7756569486018007,0.012536993966667563,0.21180605743153172,b1,45,8192
0.01,0.5003456046479432,1.4177012773383328,0.99,3.2518284982950894,0.004256043616920058,0.005162864561357409,0.0005810918218301519,0.010000000000107617,0.42560436168742555,0.5162864561301848,0.05810918218238984,b1,46,4096
10.0,5.129686758937797,233.512201256827,0.99,2.151518540831503,7.187066681025381,0.8503849772759413,1.962548341698664,9.999999999999986,0.7187066681025391,0.08503849772759425,0.19625483416986667,b1,46,8192
1000.0,37.55882325694584,3441.973123259568,0.9899999999999994,1.9090304960488782,775.658761149984,12.534686497979754,211.8065523780223,1000.0000000259861,0.7756587611298277,0.012534686497654027,0.21180655237251828,b1,46,8192
0.01,0.46055176124952446,1.6534642681766705,0.9542001032160903,3.238558312612097,0.004569035285231529,0.004807139110774391,0.0006238256176102782,0.010000000013616199,0.456903527901024,0.48071391042288947,0.06238256167608648,b1,47,4096
10.0,5.1271882114535225,233.6163137267258,0.99,2.144033501163622,7.186768858457378,0.8507641252599546,1.9624670162827613,10.000000000000094,0.718676885845731,0.08507641252599465,0.1962467016282743,b1,47,8192
1000.0,37.53825673269913,3443.835266660361,0.99,1.9015630175103335,775.6534343101201,12.541467894262487,211.8050977956168,999.9999999999994,0.7756534343101206,0.012541467894262495,0.21180509779561693,b1,47,8192
0.01,0.4872615388461882,1.4892237176534102,0.978677276719337,3.24565938348895,0.004353848642100252,0.005051705889109661,0.0005944454679347544,0.009999999999144667,0.4353848642472651,0.505170588954175,0.05944454679855993,b1,48,4096
10.0,5.129085718521137,233.53723765160754,0.99,2.146319773338095,7.186995062290422,0.8504761527001458,1.962528785009438,10.000000000000005,0.7186995062290419,0.08504761527001453,0.1962528785009437,b1,48,8192
1000.0,37.55393112583425,3442.415886145467,0.99,1.9038735091374588,775.6574945687073,12.536298914395879,211.80620651689503,999.9999999999982,0.7756574945687087,0.0125362989143959,0.2118062065168954,b1,48,8192
0.01,0.45660355118350626,1.6809802104303564,0.9502339957134907,3.2370272925936066,0.00460524920131019,0.004765980774472918,0.0006287700242855514,0.01000000000006866,0.46052492012785706,0.4765980774440194,0.06287700242812343,b1,49,4096
10.0,5.128330406047005,233.56870787688487,0.99,2.1437461872607537,7.186905039036835,0.8505907583038929,1.9625042026596586,10.000000000000387,0.7186905039036557,0.085059075830386,0.19625042026595826,b1,49,8192
1000.0,37.5399391912783,3443.682857069894,0.9899999999999999,1.9012464455108073,775.6538702907081,12.540912861911165,211.8052168473827,1000.0000000000019,0.7756538702907066,0.012540912861911141,0.2118052168473823,b1,49,8192
0.01,0.4528143922544848,1.7070889540137955,0.9465661213928539,3.2364689455547793,0.004637966683416606,0.004728796266132289,0.000633237051175814,0.010000000000724709,0.46379666830804883,0.47287962657895893,0.06332370511299228,b1,50,4096
10.0,5.129795789992551,233.50766013324932,0.99,2.1437013808658927,7.187079671295323,0.8503684397963165,1.9625518889083764,10.000000000000016,0.7187079671295311,0.08503684397963152,0.19625518889083732,b1,50,8192
1000.0,37.55833000836595,3442.017759622463,0.99,1.9012281677907272,775.6586334633414,12.534849050909536,211.80651751105643,1000.0000000253074,0.7756586334437116,0.012534849050592312,0.21180651750569615,b1,50,8192
0.01,0.5002595161380604,1.4178192779478496,0.99,3.257671939152115,0.004255665515744432,0.005163294285993219,0.0005810401984163065,0.010000000000153959,0.42556655156789125,0.5163294285913725,0.05810401984073609,b1,51,4096
10.0,5.1291599742217855,233.53414423328894,0.9899999999999937,2.1573784083821512,7.1870039112931385,0.8504648873510114,1.9625312013771132,10.000000000021263,0.7187003911277857,0.08504648873492031,0.19625312013729404,b1,51,8192
1000.0,37.55718887327971,3442.1210306107755,0.99,1.9149187184750145,775.6583380280227,12.535225134457106,211.80643683751876,999.9999999999985,0.7756583380280239,0.012535225134457125,0.21180643683751907,b1,51,8192
0.01,0.4561466745486979,1.6836102703242166,0.9498896237279466,3.237349474736712,0.004607839356266554,0.004763036976993214,0.0006291236667755936,0.01000000000003536,0.46078393562502606,0.47630369769763714,0.06291236667733689,b1,52,4096
10.0,5.126460374285504,233.64665958115467,0.9899999999999999,2.143937215602291,7.186682051561783,0.8508746362250776,1.9624433122131375,9.999999999999998,0.7186682051561784,0.08508746362250778,0.1962443312213138,b1,52,8192
1000.0,37.523488360384775,3445.1736747364093,0.99,1.9014544816357721,775.6496057008542,12.546341995552314,211.8040523300466,1000.0000000264531,0.7756496056803358,0.012546341995220424,0.21180405232444371,b1,52,8192
0.01,0.49951705915891814,1.4213171998295295,0.9894597796145121,3.2479939136382976,0.0042598331267450105,0.005158557656982783,0.0005816092162382521,0.009999999999966045,0.42598331267594747,0.5158557657000299,0.0581609216240227,b1,53,4096
10.0,5.128228355701445,233.57296047263162,0.9899999999999997,2.1478148057691313,7.186892874125294,0.8506062450472733,1.9625008808278137,10.00000000000038,0.7186892874125022,0.0850606245047241,0.19625008808277392,b1,53,8192
1000.0,37.55502977580608,3442.3164427659985,0.9899999999999995,1.9053743509101317,775.6577790349436,12.535936769910323,211.80628419514196,999.9999999999959,0.7756577790349468,0.012535936769910374,0.21180628419514283,b1,53,8192
0.01,0.5003584330201877,1.4176836953220575,0.9899999999999998,3.2558763722574398,0.004256099953857683,0.0051628005326581315,0.0005810995137000357,0.01000000000021585,0.4256099953765815,0.5162800532546692,0.05810995136874927,b1,54,4096
10.0,5.1283443305085665,233.56812763502987,0.99,2.1556284084226713,7.18690669886764,0.850588645228199,1.9625046559041237,9.999999999999961,0.7186906698867668,0.08505886452282023,0.19625046559041315,b1,54,8192
1000.0,37.53952055823985,3443.720778709142,0.99,1.9131574912532967,775.6537618151375,12.541050961728462,211.80518722632021,1000.0000000031862,0.7756537618126661,0.012541050961688505,0.21180518722564537,b1,54,8192
0.01,0.50047938551515,1.41751794432655,0.99,3.255061192108774,0.0042566310583995026,0.005162196914706743,0.0005811720271734788,0.010000000000279724,0.4256631058280434,0.5162196914562344,0.0581172027157222,b1,55,4096
10.0,5.130096771450849,233.49512522701914,0.99,2.154941104349487,7.187115528459856,0.8503227912353748,1.9625616803047714,10.000000000000002,0.7187115528459854,0.08503227912353746,0.1962561680304771,b1,55,8192
1000.0,37.55532107264944,3442.2900772405237,0.99,1.9124627365672142,775.6578544557786,12.535840754170437,211.80630479005796,1000.000000000007,0.7756578544557732,0.012535840754170349,0.21180630479005647,b1,55,8192
0.01,0.45631973603879994,1.6829339571958777,0.9499569524648355,3.237239683200961,0.004607735874710136,0.004763154587223591,0.0006291095380937573,0.010000000000027485,0.46077358746974717,0.47631545872104997,0.06291095380920281,b1,56,4096
10.0,5.128431903697872,233.56447846636684,0.99,2.143804573343328,7.186917137624822,0.850575355994515,1.9625075063807513,10.000000000000089,0.7186917137624759,0.08505753559945074,0.1962507506380734,b1,56,8192
1000.0,37.53919891550783,3443.749915105884,0.99,1.9013277543380198,775.653678470538,12.541157068192913,211.80516446768823,1000.0000000064191,0.775653678465559,0.01254115706811241,0.21180516446632863,b1,56,8192
0.01,0.46664406269219383,1.6143995295483546,0.9598037258062464,3.2403491278711822,0.0045200997316608635,0.0048627559849723605,0.0006171442833627633,0.009999999999995988,0.45200997316626773,0.4862755984974311,0.06171442833630109,b1,57,4096
10.0,5.129903960765329,233.50315501479358,0.9899999999999999,2.144430346540226,7.1870925585695415,0.8503520334370985,1.9625554079933896,10.00000000000003,0.718709255856952,0.08503520334370959,0.19625554079933835,b1,57,8192
1000.0,37.55646656694427,3442.186401492506,0.99,1.9019721070262743,775.6581510290612,12.535463196603219,211.80638577433567,1000.0000000000001,0.7756581510290611,0.012535463196603218,0.21180638577433564,b1,57,8192
0.01,0.5005842287386574,1.4173743004944517,0.9899999999999977,3.258575607452207,0.0042570913262820545,0.005161673804752513,0.0005812348690817098,0.010000000000116277,0.42570913262325544,0.5161673804692495,0.058123486907495144,b1,58,4096
10.0,5.130349063922283,233.48461910891754,0.99,2.1584148767228157,7.187145582514116,0.8502845309433859,1.962569887065188,10.00000000052269,0.7187145582138451,0.08502845308989423,0.19625698869626065,b1,58,8192
1000.0,37.54932209419997,3442.8331313915482,0.99,1.9159275728487255,775.6563010032261,12.537818402830306,211.8058805939476,1000.000000000004,0.775656301003223,0.012537818402830256,0.21180588059394675,b1,58,8192
0.01,0.5004046803007416,1.4176203147092181,0.99,3.24984002062718,0.0042563030422194175,0.005162569718504875,0.0005811272420310245,0.010000000002755317,0.4256303041046671,0.5162569717082424,0.058112724187090556,b1,59,4096
10.0,5.127929040956347,233.5854342742329,0.9899999999999999,2.1496800764453576,7.186857191755434,0.8506516710825491,1.962491137162017,10.0,0.7186857191755434,0.08506516710825492,0.1962491137162017,b1,59,8192
1000.0,37.53162250128086,3444.4363761030418,0.99,1.9072083539933762,775.6517147854754,12.543656963771502,211.80462825075384,1000.0000000000007,0.7756517147854749,0.012543656963771493,0.2118046282507537,b1,59,8192
0.01,0.5001155926442412,1.4180165962247866,0.99,3.258066369791776,0.0042550332624019735,0.005164012862999243,0.0005809538747599494,0.010000000000161166,0.42550332623333964,0.5164012862916016,0.05809538747505864,b1,60,4096
10.0,5.126902186996529,233.62823805895744,0.99,2.157856683243484,7.186734747891688,0.8508075502841685,1.9624577018242901,10.000000000000146,0.7186734747891583,0.08508075502841561,0.19624577018242614,b1,60,8192
1000.0,37.54150628181938,3443.540910506605,0.99,1.9153984331263332,775.6542763409144,12.540395932926954,211.80532772615902,1000.0000000000003,0.7756542763409141,0.012540395932926949,0.21180532772615895,b1,60,8192
0.01,0.5003910216197871,1.4176390329096484,0.99,3.249708316135892,0.004256243063794476,0.005162637884863472,0.0005811190529767392,0.010000000001634687,0.4256243063098713,0.5162637884019542,0.058111905288174434,b1,61,4096
10.0,5.129643021578754,233.5140229595095,0.99,2.149575360867828,7.187061469890173,0.8503916113986377,1.9625469187113433,10.000000000000155,0.7187061469890061,0.08503916113986246,0.19625469187113131,b1,61,8192
1000.0,37.55740615288881,3442.101366680942,0.99,1.9070906925778985,775.6583942870988,12.535153524021187,211.80645219999712,1000.0000000111171,0.7756583942784757,0.012535153523881832,0.21180645219764246,b1,61,8192
0.01,0.5003666675403875,1.4176724096821007,0.99,3.254298219296486,0.004256136115779503,0.00516275943356941,0.0005811044510077614,0.010000000000356675,0.4256136115627697,0.5162759433385267,0.05811044509870349,b1,62,4096
10.0,5.129758223259972,233.50922476087683,0.9899999999999982,2.1540676140156734,7.187075195545014,0.8503741377248192,1.9625506667301587,9.999999999999993,0.718707519554502,0.08503741377248197,0.196255066673016,b1,62,8192
1000.0,37.55980879392418,3441.8839408221465,0.99,1.9115762108882257,775.6590162489483,12.534361720924835,211.80662203704617,1000.0000000069193,0.7756590162435812,0.012534361720838105,0.21180662203558062,b1,62,8192
0.01,0.5004157668779139,1.4176051212314504,0.99,3.252222684777197,0.0042563517232265665,0.005162514388183048,0.0005811338886112005,0.010000000000020817,0.4256351723217706,0.5162514388172301,0.05811338886099908,b1,63,4096
10.0,5.129262138203833,233.52988831659934,0.9899999999999981,2.152121697279581,7.187016085687817,0.8504493885137242,1.9625345257984865,10.000000000000028,0.7187016085687796,0.08504493885137218,0.1962534525798481,b1,63,8192
1000.0,37.54883282789128,3442.8774295062585,0.99,1.9096584004233956,775.6561742847033,12.537979723956433,211.80584599134298,1000.0000000000027,0.7756561742847011,0.012537979723956398,0.2118058459913424,b1,63,8192
0.01,0.4682087548421859,1.604665006004199,0.9612125258845293,3.2414676377661116,0.004507909226400328,0.004876610900554682,0.0006154798730445249,0.009999999999999534,0.4507909226400538,0.48766109005549096,0.061547987304455355,b1,64,4096
10.0,5.130120716869086,233.49412803543254,0.99,2.144921356179369,7.187118381011132,0.8503191597474262,1.96256245924144,9.999999999999998,0.7187118381011133,0.08503191597474263,0.19625624592414403,b1,64,8192
1000.0,37.555765318577734,3442.2498690238854,0.99,1.902441225805317,775.6579694937959,12.535694327289065,211.80633620310587,1000.0000000241909,0.7756579694750321,0.012535694326985815,0.2118063361979821,b1,64,8192
0.01,0.5002259227000625,1.4178653294254735,0.99,3.2493349953457322,0.004255517956057713,0.005163461992368055,0.0005810200516004131,0.010000000000026182,0.4255517956046571,0.5163461992354536,0.05810200515988918,b1,65,4096
10.0,5.127137850894213,233.61841316533236,0.99,2.1491946850898693,7.186762852834911,0.8507717708178403,1.9624653763474533,10.000000000000204,0.7186762852834764,0.0850771770817823,0.1962465376347413,b1,65,8192
1000.0,37.53668628659308,3443.9775415030886,0.99,1.9067308236885432,775.6530273208413,12.541986018746984,211.80498666041106,999.9999999999993,0.7756530273208417,0.012541986018746993,0.2118049866604112,b1,65,8192
0.01,0.5003518689198719,1.417692691721061,0.99,3.253833381807028,0.004256071127140061,0.00516283329498285,0.0005810955778921897,0.010000000000015101,0.4256071127133634,0.5162833294975053,0.058109557789131225,b1,66,4096
10.0,5.1286938680930785,233.55356310905134,0.98999999999999,2.153569887451406,7.186948361932089,0.8505356053697292,1.9625160326982558,10.000000000000073,0.7186948361932036,0.0850535605369723,0.19625160326982416,b1,66,8192
1000.0,37.54595557975504,3443.137958283088,0.99,1.9110821944180936,775.6554290199917,12.538928495612781,211.80564248439245,999.999999999997,0.7756554290199941,0.012538928495612818,0.21180564248439307,b1,66,8192
0.01,0.5003445248114742,1.417702757347373,0.99,3.2523393922322215,0.004256038874693328,0.005162869951129109,0.0005810911743581291,0.010000000000180568,0.4256038874616478,0.5162869951035884,0.05810911743476365,b1,67,4096
10.0,5.130066134444841,233.49640109791002,0.99,2.152085670348693,7.187111878722825,0.850327437594035,1.962560683683246,10.000000000000107,0.7187111878722748,0.08503274375940259,0.19625606836832252,b1,67,8192
1000.0,37.56449069526857,3441.4603332935717,0.9899999999999984,1.9096044999628408,775.6602280088534,12.532819062868212,211.80695292828423,1000.0000000000058,0.7756602280088489,0.012532819062868138,0.211806952928283,b1,67,8192
0.01,0.5004071008369544,1.4176169971783175,0.99,3.248753396990347,0.004256313669931145,0.005162557637001535,0.0005811286930679323,0.010000000000000613,0.4256313669930884,0.5162557637001218,0.058112869306789675,b1,68,4096
10.0,5.129874464985574,233.50438344382195,0.9899999999999995,2.1484760748838614,7.187089044543974,0.8503565070259961,1.9625544484301412,10.000000000000112,0.7187089044543894,0.08503565070259865,0.1962554448430119,b1,68,8192
1000.0,37.55729026458091,3442.111854593778,0.99,1.9059796762156358,775.6583642768005,12.535191718014778,211.806444005185,1000.0000000000002,0.7756583642768003,0.012535191718014775,0.21180644400518495,b1,68,8192
0.01,0.5004009026954288,1.4176254912787836,0.9899999999999998,3.2540630291892576,0.004256286453119725,0.00516258857009793,0.0005811249770659464,0.0100000000002836,0.42562864529990163,0.516258856995152,0.05811249770494657,b1,69,4096
10.0,5.130833691104393,233.46444058250714,0.9899999999999982,2.153827199271291,7.187203304493404,0.8502110464931821,1.9625856490136657,10.000000000000252,0.7187203304493223,0.08502110464931607,0.19625856490136162,b1,69,8192
1000.0,37.56835586559176,3441.110700355205,0.99,1.9113655452380036,775.6612281830403,12.53154579921552,211.80722604251557,1000.0000000247715,0.775661228163826,0.012531545798905095,0.2118072260372688,b1,69,8192
0.01,0.5003114260880432,1.4177481231659879,0.99,3.251525149794631,0.004255893512008934,0.005163035160528979,0.0005810713275062865,0.0100000000000442,0.4255893511990123,0.5163035160506159,0.05810713275037182,b1,70,4096
10.0,5.129571185848143,233.51701504781371,0.9899999999999984,2.151268336088111,7.187052910767195,0.8504025077326581,1.9625445815001623,10.000000000000016,0.7187052910767184,0.08504025077326567,0.1962544581500159,b1,70,8192
1000.0,37.558101801645236,3442.0384114179415,0.9899999999999989,1.9088169394840728,775.6585743672498,12.534924258870896,211.80650137388366,1000.0000000000043,0.7756585743672465,0.012534924258870843,0.21180650137388274,b1,70,8192
0.01,0.4876849230806218,1.4870848697114787,0.9789948686591445,3.2459272781505795,0.004351373221797594,0.005054519285940482,0.0005941074905494314,0.009999999998287507,0.4351373222542763,0.5054519286806064,0.059410749065117195,b1,71,4096
10.0,5.128382831601122,233.5665232831543,0.99,2.1465221642035135,7.1869112882525545,0.8505828026352814,1.9625059091121644,10.0,0.7186911288252554,0.08505828026352814,0.19625059091121644,b1,71,8192
1000.0,37.54164164219539,3443.5286501726923,0.99,1.9040421838802155,775.6543114164961,12.540351284280247,211.8053373041312,1000.0000000049075,0.7756543114126895,0.012540351284218704,0.21180533730309176,b1,71,8192
0.01,0.5002673093103578,1.417808595102744,0.99,3.252837649070822,0.004255699745934889,0.00516325538211178,0.0005810448719783103,0.01000000000002498,0.42556997459242585,0.5163255382098882,0.05810448719768588,b1,72,4096
10.0,5.128342473778709,233.56820500606776,0.99,2.152612630642276,7.18690647754122,0.8505889269914985,1.962504595467256,9.999999999999975,0.7186906477541238,0.08505889269915005,0.1962504595467261,b1,72,8192
1000.0,37.54617498771742,3443.118089964117,0.99,1.9101617918858491,775.6554858550088,12.538856140849793,211.80565800414107,999.9999999999997,0.7756554858550091,0.012538856140849798,0.21180565800414114,b1,72,8192
0.01,0.5003274368717913,1.4177261780780561,0.9899999999999998,3.2590277106731924,0.004255963829183007,0.005162955242764499,0.0005810809281444532,0.010000000000091958,0.425596382914387,0.5162955242717021,0.05810809281391097,b1,73,4096
10.0,5.127421951723898,233.6065700210306,0.9899999999999538,2.158776322056592,7.186796731156549,0.8507286414567141,1.962474627387815,10.000000000001078,0.7186796731155773,0.08507286414566224,0.19624746273876034,b1,73,8192
1000.0,37.5310497947723,3444.488277302434,0.9899999999999994,1.9162925965734336,775.6515663176828,12.5438459731681,211.80458770914856,999.9999999999994,0.7756515663176832,0.012543845973168107,0.21180458770914867,b1,73,8192
0.01,0.48992296444830913,1.473445834115887,0.9811822252389228,3.246606489767224,0.004331249706024401,0.005077390333497862,0.0005913599598625315,0.009999999999384794,0.43312497062908617,0.5077390333810227,0.059135995989891235,b1,74,4096
10.0,5.126886391555108,233.62889660486377,0.99,2.146827771548356,7.186732864065069,0.8508099485209312,1.962457187414035,10.000000000000036,0.7186732864065044,0.08508099485209282,0.1962457187414028,b1,74,8192
1000.0,37.54042119393828,3443.6391961759673,0.9899999999999999,1.904369719912796,775.6539951864053,12.540753861361774,211.8052509522344,1000.0000000000014,0.7756539951864042,0.012540753861361756,0.2118052509522341,b1,74,8192
0.01,0.5003232144265954,1.4177319654965865,0.99,3.256559067465385,0.0042559452850355235,0.005162976318895639,0.0005810783962501834,0.010000000000181346,0.42559452849583435,0.516297631880201,0.05810783962396458,b1,75,4096
10.0,5.128671838063917,233.55448100228588,0.9899999999999918,2.156496212040362,7.186945736220347,0.8505389480756581,1.9625153157039028,9.999999999999908,0.7186945736220413,0.0850538948075666,0.1962515315703921,b1,75,8192
1000.0,37.549797708486196,3442.790070422016,0.9899999999999868,1.9140347799786914,775.6564241827899,12.537661587033778,211.80591423018052,1000.0000000000042,0.7756564241827867,0.012537661587033726,0.21180591423017964,b1,75,8192
0.01,0.4807190214979257,1.5278066270214885,0.9727044343715617,3.2447073328200178,0.004406674240678898,0.0049916678363821215,0.0006016579229940255,0.010000000000055045,0.44066742406546416,0.4991667836354645,0.06016579229907137,b1,76,4096
10.0,5.131818670502018,233.42343955411346,0.9899999999999999,2.1458955010351186,7.187320591419592,0.8500617324170484,1.9626176761636434,10.000000000000284,0.7187320591419388,0.08500617324170243,0.19626176761635875,b1,76,8192
1000.0,37.57554896630402,3440.460220606763,0.9899999999999999,1.903432121628682,775.6630889161833,12.529176937104161,211.80773414671248,999.9999999999999,0.7756630889161833,0.012529176937104163,0.2118077341467125,b1,76,8192
0.01,0.4580767858471406,1.6714918882318932,0.9515498734581843,3.2376497316885287,0.004594029790385003,0.0047787320089049306,0.0006272382007138991,0.010000000000003832,0.4594029790383242,0.47787320089030993,0.06272382007136587,b1,77,4096
10.0,5.129307990556275,233.52797826363314,0.9899999999999999,2.143934435337435,7.187021549556634,0.8504424326444493,1.9625360177989315,10.000000000000014,0.7187021549556624,0.0850442432644448,0.19625360177989287,b1,77,8192
1000.0,37.54255063534795,3443.4463197934497,0.99,1.901421944448014,775.6545469256889,12.540051460471021,211.80540161384147,1000.0000000000014,0.7756545469256879,0.012540051460471005,0.21180540161384118,b1,77,8192
0.01,0.4876740428685588,1.4874581955019428,0.9789192379547724,3.246039245757088,0.004352368510790422,0.005053388106805466,0.0005942433806732523,0.009999999998269142,0.4352368511543755,0.5053388107680136,0.059424338077610744,b1,78,4096
10.0,5.13004011181047,233.49748481533135,0.99,2.1465107313437914,7.187108778657037,0.8503313841844475,1.962559837158615,10.0000000000001,0.7187108778656965,0.08503313841844391,0.19625598371585956,b1,78,8192
1000.0,37.554794097866214,3442.337774472745,0.9899999999999999,1.9040277931807996,775.6577180137857,12.536014453915119,211.80626753229777,999.9999999999985,0.7756577180137869,0.012536014453915138,0.2118062675322981,b1,78,8192
0.01,0.45727762303341146,1.676757075806212,0.9508113955027998,3.237605169615351,0.0046004609401747104,0.004771422792802541,0.0006281162670318538,0.010000000000009106,0.46004609401705215,0.4771422792798196,0.06281162670312819,b1,79,4096
10.0,5.129371509321318,233.52533233967364,0.99,2.143996527751819,7.1870291184474855,0.8504327969424429,1.9625380846107268,10.000000000000654,0.7187029118447016,0.08504327969423874,0.19625380846105986,b1,79,8192
1000.0,37.54622341935721,3443.1137043051895,0.99,1.901483038470196,775.6554984005596,12.538840169528177,211.80566142991282,1000.0000000000006,0.7756554984005591,0.01253884016952817,0.2118056614299127,b1,79,8192
0.01,0.5003418002223547,1.417706491637267,0.99,3.250172219539728,0.004256026909276254,0.00516288355035009,0.0005810895406798512,0.010000000000306195,0.42560269091459363,0.5162883550192006,0.05810895406620585,b1,80,4096
10.0,5.127983701883549,233.5831562062972,0.99,2.1500244174991825,7.186863708362467,0.8506433750074862,1.9624929166301779,10.00000000000013,0.7186863708362374,0.08506433750074752,0.19624929166301525,b1,80,8192
1000.0,37.53744154072894,3443.9091176979273,0.99,1.9075616017974086,775.6532230630161,12.541736838722626,211.80504011107428,1000.000000012813,0.7756532230530777,0.01254173683856193,0.21180504010836043,b1,80,8192
0.01,0.4968178158823885,1.4362352850425604,0.9870361076635007,3.2476652841437437,0.004281283664448387,0.005134178407835542,0.0005845379296526865,0.010000000001936614,0.42812836636192675,0.513417840684125,0.05845379295394841,b1,81,4096
10.0,5.12824163392184,233.57240713987937,0.99,2.1474744151938094,7.1868944569804345,0.8506042299668748,1.9625013130527906,10.0000000000001,0.7186894456980363,0.08506042299668663,0.1962501313052771,b1,81,8192
1000.0,37.54585829993491,3443.146767455625,0.99,1.9049929985567022,775.6554038206071,12.53896057611199,211.80563560328048,999.9999999999997,0.7756554038206074,0.012538960576111993,0.21180563560328056,b1,81,8192
0.01,0.4712670210402587,1.5851292393205223,0.9641043334345246,3.2420454747617233,0.004482114807470363,0.004905927120529919,0.0006119580750466202,0.010000000003046903,0.44821148061047056,0.4905927119035131,0.061195807486016246,b1,82,4096
10.0,5.1275721532014495,233.60030914549313,0.9899999999999999,2.1449612128064452,7.1868146409220826,0.8507058411301549,1.9624795179477903,10.000000000000027,0.7186814640922063,0.08507058411301527,0.1962479517947785,b1,82,8192
1000.0,37.52582445434568,3444.961893034913,0.99,1.902466359294565,775.6502114996312,12.545570746870467,211.8042177534993,1000.0000000000009,0.7756502114996304,0.012545570746870457,0.2118042177534991,b1,82,8192
0.01,0.47471539713503313,1.5632830596284315,0.9673843286619284,3.2429186760658286,0.004452687230915884,0.0049393725515164775,0.0006079402299277154,0.010000000012360077,0.44526872254123284,0.4939372545411375,0.06079402291762966,b1,83,4096
10.0,5.12928233988595,233.52904677941805,0.99,2.1452276834228003,7.1870184929764145,0.8504463238748285,1.9625351831487599,10.000000000000002,0.7187018492976414,0.08504463238748285,0.19625351831487595,b1,83,8192
1000.0,37.55715012842322,3442.1245370730526,0.99,1.9027457925897,775.6583279974915,12.535237903994748,211.80643409851504,1000.0000000000013,0.7756583279974905,0.012535237903994733,0.21180643409851477,b1,83,8192
0.01,0.5003695167236779,1.4176685047811832,0.99,3.2483590587508346,0.004256148627670439,0.005162745213031638,0.0005811061592979372,0.010000000000000014,0.42561486276704324,0.5162745213031631,0.05811061592979364,b1,84,4096
10.0,5.126808479363445,233.63214498594667,0.99,2.1481701669124873,7.186723571794928,0.8508217782003162,1.9624546500048015,10.000000000000044,0.7186723571794895,0.08508217782003125,0.19624546500047926,b1,84,8192
1000.0,37.52089326572407,3445.4089668293996,0.99,1.9056806548600835,775.6489326070473,12.54719886238871,211.8038685305644,1000.0000000000003,0.775648932607047,0.012547198862388705,0.21180386853056432,b1,84,8192
0.01,0.5005313940576372,1.4174466846974534,0.99,3.258679969193403,0.004256859390563955,0.005161937407418713,0.0005812032021249987,0.010000000000107666,0.42568593905181235,0.5161937407363136,0.05812032021187411,b1,85,4096
10.0,5.129350828641921,233.52619380548802,0.9899999999999891,2.1584963162442232,7.187026654234643,0.8504359341557002,1.96253741171634,10.000000000106683,0.718702665415797,0.08504359341466275,0.19625374116954034,b1,85,8192
1000.0,37.54106505476298,3443.580875529618,0.9899999999999803,1.9160003298926367,775.6541620175703,12.54054147416482,211.80529650826455,999.9999999999997,0.7756541620175706,0.012540541474164824,0.21180529650826463,b1,85,8192
0.01,0.46299156935266117,1.6379147420572167,0.9564029313652246,3.239789444741484,0.00455004430134558,0.004828722983892486,0.0006212327152770499,0.010000000000515116,0.45500443011112,0.4828722983643751,0.062123271524504926,b1,86,4096
10.0,5.129043254130079,233.53900671284597,0.99,2.1444960835374,7.186990001740571,0.8504825951176852,1.9625274031419586,10.000000000000215,0.7186990001740416,0.08504825951176669,0.19625274031419165,b1,86,8192
1000.0,37.551148404336175,3442.6677876028166,0.99,1.9020029405411734,775.6567739946064,12.537216267810095,211.8060097521272,1000.0000000145437,0.7756567739833254,0.012537216267627757,0.21180600974904676,b1,86,8192
0.01,0.48739992928932324,1.4885965098262663,0.9787657818353985,3.2460862576582517,0.0043532510017779335,0.0050523851254247265,0.0005943638701094139,0.009999999997312074,0.43532510029480553,0.505238512678277,0.05943638702691745,b1,87,4096
10.0,5.129331415651454,233.52700246594281,0.99,2.1465691886005382,7.187024340908851,0.850438879066982,1.9625367800241769,10.000000000000009,0.7187024340908844,0.08504388790669813,0.19625367800241753,b1,87,8192
1000.0,37.55219280699312,3442.5732403531606,0.99,1.9041311857841612,775.6570444436217,12.536871953635856,211.8060836027383,999.9999999999959,0.7756570444436248,0.012536871953635908,0.21180608360273917,b1,87,8192
0.01,0.5003329163080912,1.4177186678797578,0.99,3.2575870432275984,0.004255987893628208,0.005162927892759772,0.0005810842137433714,0.01000000000013135,0.42559878935723056,0.5162927892691956,0.05810842137357388,b1,88,4096
10.0,5.12846205943128,233.56322190873405,0.9899999999999807,2.1574387170325497,7.186920732224828,0.8505707799691415,1.9625084879461931,10.000000000140163,0.7186920732124094,0.08505707799572197,0.1962508487918686,b1,88,8192
1000.0,37.54586059693666,3443.1465594500996,0.99,1.9149618174623761,775.6554044156132,12.538959818615066,211.80563576575682,999.9999999999851,0.7756554044156247,0.012538959818615253,0.21180563576575998,b1,88,8192
0.01,0.4718826189955984,1.5806481078985588,0.9648042012479243,3.242248493494204,0.004475282213193655,0.004913692600409983,0.0006110251981747071,0.010000000011778344,0.44752822079225135,0.4913692594622467,0.06110251974550206,b1,89,4096
10.0,5.12750307478512,233.60318851201347,0.99,2.145163767898834,7.186806404249744,0.8507163269635281,1.9624772687871301,10.000000000000401,0.7186806404249455,0.08507163269634939,0.19624772687870515,b1,89,8192
1000.0,37.53739112813243,3443.9136848384337,0.9899999999999999,1.9027075510928557,775.6532099958486,12.5417534709485,211.80503654286636,1000.0000000096634,0.7756532099883531,0.012541753470827303,0.2118050365408196,b1,89,8192
0.01,0.5004283484596274,1.417587879774516,0.99,3.2510502571199855,0.004256406968831675,0.005162451599703969,0.0005811414314778181,0.010000000000013462,0.42564069688259454,0.516245159969702,0.05811414314770358,b1,90,4096
10.0,5.128728366537637,233.55212572694413,0.989999999999999,2.150800851239509,7.1869524736856585,0.8505303708332349,1.9625171554810972,9.99999999999999,0.7186952473685666,0.08505303708332358,0.19625171554810994,b1,90,8192
1000.0,37.54030914991893,3443.649345278552,0.99,1.908308439201899,775.6539661540367,12.54079082150486,211.80524302446227,1000.0000000000038,0.7756539661540337,0.012540790821504813,0.21180524302446146,b1,90,8192
0.01,0.5004051343180623,1.4176196921412467,0.99,3.2592404524487235,0.004256305034747224,0.005162567451289512,0.0005811275140774878,0.010000000000114225,0.4256305034698607,0.5162567451230542,0.05811275140708499,b1,91,4096
10.0,5.129754795057523,233.5093675608318,0.9899999999999934,2.159082730834114,7.187074787616159,0.8503746577615876,1.962550555338386,10.000000000716131,0.7187074787101471,0.08503746577006896,0.19625505551978417,b1,91,8192
1000.0,37.55706453763543,3442.132283181203,0.99,1.916599396138939,775.658305839089,12.535266113116018,211.80642804779393,999.999999999999,0.7756583058390899,0.01253526611311603,0.21180642804779415,b1,91,8192
0.01,0.48561808513788374,1.4993295058657887,0.9770707484762441,3.24532284252146,0.004368609141775642,0.0050349300898309465,0.000596460768157101,0.00999999999976369,0.43686091418788775,0.5034930089949927,0.0596460768171196,b1,92,4096
10.0,5.128902386363957,233.54487543833193,0.99,2.1461253273655934,7.1869732137524025,0.8505039673456123,1.9625228189019894,10.000000000000005,0.7186973213752399,0.08505039673456119,0.19625228189019883,b1,92,8192
1000.0,37.53806993683634,3443.852188848649,0.99,1.903648137467657,775.653385902765,12.541529520056022,211.8050845771817,1000.0000000000026,0.7756533859027629,0.012541529520055989,0.21180508457718114,b1,92,8192
0.01,0.47867574655831285,1.5397688748048632,0.9708981899462559,3.244058585278885,0.004422300094046828,0.004973908540572102,0.000603791372840527,0.010000000007459457,0.44223000907480325,0.49739085368618363,0.06037913723901314,b1,93,4096
10.0,5.128632797889096,233.5561076502984,0.99,2.1456690801155562,7.186941083055821,0.8505448718648042,1.9625140450797762,10.000000000000401,0.7186941083055532,0.08505448718647701,0.19625140450796974,b1,93,8192
1000.0,37.539283989886094,3443.7422084730897,0.9899999999999999,1.9031942398451394,775.6537005109731,12.541129002829654,211.8051704861964,999.9999999999991,0.7756537005109738,0.012541129002829665,0.2118051704861966,b1,93,8192
0.01,0.5004568427507392,1.417548833541566,0.9899999999999997,3.2582788095225554,0.004256532082075232,0.005162309404436469,0.0005811585136060051,0.010000000000117706,0.425653208202513,0.5162309404375706,0.05811585135991645,b1,94,4096
10.0,5.128611020338683,233.557015058854,0.9899999999999696,2.1580715926757477,7.186938487849479,0.8505481763883455,1.962513336415431,10.000000000653255,0.7186938487379988,0.0850548176332783,0.19625133362872288,b1,94,8192
1000.0,37.536417851828574,3444.001861593997,0.99,1.9155856448788702,775.6529577556065,12.542074585596353,211.80496766446427,1000.0000000056671,0.7756529577512108,0.012542074585525276,0.21180496766326395,b1,94,8192
0.01,0.5004441914621429,1.417566169585215,0.9899999999999998,3.2557005470090545,0.004256476533492959,0.005162372537373448,0.0005811509293729055,0.010000000000239312,0.42564765333910964,0.5162372537249906,0.05811509293589978,b1,95,4096
10.0,5.1289564766841265,233.5426219559142,0.9899999999999876,2.1554432359142814,7.186979660775472,0.8504957608039423,1.9625245793690889,10.000000000948503,0.7186979660093784,0.08504957607232724,0.19625245791829427,b1,95,8192
1000.0,37.54389876016355,3443.3242231470977,0.9899999999999995,1.912927450636575,775.6548961935206,12.539606819234802,211.80549698724403,999.9999999999994,0.775654896193521,0.012539606819234808,0.21180549698724416,b1,95,8192
0.01,0.5002598384342428,1.4178188361539248,0.9899999999999998,3.253990779844351,0.0042556669314203315,0.00516329267710548,0.000581040391703256,0.010000000000229067,0.4255666931322848,0.5163292676987206,0.05810403916899463,b1,96,4096
10.0,5.128941970533893,233.54322628302288,0.9899999999999917,2.1538638643395824,7.186977931301341,0.8504979615912972,1.9625241071073527,9.999999999999991,0.7186977931301347,0.08504979615912979,0.19625241071073543,b1,96,8192
1000.0,37.554812719756534,3442.3360889820433,0.99,1.9114354241780653,775.6577228410788,12.53600831583769,211.8062688504706,1000.000000007387,0.775657722835349,0.012536008315745086,0.21180626884890597,b1,96,8192
0.01,0.4993829332994035,1.4233491665419498,0.9890575072938402,3.248077742517872,0.0042647776913818805,0.005152937994364819,0.0005822843141300062,0.009999999999876705,0.4264777691434463,0.5152937994428352,0.05822843141371854,b1,97,4096
10.0,5.130180381071809,233.49164339502374,0.99,2.1478446137330662,7.1871254885361955,0.8503101113942088,1.9625644000696172,10.000000000000021,0.718712548853618,0.0850310111394207,0.1962564400069613,b1,97,8192
1000.0,37.55491384767851,3442.326935631973,0.99,1.9053477889496957,775.6577490192116,12.53597498194186,211.80627599884608,999.9999999999995,0.7756577490192119,0.012535974981941866,0.21180627599884616,b1,97,8192
0.01,0.5002558692919338,1.4178242770528726,0.99,3.2480810799214503,0.004255649497321754,0.005163312491310922,0.0005810380113676635,0.010000000000000338,0.425564949732161,0.5163312491310748,0.05810380113676439,b1,98,4096
10.0,5.128656325700825,233.55512733772846,0.99,2.14796066295109,7.186943887323017,0.8505413018454304,1.962514810831672,10.00000000000012,0.7186943887322931,0.08505413018454201,0.1962514810831648,b1,98,8192
1000.0,37.552347630711346,3442.559224985362,0.99,1.905522918886929,775.6570845357753,12.536820913655236,211.80609455056904,999.9999999999995,0.7756570845357756,0.01253682091365524,0.21180609455056915,b1,98,8192
0.01,0.47845760892783923,1.5408551235995152,0.970746068047034,3.244134770651634,0.004423403148849806,0.004972654879599397,0.0006039419765896269,0.01000000000503883,0.4423403146620928,0.497265487709376,0.06039419762853107,b1,99,4096
10.0,5.1284679106917,233.56297809053382,0.9899999999999999,2.1458007651780684,7.186921429577348,0.8505698920527517,1.962508678369921,10.000000000000021,0.7186921429577332,0.08505698920527499,0.1962508678369917,b1,99,8192
1000.0,37.542864635142074,3443.4178808509178,0.99,1.903321473148502,775.6546282980827,12.539947893936302,211.80542383392978,1000.0000000259488,0.7756546282779554,0.012539947893610907,0.21180542382843368,b1,99,8192
0.01,0.500351197424307,1.4176936120940757,0.99,3.254084762660994,0.004256068178352371,0.0051628366467194224,0.0005810951752843771,0.010000000000356172,0.4256068178200782,0.5162836646535537,0.05810951752636801,b1,100,4096
10.0,5.129500897556639,233.51994275670066,0.9899999999999921,2.1539353855889725,7.187044535807226,0.8504131696151379,1.9625422945777602,10.000000000000124,0.7187044535807137,0.08504131696151274,0.19625422945777357,b1,100,8192
1000.0,37.55635578578532,3442.196427738032,0.99,1.9114776944336644,775.6581223481328,12.535499709335864,211.80637794253013,999.9999999999989,0.7756581223481337,0.012535499709335879,0.21180637794253038,b1,100,8192
0.01,0.5001930963592742,1.4179103322617188,0.99,3.252441628174841,0.004255373756722779,0.005163625879889443,0.0005810003635845501,0.010000000000196772,0.42553737566390454,0.5163625879787838,0.058100036357311764,b1,101,4096
10.0,5.12787594041174,233.5876473536704,0.99,2.1522038898116675,7.186850861053611,0.8506597304879979,1.9624894084583728,9.999999999999982,0.7186850861053624,0.08506597304879994,0.19624894084583763,b1,101,8192
1000.0,37.547088838025324,3443.0353394199615,0.99,1.9097447472744051,775.6557225699719,12.538554786919537,211.80572264310698,999.9999999999984,0.7756557225699732,0.012538554786919558,0.21180572264310732,b1,101,8192
0.01,0.5003946704502987,1.4176340321493002,0.9899999999999993,3.2591684448924076,0.004256259086018863,0.005162619673517527,0.0005811212405444421,0.010000000000080833,0.42562590859844585,0.5162619673475796,0.05811212405397447,b1,102,4096
10.0,5.130762195139677,233.46741725428245,0.99,2.1589043771234078,7.187194789471039,0.8502218866846094,1.9625833238448918,10.00000000000054,0.718719478947065,0.08502218866845634,0.19625833238447857,b1,102,8192
1000.0,37.56872841350488,3441.0770043306197,0.99,1.9164272756384366,775.661324553924,12.531423087884177,211.8072523581915,999.9999999999997,0.7756613245539243,0.01253142308788418,0.2118072523581916,b1,102,8192
0.01,0.5002422341392888,1.417842968572812,0.99,3.2540392643304,0.00425558960554527,0.005163380560506765,0.0005810298341437809,0.010000000000195816,0.42555896054619385,0.5163380560405657,0.05810298341324034,b1,103,4096
10.0,5.129050630854945,233.53869939748355,0.9899999999999947,2.1537147691458896,7.186990880842238,0.8504814759625717,1.9625276431953207,10.00000000000013,0.7186990880842145,0.08504814759625608,0.19625276431952954,b1,103,8192
1000.0,37.558551521623826,3441.997713623976,0.9899999999999982,1.911234870472579,775.6586907867451,12.53477604908818,211.80653316416718,1000.0000000000005,0.7756586907867448,0.012534776049088174,0.2118065331641671,b1,103,8192
0.01,0.4748093751127734,1.5626463656718472,0.9674830501969499,3.2426176423068944,0.004451754866441377,0.004940432202462478,0.0006078129310981294,0.010000000000001985,0.4451754866440493,0.4940432202461498,0.06078129310980088,b1,104,4096
10.0,5.1289056369679,233.54474001082352,0.9899999999999999,2.1451487627593746,7.186973601154293,0.8505034741571705,1.962522924688532,9.999999999999995,0.7186973601154296,0.0850503474157171,0.1962522924688533,b1,104,8192
1000.0,37.553488061552336,3442.4559914550246,0.99,1.902699002253097,775.6573798651535,12.53644496651895,211.80617519517793,1000.0000000268504,0.7756573798443268,0.01253644496618234,0.21180617518949083,b1,104,8192
0.01,0.5002076902113479,1.4178903246660581,0.99,3.2520709839104907,0.004255437865645363,0.005163553017920391,0.0005810091165894469,0.0100000000001552,0.4255437865579318,0.5163553017840252,0.058100911658042965,b1,105,4096
10.0,5.128769268660324,233.55042155769718,0.99,2.1517540273426627,7.186957348606686,0.8505241647338644,1.9625184866595324,10.000000000000082,0.7186957348606627,0.08505241647338574,0.19625184866595163,b1,105,8192
1000.0,37.55681305224306,3442.1550432277554,0.9899999999999999,1.909286944894143,775.6582407320426,12.535348998727846,211.8064102692298,1000.0000000000002,0.7756582407320424,0.012535348998727843,0.21180641026922975,b1,105,8192
0.01,0.44999722138062054,1.7272057685855187,0.9437521337831487,3.2352079145841057,0.004663426779696374,0.004699860017316118,0.0006367132029878784,0.010000000000000371,0.4663426779696201,0.4699860017315944,0.06367132029878547,b1,106,4096
10.0,5.129556956996924,233.51760771434004,0.99,2.1435507885125507,7.18705121539423,0.8504046660554767,1.9625441185503176,10.000000000000023,0.7187051215394213,0.08504046660554747,0.1962544118550313,b1,106,8192
1000.0,37.55510784219276,3442.309376871206,0.99,1.9010576930637406,775.6577992475371,12.53591103793253,211.80628971452748,999.9999999999972,0.7756577992475393,0.012535911037932565,0.21180628971452808,b1,106,8192
0.01,0.47324536834342024,1.5720485085512794,0.9660909604632031,3.2425516889822825,0.004463788052898448,0.004926756082102921,0.0006094558621557348,0.009999999997157102,0.44637880541674574,0.49267560835035473,0.06094558623289968,b1,107,4096
10.0,5.127496351450815,233.60346876171056,0.99,2.1451458853260235,7.186805602571552,0.8507173475531632,1.9624770498755388,10.000000000000254,0.718680560257137,0.08507173475531415,0.1962477049875489,b1,107,8192
1000.0,37.54011772155556,3443.666685263475,0.99,1.9026560917719182,775.6539165515393,12.540853968794831,211.80522947967367,1000.0000000000078,0.7756539165515332,0.012540853968794733,0.211805229479672,b1,107,8192
0.01,0.4589798084794902,1.6648196769276753,0.9525314918097916,3.2377096909661307,0.004584711698814907,0.004789322330574867,0.0006259659706115287,0.010000000000001303,0.45847116988143094,0.47893223305742433,0.06259659706114472,b1,108,4096
10.0,5.127794403144023,233.59104567635904,0.99,2.143900731218044,7.1868411398627625,0.8506721062120364,1.9624867539251918,9.99999999999999,0.718684113986277,0.08506721062120373,0.1962486753925194,b1,108,8192
1000.0,37.53274660500183,3444.3345093947178,0.99,1.9014333492992863,775.6520061838514,12.543285994211981,211.80470782193706,1000.0000000000005,0.7756520061838511,0.012543285994211976,0.21180470782193697,b1,108,8192
0.01,0.48256143671495655,1.5169247912833965,0.9743696373496777,3.2451163089670225,0.004392056440021509,0.005008281453946418,0.0005996621059442701,0.009999999999912195,0.4392056440060073,0.5008281453990393,0.059966210594953544,b1,109,4096
10.0,5.129068818814755,233.53794168805604,0.99,2.1462206234529724,7.18699304833432,0.850478716600516,1.9625282350651583,9.999999999999993,0.7186993048334325,0.08504787166005166,0.19625282350651596,b1,109,8192
1000.0,37.54311852290593,3443.3948864332338,0.99,1.9037479637366788,775.6546940551865,12.539864154811518,211.80544179000296,1000.000000000001,0.7756546940551857,0.012539864154811505,0.21180544179000274,b1,109,8192
0.01,0.4829333391518447,1.5147777005663061,0.9746973268827122,3.244546250915397,0.004389219918043437,0.005011505256030881,0.0005992748261435307,0.010000000000217849,0.43892199179478186,0.5011505255921705,0.059927482613047554,b1,110,4096
10.0,5.128859864565145,233.54664700705578,0.99,2.1457618811638888,7.186968146029511,0.8505104188946999,1.962521435075792,10.000000000000004,0.7186968146029509,0.08505104188946996,0.19625214350757914,b1,110,8192
1000.0,37.5407643455801,3443.60811339677,0.99,1.9032783636091783,775.6540841013349,12.540640666726379,211.80527523193788,999.9999999999992,0.7756540841013355,0.012540640666726388,0.21180527523193804,b1,110,8192
0.01,0.46582119345605083,1.6194529505868438,0.9590808864200153,3.2403099413857923,0.004526253037129719,0.004855762548200017,0.0006179844146694443,0.009999999999999181,0.4526253037130089,0.48557625482004146,0.06179844146694949,b1,111,4096
10.0,5.129074223795443,233.53771651780028,0.99,2.144465940688589,7.1869936924529805,0.8504778965945301,1.962528410952494,10.000000000000005,0.7186993692452976,0.08504778965945296,0.1962528410952493,b1,111,8192
1000.0,37.55012362642598,3442.7605632203554,0.99,1.9020141335647387,775.6565085906497,12.537554130204384,211.80593727915343,1000.0000000000075,0.7756565085906438,0.01253755413020429,0.21180593727915184,b1,111,8192
0.01,0.45972756875017246,1.6595448654530047,0.9532982885553001,3.238397954501889,0.004577631157359251,0.0047973696018557945,0.0006249992406847831,0.009999999999899829,0.4577631157405106,0.47973696019038503,0.06249992406910438,b1,112,4096
10.0,5.127978212918561,233.5833849643146,0.99,2.143969506698003,7.1868630539806455,0.850644208079079,1.962492737940315,10.000000000000039,0.7186863053980618,0.08506442080790758,0.19624927379403073,b1,112,8192
1000.0,37.537075748226385,3443.94225706137,0.99,1.9014943440400658,775.6531282549824,12.541857522852519,211.80501422216057,999.9999999999956,0.7756531282549859,0.012541857522852574,0.2118050142221615,b1,112,8192
0.01,0.46726541942026595,1.6098305295097062,0.9605038491083677,3.240998428023048,0.00451330882540141,0.004870474076301851,0.0006162170982948058,0.009999999999998066,0.4513308825402283,0.48704740763027926,0.0616217098294925,b1,113,4096
10.0,5.127953856958783,233.5844000283201,0.9899999999999999,2.1446779213127822,7.1868601503037635,0.8506479046532905,1.9624919450429479,10.000000000000004,0.7186860150303761,0.08506479046532903,0.1962491945042947,b1,113,8192
1000.0,37.54273844960562,3443.4293094449476,0.99,1.9021967637578199,775.6545956051866,12.539989513623077,211.80541490658962,1000.0000000253992,0.7756545955854856,0.01253998951330457,0.21180541490120994,b1,113,8192
0.01,0.4624822393392551,1.6414137652880332,0.9558901014517942,3.238992508541428,0.004554748283116129,0.004823376765985644,0.0006218749655881221,0.010000000014689894,0.45547482764252517,0.48233767589001547,0.062187496467459434,b1,114,4096
10.0,5.127281918965586,233.6124073342328,0.99,2.1441587880927426,7.186780033025013,0.85074989929029,1.962470067684697,10.0,0.7186780033025013,0.085074989929029,0.19624700676846968,b1,114,8192
1000.0,37.52536058367684,3445.003943756757,0.99,1.9016766783175232,775.6500912099666,12.545723883631405,211.80418490640156,999.9999999999995,0.775650091209967,0.012545723883631411,0.21180418490640165,b1,114,8192
0.01,0.49199024236762023,1.4632835618495266,0.9827032030985988,3.246850305044981,0.004319527405481419,0.005090713119667229,0.0005897594750950631,0.010000000000243712,0.43195274053761473,0.5090713119543163,0.058975947508069004,b1,115,4096
10.0,5.129164617828645,233.53395078746038,0.99,2.14695551768178,7.187004464644668,0.8504641828763934,1.9625313524789707,10.000000000000032,0.7187004464644645,0.08504641828763906,0.19625313524789645,b1,115,8192
1000.0,37.543901840232024,3443.3239442390163,0.99,1.9044687739762314,775.6548969997813,12.539605803530973,211.80549720740694,1000.0000000107192,0.7756548969914668,0.012539605803396558,0.21180549720513656,b1,115,8192
0.01,0.5005219835360779,1.417459578006183,0.99,3.259488918827387,0.0042568180773951995,0.005161984361179552,0.0005811975615003579,0.01000000000007511,0.42568180773632264,0.516198436114078,0.05811975614959925,b1,116,4096
10.0,5.130160732306408,233.4924616372166,0.99,2.1592015611485427,7.187123147884853,0.8503130911993959,1.9625637609157573,10.000000000000007,0.7187123147884849,0.08503130911993953,0.1962563760915756,b1,116,8192
1000.0,37.55147016419388,3442.638658872021,0.9899999999999687,1.9166963734418627,775.6568573083988,12.537110189260389,211.80603250234677,1000.0000000000059,0.7756568573083942,0.012537110189260315,0.2118060325023455,b1,116,8192
0.01,0.5002467324717365,1.4178368020562582,0.9899999999999982,3.258470054808532,0.004255609364440916,0.005163358103808465,0.0005810325318916664,0.010000000000141047,0.42556093643808923,0.5163358103735638,0.058103253188347116,b1,117,4096
10.0,5.128358389834985,233.56754177638018,0.9899999999999936,2.158233998122041,7.186908374772196,0.8505865116977036,1.9625051135377944,10.000000000007695,0.7186908374766666,0.0850586511697049,0.19625051135362842,b1,117,8192
1000.0,37.550305007884695,3442.74414196531,0.99,1.9157579922202082,775.6565555694341,12.537494328667147,211.8059501074935,1000.0000000055946,0.7756565555650946,0.012537494328597005,0.2118059501063085,b1,117,8192
0.01,0.5002599089286769,1.4178187394875532,0.99,3.249616260739733,0.004255667240960489,0.005163292325074071,0.0005810404339658055,0.010000000000000366,0.4255667240960333,0.5163292325073882,0.05810404339657842,b1,118,4096
10.0,5.128741002184015,233.55159926554924,0.99,2.149382365588371,7.186953979673236,0.8505284536106752,1.962517566716105,10.000000000000016,0.7186953979673224,0.08505284536106739,0.19625175667161018,b1,118,8192
1000.0,37.5526464211031,3442.5321774029344,0.9899999999999995,1.906924647930598,775.6571619076955,12.536722414058,211.80611567826136,1000.0000000000148,0.775657161907684,0.012536722414057814,0.21180611567825824,b1,118,8192
0.01,0.5002473180399314,1.417835999328202,0.99,3.26000154984901,0.0042556119365063936,0.005163355180501405,0.0005810328830643396,0.010000000000072139,0.4255611936475694,0.5163355180464158,0.058103288306014814,b1,119,4096
10.0,5.1270260802555985,233.6230728114053,0.9899999999999975,2.159796763135468,7.186749523521167,0.8507887399226477,1.96246173655618,9.999999999999995,0.7186749523521171,0.08507887399226481,0.1962461736556181,b1,119,8192
1000.0,37.53349179288146,3444.2669835055817,0.9899999999999992,1.9173162544907445,775.6521993473962,12.543040084142174,211.80476056846234,1000.0000000000007,0.7756521993473956,0.012543040084142166,0.2118047605684622,b1,119,8192
0.01,0.5002420989428653,1.4178431539787997,0.99,3.2501469599818225,0.004255589011908762,0.005163381235702604,0.0005810297530926097,0.010000000000703975,0.4255589011609179,0.5163381235339115,0.05810297530517066,b1,120,4096
10.0,5.12799101469762,233.58285143826433,0.99,2.1500583138265514,7.186864580177211,0.8506422651290503,1.9624931546937239,9.999999999999986,0.7186864580177221,0.08506422651290516,0.19624931546937266,b1,120,8192
1000.0,37.54562073617171,3443.1682802278146,0.9899999999999995,1.9076168920043868,775.6553422815008,12.539038919505549,211.80561879900185,1000.0000000000082,0.7756553422814945,0.012539038919505446,0.21180561879900012,b1,120,8192
0.01,0.49064837592340205,1.4698159780134472,0.981727734151047,3.2465630281039677,0.004326976935111388,0.005082246480354435,0.0005907765842072082,0.00999999999967303,0.4326976935252867,0.5082246480520609,0.05907765842265248,b1,121,4096
10.0,5.1283288056230765,233.56877456782266,0.99,2.1467126064425113,7.186904848261485,0.8505910011733073,1.9625041505652696,10.000000000000062,0.7186904848261441,0.0850591001173302,0.19625041505652574,b1,121,8192
1000.0,37.551219797916055,3442.6613243024735,0.9899999999999999,1.9042282923989278,775.6567924720017,12.537192730309759,211.80601479768794,999.9999999999994,0.7756567924720021,0.012537192730309765,0.21180601479768807,b1,121,8192
0.01,0.4812393809965192,1.5244084837342349,0.9732409238214881,3.2445466440610744,0.0044016323705886335,0.004997398089949664,0.0006009695396643681,0.010000000000202666,0.4401632370499427,0.4997398089848384,0.06009695396521885,b1,122,4096
10.0,5.129554394992183,233.51771442844014,0.99,2.1458784995821154,7.187050910129607,0.8504050546778574,1.9625440351927248,10.00000000000019,0.7187050910129471,0.08504050546778413,0.19625440351926876,b1,122,8192
1000.0,37.555780324974386,3442.2485107868906,0.99,1.9033982025671168,775.6579733704962,12.535689380976496,211.80633726170348,1000.0000000131761,0.7756579733602761,0.012535689380811324,0.2118063372589127,b1,122,8192
0.01,0.48067696706676516,1.527570289205713,0.9727676581983606,3.2445625799518107,0.004405607121580221,0.004992880652890886,0.0006015122256664196,0.010000000000137527,0.44056071215196324,0.499288065282222,0.06015122256581471,b1,123,4096
10.0,5.128682986532698,233.55401649432432,0.99,2.145876599007883,7.186947064984909,0.8505372564699086,1.9625156785452127,10.00000000000003,0.7186947064984888,0.08505372564699061,0.19625156785452066,b1,123,8192
1000.0,37.546066767732405,3443.127889758793,0.99,1.9034082309407572,775.6554578323514,12.538891828912892,211.80565035208744,1000.0000000133518,0.775655457821995,0.012538891828745475,0.21180565034925944,b1,123,8192
0.01,0.45543504520595146,1.6886985343308125,0.9491601303112424,3.237079374772072,0.004614554959933065,0.004755404469580897,0.0006300405705295279,0.010000000000043491,0.4614554959912996,0.47554044695602155,0.06300405705267878,b1,124,4096
10.0,5.130083578104329,233.49567465911377,0.99,2.143834931190725,7.187113956762664,0.8503247921106901,1.9625612511266581,10.000000000000012,0.7187113956762655,0.0850324792110689,0.19625612511266557,b1,124,8192
1000.0,37.56737088411194,3441.1997923285803,0.99,1.901364282117075,775.6609733084206,12.531870246826164,211.80715644475274,999.9999999999995,0.775660973308421,0.01253187024682617,0.21180715644475284,b1,124,8192
0.01,0.4608259812422465,1.6525016635975915,0.9542899673723477,3.2391770895997127,0.004569094203790829,0.0048070721342547765,0.0006238336619575745,0.01000000000000318,0.4569094203789376,0.4807072134253248,0.062383366195737616,b1,125,4096
10.0,5.128164536842693,233.5756199818814,0.99,2.1443320101021546,7.186885266372778,0.850615930223042,1.9624988034041932,10.000000000000012,0.7186885266372769,0.0850615930223041,0.19624988034041907,b1,125,8192
1000.0,37.534893895970406,3444.139937814255,0.99,1.9018425944952588,775.6525627723931,12.542577419892782,211.80485980771482,1000.0000000000008,0.7756525627723925,0.01254257741989277,0.21180485980771466,b1,125,8192
0.01,0.4934313945658291,1.454457184371391,0.9841471998454197,3.2471358880750625,0.0043060490209239875,0.005106031752877483,0.0005879192263234885,0.01000000000012496,0.43060490208701796,0.5106031752813679,0.05879192263161419,b1,126,4096
10.0,5.127922480814472,233.58570767999467,0.9899999999999999,2.1471703883102706,7.186856409655213,0.8506526667485197,1.9624909235965171,10.00000000000025,0.7186856409655034,0.08506526667484984,0.1962490923596468,b1,126,8192
1000.0,37.54532316107557,3443.195227752344,0.99,1.904706128608149,775.6552651958099,12.539137054720399,211.80559774946914,999.9999999999994,0.7756552651958103,0.012539137054720406,0.21180559774946928,b1,126,8192
0.01,0.500267157763223,1.4178088048621407,0.99,3.2502962640729813,0.004255699086360331,0.005163256145995804,0.0005810447819243973,0.010000000014280532,0.42556990802829664,0.51632561386224,0.05810447810946344,b1,127,4096
10.0,5.127030519725982,233.62288772919402,0.99,2.150246601474929,7.186750052964566,0.8507880659059228,1.9624618811295242,10.000000000000012,0.7186750052964557,0.08507880659059218,0.1962461881129522,b1,127,8192
1000.0,37.533032013945274,3444.3086464864105,0.9899999999999998,1.9077876425440012,775.6520801668978,12.543191808860735,211.80472802424092,999.9999999999994,0.7756520801668982,0.012543191808860743,0.21180472802424102,b1,127,8192
0.01,0.4812632710397422,1.5244986688040973,0.9732141950772849,3.2447706296589067,0.004402111296266355,0.0049968537748620746,0.0006010349289835665,0.010000000000111996,0.4402111296217054,0.4996853774806112,0.06010349289768351,b1,128,4096
10.0,5.129835415455957,233.5060097836743,0.9899999999999999,2.1460730103640744,7.187084392260585,0.8503624296928689,1.962553178046624,10.000000000000078,0.7187084392260529,0.08503624296928623,0.19625531780466088,b1,128,8192
1000.0,37.556420578737644,3442.190563646669,0.99,1.9035788436703178,775.6581391228577,12.535478353984093,211.80638252314836,999.9999999999902,0.7756581391228653,0.012535478353984216,0.21180638252315043,b1,128,8192
0.01,0.5003593361376082,1.417682457570828,0.99,3.253956350949756,0.004256103919944435,0.005162796025120433,0.0005811000552030801,0.010000000000267947,0.42561039198303935,0.5162796024982098,0.05811000551875097,b1,129,4096
10.0,5.1297233345933355,233.51067786774817,0.99,2.153840673171933,7.187071038809372,0.8503794295264866,1.9625495316642125,10.000000000000071,0.7187071038809321,0.08503794295264805,0.19625495316641986,b1,129,8192
1000.0,37.55951300092222,3441.91070700148,0.99,1.911379584776941,775.658939685813,12.534459195732069,211.80660113020602,1000.0000000117511,0.7756589396766982,0.012534459195584775,0.21180660112771704,b1,129,8192
0.01,0.5003690792246629,1.417669104388404,0.9899999999999973,3.2601595765306204,0.00425614670644847,0.005162747396630397,0.0005811058969870977,0.010000000000065963,0.4256146706420395,0.5162747396596341,0.058110589698326456,b1,130,4096
10.0,5.129206597276992,233.53220200445168,0.9899999999999664,2.159946116805305,7.187009467187141,0.8504578143062163,1.9625327185065686,9.999999999999927,0.7187009467187193,0.08504578143062225,0.1962532718506583,b1,130,8192
1000.0,37.54996133816563,3442.7752560347794,0.99,1.9174839917809159,775.6564665605955,12.537607637252808,211.80592580214662,999.9999999999949,0.7756564665605995,0.012537607637252873,0.2118059258021477,b1,130,8192
0.01,0.5003692886936469,1.4176688173265322,0.9899999999999989,3.256465482765975,0.004256147626373044,0.005162746351232812,0.0005811060225874663,0.010000000000193321,0.4256147626290763,0.5162746351133005,0.058110602257623226,b1,131,4096
10.0,5.129792165864962,233.5078110746651,0.99,2.1562726822072684,7.1870792395145555,0.8503689894819936,1.9625517710034412,9.999999999999991,0.7187079239514562,0.08503689894819944,0.1962551771003443,b1,131,8192
1000.0,37.55924670422575,3441.934804373692,0.99,1.9137984427630785,775.658870743995,12.534546951503332,211.80658230449356,999.9999999999918,0.7756588707440013,0.012534546951503434,0.21180658230449528,b1,131,8192
0.01,0.5002422357895163,1.4178429662934606,0.99,3.260228638070831,0.004255589612742483,0.005163380552206016,0.0005810298351264404,0.010000000000074939,0.42555896127105924,0.5163380552167323,0.05810298351220862,b1,132,4096
10.0,5.127684967128021,233.59560692276747,0.9899999999999621,2.1600429042039306,7.186828092030126,0.8506887169730826,1.9624831909970266,10.000000000000234,0.7186828092029958,0.08506887169730626,0.19624831909969806,b1,132,8192
1000.0,37.540280482759755,3443.651941999164,0.99,1.9175942240076724,775.6539587258936,12.540800278022278,211.80524099608405,1000.0,0.7756539587258936,0.012540800278022278,0.21180524099608405,b1,132,8192
0.01,0.4613123144590065,1.650027052520127,0.954602678839491,3.2384576065754875,0.004567066791108195,0.004809376356346627,0.0006235568525459722,0.010000000000000795,0.4567066791107832,0.4809376356346245,0.062355685254592265,b1,133,4096
10.0,5.130548246078793,233.47632528917762,0.99,2.1439921701609,7.187169307279873,0.8502543272123897,1.9625763655078907,10.000000000000153,0.7187169307279763,0.08502543272123766,0.19625763655078607,b1,133,8192
1000.0,37.552982318283505,3442.5017712877097,0.99,1.9015103229326604,775.6572488869621,12.536611683640231,211.8061394293998,1000.000000000002,0.7756572488869605,0.012536611683640205,0.21180613942939935,b1,133,8192
0.01,0.4878140125237771,1.4863042004565912,0.9791190867344401,3.246233742563701,0.004350240095134045,0.005055807120905178,0.0005939527809889683,0.00999999999702819,0.43502400964268534,0.5055807122407668,0.059395278116547975,b1,134,4096
10.0,5.130388902500737,233.48296019865876,0.99,2.1466228787150086,7.187150327557322,0.8502784896643643,1.9625711827783194,10.000000000000005,0.7187150327557318,0.08502784896643638,0.19625711827783185,b1,134,8192
1000.0,37.566265233108,3441.299804500731,0.99,1.9041470416081392,775.6606872151029,12.532234462692761,211.80707832220412,999.9999999999998,0.7756606872151031,0.012532234462692764,0.21180707832220416,b1,134,8192
0.01,0.5002535660169001,1.4178274344212942,0.99,3.2491916333671855,0.00425563938039507,0.005163323989548098,0.0005810366300699402,0.01000000000001311,0.4255639380389491,0.516332398954133,0.05810366300691785,b1,135,4096
10.0,5.12826611982789,233.571386765017,0.9899999999999999,2.149089958413303,7.186897375849519,0.850600514052034,1.962502110098642,10.000000000000195,0.7186897375849378,0.08506005140520173,0.19625021100986037,b1,135,8192
1000.0,37.548268807216,3442.928497287156,0.9899999999999998,1.9066454507354165,775.6560282009742,12.538165698280094,211.80580610074605,1000.0000000000003,0.7756560282009739,0.01253816569828009,0.21180580610074598,b1,135,8192
0.01,0.5003192834963368,1.4177373533814421,0.99,3.256879789364239,0.004255928020978776,0.005162995940038842,0.0005810760391309689,0.010000000000148588,0.4255928020915538,0.5162995939962126,0.058107603912233484,b1,136,4096
10.0,5.129319812176267,233.52748582023673,0.99,2.1566275750054382,7.187022958232716,0.8504406393057534,1.9625364024614138,9.999999999999883,0.71870229582328,0.08504406393057634,0.19625364024614367,b1,136,8192
1000.0,37.556728241385656,3442.162718886819,0.9899999999999853,1.9141475371464052,775.6582187751687,12.535376951292454,211.8064042735394,1000.0000000000007,0.7756582187751682,0.012535376951292445,0.21180640427353928,b1,136,8192
0.01,0.5002093239262535,1.4178880849220181,0.99,3.2493050315811414,0.004255445042171598,0.005163544861410049,0.0005810100964244955,0.010000000000006141,0.42554450421689843,0.5163544861406878,0.058101009642413874,b1,137,4096
10.0,5.128643086091147,233.5556789798457,0.9899999999999998,2.1491226710471105,7.186942309303855,0.8505433107690183,1.9625143799272393,10.000000000000112,0.7186942309303774,0.08505433107690089,0.19625143799272174,b1,137,8192
1000.0,37.55627818504794,3442.2034510252765,0.99,1.9066710578337402,775.6581022574239,12.535525286149117,211.80637245642723,1000.0000000000002,0.7756581022574237,0.012535525286149114,0.21180637245642717,b1,137,8192
0.01,0.5002899606396468,1.4177775457279767,0.99,3.2536520149559163,0.004255799235288147,0.0051631423091258125,0.0005810584555913416,0.0100000000000053,0.42557992352858914,0.5163142309123077,0.05810584555910337,b1,138,4096
10.0,5.127285464623154,233.61225952868963,0.99,2.1535446534865392,7.186780455835334,0.8507493610245686,1.962470183140102,10.000000000000004,0.7186780455835331,0.08507493610245682,0.19624701831401012,b1,138,8192
1000.0,37.53427592200607,3444.1959317782785,0.99,1.9110733172513776,775.6524025969002,12.542781333973362,211.8048160691269,1000.0000000000005,0.7756524025968998,0.012542781333973357,0.2118048160691268,b1,138,8192
0.01,0.4743393235519189,1.5661106384642565,0.966932299975005,3.2424387202901213,0.004457207165139595,0.0049342354832476775,0.0006085573516137261,0.010000000000001,0.445720716513915,0.4934235483247184,0.06085573516136653,b1,139,4096
10.0,5.129944310143211,233.50147458017182,0.99,2.1450450038805338,7.187097365595611,0.850345913772473,1.962556720631975,10.000000000000059,0.7187097365595569,0.08503459137724681,0.19625567206319636,b1,139,8192
1000.0,37.55580005915868,3442.2467246414476,0.9899999999999999,1.9025725951770989,775.6579784695683,12.535682876343147,211.80633865409013,1000.0000000000016,0.7756579784695671,0.012535682876343128,0.2118063386540898,b1,139,8192
0.01,0.46422794499344194,1.6296146199307175,0.9576148257702913,3.2391261660136204,0.004539075876850236,0.004841188959369811,0.0006197351597192856,0.009999999995939333,0.4539075878693403,0.4841188961335656,0.061973515997093935,b1,140,4096
10.0,5.129157905493161,233.53423041286408,0.99,2.1440488415541994,7.187003664752418,0.8504652011925297,1.9625311340550604,10.000000000000009,0.7187003664752412,0.08504652011925289,0.19625311340550586,b1,140,8192
1000.0,37.55427998137908,3442.3843091562994,0.99,1.9016139414438435,775.6575848973713,12.53618391998843,211.80623118264222,1000.0000000000019,0.7756575848973698,0.012536183919988406,0.2118062311826418,b1,140,8192
0.01,0.5001815971999657,1.41792609756471,0.9899999999999999,3.254845324229184,0.0042553232411485864,0.005163683292635989,0.0005809934665248203,0.010000000000309397,0.4255323241016928,0.5163683292476227,0.058099346650684454,b1,141,4096
10.0,5.127421732447732,233.606579161374,0.9899999999999991,2.154606292516746,7.186796705008803,0.8507286747434846,1.962474620247737,10.000000000000025,0.7186796705008784,0.08507286747434825,0.19624746202477322,b1,141,8192
1000.0,37.54349510543494,3443.360780344018,0.9899999999999947,1.9121312421617775,775.6547916185538,12.53973995014108,211.80546843130642,1000.0000000000013,0.7756547916185528,0.012539739950141064,0.21180546843130615,b1,141,8192
0.01,0.4857087316022889,1.4981208245267768,0.9772963851944275,3.24577158609317,0.004365902192807255,0.005038006626982061,0.0005960911793912839,0.009999999999180598,0.4365902193164998,0.5038006627394876,0.059609117944012774,b1,142,4096
10.0,5.12968191686123,233.5124029325321,0.99,2.1463645989672036,7.1870661041149395,0.8503857117214605,1.962548184163653,10.000000000000053,0.7187066104114901,0.0850385711721456,0.19625481841636425,b1,142,8192
1000.0,37.56065715545894,3441.807175325396,0.9899999999999999,1.9038854718462856,775.6592358455746,12.53408216283383,211.80668200156492,1000.0000000099733,0.7756592358378387,0.012534082162708824,0.21180668199945252,b1,142,8192
0.01,0.5003155808644805,1.417742428385301,0.9899999999999987,3.259177478849038,0.004255911759442866,0.0051630144217584654,0.000581073818889266,0.010000000000090596,0.4255911759404309,0.516301442171169,0.058107381888400166,b1,143,4096
10.0,5.129898459545628,233.5033841265897,0.99,2.1589521146074286,7.187091903178102,0.8503528677970528,1.9625552290278339,10.000000000002988,0.7187091903175954,0.08503528677967986,0.19625552290272474,b1,143,8192
1000.0,37.56389414539,3441.5143019567063,0.99,1.9164879874840204,775.6600736312848,12.533015601379493,211.8069107729162,1000.0000000055805,0.7756600736269562,0.012533015601309552,0.21180691077173422,b1,143,8192
0.01,0.4647132400490594,1.6269594823236826,0.9579716606304036,3.239343240555141,0.004536417674755074,0.004844210098584003,0.0006193722265265594,0.009999999999865635,0.45364176748160273,0.48442100986490916,0.06193722265348816,b1,144,4096
10.0,5.128259295193478,233.57167115977666,0.99,2.1441880468639014,7.1868965623139935,0.8506015497368073,1.962501887949208,10.00000000000001,0.7186896562313986,0.08506015497368065,0.1962501887949206,b1,144,8192
1000.0,37.53668015878731,3443.978096675803,0.99,1.9017040113180486,775.6530257327323,12.541988040528002,211.80498622675145,1000.0000000000118,0.7756530257327231,0.012541988040527854,0.21180498622674895,b1,144,8192
0.01,0.4565668373768205,1.6813604893967025,0.9501729993258378,3.2370546606280115,0.004605920646805174,0.00476521765427685,0.0006288616989771331,0.010000000000059158,0.4605920646777926,0.476521765424866,0.06288616989734129,b1,145,4096
10.0,5.130144313358062,233.49314538311324,0.99,2.1437547248880566,7.187121191971594,0.8503155812073512,1.9625632268210431,9.999999999999988,0.7187121191971603,0.08503155812073522,0.19625632268210455,b1,145,8192
1000.0,37.559786054073655,3441.8859985693593,0.99,1.9012776231912025,775.6590103726608,12.53436921465453,211.80662043242793,1000.0000000197432,0.7756590103573467,0.012534369214407062,0.2118066204282462,b1,145,8192
0.01,0.5003266643421254,1.4177272370360534,0.99,3.250902598911514,0.004255960436719358,0.00516295909918814,0.000581080464960083,0.010000000000867582,0.42559604363501186,0.5162959098740211,0.05810804649096695,b1,146,4096
10.0,5.128972182890133,233.54196759179663,0.99,2.150705385231931,7.186981531894523,0.8504933777961303,1.9625250903093312,9.999999999999984,0.7186981531894535,0.08504933777961317,0.19625250903093344,b1,146,8192
1000.0,37.55215272701953,3442.576868692134,0.99,1.9082285225692586,775.6570340857902,12.53688516701374,211.80608077435977,1000.0000000271638,0.7756570340647204,0.01253688516667319,0.21180608076860633,b1,146,8192
0.01,0.5004270023523294,1.4175897244212452,0.99,3.2487195746424424,0.004256401058145531,0.005162458317382353,0.0005811406244721365,0.010000000000000021,0.4256401058145522,0.5162458317382342,0.05811406244721353,b1,147,4096
10.0,5.129163056027753,233.53401584958488,0.99,2.1485554951662116,7.187004278528943,0.8504644198141335,1.96253130165697,10.000000000000046,0.718700427852891,0.08504644198141295,0.1962531301656961,b1,147,8192
1000.0,37.54732708669926,3443.0137663247197,0.99,1.9060695868928512,775.6557842892156,12.538476223846567,211.80573949657514,1000.0000000096373,0.7756557842817403,0.01253847622372573,0.2118057394945339,b1,147,8192
0.01,0.5004112021253567,1.41761137697737,0.99,3.2510678188840867,0.004256331679798968,0.0051625371698292444,0.0005811311520152192,0.01000000000164343,0.425633167909947,0.5162537168980817,0.05811311519197144,b1,148,4096
10.0,5.12996323136289,233.5006865745509,0.9899999999999993,2.150865194211794,7.187099619752619,0.8503430440802722,1.9625573361671151,10.000000000000007,0.7187099619752614,0.08503430440802716,0.19625573361671136,b1,148,8192
1000.0,37.55601868130893,3442.226937812729,0.99,1.9084073255808824,775.658035090798,12.535610818344464,211.80635411546055,1000.000000024603,0.7756580350717145,0.012535610818036051,0.21180635411024948,b1,148,8192
0.01,0.500033338499134,1.4194473850414489,0.9897125301111407,3.248020412457032,0.004258626088596848,0.005159929496104631,0.0005814444152964231,0.009999999999997903,0.4258626088597741,0.5159929496105713,0.0581444415296545,b1,149,4096
10.0,5.130584172550172,233.47482939842268,0.99,2.1477162805089165,7.187173586402394,0.8502488796040044,1.9625775339936136,10.00000000000001,0.7187173586402387,0.08502488796040035,0.19625775339936113,b1,149,8192
1000.0,37.56687864873915,3441.244316988665,0.99,1.9052480810754293,775.6608459418585,12.53203239296607,211.80712166519015,1000.0000000000147,0.7756608459418471,0.012532032392965886,0.21180712166518706,b1,149,8192
0.01,0.500336528194067,1.4177137174080572,0.99,3.2500949758374964,0.004256003756046312,0.005162909864550788,0.0005810863794921898,0.010000000000089288,0.4256003756008311,0.5162909864504689,0.05810863794870014,b1,150,4096
10.0,5.130281924146008,233.48741488345306,0.99,2.1498769227565653,7.187137584552953,0.8502947123585413,1.9625677030885929,10.000000000000087,0.718713758455289,0.08502947123585339,0.19625677030885758,b1,150,8192
1000.0,37.56704288028746,3441.2294614595403,0.99,1.9074151742960765,775.6608884373544,12.531978293357016,211.8071332692936,1000.000000000005,0.7756608884373505,0.012531978293356952,0.2118071332692925,b1,150,8192
0.01,0.5002290010499888,1.4178611094840534,0.99,3.250448628637016,0.0042555314785490215,0.005163446624542437,0.0005810218978712264,0.010000000000962685,0.4255531478139348,0.516344662404536,0.05810218978152923,b1,151,4096
10.0,5.129488410478416,233.52046288698952,0.9899999999999998,2.1501585095875906,7.1870430479302065,0.8504150637816572,1.9625418882881418,10.000000000000005,0.7187043047930203,0.08504150637816568,0.19625418882881407,b1,151,8192
1000.0,37.5657552887638,3441.3459337108147,0.99,1.9076837483637539,775.6605552585771,12.532402452147092,211.80704228927547,999.9999999999997,0.7756605552585774,0.012532402452147097,0.21180704228927555,b1,151,8192
0.01,0.5002975943460498,1.41776708210959,0.99,3.248416930159403,0.004255832763134678,0.0051631042036056896,0.0005810630332599881,0.010000000000000356,0.42558327631345266,0.5163104203605506,0.05810630332599674,b1,152,4096
10.0,5.12871432991437,233.55271056252278,0.99,2.1481809856356824,7.186950800714123,0.8505325006379676,1.9625166986483367,10.000000000000426,0.7186950800713816,0.08505325006379313,0.1962516698648253,b1,152,8192
1000.0,37.55014622178029,3442.7585175533522,0.99,1.9057096242526266,775.6565144424476,12.537546680467374,211.80593887708437,999.9999999999993,0.7756565144424481,0.012537546680467382,0.21180593887708452,b1,152,8192
0.01,0.5003474627406711,1.4176987306717233,0.99,3.2496941105693,0.0042560517769336,0.005162855287122421,0.0005810929359440009,0.010000000000000023,0.42560517769335904,0.516285528712241,0.05810929359439995,b1,153,4096
10.0,5.126918013140728,233.6275782367055,0.99,2.149561397669904,7.186736635369262,0.8508051473993183,1.9624582172315,10.00000000000008,0.7186736635369204,0.08508051473993115,0.19624582172314842,b1,153,8192
1000.0,37.52411972506177,3445.116434898671,0.99,1.9070863624933303,775.6497694194943,12.54613354435425,211.8040970361499,999.9999999999984,0.7756497694194956,0.01254613354435427,0.21180409703615025,b1,153,8192
0.01,0.4652751138835696,1.6239439841633359,0.9583742333718202,3.24006404910852,0.0045334843330328035,0.0048475439500179395,0.0006189717276034122,0.010000000010654155,0.4533484328202759,0.4847543944853291,0.06189717269439501,b1,154,4096
10.0,5.129804709478133,233.50728864611577,0.99,2.144415831833048,7.187080733965887,0.8503670869459048,1.962552179088285,10.000000000000076,0.7187080733965833,0.08503670869458983,0.196255217908827,b1,154,8192
1000.0,37.5441820321304,3443.298568940059,0.9899999999999999,1.9019021588413543,775.654969579558,12.539513393914211,211.80551702652465,999.9999999999969,0.7756549695795604,0.012539513393914249,0.2118055170265253,b1,154,8192
0.01,0.5003614495082905,1.4176795611022288,0.9899999999999997,3.253939734728328,0.00425611320078833,0.005162785477006147,0.0005811013223476334,0.01000000000014211,0.4256113200727846,0.5162785476932779,0.05811013223393753,b1,155,4096
10.0,5.128567446102744,233.5588306486612,0.99,2.153777132702055,7.186933293687287,0.8505547882498514,1.9625119180628754,10.000000000000012,0.7186933293687278,0.08505547882498504,0.1962511918062873,b1,155,8192
1000.0,37.543652279944006,3443.346545661945,0.99,1.9113088325819443,775.6548323380704,12.539688111480709,211.80547955044912,1000.0000000000002,0.7756548323380702,0.012539688111480707,0.21180547955044907,b1,155,8192
0.01,0.5004039119418304,1.4176213673336664,0.99,3.254752609179708,0.00425629966719656,0.00516257355186353,0.0005811267812279037,0.010000000000287994,0.4256299667073981,0.5162573551714851,0.05811267812111676,b1,156,4096
10.0,5.129731186232813,233.51035084675632,0.99,2.1545035068987044,7.18707197428063,0.8503782386091074,1.9625497871102306,9.999999999999968,0.7187071974280653,0.08503782386091102,0.19625497871102368,b1,156,8192
1000.0,37.55575188389213,3442.251084888185,0.99,1.9120124820482456,775.657965996715,12.535698755120796,211.80633524816963,1000.0000000000055,0.7756579659967108,0.012535698755120728,0.21180633524816847,b1,156,8192
0.01,0.5004286849208098,1.4175874191659807,0.99,3.251174784523098,0.004256408447601099,0.005162449922298777,0.0005811416333791368,0.010000000003279014,0.4256408446205417,0.5162449920606001,0.05811416331885796,b1,157,4096
10.0,5.130479789402153,233.4791757114917,0.99,2.1508806232081215,7.187161153404493,0.8502647076392015,1.9625741389563203,10.000000000000014,0.7187161153404483,0.08502647076392003,0.19625741389563175,b1,157,8192
1000.0,37.56070575059302,3441.8027781774017,0.99,1.9084096615605277,775.6592484161698,12.534066149672302,211.80668543417542,1000.0000000000175,0.7756592484161562,0.012534066149672082,0.21180668543417172,b1,157,8192
0.01,0.4649477544402011,1.6250513939623443,0.9582700426785609,3.240637007613801,0.004533383978836264,0.004847657995274867,0.0006189580259104447,0.010000000000021577,0.45333839788264824,0.4847657995264407,0.06189580259091092,b1,158,4096
10.0,5.128832199593323,233.54779961617197,0.9899999999999998,2.1446899292596964,7.186964848893552,0.8505146163690573,1.962520534737866,10.000000000000474,0.718696484889321,0.0850514616369017,0.1962520534737773,b1,158,8192
1000.0,37.54798867996995,3442.9538612410606,0.9899999999999999,1.90221518410002,775.6559556452289,12.538258066581413,211.80578628819055,1000.0000000000009,0.7756559556452282,0.012538258066581402,0.21180578628819036,b1,158,8192
0.01,0.5003488250126216,1.417696863605105,0.9899999999999997,3.2580783282147006,0.004256057759573359,0.005162848487797172,0.0005810937527737492,0.01000000000014428,0.4256057759511952,0.5162848487722682,0.05810937527653652,b1,159,4096
10.0,5.129383446266035,233.52483510356285,0.9899999999999598,2.157958248091761,7.187030540833324,0.8504309861498318,1.9625384730168864,10.000000000000043,0.7187030540833294,0.08504309861498281,0.1962538473016878,b1,159,8192
1000.0,37.55574254231178,3442.251930377164,0.99,1.9154986526631703,775.6579635781233,12.535701834151027,211.80633458773286,1000.0000000000072,0.7756579635781177,0.012535701834150937,0.21180633458773135,b1,159,8192
0.01,0.4896954809486925,1.4756981807736183,0.9807743796855258,3.2466190529104737,0.004335856382214285,0.005072154692400311,0.0005919889247183238,0.009999999999332921,0.4335856382503521,0.5072154692738664,0.05919889247578142,b1,160,4096
10.0,5.128459904153846,233.56331171338422,0.99,2.1469662799930878,7.186920475220864,0.8505711070122208,1.9625084177669774,10.000000000000062,0.7186920475220819,0.08505711070122156,0.19625084177669652,b1,160,8192
1000.0,37.54289139769728,3443.41545689266,0.9899999999999999,1.9044980715079993,775.6546352116399,12.539939066570208,211.8054257217918,1000.0000000000019,0.7756546352116384,0.012539939066570183,0.2118054257217914,b1,160,8192
0.01,0.4575569789751782,1.6738664066048212,0.9512765900974935,3.2376665971565637,0.004595335537284835,0.004777247984034589,0.0006274164786906228,0.010000000000010048,0.4595335537280218,0.47772479840297893,0.06274164786899925,b1,161,4096
10.0,5.127162633254385,233.61738002983745,0.9899999999999999,2.143994633388402,7.186765808206631,0.8507680084324076,1.9624661833609574,9.999999999999996,0.7186765808206633,0.08507680084324079,0.1962466183360958,b1,161,8192
1000.0,37.53510517956935,3444.120794049554,0.99,1.9015046174325991,775.6526175347516,12.54250770375023,211.80487476148951,999.9999999999912,0.7756526175347583,0.01254250770375034,0.21180487476149137,b1,161,8192
0.01,0.480086865937197,1.5315286672880732,0.9721391610838997,3.2442824581287195,0.004411600787827819,0.004986068668654003,0.0006023305608980916,0.010000000017379914,0.4411600780160495,0.4986068659988258,0.060233055985124635,b1,162,4096
10.0,5.130413708198514,233.48192728907804,0.99,2.145632119208997,7.187153282282968,0.8502747281016468,1.9625719896154026,10.000000000000018,0.7187153282282955,0.08502747281016454,0.1962571989615399,b1,162,8192
1000.0,37.558101599359446,3442.0384297241576,0.99,1.9031375677432403,775.6585743148773,12.534924325537009,211.8065013595825,999.9999999999968,0.7756585743148798,0.01253492432553705,0.21180650135958318,b1,162,8192
0.01,0.5003557172687026,1.4176874173507226,0.99,3.253159158502201,0.004256088027428013,0.005162814087227211,0.0005810978853448381,0.010000000000000061,0.4256088027427987,0.5162814087227179,0.05810978853448345,b1,163,4096
10.0,5.127934209440588,233.58521886877224,0.99,2.1531161479130545,7.186857807941066,0.8506508866371678,1.9624913054217739,10.000000000000007,0.718685780794106,0.08506508866371672,0.19624913054217724,b1,163,8192
1000.0,37.53852650477811,3443.810827884442,0.99,1.9106433328204966,775.6535042398918,12.54137889519609,211.80511689110645,1000.0000000261944,0.7756535042195741,0.012541378894867576,0.21180511688555836,b1,163,8192
0.01,0.4604034435196968,1.6549047511135633,0.9539686772179954,3.238997139215251,0.004571543076658748,0.004804288905596094,0.0006241680147331411,0.009999999996987982,0.45715430780357047,0.48042889070431544,0.062416801492114156,b1,164,4096
10.0,5.12951296490662,233.5194401117486,0.9899999999999999,2.1443274509036647,7.187045973665696,0.8504113391253216,1.9625426872089795,9.999999999999996,0.7187045973665699,0.0850411339125322,0.19625426872089802,b1,164,8192
1000.0,37.56026079990026,3441.84303980485,0.99,1.9018610284431936,775.6591332443501,12.534212771060643,211.80665398459053,1000.0000000000013,0.7756591332443491,0.012534212771060628,0.21180665398459025,b1,164,8192
0.01,0.5003431616851055,1.4177046255954968,0.99,3.250706176629206,0.004256032888236298,0.005162876754757056,0.0005810903570071959,0.010000000000000548,0.42560328882360643,0.5162876754756772,0.0581090357007164,b1,165,4096
10.0,5.127788437195379,233.5912943299595,0.9899999999999998,2.15049441445404,7.186840428568014,0.8506730117376795,1.962486559694306,9.999999999999998,0.7186840428568015,0.08506730117376797,0.19624865596943064,b1,165,8192
1000.0,37.53481527598799,3444.1470614739433,0.99,1.908015931028995,775.6525424145678,12.542603362233907,211.80485424867132,1000.000000025473,0.7756525423948096,0.01254260336191441,0.211804854243276,b1,165,8192
0.01,0.479127807416447,1.5363466074082608,0.9714572784729397,3.244011261836322,0.004416638288635301,0.004980343372495149,0.0006030183476750065,0.010000000008805458,0.4416638284746249,0.49803433681097287,0.06030183471440212,b1,166,4096
10.0,5.129446573008498,233.52220558019246,0.99,2.1455600434861624,7.1870380628082255,0.8504214101743166,1.9625405270174996,10.000000000000043,0.7187038062808195,0.0850421410174313,0.19625405270174912,b1,166,8192
1000.0,37.56315293739886,3441.581359862345,0.9899999999999999,1.9030873399461297,775.6598818020624,12.533259807186537,211.80685839074985,999.9999999999987,0.7756598818020634,0.012533259807186553,0.2118068583907501,b1,166,8192
0.01,0.5003449688722306,1.4177021487352814,0.99,3.2548374457018614,0.004256040824874293,0.005162867734737088,0.0005810914406228369,0.010000000000234219,0.42560408247746084,0.5162867734616163,0.058109144060922664,b1,167,4096
10.0,5.130504695627641,233.47813866573952,0.9899999999999942,2.154619218504436,7.1871641205058685,0.8502609310136947,1.9625749491728026,10.000000000692365,0.7187164120008254,0.08502609309548256,0.19625749490369207,b1,167,8192
1000.0,37.56858751200225,3441.0897484083907,0.99,1.912165422362395,775.6612880984068,12.531469498188336,211.80724240340496,1000.0000000000001,0.7756612880984067,0.012531469498188334,0.21180724240340493,b1,167,8192
0.01,0.4788632326860792,1.5381038140790662,0.9711809173291662,3.2438968396214363,0.004419248187700139,0.004977377136929048,0.0006033746858939924,0.01000000001052318,0.4419248183049685,0.49773771316912646,0.06033746852590503,b1,168,4096
10.0,5.128659120525975,233.55501088876073,0.99,2.145445677319955,7.186944220435117,0.8505408777714324,1.9625149017934829,10.000000000000032,0.7186944220435094,0.08505408777714296,0.19625149017934765,b1,168,8192
1000.0,37.54795510831253,3442.9569009917695,0.99,1.9029904273077576,775.6559469497627,12.538269136488355,211.80578391374854,999.9999999999995,0.775655946949763,0.01253826913648836,0.21180578391374863,b1,168,8192
0.01,0.49805685736674254,1.43005669324163,0.9879993244933762,3.2480002820819274,0.004273497254953212,0.005143027928745589,0.000583474825209612,0.010000000008908412,0.4273497251146205,0.5143027924163968,0.05834748246898285,b1,169,4096
10.0,5.129810660399836,233.50704079718034,0.99,2.147745866869567,7.187081442958771,0.850366184350622,1.9625523726906084,10.0,0.7187081442958771,0.08503661843506219,0.19625523726906086,b1,169,8192
1000.0,37.555769762862674,3442.2494666971047,0.99,1.9052653248894018,775.6579706256797,12.535692862129435,211.8063365121856,999.9999999999947,0.7756579706256839,0.012535692862129503,0.21180633651218672,b1,169,8192
0.01,0.5002677006756229,1.4178080586439217,0.99,3.2576108571354365,0.004255701464982981,0.0051632534284814305,0.0005810451066856763,0.010000000000150087,0.42557014649191083,0.5163253428403937,0.058104510667695564,b1,170,4096
10.0,5.127728940265324,233.59377411980842,0.9899999999999873,2.157354968359412,7.186833334919656,0.850682042426472,1.962484622655394,10.000000000001522,0.7186833334918562,0.08506820424263425,0.19624846226550952,b1,170,8192
1000.0,37.53944740263461,3443.727405541497,0.9899999999999977,1.914880776801666,775.6537428560182,12.541075094765668,211.8051820492167,1000.0000000000006,0.7756537428560177,0.012541075094765661,0.21180518204921658,b1,170,8192
0.01,0.5003849175147281,1.417647398143544,0.99,3.2516121562896485,0.004256216258310157,0.005162668348664498,0.0005811153931346135,0.010000000000109269,0.42562162582636504,0.5162668348608086,0.05811153931282637,b1,171,4096
10.0,5.130513232614876,233.47778318296417,0.99,2.1514040370810914,7.187165136850708,0.8502596364466305,1.9625752267027001,10.000000000000039,0.718716513685068,0.08502596364466272,0.19625752267026925,b1,171,8192
1000.0,37.564950435619764,3441.418742681784,0.99,1.9089537357479616,775.6603469823247,12.532667601697266,211.80698541597346,999.9999999999955,0.7756603469823282,0.012532667601697323,0.21180698541597442,b1,171,8192
0.01,0.5003492656679462,1.4176962596677534,0.99,3.255945622152007,0.004256059694789726,0.005162846288429233,0.0005810940169952906,0.01000000000021425,0.42560596946985396,0.5162846288318619,0.05810940169828406,b1,172,4096
10.0,5.12814667177194,233.57636447989603,0.9899999999999999,2.1556930596533834,7.186883136673011,0.8506186414729204,1.9624982218541769,10.000000000000107,0.7186883136672934,0.08506186414729114,0.1962498221854156,b1,172,8192
1000.0,37.53814777115537,3443.8451376711664,0.99,1.9132159094716066,775.6534060732511,12.54150384167446,211.80509008506908,999.9999999999947,0.7756534060732552,0.012541503841674528,0.2118050900850702,b1,172,8192
0.01,0.5004564364762901,1.417549390269651,0.99,3.254789280919231,0.0042565302983009244,0.005162311431881714,0.000581158270061353,0.01000000000024399,0.42565302981970693,0.5162311431755758,0.058115827004717326,b1,173,4096
10.0,5.129018166983404,233.54005185283307,0.99,2.154563315449496,7.186987012028562,0.8504864012200619,1.962526586751266,9.999999999999892,0.718698701202864,0.08504864012200711,0.19625265867512873,b1,173,8192
1000.0,37.54332585072872,3443.376109214013,0.99,1.9120578173584761,775.6547477690168,12.539795773523283,211.80545645745954,999.9999999999997,0.7756547477690171,0.012539795773523287,0.2118054564574596,b1,173,8192
0.01,0.4553208172714083,1.6900602924468435,0.9489362115811397,3.236653605798923,0.004617117801569112,0.0047524917148189455,0.0006303904838409028,0.010000000000228961,0.4617117801463398,0.4752491714710132,0.06303904838264693,b1,174,4096
10.0,5.131127375937111,233.45221406836723,0.99,2.1435633980807163,7.187238279475979,0.8501665210084716,1.9625951995155742,10.000000000000025,0.7187238279475961,0.08501665210084694,0.19625951995155694,b1,174,8192
1000.0,37.56854066676308,3441.0939854272046,0.99,1.9010989938311673,775.6612759780546,12.531484928204963,211.8072390937408,1000.0000000000003,0.7756612759780543,0.012531484928204958,0.21180723909374075,b1,174,8192
0.01,0.5003628181237461,1.417677685374171,0.99,3.2574219055732674,0.004256119211069818,0.0051627786461384195,0.0005811021429513991,0.010000000000159636,0.4256119211001875,0.5162778646056003,0.05811021429421226,b1,175,4096
10.0,5.130167256348211,233.49218996066318,0.99,2.157123008975204,7.187123925295385,0.85031210183071,1.96256397320066,10.000000000326754,0.7187123925060543,0.08503121018029258,0.19625639731365324,b1,175,8192
1000.0,37.562614254796344,3441.630096726115,0.99,1.9146514322552237,775.659742386123,12.533437292973431,211.806820320904,1000.0000000000003,0.7756597423861227,0.012533437292973426,0.21180682032090392,b1,175,8192
0.01,0.500419805867904,1.4175995862999307,0.99,3.2505194100742467,0.004256369458647794,0.005162494231537745,0.0005811363100873787,0.010000000000272917,0.425636945853163,0.5162494231396851,0.058113631007151854,b1,176,4096
10.0,5.1301652970374025,233.4922715456015,0.99,2.1503468589105603,7.187123691658072,0.8503123989398356,1.9625639094020977,10.000000000000005,0.7187123691658068,0.0850312398939835,0.19625639094020966,b1,176,8192
1000.0,37.5605385888725,3441.8179037943673,0.99,1.9078679245345018,775.6592051480435,12.534121232864402,211.8066736190924,1000.0000000000003,0.7756592051480432,0.012534121232864398,0.21180667361909233,b1,176,8192
0.01,0.500356765699527,1.417685980427281,0.99,3.249205222542055,0.004256092631664944,0.005162808854360998,0.0005810985139766537,0.010000000000002595,0.4256092631663839,0.5162808854359658,0.05810985139765029,b1,177,4096
10.0,5.128185459271406,233.57474807944007,0.9899999999999998,2.1491103342014974,7.186887760523798,0.8506127550025014,1.9624994844736987,10.0,0.7186887760523798,0.08506127550025014,0.19624994844736987,b1,177,8192
1000.0,37.54178921980816,3443.5152834091027,0.99,1.906626045150481,775.6543496695949,12.540302606331556,211.8053477497774,1000.0000000257039,0.7756543496496575,0.012540302606009222,0.21180534774433318,b1,177,8192
0.01,0.4558842887535861,1.6866661256079798,0.9493882068962453,3.236852998121591,0.004613547522225364,0.0047565494562404175,0.0006299030217011696,0.010000000000166952,0.46135475221483396,0.4756549456161006,0.06299030216906533,b1,178,4096
10.0,5.129539106650632,233.5183512292657,0.99,2.143730518801395,7.187049088506576,0.8504073737252248,1.9625435377681957,9.999999999999998,0.7187049088506577,0.08504073737252249,0.1962543537768196,b1,178,8192
1000.0,37.54255102990877,3443.44628407992,0.99,1.9012168484046834,775.6545470329208,12.54005133041251,211.8054016431229,1000.0000000064563,0.775654547027913,0.012540051330331549,0.21180540164175543,b1,178,8192
0.01,0.5004248264545857,1.4175927062160103,0.99,3.25670759690071,0.004256391503948602,0.005162469176230242,0.0005811393200057824,0.010000000000184625,0.4256391503870018,0.516246917613493,0.05811393199950531,b1,179,4096
10.0,5.129522789350014,233.51903091595295,0.9899999999999828,2.1565900308171164,7.187047144981868,0.8504098489506033,1.9625430070563823,10.000000000988853,0.7187047144271175,0.08504098488665103,0.19625430068623156,b1,179,8192
1000.0,37.5524010291508,3442.5543911351083,0.99,1.9141134400811024,775.657098363418,12.53680331014837,211.80609832643734,1000.0000000000036,0.7756570983634151,0.012536803310148325,0.21180609832643657,b1,179,8192
0.01,0.500227484418034,1.4178631896675922,0.99,3.2485933621658405,0.004255524819698097,0.0051634541999788465,0.0005810209887161134,0.010000000008393057,0.42555248161264103,0.516345419564513,0.05810209882284592,b1,180,4096
10.0,5.127969465358608,233.5837495284204,0.9899999999999998,2.1484383906141398,7.186862011114278,0.8506455357177933,1.9624924531682721,10.000000000000343,0.7186862011114031,0.08506455357177642,0.19624924531682048,b1,180,8192
1000.0,37.54684342096199,3443.057561959906,0.99,1.9059803519902732,775.6556590096063,12.538635715085277,211.80570528688986,1000.0000000115815,0.775655659000623,0.012538635714940061,0.21180570528443682,b1,180,8192
0.01,0.5004224176238976,1.4175960074938685,0.99,3.24994209980228,0.004256380927704399,0.005162481198544627,0.0005811378759959073,0.010000000002244932,0.42563809267488706,0.5162481197385685,0.058113787586544584,b1,181,4096
10.0,5.130446049598612,233.4805806064782,0.99,2.1497688336241234,7.1871571345829794,0.8502698238668964,1.9625730415501257,10.000000000000002,0.7187157134582978,0.08502698238668963,0.19625730415501252,b1,181,8192
1000.0,37.56447006778157,3441.462199391738,0.99,1.9072848221936662,775.660222670716,12.532825858666742,211.8069514706169,999.9999999999998,0.7756602226707162,0.012532825858666745,0.21180695147061696,b1,181,8192
0.01,0.45519263932876847,1.69071806794756,0.9488560527127301,3.2367649447028577,0.004617614518259316,0.004751927179791814,0.0006304583022263387,0.010000000000277467,0.4617614518131192,0.4751927179659963,0.06304583022088454,b1,182,4096
10.0,5.129837105823464,233.50593938255912,0.9899999999999999,2.1436553464287704,7.187084593648898,0.8503621733120442,1.962553233039059,10.0,0.7187084593648898,0.08503621733120442,0.19625532330390588,b1,182,8192
1000.0,37.556418327629395,3442.1907673831124,0.99,1.9011665531084976,775.6581385400629,12.535479095934235,211.8063823640065,1000.0000000000035,0.7756581385400602,0.012535479095934192,0.21180638236400576,b1,182,8192
0.01,0.5004978415327029,1.4174926559206247,0.99,3.2492441821343383,0.004256712088060386,0.005162104821529673,0.0005811830904231781,0.010000000000013238,0.42567120880547515,0.5162104821522839,0.05811830904224088,b1,183,4096
10.0,5.1307145477952405,233.46940105180576,0.9899999999999997,2.1490342916792287,7.1871891146492475,0.8502291111105809,1.9625817742402214,10.00000000000005,0.7187189114649212,0.08502291111105767,0.19625817742402116,b1,183,8192
1000.0,37.559634623931025,3441.8997013046287,0.99,1.9065611376268687,775.6589711593151,12.534419116116457,211.8066097245703,1000.0000000000019,0.7756589711593136,0.012534419116116432,0.2118066097245699,b1,183,8192
0.01,0.5002904208645175,1.4177769149148458,0.9899999999999989,3.257301082631826,0.004255801256728472,0.0051631400118838915,0.0005810587315853273,0.010000000000197691,0.4255801256644339,0.516314001178182,0.05810587315738403,b1,184,4096
10.0,5.129171271235222,233.53367361795563,0.99,2.1569686229993033,7.187005257523446,0.850463173503942,1.9625315689877356,10.000000000015124,0.7187005257512576,0.08504631735026558,0.19625315689847675,b1,184,8192
1000.0,37.554580720280136,3442.3570879555414,0.99,1.9145012392310672,775.6576627659291,12.53608478812267,211.8062524459497,1000.0000000000015,0.775657662765928,0.012536084788122652,0.2118062524459494,b1,184,8192
0.01,0.491893921418045,1.4632350621392576,0.9827436822744641,3.2469035865456317,0.004318538596032337,0.005091836934508867,0.0005896244696449484,0.010000000000186152,0.4318538595951946,0.5091836934414081,0.058962446963397246,b1,185,4096
10.0,5.127093286361292,233.62027100977903,0.99,2.1470697235916334,7.186757538312863,0.8507785365585556,1.9624639251286327,10.000000000000052,0.7186757538312826,0.08507785365585513,0.19624639251286224,b1,185,8192
1000.0,37.52895068704614,3444.6785211115093,0.99,1.904600179242134,775.6510221091252,12.544538786975664,211.8044391039318,1000.0000000000326,0.7756510221090999,0.012544538786975255,0.21180443910392488,b1,185,8192
0.01,0.4848324885332127,1.5029769167874059,0.9765566145713483,3.2457632360059376,0.00437215223264408,0.005030903247787298,0.0005969445181636718,0.009999999998595051,0.4372152233258345,0.5030903248494114,0.05969445182475394,b1,186,4096
10.0,5.127881165648821,233.58742957881475,0.99,2.1464977099357467,7.186851484017147,0.8506589374139544,1.9624895785689491,10.00000000000005,0.7186851484017112,0.08506589374139502,0.19624895785689395,b1,186,8192
1000.0,37.54294945737934,3443.4101985629395,0.99,1.9040181723281557,775.6546502740381,12.539919917229934,211.80542983483068,1000.0000000260986,0.7756546502537945,0.01253991991690266,0.21180542982930284,b1,186,8192
0.01,0.5002821197122931,1.4177882935719865,0.99,3.257753043988861,0.00425576479686881,0.005163181449714762,0.0005810537535991549,0.010000000000182727,0.42557647967910456,0.5163181449620416,0.05810537535885374,b1,187,4096
10.0,5.128725572635756,233.55224213456512,0.9899999999999992,2.157487780752347,7.186952140691774,0.8505307947566607,1.962517064551567,10.000000000000002,0.7186952140691772,0.08505307947566605,0.19625170645515666,b1,187,8192
1000.0,37.55091274910306,3442.6891215585533,0.9899999999999969,1.9150178788691348,775.656712955589,12.537293960004817,211.80599308440617,1000.0,0.775656712955589,0.012537293960004817,0.21180599308440617,b1,187,8192
0.01,0.49981519419680237,1.420542949058818,0.9895390528427565,3.2481113449693284,0.004260053699692389,0.005158306968477026,0.0005816393317980009,0.009999999999967415,0.426005369970627,0.5158306968493834,0.058163933179989614,b1,188,4096
10.0,5.1275325201469935,233.60196114471648,0.9899999999999999,2.1479381337923655,7.186809915237889,0.8507118572411524,1.9624782275209596,10.000000000000002,0.7186809915237888,0.08507118572411522,0.19624782275209593,b1,188,8192
1000.0,37.53010701832855,3444.5737192845986,0.9899999999999998,1.9054695294917539,775.651321903638,12.544157128549601,211.80452096782008,1000.0000000000076,0.7756513219036321,0.012544157128549506,0.21180452096781846,b1,188,8192
0.01,0.4617316411979211,1.6457223275737973,0.9553060270069578,3.238482955666338,0.004559292427600273,0.004818212179649588,0.0006224953927816907,0.010000000000031553,0.4559292427585887,0.4818212179634385,0.06224953927797265,b1,189,4096
10.0,5.126252658113026,233.65532137735883,0.99,2.1439473569143366,7.1866572737576355,0.8509061800216271,1.9624365462207518,10.000000000000016,0.7186657273757624,0.08509061800216257,0.19624365462207485,b1,189,8192
1000.0,37.524940416936104,3445.042033579139,0.99,1.9014617178724953,775.6499822633855,12.54586259592381,211.8041551567218,1000.0000000160311,0.7756499822509509,0.012545862595722686,0.21180415515332635,b1,189,8192
0.01,0.5004421892041464,1.4175689132920366,0.99,3.258657114890273,0.0042564677418936575,0.005162382529172812,0.0005811497290265473,0.010000000000093018,0.4256467741854065,0.5162382529124793,0.05811497290211416,b1,190,4096
10.0,5.130364327348869,233.48398351813384,0.9899999999999493,2.1584932668475743,7.187147400292471,0.850282216302377,1.9625703834398642,10.000000000034712,0.7187147400267523,0.08502822162994256,0.19625703834330518,b1,190,8192
1000.0,37.5601059081663,3441.8570555160213,0.99,1.916028160262477,775.6590931557071,12.53426381229173,211.80664303771843,1000.0000000057173,0.7756590931512723,0.012534263812220068,0.21180664303650745,b1,190,8192
0.01,0.47282281227247897,1.5753746387458687,0.9655559699886422,3.2427923204301057,0.0044692384024473735,0.004920561568787323,0.0006102000165474815,0.00999999998778218,0.44692384079078085,0.4920561574799177,0.06102000172930129,b1,191,4096
10.0,5.1296528865932824,233.51361206976847,0.99,2.1453103757530907,7.187062645275071,0.8503901150551438,1.9625472396697796,9.999999999999995,0.7187062645275074,0.08503901150551443,0.19625472396697807,b1,191,8192
1000.0,37.55372759520136,3442.4343091805554,0.9899999999999999,1.9028115226659248,775.6574418680506,12.536366005846306,211.80619212610236,999.9999999999992,0.7756574418680512,0.012536366005846315,0.21180619212610252,b1,191,8192
0.01,0.5002920321153499,1.4177747063141477,0.99,3.250479105640589,0.004255808333421891,0.00516313196878877,0.0005810596977898688,0.01000000000000053,0.4255808333421665,0.5163131968788497,0.05810596977898381,b1,192,4096
10.0,5.127864711046736,233.58811536698948,0.9899999999999991,2.150350388009128,7.186849522261795,0.8506614348593005,1.9624890428789543,10.00000000000005,0.7186849522261759,0.08506614348592963,0.19624890428789446,b1,192,8192
1000.0,37.540428605391355,3443.638524838378,0.99,1.9078900464939952,775.6539971068221,12.540751416541342,211.80525147663624,999.9999999999997,0.7756539971068224,0.012540751416541346,0.2118052514766363,b1,192,8192
0.01,0.4915108051600488,1.4650272604840266,0.9824801124364602,3.2467339093918675,0.0043204603702915465,0.0050896527739207565,0.0005898868558904725,0.010000000000102776,0.4320460370247143,0.5089652773868447,0.05898868558844099,b1,193,4096
10.0,5.127245659820278,233.6139188566051,0.9899999999999999,2.146828565824388,7.1867757091868105,0.8507554038245768,1.9624688869886118,9.999999999999998,0.7186775709186812,0.0850755403824577,0.1962468886988612,b1,193,8192
1000.0,37.53542228274967,3444.092062693719,0.99,1.904362148950117,775.6526997232506,12.542403072329485,211.804897204429,1000.0000000000092,0.7756526997232435,0.012542403072329369,0.21180489720442705,b1,193,8192
0.01,0.4951514587660988,1.4454238970641782,0.9855605336824621,3.247421550583989,0.004294222507000243,0.005119472979933607,0.0005863045129557666,0.009999999999889618,0.42942225070476436,0.5119472979990117,0.05863045129622383,b1,194,4096
10.0,5.127391717562575,233.6078303176208,0.99,2.1473242388958904,7.186793125969993,0.8507332310984497,1.9624736429315395,9.999999999999984,0.7186793125970005,0.0850733231098451,0.19624736429315426,b1,194,8192
1000.0,37.531653305032,3444.4335845750707,0.99,1.9048341787049752,775.6517227708811,12.543646797821127,211.80463043130192,1000.0000000000041,0.7756517227708779,0.012543646797821075,0.21180463043130104,b1,194,8192
0.01,0.500456305755373,1.4175495693718507,0.9899999999999993,3.2597945572506766,0.004256529724277738,0.005162312084120932,0.0005811581916880538,0.010000000000086724,0.42565297242408234,0.5162312084076163,0.05811581916830137,b1,195,4096
10.0,5.129716689714035,233.51095463639612,0.99,2.1594769882557463,7.187070247376269,0.8503804374391316,1.9625493155502134,10.000000000365613,0.7187070247113501,0.08503804374080405,0.19625493154784598,b1,195,8192
1000.0,37.55018057126133,3442.7554077329664,0.99,1.916973417889257,775.6565233383559,12.537535355386613,211.8059413062604,1000.0000000000028,0.7756565233383537,0.012537535355386577,0.2118059413062598,b1,195,8192
0.01,0.48251999236169907,1.51699899286272,0.9743677179652509,3.244563136180717,0.004391894054692949,0.0050084660047283415,0.0005996399349340774,0.009999999994355368,0.4391894057172012,0.5008466007555437,0.05996399352725521,b1,196,4096
10.0,5.130908376362833,233.4613312083431,0.99,2.1457258237669765,7.187212199122232,0.8501997230374425,1.962588077840311,9.999999999999986,0.7187212199122243,0.08501997230374438,0.19625880778403137,b1,196,8192
1000.0,37.56935548299847,3441.0202891937975,0.99,1.9032582564045943,775.6614868135919,12.531216547497515,211.80729666589818,1000.0000000269875,0.7756614867926587,0.012531216547159328,0.21180729666018203,b1,196,8192
0.01,0.5004629658490212,1.4175404432208496,0.99,3.2523970071637813,0.004256558966551455,0.005162278849276391,0.0005811621842331587,0.010000000000061003,0.4256558966525488,0.5162278849244899,0.05811621842296134,b1,197,4096
10.0,5.129611554210308,233.51533362296962,0.9899999999999994,2.1520783478211025,7.187057720625958,0.8503963844619303,1.9625458949122618,10.000000000000151,0.718705772062585,0.08503963844619175,0.1962545894912232,b1,197,8192
1000.0,37.54875207462571,3442.8847410071285,0.99,1.9095734195927982,775.6561533695318,12.538006350361682,211.80584028010682,1000.0000000000003,0.7756561533695315,0.012538006350361678,0.21180584028010674,b1,197,8192
0.01,0.4609017749804994,1.651030362127758,0.9545547533272274,3.238790383697484,0.004565776946708282,0.004810842308445342,0.0006233807457905708,0.010000000000944195,0.45657769462771836,0.4810842307991105,0.06233807457317115,b1,198,4096
10.0,5.12792633497681,233.58554705075363,0.9899999999999999,2.1441559613184342,7.186856869149146,0.8506520817825404,1.9624910490689935,10.00000000000068,0.7186856869148657,0.08506520817824825,0.196249104906886,b1,198,8192
1000.0,37.547852560228755,3442.9661862565063,0.9899999999999999,1.901699695516246,775.6559203884743,12.538302950779855,211.8057766607461,1000.0000000000003,0.7756559203884741,0.01253830295077985,0.21180577666074601,b1,198,8192
0.01,0.5003146378781843,1.4177437208949242,0.99,3.258629626566484,0.004255907617941682,0.005163019128710691,0.0005810732534363044,0.010000000000088678,0.4255907617903942,0.5163019128664906,0.058107325343115156,b1,199,4096
10.0,5.128629458486384,233.55624680126687,0.99,2.1584780125894287,7.186940685350962,0.8505453786130277,1.962513936479836,10.000000000443825,0.7186940685031987,0.08505453785752784,0.1962513936392735,b1,199,8192
1000.0,37.54634745930345,3443.1024720935015,0.99,1.9160318134540049,775.6555305312556,12.53879926501,211.80567020373488,1000.0000000000005,0.7756555305312552,0.012538799265009995,0.21180567020373478,b1,199,8192
