N_params_B,D_tokens_B,val_loss,step,interpolated,trajectory,predicted_loss,residual
0.070542,0.134,4.7385,0,1,pythia_0.070542B_trajectory,4.738561597471662,-6.159747166201157e-05
0.070542,0.136,4.7325,0,1,pythia_0.070542B_trajectory,4.729554304180846,0.0029456958191538263
0.070542,0.138,4.7206,0,1,pythia_0.070542B_trajectory,4.720714967854448,-0.00011496785444808921
0.070542,0.14,4.7148,0,1,pythia_0.070542B_trajectory,4.712038089681725,0.00276191031827544
0.070542,0.143,4.7028,0,1,pythia_0.070542B_trajectory,4.699315977381751,0.003484022618248872
0.070542,0.145,4.6893,0,1,pythia_0.070542B_trajectory,4.691022825621577,-0.0017228256215764404
0.070542,0.147,4.6888,0,1,pythia_0.070542B_trajectory,4.682874799483704,0.005925200516295526
0.070542,0.149,4.6782,0,1,pythia_0.070542B_trajectory,4.674867436050397,0.003332563949603795
0.070542,0.152,4.6683,0,1,pythia_0.070542B_trajectory,4.66311084755937,0.005189152440630451
0.070542,0.154,4.6623,0,1,pythia_0.070542B_trajectory,4.6554368673405015,0.006863132659498561
0.070542,0.156,4.6557,0,1,pythia_0.070542B_trajectory,4.6478893937551975,0.007810606244802898
0.070542,0.159,4.6424,0,1,pythia_0.070542B_trajectory,4.63679740171988,0.005602598280120219
0.070542,0.161,4.6357,0,1,pythia_0.070542B_trajectory,4.629550476702698,0.0061495232973021174
0.070542,0.164,4.6249,0,1,pythia_0.070542B_trajectory,4.618893429747581,0.006006570252418797
0.070542,0.166,4.6204,0,1,pythia_0.070542B_trajectory,4.611926377572731,0.008473622427269234
0.070542,0.169,4.6124,0,1,pythia_0.070542B_trajectory,4.601674797620211,0.010725202379789245
0.070542,0.172,4.6031,0,1,pythia_0.070542B_trajectory,4.591653524077769,0.011446475922231691
0.070542,0.174,4.5913,0,1,pythia_0.070542B_trajectory,4.585096129002416,0.00620387099758446
0.070542,0.177,4.5817,0,1,pythia_0.070542B_trajectory,4.5754388216739565,0.006261178326043115
0.070542,0.18,4.573,0,1,pythia_0.070542B_trajectory,4.565988768679462,0.007011231320538158
0.070542,0.183,4.5675,0,1,pythia_0.070542B_trajectory,4.556738177465688,0.010761822534312238
0.070542,0.185,4.5565,0,1,pythia_0.070542B_trajectory,4.550678269165665,0.00582173083433446
0.070542,0.188,4.5478,0,1,pythia_0.070542B_trajectory,4.541743910839884,0.006056089160115796
0.070542,0.191,4.5431,0,1,pythia_0.070542B_trajectory,4.532990185552693,0.010109814447306853
0.070542,0.194,4.5327,0,1,pythia_0.070542B_trajectory,4.524410688971688,0.008289311028311985
0.070542,0.197,4.5253,0,1,pythia_0.070542B_trajectory,4.51599933842739,0.00930066157260967
0.070542,0.2,4.5174,0,1,pythia_0.070542B_trajectory,4.507750352149401,0.009649647850599408
0.070542,0.203,4.5103,0,1,pythia_0.070542B_trajectory,4.499658230131528,0.010641769868471762
0.070542,0.207,4.4993,0,1,pythia_0.070542B_trajectory,4.489103731466228,0.010196268533771757
0.070542,0.21,4.4892,0,1,pythia_0.070542B_trajectory,4.481357690328933,0.007842309671067582
0.070542,0.213,4.4785,0,1,pythia_0.070542B_trajectory,4.473751998207223,0.0047480017927776785
0.070542,0.216,4.4762,0,1,pythia_0.070542B_trajectory,4.466282188447157,0.009917811552843325
0.070542,0.22,4.4628,0,1,pythia_0.070542B_trajectory,4.4565264706966,0.006273529303399528
0.070542,0.223,4.4602,0,1,pythia_0.070542B_trajectory,4.44935746056794,0.01084253943206015
0.070542,0.227,4.4468,0,1,pythia_0.070542B_trajectory,4.439988519010053,0.006811480989946439
0.070542,0.23,4.4381,0,1,pythia_0.070542B_trajectory,4.433099389965411,0.005000610034588959
0.070542,0.234,4.4321,0,1,pythia_0.070542B_trajectory,4.424090730062884,0.008009269937116592
0.070542,0.237,4.4191,0,1,pythia_0.070542B_trajectory,4.4174625944132275,0.0016374055867727222
0.070542,0.241,4.4169,0,1,pythia_0.070542B_trajectory,4.408790256430555,0.008109743569445271
0.070542,0.245,4.4045,0,1,pythia_0.070542B_trajectory,4.400300213434554,0.004199786565445507
0.070542,0.249,4.3966,0,1,pythia_0.070542B_trajectory,4.391985749766363,0.004614250233637485
0.070542,0.253,4.3846,0,1,pythia_0.070542B_trajectory,4.383840500029777,0.0007594999702229543
0.070542,0.256,4.3778,0,1,pythia_0.070542B_trajectory,4.377838965106786,-3.896510678647047e-05
0.070542,0.26,4.3706,0,1,pythia_0.070542B_trajectory,4.36997549375439,0.0006245062456091688
0.070542,0.265,4.3621,0,1,pythia_0.070542B_trajectory,4.360361154799005,0.0017388452009949873
0.070542,0.269,4.352,0,1,pythia_0.070542B_trajectory,4.3528353296367115,-0.0008353296367111795
0.070542,0.273,4.3475,0,1,pythia_0.070542B_trajectory,4.345451387222623,0.0020486127773775564
0.070542,0.277,4.3394,0,1,pythia_0.070542B_trajectory,4.338204631824489,0.0011953681755114687
0.070542,0.281,4.3319,0,1,pythia_0.070542B_trajectory,4.331090588088692,0.0008094119113080112
0.070542,0.286,4.3262,0,1,pythia_0.070542B_trajectory,4.3223781754443085,0.0038218245556915775
0.070542,0.29,4.318,0,1,pythia_0.070542B_trajectory,4.31554742262647,0.00245257737352933
0.070542,0.295,4.3098,0,1,pythia_0.070542B_trajectory,4.307176642539672,0.0026233574603278242
0.070542,0.299,4.3032,0,1,pythia_0.070542B_trajectory,4.30060969193597,0.0025903080640299336
0.070542,0.304,4.2945,0,1,pythia_0.070542B_trajectory,4.2925573908130605,0.00194260918693967
0.070542,0.309,4.2916,0,1,pythia_0.070542B_trajectory,4.284672836013575,0.006927163986424567
0.070542,0.314,4.2826,0,1,pythia_0.070542B_trajectory,4.2769499022836355,0.005650097716364932
0.070542,0.318,4.2751,0,1,pythia_0.070542B_trajectory,4.270884009026142,0.0042159909738579415
0.070542,0.323,4.2681,0,1,pythia_0.070542B_trajectory,4.263437555012636,0.0046624449873631235
0.070542,0.328,4.2611,0,1,pythia_0.070542B_trajectory,4.2561371901402785,0.004962809859721418
0.070542,0.334,4.2514,0,1,pythia_0.070542B_trajectory,4.24756252743102,0.0038374725689802602
0.070542,0.339,4.249,0,1,pythia_0.070542B_trajectory,4.240566203007569,0.008433796992430409
0.070542,0.344,4.2394,0,1,pythia_0.070542B_trajectory,4.23370071872476,0.005699281275239443
0.070542,0.349,4.2332,0,1,pythia_0.070542B_trajectory,4.22696177861582,0.006238221384180065
0.070542,0.355,4.2291,0,1,pythia_0.070542B_trajectory,4.219036335100496,0.010063664899504055
0.070542,0.36,4.2221,0,1,pythia_0.070542B_trajectory,4.212561638514269,0.009538361485731173
0.070542,0.366,4.2122,0,1,pythia_0.070542B_trajectory,4.204942279333649,0.0072577206663515526
0.070542,0.372,4.206,0,1,pythia_0.070542B_trajectory,4.197481132335625,0.008518867664375485
0.070542,0.377,4.1995,0,1,pythia_0.070542B_trajectory,4.191380202707132,0.008119797292867936
0.070542,0.383,4.1915,0,1,pythia_0.070542B_trajectory,4.1841943695736745,0.007305630426325038
0.070542,0.389,4.1858,0,1,pythia_0.070542B_trajectory,4.177151189050922,0.008648810949078545
0.070542,0.395,4.179,0,1,pythia_0.070542B_trajectory,4.1702456935323315,0.008754306467668727
0.070542,0.402,4.1698,0,1,pythia_0.070542B_trajectory,4.162357013249419,0.007442986750580971
0.070542,0.408,4.164,0,1,pythia_0.070542B_trajectory,4.15573393996317,0.008266060036829614
0.070542,0.414,4.1563,0,1,pythia_0.070542B_trajectory,4.149234365629198,0.0070656343708019875
0.070542,0.421,4.1503,0,1,pythia_0.070542B_trajectory,4.141802234239885,0.008497765760115072
0.070542,0.427,4.1425,0,1,pythia_0.070542B_trajectory,4.13555662010351,0.006943379896489965
0.070542,0.434,4.1329,0,1,pythia_0.070542B_trajectory,4.128410524813397,0.004489475186603364
0.070542,0.441,4.1278,0,1,pythia_0.070542B_trajectory,4.1214104455910885,0.006389554408911202
0.070542,0.447,4.1219,0,1,pythia_0.070542B_trajectory,4.115522621897981,0.006377378102019549
0.070542,0.454,4.1118,0,1,pythia_0.070542B_trajectory,4.108780038301578,0.0030199616984214472
0.070542,0.461,4.1049,0,1,pythia_0.070542B_trajectory,4.10216921551275,0.0027307844872499487
0.070542,0.469,4.1007,0,1,pythia_0.070542B_trajectory,4.094769544138741,0.005930455861259176
0.070542,0.476,4.0913,0,1,pythia_0.070542B_trajectory,4.088426134361468,0.0028738656385325356
0.070542,0.483,4.0887,0,1,pythia_0.070542B_trajectory,4.08220100871416,0.0064989912858406385
0.070542,0.491,4.077,0,1,pythia_0.070542B_trajectory,4.075226457732637,0.0017735422673625933
0.070542,0.499,4.0708,0,1,pythia_0.070542B_trajectory,4.06839585401551,0.002404145984490569
0.070542,0.506,4.0651,0,1,pythia_0.070542B_trajectory,4.0625330564596025,0.0025669435403976593
0.070542,0.514,4.055,0,1,pythia_0.070542B_trajectory,4.055958526196156,-0.0009585261961566616
0.070542,0.522,4.0514,0,1,pythia_0.070542B_trajectory,4.049513674883075,0.0018863251169252138
0.070542,0.53,4.0444,0,1,pythia_0.070542B_trajectory,4.0431940152562,0.0012059847438008475
0.070542,0.539,4.0371,0,1,pythia_0.070542B_trajectory,4.036228736281971,0.0008712637180288141
0.070542,0.547,4.0314,0,1,pythia_0.070542B_trajectory,4.030161196672895,0.0012388033271042431
0.070542,0.556,4.0241,0,1,pythia_0.070542B_trajectory,4.023469533062206,0.0006304669377934502
0.070542,0.564,4.0213,0,1,pythia_0.070542B_trajectory,4.017636738189486,0.003663261810514129
0.070542,0.573,4.011,0,1,pythia_0.070542B_trajectory,4.0112001137527225,-0.00020011375272233067
0.070542,0.582,4.0087,0,1,pythia_0.070542B_trajectory,4.004891599887291,0.0038084001127094425
0.070542,0.591,4.0009,0,1,pythia_0.070542B_trajectory,3.998706723999211,0.0021932760007885577
0.070542,0.6,3.9959,0,1,pythia_0.070542B_trajectory,3.9926412347459523,0.0032587652540474465
0.070542,0.61,3.9911,0,1,pythia_0.070542B_trajectory,3.9860369114150247,0.005063088584975173
0.070542,0.619,3.9808,0,1,pythia_0.070542B_trajectory,3.9802104155776674,0.0005895844223324787
0.070542,0.629,3.9812,0,1,pythia_0.070542B_trajectory,3.9738623744304418,0.007337625569558082
0.070542,0.638,3.9734,0,1,pythia_0.070542B_trajectory,3.9682585985784744,0.005141401421525416
0.070542,0.648,3.966,0,1,pythia_0.070542B_trajectory,3.96214964549947,0.003850354500530173
0.070542,0.659,3.9602,0,1,pythia_0.070542B_trajectory,3.9555676402436903,0.004632359756309601
0.070542,0.669,3.9581,0,1,pythia_0.070542B_trajectory,3.9497048733049,0.008395126695099897
0.070542,0.679,3.9541,0,1,pythia_0.070542B_trajectory,3.94395320865027,0.010146791349729956
0.070542,0.69,3.9465,0,1,pythia_0.070542B_trajectory,3.9377502949852,0.008749705014799769
0.070542,0.701,3.9388,0,1,pythia_0.070542B_trajectory,3.931672670613395,0.007127329386605208
0.070542,0.711,3.9303,0,1,pythia_0.070542B_trajectory,3.926252540936288,0.004047459063711845
0.070542,0.723,3.9258,0,1,pythia_0.070542B_trajectory,3.9198757606796786,0.0059242393203216
0.070542,0.734,3.9187,0,1,pythia_0.070542B_trajectory,3.914148252952224,0.004551747047775834
0.070542,0.745,3.9162,0,1,pythia_0.070542B_trajectory,3.9085295625886154,0.007670437411384512
0.070542,0.757,3.9103,0,1,pythia_0.070542B_trajectory,3.9025199283677483,0.007780071632251584
0.070542,0.769,3.9052,0,1,pythia_0.070542B_trajectory,3.89663100119317,0.008568998806829597
0.070542,0.781,3.8995,0,1,pythia_0.070542B_trajectory,3.8908585289582422,0.008641471041757942
0.070542,0.793,3.8902,0,1,pythia_0.070542B_trajectory,3.88519847176781,0.005001528232190022
0.070542,0.805,3.8832,0,1,pythia_0.070542B_trajectory,3.8796469883251747,0.003553011674825246
0.070542,0.818,3.8807,0,1,pythia_0.070542B_trajectory,3.8737511685577823,0.0069488314422176956
0.070542,0.83,3.8726,0,1,pythia_0.070542B_trajectory,3.86841434255029,0.00418565744970989
0.070542,0.843,3.8715,0,1,pythia_0.070542B_trajectory,3.8627431037171087,0.008756896282891447
0.070542,0.856,3.8656,0,1,pythia_0.070542B_trajectory,3.8571827085092463,0.008417291490753875
0.070542,0.87,3.8569,0,1,pythia_0.070542B_trajectory,3.8513141959827992,0.005585804017200768
0.070542,0.883,3.8486,0,1,pythia_0.070542B_trajectory,3.8459720805401565,0.0026279194598433087
0.070542,0.897,3.8477,0,1,pythia_0.070542B_trajectory,3.8403304651438894,0.007369534856110693
0.070542,0.911,3.8391,0,1,pythia_0.070542B_trajectory,3.834800434563381,0.004299565436619357
0.070542,0.925,3.8333,0,1,pythia_0.070542B_trajectory,3.829378117149784,0.003921882850216107
0.070542,0.94,3.8253,0,1,pythia_0.070542B_trajectory,3.823683841285848,0.001616158714151883
0.070542,0.954,3.821,0,1,pythia_0.070542B_trajectory,3.818473135751012,0.002526864248987959
0.070542,0.969,3.8168,0,1,pythia_0.070542B_trajectory,3.8129977494099876,0.0038022505900126014
0.070542,0.984,3.8126,0,1,pythia_0.070542B_trajectory,3.807629782585227,0.004970217414772993
0.070542,1.0,3.8047,0,1,pythia_0.070542B_trajectory,3.802018189011532,0.00268181098846787
0.070542,1.015,3.7982,0,1,pythia_0.070542B_trajectory,3.796860708931353,0.0013392910686471637
0.070542,1.031,3.794,0,1,pythia_0.070542B_trajectory,3.791465836535215,0.0025341634647850775
0.070542,1.047,3.7857,0,1,pythia_0.070542B_trajectory,3.786177068385279,-0.00047706838527927786
0.070542,1.063,3.7795,0,1,pythia_0.070542B_trajectory,3.7809907433890384,-0.0014907433890383182
0.070542,1.08,3.7757,0,1,pythia_0.070542B_trajectory,3.7755886285348668,0.00011137146513329199
0.070542,1.097,3.7695,0,1,pythia_0.070542B_trajectory,3.7702942640123256,-0.0007942640123257405
0.070542,1.114,3.7663,0,1,pythia_0.070542B_trajectory,3.7651038801202272,0.0011961198797729722
0.070542,1.131,3.7597,0,1,pythia_0.070542B_trajectory,3.7600138940248113,-0.0003138940248113009
0.070542,1.149,3.7609,0,1,pythia_0.070542B_trajectory,3.7547301425215514,0.006169857478448559
0.070542,1.167,3.7492,0,1,pythia_0.070542B_trajectory,3.749551283649704,-0.00035128364970393733
0.070542,1.185,3.7488,0,1,pythia_0.070542B_trajectory,3.74447366472237,0.0043263352776299335
0.070542,1.203,3.7417,0,1,pythia_0.070542B_trajectory,3.7394938132916202,0.002206186708379576
0.070542,1.222,3.7377,0,1,pythia_0.070542B_trajectory,3.7343397211540363,0.0033602788459634603
0.070542,1.241,3.7357,0,1,pythia_0.070542B_trajectory,3.7292871876420666,0.006412812357933451
0.070542,1.26,3.7248,0,1,pythia_0.070542B_trajectory,3.724332702041245,0.00046729795875499747
0.070542,1.28,3.7235,0,1,pythia_0.070542B_trajectory,3.7192197105183915,0.0042802894816085235
0.070542,1.3,3.7213,0,1,pythia_0.070542B_trajectory,3.7142079599823186,0.007092040017681267
0.070542,1.32,3.7114,0,1,pythia_0.070542B_trajectory,3.709293933860243,0.0021060661397567237
0.070542,1.341,3.7094,0,1,pythia_0.070542B_trajectory,3.7042357261784415,0.005164273821558485
0.070542,1.362,3.7017,0,1,pythia_0.070542B_trajectory,3.6992778965779367,0.002422103422063504
0.070542,1.383,3.6971,0,1,pythia_0.070542B_trajectory,3.6944169508532685,0.002683049146731342
0.070542,1.404,3.6939,0,1,pythia_0.070542B_trajectory,3.6896495671560636,0.004250432843936558
0.070542,1.426,3.6896,0,1,pythia_0.070542B_trajectory,3.6847520747289977,0.004847925271002307
0.070542,1.449,3.6852,0,1,pythia_0.070542B_trajectory,3.6797343050514604,0.005465694948539657
0.070542,1.471,3.6756,0,1,pythia_0.070542B_trajectory,3.675029178886647,0.0005708211133530483
0.070542,1.494,3.6792,0,1,pythia_0.070542B_trajectory,3.6702055219869605,0.00899447801303932
0.070542,1.517,3.6676,0,1,pythia_0.070542B_trajectory,3.665475984198736,0.0021240158012640897
0.070542,1.541,3.6644,0,1,pythia_0.070542B_trajectory,3.6606376772499027,0.0037623227500973577
0.070542,1.565,3.6629,0,1,pythia_0.070542B_trajectory,3.6558948645349836,0.0070051354650164654
0.070542,1.589,3.6559,0,1,pythia_0.070542B_trajectory,3.651244239588099,0.004655760411901078
0.070542,1.614,3.652,0,1,pythia_0.070542B_trajectory,3.6464944799505066,0.005505520049493562
0.070542,1.639,3.6433,0,1,pythia_0.070542B_trajectory,3.6418379612073606,0.0014620387926393974
0.070542,1.665,3.6405,0,1,pythia_0.070542B_trajectory,3.6370906414011186,0.0034093585988812514
0.070542,1.691,3.6386,0,1,pythia_0.070542B_trajectory,3.6324372661113147,0.006162733888685157
0.070542,1.717,3.6329,0,1,pythia_0.070542B_trajectory,3.627874574116775,0.005025425883224965
0.070542,1.744,3.6284,0,1,pythia_0.070542B_trajectory,3.6232290535779867,0.005170946422013323
0.070542,1.771,3.6212,0,1,pythia_0.070542B_trajectory,3.6186746820846363,0.0025253179153637006
0.070542,1.799,3.6188,0,1,pythia_0.070542B_trajectory,3.614044552010305,0.004755447989694961
0.070542,1.827,3.615,0,1,pythia_0.070542B_trajectory,3.609505748674773,0.005494251325227406
0.070542,1.855,3.6052,0,1,pythia_0.070542B_trajectory,3.605055111910559,0.00014488808944079778
0.070542,1.884,3.6046,0,1,pythia_0.070542B_trajectory,3.600535265414255,0.004064734585745189
0.070542,1.913,3.5967,0,1,pythia_0.070542B_trajectory,3.596103597992858,0.0005964020071416165
0.070542,1.943,3.5941,0,1,pythia_0.070542B_trajectory,3.591608695400285,0.0024913045997152494
0.070542,1.973,3.5901,0,1,pythia_0.070542B_trajectory,3.587201751866058,0.0028982481339419053
0.070542,2.004,3.5832,0,1,pythia_0.070542B_trajectory,3.5827371095282174,0.0004628904717827176
0.070542,2.035,3.578,0,1,pythia_0.070542B_trajectory,3.5783599967107036,-0.00035999671070374717
0.070542,2.067,3.5758,0,1,pythia_0.070542B_trajectory,3.5739303064187773,0.0018696935812227977
0.070542,2.099,3.5695,1,1,pythia_0.070542B_trajectory,3.5695875288579666,-8.752885796647902e-05
0.070542,2.132,3.5664,1,1,pythia_0.070542B_trajectory,3.565196903759882,0.0012030962401179401
0.070542,2.165,3.5608,1,1,pythia_0.070542B_trajectory,3.560892408659217,-9.240865921711361e-05
0.070542,2.199,3.5567,1,1,pythia_0.070542B_trajectory,3.55654442828201,0.00015557171799018832
0.070542,2.233,3.5534,1,1,pythia_0.070542B_trajectory,3.5522816493985494,0.0011183506014504907
0.070542,2.268,3.5473,1,1,pythia_0.070542B_trajectory,3.5479794032698737,-0.0006794032698738128
0.070542,2.303,3.5456,1,1,pythia_0.070542B_trajectory,3.5437613032912605,0.0018386967087393735
0.070542,2.339,3.5424,1,1,pythia_0.070542B_trajectory,3.5395074327830267,0.0028925672169735073
0.070542,2.375,3.5404,1,1,pythia_0.070542B_trajectory,3.5353365438609803,0.005063456139019706
0.070542,2.412,3.5328,1,1,pythia_0.070542B_trajectory,3.531133281988,0.0016667180119998015
0.070542,2.45,3.5332,1,1,pythia_0.070542B_trajectory,3.5269014590523597,0.006298540947640152
0.070542,2.488,3.5247,1,1,pythia_0.070542B_trajectory,3.5227528197051563,0.0019471802948438643
0.070542,2.527,3.5201,1,1,pythia_0.070542B_trajectory,3.5185784935254607,0.0015215064745390805
0.070542,2.566,3.5184,1,1,pythia_0.070542B_trajectory,3.51448581795258,0.003914182047420223
0.070542,2.606,3.5133,1,1,pythia_0.070542B_trajectory,3.5103700850158472,0.0029299149841528482
0.070542,2.647,3.5094,1,1,pythia_0.070542B_trajectory,3.5062345324028676,0.00316546759713221
0.070542,2.688,3.5082,1,1,pythia_0.070542B_trajectory,3.50218016218308,0.0060198378169200595
0.070542,2.73,3.5046,1,1,pythia_0.070542B_trajectory,3.4981081597543415,0.006491840245658409
0.070542,2.773,3.4952,1,1,pythia_0.070542B_trajectory,3.494021440718452,0.001178559281548086
0.070542,2.816,3.499,1,1,pythia_0.070542B_trajectory,3.4900150348924157,0.008984965107584397
0.070542,2.86,3.4943,1,1,pythia_0.070542B_trajectory,3.48599570560751,0.008304294392489808
0.070542,2.904,3.4871,1,1,pythia_0.070542B_trajectory,3.482054749457141,0.00504525054285887
0.070542,2.949,3.4859,1,1,pythia_0.070542B_trajectory,3.4781024975610704,0.007797502438929627
0.070542,2.995,3.4801,1,1,pythia_0.070542B_trajectory,3.474141408780693,0.0059585912193069746
0.070542,3.042,3.4728,1,1,pythia_0.070542B_trajectory,3.4701738318952406,0.002626168104759241
0.070542,3.089,3.4731,1,1,pythia_0.070542B_trajectory,3.46628394642108,0.006816053578920123
0.070542,3.138,3.4653,1,1,pythia_0.070542B_trajectory,3.4623083739279323,0.00299162607206771
0.070542,3.186,3.4618,1,1,pythia_0.070542B_trajectory,3.458490231518388,0.003309768481612352
0.070542,3.236,3.4541,1,1,pythia_0.070542B_trajectory,3.454590506806423,-0.0004905068064231521
0.070542,3.286,3.4547,1,1,pythia_0.070542B_trajectory,3.450767148830801,0.003932851169198948
0.070542,3.338,3.448,1,1,pythia_0.070542B_trajectory,3.446869047332107,0.0011309526678928705
0.070542,3.39,3.447,1,1,pythia_0.070542B_trajectory,3.443047902140755,0.003952097859245107
0.070542,3.442,3.4412,1,1,pythia_0.070542B_trajectory,3.4393010480136024,0.0018989519863974458
0.070542,3.496,3.4388,1,1,pythia_0.070542B_trajectory,3.435486000508545,0.0033139994914552773
0.070542,3.551,3.4335,1,1,pythia_0.070542B_trajectory,3.4316770597192185,0.0018229402807814488
0.070542,3.606,3.4296,1,1,pythia_0.070542B_trajectory,3.427942886763519,0.0016571132364813224
0.070542,3.662,3.4288,1,1,pythia_0.070542B_trajectory,3.42421497805811,0.0045850219418897
0.070542,3.719,3.4248,1,1,pythia_0.070542B_trajectory,3.4204946895694386,0.00430531043056126
0.070542,3.777,3.4164,1,1,pythia_0.070542B_trajectory,3.4167833025761545,-0.0003833025761545983
0.070542,3.836,3.414,1,1,pythia_0.070542B_trajectory,3.4130820260539823,0.0009179739460178915
0.070542,3.896,3.4114,1,1,pythia_0.070542B_trajectory,3.409391999086458,0.0020080009135421406
0.070542,3.956,3.4077,1,1,pythia_0.070542B_trajectory,3.4057739973250394,0.0019260026749607917
0.070542,4.018,3.4016,1,1,pythia_0.070542B_trajectory,3.4021084428648942,-0.0005084428648940431
0.070542,4.08,3.3999,1,1,pythia_0.070542B_trajectory,3.398514574653899,0.001385425346100977
0.070542,4.144,3.3935,1,1,pythia_0.070542B_trajectory,3.394877360663217,-0.001377360663217253
0.070542,4.209,3.395,2,1,pythia_0.070542B_trajectory,3.391256172711045,0.0037438272889551705
0.070542,4.274,3.389,2,1,pythia_0.070542B_trajectory,3.3877058603174155,0.0012941396825842943
0.070542,4.341,3.3865,2,1,pythia_0.070542B_trajectory,3.3841179153097096,0.0023820846902902204
0.070542,4.408,3.3778,2,1,pythia_0.070542B_trajectory,3.3806001552876817,-0.002800155287681516
0.070542,4.477,3.3756,2,1,pythia_0.070542B_trajectory,3.3770482045013814,-0.0014482045013815004
0.070542,4.547,3.375,2,1,pythia_0.070542B_trajectory,3.373515662135402,0.0014843378645981176
0.070542,4.618,3.3713,2,1,pythia_0.070542B_trajectory,3.37000305353737,0.001296946462630011
0.070542,4.69,3.3675,2,1,pythia_0.070542B_trajectory,3.366510861598801,0.0009891384011990745
0.070542,4.763,3.3651,2,1,pythia_0.070542B_trajectory,3.363039528752922,0.0020604712470779774
0.070542,4.837,3.3616,2,1,pythia_0.070542B_trajectory,3.359589458911595,0.002010541088405038
0.070542,4.912,3.3555,2,1,pythia_0.070542B_trajectory,3.3561610193403544,-0.0006610193403542297
0.070542,4.989,3.3543,2,1,pythia_0.070542B_trajectory,3.35271016394134,0.0015898360586596993
0.070542,5.066,3.3489,2,1,pythia_0.070542B_trajectory,3.3493268106726637,-0.0004268106726637022
0.070542,5.145,3.3476,2,1,pythia_0.070542B_trajectory,3.3459233051380504,0.0016766948619495459
0.070542,5.225,3.3425,2,1,pythia_0.070542B_trajectory,3.3425442077976335,-4.420779763369964e-05
0.070542,5.307,3.3375,2,1,pythia_0.070542B_trajectory,3.339148670101971,-0.001648670101971117
0.070542,5.389,3.3388,2,1,pythia_0.070542B_trajectory,3.3358196263479423,0.0029803736520577218
0.070542,5.473,3.3331,2,1,pythia_0.070542B_trajectory,3.3324759454256645,0.0006240545743354531
0.070542,5.559,3.3315,2,1,pythia_0.070542B_trajectory,3.3291200213164442,0.0023799786835558834
0.070542,5.645,3.3261,2,1,pythia_0.070542B_trajectory,3.325829895926242,0.00027010407375804846
0.070542,5.733,3.3217,2,1,pythia_0.070542B_trajectory,3.3225290073115654,-0.0008290073115655439
0.070542,5.823,3.3187,2,1,pythia_0.070542B_trajectory,3.3192195066848784,-0.0005195066848782126
0.070542,5.913,3.3174,2,1,pythia_0.070542B_trajectory,3.3159748345129567,0.0014251654870434116
0.070542,6.005,3.3103,2,1,pythia_0.070542B_trajectory,3.312722744652079,-0.002422744652079256
0.070542,6.099,3.3138,2,1,pythia_0.070542B_trajectory,3.3094651663224046,0.004334833677595462
0.070542,6.194,3.3042,2,1,pythia_0.070542B_trajectory,3.3062375771326447,-0.002037577132644852
0.070542,6.29,3.2992,3,1,pythia_0.070542B_trajectory,3.303039743525357,-0.0038397435253569867
0.070542,6.388,3.3017,3,1,pythia_0.070542B_trajectory,3.299839083669925,0.00186091633007468
0.070542,6.488,3.297,3,1,pythia_0.070542B_trajectory,3.2966372429819732,0.00036275701802690463
0.070542,6.589,3.2954,3,1,pythia_0.070542B_trajectory,3.29346686511036,0.0019331348896400868
0.070542,6.692,3.2915,3,1,pythia_0.070542B_trajectory,3.2902971310839693,0.0012028689160308303
0.070542,6.796,3.2843,3,1,pythia_0.070542B_trajectory,3.2871593535856025,-0.00285935358560252
0.070542,6.902,3.2865,3,1,pythia_0.070542B_trajectory,3.2840238500149086,0.0024761499850916024
0.070542,7.009,3.2804,3,1,pythia_0.070542B_trajectory,3.2809206599925775,-0.0005206599925773325
0.070542,7.118,3.2787,3,1,pythia_0.070542B_trajectory,3.2778211948406843,0.0008788051593158208
0.070542,7.229,3.2765,3,1,pythia_0.070542B_trajectory,3.274726670776442,0.0017733292235577736
0.070542,7.342,3.2708,3,1,pythia_0.070542B_trajectory,3.2716382387225535,-0.0008382387225536192
0.070542,7.456,3.2694,3,1,pythia_0.070542B_trajectory,3.2685835171391266,0.0008164828608734354
0.070542,7.572,3.2618,3,1,pythia_0.070542B_trajectory,3.2655359589766686,-0.003735958976668563
0.070542,7.69,3.2598,3,1,pythia_0.070542B_trajectory,3.262496559679903,-0.002696559679903121
0.070542,7.81,3.258,3,1,pythia_0.070542B_trajectory,3.2594662574432145,-0.0014662574432144915
0.070542,7.932,3.2587,3,1,pythia_0.070542B_trajectory,3.25644593518238,0.0022540648176203604
0.070542,8.055,3.2564,3,1,pythia_0.070542B_trajectory,3.25346045517227,0.0029395448277300673
0.070542,8.181,3.2494,3,1,pythia_0.070542B_trajectory,3.2504620576827956,-0.0010620576827955475
0.070542,8.308,3.2454,3,1,pythia_0.070542B_trajectory,3.247499086201157,-0.00209908620115673
0.070542,8.438,3.2448,4,1,pythia_0.070542B_trajectory,3.244525567520446,0.00027443247955405425
0.070542,8.569,3.2401,4,1,pythia_0.070542B_trajectory,3.2415879045350113,-0.0014879045350113529
0.070542,8.703,3.2375,4,1,pythia_0.070542B_trajectory,3.238641845848421,-0.0011418458484211413
0.070542,8.838,3.2369,4,1,pythia_0.070542B_trajectory,3.235731932920185,0.0011680670798148718
0.070542,8.976,3.2383,4,1,pythia_0.070542B_trajectory,3.232815572324997,0.005484427675003012
0.070542,9.116,3.2308,4,1,pythia_0.070542B_trajectory,3.2299150059383037,0.000884994061696176
0.070542,9.258,3.2287,4,1,pythia_0.070542B_trajectory,3.227030669015239,0.0016693309847610749
0.070542,9.402,3.224,4,1,pythia_0.070542B_trajectory,3.2241629619532124,-0.00016296195321219287
0.070542,9.548,3.2205,4,1,pythia_0.070542B_trajectory,3.221312251922488,-0.0008122519224880165
0.070542,9.697,3.2179,4,1,pythia_0.070542B_trajectory,3.218459918605049,-0.0005599186050488925
0.070542,9.848,3.2164,4,1,pythia_0.070542B_trajectory,3.2156259632682787,0.0007740367317214947
0.070542,10.002,3.2112,4,1,pythia_0.070542B_trajectory,3.212792419501846,-0.0015924195018461873
0.070542,10.157,3.21,4,1,pythia_0.070542B_trajectory,3.2099963068646624,3.693135337545783e-06
0.070542,10.316,3.2089,4,1,pythia_0.070542B_trajectory,3.2071842171479163,0.0017157828520835139
0.070542,10.476,3.2048,5,1,pythia_0.070542B_trajectory,3.204409889733715,0.0003901102662848821
0.070542,10.64,3.2002,5,1,pythia_0.070542B_trajectory,3.2016219270922424,-0.0014219270922422034
0.070542,10.805,3.1963,5,1,pythia_0.070542B_trajectory,3.198871923798315,-0.0025719237983152787
0.070542,10.974,3.1948,5,1,pythia_0.070542B_trajectory,3.196110418951942,-0.0013104189519421716
0.070542,11.145,3.1941,5,1,pythia_0.070542B_trajectory,3.193371086848762,0.0007289131512382419
0.070542,11.318,3.1937,5,1,pythia_0.070542B_trajectory,3.190653918717427,0.003046081282572999
0.070542,11.495,3.1867,5,1,pythia_0.070542B_trajectory,3.187928395085605,-0.0012283950856049053
0.070542,11.674,3.1836,5,1,pythia_0.070542B_trajectory,3.1852261633788594,-0.0016261633788592356
0.070542,11.855,3.1846,5,1,pythia_0.070542B_trajectory,3.1825471323630694,0.0020528676369306886
0.070542,12.04,3.1813,5,1,pythia_0.070542B_trajectory,3.179862459794952,0.001437540205047938
0.070542,12.228,3.1789,5,1,pythia_0.070542B_trajectory,3.1771878046272657,0.0017121953727343708
0.070542,12.418,3.1748,5,1,pythia_0.070542B_trajectory,3.1745376432903636,0.0002623567096362578
0.070542,12.612,3.1721,6,1,pythia_0.070542B_trajectory,3.171884706071534,0.00021529392846586504
0.070542,12.808,3.1701,6,1,pythia_0.070542B_trajectory,3.1692569369546373,0.0008430630453628574
0.070542,13.008,3.1686,6,1,pythia_0.070542B_trajectory,3.166628068098232,0.0019719319017679204
0.070542,13.21,3.166,6,1,pythia_0.070542B_trajectory,3.1640249047994446,0.001975095200555277
0.070542,13.416,3.1625,6,1,pythia_0.070542B_trajectory,3.1614221452475535,0.0010778547524465942
0.070542,13.625,3.1583,6,1,pythia_0.070542B_trajectory,3.1588332385887163,-0.0005332385887162339
0.070542,13.837,3.157,6,1,pythia_0.070542B_trajectory,3.1562585855060625,0.0007414144939374978
0.070542,14.053,3.1573,6,1,pythia_0.070542B_trajectory,3.153686765357858,0.003613234642142249
0.070542,14.272,3.1506,6,1,pythia_0.070542B_trajectory,3.151130368046685,-0.000530368046685048
0.070542,14.494,3.1516,6,1,pythia_0.070542B_trajectory,3.1485896892444494,0.0030103107555508046
0.070542,14.72,3.1425,7,1,pythia_0.070542B_trajectory,3.1460538872456376,-0.0035538872456375437
0.070542,14.949,3.1484,7,1,pythia_0.070542B_trajectory,3.143534749311878,0.004865250688121936
0.070542,15.182,3.1395,7,1,pythia_0.070542B_trajectory,3.141021800449738,-0.0015218004497379312
0.070542,15.418,3.139,7,1,pythia_0.070542B_trajectory,3.13852631862735,0.0004736813726498035
0.070542,15.659,3.1368,7,1,pythia_0.070542B_trajectory,3.136027919518217,0.0007720804817830107
0.070542,15.903,3.1348,7,1,pythia_0.070542B_trajectory,3.133548061546124,0.0012519384538758338
0.070542,16.15,3.1313,7,1,pythia_0.070542B_trajectory,3.131086825022604,0.00021317497739614666
0.070542,16.402,3.13,7,1,pythia_0.070542B_trajectory,3.128624925208398,0.0013750747916017048
0.070542,16.657,3.126,7,1,pythia_0.070542B_trajectory,3.1261825108119465,-0.00018251081194664565
0.070542,16.917,3.1255,8,1,pythia_0.070542B_trajectory,3.1237409905460174,0.0017590094539827739
0.070542,17.18,3.1215,8,1,pythia_0.070542B_trajectory,3.1213196787396935,0.0001803212603066484
0.070542,17.448,3.1211,8,1,pythia_0.070542B_trajectory,3.118900654072283,0.0021993459277172
0.070542,17.72,3.1192,8,1,pythia_0.070542B_trajectory,3.11649366959751,0.0027063304024901313
0.070542,17.996,3.1159,8,1,pythia_0.070542B_trajectory,3.114099147248438,0.0018008527515620543
0.070542,18.276,3.1125,8,1,pythia_0.070542B_trajectory,3.1117174775640337,0.0007825224359661043
0.070542,18.561,3.1072,8,1,pythia_0.070542B_trajectory,3.1093407635591275,-0.00214076355912729
0.070542,18.85,3.1078,9,1,pythia_0.070542B_trajectory,3.1069779175316063,0.00082208246839377
0.070542,19.144,3.1035,9,1,pythia_0.070542B_trajectory,3.104621296830924,-0.0011212968309242122
0.070542,19.442,3.1024,9,1,pythia_0.070542B_trajectory,3.102279417375066,0.00012058262493397365
0.070542,19.745,3.1011,9,1,pythia_0.070542B_trajectory,3.0999448840643375,0.0011551159356626428
0.070542,20.052,3.0989,9,1,pythia_0.070542B_trajectory,3.0976258349391004,0.0012741650608996125
0.070542,20.365,3.0962,9,1,pythia_0.070542B_trajectory,3.095307782502971,0.0008922174970291685
0.070542,20.682,3.0938,9,1,pythia_0.070542B_trajectory,3.0930061247836425,0.0007938752163574314
0.070542,21.004,3.0893,10,1,pythia_0.070542B_trajectory,3.090713933169202,-0.0014139331692017976
0.070542,21.331,3.0878,10,1,pythia_0.070542B_trajectory,3.0884317227863103,-0.0006317227863101849
0.070542,21.664,3.0846,10,1,pythia_0.070542B_trajectory,3.0861531992354396,-0.0015531992354396174
0.070542,22.001,3.0855,10,1,pythia_0.070542B_trajectory,3.0838924932755623,0.0016075067244378793
0.070542,22.344,3.0851,10,1,pythia_0.070542B_trajectory,3.08163659840214,0.003463401597860294
0.070542,22.692,3.0782,10,1,pythia_0.070542B_trajectory,3.0793926679315575,-0.0011926679315577005
0.070542,23.045,3.0746,11,1,pythia_0.070542B_trajectory,3.0771610512778445,-0.0025610512778442285
0.070542,23.404,3.0736,11,1,pythia_0.070542B_trajectory,3.0749359331243573,-0.0013359331243574246
0.070542,23.769,3.0741,11,1,pythia_0.070542B_trajectory,3.07271796944169,0.001382030558310099
0.070542,24.139,3.0712,11,1,pythia_0.070542B_trajectory,3.0705136757401807,0.0006863242598194041
0.070542,24.515,3.0692,11,1,pythia_0.070542B_trajectory,3.068317500572637,0.0008824994273628484
0.070542,24.897,3.0647,11,1,pythia_0.070542B_trajectory,3.0661299929842665,-0.0014299929842662706
0.070542,25.285,3.0662,12,1,pythia_0.070542B_trajectory,3.0639516669365223,0.0022483330634774923
0.070542,25.679,3.0632,12,1,pythia_0.070542B_trajectory,3.0617830026934327,0.0014169973065674135
0.070542,26.079,3.0551,12,1,pythia_0.070542B_trajectory,3.0596244481881443,-0.004524448188144348
0.070542,26.485,3.0544,12,1,pythia_0.070542B_trajectory,3.057476420366314,-0.003076420366314281
0.070542,26.898,3.0565,12,1,pythia_0.070542B_trajectory,3.0553341703968737,0.0011658296031265003
0.070542,27.317,3.0548,13,1,pythia_0.070542B_trajectory,3.0532033942708052,0.0015966057291949554
0.070542,27.742,3.0501,13,1,pythia_0.070542B_trajectory,3.0510844175109995,-0.0009844175109994246
0.070542,28.174,3.0494,13,1,pythia_0.070542B_trajectory,3.048972699564797,0.000427300435202671
0.070542,28.613,3.0459,13,1,pythia_0.070542B_trajectory,3.046868799482081,-0.0009687994820808399
0.070542,29.059,3.0447,13,1,pythia_0.070542B_trajectory,3.0447732414087816,-7.324140878139929e-05
0.070542,29.512,3.0422,14,1,pythia_0.070542B_trajectory,3.0426865159312864,-0.00048651593128656856
0.070542,29.971,3.0409,14,1,pythia_0.070542B_trajectory,3.0406135532247642,0.00028644677523592676
0.070542,30.438,3.0371,14,1,pythia_0.070542B_trajectory,3.03854574946389,-0.0014457494638899782
0.070542,30.912,3.038,14,1,pythia_0.070542B_trajectory,3.0364880636562472,0.0015119363437525735
0.070542,31.394,3.0363,15,1,pythia_0.070542B_trajectory,3.034436650976816,0.001863349023184302
0.070542,31.883,3.0322,15,1,pythia_0.070542B_trajectory,3.0323962328621903,-0.00019623286219028202
0.070542,32.38,3.0298,15,1,pythia_0.070542B_trajectory,3.0303630698261754,-0.0005630698261755995
0.070542,32.884,3.0247,15,1,pythia_0.070542B_trajectory,3.028341657529862,-0.003641657529861675
0.070542,33.396,3.0246,15,1,pythia_0.070542B_trajectory,3.026328360333481,-0.001728360333481227
0.070542,33.917,3.0219,16,1,pythia_0.070542B_trajectory,3.0243198249722085,-0.0024198249722084952
0.070542,34.445,3.0229,16,1,pythia_0.070542B_trajectory,3.022324194070931,0.0005758059290688067
0.070542,34.982,3.0185,16,1,pythia_0.070542B_trajectory,3.020334308997331,-0.0018343089973309468
0.070542,35.526,3.0176,16,1,pythia_0.070542B_trajectory,3.0183579557002775,-0.0007579557002777015
0.070542,36.08,3.016,17,1,pythia_0.070542B_trajectory,3.016384686911925,-0.00038468691192505844
0.070542,36.642,3.0177,17,1,pythia_0.070542B_trajectory,3.014422155529404,0.00327784447059587
0.070542,37.213,3.0099,17,1,pythia_0.070542B_trajectory,3.0124672615277386,-0.0025672615277385624
0.070542,37.792,3.0104,18,1,pythia_0.070542B_trajectory,3.0105237941151435,-0.0001237941151432942
0.070542,38.381,3.009,18,1,pythia_0.070542B_trajectory,3.008585476299293,0.0004145237007069369
0.070542,38.979,3.0049,18,1,pythia_0.070542B_trajectory,3.00665610421976,-0.001756104219759802
0.070542,39.586,3.0039,18,1,pythia_0.070542B_trajectory,3.004736056070792,-0.0008360560707920683
0.070542,40.203,3.0029,19,1,pythia_0.070542B_trajectory,3.0028226125541484,7.73874458515067e-05
0.070542,40.829,3.0016,19,1,pythia_0.070542B_trajectory,3.000919290419761,0.0006807095802390251
0.070542,41.465,2.9986,19,1,pythia_0.070542B_trajectory,2.999023435685709,-0.0004234356857089061
0.070542,42.111,2.994,20,1,pythia_0.070542B_trajectory,2.9971354959278647,-0.00313549592786444
0.070542,42.767,2.992,20,1,pythia_0.070542B_trajectory,2.9952558894515433,-0.0032558894515433146
0.070542,43.433,2.991,20,1,pythia_0.070542B_trajectory,2.9933850064755947,-0.0023850064755945866
0.070542,44.11,2.9943,21,1,pythia_0.070542B_trajectory,2.9915204832611035,0.002779516738896426
0.070542,44.797,2.9909,21,1,pythia_0.070542B_trajectory,2.989665491106776,0.0012345088932237402
0.070542,45.495,2.9884,21,1,pythia_0.070542B_trajectory,2.9878177183445858,0.0005822816554141852
0.070542,46.204,2.9819,22,1,pythia_0.070542B_trajectory,2.985977604923006,-0.004077604923006017
0.070542,46.923,2.9849,22,1,pythia_0.070542B_trajectory,2.984148081611057,0.0007519183889432846
0.070542,47.654,2.9798,22,1,pythia_0.070542B_trajectory,2.9823244437692855,-0.0025244437692855115
0.070542,48.397,2.9764,23,1,pythia_0.070542B_trajectory,2.980507196814188,-0.004107196814187919
0.070542,49.15,2.9792,23,1,pythia_0.070542B_trajectory,2.9787015637518888,0.0004984362481113003
0.070542,49.916,2.9751,23,1,pythia_0.070542B_trajectory,2.9769007265353675,-0.0018007265353676694
0.070542,50.694,2.9726,24,1,pythia_0.070542B_trajectory,2.975107525532857,-0.0025075255328572688
0.070542,51.483,2.9746,24,1,pythia_0.070542B_trajectory,2.9733245892679423,0.0012754107320578356
0.070542,52.285,2.9706,25,1,pythia_0.070542B_trajectory,2.9715477634497622,-0.0009477634497621068
0.070542,53.1,2.9709,25,1,pythia_0.070542B_trajectory,2.9697775187899937,0.001122481210006132
0.070542,53.927,2.9668,25,1,pythia_0.070542B_trajectory,2.9680164051582905,-0.0012164051582903568
0.070542,54.767,2.9651,26,1,pythia_0.070542B_trajectory,2.966262644387713,-0.0011626443877128523
0.070542,55.62,2.9658,26,1,pythia_0.070542B_trajectory,2.964516624818565,0.0012833751814351757
0.070542,56.487,2.9586,27,1,pythia_0.070542B_trajectory,2.962776721635063,-0.0041767216350629965
0.070542,57.367,2.9621,27,1,pythia_0.070542B_trajectory,2.961045337010498,0.0010546629895018533
0.070542,58.26,2.9645,27,1,pythia_0.070542B_trajectory,2.9593227819158168,0.005177218084183366
0.070542,59.168,2.9609,28,1,pythia_0.070542B_trajectory,2.957605599256519,0.003294400743480974
0.070542,60.09,2.9542,28,1,pythia_0.070542B_trajectory,2.9558961110924904,-0.0016961110924902378
0.070542,61.026,2.9493,29,1,pythia_0.070542B_trajectory,2.954194666023739,-0.004894666023739003
0.070542,61.976,2.9507,29,1,pythia_0.070542B_trajectory,2.9525015884013226,-0.001801588401322718
0.070542,62.942,2.9506,30,1,pythia_0.070542B_trajectory,2.9508137191242403,-0.0002137191242401748
0.070542,63.922,2.9494,30,1,pythia_0.070542B_trajectory,2.949134932735167,0.0002650672648329966
0.070542,64.918,2.9489,31,1,pythia_0.070542B_trajectory,2.9474621567316057,0.0014378432683943565
0.070542,65.929,2.948,31,1,pythia_0.070542B_trajectory,2.9457974500660007,0.002202549933999265
0.070542,66.956,2.9448,32,1,pythia_0.070542B_trajectory,2.9441395198708658,0.0006604801291341111
0.070542,67.999,2.9431,32,1,pythia_0.070542B_trajectory,2.9424887433809723,0.0006112566190275004
0.070542,69.058,2.9406,33,1,pythia_0.070542B_trajectory,2.940845472784962,-0.0002454727849618976
0.070542,70.134,2.9429,33,1,pythia_0.070542B_trajectory,2.939208529880984,0.0036914701190160493
0.070542,71.227,2.9341,34,1,pythia_0.070542B_trajectory,2.9375783083156173,-0.003478308315617351
0.070542,72.336,2.9367,34,1,pythia_0.070542B_trajectory,2.9359566240803217,0.0007433759196784351
0.070542,73.463,2.932,35,1,pythia_0.070542B_trajectory,2.934340896538172,-0.0023408965381719327
0.070542,74.608,2.9319,35,1,pythia_0.070542B_trajectory,2.932731530813707,-0.0008315308137070154
0.070542,75.77,2.9295,36,1,pythia_0.070542B_trajectory,2.9311302706243167,-0.0016302706243167542
0.070542,76.95,2.9311,36,1,pythia_0.070542B_trajectory,2.929536052455175,0.0015639475448248064
0.070542,78.149,2.9285,37,1,pythia_0.070542B_trajectory,2.927947896926055,0.0005521030739452648
0.070542,79.366,2.9304,37,1,pythia_0.070542B_trajectory,2.926367476232114,0.004032523767885987
0.070542,80.603,2.9228,38,1,pythia_0.070542B_trajectory,2.9247925548635108,-0.001992554863510687
0.070542,81.858,2.9223,39,1,pythia_0.070542B_trajectory,2.9232260177250593,-0.0009260177250594026
0.070542,83.133,2.9201,39,1,pythia_0.070542B_trajectory,2.921665683098688,-0.0015656830986876535
0.070542,84.428,2.9202,40,1,pythia_0.070542B_trajectory,2.9201119159889046,8.808401109527964e-05
0.070542,85.744,2.9172,41,1,pythia_0.070542B_trajectory,2.9185638927009245,-0.0013638927009247404
0.070542,87.079,2.9176,41,1,pythia_0.070542B_trajectory,2.9170242835913642,0.0005757164086359623
0.070542,88.436,2.9143,42,1,pythia_0.070542B_trajectory,2.915489957553782,-0.0011899575537821505
0.070542,89.813,2.9124,42,1,pythia_0.070542B_trajectory,2.9139635163015654,-0.0015635163015654818
0.070542,91.212,2.9122,43,1,pythia_0.070542B_trajectory,2.9124430596241306,-0.000243059624130737
0.070542,92.633,2.9092,44,1,pythia_0.070542B_trajectory,2.9109289466915187,-0.0017289466915189067
0.070542,94.076,2.9097,45,1,pythia_0.070542B_trajectory,2.909421513191543,0.00027848680845687923
0.070542,95.542,2.9068,45,1,pythia_0.070542B_trajectory,2.9079200581631595,-0.0011200581631594098
0.070542,97.03,2.9071,46,1,pythia_0.070542B_trajectory,2.906425926989628,0.0006740730103715897
0.070542,98.542,2.9002,47,1,pythia_0.070542B_trajectory,2.9049374397791867,-0.004737439779186836
0.070542,100.077,2.9046,47,1,pythia_0.070542B_trajectory,2.903455916587678,0.0011440834123219723
0.070542,101.636,2.9019,48,1,pythia_0.070542B_trajectory,2.901980705189613,-8.070518961300621e-05
0.070542,103.219,2.9038,49,1,pythia_0.070542B_trajectory,2.9005121250284733,0.0032878749715266053
0.070542,104.827,2.8976,50,1,pythia_0.070542B_trajectory,2.8990495732888566,-0.0014495732888564206
0.070542,106.46,2.8967,50,1,pythia_0.070542B_trajectory,2.8975933799132445,-0.000893379913244452
0.070542,108.118,2.8956,51,1,pythia_0.070542B_trajectory,2.8961438528574988,-0.0005438528574988055
0.070542,109.802,2.8963,52,1,pythia_0.070542B_trajectory,2.8947004302799106,0.0015995697200894554
0.070542,111.513,2.8956,53,1,pythia_0.070542B_trajectory,2.893262596612864,0.00233740338713595
0.070542,113.25,2.8913,54,1,pythia_0.070542B_trajectory,2.89183151171345,-0.0005315117134498948
0.070542,115.014,2.8914,55,1,pythia_0.070542B_trajectory,2.890406649525694,0.0009933504743058208
0.070542,116.806,2.8877,55,1,pythia_0.070542B_trajectory,2.8889875270625267,-0.00128752706252655
0.070542,118.625,2.8864,56,1,pythia_0.070542B_trajectory,2.887575239696767,-0.0011752396967668055
0.070542,120.473,2.8862,57,1,pythia_0.070542B_trajectory,2.8861685398346117,3.1460165388352834e-05
0.070542,122.35,2.8844,58,1,pythia_0.070542B_trajectory,2.8847677569586674,-0.0003677569586675311
0.070542,124.256,2.8825,59,1,pythia_0.070542B_trajectory,2.8833731989312885,-0.0008731989312886768
0.070542,126.191,2.8771,60,1,pythia_0.070542B_trajectory,2.8819851528720424,-0.0048851528720423865
0.070542,128.157,2.8818,61,1,pythia_0.070542B_trajectory,2.8806024932689334,0.0011975067310667775
0.070542,130.154,2.8764,62,1,pythia_0.070542B_trajectory,2.879225550120804,-0.002825550120804099
0.070542,132.181,2.8798,63,1,pythia_0.070542B_trajectory,2.8778553012837333,0.0019446987162665685
0.070542,134.24,2.8754,64,1,pythia_0.070542B_trajectory,2.8764906828292793,-0.0010906828292793769
0.070542,136.331,2.8735,65,1,pythia_0.070542B_trajectory,2.875132002199438,-0.001632002199438265
0.070542,138.455,2.8773,66,1,pythia_0.070542B_trajectory,2.873778915557267,0.0035210844427329135
0.070542,140.612,2.8657,67,1,pythia_0.070542B_trajectory,2.8724317272551163,-0.006731727255116393
0.070542,142.802,2.8714,68,1,pythia_0.070542B_trajectory,2.8710907213365475,0.00030927866345242805
0.070542,145.027,2.8708,69,1,pythia_0.070542B_trajectory,2.8697549735008114,0.0010450264991885838
0.070542,147.286,2.8654,70,1,pythia_0.070542B_trajectory,2.8684253822872896,-0.0030253822872894354
0.070542,149.58,2.8647,71,1,pythia_0.070542B_trajectory,2.86710163718356,-0.0024016371835600125
0.070542,151.91,2.8619,72,1,pythia_0.070542B_trajectory,2.8657834539820732,-0.0038834539820733482
0.070542,154.277,2.8651,73,1,pythia_0.070542B_trajectory,2.864470573353247,0.0006294266467530285
0.070542,156.68,2.8635,74,1,pythia_0.070542B_trajectory,2.8631638363722303,0.00033616362776989206
0.070542,159.121,2.8643,76,1,pythia_0.070542B_trajectory,2.861862438235455,0.0024375617645451264
0.070542,161.6,2.8598,77,1,pythia_0.070542B_trajectory,2.8605666740460327,-0.0007666740460328114
0.070542,164.117,2.8646,78,1,pythia_0.070542B_trajectory,2.8592768192815603,0.005323180718439513
0.070542,166.674,2.8604,79,1,pythia_0.070542B_trajectory,2.857992135639703,0.0024078643602969407
0.070542,169.27,2.8551,80,1,pythia_0.070542B_trajectory,2.8567134079245324,-0.0016134079245322397
0.070542,171.907,2.8584,82,1,pythia_0.070542B_trajectory,2.855439928592077,0.0029600714079229817
0.070542,174.585,2.8495,83,1,pythia_0.070542B_trajectory,2.8541719849796237,-0.004671984979623733
0.070542,177.304,2.8513,84,1,pythia_0.070542B_trajectory,2.852909845277989,-0.0016098452779886863
0.070542,180.066,2.8564,86,1,pythia_0.070542B_trajectory,2.851652858063675,0.004747141936324972
0.070542,182.871,2.8524,87,1,pythia_0.070542B_trajectory,2.8504013085129976,0.0019986914870022687
0.070542,185.72,2.8499,88,1,pythia_0.070542B_trajectory,2.8491550297012,0.0007449702988000517
0.070542,188.613,2.8454,90,1,pythia_0.070542B_trajectory,2.8479142951140033,-0.00251429511400314
0.070542,191.551,2.8437,91,1,pythia_0.070542B_trajectory,2.846678943460484,-0.002978943460483663
0.070542,194.535,2.8452,93,1,pythia_0.070542B_trajectory,2.8454488283885757,-0.00024882838857553935
0.070542,197.566,2.8451,94,1,pythia_0.070542B_trajectory,2.844223817616525,0.0008761823834748661
0.070542,200.643,2.8434,96,1,pythia_0.070542B_trajectory,2.8430045767942964,0.00039542320570351563
0.070542,203.769,2.8407,97,1,pythia_0.070542B_trajectory,2.841790183886178,-0.0010901838861778756
0.070542,206.943,2.838,99,1,pythia_0.070542B_trajectory,2.8405812991333144,-0.0025812991333142854
0.070542,210.167,2.84,100,1,pythia_0.070542B_trajectory,2.8393774253983426,0.0006225746016572664
0.070542,213.441,2.8368,102,1,pythia_0.070542B_trajectory,2.8381788314874163,-0.0013788314874161323
0.070542,216.766,2.8385,103,1,pythia_0.070542B_trajectory,2.836985412822122,0.0015145871778776687
0.070542,220.142,2.8366,105,1,pythia_0.070542B_trajectory,2.835797423847022,0.0008025761529779629
0.070542,223.572,2.8304,106,1,pythia_0.070542B_trajectory,2.8346140768220875,-0.00421407682208752
0.070542,227.054,2.8341,108,1,pythia_0.070542B_trajectory,2.833436322228909,0.000663677771090665
0.070542,230.591,2.8318,110,1,pythia_0.070542B_trajectory,2.832263397969573,-0.00046339796957317603
0.070542,234.183,2.8315,112,1,pythia_0.070542B_trajectory,2.8310955688579327,0.0004044311420674518
0.070542,237.831,2.8282,113,1,pythia_0.070542B_trajectory,2.829932766451579,-0.0017327664515791597
0.070542,241.536,2.8307,115,1,pythia_0.070542B_trajectory,2.8287749301168907,0.001925069883109476
0.070542,245.299,2.8246,117,1,pythia_0.070542B_trajectory,2.827622006512798,-0.0030220065127979368
0.070542,249.12,2.8255,119,1,pythia_0.070542B_trajectory,2.826474246526325,-0.00097424652632494
0.070542,253.001,2.8269,121,1,pythia_0.070542B_trajectory,2.825331300866203,0.0015686991337973133
0.070542,256.942,2.8236,122,1,pythia_0.070542B_trajectory,2.8241934214381454,-0.0005934214381455583
0.070542,260.944,2.8253,124,1,pythia_0.070542B_trajectory,2.823060562907568,0.0022394370924319063
0.070542,265.009,2.8214,126,1,pythia_0.070542B_trajectory,2.8219324108445627,-0.0005324108445625697
0.070542,269.138,2.8197,128,1,pythia_0.070542B_trajectory,2.8208089470652324,-0.0011089470652323463
0.070542,273.33,2.8176,130,1,pythia_0.070542B_trajectory,2.819690685938788,-0.0020906859387879173
0.070542,277.588,2.8216,132,1,pythia_0.070542B_trajectory,2.818577068518654,0.003022931481345914
0.070542,281.912,2.8165,134,1,pythia_0.070542B_trajectory,2.8174683429308702,-0.0009683429308702252
0.070542,286.304,2.8189,136,1,pythia_0.070542B_trajectory,2.816364242847147,0.0025357571528532574
0.070542,290.764,2.8153,139,1,pythia_0.070542B_trajectory,2.815265013087026,3.498691297432188e-05
0.070542,295.293,2.8127,141,1,pythia_0.070542B_trajectory,2.8141706427767144,-0.0014706427767143815
0.070542,299.893,2.8164,143,1,pythia_0.070542B_trajectory,2.813080889455066,0.0033191105449339453
0.162405,0.134,4.5229,0,1,pythia_0.162405B_trajectory,4.523321189645538,-0.00042118964553772287
0.162405,0.136,4.5164,0,1,pythia_0.162405B_trajectory,4.5143138963547225,0.002086103645277504
0.162405,0.138,4.5062,0,1,pythia_0.162405B_trajectory,4.505474560028324,0.0007254399716760673
0.162405,0.14,4.4988,0,1,pythia_0.162405B_trajectory,4.4967976818556,0.002002318144399773
0.162405,0.143,4.4923,0,1,pythia_0.162405B_trajectory,4.4840755695556265,0.00822443044437371
0.162405,0.145,4.484,0,1,pythia_0.162405B_trajectory,4.475782417795452,0.008217582204547824
0.162405,0.147,4.4782,0,1,pythia_0.162405B_trajectory,4.4676343916575805,0.010565608342419708
0.162405,0.149,4.4632,0,1,pythia_0.162405B_trajectory,4.459627028224272,0.0035729717757275736
0.162405,0.152,4.4514,0,1,pythia_0.162405B_trajectory,4.447870439733245,0.003529560266754217
0.162405,0.154,4.4474,0,1,pythia_0.162405B_trajectory,4.440196459514378,0.007203540485622106
0.162405,0.156,4.4384,0,1,pythia_0.162405B_trajectory,4.432648985929074,0.0057510140709258195
0.162405,0.159,4.4292,0,1,pythia_0.162405B_trajectory,4.4215569938937564,0.007643006106243355
0.162405,0.161,4.4206,0,1,pythia_0.162405B_trajectory,4.414310068876574,0.006289931123426129
0.162405,0.164,4.4095,0,1,pythia_0.162405B_trajectory,4.403653021921457,0.005846978078543508
0.162405,0.166,4.4024,0,1,pythia_0.162405B_trajectory,4.396685969746606,0.005714030253393787
0.162405,0.169,4.3933,0,1,pythia_0.162405B_trajectory,4.386434389794086,0.006865610205913697
0.162405,0.172,4.3852,0,1,pythia_0.162405B_trajectory,4.376413116251644,0.008786883748356011
0.162405,0.174,4.3765,0,1,pythia_0.162405B_trajectory,4.369855721176292,0.006644278823707772
0.162405,0.177,4.3742,0,1,pythia_0.162405B_trajectory,4.360198413847833,0.014001586152167178
0.162405,0.18,4.3634,0,1,pythia_0.162405B_trajectory,4.350748360853338,0.012651639146662674
0.162405,0.183,4.3476,0,1,pythia_0.162405B_trajectory,4.341497769639563,0.006102230360436778
0.162405,0.185,4.3445,0,1,pythia_0.162405B_trajectory,4.335437861339542,0.009062138660458352
0.162405,0.188,4.3334,0,1,pythia_0.162405B_trajectory,4.32650350301376,0.006896496986239953
0.162405,0.191,4.3259,0,1,pythia_0.162405B_trajectory,4.317749777726569,0.00815022227343043
0.162405,0.194,4.3159,0,1,pythia_0.162405B_trajectory,4.309170281145564,0.006729718854436406
0.162405,0.197,4.3091,0,1,pythia_0.162405B_trajectory,4.3007589306012655,0.008341069398734469
0.162405,0.2,4.3032,0,1,pythia_0.162405B_trajectory,4.292509944323276,0.010690055676723986
0.162405,0.203,4.2922,0,1,pythia_0.162405B_trajectory,4.284417822305404,0.007782177694596548
0.162405,0.207,4.2829,0,1,pythia_0.162405B_trajectory,4.273863323640104,0.009036676359896134
0.162405,0.21,4.2773,0,1,pythia_0.162405B_trajectory,4.266117282502808,0.01118271749719213
0.162405,0.213,4.2638,0,1,pythia_0.162405B_trajectory,4.258511590381098,0.005288409618901646
0.162405,0.216,4.2586,0,1,pythia_0.162405B_trajectory,4.251041780621033,0.007558219378966946
0.162405,0.22,4.2514,0,1,pythia_0.162405B_trajectory,4.241286062870476,0.010113937129524686
0.162405,0.223,4.2414,0,1,pythia_0.162405B_trajectory,4.234117052741817,0.007282947258183015
0.162405,0.227,4.2356,0,1,pythia_0.162405B_trajectory,4.22474811118393,0.010851888816070243
0.162405,0.23,4.2222,0,1,pythia_0.162405B_trajectory,4.217858982139288,0.004341017860712171
0.162405,0.234,4.2138,0,1,pythia_0.162405B_trajectory,4.20885032223676,0.004949677763240068
0.162405,0.237,4.2039,0,1,pythia_0.162405B_trajectory,4.202222186587104,0.0016778134128960787
0.162405,0.241,4.1991,0,1,pythia_0.162405B_trajectory,4.19354984860443,0.005550151395569358
0.162405,0.245,4.1906,0,1,pythia_0.162405B_trajectory,4.1850598056084305,0.005540194391569386
0.162405,0.249,4.1827,0,1,pythia_0.162405B_trajectory,4.176745341940239,0.005954658059760476
0.162405,0.253,4.1689,0,1,pythia_0.162405B_trajectory,4.168600092203652,0.0002999077963474761
0.162405,0.256,4.1651,0,1,pythia_0.162405B_trajectory,4.1625985572806625,0.002501442719337277
0.162405,0.26,4.1532,0,1,pythia_0.162405B_trajectory,4.154735085928267,-0.0015350859282667884
0.162405,0.265,4.1431,0,1,pythia_0.162405B_trajectory,4.14512074697288,-0.0020207469728807936
0.162405,0.269,4.1384,0,1,pythia_0.162405B_trajectory,4.137594921810587,0.0008050781894128889
0.162405,0.273,4.131,0,1,pythia_0.162405B_trajectory,4.130210979396498,0.0007890206035021663
0.162405,0.277,4.1242,0,1,pythia_0.162405B_trajectory,4.122964223998365,0.0012357760016348251
0.162405,0.281,4.1194,0,1,pythia_0.162405B_trajectory,4.115850180262568,0.0035498197374312923
0.162405,0.286,4.1098,0,1,pythia_0.162405B_trajectory,4.107137767618185,0.002662232381815066
0.162405,0.29,4.1022,0,1,pythia_0.162405B_trajectory,4.100307014800347,0.0018929851996531966
0.162405,0.295,4.0959,0,1,pythia_0.162405B_trajectory,4.091936234713549,0.003963765286451704
0.162405,0.299,4.0897,0,1,pythia_0.162405B_trajectory,4.085369284109847,0.004330715890152881
0.162405,0.304,4.0836,0,1,pythia_0.162405B_trajectory,4.077316982986936,0.006283017013063663
0.162405,0.309,4.0731,0,1,pythia_0.162405B_trajectory,4.069432428187451,0.0036675718125493972
0.162405,0.314,4.0669,0,1,pythia_0.162405B_trajectory,4.061709494457512,0.005190505542488566
0.162405,0.318,4.06,0,1,pythia_0.162405B_trajectory,4.055643601200018,0.004356398799981953
0.162405,0.323,4.0551,0,1,pythia_0.162405B_trajectory,4.048197147186512,0.006902852813488458
0.162405,0.328,4.0439,0,1,pythia_0.162405B_trajectory,4.040896782314154,0.0030032176858458826
0.162405,0.334,4.0381,0,1,pythia_0.162405B_trajectory,4.032322119604896,0.0057778803951036295
0.162405,0.339,4.0323,0,1,pythia_0.162405B_trajectory,4.025325795181445,0.006974204818555485
0.162405,0.344,4.0248,0,1,pythia_0.162405B_trajectory,4.018460310898636,0.0063396891013640655
0.162405,0.349,4.019,0,1,pythia_0.162405B_trajectory,4.0117213707896955,0.0072786292103046435
0.162405,0.355,4.0113,0,1,pythia_0.162405B_trajectory,4.003795927274372,0.007504072725628141
0.162405,0.36,4.0074,0,1,pythia_0.162405B_trajectory,3.9973212306881454,0.010078769311854252
0.162405,0.366,3.9972,0,1,pythia_0.162405B_trajectory,3.989701871507525,0.007498128492474887
0.162405,0.372,3.9901,0,1,pythia_0.162405B_trajectory,3.9822407245095004,0.007859275490499584
0.162405,0.377,3.9834,0,1,pythia_0.162405B_trajectory,3.976139794881008,0.007260205118992058
0.162405,0.383,3.9747,0,1,pythia_0.162405B_trajectory,3.96895396174755,0.005746038252449903
0.162405,0.389,3.9709,0,1,pythia_0.162405B_trajectory,3.9619107812247982,0.008989218775201646
0.162405,0.395,3.9635,0,1,pythia_0.162405B_trajectory,3.955005285706207,0.008494714293792782
0.162405,0.402,3.9547,0,1,pythia_0.162405B_trajectory,3.9471166054232953,0.0075833945767045385
0.162405,0.408,3.9503,0,1,pythia_0.162405B_trajectory,3.940493532137046,0.009806467862953916
0.162405,0.414,3.9385,0,1,pythia_0.162405B_trajectory,3.9339939578030743,0.00450604219692563
0.162405,0.421,3.9304,0,1,pythia_0.162405B_trajectory,3.9265618264137605,0.0038381735862396127
0.162405,0.427,3.9283,0,1,pythia_0.162405B_trajectory,3.9203162122773865,0.007983787722613656
0.162405,0.434,3.9175,0,1,pythia_0.162405B_trajectory,3.9131701169872732,0.004329883012726743
0.162405,0.441,3.9133,0,1,pythia_0.162405B_trajectory,3.906170037764965,0.007129962235035148
0.162405,0.447,3.9069,0,1,pythia_0.162405B_trajectory,3.900282214071857,0.006617785928142883
0.162405,0.454,3.9028,0,1,pythia_0.162405B_trajectory,3.8935396304754546,0.009260369524545453
0.162405,0.461,3.8929,0,1,pythia_0.162405B_trajectory,3.886928807686626,0.005971192313373841
0.162405,0.469,3.8855,0,1,pythia_0.162405B_trajectory,3.8795291363126165,0.005970863687383421
0.162405,0.476,3.8773,0,1,pythia_0.162405B_trajectory,3.8731857265353433,0.004114273464656648
0.162405,0.483,3.8701,0,1,pythia_0.162405B_trajectory,3.8669606008880355,0.0031393991119643694
0.162405,0.491,3.8652,0,1,pythia_0.162405B_trajectory,3.8599860499065133,0.005213950093486908
0.162405,0.499,3.8562,0,1,pythia_0.162405B_trajectory,3.853155446189386,0.003044553810613859
0.162405,0.506,3.8506,0,1,pythia_0.162405B_trajectory,3.847292648633479,0.0033073513665211607
0.162405,0.514,3.8425,0,1,pythia_0.162405B_trajectory,3.840718118370032,0.0017818816299679519
0.162405,0.522,3.8362,0,1,pythia_0.162405B_trajectory,3.8342732670569513,0.0019267329430485702
0.162405,0.53,3.8291,0,1,pythia_0.162405B_trajectory,3.8279536074300755,0.001146392569924437
0.162405,0.539,3.8204,0,1,pythia_0.162405B_trajectory,3.820988328455847,-0.0005883284558469981
0.162405,0.547,3.8154,0,1,pythia_0.162405B_trajectory,3.8149207888467713,0.0004792111532285759
0.162405,0.556,3.8095,0,1,pythia_0.162405B_trajectory,3.8082291252360827,0.0012708747639171847
0.162405,0.564,3.8005,0,1,pythia_0.162405B_trajectory,3.8023963303633614,-0.0018963303633614537
0.162405,0.573,3.7967,0,1,pythia_0.162405B_trajectory,3.795959705926598,0.0007402940734020369
0.162405,0.582,3.7936,0,1,pythia_0.162405B_trajectory,3.789651192061166,0.003948807938833898
0.162405,0.591,3.7888,0,1,pythia_0.162405B_trajectory,3.7834663161730866,0.005333683826913571
0.162405,0.6,3.7798,0,1,pythia_0.162405B_trajectory,3.7774008269198287,0.002399173080171124
0.162405,0.61,3.7763,0,1,pythia_0.162405B_trajectory,3.7707965035889,0.0055034964110998175
0.162405,0.619,3.766,0,1,pythia_0.162405B_trajectory,3.7649700077515433,0.0010299922484566792
0.162405,0.629,3.7636,0,1,pythia_0.162405B_trajectory,3.7586219666043172,0.004978033395682591
0.162405,0.638,3.758,0,1,pythia_0.162405B_trajectory,3.7530181907523503,0.004981809247649682
0.162405,0.648,3.7497,0,1,pythia_0.162405B_trajectory,3.7469092376733464,0.0027907623266534287
0.162405,0.659,3.7444,0,1,pythia_0.162405B_trajectory,3.740327232417566,0.004072767582434356
0.162405,0.669,3.7389,0,1,pythia_0.162405B_trajectory,3.7344644654787764,0.004435534521223694
0.162405,0.679,3.7356,0,1,pythia_0.162405B_trajectory,3.7287128008241455,0.006887199175854342
0.162405,0.69,3.7278,0,1,pythia_0.162405B_trajectory,3.7225098871590765,0.005290112840923289
0.162405,0.701,3.7225,0,1,pythia_0.162405B_trajectory,3.716432262787271,0.006067737212729352
0.162405,0.711,3.7183,0,1,pythia_0.162405B_trajectory,3.711012133110164,0.007287866889836181
0.162405,0.723,3.7106,0,1,pythia_0.162405B_trajectory,3.704635352853554,0.005964647146445845
0.162405,0.734,3.7035,0,1,pythia_0.162405B_trajectory,3.6989078451261,0.004592154873900078
0.162405,0.745,3.7001,0,1,pythia_0.162405B_trajectory,3.693289154762491,0.006810845237509078
0.162405,0.757,3.694,0,1,pythia_0.162405B_trajectory,3.6872795205416242,0.006720479458375728
0.162405,0.769,3.6913,0,1,pythia_0.162405B_trajectory,3.6813905933670457,0.009909406632954365
0.162405,0.781,3.6856,0,1,pythia_0.162405B_trajectory,3.6756181211321186,0.009981878867881377
0.162405,0.793,3.6775,0,1,pythia_0.162405B_trajectory,3.669958063941686,0.007541936058314214
0.162405,0.805,3.6715,0,1,pythia_0.162405B_trajectory,3.66440658049905,0.007093419500949771
0.162405,0.818,3.6622,0,1,pythia_0.162405B_trajectory,3.6585107607316587,0.0036892392683411934
0.162405,0.83,3.6587,0,1,pythia_0.162405B_trajectory,3.653173934724166,0.005526065275834213
0.162405,0.843,3.6537,0,1,pythia_0.162405B_trajectory,3.647502695890984,0.0061973041090159775
0.162405,0.856,3.6498,0,1,pythia_0.162405B_trajectory,3.641942300683122,0.007857699316877742
0.162405,0.87,3.6419,0,1,pythia_0.162405B_trajectory,3.6360737881566747,0.005826211843325435
0.162405,0.883,3.6351,0,1,pythia_0.162405B_trajectory,3.630731672714032,0.004368327285968032
0.162405,0.897,3.6292,0,1,pythia_0.162405B_trajectory,3.625090057317765,0.004109942682235079
0.162405,0.911,3.6239,0,1,pythia_0.162405B_trajectory,3.6195600267372567,0.0043399732627431575
0.162405,0.925,3.6217,0,1,pythia_0.162405B_trajectory,3.6141377093236597,0.0075622906763404
0.162405,0.94,3.6144,0,1,pythia_0.162405B_trajectory,3.6084434334597235,0.00595656654027632
0.162405,0.954,3.6069,0,1,pythia_0.162405B_trajectory,3.6032327279248886,0.0036672720751114163
0.162405,0.969,3.5984,0,1,pythia_0.162405B_trajectory,3.597757341583864,0.0006426584161358662
0.162405,0.984,3.595,0,1,pythia_0.162405B_trajectory,3.5923893747591027,0.0026106252408975017
0.162405,1.0,3.5927,0,1,pythia_0.162405B_trajectory,3.5867777811854076,0.005922218814592206
0.162405,1.015,3.5851,0,1,pythia_0.162405B_trajectory,3.5816203011052288,0.003479698894771399
0.162405,1.031,3.5811,0,1,pythia_0.162405B_trajectory,3.5762254287090904,0.004874571290909735
0.162405,1.047,3.5709,0,1,pythia_0.162405B_trajectory,3.5709366605591555,-3.6660559155521355e-05
0.162405,1.063,3.568,0,1,pythia_0.162405B_trajectory,3.565750335562914,0.002249664437086185
0.162405,1.08,3.5594,0,1,pythia_0.162405B_trajectory,3.5603482207087422,-0.0009482207087421202
0.162405,1.097,3.5565,0,1,pythia_0.162405B_trajectory,3.555053856186201,0.00144614381379915
0.162405,1.114,3.55,0,1,pythia_0.162405B_trajectory,3.549863472294103,0.00013652770589667185
0.162405,1.131,3.5478,0,1,pythia_0.162405B_trajectory,3.5447734861986873,0.0030265138013128023
0.162405,1.149,3.5396,0,1,pythia_0.162405B_trajectory,3.5394897346954273,0.0001102653045728097
0.162405,1.167,3.5357,0,1,pythia_0.162405B_trajectory,3.53431087582358,0.001389124176419898
0.162405,1.185,3.5349,0,1,pythia_0.162405B_trajectory,3.529233256896246,0.005666743103753813
0.162405,1.203,3.5273,0,1,pythia_0.162405B_trajectory,3.524253405465496,0.0030465945345037326
0.162405,1.222,3.5249,0,1,pythia_0.162405B_trajectory,3.5190993133279127,0.005800686672087441
0.162405,1.241,3.518,0,1,pythia_0.162405B_trajectory,3.514046779815943,0.00395322018405686
0.162405,1.26,3.5143,0,1,pythia_0.162405B_trajectory,3.5090922942151206,0.005207705784879391
0.162405,1.28,3.5092,0,1,pythia_0.162405B_trajectory,3.5039793026922674,0.005220697307732447
0.162405,1.3,3.5041,0,1,pythia_0.162405B_trajectory,3.498967552156195,0.005132447843805288
0.162405,1.32,3.5006,0,1,pythia_0.162405B_trajectory,3.494053526034119,0.006546473965880928
0.162405,1.341,3.4921,0,1,pythia_0.162405B_trajectory,3.4889953183523175,0.003104681647682739
0.162405,1.362,3.4906,0,1,pythia_0.162405B_trajectory,3.4840374887518126,0.006562511248187519
0.162405,1.383,3.4845,0,1,pythia_0.162405B_trajectory,3.479176543027145,0.0053234569728553005
0.162405,1.404,3.4797,0,1,pythia_0.162405B_trajectory,3.4744091593299395,0.005290840670060248
0.162405,1.426,3.4765,0,1,pythia_0.162405B_trajectory,3.469511666902873,0.006988333097126986
0.162405,1.449,3.4715,0,1,pythia_0.162405B_trajectory,3.4644938972253367,0.00700610277466307
0.162405,1.471,3.4676,0,1,pythia_0.162405B_trajectory,3.459788771060523,0.007811228939476944
0.162405,1.494,3.4589,0,1,pythia_0.162405B_trajectory,3.454965114160836,0.003934885839163904
0.162405,1.517,3.4579,0,1,pythia_0.162405B_trajectory,3.450235576372612,0.007664423627387951
0.162405,1.541,3.4487,0,1,pythia_0.162405B_trajectory,3.445397269423779,0.0033027305762209913
0.162405,1.565,3.4475,0,1,pythia_0.162405B_trajectory,3.4406544567088595,0.006845543291140288
0.162405,1.589,3.4396,0,1,pythia_0.162405B_trajectory,3.4360038317619748,0.0035961682380252213
0.162405,1.614,3.4385,0,1,pythia_0.162405B_trajectory,3.431254072124382,0.007245927875617841
0.162405,1.639,3.4255,0,1,pythia_0.162405B_trajectory,3.4265975533812365,-0.0010975533812365157
0.162405,1.665,3.4274,0,1,pythia_0.162405B_trajectory,3.4218502335749945,0.005549766425005487
0.162405,1.691,3.4216,0,1,pythia_0.162405B_trajectory,3.4171968582851906,0.0044031417148096
0.162405,1.717,3.4233,0,1,pythia_0.162405B_trajectory,3.4126341662906503,0.010665833709349481
0.162405,1.744,3.4119,0,1,pythia_0.162405B_trajectory,3.407988645751863,0.0039113542481370445
0.162405,1.771,3.4051,0,1,pythia_0.162405B_trajectory,3.4034342742585117,0.0016657257414882665
0.162405,1.799,3.4063,0,1,pythia_0.162405B_trajectory,3.3988041441841808,0.00749585581581913
0.162405,1.827,3.3981,0,1,pythia_0.162405B_trajectory,3.3942653408486487,0.003834659151351172
0.162405,1.855,3.3947,0,1,pythia_0.162405B_trajectory,3.3898147040844346,0.004885295915565191
0.162405,1.884,3.3858,0,1,pythia_0.162405B_trajectory,3.3852948575881303,0.00050514241186983
0.162405,1.913,3.3852,0,1,pythia_0.162405B_trajectory,3.380863190166734,0.00433680983326612
0.162405,1.943,3.3793,0,1,pythia_0.162405B_trajectory,3.3763682875741603,0.002931712425839894
0.162405,1.973,3.3743,0,1,pythia_0.162405B_trajectory,3.371961344039934,0.002338655960065772
0.162405,2.004,3.3681,0,1,pythia_0.162405B_trajectory,3.3674967017020934,0.0006032982979067292
0.162405,2.035,3.3685,0,1,pythia_0.162405B_trajectory,3.3631195888845795,0.005380411115420536
0.162405,2.067,3.3576,0,1,pythia_0.162405B_trajectory,3.358689898592653,-0.0010898985926530713
0.162405,2.099,3.357,1,1,pythia_0.162405B_trajectory,3.354347121031843,0.0026528789681572462
0.162405,2.132,3.3518,1,1,pythia_0.162405B_trajectory,3.3499564959337578,0.0018435040662421187
0.162405,2.165,3.3515,1,1,pythia_0.162405B_trajectory,3.345652000833093,0.005847999166907147
0.162405,2.199,3.341,1,1,pythia_0.162405B_trajectory,3.341304020455886,-0.000304020455885734
0.162405,2.233,3.3401,1,1,pythia_0.162405B_trajectory,3.3370412415724253,0.003058758427574748
0.162405,2.268,3.3347,1,1,pythia_0.162405B_trajectory,3.3327389954437496,0.0019610045562505896
0.162405,2.303,3.3311,1,1,pythia_0.162405B_trajectory,3.328520895465136,0.002579104534864207
0.162405,2.339,3.3286,1,1,pythia_0.162405B_trajectory,3.3242670249569026,0.004332975043097154
0.162405,2.375,3.3214,1,1,pythia_0.162405B_trajectory,3.320096136034856,0.0013038639651439254
0.162405,2.412,3.3169,1,1,pythia_0.162405B_trajectory,3.315892874161876,0.0010071258381239012
0.162405,2.45,3.3135,1,1,pythia_0.162405B_trajectory,3.3116610512262357,0.0018389487737642263
0.162405,2.488,3.3069,1,1,pythia_0.162405B_trajectory,3.307512411879032,-0.0006124118790320487
0.162405,2.527,3.3061,1,1,pythia_0.162405B_trajectory,3.3033380856993366,0.002761914300663193
0.162405,2.566,3.3014,1,1,pythia_0.162405B_trajectory,3.299245410126456,0.0021545898735442215
0.162405,2.606,3.2981,1,1,pythia_0.162405B_trajectory,3.295129677189723,0.002970322810276649
0.162405,2.647,3.2922,1,1,pythia_0.162405B_trajectory,3.2909941245767436,0.0012058754232562308
0.162405,2.688,3.2905,1,1,pythia_0.162405B_trajectory,3.286939754356956,0.0035602456430443574
0.162405,2.73,3.2876,1,1,pythia_0.162405B_trajectory,3.2828677519282174,0.004732248071782408
0.162405,2.773,3.2859,1,1,pythia_0.162405B_trajectory,3.2787810328923275,0.007118967107672347
0.162405,2.816,3.2763,1,1,pythia_0.162405B_trajectory,3.274774627066292,0.0015253729337079136
0.162405,2.86,3.2777,1,1,pythia_0.162405B_trajectory,3.270755297781386,0.006944702218613763
0.162405,2.904,3.2718,1,1,pythia_0.162405B_trajectory,3.266814341631017,0.004985658368982904
0.162405,2.949,3.2655,1,1,pythia_0.162405B_trajectory,3.2628620897349463,0.0026379102650535557
0.162405,2.995,3.2633,1,1,pythia_0.162405B_trajectory,3.2589010009545696,0.004398999045430507
0.162405,3.042,3.2602,1,1,pythia_0.162405B_trajectory,3.254933424069116,0.005266575930884088
0.162405,3.089,3.257,1,1,pythia_0.162405B_trajectory,3.251043538594956,0.005956461405044244
0.162405,3.138,3.2536,1,1,pythia_0.162405B_trajectory,3.2470679661018083,0.006532033898191791
0.162405,3.186,3.2478,1,1,pythia_0.162405B_trajectory,3.2432498236922642,0.004550176307735576
0.162405,3.236,3.2446,1,1,pythia_0.162405B_trajectory,3.239350098980299,0.005249901019701131
0.162405,3.286,3.244,1,1,pythia_0.162405B_trajectory,3.2355267410046764,0.008473258995323807
0.162405,3.338,3.2351,1,1,pythia_0.162405B_trajectory,3.231628639505983,0.003471360494017084
0.162405,3.39,3.2324,1,1,pythia_0.162405B_trajectory,3.227807494314631,0.004592505685369286
0.162405,3.442,3.2294,1,1,pythia_0.162405B_trajectory,3.224060640187478,0.005339359812522204
0.162405,3.496,3.2231,1,1,pythia_0.162405B_trajectory,3.2202455926824207,0.002854407317579355
0.162405,3.551,3.2223,1,1,pythia_0.162405B_trajectory,3.2164366518930945,0.005863348106905697
0.162405,3.606,3.2157,1,1,pythia_0.162405B_trajectory,3.212702478937395,0.002997521062605202
0.162405,3.662,3.2124,1,1,pythia_0.162405B_trajectory,3.2089745702319865,0.0034254297680136325
0.162405,3.719,3.2048,1,1,pythia_0.162405B_trajectory,3.205254281743315,-0.00045428174331485494
0.162405,3.777,3.1973,1,1,pythia_0.162405B_trajectory,3.2015428947500304,-0.00424289475003059
0.162405,3.836,3.2017,1,1,pythia_0.162405B_trajectory,3.197841618227858,0.003858381772142039
0.162405,3.896,3.1954,1,1,pythia_0.162405B_trajectory,3.1941515912603338,0.0012484087396660293
0.162405,3.956,3.1934,1,1,pythia_0.162405B_trajectory,3.1905335894989153,0.002866410501084715
0.162405,4.018,3.1889,1,1,pythia_0.162405B_trajectory,3.18686803503877,0.002031964961229704
0.162405,4.08,3.1812,1,1,pythia_0.162405B_trajectory,3.1832741668277755,-0.002074166827775503
0.162405,4.144,3.1834,1,1,pythia_0.162405B_trajectory,3.179636952837093,0.003763047162906652
0.162405,4.209,3.1754,2,1,pythia_0.162405B_trajectory,3.176015764884921,-0.0006157648849214326
0.162405,4.274,3.1708,2,1,pythia_0.162405B_trajectory,3.1724654524912914,-0.0016654524912915747
0.162405,4.341,3.1681,2,1,pythia_0.162405B_trajectory,3.168877507483585,-0.0007775074835851825
0.162405,4.408,3.1647,2,1,pythia_0.162405B_trajectory,3.1653597474615576,-0.0006597474615577248
0.162405,4.477,3.162,2,1,pythia_0.162405B_trajectory,3.1618077966752574,0.00019220332474256807
0.162405,4.547,3.1602,2,1,pythia_0.162405B_trajectory,3.158275254309278,0.0019247456907223182
0.162405,4.618,3.1537,2,1,pythia_0.162405B_trajectory,3.154762645711246,-0.0010626457112459242
0.162405,4.69,3.1505,2,1,pythia_0.162405B_trajectory,3.1512704537726766,-0.0007704537726764826
0.162405,4.763,3.1452,2,1,pythia_0.162405B_trajectory,3.147799120926798,-0.0025991209267979265
0.162405,4.837,3.1467,2,1,pythia_0.162405B_trajectory,3.144349051085471,0.0023509489145290274
0.162405,4.912,3.1406,2,1,pythia_0.162405B_trajectory,3.14092061151423,-0.00032061151422979606
0.162405,4.989,3.1375,2,1,pythia_0.162405B_trajectory,3.137469756115216,3.0243884784120212e-05
0.162405,5.066,3.1363,2,1,pythia_0.162405B_trajectory,3.1340864028465396,0.002213597153460256
0.162405,5.145,3.1307,2,1,pythia_0.162405B_trajectory,3.1306828973119263,1.71026880737557e-05
0.162405,5.225,3.1282,2,1,pythia_0.162405B_trajectory,3.1273037999715094,0.0008962000284906679
0.162405,5.307,3.1226,2,1,pythia_0.162405B_trajectory,3.123908262275847,-0.0013082622758471274
0.162405,5.389,3.1179,2,1,pythia_0.162405B_trajectory,3.120579218521818,-0.002679218521818072
0.162405,5.473,3.1169,2,1,pythia_0.162405B_trajectory,3.1172355375995404,-0.0003355375995406362
0.162405,5.559,3.1134,2,1,pythia_0.162405B_trajectory,3.11387961349032,-0.0004796134903202187
0.162405,5.645,3.1088,2,1,pythia_0.162405B_trajectory,3.1105894881001177,-0.0017894881001176977
0.162405,5.733,3.1084,2,1,pythia_0.162405B_trajectory,3.1072885994854413,0.0011114005145587136
0.162405,5.823,3.104,2,1,pythia_0.162405B_trajectory,3.1039790988587543,2.090114124575493e-05
0.162405,5.913,3.1004,2,1,pythia_0.162405B_trajectory,3.1007344266868326,-0.0003344266868325896
0.162405,6.005,3.1011,2,1,pythia_0.162405B_trajectory,3.097482336825955,0.003617663174045216
0.162405,6.099,3.0971,2,1,pythia_0.162405B_trajectory,3.0942247584962805,0.00287524150371965
0.162405,6.194,3.0879,2,1,pythia_0.162405B_trajectory,3.0909971693065206,-0.0030971693065207084
0.162405,6.29,3.0867,3,1,pythia_0.162405B_trajectory,3.0877993356992333,-0.0010993356992332615
0.162405,6.388,3.0858,3,1,pythia_0.162405B_trajectory,3.084598675843801,0.0012013241561987797
0.162405,6.488,3.0858,3,1,pythia_0.162405B_trajectory,3.081396835155849,0.004403164844150709
0.162405,6.589,3.0773,3,1,pythia_0.162405B_trajectory,3.0782264572842357,-0.0009264572842355712
0.162405,6.692,3.0747,3,1,pythia_0.162405B_trajectory,3.075056723257845,-0.0003567232578451929
0.162405,6.796,3.0718,3,1,pythia_0.162405B_trajectory,3.0719189457594784,-0.00011894575947835051
0.162405,6.902,3.0676,3,1,pythia_0.162405B_trajectory,3.0687834421887845,-0.0011834421887844115
0.162405,7.009,3.0686,3,1,pythia_0.162405B_trajectory,3.0656802521664535,0.0029197478335465377
0.162405,7.118,3.0639,3,1,pythia_0.162405B_trajectory,3.0625807870145607,0.0013192129854391332
0.162405,7.229,3.0611,3,1,pythia_0.162405B_trajectory,3.059486262950318,0.0016137370496820402
0.162405,7.342,3.0569,3,1,pythia_0.162405B_trajectory,3.0563978308964295,0.0005021691035707043
0.162405,7.456,3.0551,3,1,pythia_0.162405B_trajectory,3.0533431093130026,0.0017568906869973588
0.162405,7.572,3.0497,3,1,pythia_0.162405B_trajectory,3.050295551150545,-0.0005955511505448818
0.162405,7.69,3.0503,3,1,pythia_0.162405B_trajectory,3.0472561518537793,0.003043848146220718
0.162405,7.81,3.0427,3,1,pythia_0.162405B_trajectory,3.0442258496170904,-0.0015258496170904579
0.162405,7.932,3.0402,3,1,pythia_0.162405B_trajectory,3.0412055273562557,-0.0010055273562556977
0.162405,8.055,3.0353,3,1,pythia_0.162405B_trajectory,3.0382200473461465,-0.0029200473461465926
0.162405,8.181,3.0354,3,1,pythia_0.162405B_trajectory,3.0352216498566715,0.00017835014332856503
0.162405,8.308,3.0321,3,1,pythia_0.162405B_trajectory,3.0322586783750323,-0.00015867837503247273
0.162405,8.438,3.0298,4,1,pythia_0.162405B_trajectory,3.029285159694322,0.0005148403056778328
0.162405,8.569,3.0258,4,1,pythia_0.162405B_trajectory,3.0263474967088873,-0.0005474967088874294
0.162405,8.703,3.0255,4,1,pythia_0.162405B_trajectory,3.023401438022297,0.002098561977703195
0.162405,8.838,3.0189,4,1,pythia_0.162405B_trajectory,3.0204915250940605,-0.0015915250940605752
0.162405,8.976,3.014,4,1,pythia_0.162405B_trajectory,3.017575164498873,-0.0035751644988732956
0.162405,9.116,3.0171,4,1,pythia_0.162405B_trajectory,3.0146745981121796,0.0024254018878204775
0.162405,9.258,3.0139,4,1,pythia_0.162405B_trajectory,3.0117902611891147,0.0021097388108852755
0.162405,9.402,3.0089,4,1,pythia_0.162405B_trajectory,3.0089225541270883,-2.2554127088181275e-05
0.162405,9.548,3.0065,4,1,pythia_0.162405B_trajectory,3.006071844096364,0.000428155903636096
0.162405,9.697,3.0016,4,1,pythia_0.162405B_trajectory,3.0032195107789255,-0.0016195107789256369
0.162405,9.848,2.9992,4,1,pythia_0.162405B_trajectory,3.0003855554421546,-0.0011855554421544845
0.162405,10.002,2.9972,4,1,pythia_0.162405B_trajectory,2.997552011675722,-0.0003520116757220748
0.162405,10.157,2.9943,4,1,pythia_0.162405B_trajectory,2.9947558990385383,-0.00045589903853837654
0.162405,10.316,2.9925,4,1,pythia_0.162405B_trajectory,2.9919438093217923,0.0005561906782078907
0.162405,10.476,2.9874,5,1,pythia_0.162405B_trajectory,2.989169481907591,-0.001769481907591075
0.162405,10.64,2.9844,5,1,pythia_0.162405B_trajectory,2.9863815192661183,-0.0019815192661183367
0.162405,10.805,2.9866,5,1,pythia_0.162405B_trajectory,2.983631515972191,0.0029684840278090263
0.162405,10.974,2.9792,5,1,pythia_0.162405B_trajectory,2.980870011125818,-0.001670011125817883
0.162405,11.145,2.9768,5,1,pythia_0.162405B_trajectory,2.978130679022638,-0.0013306790226379483
0.162405,11.318,2.9759,5,1,pythia_0.162405B_trajectory,2.975413510891303,0.0004864891086970857
0.162405,11.495,2.9724,5,1,pythia_0.162405B_trajectory,2.972687987259481,-0.0002879872594809818
0.162405,11.674,2.9722,5,1,pythia_0.162405B_trajectory,2.9699857555527354,0.0022142444472645906
0.162405,11.855,2.97,5,1,pythia_0.162405B_trajectory,2.9673067245369458,0.002693275463054423
0.162405,12.04,2.9648,5,1,pythia_0.162405B_trajectory,2.9646220519688278,0.00017794803117210378
0.162405,12.228,2.9611,5,1,pythia_0.162405B_trajectory,2.9619473968011416,-0.0008473968011415423
0.162405,12.418,2.9579,5,1,pythia_0.162405B_trajectory,2.9592972354642395,-0.0013972354642395324
0.162405,12.612,2.9554,6,1,pythia_0.162405B_trajectory,2.95664429824541,-0.0012442982454099472
0.162405,12.808,2.9542,6,1,pythia_0.162405B_trajectory,2.954016529128513,0.00018347087148695707
0.162405,13.008,2.9527,6,1,pythia_0.162405B_trajectory,2.9513876602721076,0.0013123397278924642
0.162405,13.21,2.9508,6,1,pythia_0.162405B_trajectory,2.948784496973321,0.0020155030266790774
0.162405,13.416,2.9485,6,1,pythia_0.162405B_trajectory,2.9461817374214294,0.0023182625785707067
0.162405,13.625,2.9418,6,1,pythia_0.162405B_trajectory,2.9435928307625927,-0.0017928307625925122
0.162405,13.837,2.9451,6,1,pythia_0.162405B_trajectory,2.9410181776799385,0.004081822320061601
0.162405,14.053,2.9371,6,1,pythia_0.162405B_trajectory,2.938446357531734,-0.0013463575317338439
0.162405,14.272,2.939,6,1,pythia_0.162405B_trajectory,2.935889960220561,0.0031100397794392443
0.162405,14.494,2.9332,6,1,pythia_0.162405B_trajectory,2.9333492814183253,-0.00014928141832548647
0.162405,14.72,2.9306,7,1,pythia_0.162405B_trajectory,2.9308134794195135,-0.0002134794195134404
0.162405,14.949,2.9256,7,1,pythia_0.162405B_trajectory,2.928294341485754,-0.0026943414857538706
0.162405,15.182,2.9254,7,1,pythia_0.162405B_trajectory,2.9257813926236134,-0.0003813926236135856
0.162405,15.418,2.9249,7,1,pythia_0.162405B_trajectory,2.923285910801226,0.001614089198774149
0.162405,15.659,2.9192,7,1,pythia_0.162405B_trajectory,2.920787511692093,-0.0015875116920929244
0.162405,15.903,2.9169,7,1,pythia_0.162405B_trajectory,2.9183076537200003,-0.0014076537200002903
0.162405,16.15,2.9155,7,1,pythia_0.162405B_trajectory,2.9158464171964797,-0.0003464171964795426
0.162405,16.402,2.9152,7,1,pythia_0.162405B_trajectory,2.9133845173822746,0.0018154826177254613
0.162405,16.657,2.9106,7,1,pythia_0.162405B_trajectory,2.9109421029858225,-0.00034210298582237897
0.162405,16.917,2.908,8,1,pythia_0.162405B_trajectory,2.9085005827198933,-0.0005005827198933943
0.162405,17.18,2.9079,8,1,pythia_0.162405B_trajectory,2.90607927091357,0.0018207290864302728
0.162405,17.448,2.9052,8,1,pythia_0.162405B_trajectory,2.903660246246159,0.0015397537538408557
0.162405,17.72,2.9014,8,1,pythia_0.162405B_trajectory,2.9012532617713864,0.00014673822861377417
0.162405,17.996,2.9002,8,1,pythia_0.162405B_trajectory,2.8988587394223133,0.001341260577686576
0.162405,18.276,2.8965,8,1,pythia_0.162405B_trajectory,2.8964770697379096,2.2930262090437026e-05
0.162405,18.561,2.8948,8,1,pythia_0.162405B_trajectory,2.894100355733003,0.0006996442669970904
0.162405,18.85,2.8873,9,1,pythia_0.162405B_trajectory,2.8917375097054823,-0.004437509705482068
0.162405,19.144,2.8937,9,1,pythia_0.162405B_trajectory,2.8893808890048,0.004319110995199882
0.162405,19.442,2.8862,9,1,pythia_0.162405B_trajectory,2.8870390095489418,-0.0008390095489416716
0.162405,19.745,2.8857,9,1,pythia_0.162405B_trajectory,2.8847044762382135,0.0009955237617864654
0.162405,20.052,2.8813,9,1,pythia_0.162405B_trajectory,2.8823854271129763,-0.0010854271129763227
0.162405,20.365,2.8836,9,1,pythia_0.162405B_trajectory,2.8800673746768473,0.0035326253231526827
0.162405,20.682,2.8786,9,1,pythia_0.162405B_trajectory,2.8777657169575184,0.0008342830424816761
0.162405,21.004,2.8754,10,1,pythia_0.162405B_trajectory,2.875473525343078,-7.352534307791814e-05
0.162405,21.331,2.8692,10,1,pythia_0.162405B_trajectory,2.873191314960186,-0.00399131496018601
0.162405,21.664,2.8707,10,1,pythia_0.162405B_trajectory,2.8709127914093155,-0.00021279140931573792
0.162405,22.001,2.87,10,1,pythia_0.162405B_trajectory,2.868652085449438,0.001347914550561935
0.162405,22.344,2.8695,10,1,pythia_0.162405B_trajectory,2.866396190576016,0.0031038094239841385
0.162405,22.692,2.8604,10,1,pythia_0.162405B_trajectory,2.8641522601054334,-0.0037522601054336135
0.162405,23.045,2.8649,11,1,pythia_0.162405B_trajectory,2.86192064345172,0.0029793565482800766
0.162405,23.404,2.8604,11,1,pythia_0.162405B_trajectory,2.8596955252982332,0.0007044747017665998
0.162405,23.769,2.8579,11,1,pythia_0.162405B_trajectory,2.857477561615566,0.0004224383844340096
0.162405,24.139,2.8527,11,1,pythia_0.162405B_trajectory,2.8552732679140567,-0.002573267914056654
0.162405,24.515,2.8539,11,1,pythia_0.162405B_trajectory,2.853077092746513,0.000822907253486882
0.162405,24.897,2.8509,11,1,pythia_0.162405B_trajectory,2.8508895851581424,1.0414841857819823e-05
0.162405,25.285,2.8518,12,1,pythia_0.162405B_trajectory,2.8487112591103982,0.003088740889601649
0.162405,25.679,2.8478,12,1,pythia_0.162405B_trajectory,2.8465425948673087,0.001257405132691236
0.162405,26.079,2.8476,12,1,pythia_0.162405B_trajectory,2.84438404036202,0.003215959637979715
0.162405,26.485,2.8439,12,1,pythia_0.162405B_trajectory,2.84223601254019,0.0016639874598101123
0.162405,26.898,2.8347,12,1,pythia_0.162405B_trajectory,2.8400937625707496,-0.005393762570749416
0.162405,27.317,2.8387,13,1,pythia_0.162405B_trajectory,2.837962986444681,0.000737013555318633
0.162405,27.742,2.8376,13,1,pythia_0.162405B_trajectory,2.8358440096848754,0.0017559903151247447
0.162405,28.174,2.8361,13,1,pythia_0.162405B_trajectory,2.833732291738673,0.0023677082613269285
0.162405,28.613,2.8317,13,1,pythia_0.162405B_trajectory,2.831628391655957,7.160834404329464e-05
0.162405,29.059,2.8275,13,1,pythia_0.162405B_trajectory,2.8295328335826575,-0.0020328335826573785
0.162405,29.512,2.8275,14,1,pythia_0.162405B_trajectory,2.8274461081051623,5.389189483784307e-05
0.162405,29.971,2.8269,14,1,pythia_0.162405B_trajectory,2.82537314539864,0.0015268546013600393
0.162405,30.438,2.8257,14,1,pythia_0.162405B_trajectory,2.8233053416377665,0.002394658362233404
0.162405,30.912,2.822,14,1,pythia_0.162405B_trajectory,2.821247655830123,0.0007523441698769062
0.162405,31.394,2.8188,15,1,pythia_0.162405B_trajectory,2.819196243150692,-0.0003962431506918662
0.162405,31.883,2.819,15,1,pythia_0.162405B_trajectory,2.817155825036066,0.0018441749639337424
0.162405,32.38,2.8177,15,1,pythia_0.162405B_trajectory,2.8151226620000513,0.0025773379999485257
0.162405,32.884,2.81,15,1,pythia_0.162405B_trajectory,2.8131012497037378,-0.0031012497037377074
0.162405,33.396,2.8118,15,1,pythia_0.162405B_trajectory,2.811087952507357,0.0007120474926427534
0.162405,33.917,2.8084,16,1,pythia_0.162405B_trajectory,2.8090794171460844,-0.0006794171460846599
0.162405,34.445,2.8068,16,1,pythia_0.162405B_trajectory,2.807083786244807,-0.0002837862448070716
0.162405,34.982,2.8031,16,1,pythia_0.162405B_trajectory,2.805093901171207,-0.00199390117120668
0.162405,35.526,2.8039,16,1,pythia_0.162405B_trajectory,2.8031175478741535,0.0007824521258466
0.162405,36.08,2.7996,17,1,pythia_0.162405B_trajectory,2.801144279085801,-0.0015442790858011257
0.162405,36.642,2.7983,17,1,pythia_0.162405B_trajectory,2.7991817477032805,-0.0008817477032807552
0.162405,37.213,2.7962,17,1,pythia_0.162405B_trajectory,2.7972268537016145,-0.001026853701614705
0.162405,37.792,2.7962,18,1,pythia_0.162405B_trajectory,2.79528338628902,0.0009166137109799521
0.162405,38.381,2.7933,18,1,pythia_0.162405B_trajectory,2.793345068473169,-4.5068473168985435e-05
0.162405,38.979,2.7899,18,1,pythia_0.162405B_trajectory,2.791415696393636,-0.0015156963936360235
0.162405,39.586,2.7897,18,1,pythia_0.162405B_trajectory,2.789495648244668,0.00020435175533206618
0.162405,40.203,2.7879,19,1,pythia_0.162405B_trajectory,2.7875822047280243,0.0003177952719757293
0.162405,40.829,2.7856,19,1,pythia_0.162405B_trajectory,2.7856788825936367,-7.888259363664218e-05
0.162405,41.465,2.7823,19,1,pythia_0.162405B_trajectory,2.783783027859585,-0.0014830278595847624
0.162405,42.111,2.7823,20,1,pythia_0.162405B_trajectory,2.7818950881017406,0.00040491189825964113
0.162405,42.767,2.7793,20,1,pythia_0.162405B_trajectory,2.7800154816254192,-0.0007154816254191232
0.162405,43.433,2.7787,20,1,pythia_0.162405B_trajectory,2.7781445986494706,0.0005554013505295607
0.162405,44.11,2.7759,21,1,pythia_0.162405B_trajectory,2.7762800754349795,-0.0003800754349794211
0.162405,44.797,2.7766,21,1,pythia_0.162405B_trajectory,2.774425083280652,0.002174916719348108
0.162405,45.495,2.7742,21,1,pythia_0.162405B_trajectory,2.7725773105184617,0.0016226894815383197
0.162405,46.204,2.7716,22,1,pythia_0.162405B_trajectory,2.770737197096882,0.0008628029031179096
0.162405,46.923,2.7696,22,1,pythia_0.162405B_trajectory,2.7689076737849327,0.0006923262150673182
0.162405,47.654,2.767,22,1,pythia_0.162405B_trajectory,2.767084035943162,-8.403594316197527e-05
0.162405,48.397,2.7678,23,1,pythia_0.162405B_trajectory,2.7652667889880638,0.002533211011936043
0.162405,49.15,2.7627,23,1,pythia_0.162405B_trajectory,2.7634611559257647,-0.000761155925764534
0.162405,49.916,2.759,23,1,pythia_0.162405B_trajectory,2.761660318709244,-0.0026603187092439917
0.162405,50.694,2.7584,24,1,pythia_0.162405B_trajectory,2.759867117706733,-0.0014671177067331342
0.162405,51.483,2.7577,24,1,pythia_0.162405B_trajectory,2.758084181441818,-0.00038418144181839864
0.162405,52.285,2.7548,25,1,pythia_0.162405B_trajectory,2.756307355623638,-0.0015073556236382402
0.162405,53.1,2.7533,25,1,pythia_0.162405B_trajectory,2.75453711096387,-0.001237110963870247
0.162405,53.927,2.7563,25,1,pythia_0.162405B_trajectory,2.7527759973321664,0.0035240026678335923
0.162405,54.767,2.7524,26,1,pythia_0.162405B_trajectory,2.751022236561589,0.001377763438411339
0.162405,55.62,2.7516,26,1,pythia_0.162405B_trajectory,2.749276216992441,0.002323783007558866
0.162405,56.487,2.7516,27,1,pythia_0.162405B_trajectory,2.747536313808939,0.004063686191060789
0.162405,57.367,2.7448,27,1,pythia_0.162405B_trajectory,2.745804929184374,-0.0010049291843738928
0.162405,58.26,2.7432,27,1,pythia_0.162405B_trajectory,2.7440823740896927,-0.0008823740896928278
0.162405,59.168,2.7402,28,1,pythia_0.162405B_trajectory,2.7423651914303946,-0.0021651914303943975
0.162405,60.09,2.7449,28,1,pythia_0.162405B_trajectory,2.7406557032663663,0.004244296733633579
0.162405,61.026,2.7382,29,1,pythia_0.162405B_trajectory,2.738954258197615,-0.0007542581976149876
0.162405,61.976,2.7389,29,1,pythia_0.162405B_trajectory,2.7372611805751985,0.0016388194248015964
0.162405,62.942,2.7371,30,1,pythia_0.162405B_trajectory,2.735573311298116,0.0015266887018836606
0.162405,63.922,2.7333,30,1,pythia_0.162405B_trajectory,2.7338945249090427,-0.0005945249090428817
0.162405,64.918,2.735,31,1,pythia_0.162405B_trajectory,2.7322217489054816,0.002778251094518236
0.162405,65.929,2.7291,31,1,pythia_0.162405B_trajectory,2.7305570422398766,-0.001457042239876749
0.162405,66.956,2.7292,32,1,pythia_0.162405B_trajectory,2.7288991120447417,0.00030088795525839984
0.162405,67.999,2.7269,32,1,pythia_0.162405B_trajectory,2.7272483355548482,-0.0003483355548481448
0.162405,69.058,2.7259,33,1,pythia_0.162405B_trajectory,2.725605064958838,0.0002949350411620699
0.162405,70.134,2.724,33,1,pythia_0.162405B_trajectory,2.7239681220548597,3.187794514047937e-05
0.162405,71.227,2.7223,34,1,pythia_0.162405B_trajectory,2.722337900489493,-3.7900489493036815e-05
0.162405,72.336,2.723,34,1,pythia_0.162405B_trajectory,2.7207162162541976,0.0022837837458022925
0.162405,73.463,2.7206,35,1,pythia_0.162405B_trajectory,2.719100488712048,0.0014995112879523376
0.162405,74.608,2.7159,35,1,pythia_0.162405B_trajectory,2.717491122987583,-0.0015911229875831268
0.162405,75.77,2.7171,36,1,pythia_0.162405B_trajectory,2.7158898627981927,0.001210137201807182
0.162405,76.95,2.7123,36,1,pythia_0.162405B_trajectory,2.714295644629051,-0.0019956446290509966
0.162405,78.149,2.7149,37,1,pythia_0.162405B_trajectory,2.712707489099931,0.002192510900068889
0.162405,79.366,2.7117,37,1,pythia_0.162405B_trajectory,2.71112706840599,0.0005729315940099511
0.162405,80.603,2.712,38,1,pythia_0.162405B_trajectory,2.709552147037387,0.002447852962613073
0.162405,81.858,2.7082,39,1,pythia_0.162405B_trajectory,2.707985609898935,0.00021439010106494294
0.162405,83.133,2.7076,39,1,pythia_0.162405B_trajectory,2.7064252752725637,0.0011747247274360717
0.162405,84.428,2.7053,40,1,pythia_0.162405B_trajectory,2.7048715081627805,0.0004284918372192692
0.162405,85.744,2.7021,41,1,pythia_0.162405B_trajectory,2.7033234848748005,-0.0012234848748002847
0.162405,87.079,2.7018,41,1,pythia_0.162405B_trajectory,2.70178387576524,1.6124234759828937e-05
0.162405,88.436,2.7026,42,1,pythia_0.162405B_trajectory,2.700249549727658,0.0023504502723419307
0.162405,89.813,2.6991,42,1,pythia_0.162405B_trajectory,2.6987231084754413,0.0003768915245587756
0.162405,91.212,2.6987,43,1,pythia_0.162405B_trajectory,2.6972026517980066,0.0014973482019935425
0.162405,92.633,2.695,44,1,pythia_0.162405B_trajectory,2.6956885388653946,-0.0006885388653947722
0.162405,94.076,2.6936,45,1,pythia_0.162405B_trajectory,2.694181105365419,-0.000581105365418999
0.162405,95.542,2.6946,45,1,pythia_0.162405B_trajectory,2.6926796503370354,0.0019203496629645045
0.162405,97.03,2.6937,46,1,pythia_0.162405B_trajectory,2.691185519163504,0.0025144808364960802
0.162405,98.542,2.6881,47,1,pythia_0.162405B_trajectory,2.6896970319530626,-0.0015970319530627108
0.162405,100.077,2.6886,47,1,pythia_0.162405B_trajectory,2.688215508761554,0.00038449123844630506
0.162405,101.636,2.6919,48,1,pythia_0.162405B_trajectory,2.686740297363489,0.00515970263651111
0.162405,103.219,2.6854,49,1,pythia_0.162405B_trajectory,2.6852717172023493,0.00012828279765075834
0.162405,104.827,2.6833,50,1,pythia_0.162405B_trajectory,2.6838091654627325,-0.0005091654627324971
0.162405,106.46,2.6806,50,1,pythia_0.162405B_trajectory,2.682352972087121,-0.0017529720871207743
0.162405,108.118,2.6826,51,1,pythia_0.162405B_trajectory,2.680903445031375,0.0016965549686247527
0.162405,109.802,2.6766,52,1,pythia_0.162405B_trajectory,2.6794600224537866,-0.0028600224537864705
0.162405,111.513,2.6785,53,1,pythia_0.162405B_trajectory,2.67802218878674,0.00047781121326018194
0.162405,113.25,2.6775,54,1,pythia_0.162405B_trajectory,2.676591103887326,0.0009088961126741957
0.162405,115.014,2.6735,55,1,pythia_0.162405B_trajectory,2.6751662416995696,-0.0016662416995694151
0.162405,116.806,2.6769,55,1,pythia_0.162405B_trajectory,2.6737471192364026,0.00315288076359721
0.162405,118.625,2.6728,56,1,pythia_0.162405B_trajectory,2.672334831870643,0.00046516812935726293
0.162405,120.473,2.6701,57,1,pythia_0.162405B_trajectory,2.6709281320084877,-0.0008281320084875254
0.162405,122.35,2.6723,58,1,pythia_0.162405B_trajectory,2.6695273491325433,0.002772650867456594
0.162405,124.256,2.6697,59,1,pythia_0.162405B_trajectory,2.6681327911051644,0.0015672088948357477
0.162405,126.191,2.6661,60,1,pythia_0.162405B_trajectory,2.6667447450459183,-0.0006447450459181603
0.162405,128.157,2.665,61,1,pythia_0.162405B_trajectory,2.6653620854428093,-0.0003620854428092457
0.162405,130.154,2.6631,62,1,pythia_0.162405B_trajectory,2.66398514229468,-0.0008851422946798415
0.162405,132.181,2.6649,63,1,pythia_0.162405B_trajectory,2.6626148934576093,0.002285106542390558
0.162405,134.24,2.6644,64,1,pythia_0.162405B_trajectory,2.6612502750031553,0.0031497249968448493
0.162405,136.331,2.6569,65,1,pythia_0.162405B_trajectory,2.659891594373314,-0.0029915943733143102
0.162405,138.455,2.6621,66,1,pythia_0.162405B_trajectory,2.658538507731143,0.003561492268857158
0.162405,140.612,2.6568,67,1,pythia_0.162405B_trajectory,2.6571913194289922,-0.0003913194289921762
0.162405,142.802,2.6596,68,1,pythia_0.162405B_trajectory,2.6558503135104234,0.0037496864895767423
0.162405,145.027,2.6532,69,1,pythia_0.162405B_trajectory,2.6545145656746874,-0.0013145656746873513
0.162405,147.286,2.651,70,1,pythia_0.162405B_trajectory,2.6531849744611655,-0.002184974461165723
0.162405,149.58,2.6535,71,1,pythia_0.162405B_trajectory,2.651861229357436,0.0016387706425642357
0.162405,151.91,2.6483,72,1,pythia_0.162405B_trajectory,2.650543046155949,-0.00224304615594928
0.162405,154.277,2.648,73,1,pythia_0.162405B_trajectory,2.649230165527123,-0.0012301655271227396
0.162405,156.68,2.6499,74,1,pythia_0.162405B_trajectory,2.647923428546106,0.0019765714538939605
0.162405,159.121,2.6475,76,1,pythia_0.162405B_trajectory,2.646622030409331,0.0008779695906691032
0.162405,161.6,2.6429,77,1,pythia_0.162405B_trajectory,2.6453262662199086,-0.0024262662199086016
0.162405,164.117,2.6434,78,1,pythia_0.162405B_trajectory,2.6440364114554358,-0.0006364114554355815
0.162405,166.674,2.6439,79,1,pythia_0.162405B_trajectory,2.642751727813579,0.0011482721864211065
0.162405,169.27,2.6386,80,1,pythia_0.162405B_trajectory,2.6414730000984084,-0.002873000098408518
0.162405,171.907,2.6407,82,1,pythia_0.162405B_trajectory,2.640199520765953,0.0005004792340468356
0.162405,174.585,2.6361,83,1,pythia_0.162405B_trajectory,2.6389315771534996,-0.002831577153499687
0.162405,177.304,2.636,84,1,pythia_0.162405B_trajectory,2.6376694374518648,-0.0016694374518646526
0.162405,180.066,2.6357,86,1,pythia_0.162405B_trajectory,2.6364124502375508,-0.0007124502375508435
0.162405,182.871,2.6386,87,1,pythia_0.162405B_trajectory,2.6351609006868735,0.003439099313126359
0.162405,185.72,2.6361,88,1,pythia_0.162405B_trajectory,2.6339146218750757,0.002185378124924142
0.162405,188.613,2.6349,90,1,pythia_0.162405B_trajectory,2.632673887287879,0.002226112712120809
0.162405,191.551,2.6326,91,1,pythia_0.162405B_trajectory,2.6314385356343597,0.0011614643656403523
0.162405,194.535,2.6293,93,1,pythia_0.162405B_trajectory,2.6302084205624516,-0.0009084205624514397
0.162405,197.566,2.6305,94,1,pythia_0.162405B_trajectory,2.6289834097904015,0.0015165902095986006
0.162405,200.643,2.6303,96,1,pythia_0.162405B_trajectory,2.6277641689681728,0.002535831031827307
0.162405,203.769,2.6269,97,1,pythia_0.162405B_trajectory,2.626549776060054,0.0003502239399462148
0.162405,206.943,2.6253,99,1,pythia_0.162405B_trajectory,2.6253408913071903,-4.089130719009404e-05
0.162405,210.167,2.6213,100,1,pythia_0.162405B_trajectory,2.6241370175722185,-0.0028370175722183255
0.162405,213.441,2.6274,102,1,pythia_0.162405B_trajectory,2.6229384236612923,0.004461576338707918
0.162405,216.766,2.6237,103,1,pythia_0.162405B_trajectory,2.621745004995998,0.0019549950040018693
0.162405,220.142,2.6215,105,1,pythia_0.162405B_trajectory,2.6205570160208977,0.0009429839791024186
0.162405,223.572,2.6208,106,1,pythia_0.162405B_trajectory,2.619373668995963,0.0014263310040369959
0.162405,227.054,2.6163,108,1,pythia_0.162405B_trajectory,2.6181959144027847,-0.001895914402784804
0.162405,230.591,2.6168,110,1,pythia_0.162405B_trajectory,2.6170229901434494,-0.0002229901434493975
0.162405,234.183,2.6172,112,1,pythia_0.162405B_trajectory,2.6158551610318086,0.0013448389681913753
0.162405,237.831,2.6136,113,1,pythia_0.162405B_trajectory,2.614692358625455,-0.001092358625454981
0.162405,241.536,2.6134,115,1,pythia_0.162405B_trajectory,2.6135345222907667,-0.0001345222907667143
0.162405,245.299,2.6148,117,1,pythia_0.162405B_trajectory,2.6123815986866745,0.002418401313325269
0.162405,249.12,2.6091,119,1,pythia_0.162405B_trajectory,2.6112338387002008,-0.002133838700200563
0.162405,253.001,2.613,121,1,pythia_0.162405B_trajectory,2.610090893040079,0.0029091069599211927
0.162405,256.942,2.61,122,1,pythia_0.162405B_trajectory,2.6089530136120214,0.0010469863879785102
0.162405,260.944,2.6062,124,1,pythia_0.162405B_trajectory,2.607820155081444,-0.0016201550814440857
0.162405,265.009,2.6047,126,1,pythia_0.162405B_trajectory,2.6066920030184386,-0.001992003018438826
0.162405,269.138,2.6026,128,1,pythia_0.162405B_trajectory,2.6055685392391084,-0.0029685392391085585
0.162405,273.33,2.6048,130,1,pythia_0.162405B_trajectory,2.6044502781126644,0.00034972188733561893
0.162405,277.588,2.6052,132,1,pythia_0.162405B_trajectory,2.60333666069253,0.0018633393074698468
0.162405,281.912,2.6051,134,1,pythia_0.162405B_trajectory,2.602227935104746,0.002872064895254045
0.162405,286.304,2.6023,136,1,pythia_0.162405B_trajectory,2.601123835021023,0.0011761649789772122
0.162405,290.764,2.6019,139,1,pythia_0.162405B_trajectory,2.600024605260902,0.0018753947390979242
0.162405,295.293,2.5981,141,1,pythia_0.162405B_trajectory,2.5989302349505907,-0.000830234950590647
0.162405,299.893,2.5959,143,1,pythia_0.162405B_trajectory,2.5978404816289418,-0.0019404816289418925
0.409009,0.134,4.3484,0,1,pythia_0.409009B_trajectory,4.346347143031041,0.0020528569689588494
0.409009,0.136,4.3406,0,1,pythia_0.409009B_trajectory,4.337339849740225,0.0032601502597753296
0.409009,0.138,4.3315,0,1,pythia_0.409009B_trajectory,4.328500513413827,0.0029994865861731057
0.409009,0.14,4.3194,0,1,pythia_0.409009B_trajectory,4.319823635241103,-0.0004236352411028932
0.409009,0.143,4.3119,0,1,pythia_0.409009B_trajectory,4.30710152294113,0.004798477058869821
0.409009,0.145,4.2972,0,1,pythia_0.409009B_trajectory,4.298808371180955,-0.001608371180954471
0.409009,0.147,4.2996,0,1,pythia_0.409009B_trajectory,4.290660345043083,0.008939654956916954
0.409009,0.149,4.2861,0,1,pythia_0.409009B_trajectory,4.2826529816097745,0.0034470183902257645
0.409009,0.152,4.275,0,1,pythia_0.409009B_trajectory,4.270896393118748,0.004103606881252553
0.409009,0.154,4.2715,0,1,pythia_0.409009B_trajectory,4.26322241289988,0.008277587100119277
0.409009,0.156,4.2574,0,1,pythia_0.409009B_trajectory,4.255674939314575,0.0017250606854242179
0.409009,0.159,4.2531,0,1,pythia_0.409009B_trajectory,4.244582947279259,0.008517052720740992
0.409009,0.161,4.243,0,1,pythia_0.409009B_trajectory,4.237336022262076,0.005663977737924597
0.409009,0.164,4.2386,0,1,pythia_0.409009B_trajectory,4.226678975306959,0.011921024693040572
0.409009,0.166,4.2285,0,1,pythia_0.409009B_trajectory,4.219711923132109,0.008788076867891625
0.409009,0.169,4.2185,0,1,pythia_0.409009B_trajectory,4.209460343179589,0.009039656820410968
0.409009,0.172,4.2089,0,1,pythia_0.409009B_trajectory,4.1994390696371475,0.009460930362852338
0.409009,0.174,4.2016,0,1,pythia_0.409009B_trajectory,4.192881674561795,0.008718325438205277
0.409009,0.177,4.1916,0,1,pythia_0.409009B_trajectory,4.1832243672333345,0.008375632766665753
0.409009,0.18,4.1857,0,1,pythia_0.409009B_trajectory,4.173774314238841,0.01192568576115871
0.409009,0.183,4.1755,0,1,pythia_0.409009B_trajectory,4.1645237230250665,0.010976276974933974
0.409009,0.185,4.1673,0,1,pythia_0.409009B_trajectory,4.158463814725044,0.008836185274955888
0.409009,0.188,4.1605,0,1,pythia_0.409009B_trajectory,4.149529456399263,0.010970543600737237
0.409009,0.191,4.1473,0,1,pythia_0.409009B_trajectory,4.140775731112072,0.006524268887928564
0.409009,0.194,4.1391,0,1,pythia_0.409009B_trajectory,4.132196234531067,0.00690376546893301
0.409009,0.197,4.1308,0,1,pythia_0.409009B_trajectory,4.123784883986768,0.0070151160132319035
0.409009,0.2,4.1266,0,1,pythia_0.409009B_trajectory,4.115535897708779,0.011064102291221012
0.409009,0.203,4.1149,0,1,pythia_0.409009B_trajectory,4.107443775690906,0.007456224309093429
0.409009,0.207,4.1061,0,1,pythia_0.409009B_trajectory,4.096889277025606,0.009210722974393626
0.409009,0.21,4.1003,0,1,pythia_0.409009B_trajectory,4.0891432358883115,0.011156764111688311
0.409009,0.213,4.0945,0,1,pythia_0.409009B_trajectory,4.081537543766601,0.012962456233399422
0.409009,0.216,4.0806,0,1,pythia_0.409009B_trajectory,4.074067734006535,0.00653226599346457
0.409009,0.22,4.0713,0,1,pythia_0.409009B_trajectory,4.064312016255978,0.006987983744021875
0.409009,0.223,4.0609,0,1,pythia_0.409009B_trajectory,4.057143006127319,0.003756993872681136
0.409009,0.227,4.055,0,1,pythia_0.409009B_trajectory,4.047774064569432,0.007225935430567709
0.409009,0.23,4.0472,0,1,pythia_0.409009B_trajectory,4.04088493552479,0.006315064475209908
0.409009,0.234,4.0375,0,1,pythia_0.409009B_trajectory,4.0318762756222615,0.005623724377738171
0.409009,0.237,4.0282,0,1,pythia_0.409009B_trajectory,4.025248139972606,0.0029518600273936713
0.409009,0.241,4.0192,0,1,pythia_0.409009B_trajectory,4.016575801989933,0.0026241980100669693
0.409009,0.245,4.0147,0,1,pythia_0.409009B_trajectory,4.008085758993932,0.006614241006068333
0.409009,0.249,4.0021,0,1,pythia_0.409009B_trajectory,3.9997712953257416,0.00232870467425883
0.409009,0.253,3.9964,0,1,pythia_0.409009B_trajectory,3.9916260455891552,0.004773954410844716
0.409009,0.256,3.9882,0,1,pythia_0.409009B_trajectory,3.985624510666165,0.0025754893338350016
0.409009,0.26,3.9787,0,1,pythia_0.409009B_trajectory,3.9777610393137692,0.0009389606862306721
0.409009,0.265,3.9694,0,1,pythia_0.409009B_trajectory,3.968146700358383,0.0012532996416170228
0.409009,0.269,3.9625,0,1,pythia_0.409009B_trajectory,3.96062087519609,0.0018791248039100594
0.409009,0.273,3.9498,0,1,pythia_0.409009B_trajectory,3.9532369327820005,-0.0034369327820003015
0.409009,0.277,3.9469,0,1,pythia_0.409009B_trajectory,3.9459901773838677,0.0009098226161321499
0.409009,0.281,3.9421,0,1,pythia_0.409009B_trajectory,3.938876133648071,0.003223866351929061
0.409009,0.286,3.932,0,1,pythia_0.409009B_trajectory,3.9301637210036873,0.001836278996312668
0.409009,0.29,3.9238,0,1,pythia_0.409009B_trajectory,3.9233329681858486,0.00046703181415130857
0.409009,0.295,3.9185,0,1,pythia_0.409009B_trajectory,3.914962188099051,0.0035378119009488174
0.409009,0.299,3.9108,0,1,pythia_0.409009B_trajectory,3.908395237495349,0.00240476250465127
0.409009,0.304,3.9049,0,1,pythia_0.409009B_trajectory,3.9003429363724385,0.004557063627561586
0.409009,0.309,3.8985,0,1,pythia_0.409009B_trajectory,3.892458381572953,0.006041618427046647
0.409009,0.314,3.8904,0,1,pythia_0.409009B_trajectory,3.884735447843014,0.005664552156986247
0.409009,0.318,3.8814,0,1,pythia_0.409009B_trajectory,3.87866955458552,0.002730445414480087
0.409009,0.323,3.8811,0,1,pythia_0.409009B_trajectory,3.8712231005720144,0.009876899427985641
0.409009,0.328,3.8688,0,1,pythia_0.409009B_trajectory,3.8639227356996564,0.004877264300343409
0.409009,0.334,3.8592,0,1,pythia_0.409009B_trajectory,3.855348072990399,0.0038519270096011304
0.409009,0.339,3.8575,0,1,pythia_0.409009B_trajectory,3.8483517485669476,0.009148251433052312
0.409009,0.344,3.8511,0,1,pythia_0.409009B_trajectory,3.8414862642841383,0.009613735715861882
0.409009,0.349,3.8446,0,1,pythia_0.409009B_trajectory,3.834747324175198,0.009852675824801871
0.409009,0.355,3.8349,0,1,pythia_0.409009B_trajectory,3.8268218806598746,0.008078119340125589
0.409009,0.36,3.8261,0,1,pythia_0.409009B_trajectory,3.820347184073648,0.005752815926352017
0.409009,0.366,3.8197,0,1,pythia_0.409009B_trajectory,3.8127278248930274,0.006972175106972678
0.409009,0.372,3.8146,0,1,pythia_0.409009B_trajectory,3.805266677895003,0.009333322104997155
0.409009,0.377,3.8043,0,1,pythia_0.409009B_trajectory,3.7991657482665104,0.005134251733489581
0.409009,0.383,3.7975,0,1,pythia_0.409009B_trajectory,3.7919799151330524,0.005520084866947439
0.409009,0.389,3.7892,0,1,pythia_0.409009B_trajectory,3.7849367346103007,0.0042632653896994555
0.409009,0.395,3.7828,0,1,pythia_0.409009B_trajectory,3.7780312390917095,0.004768760908290481
0.409009,0.402,3.7791,0,1,pythia_0.409009B_trajectory,3.770142558808798,0.008957441191202342
0.409009,0.408,3.7727,0,1,pythia_0.409009B_trajectory,3.7635194855225484,0.009180514477451496
0.409009,0.414,3.7661,0,1,pythia_0.409009B_trajectory,3.7570199111885767,0.009080088811423082
0.409009,0.421,3.7582,0,1,pythia_0.409009B_trajectory,3.749587779799263,0.008612220200737042
0.409009,0.427,3.754,0,1,pythia_0.409009B_trajectory,3.743342165662889,0.010657834337111094
0.409009,0.434,3.7415,0,1,pythia_0.409009B_trajectory,3.7361960703727757,0.0053039296272241465
0.409009,0.441,3.7361,0,1,pythia_0.409009B_trajectory,3.7291959911504673,0.0069040088495326835
0.409009,0.447,3.728,0,1,pythia_0.409009B_trajectory,3.7233081674573594,0.004691832542640828
0.409009,0.454,3.7221,0,1,pythia_0.409009B_trajectory,3.716565583860957,0.005534416139043152
0.409009,0.461,3.714,0,1,pythia_0.409009B_trajectory,3.7099547610721286,0.004045238927871342
0.409009,0.469,3.7072,0,1,pythia_0.409009B_trajectory,3.702555089698119,0.004644910301880856
0.409009,0.476,3.7015,0,1,pythia_0.409009B_trajectory,3.6962116799208458,0.00528832007915403
0.409009,0.483,3.6933,0,1,pythia_0.409009B_trajectory,3.689986554273538,0.003313445726461861
0.409009,0.491,3.6893,0,1,pythia_0.409009B_trajectory,3.6830120032920157,0.006287996707984078
0.409009,0.499,3.6812,0,1,pythia_0.409009B_trajectory,3.6761813995748884,0.005018600425111597
0.409009,0.506,3.6699,0,1,pythia_0.409009B_trajectory,3.6703186020189813,-0.00041860201898114013
0.409009,0.514,3.6642,0,1,pythia_0.409009B_trajectory,3.6637440717555343,0.0004559282444658308
0.409009,0.522,3.6597,0,1,pythia_0.409009B_trajectory,3.6572992204424537,0.002400779557546251
0.409009,0.53,3.6506,0,1,pythia_0.409009B_trajectory,3.650979560815578,-0.00037956081557810606
0.409009,0.539,3.6456,0,1,pythia_0.409009B_trajectory,3.6440142818413492,0.0015857181586507174
0.409009,0.547,3.6354,0,1,pythia_0.409009B_trajectory,3.6379467422322738,-0.00254674223227358
0.409009,0.556,3.6348,0,1,pythia_0.409009B_trajectory,3.631255078621585,0.003544921378414667
0.409009,0.564,3.6259,0,1,pythia_0.409009B_trajectory,3.625422283748864,0.00047771625113623983
0.409009,0.573,3.621,0,1,pythia_0.409009B_trajectory,3.6189856593121004,0.0020143406878996295
0.409009,0.582,3.613,0,1,pythia_0.409009B_trajectory,3.6126771454466686,0.00032285455333136426
0.409009,0.591,3.6119,0,1,pythia_0.409009B_trajectory,3.606492269558589,0.005407730441410852
0.409009,0.6,3.6002,0,1,pythia_0.409009B_trajectory,3.600426780305331,-0.00022678030533107574
0.409009,0.61,3.5956,0,1,pythia_0.409009B_trajectory,3.5938224569744026,0.0017775430255975166
0.409009,0.619,3.5901,0,1,pythia_0.409009B_trajectory,3.5879959611370458,0.002104038862954294
0.409009,0.629,3.5857,0,1,pythia_0.409009B_trajectory,3.5816479199898197,0.0040520800101804255
0.409009,0.638,3.5809,0,1,pythia_0.409009B_trajectory,3.5760441441378528,0.004855855862147429
0.409009,0.648,3.5726,0,1,pythia_0.409009B_trajectory,3.569935191058849,0.0026648089411511755
0.409009,0.659,3.5653,0,1,pythia_0.409009B_trajectory,3.5633531858030683,0.0019468141969318786
0.409009,0.669,3.5629,0,1,pythia_0.409009B_trajectory,3.557490418864279,0.005409581135721098
0.409009,0.679,3.5579,0,1,pythia_0.409009B_trajectory,3.551738754209648,0.0061612457903521545
0.409009,0.69,3.5515,0,1,pythia_0.409009B_trajectory,3.545535840544579,0.005964159455420948
0.409009,0.701,3.5465,0,1,pythia_0.409009B_trajectory,3.5394582161727732,0.007041783827226755
0.409009,0.711,3.5364,0,1,pythia_0.409009B_trajectory,3.5340380864956664,0.002361913504333568
0.409009,0.723,3.5362,0,1,pythia_0.409009B_trajectory,3.5276613062390565,0.008538693760943517
0.409009,0.734,3.5284,0,1,pythia_0.409009B_trajectory,3.5219337985116024,0.006466201488397605
0.409009,0.745,3.5227,0,1,pythia_0.409009B_trajectory,3.5163151081479933,0.0063848918520066356
0.409009,0.757,3.5179,0,1,pythia_0.409009B_trajectory,3.5103054739271267,0.007594526072873364
0.409009,0.769,3.5129,0,1,pythia_0.409009B_trajectory,3.504416546752548,0.008483453247452033
0.409009,0.781,3.5036,0,1,pythia_0.409009B_trajectory,3.498644074517621,0.004955925482378998
0.409009,0.793,3.4981,0,1,pythia_0.409009B_trajectory,3.4929840173271884,0.005115982672811548
0.409009,0.805,3.4931,0,1,pythia_0.409009B_trajectory,3.4874325338845527,0.005667466115447439
0.409009,0.818,3.4853,0,1,pythia_0.409009B_trajectory,3.481536714117161,0.003763285882838918
0.409009,0.83,3.483,0,1,pythia_0.409009B_trajectory,3.4761998881096683,0.006800111890331806
0.409009,0.843,3.4737,0,1,pythia_0.409009B_trajectory,3.4705286492764866,0.0031713507235133775
0.409009,0.856,3.4708,0,1,pythia_0.409009B_trajectory,3.4649682540686246,0.005831745931375476
0.409009,0.87,3.4661,0,1,pythia_0.409009B_trajectory,3.459099741542177,0.007000258457822817
0.409009,0.883,3.4596,0,1,pythia_0.409009B_trajectory,3.4537576260995344,0.005842373900465603
0.409009,0.897,3.4512,0,1,pythia_0.409009B_trajectory,3.4481160107032673,0.003083989296732703
0.409009,0.911,3.4454,0,1,pythia_0.409009B_trajectory,3.442585980122759,0.0028140198772406144
0.409009,0.925,3.4408,0,1,pythia_0.409009B_trajectory,3.437163662709162,0.0036363372908376768
0.409009,0.94,3.4369,0,1,pythia_0.409009B_trajectory,3.431469386845226,0.005430613154774111
0.409009,0.954,3.4274,0,1,pythia_0.409009B_trajectory,3.426258681310391,0.0011413186896089833
0.409009,0.969,3.4226,0,1,pythia_0.409009B_trajectory,3.4207832949693664,0.0018167050306336918
0.409009,0.984,3.4181,0,1,pythia_0.409009B_trajectory,3.415415328144605,0.0026846718553947824
0.409009,1.0,3.4137,0,1,pythia_0.409009B_trajectory,3.40980373457091,0.00389626542908994
0.409009,1.015,3.4066,0,1,pythia_0.409009B_trajectory,3.404646254490731,0.001953745509268856
0.409009,1.031,3.4037,0,1,pythia_0.409009B_trajectory,3.399251382094593,0.004448617905407293
0.409009,1.047,3.3931,0,1,pythia_0.409009B_trajectory,3.393962613944658,-0.0008626139446579195
0.409009,1.063,3.387,0,1,pythia_0.409009B_trajectory,3.3887762889484163,-0.0017762889484163047
0.409009,1.08,3.3839,0,1,pythia_0.409009B_trajectory,3.3833741740942447,0.0005258259057554504
0.409009,1.097,3.3803,0,1,pythia_0.409009B_trajectory,3.3780798095717035,0.0022201904282965756
0.409009,1.114,3.373,0,1,pythia_0.409009B_trajectory,3.3728894256796056,0.00011057432039462967
0.409009,1.131,3.3664,0,1,pythia_0.409009B_trajectory,3.3677994395841897,-0.0013994395841896434
0.409009,1.149,3.3656,0,1,pythia_0.409009B_trajectory,3.3625156880809297,0.003084311919070437
0.409009,1.167,3.361,0,1,pythia_0.409009B_trajectory,3.3573368292090824,0.0036631707909178246
0.409009,1.185,3.3554,0,1,pythia_0.409009B_trajectory,3.3522592102817486,0.00314078971825138
0.409009,1.203,3.3494,0,1,pythia_0.409009B_trajectory,3.3472793588509986,0.0021206411490015675
0.409009,1.222,3.3452,0,1,pythia_0.409009B_trajectory,3.342125266713415,0.0030747332865850296
0.409009,1.241,3.3413,0,1,pythia_0.409009B_trajectory,3.3370727332014454,0.004227266798554563
0.409009,1.26,3.336,0,1,pythia_0.409009B_trajectory,3.332118247600623,0.0038817523993768255
0.409009,1.28,3.3301,0,1,pythia_0.409009B_trajectory,3.32700525607777,0.00309474392222997
0.409009,1.3,3.3268,0,1,pythia_0.409009B_trajectory,3.3219935055416974,0.004806494458302613
0.409009,1.32,3.3207,0,1,pythia_0.409009B_trajectory,3.3170794794196214,0.003620520580378539
0.409009,1.341,3.3174,0,1,pythia_0.409009B_trajectory,3.31202127173782,0.005378728262180221
0.409009,1.362,3.3106,0,1,pythia_0.409009B_trajectory,3.307063442137315,0.0035365578626849192
0.409009,1.383,3.3064,0,1,pythia_0.409009B_trajectory,3.3022024964126473,0.004197503587352713
0.409009,1.404,3.3031,0,1,pythia_0.409009B_trajectory,3.297435112715442,0.005664887284558162
0.409009,1.426,3.2965,0,1,pythia_0.409009B_trajectory,3.2925376202883756,0.003962379711624386
0.409009,1.449,3.2906,0,1,pythia_0.409009B_trajectory,3.287519850610839,0.003080149389160791
0.409009,1.471,3.2889,0,1,pythia_0.409009B_trajectory,3.2828147244460255,0.006085275553974423
0.409009,1.494,3.2839,0,1,pythia_0.409009B_trajectory,3.2779910675463384,0.005908932453661642
0.409009,1.517,3.2801,0,1,pythia_0.409009B_trajectory,3.2732615297581145,0.0068384702418855525
0.409009,1.541,3.2675,0,1,pythia_0.409009B_trajectory,3.2684232228092815,-0.0009232228092814765
0.409009,1.565,3.2708,0,1,pythia_0.409009B_trajectory,3.263680410094362,0.007119589905637991
0.409009,1.589,3.2653,0,1,pythia_0.409009B_trajectory,3.259029785147477,0.00627021485252266
0.409009,1.614,3.2596,0,1,pythia_0.409009B_trajectory,3.2542800255098845,0.005319974490115342
0.409009,1.639,3.2529,0,1,pythia_0.409009B_trajectory,3.249623506766739,0.0032764932332609575
0.409009,1.665,3.25,0,1,pythia_0.409009B_trajectory,3.244876186960497,0.0051238130395030446
0.409009,1.691,3.2448,0,1,pythia_0.409009B_trajectory,3.240222811670693,0.004577188329307091
0.409009,1.717,3.2416,0,1,pythia_0.409009B_trajectory,3.2356601196761527,0.005939880323847291
0.409009,1.744,3.2373,0,1,pythia_0.409009B_trajectory,3.2310145991373656,0.006285400862634294
0.409009,1.771,3.231,0,1,pythia_0.409009B_trajectory,3.226460227644014,0.004539772355985683
0.409009,1.799,3.2242,0,1,pythia_0.409009B_trajectory,3.221830097569683,0.0023699024303169836
0.409009,1.827,3.2222,0,1,pythia_0.409009B_trajectory,3.217291294234151,0.0049087057658487865
0.409009,1.855,3.2184,0,1,pythia_0.409009B_trajectory,3.212840657469937,0.00555934253006285
0.409009,1.884,3.208,0,1,pythia_0.409009B_trajectory,3.2083208109736328,-0.00032081097363256816
0.409009,1.913,3.2083,0,1,pythia_0.409009B_trajectory,3.2038891435522365,0.0044108564477634005
0.409009,1.943,3.1989,0,1,pythia_0.409009B_trajectory,3.1993942409596627,-0.0004942409596626618
0.409009,1.973,3.1969,0,1,pythia_0.409009B_trajectory,3.1949872974254365,0.0019127025745633297
0.409009,2.004,3.1936,0,1,pythia_0.409009B_trajectory,3.190522655087596,0.0030773449124041896
0.409009,2.035,3.186,0,1,pythia_0.409009B_trajectory,3.186145542270082,-0.00014554227008201082
0.409009,2.067,3.18,0,1,pythia_0.409009B_trajectory,3.1817158519781557,-0.0017158519781554915
0.409009,2.099,3.1763,1,1,pythia_0.409009B_trajectory,3.1773730744173454,-0.0010730744173454987
0.409009,2.132,3.1721,1,1,pythia_0.409009B_trajectory,3.17298244931926,-0.0008824493192602922
0.409009,2.165,3.1651,1,1,pythia_0.409009B_trajectory,3.1686779542185954,-0.003577954218595636
0.409009,2.199,3.1614,1,1,pythia_0.409009B_trajectory,3.1643299738413884,-0.002929973841388378
0.409009,2.233,3.1605,1,1,pythia_0.409009B_trajectory,3.1600671949579278,0.00043280504207210413
0.409009,2.268,3.1554,1,1,pythia_0.409009B_trajectory,3.155764948829252,-0.00036494882925186545
0.409009,2.303,3.1564,1,1,pythia_0.409009B_trajectory,3.1515468488506384,0.00485315114936169
0.409009,2.339,3.1467,1,1,pythia_0.409009B_trajectory,3.147292978342405,-0.000592978342405015
0.409009,2.375,3.1442,1,1,pythia_0.409009B_trajectory,3.1431220894203586,0.0010779105796414612
0.409009,2.412,3.1406,1,1,pythia_0.409009B_trajectory,3.1389188275473785,0.00168117245262156
0.409009,2.45,3.1385,1,1,pythia_0.409009B_trajectory,3.134687004611738,0.003812995388261964
0.409009,2.488,3.1257,1,1,pythia_0.409009B_trajectory,3.1305383652645347,-0.0048383652645345165
0.409009,2.527,3.1268,1,1,pythia_0.409009B_trajectory,3.126364039084839,0.000435960915160738
0.409009,2.566,3.1267,1,1,pythia_0.409009B_trajectory,3.1222713635119583,0.004428636488041704
0.409009,2.606,3.1248,1,1,pythia_0.409009B_trajectory,3.1181556305752256,0.006644369424774421
0.409009,2.647,3.1177,1,1,pythia_0.409009B_trajectory,3.114020077962246,0.0036799220377541353
0.409009,2.688,3.1131,1,1,pythia_0.409009B_trajectory,3.1099657077424583,0.003134292257541915
0.409009,2.73,3.1148,1,1,pythia_0.409009B_trajectory,3.10589370531372,0.008906294686279903
0.409009,2.773,3.1078,1,1,pythia_0.409009B_trajectory,3.10180698627783,0.005993013722170204
0.409009,2.816,3.1024,1,1,pythia_0.409009B_trajectory,3.0978005804517945,0.004599419548205308
0.409009,2.86,3.0961,1,1,pythia_0.409009B_trajectory,3.0937812511668885,0.0023187488331113393
0.409009,2.904,3.0908,1,1,pythia_0.409009B_trajectory,3.0898402950165194,0.000959704983480858
0.409009,2.949,3.0925,1,1,pythia_0.409009B_trajectory,3.0858880431204487,0.006611956879551073
0.409009,2.995,3.0878,1,1,pythia_0.409009B_trajectory,3.081926954340072,0.005873045659928078
0.409009,3.042,3.0821,1,1,pythia_0.409009B_trajectory,3.0779593774546186,0.0041406225453815
0.409009,3.089,3.0747,1,1,pythia_0.409009B_trajectory,3.0740694919804583,0.0006305080195416757
0.409009,3.138,3.072,1,1,pythia_0.409009B_trajectory,3.0700939194873107,0.0019060805126893676
0.409009,3.186,3.0704,1,1,pythia_0.409009B_trajectory,3.0662757770777667,0.004124222922233134
0.409009,3.236,3.0647,1,1,pythia_0.409009B_trajectory,3.0623760523658015,0.002323947634198742
0.409009,3.286,3.0596,1,1,pythia_0.409009B_trajectory,3.058552694390179,0.0010473056098212474
0.409009,3.338,3.061,1,1,pythia_0.409009B_trajectory,3.0546545928914854,0.0063454071085145
0.409009,3.39,3.0537,1,1,pythia_0.409009B_trajectory,3.0508334477001333,0.0028665522998667647
0.409009,3.442,3.0516,1,1,pythia_0.409009B_trajectory,3.0470865935729803,0.004513406427019806
0.409009,3.496,3.0477,1,1,pythia_0.409009B_trajectory,3.043271546067923,0.0044284539320766925
0.409009,3.551,3.0459,1,1,pythia_0.409009B_trajectory,3.039462605278597,0.006437394721403145
0.409009,3.606,3.0429,1,1,pythia_0.409009B_trajectory,3.0357284323228972,0.007171567677102697
0.409009,3.662,3.0377,1,1,pythia_0.409009B_trajectory,3.032000523617489,0.005699476382511115
0.409009,3.719,3.0289,1,1,pythia_0.409009B_trajectory,3.0282802351288174,0.0006197648711827597
0.409009,3.777,3.0279,1,1,pythia_0.409009B_trajectory,3.024568848135533,0.0033311518644669746
0.409009,3.836,3.0248,1,1,pythia_0.409009B_trajectory,3.0208675716133606,0.0039324283866393195
0.409009,3.896,3.0214,1,1,pythia_0.409009B_trajectory,3.017177544645836,0.004222455354163657
0.409009,3.956,3.0155,1,1,pythia_0.409009B_trajectory,3.0135595428844177,0.001940457115582106
0.409009,4.018,3.0136,1,1,pythia_0.409009B_trajectory,3.0098939884242726,0.0037060115757272527
0.409009,4.08,3.0035,1,1,pythia_0.409009B_trajectory,3.006300120213278,-0.0028001202132781344
0.409009,4.144,3.0029,1,1,pythia_0.409009B_trajectory,3.0026629062225956,0.00023709377740432913
0.409009,4.209,2.9971,2,1,pythia_0.409009B_trajectory,2.9990417182704237,-0.0019417182704235536
0.409009,4.274,2.9981,2,1,pythia_0.409009B_trajectory,2.995491405876794,0.0026085941232061316
0.409009,4.341,2.9954,2,1,pythia_0.409009B_trajectory,2.9919034608690875,0.0034965391309125238
0.409009,4.408,2.9926,2,1,pythia_0.409009B_trajectory,2.98838570084706,0.004214299152939915
0.409009,4.477,2.9893,2,1,pythia_0.409009B_trajectory,2.98483375006076,0.004466249939240274
0.409009,4.547,2.9798,2,1,pythia_0.409009B_trajectory,2.9813012076947802,-0.0015012076947802377
0.409009,4.618,2.976,2,1,pythia_0.409009B_trajectory,2.9777885990967485,-0.0017885990967485554
0.409009,4.69,2.975,2,1,pythia_0.409009B_trajectory,2.974296407158179,0.0007035928418210879
0.409009,4.763,2.9736,2,1,pythia_0.409009B_trajectory,2.9708250743123004,0.0027749256876994366
0.409009,4.837,2.9724,2,1,pythia_0.409009B_trajectory,2.9673750044709735,0.005024995529026466
0.409009,4.912,2.9639,2,1,pythia_0.409009B_trajectory,2.9639465648997323,-4.656489973209332e-05
0.409009,4.989,2.9611,2,1,pythia_0.409009B_trajectory,2.9604957095007185,0.0006042904992815679
0.409009,5.066,2.9592,2,1,pythia_0.409009B_trajectory,2.957112356232042,0.002087643767958003
0.409009,5.145,2.9538,2,1,pythia_0.409009B_trajectory,2.9537088506974287,9.114930257148046e-05
0.409009,5.225,2.953,2,1,pythia_0.409009B_trajectory,2.950329753357012,0.0026702466429879834
0.409009,5.307,2.9426,2,1,pythia_0.409009B_trajectory,2.9469342156613494,-0.004334215661349283
0.409009,5.389,2.9467,2,1,pythia_0.409009B_trajectory,2.9436051719073206,0.003094828092679247
0.409009,5.473,2.9413,2,1,pythia_0.409009B_trajectory,2.940261490985043,0.0010385090149571674
0.409009,5.559,2.9387,2,1,pythia_0.409009B_trajectory,2.9369055668758226,0.0017944331241772637
0.409009,5.645,2.9322,2,1,pythia_0.409009B_trajectory,2.93361544148562,-0.001415441485620228
0.409009,5.733,2.9323,2,1,pythia_0.409009B_trajectory,2.930314552870944,0.0019854471290563502
0.409009,5.823,2.9314,2,1,pythia_0.409009B_trajectory,2.9270050522442568,0.004394947755743228
0.409009,5.913,2.9248,2,1,pythia_0.409009B_trajectory,2.923760380072335,0.00103961992766477
0.409009,6.005,2.9188,2,1,pythia_0.409009B_trajectory,2.9205082902114574,-0.0017082902114573528
0.409009,6.099,2.9181,2,1,pythia_0.409009B_trajectory,2.917250711881783,0.0008492881182169398
0.409009,6.194,2.9143,2,1,pythia_0.409009B_trajectory,2.914023122692023,0.00027687730797687493
0.409009,6.29,2.9112,3,1,pythia_0.409009B_trajectory,2.9108252890847357,0.0003747109152643091
0.409009,6.388,2.9048,3,1,pythia_0.409009B_trajectory,2.9076246292293035,-0.00282462922930371
0.409009,6.488,2.9047,3,1,pythia_0.409009B_trajectory,2.9044227885413516,0.000277211458648452
0.409009,6.589,2.8991,3,1,pythia_0.409009B_trajectory,2.901252410669738,-0.0021524106697383694
0.409009,6.692,2.8969,3,1,pythia_0.409009B_trajectory,2.8980826766433476,-0.001182676643347591
0.409009,6.796,2.8951,3,1,pythia_0.409009B_trajectory,2.894944899144981,0.00015510085501890813
0.409009,6.902,2.8919,3,1,pythia_0.409009B_trajectory,2.891809395574287,9.060442571318106e-05
0.409009,7.009,2.8918,3,1,pythia_0.409009B_trajectory,2.888706205551956,0.0030937944480440294
0.409009,7.118,2.8824,3,1,pythia_0.409009B_trajectory,2.885606740400063,-0.0032067404000630795
0.409009,7.229,2.8845,3,1,pythia_0.409009B_trajectory,2.8825122163358206,0.00198778366417951
0.409009,7.342,2.8812,3,1,pythia_0.409009B_trajectory,2.879423784281932,0.001776215718068297
0.409009,7.456,2.8754,3,1,pythia_0.409009B_trajectory,2.876369062698505,-0.0009690626985050521
0.409009,7.572,2.8759,3,1,pythia_0.409009B_trajectory,2.8733215045360474,0.0025784954639527236
0.409009,7.69,2.8704,3,1,pythia_0.409009B_trajectory,2.8702821052392817,0.00011789476071832894
0.409009,7.81,2.8673,3,1,pythia_0.409009B_trajectory,2.867251803002593,4.819699740732375e-05
0.409009,7.932,2.8656,3,1,pythia_0.409009B_trajectory,2.864231480741758,0.0013685192582419958
0.409009,8.055,2.8628,3,1,pythia_0.409009B_trajectory,2.861246000731649,0.0015539992683510917
0.409009,8.181,2.858,3,1,pythia_0.409009B_trajectory,2.858247603242174,-0.0002476032421738772
0.409009,8.308,2.8523,3,1,pythia_0.409009B_trajectory,2.8552846317605347,-0.0029846317605346506
0.409009,8.438,2.8496,4,1,pythia_0.409009B_trajectory,2.8523111130798244,-0.002711113079824301
0.409009,8.569,2.8498,4,1,pythia_0.409009B_trajectory,2.8493734500943897,0.0004265499056104183
0.409009,8.703,2.8495,4,1,pythia_0.409009B_trajectory,2.8464273914077993,0.0030726085922005986
0.409009,8.838,2.8455,4,1,pythia_0.409009B_trajectory,2.843517478479563,0.001982521520436986
0.409009,8.976,2.8425,4,1,pythia_0.409009B_trajectory,2.8406011178843755,0.0018988821156242786
0.409009,9.116,2.8405,4,1,pythia_0.409009B_trajectory,2.837700551497682,0.002799448502317947
0.409009,9.258,2.8347,4,1,pythia_0.409009B_trajectory,2.834816214574617,-0.00011621457461696849
0.409009,9.402,2.8342,4,1,pythia_0.409009B_trajectory,2.8319485075125908,0.002251492487409301
0.409009,9.548,2.8292,4,1,pythia_0.409009B_trajectory,2.8290977974818663,0.00010220251813386483
0.409009,9.697,2.8264,4,1,pythia_0.409009B_trajectory,2.826245464164428,0.0001545358355721227
0.409009,9.848,2.8285,4,1,pythia_0.409009B_trajectory,2.823411508827657,0.0050884911723430015
0.409009,10.002,2.8191,4,1,pythia_0.409009B_trajectory,2.8205779650612244,-0.0014779650612242179
0.409009,10.157,2.8206,4,1,pythia_0.409009B_trajectory,2.817781852424041,0.00281814757595944
0.409009,10.316,2.8152,4,1,pythia_0.409009B_trajectory,2.8149697627072947,0.00023023729270521542
0.409009,10.476,2.8138,5,1,pythia_0.409009B_trajectory,2.8121954352930936,0.0016045647069065083
0.409009,10.64,2.811,5,1,pythia_0.409009B_trajectory,2.8094074726516207,0.0015925273483792246
0.409009,10.805,2.8085,5,1,pythia_0.409009B_trajectory,2.8066574693576936,0.0018425306423064391
0.409009,10.974,2.808,5,1,pythia_0.409009B_trajectory,2.8038959645113204,0.004104035488679436
0.409009,11.145,2.802,5,1,pythia_0.409009B_trajectory,2.8011566324081403,0.0008433675918597672
0.409009,11.318,2.7969,5,1,pythia_0.409009B_trajectory,2.7984394642768056,-0.0015394642768056244
0.409009,11.495,2.7942,5,1,pythia_0.409009B_trajectory,2.7957139406449834,-0.001513940644983336
0.409009,11.674,2.7915,5,1,pythia_0.409009B_trajectory,2.793011708938238,-0.0015117089382377102
0.409009,11.855,2.7918,5,1,pythia_0.409009B_trajectory,2.790332677922448,0.001467322077551625
0.409009,12.04,2.7887,5,1,pythia_0.409009B_trajectory,2.78764800535433,0.0010519946456697404
0.409009,12.228,2.7826,5,1,pythia_0.409009B_trajectory,2.784973350186644,-0.0023733501866440854
0.409009,12.418,2.7823,5,1,pythia_0.409009B_trajectory,2.782323188849742,-2.3188849741728745e-05
0.409009,12.612,2.78,6,1,pythia_0.409009B_trajectory,2.7796702516309124,0.00032974836908739036
0.409009,12.808,2.7773,6,1,pythia_0.409009B_trajectory,2.7770424825140156,0.00025751748598423774
0.409009,13.008,2.7717,6,1,pythia_0.409009B_trajectory,2.77441361365761,-0.0027136136576100256
0.409009,13.21,2.7727,6,1,pythia_0.409009B_trajectory,2.7718104503588235,0.0008895496411764903
0.409009,13.416,2.7674,6,1,pythia_0.409009B_trajectory,2.769207690806932,-0.0018076908069319941
0.409009,13.625,2.7669,6,1,pythia_0.409009B_trajectory,2.766618784148095,0.0002812158519049923
0.409009,13.837,2.763,6,1,pythia_0.409009B_trajectory,2.764044131065441,-0.0010441310654409897
0.409009,14.053,2.7602,6,1,pythia_0.409009B_trajectory,2.7614723109172363,-0.0012723109172361191
0.409009,14.272,2.759,6,1,pythia_0.409009B_trajectory,2.7589159136060633,8.40863939366443e-05
0.409009,14.494,2.754,6,1,pythia_0.409009B_trajectory,2.7563752348038277,-0.0023752348038277304
0.409009,14.72,2.7505,7,1,pythia_0.409009B_trajectory,2.753839432805016,-0.0033394328050158073
0.409009,14.949,2.7503,7,1,pythia_0.409009B_trajectory,2.7513202948712565,-0.001020294871256322
0.409009,15.182,2.7498,7,1,pythia_0.409009B_trajectory,2.748807346009116,0.000992653990884218
0.409009,15.418,2.7452,7,1,pythia_0.409009B_trajectory,2.7463118641867283,-0.001111864186728262
0.409009,15.659,2.7397,7,1,pythia_0.409009B_trajectory,2.7438134650775954,-0.004113465077595357
0.409009,15.903,2.7426,7,1,pythia_0.409009B_trajectory,2.741333607105503,0.001266392894497148
0.409009,16.15,2.7416,7,1,pythia_0.409009B_trajectory,2.738872370581982,0.0027276294180178517
0.409009,16.402,2.7377,7,1,pythia_0.409009B_trajectory,2.736410470767777,0.001289529232222808
0.409009,16.657,2.7335,7,1,pythia_0.409009B_trajectory,2.733968056371325,-0.00046805637132507627
0.409009,16.917,2.7315,8,1,pythia_0.409009B_trajectory,2.7315265361053958,-2.6536105395713605e-05
0.409009,17.18,2.7311,8,1,pythia_0.409009B_trajectory,2.7291052242990723,0.0019947757009277645
0.409009,17.448,2.7256,8,1,pythia_0.409009B_trajectory,2.7266861996316614,-0.0010861996316613443
0.409009,17.72,2.7288,8,1,pythia_0.409009B_trajectory,2.724279215156889,0.004520784843111247
0.409009,17.996,2.7189,8,1,pythia_0.409009B_trajectory,2.7218846928078158,-0.0029846928078156587
0.409009,18.276,2.7219,8,1,pythia_0.409009B_trajectory,2.719503023123412,0.0023969768765881305
0.409009,18.561,2.7176,8,1,pythia_0.409009B_trajectory,2.7171263091185054,0.0004736908814946261
0.409009,18.85,2.7158,9,1,pythia_0.409009B_trajectory,2.7147634630909847,0.0010365369090155063
0.409009,19.144,2.7102,9,1,pythia_0.409009B_trajectory,2.7124068423903025,-0.0022068423903025547
0.409009,19.442,2.7124,9,1,pythia_0.409009B_trajectory,2.710064962934444,0.002335037065555934
0.409009,19.745,2.7064,9,1,pythia_0.409009B_trajectory,2.707730429623716,-0.0013304296237159896
0.409009,20.052,2.706,9,1,pythia_0.409009B_trajectory,2.7054113804984787,0.0005886195015212259
0.409009,20.365,2.7057,9,1,pythia_0.409009B_trajectory,2.7030933280623497,0.0026066719376505176
0.409009,20.682,2.7,9,1,pythia_0.409009B_trajectory,2.700791670343021,-0.000791670343020634
0.409009,21.004,2.6997,10,1,pythia_0.409009B_trajectory,2.6984994787285803,0.0012005212714196745
0.409009,21.331,2.6968,10,1,pythia_0.409009B_trajectory,2.6962172683456886,0.0005827316543114414
0.409009,21.664,2.6941,10,1,pythia_0.409009B_trajectory,2.693938744794818,0.00016125520518217584
0.409009,22.001,2.6929,10,1,pythia_0.409009B_trajectory,2.6916780388349406,0.0012219611650592377
0.409009,22.344,2.6902,10,1,pythia_0.409009B_trajectory,2.6894221439615182,0.0007778560384816835
0.409009,22.692,2.6889,10,1,pythia_0.409009B_trajectory,2.687178213490936,0.0017217865090639606
0.409009,23.045,2.685,11,1,pythia_0.409009B_trajectory,2.6849465968372224,5.340316277768764e-05
0.409009,23.404,2.6832,11,1,pythia_0.409009B_trajectory,2.6827214786837357,0.0004785213162641355
0.409009,23.769,2.6773,11,1,pythia_0.409009B_trajectory,2.6805035150010683,-0.0032035150010685243
0.409009,24.139,2.6776,11,1,pythia_0.409009B_trajectory,2.678299221299559,-0.0006992212995591274
0.409009,24.515,2.6767,11,1,pythia_0.409009B_trajectory,2.6761030461320154,0.0005969538679844177
0.409009,24.897,2.6722,11,1,pythia_0.409009B_trajectory,2.673915538543645,-0.0017155385436447013
0.409009,25.285,2.6726,12,1,pythia_0.409009B_trajectory,2.6717372124959007,0.0008627875040994049
0.409009,25.679,2.6689,12,1,pythia_0.409009B_trajectory,2.669568548252811,-0.000668548252811263
0.409009,26.079,2.6676,12,1,pythia_0.409009B_trajectory,2.6674099937475226,0.0001900062524775592
0.409009,26.485,2.6642,12,1,pythia_0.409009B_trajectory,2.6652619659256924,-0.0010619659256922986
0.409009,26.898,2.6604,12,1,pythia_0.409009B_trajectory,2.663119715956252,-0.002719715956251978
0.409009,27.317,2.6644,13,1,pythia_0.409009B_trajectory,2.6609889398301836,0.0034110601698165155
0.409009,27.742,2.6562,13,1,pythia_0.409009B_trajectory,2.658869963070378,-0.002669963070377701
0.409009,28.174,2.6555,13,1,pythia_0.409009B_trajectory,2.6567582451241756,-0.0012582451241756054
0.409009,28.613,2.652,13,1,pythia_0.409009B_trajectory,2.6546543450414593,-0.0026543450414591163
0.409009,29.059,2.6539,13,1,pythia_0.409009B_trajectory,2.65255878696816,0.001341213031840205
0.409009,29.512,2.6468,14,1,pythia_0.409009B_trajectory,2.6504720614906647,-0.003672061490664902
0.409009,29.971,2.651,14,1,pythia_0.409009B_trajectory,2.6483990987841426,0.00260090121585721
0.409009,30.438,2.6464,14,1,pythia_0.409009B_trajectory,2.646331295023269,6.870497673094889e-05
0.409009,30.912,2.6463,14,1,pythia_0.409009B_trajectory,2.6442736092156256,0.002026390784374499
0.409009,31.394,2.6396,15,1,pythia_0.409009B_trajectory,2.6422221965361943,-0.00262219653619411
0.409009,31.883,2.6394,15,1,pythia_0.409009B_trajectory,2.6401817784215686,-0.0007817784215684576
0.409009,32.38,2.6359,15,1,pythia_0.409009B_trajectory,2.638148615385554,-0.002248615385553876
0.409009,32.884,2.6353,15,1,pythia_0.409009B_trajectory,2.63612720308924,-0.0008272030892402249
0.409009,33.396,2.6333,15,1,pythia_0.409009B_trajectory,2.6341139058928595,-0.0008139058928593457
0.409009,33.917,2.6357,16,1,pythia_0.409009B_trajectory,2.632105370531587,0.0035946294684130464
0.409009,34.445,2.6287,16,1,pythia_0.409009B_trajectory,2.6301097396303095,-0.0014097396303096588
0.409009,34.982,2.6283,16,1,pythia_0.409009B_trajectory,2.6281198545567093,0.00018014544329059134
0.409009,35.526,2.624,16,1,pythia_0.409009B_trajectory,2.626143501259656,-0.002143501259655789
0.409009,36.08,2.627,17,1,pythia_0.409009B_trajectory,2.6241702324713034,0.0028297675286963475
0.409009,36.642,2.6196,17,1,pythia_0.409009B_trajectory,2.622207701088783,-0.0026077010887828322
0.409009,37.213,2.6188,17,1,pythia_0.409009B_trajectory,2.620252807087117,-0.0014528070871171472
0.409009,37.792,2.6152,18,1,pythia_0.409009B_trajectory,2.6183093396745223,-0.0031093396745220936
0.409009,38.381,2.617,18,1,pythia_0.409009B_trajectory,2.6163710218586713,0.0006289781413286732
0.409009,38.979,2.6122,18,1,pythia_0.409009B_trajectory,2.6144416497791383,-0.0022416497791382106
0.409009,39.586,2.6079,18,1,pythia_0.409009B_trajectory,2.61252160163017,-0.0046216016301703355
0.409009,40.203,2.6121,19,1,pythia_0.409009B_trajectory,2.6106081581135268,0.0014918418864731109
0.409009,40.829,2.6068,19,1,pythia_0.409009B_trajectory,2.608704835979139,-0.0019048359791393743
0.409009,41.465,2.6029,19,1,pythia_0.409009B_trajectory,2.6068089812450874,-0.003908981245087428
0.409009,42.111,2.6054,20,1,pythia_0.409009B_trajectory,2.604921041487243,0.0004789585127569218
0.409009,42.767,2.6011,20,1,pythia_0.409009B_trajectory,2.6030414350109217,-0.0019414350109214773
0.409009,43.433,2.5973,20,1,pythia_0.409009B_trajectory,2.601170552034973,-0.003870552034972885
0.409009,44.11,2.5992,21,1,pythia_0.409009B_trajectory,2.599306028820482,-0.00010602882048171836
0.409009,44.797,2.5964,21,1,pythia_0.409009B_trajectory,2.5974510366661545,-0.0010510366661544701
0.409009,45.495,2.5976,21,1,pythia_0.409009B_trajectory,2.595603263903964,0.0019967360960357894
0.409009,46.204,2.5932,22,1,pythia_0.409009B_trajectory,2.5937631504823844,-0.0005631504823844224
0.409009,46.923,2.594,22,1,pythia_0.409009B_trajectory,2.591933627170435,0.0020663728295646777
0.409009,47.654,2.5901,22,1,pythia_0.409009B_trajectory,2.5901099893286643,-9.989328664250507e-06
0.409009,48.397,2.5878,23,1,pythia_0.409009B_trajectory,2.588292742373566,-0.0004927423735661129
0.409009,49.15,2.5885,23,1,pythia_0.409009B_trajectory,2.586487109311267,0.0020128906887326714
0.409009,49.916,2.5848,23,1,pythia_0.409009B_trajectory,2.5846862720947463,0.00011372790525365772
0.409009,50.694,2.5822,24,1,pythia_0.409009B_trajectory,2.5828930710922355,-0.0006930710922357086
0.409009,51.483,2.5758,24,1,pythia_0.409009B_trajectory,2.5811101348273207,-0.005310134827320567
0.409009,52.285,2.5798,25,1,pythia_0.409009B_trajectory,2.5793333090091406,0.0004666909908594974
0.409009,53.1,2.5793,25,1,pythia_0.409009B_trajectory,2.5775630643493725,0.0017369356506273803
0.409009,53.927,2.5773,25,1,pythia_0.409009B_trajectory,2.575801950717669,0.0014980492823313263
0.409009,54.767,2.5741,26,1,pythia_0.409009B_trajectory,2.5740481899470913,5.181005290877394e-05
0.409009,55.62,2.5734,26,1,pythia_0.409009B_trajectory,2.5723021703779434,0.001097829622056512
0.409009,56.487,2.5726,27,1,pythia_0.409009B_trajectory,2.5705622671944415,0.002037732805558523
0.409009,57.367,2.5649,27,1,pythia_0.409009B_trajectory,2.5688308825698765,-0.003930882569876282
0.409009,58.26,2.5676,27,1,pythia_0.409009B_trajectory,2.567108327475195,0.0004916725248049758
0.409009,59.168,2.5651,28,1,pythia_0.409009B_trajectory,2.565391144815897,-0.000291144815896871
0.409009,60.09,2.5628,28,1,pythia_0.409009B_trajectory,2.5636816566518688,-0.0008816566518685676
0.409009,61.026,2.5615,29,1,pythia_0.409009B_trajectory,2.5619802115831174,-0.00048021158311728485
0.409009,61.976,2.5597,29,1,pythia_0.409009B_trajectory,2.560287133960701,-0.0005871339607010917
0.409009,62.942,2.5555,30,1,pythia_0.409009B_trajectory,2.5585992646836186,-0.003099264683618763
0.409009,63.922,2.5521,30,1,pythia_0.409009B_trajectory,2.556920478294545,-0.0048204782945453495
0.409009,64.918,2.5558,31,1,pythia_0.409009B_trajectory,2.555247702290984,0.000552297709015992
0.409009,65.929,2.552,31,1,pythia_0.409009B_trajectory,2.553582995625379,-0.0015829956253790023
0.409009,66.956,2.5507,32,1,pythia_0.409009B_trajectory,2.551925065430244,-0.0012250654302441433
0.409009,67.999,2.5497,32,1,pythia_0.409009B_trajectory,2.5502742889403507,-0.0005742889403506091
0.409009,69.058,2.5529,33,1,pythia_0.409009B_trajectory,2.5486310183443406,0.004268981655659587
0.409009,70.134,2.5465,33,1,pythia_0.409009B_trajectory,2.546994075440362,-0.0004940754403621739
0.409009,71.227,2.5458,34,1,pythia_0.409009B_trajectory,2.5453638538749956,0.0004361461250041998
0.409009,72.336,2.5413,34,1,pythia_0.409009B_trajectory,2.5437421696397,-0.002442169639699898
0.409009,73.463,2.5402,35,1,pythia_0.409009B_trajectory,2.5421264420975502,-0.0019264420975502183
0.409009,74.608,2.5411,35,1,pythia_0.409009B_trajectory,2.5405170763730855,0.0005829236269145888
0.409009,75.77,2.5378,36,1,pythia_0.409009B_trajectory,2.538915816183695,-0.001115816183695273
0.409009,76.95,2.5355,36,1,pythia_0.409009B_trajectory,2.5373215980145534,-0.001821598014553505
0.409009,78.149,2.5384,37,1,pythia_0.409009B_trajectory,2.5357334424854336,0.00266655751456657
0.409009,79.366,2.5355,37,1,pythia_0.409009B_trajectory,2.5341530217914925,0.0013469782085073767
0.409009,80.603,2.53,38,1,pythia_0.409009B_trajectory,2.5325781004228896,-0.002578100422889751
0.409009,81.858,2.5288,39,1,pythia_0.409009B_trajectory,2.5310115632844377,-0.002211563284437723
0.409009,83.133,2.5311,39,1,pythia_0.409009B_trajectory,2.529451228658066,0.0016487713419337524
0.409009,84.428,2.5275,40,1,pythia_0.409009B_trajectory,2.527897461548283,-0.00039746154828312896
0.409009,85.744,2.5247,41,1,pythia_0.409009B_trajectory,2.526349438260303,-0.0016494382603027269
0.409009,87.079,2.5247,41,1,pythia_0.409009B_trajectory,2.5248098291507426,-0.00010982915074242428
0.409009,88.436,2.5237,42,1,pythia_0.409009B_trajectory,2.5232755031131604,0.00042449688683943165
0.409009,89.813,2.5226,42,1,pythia_0.409009B_trajectory,2.5217490618609437,0.0008509381390564563
0.409009,91.212,2.5235,43,1,pythia_0.409009B_trajectory,2.520228605183509,0.003271394816490858
0.409009,92.633,2.5175,44,1,pythia_0.409009B_trajectory,2.518714492250897,-0.0012144922508969813
0.409009,94.076,2.5184,45,1,pythia_0.409009B_trajectory,2.5172070587509214,0.0011929412490787605
0.409009,95.542,2.5146,45,1,pythia_0.409009B_trajectory,2.515705603722538,-0.0011056037225376514
0.409009,97.03,2.5141,46,1,pythia_0.409009B_trajectory,2.5142114725490066,-0.00011147254900656378
0.409009,98.542,2.513,47,1,pythia_0.409009B_trajectory,2.512722985338565,0.0002770146614348157
0.409009,100.077,2.5103,47,1,pythia_0.409009B_trajectory,2.5112414621470562,-0.0009414621470562601
0.409009,101.636,2.5114,48,1,pythia_0.409009B_trajectory,2.5097662507489913,0.001633749251008787
0.409009,103.219,2.5088,49,1,pythia_0.409009B_trajectory,2.5082976705878517,0.000502329412148228
0.409009,104.827,2.5078,50,1,pythia_0.409009B_trajectory,2.506835118848235,0.0009648811517650735
0.409009,106.46,2.5038,50,1,pythia_0.409009B_trajectory,2.5053789254726233,-0.0015789254726232826
0.409009,108.118,2.5033,51,1,pythia_0.409009B_trajectory,2.5039293984168776,-0.0006293984168777023
0.409009,109.802,2.5004,52,1,pythia_0.409009B_trajectory,2.502485975839289,-0.002085975839289045
0.409009,111.513,2.4986,53,1,pythia_0.409009B_trajectory,2.5010481421722424,-0.002448142172242207
0.409009,113.25,2.5017,54,1,pythia_0.409009B_trajectory,2.4996170572728285,0.0020829427271715772
0.409009,115.014,2.5004,55,1,pythia_0.409009B_trajectory,2.498192195085072,0.002207804914927891
0.409009,116.806,2.4962,55,1,pythia_0.409009B_trajectory,2.496773072621905,-0.0005730726219050908
0.409009,118.625,2.4943,56,1,pythia_0.409009B_trajectory,2.4953607852561452,-0.0010607852561452802
0.409009,120.473,2.4947,57,1,pythia_0.409009B_trajectory,2.49395408539399,0.0007459146060098121
0.409009,122.35,2.4926,58,1,pythia_0.409009B_trajectory,2.4925533025180457,4.669748195418322e-05
0.409009,124.256,2.4916,59,1,pythia_0.409009B_trajectory,2.491158744490667,0.0004412555093331605
0.409009,126.191,2.4876,60,1,pythia_0.409009B_trajectory,2.4897706984314207,-0.0021706984314207034
0.409009,128.157,2.49,61,1,pythia_0.409009B_trajectory,2.4883880388283117,0.0016119611716884918
0.409009,130.154,2.4848,62,1,pythia_0.409009B_trajectory,2.4870110956801823,-0.0022110956801824067
0.409009,132.181,2.4834,63,1,pythia_0.409009B_trajectory,2.4856408468431117,-0.0022408468431116546
0.409009,134.24,2.4842,64,1,pythia_0.409009B_trajectory,2.4842762283886577,-7.622838865772863e-05
0.409009,136.331,2.481,65,1,pythia_0.409009B_trajectory,2.4829175477588166,-0.0019175477588166956
0.409009,138.455,2.4818,66,1,pythia_0.409009B_trajectory,2.4815644611166454,0.00023553888335436923
0.409009,140.612,2.4834,67,1,pythia_0.409009B_trajectory,2.4802172728144947,0.003182727185505385
0.409009,142.802,2.4772,68,1,pythia_0.409009B_trajectory,2.478876266895926,-0.0016762668959260374
0.409009,145.027,2.4755,69,1,pythia_0.409009B_trajectory,2.47754051906019,-0.0020405190601899825
0.409009,147.286,2.4765,70,1,pythia_0.409009B_trajectory,2.476210927846668,0.0002890721533321816
0.409009,149.58,2.4753,71,1,pythia_0.409009B_trajectory,2.4748871827429384,0.00041281725706143746
0.409009,151.91,2.4763,72,1,pythia_0.409009B_trajectory,2.4735689995414516,0.0027310004585485714
0.409009,154.277,2.4712,73,1,pythia_0.409009B_trajectory,2.4722561189126253,-0.001056118912625248
0.409009,156.68,2.4707,74,1,pythia_0.409009B_trajectory,2.4709493819316086,-0.00024938193160872757
0.409009,159.121,2.4713,76,1,pythia_0.409009B_trajectory,2.4696479837948333,0.0016520162051665288
0.409009,161.6,2.4694,77,1,pythia_0.409009B_trajectory,2.468352219605411,0.0010477803945887487
0.409009,164.117,2.4673,78,1,pythia_0.409009B_trajectory,2.467062364840938,0.00023763515906161103
0.409009,166.674,2.4659,79,1,pythia_0.409009B_trajectory,2.4657776811990813,0.00012231880091873037
0.409009,169.27,2.4616,80,1,pythia_0.409009B_trajectory,2.464498953483911,-0.0028989534839110043
0.409009,171.907,2.4626,82,1,pythia_0.409009B_trajectory,2.4632254741514554,-0.0006254741514553075
0.409009,174.585,2.4623,83,1,pythia_0.409009B_trajectory,2.461957530539002,0.0003424694609979184
0.409009,177.304,2.4597,84,1,pythia_0.409009B_trajectory,2.460695390837367,-0.000995390837366994
0.409009,180.066,2.455,86,1,pythia_0.409009B_trajectory,2.459438403623053,-0.004438403623053144
0.409009,182.871,2.4591,87,1,pythia_0.409009B_trajectory,2.458186854072376,0.0009131459276239262
0.409009,185.72,2.4541,88,1,pythia_0.409009B_trajectory,2.456940575260578,-0.0028405752605782375
0.409009,188.613,2.4578,90,1,pythia_0.409009B_trajectory,2.4556998406733817,0.002100159326618556
0.409009,191.551,2.4531,91,1,pythia_0.409009B_trajectory,2.454464489019862,-0.0013644890198620807
0.409009,194.535,2.4524,93,1,pythia_0.409009B_trajectory,2.453234373947954,-0.000834373947954159
0.409009,197.566,2.4522,94,1,pythia_0.409009B_trajectory,2.452009363175904,0.00019063682409603544
0.409009,200.643,2.4532,96,1,pythia_0.409009B_trajectory,2.450790122353675,0.0024098776463246097
0.409009,203.769,2.4514,97,1,pythia_0.409009B_trajectory,2.4495757294455562,0.0018242705544437854
0.409009,206.943,2.4487,99,1,pythia_0.409009B_trajectory,2.4483668446926927,0.00033315530730737564
0.409009,210.167,2.4473,100,1,pythia_0.409009B_trajectory,2.447162970957721,0.00013702904227885782
0.409009,213.441,2.4489,102,1,pythia_0.409009B_trajectory,2.4459643770467947,0.0029356229532053746
0.409009,216.766,2.4452,103,1,pythia_0.409009B_trajectory,2.4447709583815005,0.0004290416184993262
0.409009,220.142,2.4425,105,1,pythia_0.409009B_trajectory,2.4435829694064,-0.0010829694064002915
0.409009,223.572,2.4384,106,1,pythia_0.409009B_trajectory,2.4423996223814655,-0.00399962238146534
0.409009,227.054,2.4395,108,1,pythia_0.409009B_trajectory,2.441221867788287,-0.0017218677882873124
0.409009,230.591,2.4397,110,1,pythia_0.409009B_trajectory,2.440048943528952,-0.0003489435289516507
0.409009,234.183,2.4373,112,1,pythia_0.409009B_trajectory,2.438881114417311,-0.0015811144173110137
0.409009,237.831,2.4382,113,1,pythia_0.409009B_trajectory,2.4377183120109573,0.0004816879890428005
0.409009,241.536,2.435,115,1,pythia_0.409009B_trajectory,2.436560475676269,-0.0015604756762690464
0.409009,245.299,2.4355,117,1,pythia_0.409009B_trajectory,2.435407552072177,9.244792782325817e-05
0.409009,249.12,2.433,119,1,pythia_0.409009B_trajectory,2.434259792085703,-0.0012597920857033706
0.409009,253.001,2.4321,121,1,pythia_0.409009B_trajectory,2.4331168464255812,-0.001016846425581086
0.409009,256.942,2.4326,122,1,pythia_0.409009B_trajectory,2.431978966997524,0.000621033002476068
0.409009,260.944,2.432,124,1,pythia_0.409009B_trajectory,2.4308461084669464,0.0011538915330535637
0.409009,265.009,2.4305,126,1,pythia_0.409009B_trajectory,2.429717956403941,0.0007820435960588235
0.409009,269.138,2.4274,128,1,pythia_0.409009B_trajectory,2.428594492624611,-0.001194492624610799
0.409009,273.33,2.4271,130,1,pythia_0.409009B_trajectory,2.427476231498167,-0.0003762314981670123
0.409009,277.588,2.426,132,1,pythia_0.409009B_trajectory,2.4263626140780326,-0.0003626140780323972
0.409009,281.912,2.4277,134,1,pythia_0.409009B_trajectory,2.4252538884902486,0.002446111509751603
0.409009,286.304,2.4285,136,1,pythia_0.409009B_trajectory,2.4241497884065253,0.0043502115934748176
0.409009,290.764,2.4226,139,1,pythia_0.409009B_trajectory,2.4230505586464046,-0.0004505586464045308
0.409009,295.293,2.4196,141,1,pythia_0.409009B_trajectory,2.421956188336093,-0.00235618833609319
0.409009,299.893,2.4219,143,1,pythia_0.409009B_trajectory,2.420866435014444,0.001033564985555735
1.040867,0.134,4.2162,0,1,pythia_1.040867B_trajectory,4.215823899506519,0.000376100493480358
1.040867,0.136,4.2056,0,1,pythia_1.040867B_trajectory,4.206816606215703,-0.0012166062157037416
1.040867,0.138,4.1963,0,1,pythia_1.040867B_trajectory,4.197977269889305,-0.0016772698893054994
1.040867,0.14,4.1888,0,1,pythia_1.040867B_trajectory,4.189300391716581,-0.0005003917165815608
1.040867,0.143,4.182,0,1,pythia_1.040867B_trajectory,4.176578279416608,0.005421720583392187
1.040867,0.145,4.1702,0,1,pythia_1.040867B_trajectory,4.168285127656433,0.0019148723435673531
1.040867,0.147,4.1651,0,1,pythia_1.040867B_trajectory,4.160137101518561,0.0049628984814384935
1.040867,0.149,4.1566,0,1,pythia_1.040867B_trajectory,4.152129738085253,0.004470261914747198
1.040867,0.152,4.1492,0,1,pythia_1.040867B_trajectory,4.140373149594226,0.008826850405774245
1.040867,0.154,4.1344,0,1,pythia_1.040867B_trajectory,4.132699169375359,0.0017008306246415472
1.040867,0.156,4.1309,0,1,pythia_1.040867B_trajectory,4.125151695790054,0.005748304209945765
1.040867,0.159,4.1223,0,1,pythia_1.040867B_trajectory,4.114059703754737,0.00824029624526279
1.040867,0.161,4.1133,0,1,pythia_1.040867B_trajectory,4.106812778737554,0.006487221262445608
1.040867,0.164,4.1062,0,1,pythia_1.040867B_trajectory,4.096155731782438,0.010044268217562546
1.040867,0.166,4.095,0,1,pythia_1.040867B_trajectory,4.089188679607587,0.005811320392412611
1.040867,0.169,4.0875,0,1,pythia_1.040867B_trajectory,4.078937099655067,0.008562900344933233
1.040867,0.172,4.0784,0,1,pythia_1.040867B_trajectory,4.068915826112626,0.009484173887374325
1.040867,0.174,4.0652,0,1,pythia_1.040867B_trajectory,4.062358431037273,0.0028415689627268037
1.040867,0.177,4.0609,0,1,pythia_1.040867B_trajectory,4.052701123708813,0.008198876291187318
1.040867,0.18,4.0524,0,1,pythia_1.040867B_trajectory,4.043251070714319,0.009148929285680119
1.040867,0.183,4.0459,0,1,pythia_1.040867B_trajectory,4.034000479500545,0.011899520499454752
1.040867,0.185,4.0366,0,1,pythia_1.040867B_trajectory,4.0279405712005225,0.008659428799477453
1.040867,0.188,4.0216,0,1,pythia_1.040867B_trajectory,4.019006212874741,0.0025937871252592615
1.040867,0.191,4.0183,0,1,pythia_1.040867B_trajectory,4.01025248758755,0.00804751241244972
1.040867,0.194,4.0098,0,1,pythia_1.040867B_trajectory,4.001672991006545,0.008127008993454865
1.040867,0.197,4.0032,0,1,pythia_1.040867B_trajectory,3.9932616404622463,0.00993835953775335
1.040867,0.2,3.9915,0,1,pythia_1.040867B_trajectory,3.985012654184257,0.006487345815742618
1.040867,0.203,3.9853,0,1,pythia_1.040867B_trajectory,3.9769205321663845,0.00837946783361554
1.040867,0.207,3.9728,0,1,pythia_1.040867B_trajectory,3.9663660335010844,0.006433966498915478
1.040867,0.21,3.9675,0,1,pythia_1.040867B_trajectory,3.9586199923637895,0.00888000763621033
1.040867,0.213,3.9583,0,1,pythia_1.040867B_trajectory,3.951014300242079,0.007285699757920927
1.040867,0.216,3.9482,0,1,pythia_1.040867B_trajectory,3.943544490482014,0.004655509517986101
1.040867,0.22,3.9414,0,1,pythia_1.040867B_trajectory,3.9337887727314564,0.007611227268543352
1.040867,0.223,3.9321,0,1,pythia_1.040867B_trajectory,3.9266197626027974,0.005480237397202714
1.040867,0.227,3.9213,0,1,pythia_1.040867B_trajectory,3.9172508210449104,0.004049178955089605
1.040867,0.23,3.917,0,1,pythia_1.040867B_trajectory,3.9103616920002686,0.006638307999731197
1.040867,0.234,3.9062,0,1,pythia_1.040867B_trajectory,3.9013530320977403,0.004846967902259802
1.040867,0.237,3.8976,0,1,pythia_1.040867B_trajectory,3.8947248964480847,0.0028751035519154478
1.040867,0.241,3.8905,0,1,pythia_1.040867B_trajectory,3.886052558465411,0.004447441534588759
1.040867,0.245,3.8805,0,1,pythia_1.040867B_trajectory,3.877562515469411,0.002937484530589174
1.040867,0.249,3.8758,0,1,pythia_1.040867B_trajectory,3.86924805180122,0.006551948198779911
1.040867,0.253,3.8628,0,1,pythia_1.040867B_trajectory,3.8611028020646336,0.001697197935366379
1.040867,0.256,3.856,0,1,pythia_1.040867B_trajectory,3.8551012671416434,0.0008987328583565102
1.040867,0.26,3.8437,0,1,pythia_1.040867B_trajectory,3.8472377957892476,-0.003537795789247511
1.040867,0.265,3.8395,0,1,pythia_1.040867B_trajectory,3.837623456833861,0.0018765431661389442
1.040867,0.269,3.8309,0,1,pythia_1.040867B_trajectory,3.8300976316715682,0.000802368328431946
1.040867,0.273,3.8254,0,1,pythia_1.040867B_trajectory,3.822713689257479,0.0026863107425212363
1.040867,0.277,3.8191,0,1,pythia_1.040867B_trajectory,3.815466933859346,0.003633066140654062
1.040867,0.281,3.8063,0,1,pythia_1.040867B_trajectory,3.8083528901235493,-0.002052890123549478
1.040867,0.286,3.8,0,1,pythia_1.040867B_trajectory,3.7996404774791657,0.0003595225208341546
1.040867,0.29,3.7943,0,1,pythia_1.040867B_trajectory,3.792809724661327,0.0014902753386727419
1.040867,0.295,3.7877,0,1,pythia_1.040867B_trajectory,3.7844389445745295,0.003261055425470616
1.040867,0.299,3.7767,0,1,pythia_1.040867B_trajectory,3.777871993970827,-0.0011719939708272342
1.040867,0.304,3.7733,0,1,pythia_1.040867B_trajectory,3.769819692847917,0.0034803071520830287
1.040867,0.309,3.7697,0,1,pythia_1.040867B_trajectory,3.7619351380484316,0.007764861951568225
1.040867,0.314,3.7573,0,1,pythia_1.040867B_trajectory,3.7542122043184922,0.0030877956815076324
1.040867,0.318,3.7524,0,1,pythia_1.040867B_trajectory,3.7481463110609985,0.004253688939001687
1.040867,0.323,3.7457,0,1,pythia_1.040867B_trajectory,3.7406998570474927,0.005000142952507058
1.040867,0.328,3.74,0,1,pythia_1.040867B_trajectory,3.733399492175135,0.006600507824865431
1.040867,0.334,3.7317,0,1,pythia_1.040867B_trajectory,3.7248248294658772,0.0068751705341227876
1.040867,0.339,3.7226,0,1,pythia_1.040867B_trajectory,3.717828505042426,0.004771494957573896
1.040867,0.344,3.7145,0,1,pythia_1.040867B_trajectory,3.7109630207596167,0.003536979240383431
1.040867,0.349,3.712,0,1,pythia_1.040867B_trajectory,3.7042240806506763,0.007775919349323868
1.040867,0.355,3.7022,0,1,pythia_1.040867B_trajectory,3.696298637135353,0.005901362864646931
1.040867,0.36,3.6941,0,1,pythia_1.040867B_trajectory,3.689823940549126,0.004276059450873948
1.040867,0.366,3.6901,0,1,pythia_1.040867B_trajectory,3.682204581368506,0.007895418631494344
1.040867,0.372,3.6786,0,1,pythia_1.040867B_trajectory,3.6747434343704812,0.003856565629518638
1.040867,0.377,3.6744,0,1,pythia_1.040867B_trajectory,3.668642504741989,0.005757495258011058
1.040867,0.383,3.6672,0,1,pythia_1.040867B_trajectory,3.661456671608531,0.00574332839146896
1.040867,0.389,3.6657,0,1,pythia_1.040867B_trajectory,3.654413491085779,0.011286508914221116
1.040867,0.395,3.655,0,1,pythia_1.040867B_trajectory,3.647507995567188,0.0074920044328119495
1.040867,0.402,3.648,0,1,pythia_1.040867B_trajectory,3.639619315284276,0.008380684715723952
1.040867,0.408,3.6392,0,1,pythia_1.040867B_trajectory,3.632996241998027,0.00620375800197337
1.040867,0.414,3.6325,0,1,pythia_1.040867B_trajectory,3.626496667664055,0.006003332335944744
1.040867,0.421,3.6275,0,1,pythia_1.040867B_trajectory,3.6190645362747413,0.008435463725258607
1.040867,0.427,3.6191,0,1,pythia_1.040867B_trajectory,3.6128189221383673,0.006281077861632678
1.040867,0.434,3.6093,0,1,pythia_1.040867B_trajectory,3.605672826848254,0.0036271731517460992
1.040867,0.441,3.6023,0,1,pythia_1.040867B_trajectory,3.5986727476259457,0.0036272523740543683
1.040867,0.447,3.5942,0,1,pythia_1.040867B_trajectory,3.5927849239328378,0.0014150760671620688
1.040867,0.454,3.5935,0,1,pythia_1.040867B_trajectory,3.5860423403364354,0.0074576596635647086
1.040867,0.461,3.5826,0,1,pythia_1.040867B_trajectory,3.579431517547607,0.0031684824523927624
1.040867,0.469,3.5762,0,1,pythia_1.040867B_trajectory,3.5720318461735974,0.004168153826402676
1.040867,0.476,3.5693,0,1,pythia_1.040867B_trajectory,3.565688436396324,0.0036115636036759824
1.040867,0.483,3.5592,0,1,pythia_1.040867B_trajectory,3.5594633107490163,-0.000263310749016199
1.040867,0.491,3.5561,0,1,pythia_1.040867B_trajectory,3.552488759767494,0.003611240232505697
1.040867,0.499,3.5453,0,1,pythia_1.040867B_trajectory,3.545658156050367,-0.00035815605036670917
1.040867,0.506,3.5441,0,1,pythia_1.040867B_trajectory,3.5397953584944597,0.004304641505540108
1.040867,0.514,3.5351,0,1,pythia_1.040867B_trajectory,3.5332208282310127,0.00187917176898722
1.040867,0.522,3.5286,0,1,pythia_1.040867B_trajectory,3.526775976917932,0.0018240230820678605
1.040867,0.53,3.5199,0,1,pythia_1.040867B_trajectory,3.5204563172910563,-0.0005563172910565406
1.040867,0.539,3.5147,0,1,pythia_1.040867B_trajectory,3.5134910383168276,0.001208961683172305
1.040867,0.547,3.5072,0,1,pythia_1.040867B_trajectory,3.507423498707752,-0.00022349870775206782
1.040867,0.556,3.5005,0,1,pythia_1.040867B_trajectory,3.5007318350970635,-0.0002318350970633709
1.040867,0.564,3.4964,0,1,pythia_1.040867B_trajectory,3.4948990402243423,0.0015009597756576731
1.040867,0.573,3.4882,0,1,pythia_1.040867B_trajectory,3.4884624157875788,-0.0002624157875787958
1.040867,0.582,3.4898,0,1,pythia_1.040867B_trajectory,3.482153901922147,0.00764609807785277
1.040867,0.591,3.4793,0,1,pythia_1.040867B_trajectory,3.4759690260340674,0.0033309739659324045
1.040867,0.6,3.4726,0,1,pythia_1.040867B_trajectory,3.4699035367808095,0.0026964632191903704
1.040867,0.61,3.4682,0,1,pythia_1.040867B_trajectory,3.463299213449881,0.004900786550118941
1.040867,0.619,3.4611,0,1,pythia_1.040867B_trajectory,3.457472717612524,0.003627282387475894
1.040867,0.629,3.4535,0,1,pythia_1.040867B_trajectory,3.451124676465298,0.002375323534701934
1.040867,0.638,3.4507,0,1,pythia_1.040867B_trajectory,3.445520900613331,0.005179099386668717
1.040867,0.648,3.4424,0,1,pythia_1.040867B_trajectory,3.439411947534327,0.002988052465672908
1.040867,0.659,3.4421,0,1,pythia_1.040867B_trajectory,3.4328299422785467,0.009270057721453284
1.040867,0.669,3.4322,0,1,pythia_1.040867B_trajectory,3.4269671753397573,0.005232824660242663
1.040867,0.679,3.4242,0,1,pythia_1.040867B_trajectory,3.4212155106851263,0.0029844893148736062
1.040867,0.69,3.4155,0,1,pythia_1.040867B_trajectory,3.4150125970200573,0.00048740297994287474
1.040867,0.701,3.4134,0,1,pythia_1.040867B_trajectory,3.4089349726482516,0.004465027351748585
1.040867,0.711,3.4086,0,1,pythia_1.040867B_trajectory,3.403514842971145,0.005085157028855036
1.040867,0.723,3.4029,0,1,pythia_1.040867B_trajectory,3.397138062714535,0.005761937285464924
1.040867,0.734,3.3981,0,1,pythia_1.040867B_trajectory,3.3914105549870808,0.006689445012919126
1.040867,0.745,3.3906,0,1,pythia_1.040867B_trajectory,3.3857918646234717,0.004808135376528355
1.040867,0.757,3.3842,0,1,pythia_1.040867B_trajectory,3.379782230402605,0.004417769597394816
1.040867,0.769,3.379,0,1,pythia_1.040867B_trajectory,3.3738933032280265,0.005106696771973507
1.040867,0.781,3.3755,0,1,pythia_1.040867B_trajectory,3.3681208309930994,0.007379169006900721
1.040867,0.793,3.3679,0,1,pythia_1.040867B_trajectory,3.362460773802667,0.00543922619733328
1.040867,0.805,3.3626,0,1,pythia_1.040867B_trajectory,3.356909290360031,0.005690709639968983
1.040867,0.818,3.3551,0,1,pythia_1.040867B_trajectory,3.3510134705926395,0.004086529407360651
1.040867,0.83,3.3524,0,1,pythia_1.040867B_trajectory,3.3456766445851467,0.006723355414853138
1.040867,0.843,3.346,0,1,pythia_1.040867B_trajectory,3.340005405751965,0.005994594248035057
1.040867,0.856,3.3383,0,1,pythia_1.040867B_trajectory,3.334445010544103,0.0038549894558967956
1.040867,0.87,3.3328,0,1,pythia_1.040867B_trajectory,3.3285764980176555,0.0042235019823446684
1.040867,0.883,3.3282,0,1,pythia_1.040867B_trajectory,3.323234382575013,0.004965617424987023
1.040867,0.897,3.3218,0,1,pythia_1.040867B_trajectory,3.3175927671787457,0.0042072328212543475
1.040867,0.911,3.3174,0,1,pythia_1.040867B_trajectory,3.3120627365982376,0.005337263401762549
1.040867,0.925,3.3093,0,1,pythia_1.040867B_trajectory,3.3066404191846406,0.0026595808153593303
1.040867,0.94,3.3061,0,1,pythia_1.040867B_trajectory,3.3009461433207044,0.005153856679295465
1.040867,0.954,3.3019,0,1,pythia_1.040867B_trajectory,3.2957354377858694,0.00616456221413042
1.040867,0.969,3.294,0,1,pythia_1.040867B_trajectory,3.290260051444845,0.003739948555155248
1.040867,0.984,3.2894,0,1,pythia_1.040867B_trajectory,3.2848920846200835,0.004507915379916572
1.040867,1.0,3.2817,0,1,pythia_1.040867B_trajectory,3.2792804910463884,0.0024195089536114267
1.040867,1.015,3.2764,0,1,pythia_1.040867B_trajectory,3.2741230109662096,0.0022769890337905885
1.040867,1.031,3.2695,0,1,pythia_1.040867B_trajectory,3.2687281385700713,0.0007718614299285775
1.040867,1.047,3.2661,0,1,pythia_1.040867B_trajectory,3.2634393704201363,0.0026606295798634605
1.040867,1.063,3.2614,0,1,pythia_1.040867B_trajectory,3.2582530454238947,0.0031469545761053652
1.040867,1.08,3.2555,0,1,pythia_1.040867B_trajectory,3.252850930569723,0.0026490694302769846
1.040867,1.097,3.251,0,1,pythia_1.040867B_trajectory,3.247556566047182,0.003443433952817987
1.040867,1.114,3.2408,0,1,pythia_1.040867B_trajectory,3.242366182155084,-0.0015661821550838617
1.040867,1.131,3.2377,0,1,pythia_1.040867B_trajectory,3.237276196059668,0.00042380394033170177
1.040867,1.149,3.2334,0,1,pythia_1.040867B_trajectory,3.231992444556408,0.0014075554435919457
1.040867,1.167,3.2294,0,1,pythia_1.040867B_trajectory,3.226813585684561,0.002586414315439267
1.040867,1.185,3.2238,0,1,pythia_1.040867B_trajectory,3.221735966757227,0.0020640332427732666
1.040867,1.203,3.2169,0,1,pythia_1.040867B_trajectory,3.216756115326477,0.00014388467352288714
1.040867,1.222,3.215,0,1,pythia_1.040867B_trajectory,3.2116020231888935,0.003397976811106318
1.040867,1.241,3.2059,0,1,pythia_1.040867B_trajectory,3.2065494896769238,-0.0006494896769235758
1.040867,1.26,3.2049,0,1,pythia_1.040867B_trajectory,3.2015950040761014,0.003304995923898435
1.040867,1.28,3.1997,0,1,pythia_1.040867B_trajectory,3.1964820125532483,0.0032179874467517244
1.040867,1.3,3.1969,0,1,pythia_1.040867B_trajectory,3.1914702620171758,0.00542973798282409
1.040867,1.32,3.1913,0,1,pythia_1.040867B_trajectory,3.1865562358951,0.004743764104900183
1.040867,1.341,3.1843,0,1,pythia_1.040867B_trajectory,3.1814980282132983,0.002801971786701607
1.040867,1.362,3.1814,0,1,pythia_1.040867B_trajectory,3.1765401986127935,0.0048598013872065415
1.040867,1.383,3.1759,0,1,pythia_1.040867B_trajectory,3.1716792528881257,0.004220747111874257
1.040867,1.404,3.1725,0,1,pythia_1.040867B_trajectory,3.1669118691909204,0.0055881308090794946
1.040867,1.426,3.1707,0,1,pythia_1.040867B_trajectory,3.162014376763854,0.008685623236146078
1.040867,1.449,3.1605,0,1,pythia_1.040867B_trajectory,3.1569966070863176,0.0035033929136822906
1.040867,1.471,3.1588,0,1,pythia_1.040867B_trajectory,3.152291480921504,0.006508519078495922
1.040867,1.494,3.1514,0,1,pythia_1.040867B_trajectory,3.147467824021817,0.003932175978183405
1.040867,1.517,3.1501,0,1,pythia_1.040867B_trajectory,3.142738286233593,0.007361713766407263
1.040867,1.541,3.1426,0,1,pythia_1.040867B_trajectory,3.13789997928476,0.004700020715239894
1.040867,1.565,3.139,0,1,pythia_1.040867B_trajectory,3.1331571665698403,0.005842833430159455
1.040867,1.589,3.1296,0,1,pythia_1.040867B_trajectory,3.1285065416229556,0.0010934583770443318
1.040867,1.614,3.1268,0,1,pythia_1.040867B_trajectory,3.123756781985363,0.003043218014636917
1.040867,1.639,3.1204,0,1,pythia_1.040867B_trajectory,3.1191002632422173,0.0012997367577827212
1.040867,1.665,3.1203,0,1,pythia_1.040867B_trajectory,3.1143529434359754,0.0059470565640245
1.040867,1.691,3.1163,0,1,pythia_1.040867B_trajectory,3.1096995681461714,0.006600431853828415
1.040867,1.717,3.1121,0,1,pythia_1.040867B_trajectory,3.105136876151631,0.006963123848368724
1.040867,1.744,3.1092,0,1,pythia_1.040867B_trajectory,3.100491355612844,0.008708644387156017
1.040867,1.771,3.099,0,1,pythia_1.040867B_trajectory,3.0959369841194926,0.0030630158805076135
1.040867,1.799,3.0924,0,1,pythia_1.040867B_trajectory,3.0913068540451616,0.0010931459548384481
1.040867,1.827,3.0908,0,1,pythia_1.040867B_trajectory,3.0867680507096296,0.004031949290370651
1.040867,1.855,3.085,0,1,pythia_1.040867B_trajectory,3.0823174139454155,0.0026825860545844904
1.040867,1.884,3.0815,0,1,pythia_1.040867B_trajectory,3.077797567449111,0.003702432550888979
1.040867,1.913,3.077,0,1,pythia_1.040867B_trajectory,3.073365900027715,0.003634099972285032
1.040867,1.943,3.0702,0,1,pythia_1.040867B_trajectory,3.068870997435141,0.0013290025648586834
1.040867,1.973,3.0662,0,1,pythia_1.040867B_trajectory,3.064464053900915,0.0017359460990848952
1.040867,2.004,3.0631,0,1,pythia_1.040867B_trajectory,3.059999411563074,0.003100588436925733
1.040867,2.035,3.0558,0,1,pythia_1.040867B_trajectory,3.0556222987455604,0.00017770125443972162
1.040867,2.067,3.0526,0,1,pythia_1.040867B_trajectory,3.051192608453634,0.0014073915463659326
1.040867,2.099,3.0434,1,1,pythia_1.040867B_trajectory,3.046849830892824,-0.003449830892823691
1.040867,2.132,3.041,1,1,pythia_1.040867B_trajectory,3.0424592057947386,-0.0014592057947386827
1.040867,2.165,3.0422,1,1,pythia_1.040867B_trajectory,3.038154710694074,0.004045289305925959
1.040867,2.199,3.0392,1,1,pythia_1.040867B_trajectory,3.0338067303168668,0.0053932696831333615
1.040867,2.233,3.0301,1,1,pythia_1.040867B_trajectory,3.029543951433406,0.0005560485665938586
1.040867,2.268,3.0252,1,1,pythia_1.040867B_trajectory,3.0252417053047305,-4.17053047305771e-05
1.040867,2.303,3.0238,1,1,pythia_1.040867B_trajectory,3.021023605326117,0.0027763946738832423
1.040867,2.339,3.0214,1,1,pythia_1.040867B_trajectory,3.0167697348178835,0.0046302651821164
1.040867,2.375,3.0133,1,1,pythia_1.040867B_trajectory,3.012598845895837,0.0007011541041630487
1.040867,2.412,3.0086,1,1,pythia_1.040867B_trajectory,3.008395584022857,0.0002044159771430465
1.040867,2.45,3.0065,1,1,pythia_1.040867B_trajectory,3.0041637610872165,0.0023362389127834504
1.040867,2.488,3.0029,1,1,pythia_1.040867B_trajectory,3.000015121740013,0.002884878259986845
1.040867,2.527,2.9992,1,1,pythia_1.040867B_trajectory,2.9958407955603175,0.003359204439682628
1.040867,2.566,2.9976,1,1,pythia_1.040867B_trajectory,2.9917481199874367,0.005851880012563093
1.040867,2.606,2.9933,1,1,pythia_1.040867B_trajectory,2.987632387050704,0.005667612949296075
1.040867,2.647,2.9875,1,1,pythia_1.040867B_trajectory,2.9834968344377244,0.004003165562275424
1.040867,2.688,2.9811,1,1,pythia_1.040867B_trajectory,2.9794424642179367,0.0016575357820634018
1.040867,2.73,2.9838,1,1,pythia_1.040867B_trajectory,2.9753704617891983,0.008429538210801724
1.040867,2.773,2.977,1,1,pythia_1.040867B_trajectory,2.9712837427533083,0.0057162572466915584
1.040867,2.816,2.9742,1,1,pythia_1.040867B_trajectory,2.967277336927273,0.006922663072727264
1.040867,2.86,2.9689,1,1,pythia_1.040867B_trajectory,2.963258007642367,0.005641992357633185
1.040867,2.904,2.96,1,1,pythia_1.040867B_trajectory,2.9593170514919978,0.0006829485080022124
1.040867,2.949,2.9566,1,1,pythia_1.040867B_trajectory,2.955364799595927,0.001235200404072767
1.040867,2.995,2.9565,1,1,pythia_1.040867B_trajectory,2.9514037108155504,0.005096289184449709
1.040867,3.042,2.951,1,1,pythia_1.040867B_trajectory,2.947436133930097,0.00356386606990311
1.040867,3.089,2.9455,1,1,pythia_1.040867B_trajectory,2.9435462484559367,0.001953751544063298
1.040867,3.138,2.9451,1,1,pythia_1.040867B_trajectory,2.939570675962789,0.005529324037210959
1.040867,3.186,2.9431,1,1,pythia_1.040867B_trajectory,2.935752533553245,0.007347466446754769
1.040867,3.236,2.9324,1,1,pythia_1.040867B_trajectory,2.93185280884128,0.0005471911587200395
1.040867,3.286,2.9288,1,1,pythia_1.040867B_trajectory,2.9280294508656572,0.0007705491343426019
1.040867,3.338,2.9308,1,1,pythia_1.040867B_trajectory,2.924131349366964,0.006668650633036233
1.040867,3.39,2.9222,1,1,pythia_1.040867B_trajectory,2.9203102041756117,0.0018897958243884183
1.040867,3.442,2.9197,1,1,pythia_1.040867B_trajectory,2.9165633500484587,0.0031366499515415036
1.040867,3.496,2.9132,1,1,pythia_1.040867B_trajectory,2.9127483025434016,0.00045169745659823235
1.040867,3.551,2.9153,1,1,pythia_1.040867B_trajectory,2.9089393617540753,0.006360638245924477
1.040867,3.606,2.9089,1,1,pythia_1.040867B_trajectory,2.9052051887983756,0.003694811201624404
1.040867,3.662,2.9013,1,1,pythia_1.040867B_trajectory,2.9014772800929673,-0.00017728009296735792
1.040867,3.719,2.8964,1,1,pythia_1.040867B_trajectory,2.897756991604296,-0.0013569916042959207
1.040867,3.777,2.8953,1,1,pythia_1.040867B_trajectory,2.8940456046110112,0.0012543953889889714
1.040867,3.836,2.8916,1,1,pythia_1.040867B_trajectory,2.890344328088839,0.0012556719111609382
1.040867,3.896,2.8865,1,1,pythia_1.040867B_trajectory,2.8866543011213146,-0.00015430112131475937
1.040867,3.956,2.8806,1,1,pythia_1.040867B_trajectory,2.883036299359896,-0.00243629935989631
1.040867,4.018,2.882,1,1,pythia_1.040867B_trajectory,2.879370744899751,0.0026292551002491393
1.040867,4.08,2.8771,1,1,pythia_1.040867B_trajectory,2.8757768766887564,0.0013231233112436236
1.040867,4.144,2.8739,1,1,pythia_1.040867B_trajectory,2.872139662698074,0.0017603373019259294
1.040867,4.209,2.8687,2,1,pythia_1.040867B_trajectory,2.868518474745902,0.0001815252540979806
1.040867,4.274,2.8642,2,1,pythia_1.040867B_trajectory,2.8649681623522723,-0.0007681623522723946
1.040867,4.341,2.8685,2,1,pythia_1.040867B_trajectory,2.861380217344566,0.007119782655434115
1.040867,4.408,2.8561,2,1,pythia_1.040867B_trajectory,2.8578624573225384,-0.0017624573225383244
1.040867,4.477,2.8584,2,1,pythia_1.040867B_trajectory,2.854310506536238,0.004089493463761862
1.040867,4.547,2.8509,2,1,pythia_1.040867B_trajectory,2.8507779641702586,0.00012203582974157356
1.040867,4.618,2.8482,2,1,pythia_1.040867B_trajectory,2.847265355572227,0.0009346444277729127
1.040867,4.69,2.8455,2,1,pythia_1.040867B_trajectory,2.8437731636336574,0.0017268363663425212
1.040867,4.763,2.8397,2,1,pythia_1.040867B_trajectory,2.8403018307877788,-0.0006018307877786455
1.040867,4.837,2.8363,2,1,pythia_1.040867B_trajectory,2.836851760946452,-0.0005517609464518181
1.040867,4.912,2.8338,2,1,pythia_1.040867B_trajectory,2.8334233213752107,0.00037667862478940606
1.040867,4.989,2.8334,2,1,pythia_1.040867B_trajectory,2.829972465976197,0.003427534023803247
1.040867,5.066,2.8274,2,1,pythia_1.040867B_trajectory,2.8265891127075204,0.0008108872924794674
1.040867,5.145,2.8269,2,1,pythia_1.040867B_trajectory,2.823185607172907,0.0037143928270930715
1.040867,5.225,2.8232,2,1,pythia_1.040867B_trajectory,2.8198065098324903,0.003393490167509672
1.040867,5.307,2.8151,2,1,pythia_1.040867B_trajectory,2.816410972136828,-0.0013109721368276261
1.040867,5.389,2.8165,2,1,pythia_1.040867B_trajectory,2.813081928382799,0.0034180716172009795
1.040867,5.473,2.8101,2,1,pythia_1.040867B_trajectory,2.8097382474605213,0.0003617525394785659
1.040867,5.559,2.8063,2,1,pythia_1.040867B_trajectory,2.806382323351301,-8.23233513012056e-05
1.040867,5.645,2.8068,2,1,pythia_1.040867B_trajectory,2.8030921979610985,0.00370780203890142
1.040867,5.733,2.7998,2,1,pythia_1.040867B_trajectory,2.799791309346422,8.690653577669849e-06
1.040867,5.823,2.7986,2,1,pythia_1.040867B_trajectory,2.796481808719735,0.002118191280264803
1.040867,5.913,2.791,2,1,pythia_1.040867B_trajectory,2.7932371365478135,-0.002237136547813545
1.040867,6.005,2.7881,2,1,pythia_1.040867B_trajectory,2.789985046686936,-0.0018850466869357874
1.040867,6.099,2.7858,2,1,pythia_1.040867B_trajectory,2.7867274683572614,-0.0009274683572613185
1.040867,6.194,2.7787,2,1,pythia_1.040867B_trajectory,2.7834998791675014,-0.004799879167501242
1.040867,6.29,2.7774,3,1,pythia_1.040867B_trajectory,2.780302045560214,-0.002902045560214006
1.040867,6.388,2.7786,3,1,pythia_1.040867B_trajectory,2.777101385704782,0.001498614295218026
1.040867,6.488,2.7778,3,1,pythia_1.040867B_trajectory,2.77389954501683,0.003900454983170043
1.040867,6.589,2.7725,3,1,pythia_1.040867B_trajectory,2.7707291671452166,0.0017708328547834107
1.040867,6.692,2.7653,3,1,pythia_1.040867B_trajectory,2.767559433118826,-0.0022594331188261485
1.040867,6.796,2.7655,3,1,pythia_1.040867B_trajectory,2.7644216556204593,0.0010783443795405745
1.040867,6.902,2.7587,3,1,pythia_1.040867B_trajectory,2.7612861520497654,-0.0025861520497652
1.040867,7.009,2.7588,3,1,pythia_1.040867B_trajectory,2.7581829620274343,0.0006170379725656261
1.040867,7.118,2.7565,3,1,pythia_1.040867B_trajectory,2.7550834968755415,0.0014165031244584014
1.040867,7.229,2.7515,3,1,pythia_1.040867B_trajectory,2.751988972811299,-0.0004889728112988934
1.040867,7.342,2.7482,3,1,pythia_1.040867B_trajectory,2.7489005407574103,-0.0007005407574101064
1.040867,7.456,2.7444,3,1,pythia_1.040867B_trajectory,2.7458458191739834,-0.0014458191739832316
1.040867,7.572,2.7439,3,1,pythia_1.040867B_trajectory,2.742798261011526,0.0011017389884742101
1.040867,7.69,2.7369,3,1,pythia_1.040867B_trajectory,2.73975886171476,-0.0028588617147602413
1.040867,7.81,2.7354,3,1,pythia_1.040867B_trajectory,2.7367285594780713,-0.0013285594780714227
1.040867,7.932,2.7317,3,1,pythia_1.040867B_trajectory,2.7337082372172365,-0.0020082372172365304
1.040867,8.055,2.7312,3,1,pythia_1.040867B_trajectory,2.7307227572071273,0.00047724279287253424
1.040867,8.181,2.7275,3,1,pythia_1.040867B_trajectory,2.7277243597176524,-0.00022435971765233376
1.040867,8.308,2.7251,3,1,pythia_1.040867B_trajectory,2.724761388236013,0.0003386117639867514
1.040867,8.438,2.723,4,1,pythia_1.040867B_trajectory,2.721787869555303,0.001212130444697035
1.040867,8.569,2.7167,4,1,pythia_1.040867B_trajectory,2.718850206569868,-0.002150206569868196
1.040867,8.703,2.7154,4,1,pythia_1.040867B_trajectory,2.7159041478832777,-0.0005041478832779056
1.040867,8.838,2.7128,4,1,pythia_1.040867B_trajectory,2.7129942349550413,-0.00019423495504122812
1.040867,8.976,2.7096,4,1,pythia_1.040867B_trajectory,2.710077874359854,-0.0004778743598539137
1.040867,9.116,2.7069,4,1,pythia_1.040867B_trajectory,2.7071773079731605,-0.00027730797316039
1.040867,9.258,2.7054,4,1,pythia_1.040867B_trajectory,2.7042929710500956,0.0011070289499044428
1.040867,9.402,2.7005,4,1,pythia_1.040867B_trajectory,2.701425263988069,-0.000925263988069247
1.040867,9.548,2.6994,4,1,pythia_1.040867B_trajectory,2.6985745539573447,0.0008254460426551091
1.040867,9.697,2.6949,4,1,pythia_1.040867B_trajectory,2.6957222206399063,-0.0008222206399062237
1.040867,9.848,2.692,4,1,pythia_1.040867B_trajectory,2.6928882653031354,-0.0008882653031352383
1.040867,10.002,2.6867,4,1,pythia_1.040867B_trajectory,2.6900547215367028,-0.0033547215367026872
1.040867,10.157,2.6866,4,1,pythia_1.040867B_trajectory,2.687258608899519,-0.0006586088995192974
1.040867,10.316,2.6821,4,1,pythia_1.040867B_trajectory,2.684446519182773,-0.002346519182772955
1.040867,10.476,2.6784,5,1,pythia_1.040867B_trajectory,2.681672191768572,-0.0032721917685720747
1.040867,10.64,2.6807,5,1,pythia_1.040867B_trajectory,2.678884229127099,0.001815770872900746
1.040867,10.805,2.6744,5,1,pythia_1.040867B_trajectory,2.676134225833172,-0.001734225833172065
1.040867,10.974,2.675,5,1,pythia_1.040867B_trajectory,2.673372720986799,0.0016272790132010329
1.040867,11.145,2.6709,5,1,pythia_1.040867B_trajectory,2.6706333888836187,0.0002666111163813767
1.040867,11.318,2.6702,5,1,pythia_1.040867B_trajectory,2.667916220752284,0.0022837792477159446
1.040867,11.495,2.6634,5,1,pythia_1.040867B_trajectory,2.6651906971204617,-0.0017906971204615374
1.040867,11.674,2.6616,5,1,pythia_1.040867B_trajectory,2.662488465413716,-0.0008884654137162329
1.040867,11.855,2.6575,5,1,pythia_1.040867B_trajectory,2.6598094343979266,-0.002309434397926413
1.040867,12.04,2.6581,5,1,pythia_1.040867B_trajectory,2.6571247618298086,0.0009752381701915169
1.040867,12.228,2.6529,5,1,pythia_1.040867B_trajectory,2.6544501066621224,-0.00155010666212263
1.040867,12.418,2.6533,5,1,pythia_1.040867B_trajectory,2.6517999453252203,0.0015000546747798715
1.040867,12.612,2.6522,6,1,pythia_1.040867B_trajectory,2.649147008106391,0.0030529918936093026
1.040867,12.808,2.6473,6,1,pythia_1.040867B_trajectory,2.646519238989494,0.0007807610105059481
1.040867,13.008,2.6429,6,1,pythia_1.040867B_trajectory,2.6438903701330885,-0.0009903701330884473
1.040867,13.21,2.6432,6,1,pythia_1.040867B_trajectory,2.641287206834302,0.0019127931656983677
1.040867,13.416,2.6394,6,1,pythia_1.040867B_trajectory,2.6386844472824103,0.0007155527175899401
1.040867,13.625,2.6359,6,1,pythia_1.040867B_trajectory,2.6360955406235735,-0.00019554062357363122
1.040867,13.837,2.6311,6,1,pythia_1.040867B_trajectory,2.6335208875409193,-0.002420887540919292
1.040867,14.053,2.6342,6,1,pythia_1.040867B_trajectory,2.6309490673927147,0.0032509326072851508
1.040867,14.272,2.6266,6,1,pythia_1.040867B_trajectory,2.6283926700815416,-0.001792670081541825
1.040867,14.494,2.6268,6,1,pythia_1.040867B_trajectory,2.625851991279306,0.0009480087206936716
1.040867,14.72,2.6256,7,1,pythia_1.040867B_trajectory,2.6233161892804944,0.0022838107195055635
1.040867,14.949,2.6212,7,1,pythia_1.040867B_trajectory,2.620797051346735,0.00040294865326506724
1.040867,15.182,2.6177,7,1,pythia_1.040867B_trajectory,2.618284102484594,-0.0005841024845940623
1.040867,15.418,2.615,7,1,pythia_1.040867B_trajectory,2.6157886206622067,-0.0007886206622065295
1.040867,15.659,2.6104,7,1,pythia_1.040867B_trajectory,2.6132902215530738,-0.002890221553073946
1.040867,15.903,2.6131,7,1,pythia_1.040867B_trajectory,2.610810363580981,0.0022896364190190255
1.040867,16.15,2.6076,7,1,pythia_1.040867B_trajectory,2.6083491270574606,-0.0007491270574604414
1.040867,16.402,2.6106,7,1,pythia_1.040867B_trajectory,2.6058872272432554,0.004712772756744421
1.040867,16.657,2.6054,7,1,pythia_1.040867B_trajectory,2.6034448128468033,0.001955187153196647
1.040867,16.917,2.6014,8,1,pythia_1.040867B_trajectory,2.601003292580874,0.0003967074191257858
1.040867,17.18,2.5998,8,1,pythia_1.040867B_trajectory,2.5985819807745507,0.001218019225449396
1.040867,17.448,2.5967,8,1,pythia_1.040867B_trajectory,2.5961629561071398,0.000537043892860023
1.040867,17.72,2.594,8,1,pythia_1.040867B_trajectory,2.5937559716323673,0.00024402836763259828
1.040867,17.996,2.5922,8,1,pythia_1.040867B_trajectory,2.591361449283294,0.0008385507167059103
1.040867,18.276,2.5869,8,1,pythia_1.040867B_trajectory,2.5889797795988905,-0.0020797795988904966
1.040867,18.561,2.5864,8,1,pythia_1.040867B_trajectory,2.586603065593984,-0.0002030655939839754
1.040867,18.85,2.5867,9,1,pythia_1.040867B_trajectory,2.584240219566463,0.0024597804335368956
1.040867,19.144,2.5819,9,1,pythia_1.040867B_trajectory,2.581883598865781,1.640113421919054e-05
1.040867,19.442,2.5755,9,1,pythia_1.040867B_trajectory,2.5795417194099226,-0.004041719409922706
1.040867,19.745,2.5809,9,1,pythia_1.040867B_trajectory,2.5772071860991943,0.0036928139008058913
1.040867,20.052,2.5747,9,1,pythia_1.040867B_trajectory,2.574888136973957,-0.00018813697395714257
1.040867,20.365,2.5721,9,1,pythia_1.040867B_trajectory,2.572570084537828,-0.00047008453782826365
1.040867,20.682,2.5686,9,1,pythia_1.040867B_trajectory,2.570268426818499,-0.0016684268184992135
1.040867,21.004,2.5687,10,1,pythia_1.040867B_trajectory,2.5679762352040587,0.000723764795941495
1.040867,21.331,2.5639,10,1,pythia_1.040867B_trajectory,2.565694024821167,-0.001794024821167195
1.040867,21.664,2.5587,10,1,pythia_1.040867B_trajectory,2.5634155012702964,-0.004715501270296407
1.040867,22.001,2.5598,10,1,pythia_1.040867B_trajectory,2.561154795310419,-0.0013547953104189325
1.040867,22.344,2.5566,10,1,pythia_1.040867B_trajectory,2.5588989004369966,-0.0022989004369966537
1.040867,22.692,2.5565,10,1,pythia_1.040867B_trajectory,2.5566549699664143,-0.00015496996641406469
1.040867,23.045,2.5543,11,1,pythia_1.040867B_trajectory,2.5544233533127008,-0.0001233533127007469
1.040867,23.404,2.5519,11,1,pythia_1.040867B_trajectory,2.552198235159214,-0.00029823515921423294
1.040867,23.769,2.5499,11,1,pythia_1.040867B_trajectory,2.5499802714765467,-8.027147654665612e-05
1.040867,24.139,2.5498,11,1,pythia_1.040867B_trajectory,2.5477759777750375,0.0020240222249623407
1.040867,24.515,2.5471,11,1,pythia_1.040867B_trajectory,2.545579802607494,0.001520197392506084
1.040867,24.897,2.5421,11,1,pythia_1.040867B_trajectory,2.5433922950191232,-0.0012922950191232019
1.040867,25.285,2.5439,12,1,pythia_1.040867B_trajectory,2.541213968971379,0.00268603102862075
1.040867,25.679,2.5394,12,1,pythia_1.040867B_trajectory,2.5390453047282895,0.00035469527171061443
1.040867,26.079,2.538,12,1,pythia_1.040867B_trajectory,2.536886750223001,0.0011132497769987815
1.040867,26.485,2.5365,12,1,pythia_1.040867B_trajectory,2.534738722401171,0.0017612775988293805
1.040867,26.898,2.5315,12,1,pythia_1.040867B_trajectory,2.5325964724317305,-0.0010964724317306107
1.040867,27.317,2.5277,13,1,pythia_1.040867B_trajectory,2.530465696305662,-0.0027656963056621464
1.040867,27.742,2.5279,13,1,pythia_1.040867B_trajectory,2.528346719545856,-0.00044671954585639995
1.040867,28.174,2.5258,13,1,pythia_1.040867B_trajectory,2.526235001599654,-0.0004350015996541501
1.040867,28.613,2.5219,13,1,pythia_1.040867B_trajectory,2.5241311015169376,-0.002231101516937617
1.040867,29.059,2.5213,13,1,pythia_1.040867B_trajectory,2.5220355434436383,-0.0007355434436382424
1.040867,29.512,2.5212,14,1,pythia_1.040867B_trajectory,2.519948817966143,0.001251182033856768
1.040867,29.971,2.5201,14,1,pythia_1.040867B_trajectory,2.517875855259621,0.0022241447403787973
1.040867,30.438,2.5158,14,1,pythia_1.040867B_trajectory,2.5158080514987473,-8.051498747274621e-06
1.040867,30.912,2.5148,14,1,pythia_1.040867B_trajectory,2.513750365691104,0.0010496343088961524
1.040867,31.394,2.511,15,1,pythia_1.040867B_trajectory,2.5116989530116727,-0.000698953011672554
1.040867,31.883,2.5064,15,1,pythia_1.040867B_trajectory,2.509658534897047,-0.003258534897046861
1.040867,32.38,2.5053,15,1,pythia_1.040867B_trajectory,2.507625371861032,-0.0023253718610320995
1.040867,32.884,2.5068,15,1,pythia_1.040867B_trajectory,2.5056039595647186,0.0011960404352815424
1.040867,33.396,2.5052,15,1,pythia_1.040867B_trajectory,2.503590662368338,0.0016093376316619334
1.040867,33.917,2.5036,16,1,pythia_1.040867B_trajectory,2.5015821270070653,0.002017872992934766
1.040867,34.445,2.5004,16,1,pythia_1.040867B_trajectory,2.499586496105788,0.0008135038942120865
1.040867,34.982,2.497,16,1,pythia_1.040867B_trajectory,2.4975966110321877,-0.0005966110321877771
1.040867,35.526,2.4967,16,1,pythia_1.040867B_trajectory,2.4956202577351343,0.0010797422648658461
1.040867,36.08,2.4926,17,1,pythia_1.040867B_trajectory,2.493646988946782,-0.0010469889467819016
1.040867,36.642,2.4906,17,1,pythia_1.040867B_trajectory,2.4916844575642614,-0.001084457564261232
1.040867,37.213,2.4925,17,1,pythia_1.040867B_trajectory,2.4897295635625953,0.002770436437404822
1.040867,37.792,2.4868,18,1,pythia_1.040867B_trajectory,2.4877860961500007,-0.0009860961500005594
1.040867,38.381,2.4866,18,1,pythia_1.040867B_trajectory,2.4858477783341497,0.0007522216658504277
1.040867,38.979,2.4818,18,1,pythia_1.040867B_trajectory,2.4839184062546167,-0.0021184062546169002
1.040867,39.586,2.4828,18,1,pythia_1.040867B_trajectory,2.4819983581056486,0.0008016418943515013
1.040867,40.203,2.4815,19,1,pythia_1.040867B_trajectory,2.480084914589005,0.0014150854109948874
1.040867,40.829,2.4747,19,1,pythia_1.040867B_trajectory,2.4781815924546176,-0.0034815924546176547
1.040867,41.465,2.4724,19,1,pythia_1.040867B_trajectory,2.476285737720566,-0.003885737720565885
1.040867,42.111,2.4738,20,1,pythia_1.040867B_trajectory,2.4743977979627214,-0.0005977979627211916
1.040867,42.767,2.4701,20,1,pythia_1.040867B_trajectory,2.4725181914864,-0.002418191486400101
1.040867,43.433,2.4676,20,1,pythia_1.040867B_trajectory,2.4706473085104514,-0.0030473085104514297
1.040867,44.11,2.4679,21,1,pythia_1.040867B_trajectory,2.4687827852959603,-0.0008827852959600868
1.040867,44.797,2.4647,21,1,pythia_1.040867B_trajectory,2.466927793141633,-0.0022277931416327945
1.040867,45.495,2.4677,21,1,pythia_1.040867B_trajectory,2.4650800203794425,0.0026199796205572667
1.040867,46.204,2.4612,22,1,pythia_1.040867B_trajectory,2.4632399069578628,-0.002039906957862936
1.040867,46.923,2.465,22,1,pythia_1.040867B_trajectory,2.4614103836459136,0.003589616354086278
1.040867,47.654,2.4574,22,1,pythia_1.040867B_trajectory,2.4595867458041427,-0.002186745804142909
1.040867,48.397,2.4607,23,1,pythia_1.040867B_trajectory,2.4577694988490446,0.0029305011509555
1.040867,49.15,2.4556,23,1,pythia_1.040867B_trajectory,2.4559638657867455,-0.00036386578674552084
1.040867,49.916,2.4511,23,1,pythia_1.040867B_trajectory,2.4541630285702247,-0.0030630285702248905
1.040867,50.694,2.4562,24,1,pythia_1.040867B_trajectory,2.452369827567714,0.0038301724322860053
1.040867,51.483,2.4489,24,1,pythia_1.040867B_trajectory,2.450586891302799,-0.0016868913027989763
1.040867,52.285,2.4515,25,1,pythia_1.040867B_trajectory,2.448810065484619,0.0026899345153807985
1.040867,53.1,2.4463,25,1,pythia_1.040867B_trajectory,2.447039820824851,-0.000739820824851023
1.040867,53.927,2.4453,25,1,pythia_1.040867B_trajectory,2.445278707193147,2.1292806852812873e-05
1.040867,54.767,2.4434,26,1,pythia_1.040867B_trajectory,2.4435249464225697,-0.0001249464225696606
1.040867,55.62,2.4415,26,1,pythia_1.040867B_trajectory,2.441778926853422,-0.00027892685342179036
1.040867,56.487,2.4388,27,1,pythia_1.040867B_trajectory,2.44003902366992,-0.001239023669919792
1.040867,57.367,2.4411,27,1,pythia_1.040867B_trajectory,2.438307639045355,0.00279236095464519
1.040867,58.26,2.4363,27,1,pythia_1.040867B_trajectory,2.4365850839506735,-0.00028508395067339265
1.040867,59.168,2.4337,28,1,pythia_1.040867B_trajectory,2.4348679012913754,-0.0011679012913754505
1.040867,60.09,2.433,28,1,pythia_1.040867B_trajectory,2.433158413127347,-0.00015841312734732327
1.040867,61.026,2.4311,29,1,pythia_1.040867B_trajectory,2.431456968058596,-0.00035696805859597447
1.040867,61.976,2.4275,29,1,pythia_1.040867B_trajectory,2.4297638904361794,-0.002263890436179139
1.040867,62.942,2.4304,30,1,pythia_1.040867B_trajectory,2.428076021159097,0.0023239788409030737
1.040867,63.922,2.4249,30,1,pythia_1.040867B_trajectory,2.4263972347700236,-0.0014972347700235034
1.040867,64.918,2.428,31,1,pythia_1.040867B_trajectory,2.4247244587664625,0.00327554123353746
1.040867,65.929,2.4219,31,1,pythia_1.040867B_trajectory,2.4230597521008574,-0.001159752100857503
1.040867,66.956,2.4187,32,1,pythia_1.040867B_trajectory,2.4214018219057225,-0.0027018219057226567
1.040867,67.999,2.4213,32,1,pythia_1.040867B_trajectory,2.419751045415829,0.0015489545841709251
1.040867,69.058,2.4219,33,1,pythia_1.040867B_trajectory,2.418107774819819,0.0037922251801809637
1.040867,70.134,2.417,33,1,pythia_1.040867B_trajectory,2.4164708319158406,0.0005291680841592594
1.040867,71.227,2.4116,34,1,pythia_1.040867B_trajectory,2.414840610350474,-0.0032406103504740713
1.040867,72.336,2.4137,34,1,pythia_1.040867B_trajectory,2.4132189261151784,0.0004810738848215479
1.040867,73.463,2.4107,35,1,pythia_1.040867B_trajectory,2.4116031985730286,-0.000903198573028785
1.040867,74.608,2.4089,35,1,pythia_1.040867B_trajectory,2.409993832848564,-0.0010938328485639026
1.040867,75.77,2.4073,36,1,pythia_1.040867B_trajectory,2.4083925726591735,-0.0010925726591732854
1.040867,76.95,2.4044,36,1,pythia_1.040867B_trajectory,2.4067983544900318,-0.0023983544900318954
1.040867,78.149,2.4055,37,1,pythia_1.040867B_trajectory,2.405210198960912,0.00028980103908793353
1.040867,79.366,2.4058,37,1,pythia_1.040867B_trajectory,2.403629778266971,0.002170221733029276
1.040867,80.603,2.4016,38,1,pythia_1.040867B_trajectory,2.402054856898368,-0.00045485689836777254
1.040867,81.858,2.4032,39,1,pythia_1.040867B_trajectory,2.400488319759916,0.002711680240083947
1.040867,83.133,2.4002,39,1,pythia_1.040867B_trajectory,2.3989279851335445,0.00127201486645534
1.040867,84.428,2.3966,40,1,pythia_1.040867B_trajectory,2.3973742180237614,-0.0007742180237615415
1.040867,85.744,2.3955,41,1,pythia_1.040867B_trajectory,2.3958261947357813,-0.0003261947357811046
1.040867,87.079,2.3953,41,1,pythia_1.040867B_trajectory,2.394286585626221,0.00101341437377922
1.040867,88.436,2.395,42,1,pythia_1.040867B_trajectory,2.392752259588639,0.002247740411361221
1.040867,89.813,2.3918,42,1,pythia_1.040867B_trajectory,2.391225818336422,0.0005741816635778108
1.040867,91.212,2.3865,43,1,pythia_1.040867B_trajectory,2.3897053616589874,-0.003205361658987549
1.040867,92.633,2.3873,44,1,pythia_1.040867B_trajectory,2.3881912487263754,-0.0008912487263752489
1.040867,94.076,2.386,45,1,pythia_1.040867B_trajectory,2.3866838152264,-0.0006838152263997088
1.040867,95.542,2.3828,45,1,pythia_1.040867B_trajectory,2.385182360198016,-0.002382360198016187
1.040867,97.03,2.3813,46,1,pythia_1.040867B_trajectory,2.383688229024485,-0.002388229024484989
1.040867,98.542,2.3839,47,1,pythia_1.040867B_trajectory,2.3821997418140435,0.001700258185956649
1.040867,100.077,2.3824,47,1,pythia_1.040867B_trajectory,2.3807182186225346,0.001681781377465441
1.040867,101.636,2.3781,48,1,pythia_1.040867B_trajectory,2.3792430072244697,-0.0011430072244698053
1.040867,103.219,2.3784,49,1,pythia_1.040867B_trajectory,2.37777442706333,0.0006255729366699825
1.040867,104.827,2.3774,50,1,pythia_1.040867B_trajectory,2.3763118753237134,0.001088124676286828
1.040867,106.46,2.3744,50,1,pythia_1.040867B_trajectory,2.3748556819481017,-0.0004556819481016383
1.040867,108.118,2.3733,51,1,pythia_1.040867B_trajectory,2.373406154892356,-0.00010615489235599185
1.040867,109.802,2.3718,52,1,pythia_1.040867B_trajectory,2.3719627323147674,-0.00016273231476748862
1.040867,111.513,2.3729,53,1,pythia_1.040867B_trajectory,2.3705248986477208,0.002375101352279252
1.040867,113.25,2.3687,54,1,pythia_1.040867B_trajectory,2.369093813748307,-0.00039381374830682603
1.040867,115.014,2.3711,55,1,pythia_1.040867B_trajectory,2.3676689515605505,0.0034310484394497465
1.040867,116.806,2.3676,55,1,pythia_1.040867B_trajectory,2.3662498290973835,0.0013501709026164654
1.040867,118.625,2.3663,56,1,pythia_1.040867B_trajectory,2.3648375417316236,0.00146245826837621
1.040867,120.473,2.3626,57,1,pythia_1.040867B_trajectory,2.3634308418694685,-0.0008308418694684683
1.040867,122.35,2.3609,58,1,pythia_1.040867B_trajectory,2.362030058993524,-0.0011300589935241412
1.040867,124.256,2.3574,59,1,pythia_1.040867B_trajectory,2.3606355009661453,-0.0032355009661451106
1.040867,126.191,2.3602,60,1,pythia_1.040867B_trajectory,2.359247454906899,0.0009525450931007207
1.040867,128.157,2.3589,61,1,pythia_1.040867B_trajectory,2.35786479530379,0.0010352046962101014
1.040867,130.154,2.3525,62,1,pythia_1.040867B_trajectory,2.3564878521556607,-0.003987852155660665
1.040867,132.181,2.3518,63,1,pythia_1.040867B_trajectory,2.35511760331859,-0.003317603318590212
1.040867,134.24,2.3574,64,1,pythia_1.040867B_trajectory,2.353752984864136,0.0036470151358640734
1.040867,136.331,2.3528,65,1,pythia_1.040867B_trajectory,2.352394304234295,0.0004056957657048166
1.040867,138.455,2.3563,66,1,pythia_1.040867B_trajectory,2.351041217592124,0.00525878240787625
1.040867,140.612,2.3475,67,1,pythia_1.040867B_trajectory,2.349694029289973,-0.002194029289972921
1.040867,142.802,2.3465,68,1,pythia_1.040867B_trajectory,2.3483530233714043,-0.001853023371404472
1.040867,145.027,2.3483,69,1,pythia_1.040867B_trajectory,2.347017275535668,0.0012827244643318636
1.040867,147.286,2.3434,70,1,pythia_1.040867B_trajectory,2.3456876843221464,-0.0022876843221464327
1.040867,149.58,2.3457,71,1,pythia_1.040867B_trajectory,2.344363939218417,0.0013360607815831038
1.040867,151.91,2.3432,72,1,pythia_1.040867B_trajectory,2.34304575601693,0.00015424398306995712
1.040867,154.277,2.3415,73,1,pythia_1.040867B_trajectory,2.3417328753881037,-0.0002328753881037926
1.040867,156.68,2.3421,74,1,pythia_1.040867B_trajectory,2.340426138407087,0.0016738615929128287
1.040867,159.121,2.3384,76,1,pythia_1.040867B_trajectory,2.3391247402703117,-0.0007247402703116634
1.040867,161.6,2.3403,77,1,pythia_1.040867B_trajectory,2.3378289760808895,0.002471023919110582
1.040867,164.117,2.3386,78,1,pythia_1.040867B_trajectory,2.3365391213164166,0.0020608786835834003
1.040867,166.674,2.3327,79,1,pythia_1.040867B_trajectory,2.3352544376745596,-0.002554437674559651
1.040867,169.27,2.3352,80,1,pythia_1.040867B_trajectory,2.333975709959389,0.0012242900406107537
1.040867,171.907,2.3362,82,1,pythia_1.040867B_trajectory,2.332702230626934,0.0034977693730660064
1.040867,174.585,2.3294,83,1,pythia_1.040867B_trajectory,2.3314342870144804,-0.002034287014480274
1.040867,177.304,2.3294,84,1,pythia_1.040867B_trajectory,2.3301721473128456,-0.0007721473128454726
1.040867,180.066,2.3287,86,1,pythia_1.040867B_trajectory,2.3289151600985316,-0.00021516009853161933
1.040867,182.871,2.3271,87,1,pythia_1.040867B_trajectory,2.3276636105478543,-0.0005636105478541431
1.040867,185.72,2.326,88,1,pythia_1.040867B_trajectory,2.3264173317360566,-0.0004173317360565143
1.040867,188.613,2.3206,90,1,pythia_1.040867B_trajectory,2.32517659714886,-0.004576597148859829
1.040867,191.551,2.3234,91,1,pythia_1.040867B_trajectory,2.3239412454953405,-0.0005412454953406254
1.040867,194.535,2.3215,93,1,pythia_1.040867B_trajectory,2.3227111304234325,-0.0012111304234325715
1.040867,197.566,2.3243,94,1,pythia_1.040867B_trajectory,2.3214861196513823,0.0028138803486177366
1.040867,200.643,2.3168,96,1,pythia_1.040867B_trajectory,2.3202668788291536,-0.003466878829153419
1.040867,203.769,2.3184,97,1,pythia_1.040867B_trajectory,2.3190524859210346,-0.0006524859210346179
1.040867,206.943,2.3198,99,1,pythia_1.040867B_trajectory,2.317843601168171,0.001956398831828743
1.040867,210.167,2.3146,100,1,pythia_1.040867B_trajectory,2.3166397274331993,-0.0020397274331993565
1.040867,213.441,2.3133,102,1,pythia_1.040867B_trajectory,2.315441133522273,-0.0021411335222731864
1.040867,216.766,2.3136,103,1,pythia_1.040867B_trajectory,2.314247714856979,-0.0006477148569787872
1.040867,220.142,2.314,105,1,pythia_1.040867B_trajectory,2.3130597258818786,0.0009402741181214758
1.040867,223.572,2.3126,106,1,pythia_1.040867B_trajectory,2.311876378856944,0.0007236211430563522
1.040867,227.054,2.3111,108,1,pythia_1.040867B_trajectory,2.3106986242637655,0.00040137573623466594
1.040867,230.591,2.3116,110,1,pythia_1.040867B_trajectory,2.3095257000044302,0.0020742999955696284
1.040867,234.183,2.3066,112,1,pythia_1.040867B_trajectory,2.3083578708927894,-0.0017578708927894482
1.040867,237.831,2.307,113,1,pythia_1.040867B_trajectory,2.3071950684864357,-0.000195068486435801
1.040867,241.536,2.3068,115,1,pythia_1.040867B_trajectory,2.3060372321517475,0.0007627678482524658
1.040867,245.299,2.3028,117,1,pythia_1.040867B_trajectory,2.3048843085476554,-0.0020843085476554
1.040867,249.12,2.3049,119,1,pythia_1.040867B_trajectory,2.3037365485611816,0.0011634514388183526
1.040867,253.001,2.3012,121,1,pythia_1.040867B_trajectory,2.3025936029010596,-0.0013936029010594986
1.040867,256.942,2.302,122,1,pythia_1.040867B_trajectory,2.301455723473002,0.0005442765269978445
1.040867,260.944,2.2999,124,1,pythia_1.040867B_trajectory,2.3003228649424248,-0.0004228649424247166
1.040867,265.009,2.2999,126,1,pythia_1.040867B_trajectory,2.2991947128794195,0.0007052871205806
1.040867,269.138,2.3009,128,1,pythia_1.040867B_trajectory,2.298071249100089,0.002828750899910748
1.040867,273.33,2.2934,130,1,pythia_1.040867B_trajectory,2.296952987973645,-0.0035529879736451164
1.040867,277.588,2.2983,132,1,pythia_1.040867B_trajectory,2.295839370553511,0.002460629446488838
1.040867,281.912,2.2949,134,1,pythia_1.040867B_trajectory,2.294730644965727,0.00016935503427317755
1.040867,286.304,2.2956,136,1,pythia_1.040867B_trajectory,2.2936265448820037,0.0019734551179961812
1.040867,290.764,2.2929,139,1,pythia_1.040867B_trajectory,2.292527315121883,0.0003726848781169245
1.040867,295.293,2.2923,141,1,pythia_1.040867B_trajectory,2.2914329448115716,0.000867055188428445
1.040867,299.893,2.2939,143,1,pythia_1.040867B_trajectory,2.2903431914899226,0.003556808510077225
1.416184,0.134,4.1845,0,1,pythia_1.416184B_trajectory,4.181116277485417,0.003383722514582743
1.416184,0.136,4.1743,0,1,pythia_1.416184B_trajectory,4.172108984194601,0.0021910158053985995
1.416184,0.138,4.164,0,1,pythia_1.416184B_trajectory,4.163269647868203,0.0007303521317965078
1.416184,0.14,4.1568,0,1,pythia_1.416184B_trajectory,4.15459276969548,0.0022072303045197472
1.416184,0.143,4.1465,0,1,pythia_1.416184B_trajectory,4.141870657395506,0.004629342604493658
1.416184,0.145,4.1391,0,1,pythia_1.416184B_trajectory,4.133577505635332,0.00552249436466834
1.416184,0.147,4.1275,0,1,pythia_1.416184B_trajectory,4.125429479497459,0.0020705205025413065
1.416184,0.149,4.1183,0,1,pythia_1.416184B_trajectory,4.1174221160641515,0.0008778839358480894
1.416184,0.152,4.1122,0,1,pythia_1.416184B_trajectory,4.105665527573125,0.006534472426874771
1.416184,0.154,4.1068,0,1,pythia_1.416184B_trajectory,4.0979915473542565,0.008808452645743259
1.416184,0.156,4.0963,0,1,pythia_1.416184B_trajectory,4.0904440737689525,0.005855926231047803
1.416184,0.159,4.0834,0,1,pythia_1.416184B_trajectory,4.079352081733635,0.00404791826636508
1.416184,0.161,4.0759,0,1,pythia_1.416184B_trajectory,4.072105156716453,0.003794843283547067
1.416184,0.164,4.0663,0,1,pythia_1.416184B_trajectory,4.061448109761336,0.004851890238663614
1.416184,0.166,4.0624,0,1,pythia_1.416184B_trajectory,4.054481057586486,0.00791894241351443
1.416184,0.169,4.0539,0,1,pythia_1.416184B_trajectory,4.044229477633966,0.009670522366033829
1.416184,0.172,4.0441,0,1,pythia_1.416184B_trajectory,4.034208204091524,0.009891795908476553
1.416184,0.174,4.0407,0,1,pythia_1.416184B_trajectory,4.027650809016171,0.013049190983829284
1.416184,0.177,4.026,0,1,pythia_1.416184B_trajectory,4.0179935016877115,0.00800649831228828
1.416184,0.18,4.0184,0,1,pythia_1.416184B_trajectory,4.008543448693217,0.009856551306782535
1.416184,0.183,4.0078,0,1,pythia_1.416184B_trajectory,3.9992928574794426,0.008507142520556954
1.416184,0.185,3.9994,0,1,pythia_1.416184B_trajectory,3.9932329491794207,0.006167050820579334
1.416184,0.188,3.9954,0,1,pythia_1.416184B_trajectory,3.9842985908536392,0.011101409146360819
1.416184,0.191,3.9851,0,1,pythia_1.416184B_trajectory,3.9755448655664485,0.009555134433551604
1.416184,0.194,3.9776,0,1,pythia_1.416184B_trajectory,3.966965368985443,0.01063463101455664
1.416184,0.197,3.972,0,1,pythia_1.416184B_trajectory,3.9585540184411445,0.013445981558855458
1.416184,0.2,3.9602,0,1,pythia_1.416184B_trajectory,3.950305032163156,0.00989496783684407
1.416184,0.203,3.9492,0,1,pythia_1.416184B_trajectory,3.9422129101452827,0.006987089854717077
1.416184,0.207,3.9406,0,1,pythia_1.416184B_trajectory,3.931658411479983,0.008941588520016808
1.416184,0.21,3.9326,0,1,pythia_1.416184B_trajectory,3.9239123703426877,0.00868762965731218
1.416184,0.213,3.9252,0,1,pythia_1.416184B_trajectory,3.9163066782209777,0.008893321779022134
1.416184,0.216,3.9187,0,1,pythia_1.416184B_trajectory,3.908836868460912,0.0098631315390878
1.416184,0.22,3.9041,0,1,pythia_1.416184B_trajectory,3.899081150710355,0.005018849289645022
1.416184,0.223,3.8989,0,1,pythia_1.416184B_trajectory,3.8919121405816957,0.006987859418304154
1.416184,0.227,3.8913,0,1,pythia_1.416184B_trajectory,3.882543199023808,0.008756800976192025
1.416184,0.23,3.8778,0,1,pythia_1.416184B_trajectory,3.8756540699791664,0.0021459300208337417
1.416184,0.234,3.8748,0,1,pythia_1.416184B_trajectory,3.8666454100766385,0.008154589923361488
1.416184,0.237,3.8655,0,1,pythia_1.416184B_trajectory,3.8600172744269825,0.005482725573017433
1.416184,0.241,3.857,0,1,pythia_1.416184B_trajectory,3.8513449364443098,0.005655063555690454
1.416184,0.245,3.8488,0,1,pythia_1.416184B_trajectory,3.842854893448309,0.005945106551691115
1.416184,0.249,3.8381,0,1,pythia_1.416184B_trajectory,3.8345404297801178,0.003559570219882069
1.416184,0.253,3.8324,0,1,pythia_1.416184B_trajectory,3.826395180043532,0.006004819956467955
1.416184,0.256,3.8214,0,1,pythia_1.416184B_trajectory,3.8203936451205416,0.0010063548794585486
1.416184,0.26,3.8121,0,1,pythia_1.416184B_trajectory,3.812530173768146,-0.0004301737681458029
1.416184,0.265,3.8052,0,1,pythia_1.416184B_trajectory,3.8029158348127594,0.0022841651872407276
1.416184,0.269,3.7971,0,1,pythia_1.416184B_trajectory,3.7953900096504665,0.0017099903495334523
1.416184,0.273,3.7847,0,1,pythia_1.416184B_trajectory,3.7880060672363776,-0.003306067236377608
1.416184,0.277,3.7827,0,1,pythia_1.416184B_trajectory,3.7807593118382443,0.0019406881617558547
1.416184,0.281,3.7741,0,1,pythia_1.416184B_trajectory,3.773645268102447,0.00045473189755274035
1.416184,0.286,3.7654,0,1,pythia_1.416184B_trajectory,3.7649328554580634,0.0004671445419366371
1.416184,0.29,3.7626,0,1,pythia_1.416184B_trajectory,3.7581021026402253,0.004497897359774683
1.416184,0.295,3.7554,0,1,pythia_1.416184B_trajectory,3.7497313225534272,0.005668677446572623
1.416184,0.299,3.748,0,1,pythia_1.416184B_trajectory,3.7431643719497254,0.0048356280502748206
1.416184,0.304,3.7385,0,1,pythia_1.416184B_trajectory,3.7351120708268155,0.003387929173184645
1.416184,0.309,3.7319,0,1,pythia_1.416184B_trajectory,3.7272275160273303,0.004672483972669728
1.416184,0.314,3.7251,0,1,pythia_1.416184B_trajectory,3.7195045822973904,0.0055954177026094065
1.416184,0.318,3.7186,0,1,pythia_1.416184B_trajectory,3.713438689039897,0.00516131096010275
1.416184,0.323,3.7168,0,1,pythia_1.416184B_trajectory,3.7059922350263914,0.010807764973608691
1.416184,0.328,3.7057,0,1,pythia_1.416184B_trajectory,3.6986918701540334,0.007008129845966771
1.416184,0.334,3.7017,0,1,pythia_1.416184B_trajectory,3.690117207444775,0.011582792555225208
1.416184,0.339,3.6883,0,1,pythia_1.416184B_trajectory,3.6831208830213242,0.00517911697867568
1.416184,0.344,3.6828,0,1,pythia_1.416184B_trajectory,3.676255398738515,0.006544601261484928
1.416184,0.349,3.6761,0,1,pythia_1.416184B_trajectory,3.6695164586295745,0.006583541370425383
1.416184,0.355,3.6701,0,1,pythia_1.416184B_trajectory,3.661591015114251,0.00850898488574936
1.416184,0.36,3.6649,0,1,pythia_1.416184B_trajectory,3.655116318528024,0.009783681471975836
1.416184,0.366,3.6546,0,1,pythia_1.416184B_trajectory,3.647496959347404,0.007103040652595816
1.416184,0.372,3.6449,0,1,pythia_1.416184B_trajectory,3.64003581234938,0.004864187650619911
1.416184,0.377,3.6425,0,1,pythia_1.416184B_trajectory,3.6339348827208866,0.008565117279113466
1.416184,0.383,3.6347,0,1,pythia_1.416184B_trajectory,3.6267490495874295,0.007950950412570545
1.416184,0.389,3.6257,0,1,pythia_1.416184B_trajectory,3.619705869064677,0.005994130935323305
1.416184,0.395,3.6192,0,1,pythia_1.416184B_trajectory,3.6128003735460865,0.006399626453913676
1.416184,0.402,3.614,0,1,pythia_1.416184B_trajectory,3.6049116932631744,0.00908830673682548
1.416184,0.408,3.602,0,1,pythia_1.416184B_trajectory,3.598288619976925,0.003711380023074806
1.416184,0.414,3.6022,0,1,pythia_1.416184B_trajectory,3.591789045642953,0.010410954357046975
1.416184,0.421,3.5898,0,1,pythia_1.416184B_trajectory,3.5843569142536396,0.005443085746360321
1.416184,0.427,3.5837,0,1,pythia_1.416184B_trajectory,3.578111300117265,0.0055886998827348044
1.416184,0.434,3.5756,0,1,pythia_1.416184B_trajectory,3.570965204827152,0.004634795172848261
1.416184,0.441,3.5682,0,1,pythia_1.416184B_trajectory,3.563965125604844,0.00423487439515613
1.416184,0.447,3.5616,0,1,pythia_1.416184B_trajectory,3.558077301911736,0.003522698088263887
1.416184,0.454,3.5546,0,1,pythia_1.416184B_trajectory,3.5513347183153336,0.0032652816846665544
1.416184,0.461,3.5504,0,1,pythia_1.416184B_trajectory,3.544723895526505,0.005676104473494981
1.416184,0.469,3.5398,0,1,pythia_1.416184B_trajectory,3.5373242241524956,0.002475775847504469
1.416184,0.476,3.541,0,1,pythia_1.416184B_trajectory,3.5309808143752224,0.010019185624777549
1.416184,0.483,3.5276,0,1,pythia_1.416184B_trajectory,3.5247556887279146,0.002844311272085509
1.416184,0.491,3.5201,0,1,pythia_1.416184B_trajectory,3.5177811377463923,0.0023188622536074455
1.416184,0.499,3.5116,0,1,pythia_1.416184B_trajectory,3.5109505340292646,0.0006494659707354522
1.416184,0.506,3.505,0,1,pythia_1.416184B_trajectory,3.5050877364733575,-8.773647335758028e-05
1.416184,0.514,3.5008,0,1,pythia_1.416184B_trajectory,3.4985132062099114,0.0022867937900885593
1.416184,0.522,3.4902,0,1,pythia_1.416184B_trajectory,3.49206835489683,-0.0018683548968296826
1.416184,0.53,3.4855,0,1,pythia_1.416184B_trajectory,3.4857486952699546,-0.0002486952699545242
1.416184,0.539,3.4811,0,1,pythia_1.416184B_trajectory,3.478783416295726,0.002316583704274233
1.416184,0.547,3.475,0,1,pythia_1.416184B_trajectory,3.4727158766866504,0.0022841233133497063
1.416184,0.556,3.4644,0,1,pythia_1.416184B_trajectory,3.4660242130759618,-0.0016242130759618334
1.416184,0.564,3.463,0,1,pythia_1.416184B_trajectory,3.460191418203241,0.0028085817967591353
1.416184,0.573,3.4566,0,1,pythia_1.416184B_trajectory,3.4537547937664774,0.002845206233522468
1.416184,0.582,3.4487,0,1,pythia_1.416184B_trajectory,3.4474462799010452,0.001253720098954858
1.416184,0.591,3.4459,0,1,pythia_1.416184B_trajectory,3.441261404012966,0.004638595987033867
1.416184,0.6,3.4377,0,1,pythia_1.416184B_trajectory,3.4351959147597073,0.002504085240292664
1.416184,0.61,3.4344,0,1,pythia_1.416184B_trajectory,3.4285915914287797,0.005808408571220447
1.416184,0.619,3.4233,0,1,pythia_1.416184B_trajectory,3.4227650955914224,0.0005349044085773969
1.416184,0.629,3.4227,0,1,pythia_1.416184B_trajectory,3.4164170544441967,0.00628294555580311
1.416184,0.638,3.4135,0,1,pythia_1.416184B_trajectory,3.4108132785922294,0.002686721407770598
1.416184,0.648,3.4096,0,1,pythia_1.416184B_trajectory,3.404704325513225,0.004895674486775192
1.416184,0.659,3.4043,0,1,pythia_1.416184B_trajectory,3.3981223202574453,0.006177679742554787
1.416184,0.669,3.3966,0,1,pythia_1.416184B_trajectory,3.392259553318655,0.004340446681344812
1.416184,0.679,3.3932,0,1,pythia_1.416184B_trajectory,3.386507888664025,0.006692111335975248
1.416184,0.69,3.3882,0,1,pythia_1.416184B_trajectory,3.380304974998955,0.007895025001044775
1.416184,0.701,3.3797,0,1,pythia_1.416184B_trajectory,3.37422735062715,0.005472649372850302
1.416184,0.711,3.3761,0,1,pythia_1.416184B_trajectory,3.368807220950043,0.0072927790499570655
1.416184,0.723,3.3662,0,1,pythia_1.416184B_trajectory,3.3624304406934336,0.003769559306566528
1.416184,0.734,3.3641,0,1,pythia_1.416184B_trajectory,3.356702932965979,0.007397067034021099
1.416184,0.745,3.3611,0,1,pythia_1.416184B_trajectory,3.3510842426023704,0.01001575739762961
1.416184,0.757,3.3545,0,1,pythia_1.416184B_trajectory,3.3450746083815033,0.009425391618496537
1.416184,0.769,3.3492,0,1,pythia_1.416184B_trajectory,3.339185681206925,0.010014318793075017
1.416184,0.781,3.3372,0,1,pythia_1.416184B_trajectory,3.333413208971997,0.003786791028002945
1.416184,0.793,3.3364,0,1,pythia_1.416184B_trajectory,3.327753151781565,0.008646848218434755
1.416184,0.805,3.3277,0,1,pythia_1.416184B_trajectory,3.3222016683389297,0.005498331661070388
1.416184,0.818,3.3216,0,1,pythia_1.416184B_trajectory,3.3163058485715373,0.00529415142846279
1.416184,0.83,3.3198,0,1,pythia_1.416184B_trajectory,3.310969022564045,0.008830977435954956
1.416184,0.843,3.3102,0,1,pythia_1.416184B_trajectory,3.3052977837308637,0.004902216269136339
1.416184,0.856,3.3041,0,1,pythia_1.416184B_trajectory,3.2997373885230012,0.00436261147699879
1.416184,0.87,3.3018,0,1,pythia_1.416184B_trajectory,3.293868875996554,0.007931124003445866
1.416184,0.883,3.2922,0,1,pythia_1.416184B_trajectory,3.2885267605539115,0.0036732394460883278
1.416184,0.897,3.2892,0,1,pythia_1.416184B_trajectory,3.2828851451576444,0.006314854842355722
1.416184,0.911,3.282,0,1,pythia_1.416184B_trajectory,3.277355114577136,0.004644885422864231
1.416184,0.925,3.2806,0,1,pythia_1.416184B_trajectory,3.271932797163539,0.008667202836461385
1.416184,0.94,3.2688,0,1,pythia_1.416184B_trajectory,3.266238521299603,0.002561478700397135
1.416184,0.954,3.2653,0,1,pythia_1.416184B_trajectory,3.261027815764767,0.004272184235232679
1.416184,0.969,3.2614,0,1,pythia_1.416184B_trajectory,3.2555524294237426,0.00584757057625751
1.416184,0.984,3.2543,0,1,pythia_1.416184B_trajectory,3.250184462598982,0.004115537401017999
1.416184,1.0,3.2418,0,1,pythia_1.416184B_trajectory,3.244572869025287,-0.0027728690252870614
1.416184,1.015,3.241,0,1,pythia_1.416184B_trajectory,3.239415388945108,0.001584611054892271
1.416184,1.031,3.2357,0,1,pythia_1.416184B_trajectory,3.23402051654897,0.0016794834510300838
1.416184,1.047,3.2302,0,1,pythia_1.416184B_trajectory,3.228731748399034,0.0014682516009658642
1.416184,1.063,3.2254,0,1,pythia_1.416184B_trajectory,3.2235454234027934,0.0018545765972066697
1.416184,1.08,3.2201,0,1,pythia_1.416184B_trajectory,3.2181433085486217,0.001956691451378223
1.416184,1.097,3.2124,0,1,pythia_1.416184B_trajectory,3.2128489440260806,-0.0004489440260804223
1.416184,1.114,3.2088,0,1,pythia_1.416184B_trajectory,3.207658560133982,0.0011414398660178904
1.416184,1.131,3.2047,0,1,pythia_1.416184B_trajectory,3.2025685740385663,0.002131425961433564
1.416184,1.149,3.1992,0,1,pythia_1.416184B_trajectory,3.1972848225353063,0.001915177464693496
1.416184,1.167,3.1943,0,1,pythia_1.416184B_trajectory,3.192105963663459,0.0021940363365411386
1.416184,1.185,3.1908,0,1,pythia_1.416184B_trajectory,3.187028344736125,0.0037716552638746847
1.416184,1.203,3.1844,0,1,pythia_1.416184B_trajectory,3.182048493305375,0.0023515066946249163
1.416184,1.222,3.1814,0,1,pythia_1.416184B_trajectory,3.1768944011677913,0.00450559883220869
1.416184,1.241,3.1739,0,1,pythia_1.416184B_trajectory,3.1718418676558215,0.0020581323441786203
1.416184,1.26,3.1715,0,1,pythia_1.416184B_trajectory,3.166887382055,0.004612617944999897
1.416184,1.28,3.1652,0,1,pythia_1.416184B_trajectory,3.1617743905321465,0.00342560946785353
1.416184,1.3,3.1606,0,1,pythia_1.416184B_trajectory,3.1567626399960735,0.0038373600039265376
1.416184,1.32,3.1556,0,1,pythia_1.416184B_trajectory,3.151848613873998,0.003751386126002121
1.416184,1.341,3.1554,0,1,pythia_1.416184B_trajectory,3.1467904061921965,0.008609593807803684
1.416184,1.362,3.1462,0,1,pythia_1.416184B_trajectory,3.1418325765916917,0.004367423408308202
1.416184,1.383,3.1434,0,1,pythia_1.416184B_trajectory,3.1369716308670235,0.00642836913297673
1.416184,1.404,3.1384,0,1,pythia_1.416184B_trajectory,3.1322042471698186,0.006195752830181256
1.416184,1.426,3.1309,0,1,pythia_1.416184B_trajectory,3.1273067547427527,0.003593245257247357
1.416184,1.449,3.1301,0,1,pythia_1.416184B_trajectory,3.1222889850652153,0.007811014934784755
1.416184,1.471,3.1208,0,1,pythia_1.416184B_trajectory,3.117583858900402,0.003216141099597891
1.416184,1.494,3.1168,0,1,pythia_1.416184B_trajectory,3.1127602020007155,0.004039797999284556
1.416184,1.517,3.1131,0,1,pythia_1.416184B_trajectory,3.108030664212491,0.005069335787509122
1.416184,1.541,3.1132,0,1,pythia_1.416184B_trajectory,3.1031923572636577,0.010007642736342248
1.416184,1.565,3.1085,0,1,pythia_1.416184B_trajectory,3.0984495445487386,0.010050455451261264
1.416184,1.589,3.0971,0,1,pythia_1.416184B_trajectory,3.093798919601854,0.003301080398146361
1.416184,1.614,3.098,0,1,pythia_1.416184B_trajectory,3.0890491599642615,0.008950840035738317
1.416184,1.639,3.0878,0,1,pythia_1.416184B_trajectory,3.0843926412211156,0.0034073587788845394
1.416184,1.665,3.087,0,1,pythia_1.416184B_trajectory,3.0796453214148736,0.007354678585126617
1.416184,1.691,3.0802,0,1,pythia_1.416184B_trajectory,3.0749919461250697,0.005208053874930396
1.416184,1.717,3.0745,0,1,pythia_1.416184B_trajectory,3.07042925413053,0.004070745869470205
1.416184,1.744,3.0711,0,1,pythia_1.416184B_trajectory,3.0657837335917417,0.005316266408258219
1.416184,1.771,3.065,0,1,pythia_1.416184B_trajectory,3.0612293620983912,0.0037706379016086977
1.416184,1.799,3.0595,0,1,pythia_1.416184B_trajectory,3.05659923202406,0.0029007679759400773
1.416184,1.827,3.0532,0,1,pythia_1.416184B_trajectory,3.052060428688528,0.0011395713114721318
1.416184,1.855,3.0472,0,1,pythia_1.416184B_trajectory,3.047609791924314,-0.0004097919243140069
1.416184,1.884,3.0451,0,1,pythia_1.416184B_trajectory,3.04308994542801,0.0020100545719903273
1.416184,1.913,3.0429,0,1,pythia_1.416184B_trajectory,3.038658278006613,0.004241721993386793
1.416184,1.943,3.0393,0,1,pythia_1.416184B_trajectory,3.03416337541404,0.005136624585960092
1.416184,1.973,3.0328,0,1,pythia_1.416184B_trajectory,3.029756431879813,0.0030435681201868015
1.416184,2.004,3.0277,0,1,pythia_1.416184B_trajectory,3.0252917895419724,0.0024082104580274155
1.416184,2.035,3.0255,0,1,pythia_1.416184B_trajectory,3.0209146767244586,0.0045853232755415085
1.416184,2.067,3.0185,0,1,pythia_1.416184B_trajectory,3.0164849864325323,0.002015013567467694
1.416184,2.099,3.0093,1,1,pythia_1.416184B_trajectory,3.0121422088717216,-0.0028422088717214855
1.416184,2.132,3.0075,1,1,pythia_1.416184B_trajectory,3.007751583773637,-0.0002515837736369875
1.416184,2.165,3.0001,1,1,pythia_1.416184B_trajectory,3.003447088672972,-0.003347088672971843
1.416184,2.199,2.9999,1,1,pythia_1.416184B_trajectory,2.999099108295765,0.0008008917042348074
1.416184,2.233,2.9945,1,1,pythia_1.416184B_trajectory,2.9948363294123044,-0.0003363294123044369
1.416184,2.268,2.9913,1,1,pythia_1.416184B_trajectory,2.9905340832836287,0.0007659167163711622
1.416184,2.303,2.988,1,1,pythia_1.416184B_trajectory,2.9863159833050155,0.0016840166949845248
1.416184,2.339,2.9826,1,1,pythia_1.416184B_trajectory,2.9820621127967817,0.0005378872032184567
1.416184,2.375,2.9806,1,1,pythia_1.416184B_trajectory,2.9778912238747353,0.002708776125264656
1.416184,2.412,2.9768,1,1,pythia_1.416184B_trajectory,2.973687962001755,0.0031120379982447766
1.416184,2.45,2.9721,1,1,pythia_1.416184B_trajectory,2.9694561390661147,0.002643860933885467
1.416184,2.488,2.9697,1,1,pythia_1.416184B_trajectory,2.9653074997189113,0.004392500281088729
1.416184,2.527,2.9674,1,1,pythia_1.416184B_trajectory,2.9611331735392157,0.006266826460784358
1.416184,2.566,2.96,1,1,pythia_1.416184B_trajectory,2.957040497966335,0.002959502033665018
1.416184,2.606,2.9588,1,1,pythia_1.416184B_trajectory,2.952924765029602,0.00587523497039788
1.416184,2.647,2.952,1,1,pythia_1.416184B_trajectory,2.9487892124166226,0.003210787583377339
1.416184,2.688,2.9518,1,1,pythia_1.416184B_trajectory,2.944734842196835,0.007065157803165079
1.416184,2.73,2.9449,1,1,pythia_1.416184B_trajectory,2.9406628397680965,0.0042371602319035695
1.416184,2.773,2.9386,1,1,pythia_1.416184B_trajectory,2.936576120732207,0.002023879267793127
1.416184,2.816,2.9374,1,1,pythia_1.416184B_trajectory,2.9325697149061707,0.004830285093829101
1.416184,2.86,2.9294,1,1,pythia_1.416184B_trajectory,2.928550385621265,0.0008496143787346533
1.416184,2.904,2.9279,1,1,pythia_1.416184B_trajectory,2.924609429470896,0.0032905705291041976
1.416184,2.949,2.9227,1,1,pythia_1.416184B_trajectory,2.9206571775748253,0.0020428224251745064
1.416184,2.995,2.9213,1,1,pythia_1.416184B_trajectory,2.916696088794448,0.004603911205551814
1.416184,3.042,2.9179,1,1,pythia_1.416184B_trajectory,2.9127285119089956,0.005171488091004317
1.416184,3.089,2.9152,1,1,pythia_1.416184B_trajectory,2.908838626434835,0.006361373565165085
1.416184,3.138,2.9102,1,1,pythia_1.416184B_trajectory,2.9048630539416873,0.005336946058312808
1.416184,3.186,2.9051,1,1,pythia_1.416184B_trajectory,2.901044911532143,0.004055088467857182
1.416184,3.236,2.902,1,1,pythia_1.416184B_trajectory,2.897145186820178,0.0048548131798220595
1.416184,3.286,2.8947,1,1,pythia_1.416184B_trajectory,2.893321828844556,0.001378171155443919
1.416184,3.338,2.8934,1,1,pythia_1.416184B_trajectory,2.889423727345862,0.0039762726541381355
1.416184,3.39,2.8902,1,1,pythia_1.416184B_trajectory,2.88560258215451,0.00459741784549017
1.416184,3.442,2.885,1,1,pythia_1.416184B_trajectory,2.8818557280273573,0.003144271972642443
1.416184,3.496,2.8799,1,1,pythia_1.416184B_trajectory,2.8780406805222998,0.0018593194777003497
1.416184,3.551,2.8776,1,1,pythia_1.416184B_trajectory,2.8742317397329735,0.003368260267026635
1.416184,3.606,2.8689,1,1,pythia_1.416184B_trajectory,2.870497566777274,-0.001597566777273851
1.416184,3.662,2.8687,1,1,pythia_1.416184B_trajectory,2.866769658071865,0.0019303419281349044
1.416184,3.719,2.8687,1,1,pythia_1.416184B_trajectory,2.8630493695831936,0.005650630416806468
1.416184,3.777,2.8613,1,1,pythia_1.416184B_trajectory,2.8593379825899095,0.0019620174100904997
1.416184,3.836,2.8583,1,1,pythia_1.416184B_trajectory,2.8556367060677372,0.0026632939322626115
1.416184,3.896,2.8519,1,1,pythia_1.416184B_trajectory,2.851946679100213,-4.6679100212720925e-05
1.416184,3.956,2.8501,1,1,pythia_1.416184B_trajectory,2.8483286773387944,0.0017713226612054989
1.416184,4.018,2.8471,1,1,pythia_1.416184B_trajectory,2.844663122878649,0.0024368771213509888
1.416184,4.08,2.8461,1,1,pythia_1.416184B_trajectory,2.841069254667654,0.00503074533234571
1.416184,4.144,2.8356,1,1,pythia_1.416184B_trajectory,2.837432040676972,-0.0018320406769722908
1.416184,4.209,2.8345,2,1,pythia_1.416184B_trajectory,2.8338108527248,0.000689147275199975
1.416184,4.274,2.8266,2,1,pythia_1.416184B_trajectory,2.8302605403311705,-0.00366054033117047
1.416184,4.341,2.8252,2,1,pythia_1.416184B_trajectory,2.8266725953234646,-0.0014725953234644429
1.416184,4.408,2.8225,2,1,pythia_1.416184B_trajectory,2.8231548353014366,-0.0006548353014368402
1.416184,4.477,2.8236,2,1,pythia_1.416184B_trajectory,2.8196028845151364,0.003997115484863478
1.416184,4.547,2.8189,2,1,pythia_1.416184B_trajectory,2.816070342149157,0.0028296578508433257
1.416184,4.618,2.8153,2,1,pythia_1.416184B_trajectory,2.812557733551125,0.002742266448874986
1.416184,4.69,2.8112,2,1,pythia_1.416184B_trajectory,2.809065541612556,0.0021344583874438605
1.416184,4.763,2.8066,2,1,pythia_1.416184B_trajectory,2.805594208766677,0.0010057912333230057
1.416184,4.837,2.8054,2,1,pythia_1.416184B_trajectory,2.80214413892535,0.003255861074650035
1.416184,4.912,2.8012,2,1,pythia_1.416184B_trajectory,2.7987156993541094,0.00248430064589078
1.416184,4.989,2.7958,2,1,pythia_1.416184B_trajectory,2.795264843955095,0.0005351560449047277
1.416184,5.066,2.7935,2,1,pythia_1.416184B_trajectory,2.7918814906864187,0.0016185093135812068
1.416184,5.145,2.7876,2,1,pythia_1.416184B_trajectory,2.7884779851518053,-0.0008779851518054826
1.416184,5.225,2.789,2,1,pythia_1.416184B_trajectory,2.7850988878113885,0.003901112188611666
1.416184,5.307,2.786,2,1,pythia_1.416184B_trajectory,2.781703350115726,0.004296649884274029
1.416184,5.389,2.7802,2,1,pythia_1.416184B_trajectory,2.7783743063616972,0.001825693638302539
1.416184,5.473,2.7736,2,1,pythia_1.416184B_trajectory,2.7750306254394195,-0.0014306254394194085
1.416184,5.559,2.7702,2,1,pythia_1.416184B_trajectory,2.771674701330199,-0.001474701330199224
1.416184,5.645,2.7664,2,1,pythia_1.416184B_trajectory,2.7683845759399968,-0.001984575939996791
1.416184,5.733,2.7685,2,1,pythia_1.416184B_trajectory,2.7650836873253204,0.003416312674679567
1.416184,5.823,2.766,2,1,pythia_1.416184B_trajectory,2.7617741866986334,0.004225813301366621
1.416184,5.913,2.7598,2,1,pythia_1.416184B_trajectory,2.7585295145267117,0.0012704854732881188
1.416184,6.005,2.7555,2,1,pythia_1.416184B_trajectory,2.755277424665834,0.00022257533416603081
1.416184,6.099,2.7541,2,1,pythia_1.416184B_trajectory,2.7520198463361596,0.0020801536638406226
1.416184,6.194,2.7486,2,1,pythia_1.416184B_trajectory,2.7487922571463996,-0.0001922571463994771
1.416184,6.29,2.7424,3,1,pythia_1.416184B_trajectory,2.745594423539112,-0.0031944235391119236
1.416184,6.388,2.7411,3,1,pythia_1.416184B_trajectory,2.74239376368368,-0.0012937636836802824
1.416184,6.488,2.7459,3,1,pythia_1.416184B_trajectory,2.7391919229957282,0.006708077004271562
1.416184,6.589,2.7356,3,1,pythia_1.416184B_trajectory,2.7360215451241148,-0.0004215451241149637
1.416184,6.692,2.7367,3,1,pythia_1.416184B_trajectory,2.7328518110977242,0.0038481889022756732
1.416184,6.796,2.727,3,1,pythia_1.416184B_trajectory,2.7297140335993575,-0.0027140335993576237
1.416184,6.902,2.7283,3,1,pythia_1.416184B_trajectory,2.7265785300286636,0.0017214699713363757
1.416184,7.009,2.7248,3,1,pythia_1.416184B_trajectory,2.7234753400063325,0.0013246599936675985
1.416184,7.118,2.7238,3,1,pythia_1.416184B_trajectory,2.7203758748544393,0.0034241251455608968
1.416184,7.229,2.715,3,1,pythia_1.416184B_trajectory,2.717281350790197,-0.002281350790197312
1.416184,7.342,2.7138,3,1,pythia_1.416184B_trajectory,2.7141929187363085,-0.000392918736308534
1.416184,7.456,2.7114,3,1,pythia_1.416184B_trajectory,2.7111381971528816,0.0002618028471181866
1.416184,7.572,2.7085,3,1,pythia_1.416184B_trajectory,2.7080906389904236,0.0004093610095763367
1.416184,7.69,2.7062,3,1,pythia_1.416184B_trajectory,2.705051239693658,0.0011487603063420337
1.416184,7.81,2.7003,3,1,pythia_1.416184B_trajectory,2.7020209374569695,-0.0017209374569695512
1.416184,7.932,2.697,3,1,pythia_1.416184B_trajectory,2.6990006151961348,-0.002000615196134703
1.416184,8.055,2.6972,3,1,pythia_1.416184B_trajectory,2.696015135186025,0.0011848648139749507
1.416184,8.181,2.6941,3,1,pythia_1.416184B_trajectory,2.6930167376965506,0.0010832623034495725
1.416184,8.308,2.6909,3,1,pythia_1.416184B_trajectory,2.6900537662149118,0.0008462337850883017
1.416184,8.438,2.6862,4,1,pythia_1.416184B_trajectory,2.687080247534201,-0.0008802475342011284
1.416184,8.569,2.6807,4,1,pythia_1.416184B_trajectory,2.6841425845487663,-0.0034425845487664475
1.416184,8.703,2.6823,4,1,pythia_1.416184B_trajectory,2.681196525862176,0.0011034741378241897
1.416184,8.838,2.6777,4,1,pythia_1.416184B_trajectory,2.67828661293394,-0.0005866129339398007
1.416184,8.976,2.673,4,1,pythia_1.416184B_trajectory,2.675370252338752,-0.002370252338752099
1.416184,9.116,2.6764,4,1,pythia_1.416184B_trajectory,2.6724696859520587,0.003930314047941419
1.416184,9.258,2.664,4,1,pythia_1.416184B_trajectory,2.669585349028994,-0.005585349028993658
1.416184,9.402,2.6659,4,1,pythia_1.416184B_trajectory,2.6667176419669674,-0.0008176419669672086
1.416184,9.548,2.6676,4,1,pythia_1.416184B_trajectory,2.663866931936243,0.0037330680637572833
1.416184,9.697,2.6614,4,1,pythia_1.416184B_trajectory,2.661014598618804,0.0003854013811959156
1.416184,9.848,2.661,4,1,pythia_1.416184B_trajectory,2.6581806432820336,0.0028193567179664036
1.416184,10.002,2.6548,4,1,pythia_1.416184B_trajectory,2.655347099515601,-0.0005470995156011682
1.416184,10.157,2.6521,4,1,pythia_1.416184B_trajectory,2.6525509868784174,-0.00045098687841749197
1.416184,10.316,2.6491,4,1,pythia_1.416184B_trajectory,2.6497388971616713,-0.0006388971616715367
1.416184,10.476,2.6468,5,1,pythia_1.416184B_trajectory,2.64696456974747,-0.00016456974747036668
1.416184,10.64,2.6449,5,1,pythia_1.416184B_trajectory,2.6441766071059973,0.0007233928940024725
1.416184,10.805,2.6447,5,1,pythia_1.416184B_trajectory,2.64142660381207,0.003273396187929656
1.416184,10.974,2.6392,5,1,pythia_1.416184B_trajectory,2.638665098965697,0.0005349010343032035
1.416184,11.145,2.6374,5,1,pythia_1.416184B_trajectory,2.635925766862517,0.001474233137483072
1.416184,11.318,2.6338,5,1,pythia_1.416184B_trajectory,2.633208598731182,0.0005914012688177372
1.416184,11.495,2.6305,5,1,pythia_1.416184B_trajectory,2.63048307509936,1.6924900640091778e-05
1.416184,11.674,2.6301,5,1,pythia_1.416184B_trajectory,2.6277808433926144,0.002319156607385686
1.416184,11.855,2.6251,5,1,pythia_1.416184B_trajectory,2.6251018123768244,-1.812376824172901e-06
1.416184,12.04,2.6252,5,1,pythia_1.416184B_trajectory,2.622417139808707,0.002782860191293146
1.416184,12.228,2.6173,5,1,pythia_1.416184B_trajectory,2.6197424846410207,-0.0024424846410204815
1.416184,12.418,2.6199,5,1,pythia_1.416184B_trajectory,2.6170923233041186,0.0028076766958813337
1.416184,12.612,2.6142,6,1,pythia_1.416184B_trajectory,2.614439386085289,-0.0002393860852891727
1.416184,12.808,2.6146,6,1,pythia_1.416184B_trajectory,2.6118116169683923,0.0027883830316075553
1.416184,13.008,2.6073,6,1,pythia_1.416184B_trajectory,2.609182748111987,-0.001882748111987187
1.416184,13.21,2.6057,6,1,pythia_1.416184B_trajectory,2.6065795848131996,-0.0008795848131994966
1.416184,13.416,2.6042,6,1,pythia_1.416184B_trajectory,2.6039768252613085,0.00022317473869160054
1.416184,13.625,2.6006,6,1,pythia_1.416184B_trajectory,2.6013879186024713,-0.0007879186024712936
1.416184,13.837,2.5997,6,1,pythia_1.416184B_trajectory,2.5988132655198175,0.000886734480182394
1.416184,14.053,2.5926,6,1,pythia_1.416184B_trajectory,2.596241445371613,-0.003641445371612928
1.416184,14.272,2.594,6,1,pythia_1.416184B_trajectory,2.59368504806044,0.0003149519395599931
1.416184,14.494,2.5904,6,1,pythia_1.416184B_trajectory,2.5911443692582043,-0.0007443692582045358
1.416184,14.72,2.588,7,1,pythia_1.416184B_trajectory,2.5886085672593926,-0.0006085672593925118
1.416184,14.949,2.5883,7,1,pythia_1.416184B_trajectory,2.586089429325633,0.0022105706743666964
1.416184,15.182,2.585,7,1,pythia_1.416184B_trajectory,2.583576480463493,0.0014235195365071007
1.416184,15.418,2.5806,7,1,pythia_1.416184B_trajectory,2.581080998641105,-0.00048099864110495716
1.416184,15.659,2.578,7,1,pythia_1.416184B_trajectory,2.578582599531972,-0.00058259953197215
1.416184,15.903,2.575,7,1,pythia_1.416184B_trajectory,2.576102741559879,-0.0011027415598787726
1.416184,16.15,2.5739,7,1,pythia_1.416184B_trajectory,2.573641505036359,0.0002584949636412759
1.416184,16.402,2.5704,7,1,pythia_1.416184B_trajectory,2.571179605222153,-0.0007796052221533678
1.416184,16.657,2.5673,7,1,pythia_1.416184B_trajectory,2.5687371908257015,-0.0014371908257015953
1.416184,16.917,2.5693,8,1,pythia_1.416184B_trajectory,2.5662956705597724,0.003004329440227771
1.416184,17.18,2.5621,8,1,pythia_1.416184B_trajectory,2.5638743587534485,-0.0017743587534484462
1.416184,17.448,2.5579,8,1,pythia_1.416184B_trajectory,2.561455334086038,-0.00355533408603792
1.416184,17.72,2.5602,8,1,pythia_1.416184B_trajectory,2.559048349611265,0.0011516503887349927
1.416184,17.996,2.556,8,1,pythia_1.416184B_trajectory,2.556653827262193,-0.0006538272621927632
1.416184,18.276,2.5556,8,1,pythia_1.416184B_trajectory,2.5542721575777887,0.0013278424222114005
1.416184,18.561,2.5498,8,1,pythia_1.416184B_trajectory,2.5518954435728824,-0.002095443572882605
1.416184,18.85,2.5483,9,1,pythia_1.416184B_trajectory,2.5495325975453613,-0.0012325975453615357
1.416184,19.144,2.549,9,1,pythia_1.416184B_trajectory,2.547175976844679,0.0018240231553208197
1.416184,19.442,2.5437,9,1,pythia_1.416184B_trajectory,2.544834097388821,-0.001134097388820976
1.416184,19.745,2.5434,9,1,pythia_1.416184B_trajectory,2.5424995640780925,0.000900435921907583
1.416184,20.052,2.5396,9,1,pythia_1.416184B_trajectory,2.5401805149528554,-0.0005805149528552711
1.416184,20.365,2.5354,9,1,pythia_1.416184B_trajectory,2.537862462516726,-0.002462462516725772
1.416184,20.682,2.537,9,1,pythia_1.416184B_trajectory,2.5355608047973974,0.0014391952026024946
1.416184,21.004,2.5327,10,1,pythia_1.416184B_trajectory,2.533268613182957,-0.0005686131829567564
1.416184,21.331,2.5315,10,1,pythia_1.416184B_trajectory,2.5309864028000653,0.0005135971999346012
1.416184,21.664,2.5283,10,1,pythia_1.416184B_trajectory,2.5287078792491946,-0.00040787924919438723
1.416184,22.001,2.5265,10,1,pythia_1.416184B_trajectory,2.5264471732893172,5.2826710682740696e-05
1.416184,22.344,2.5227,10,1,pythia_1.416184B_trajectory,2.524191278415895,-0.0014912784158949144
1.416184,22.692,2.5234,10,1,pythia_1.416184B_trajectory,2.5219473479453125,0.0014526520546875865
1.416184,23.045,2.519,11,1,pythia_1.416184B_trajectory,2.5197157312915994,-0.0007157312915992975
1.416184,23.404,2.5181,11,1,pythia_1.416184B_trajectory,2.5174906131381123,0.0006093868618877174
1.416184,23.769,2.5168,11,1,pythia_1.416184B_trajectory,2.515272649455445,0.001527350544554995
1.416184,24.139,2.5115,11,1,pythia_1.416184B_trajectory,2.5130683557539357,-0.0015683557539358794
1.416184,24.515,2.5087,11,1,pythia_1.416184B_trajectory,2.510872180586392,-0.002172180586391903
1.416184,24.897,2.5116,11,1,pythia_1.416184B_trajectory,2.5086846729980214,0.002915327001978607
1.416184,25.285,2.5073,12,1,pythia_1.416184B_trajectory,2.5065063469502773,0.0007936530497225647
1.416184,25.679,2.5054,12,1,pythia_1.416184B_trajectory,2.5043376827071877,0.0010623172928121427
1.416184,26.079,2.5007,12,1,pythia_1.416184B_trajectory,2.5021791282018992,-0.0014791282018991048
1.416184,26.485,2.4981,12,1,pythia_1.416184B_trajectory,2.500031100380069,-0.0019311003800690507
1.416184,26.898,2.4971,12,1,pythia_1.416184B_trajectory,2.4978888504106287,-0.0007888504106285943
1.416184,27.317,2.4969,13,1,pythia_1.416184B_trajectory,2.49575807428456,0.0011419257154399176
1.416184,27.742,2.493,13,1,pythia_1.416184B_trajectory,2.4936390975247544,-0.0006390975247545505
1.416184,28.174,2.4911,13,1,pythia_1.416184B_trajectory,2.491527379578552,-0.00042737957855232267
1.416184,28.613,2.4926,13,1,pythia_1.416184B_trajectory,2.489423479495836,0.00317652050416406
1.416184,29.059,2.486,13,1,pythia_1.416184B_trajectory,2.4873279214225366,-0.001327921422536349
1.416184,29.512,2.484,14,1,pythia_1.416184B_trajectory,2.4852411959450413,-0.0012411959450413512
1.416184,29.971,2.4834,14,1,pythia_1.416184B_trajectory,2.483168233238519,0.00023176676148084496
1.416184,30.438,2.4805,14,1,pythia_1.416184B_trajectory,2.481100429477645,-0.000600429477644937
1.416184,30.912,2.4814,14,1,pythia_1.416184B_trajectory,2.479042743670002,0.0023572563299976146
1.416184,31.394,2.478,15,1,pythia_1.416184B_trajectory,2.476991330990571,0.0010086690094293083
1.416184,31.883,2.4759,15,1,pythia_1.416184B_trajectory,2.4749509128759453,0.0009490871240549481
1.416184,32.38,2.4762,15,1,pythia_1.416184B_trajectory,2.4729177498399304,0.0032822501600695553
1.416184,32.884,2.4673,15,1,pythia_1.416184B_trajectory,2.470896337543617,-0.0035963375436169898
1.416184,33.396,2.4676,15,1,pythia_1.416184B_trajectory,2.468883040347236,-0.0012830403472361418
1.416184,33.917,2.468,16,1,pythia_1.416184B_trajectory,2.4668745049859635,0.0011254950140364706
1.416184,34.445,2.4643,16,1,pythia_1.416184B_trajectory,2.464878874084686,-0.0005788740846859319
1.416184,34.982,2.4633,16,1,pythia_1.416184B_trajectory,2.462888989011086,0.00041101098891394017
1.416184,35.526,2.4623,16,1,pythia_1.416184B_trajectory,2.4609126357140325,0.0013873642859674185
1.416184,36.08,2.457,17,1,pythia_1.416184B_trajectory,2.45893936692568,-0.001939366925680197
1.416184,36.642,2.4555,17,1,pythia_1.416184B_trajectory,2.456976835543159,-0.0014768355431593605
1.416184,37.213,2.4517,17,1,pythia_1.416184B_trajectory,2.4550219415414936,-0.003321941541493345
1.416184,37.792,2.4515,18,1,pythia_1.416184B_trajectory,2.4530784741288985,-0.001578474128898666
1.416184,38.381,2.4524,18,1,pythia_1.416184B_trajectory,2.451140156313048,0.001259843686951978
1.416184,38.979,2.452,18,1,pythia_1.416184B_trajectory,2.449210784233515,0.0027892157664850536
1.416184,39.586,2.4446,18,1,pythia_1.416184B_trajectory,2.447290736084547,-0.002690736084546952
1.416184,40.203,2.4477,19,1,pythia_1.416184B_trajectory,2.4453772925679034,0.0023227074320968377
1.416184,40.829,2.4408,19,1,pythia_1.416184B_trajectory,2.4434739704335158,-0.0026739704335159153
1.416184,41.465,2.442,19,1,pythia_1.416184B_trajectory,2.441578115699464,0.000421884300536135
1.416184,42.111,2.4384,20,1,pythia_1.416184B_trajectory,2.4396901759416196,-0.001290175941619509
1.416184,42.767,2.4363,20,1,pythia_1.416184B_trajectory,2.4378105694652983,-0.0015105694652981505
1.416184,43.433,2.4386,20,1,pythia_1.416184B_trajectory,2.4359396864893497,0.002660313510650436
1.416184,44.11,2.4352,21,1,pythia_1.416184B_trajectory,2.4340751632748585,0.0011248367251415203
1.416184,44.797,2.4314,21,1,pythia_1.416184B_trajectory,2.432220171120531,-0.0008201711205311213
1.416184,45.495,2.4315,21,1,pythia_1.416184B_trajectory,2.4303723983583407,0.0011276016416594814
1.416184,46.204,2.4272,22,1,pythia_1.416184B_trajectory,2.428532284936761,-0.0013322849367609635
1.416184,46.923,2.4255,22,1,pythia_1.416184B_trajectory,2.426702761624812,-0.00120276162481181
1.416184,47.654,2.4224,22,1,pythia_1.416184B_trajectory,2.4248791237830405,-0.0024791237830403823
1.416184,48.397,2.4286,23,1,pythia_1.416184B_trajectory,2.423061876827943,0.005538123172057041
1.416184,49.15,2.4196,23,1,pythia_1.416184B_trajectory,2.4212562437656437,-0.0016562437656437723
1.416184,49.916,2.417,23,1,pythia_1.416184B_trajectory,2.4194554065491225,-0.002455406549122685
1.416184,50.694,2.415,24,1,pythia_1.416184B_trajectory,2.417662205546612,-0.0026622055466121175
1.416184,51.483,2.4131,24,1,pythia_1.416184B_trajectory,2.4158792692816973,-0.0027792692816972497
1.416184,52.285,2.4112,25,1,pythia_1.416184B_trajectory,2.414102443463517,-0.0029024434635172014
1.416184,53.1,2.413,25,1,pythia_1.416184B_trajectory,2.4123321988037487,0.0006678011962510944
1.416184,53.927,2.412,25,1,pythia_1.416184B_trajectory,2.4105710851720454,0.001428914827954486
1.416184,54.767,2.4103,26,1,pythia_1.416184B_trajectory,2.408817324401468,0.0014826755985319906
1.416184,55.62,2.4037,26,1,pythia_1.416184B_trajectory,2.40707130483232,-0.0033713048323198436
1.416184,56.487,2.4041,27,1,pythia_1.416184B_trajectory,2.405331401648818,-0.0012314016488179647
1.416184,57.367,2.4019,27,1,pythia_1.416184B_trajectory,2.403600017024253,-0.0017000170242531532
1.416184,58.26,2.4037,27,1,pythia_1.416184B_trajectory,2.4018774619295717,0.0018225380704284255
1.416184,59.168,2.3999,28,1,pythia_1.416184B_trajectory,2.400160279270274,-0.00026027927027394426
1.416184,60.09,2.4004,28,1,pythia_1.416184B_trajectory,2.3984507911062454,0.001949208893754495
1.416184,61.026,2.3967,29,1,pythia_1.416184B_trajectory,2.396749346037494,-4.934603749395805e-05
1.416184,61.976,2.3921,29,1,pythia_1.416184B_trajectory,2.3950562684150776,-0.0029562684150774565
1.416184,62.942,2.3952,30,1,pythia_1.416184B_trajectory,2.3933683991379953,0.0018316008620047342
1.416184,63.922,2.3887,30,1,pythia_1.416184B_trajectory,2.391689612748922,-0.002989612748921733
1.416184,64.918,2.3911,31,1,pythia_1.416184B_trajectory,2.3900168367453607,0.0010831632546390857
1.416184,65.929,2.3862,31,1,pythia_1.416184B_trajectory,2.3883521300797557,-0.0021521300797555654
1.416184,66.956,2.3853,32,1,pythia_1.416184B_trajectory,2.3866941998846207,-0.0013941998846207504
1.416184,67.999,2.384,32,1,pythia_1.416184B_trajectory,2.3850434233947273,-0.0010434233947274052
1.416184,69.058,2.3863,33,1,pythia_1.416184B_trajectory,2.3834001527987168,0.0028998472012831122
1.416184,70.134,2.3837,33,1,pythia_1.416184B_trajectory,2.3817632098947388,0.0019367901052613767
1.416184,71.227,2.3841,34,1,pythia_1.416184B_trajectory,2.3801329883293723,0.003967011670627851
1.416184,72.336,2.3796,34,1,pythia_1.416184B_trajectory,2.3785113040940766,0.0010886959059233092
1.416184,73.463,2.3779,35,1,pythia_1.416184B_trajectory,2.376895576551927,0.0010044234480730552
1.416184,74.608,2.3731,35,1,pythia_1.416184B_trajectory,2.375286210827462,-0.002186210827462176
1.416184,75.77,2.3753,36,1,pythia_1.416184B_trajectory,2.3736849506380717,0.0016150493619284667
1.416184,76.95,2.3718,36,1,pythia_1.416184B_trajectory,2.37209073246893,-0.0002907324689300772
1.416184,78.149,2.3686,37,1,pythia_1.416184B_trajectory,2.37050257693981,-0.0019025769398099968
1.416184,79.366,2.3695,37,1,pythia_1.416184B_trajectory,2.368922156245869,0.0005778437541308357
1.416184,80.603,2.3632,38,1,pythia_1.416184B_trajectory,2.3673472348772657,-0.00414723487726576
1.416184,81.858,2.3675,39,1,pythia_1.416184B_trajectory,2.3657806977388143,0.0017193022611858844
1.416184,83.133,2.3653,39,1,pythia_1.416184B_trajectory,2.3642203631124428,0.0010796368875571893
1.416184,84.428,2.3629,40,1,pythia_1.416184B_trajectory,2.3626665960026596,0.0002334039973401758
1.416184,85.744,2.3636,41,1,pythia_1.416184B_trajectory,2.3611185727146795,0.0024814272853204145
1.416184,87.079,2.3573,41,1,pythia_1.416184B_trajectory,2.359578963605119,-0.0022789636051192552
1.416184,88.436,2.356,42,1,pythia_1.416184B_trajectory,2.358044637567537,-0.002044637567537144
1.416184,89.813,2.3577,42,1,pythia_1.416184B_trajectory,2.3565181963153203,0.001181803684679572
1.416184,91.212,2.3538,43,1,pythia_1.416184B_trajectory,2.3549977396378856,-0.0011977396378854976
1.416184,92.633,2.355,44,1,pythia_1.416184B_trajectory,2.3534836267052737,0.0015163732947263142
1.416184,94.076,2.3535,45,1,pythia_1.416184B_trajectory,2.351976193205298,0.0015238067947018763
1.416184,95.542,2.3481,45,1,pythia_1.416184B_trajectory,2.3504747381769144,-0.0023747381769143594
1.416184,97.03,2.3455,46,1,pythia_1.416184B_trajectory,2.348980607003383,-0.0034806070033832626
1.416184,98.542,2.3518,47,1,pythia_1.416184B_trajectory,2.3474921197929417,0.00430788020705819
1.416184,100.077,2.3462,47,1,pythia_1.416184B_trajectory,2.346010596601433,0.00018940339856721167
1.416184,101.636,2.3476,48,1,pythia_1.416184B_trajectory,2.344535385203368,0.0030646147966320036
1.416184,103.219,2.3433,49,1,pythia_1.416184B_trajectory,2.3430668050422283,0.00023319495777185395
1.416184,104.827,2.3402,50,1,pythia_1.416184B_trajectory,2.3416042533026116,-0.0014042533026117354
1.416184,106.46,2.3431,50,1,pythia_1.416184B_trajectory,2.3401480599269995,0.002951940073000703
1.416184,108.118,2.3384,51,1,pythia_1.416184B_trajectory,2.3386985328712537,-0.0002985328712536983
1.416184,109.802,2.3367,52,1,pythia_1.416184B_trajectory,2.3372551102936656,-0.0005551102936656171
1.416184,111.513,2.337,53,1,pythia_1.416184B_trajectory,2.335817276626619,0.0011827233733812115
1.416184,113.25,2.3354,54,1,pythia_1.416184B_trajectory,2.334386191727205,0.0010138082727948472
1.416184,115.014,2.3334,55,1,pythia_1.416184B_trajectory,2.332961329539449,0.0004386704605510161
1.416184,116.806,2.3336,55,1,pythia_1.416184B_trajectory,2.3315422070762817,0.002057792923718438
1.416184,118.625,2.33,56,1,pythia_1.416184B_trajectory,2.330129919710522,-0.0001299197105217864
1.416184,120.473,2.3273,57,1,pythia_1.416184B_trajectory,2.3287232198483667,-0.0014232198483665748
1.416184,122.35,2.3252,58,1,pythia_1.416184B_trajectory,2.3273224369724224,-0.0021224369724222036
1.416184,124.256,2.3247,59,1,pythia_1.416184B_trajectory,2.3259278789450435,-0.0012278789450435035
1.416184,126.191,2.324,60,1,pythia_1.416184B_trajectory,2.3245398328857974,-0.0005398328857975088
1.416184,128.157,2.3248,61,1,pythia_1.416184B_trajectory,2.3231571732826883,0.0016428267173118627
1.416184,130.154,2.3234,62,1,pythia_1.416184B_trajectory,2.321780230134559,0.0016197698654409898
1.416184,132.181,2.3173,63,1,pythia_1.416184B_trajectory,2.3204099812974883,-0.0031099812974884067
1.416184,134.24,2.3192,64,1,pythia_1.416184B_trajectory,2.3190453628430343,0.0001546371569656202
1.416184,136.331,2.319,65,1,pythia_1.416184B_trajectory,2.317686682213193,0.001313317786806767
1.416184,138.455,2.317,66,1,pythia_1.416184B_trajectory,2.316333595571022,0.0006664044289781401
1.416184,140.612,2.3148,67,1,pythia_1.416184B_trajectory,2.3149864072688713,-0.00018640726887131365
1.416184,142.802,2.3141,68,1,pythia_1.416184B_trajectory,2.3136454013503025,0.0004545986496973242
1.416184,145.027,2.3113,69,1,pythia_1.416184B_trajectory,2.3123096535145664,-0.0010096535145662777
1.416184,147.286,2.3108,70,1,pythia_1.416184B_trajectory,2.3109800623010446,-0.00018006230104461451
1.416184,149.58,2.3095,71,1,pythia_1.416184B_trajectory,2.309656317197315,-0.0001563171973151256
1.416184,151.91,2.307,72,1,pythia_1.416184B_trajectory,2.308338133995828,-0.0013381339958282723
1.416184,154.277,2.3066,73,1,pythia_1.416184B_trajectory,2.307025253367002,-0.00042525336700194316
1.416184,156.68,2.3052,74,1,pythia_1.416184B_trajectory,2.3057185163859852,-0.0005185163859851016
1.416184,159.121,2.3048,76,1,pythia_1.416184B_trajectory,2.30441711824921,0.0003828817507902649
1.416184,161.6,2.3041,77,1,pythia_1.416184B_trajectory,2.3031213540597877,0.0009786459402123526
1.416184,164.117,2.2993,78,1,pythia_1.416184B_trajectory,2.3018314992953153,-0.002531499295315154
1.416184,166.674,2.3017,79,1,pythia_1.416184B_trajectory,2.300546815653458,0.001153184346541991
1.416184,169.27,2.2986,80,1,pythia_1.416184B_trajectory,2.2992680879382874,-0.0006680879382874316
1.416184,171.907,2.296,82,1,pythia_1.416184B_trajectory,2.297994608605832,-0.0019946086058322265
1.416184,174.585,2.297,83,1,pythia_1.416184B_trajectory,2.2967266649933786,0.0002733350066215223
1.416184,177.304,2.2944,84,1,pythia_1.416184B_trajectory,2.295464525291744,-0.0010645252917438341
1.416184,180.066,2.293,86,1,pythia_1.416184B_trajectory,2.29420753807743,-0.0012075380774296818
1.416184,182.871,2.2885,87,1,pythia_1.416184B_trajectory,2.2929559885267525,-0.004455988526752552
1.416184,185.72,2.293,88,1,pythia_1.416184B_trajectory,2.291709709714955,0.001290290285045348
1.416184,188.613,2.292,90,1,pythia_1.416184B_trajectory,2.2904689751277583,0.0015310248722415487
1.416184,191.551,2.288,91,1,pythia_1.416184B_trajectory,2.2892336234742388,-0.001233623474238943
1.416184,194.535,2.2891,93,1,pythia_1.416184B_trajectory,2.2880035084023307,0.0010964915976692247
1.416184,197.566,2.2854,94,1,pythia_1.416184B_trajectory,2.28677849763028,-0.0013784976302799734
1.416184,200.643,2.2844,96,1,pythia_1.416184B_trajectory,2.2855592568080514,-0.001159256808051179
1.416184,203.769,2.2861,97,1,pythia_1.416184B_trajectory,2.284344863899933,0.0017551361000669452
1.416184,206.943,2.2839,99,1,pythia_1.416184B_trajectory,2.2831359791470693,0.0007640208529307024
1.416184,210.167,2.2836,100,1,pythia_1.416184B_trajectory,2.2819321054120976,0.0016678945879022855
1.416184,213.441,2.2797,102,1,pythia_1.416184B_trajectory,2.2807335115011713,-0.0010335115011712581
1.416184,216.766,2.2786,103,1,pythia_1.416184B_trajectory,2.279540092835877,-0.0009400928358771488
1.416184,220.142,2.2759,105,1,pythia_1.416184B_trajectory,2.278352103860777,-0.0024521038607767665
1.416184,223.572,2.2795,106,1,pythia_1.416184B_trajectory,2.2771687568358425,0.0023312431641575593
1.416184,227.054,2.2763,108,1,pythia_1.416184B_trajectory,2.275991002242664,0.00030899775733583823
1.416184,230.591,2.2795,110,1,pythia_1.416184B_trajectory,2.274818077983328,0.004681922016672058
1.416184,234.183,2.2721,112,1,pythia_1.416184B_trajectory,2.2736502488716877,-0.0015502488716876428
1.416184,237.831,2.2724,113,1,pythia_1.416184B_trajectory,2.272487446465334,-8.744646533376255e-05
1.416184,241.536,2.2717,115,1,pythia_1.416184B_trajectory,2.2713296101306457,0.00037038986935433726
1.416184,245.299,2.2722,117,1,pythia_1.416184B_trajectory,2.270176686526553,0.002023313473447086
1.416184,249.12,2.2693,119,1,pythia_1.416184B_trajectory,2.26902892654008,0.00027107345992005705
1.416184,253.001,2.2654,121,1,pythia_1.416184B_trajectory,2.267885980879958,-0.002485980879957772
1.416184,256.942,2.2673,122,1,pythia_1.416184B_trajectory,2.2667481014519004,0.0005518985480996719
1.416184,260.944,2.2679,124,1,pythia_1.416184B_trajectory,2.265615242921323,0.0022847570786770355
1.416184,265.009,2.2632,126,1,pythia_1.416184B_trajectory,2.2644870908583177,-0.0012870908583177965
1.416184,269.138,2.2651,128,1,pythia_1.416184B_trajectory,2.2633636270789874,0.0017363729210124745
1.416184,273.33,2.2638,130,1,pythia_1.416184B_trajectory,2.262245365952543,0.0015546340474568154
1.416184,277.588,2.2602,132,1,pythia_1.416184B_trajectory,2.261131748532409,-0.0009317485324089603
1.416184,281.912,2.2616,134,1,pythia_1.416184B_trajectory,2.260023022944625,0.0015769770553748508
1.416184,286.304,2.2539,136,1,pythia_1.416184B_trajectory,2.258918922860902,-0.005018922860902109
1.416184,290.764,2.2589,139,1,pythia_1.416184B_trajectory,2.257819693100781,0.001080306899219341
1.416184,295.293,2.2523,141,1,pythia_1.416184B_trajectory,2.2567253227904693,-0.004425322790469366
1.416184,299.893,2.2583,143,1,pythia_1.416184B_trajectory,2.255635569468821,0.0026644305311793737
11.965825,0.134,4.0229,0,1,pythia_11.965825B_trajectory,4.018851067484157,0.004048932515843262
11.965825,0.136,4.0139,0,1,pythia_11.965825B_trajectory,4.009843774193341,0.004056225806658986
11.965825,0.138,4.0009,0,1,pythia_11.965825B_trajectory,4.001004437866943,-0.00010443786694303014
11.965825,0.14,3.9916,0,1,pythia_11.965825B_trajectory,3.992327559694219,-0.0007275596942188933
11.965825,0.143,3.9808,0,1,pythia_11.965825B_trajectory,3.9796054473942455,0.0011945526057544065
11.965825,0.145,3.9771,0,1,pythia_11.965825B_trajectory,3.9713122956340707,0.005787704365929347
11.965825,0.147,3.9668,0,1,pythia_11.965825B_trajectory,3.963164269496199,0.00363573050380106
11.965825,0.149,3.9594,0,1,pythia_11.965825B_trajectory,3.9551569060628906,0.004243093937109421
11.965825,0.152,3.952,0,1,pythia_11.965825B_trajectory,3.943400317571864,0.008599682428136024
11.965825,0.154,3.9419,0,1,pythia_11.965825B_trajectory,3.9357263373529965,0.006173662647003475
11.965825,0.156,3.935,0,1,pythia_11.965825B_trajectory,3.928178863767692,0.006821136232308067
11.965825,0.159,3.9255,0,1,pythia_11.965825B_trajectory,3.917086871732375,0.00841312826762497
11.965825,0.161,3.9139,0,1,pythia_11.965825B_trajectory,3.9098399467151923,0.00406005328480763
11.965825,0.164,3.9102,0,1,pythia_11.965825B_trajectory,3.8991828997600755,0.011017100239924638
11.965825,0.166,3.8952,0,1,pythia_11.965825B_trajectory,3.892215847585225,0.002984152414775121
11.965825,0.169,3.8889,0,1,pythia_11.965825B_trajectory,3.881964267632705,0.0069357323672951665
11.965825,0.172,3.8828,0,1,pythia_11.965825B_trajectory,3.871942994090263,0.010857005909736817
11.965825,0.174,3.873,0,1,pythia_11.965825B_trajectory,3.865385599014911,0.007614400985089365
11.965825,0.177,3.8644,0,1,pythia_11.965825B_trajectory,3.855728291686451,0.008671708313548798
11.965825,0.18,3.8529,0,1,pythia_11.965825B_trajectory,3.8462782386919567,0.006621761308043261
11.965825,0.183,3.846,0,1,pythia_11.965825B_trajectory,3.837027647478182,0.008972352521817939
11.965825,0.185,3.8379,0,1,pythia_11.965825B_trajectory,3.8309677391781602,0.00693226082183962
11.965825,0.188,3.8296,0,1,pythia_11.965825B_trajectory,3.8220333808523788,0.007566619147621356
11.965825,0.191,3.8217,0,1,pythia_11.965825B_trajectory,3.813279655565188,0.008420344434811877
11.965825,0.194,3.8074,0,1,pythia_11.965825B_trajectory,3.8047001589841827,0.002699841015817217
11.965825,0.197,3.8053,0,1,pythia_11.965825B_trajectory,3.796288808439884,0.009011191560115872
11.965825,0.2,3.7942,0,1,pythia_11.965825B_trajectory,3.7880398221618954,0.00616017783810463
11.965825,0.203,3.7885,0,1,pythia_11.965825B_trajectory,3.7799477001440223,0.008552299855977719
11.965825,0.207,3.7773,0,1,pythia_11.965825B_trajectory,3.7693932014787226,0.007906798521277292
11.965825,0.21,3.7723,0,1,pythia_11.965825B_trajectory,3.761647160341427,0.010652839658572777
11.965825,0.213,3.765,0,1,pythia_11.965825B_trajectory,3.754041468219717,0.010958531780282943
11.965825,0.216,3.7509,0,1,pythia_11.965825B_trajectory,3.7465716584596516,0.004328341540348557
11.965825,0.22,3.7456,0,1,pythia_11.965825B_trajectory,3.7368159407090946,0.008784059290905422
11.965825,0.223,3.7376,0,1,pythia_11.965825B_trajectory,3.729646930580435,0.007953069419564862
11.965825,0.227,3.7281,0,1,pythia_11.965825B_trajectory,3.7202779890225477,0.007822010977452276
11.965825,0.23,3.7196,0,1,pythia_11.965825B_trajectory,3.713388859977906,0.006211140022093886
11.965825,0.234,3.7102,0,1,pythia_11.965825B_trajectory,3.704380200075378,0.0058197999246218934
11.965825,0.237,3.7014,0,1,pythia_11.965825B_trajectory,3.697752064425722,0.003647935574278005
11.965825,0.241,3.6935,0,1,pythia_11.965825B_trajectory,3.6890797264430493,0.004420273556950516
11.965825,0.245,3.6818,0,1,pythia_11.965825B_trajectory,3.6805896834470486,0.0012103165529513404
11.965825,0.249,3.6761,0,1,pythia_11.965825B_trajectory,3.6722752197788573,0.003824780221142632
11.965825,0.253,3.6653,0,1,pythia_11.965825B_trajectory,3.6641299700422714,0.0011700299577284135
11.965825,0.256,3.657,0,1,pythia_11.965825B_trajectory,3.658128435119281,-0.0011284351192810682
11.965825,0.26,3.6482,0,1,pythia_11.965825B_trajectory,3.6502649637668854,-0.0020649637668852527
11.965825,0.265,3.6428,0,1,pythia_11.965825B_trajectory,3.640650624811499,0.0021493751885008905
11.965825,0.269,3.6342,0,1,pythia_11.965825B_trajectory,3.633124799649206,0.0010752003507938923
11.965825,0.273,3.6318,0,1,pythia_11.965825B_trajectory,3.625740857235117,0.006059142764883063
11.965825,0.277,3.6173,0,1,pythia_11.965825B_trajectory,3.618494101836984,-0.001194101836983652
11.965825,0.281,3.6108,0,1,pythia_11.965825B_trajectory,3.6113800581011866,-0.0005800581011867756
11.965825,0.286,3.6087,0,1,pythia_11.965825B_trajectory,3.602667645456803,0.006032354543196838
11.965825,0.29,3.597,0,1,pythia_11.965825B_trajectory,3.5958368926389648,0.0011631073610351983
11.965825,0.295,3.5926,0,1,pythia_11.965825B_trajectory,3.5874661125521667,0.005133887447833274
11.965825,0.299,3.5878,0,1,pythia_11.965825B_trajectory,3.580899161948465,0.006900838051535185
11.965825,0.304,3.5786,0,1,pythia_11.965825B_trajectory,3.572846860825555,0.005753139174444755
11.965825,0.309,3.571,0,1,pythia_11.965825B_trajectory,3.56496230602607,0.006037693973930391
11.965825,0.314,3.5648,0,1,pythia_11.965825B_trajectory,3.55723937229613,0.007560627703870004
11.965825,0.318,3.5584,0,1,pythia_11.965825B_trajectory,3.5511734790386367,0.007226520961363114
11.965825,0.323,3.5537,0,1,pythia_11.965825B_trajectory,3.543727025025131,0.009972974974869153
11.965825,0.328,3.5415,0,1,pythia_11.965825B_trajectory,3.536426660152773,0.005073339847227132
11.965825,0.334,3.5358,0,1,pythia_11.965825B_trajectory,3.5278519974435145,0.007948002556485534
11.965825,0.339,3.5257,0,1,pythia_11.965825B_trajectory,3.5208556730200637,0.004844326979936309
11.965825,0.344,3.5219,0,1,pythia_11.965825B_trajectory,3.5139901887372544,0.007909811262745592
11.965825,0.349,3.5121,0,1,pythia_11.965825B_trajectory,3.507251248628314,0.004848751371686166
11.965825,0.355,3.5081,0,1,pythia_11.965825B_trajectory,3.4993258051129903,0.008774194887009923
11.965825,0.36,3.4981,0,1,pythia_11.965825B_trajectory,3.4928511085267635,0.005248891473236483
11.965825,0.366,3.4955,0,1,pythia_11.965825B_trajectory,3.4852317493461435,0.010268250653856281
11.965825,0.372,3.4866,0,1,pythia_11.965825B_trajectory,3.4777706023481194,0.008829397651880733
11.965825,0.377,3.4771,0,1,pythia_11.965825B_trajectory,3.471669672719626,0.005430327280373959
11.965825,0.383,3.4719,0,1,pythia_11.965825B_trajectory,3.464483839586169,0.0074161604138311965
11.965825,0.389,3.4686,0,1,pythia_11.965825B_trajectory,3.4574406590634164,0.01115934093658355
11.965825,0.395,3.4545,0,1,pythia_11.965825B_trajectory,3.450535163544826,0.00396483645517387
11.965825,0.402,3.4522,0,1,pythia_11.965825B_trajectory,3.442646483261914,0.00955351673808602
11.965825,0.408,3.441,0,1,pythia_11.965825B_trajectory,3.4360234099756646,0.004976590024335259
11.965825,0.414,3.439,0,1,pythia_11.965825B_trajectory,3.4295238356416924,0.00947616435830767
11.965825,0.421,3.4313,0,1,pythia_11.965825B_trajectory,3.422091704252379,0.00920829574762072
11.965825,0.427,3.4247,0,1,pythia_11.965825B_trajectory,3.4158460901160046,0.008853909883995481
11.965825,0.434,3.415,0,1,pythia_11.965825B_trajectory,3.4086999948258914,0.006300005174108669
11.965825,0.441,3.4099,0,1,pythia_11.965825B_trajectory,3.4016999156035834,0.008200084396416507
11.965825,0.447,3.4049,0,1,pythia_11.965825B_trajectory,3.3958120919104755,0.009087908089524532
11.965825,0.454,3.3941,0,1,pythia_11.965825B_trajectory,3.389069508314073,0.00503049168592673
11.965825,0.461,3.3886,0,1,pythia_11.965825B_trajectory,3.3824586855252443,0.0061413144747555215
11.965825,0.469,3.383,0,1,pythia_11.965825B_trajectory,3.375059014151235,0.007940985848764903
11.965825,0.476,3.3741,0,1,pythia_11.965825B_trajectory,3.368715604373962,0.0053843956260379855
11.965825,0.483,3.3665,0,1,pythia_11.965825B_trajectory,3.362490478726654,0.004009521273345751
11.965825,0.491,3.3572,0,1,pythia_11.965825B_trajectory,3.355515927745132,0.0016840722548683296
11.965825,0.499,3.3526,0,1,pythia_11.965825B_trajectory,3.348685324028004,0.003914675971995685
11.965825,0.506,3.345,0,1,pythia_11.965825B_trajectory,3.342822526472097,0.0021774735279032065
11.965825,0.514,3.3335,0,1,pythia_11.965825B_trajectory,3.336247996208651,-0.00274799620865096
11.965825,0.522,3.3309,0,1,pythia_11.965825B_trajectory,3.3298031448955694,0.001096855104430805
11.965825,0.53,3.3231,0,1,pythia_11.965825B_trajectory,3.323483485268694,-0.0003834852686939172
11.965825,0.539,3.3186,0,1,pythia_11.965825B_trajectory,3.3165182062944654,0.002081793705534629
11.965825,0.547,3.3151,0,1,pythia_11.965825B_trajectory,3.31045066668539,0.00464933331461026
11.965825,0.556,3.3027,0,1,pythia_11.965825B_trajectory,3.3037590030747013,-0.0010590030747010815
11.965825,0.564,3.3022,0,1,pythia_11.965825B_trajectory,3.2979262082019805,0.004273791798019566
11.965825,0.573,3.2943,0,1,pythia_11.965825B_trajectory,3.291489583765217,0.002810416234782842
11.965825,0.582,3.2868,0,1,pythia_11.965825B_trajectory,3.2851810698997848,0.001618930100215188
11.965825,0.591,3.2822,0,1,pythia_11.965825B_trajectory,3.2789961940117056,0.0032038059882943948
11.965825,0.6,3.2765,0,1,pythia_11.965825B_trajectory,3.272930704758447,0.0035692952415531387
11.965825,0.61,3.2725,0,1,pythia_11.965825B_trajectory,3.266326381427519,0.006173618572480777
11.965825,0.619,3.2654,0,1,pythia_11.965825B_trajectory,3.260499885590162,0.004900114409838174
11.965825,0.629,3.2609,0,1,pythia_11.965825B_trajectory,3.2541518444429363,0.006748155557063651
11.965825,0.638,3.2483,0,1,pythia_11.965825B_trajectory,3.248548068590969,-0.00024806859096893064
11.965825,0.648,3.2455,0,1,pythia_11.965825B_trajectory,3.2424391155119645,0.0030608844880353203
11.965825,0.659,3.2403,0,1,pythia_11.965825B_trajectory,3.235857110256185,0.004442889743815126
11.965825,0.669,3.2349,0,1,pythia_11.965825B_trajectory,3.2299943433173945,0.004905656682605564
11.965825,0.679,3.2313,0,1,pythia_11.965825B_trajectory,3.2242426786627645,0.007057321337235578
11.965825,0.69,3.2207,0,1,pythia_11.965825B_trajectory,3.2180397649976946,0.002660235002305278
11.965825,0.701,3.2193,0,1,pythia_11.965825B_trajectory,3.2119621406258894,0.007337859374110689
11.965825,0.711,3.2109,0,1,pythia_11.965825B_trajectory,3.2065420109487826,0.004357989051217537
11.965825,0.723,3.2088,0,1,pythia_11.965825B_trajectory,3.200165230692173,0.008634769307827028
11.965825,0.734,3.2029,0,1,pythia_11.965825B_trajectory,3.1944377229647185,0.008462277035281573
11.965825,0.745,3.1976,0,1,pythia_11.965825B_trajectory,3.18881903260111,0.008780967398890116
11.965825,0.757,3.1894,0,1,pythia_11.965825B_trajectory,3.182809398380243,0.006590601619757219
11.965825,0.769,3.1839,0,1,pythia_11.965825B_trajectory,3.1769204712056647,0.006979528794335277
11.965825,0.781,3.1788,0,1,pythia_11.965825B_trajectory,3.1711479989707367,0.007652001029263111
11.965825,0.793,3.1734,0,1,pythia_11.965825B_trajectory,3.1654879417803046,0.007912058219695428
11.965825,0.805,3.1662,0,1,pythia_11.965825B_trajectory,3.1599364583376692,0.006263541662330674
11.965825,0.818,3.1623,0,1,pythia_11.965825B_trajectory,3.154040638570277,0.008259361429723278
11.965825,0.83,3.1533,0,1,pythia_11.965825B_trajectory,3.1487038125627844,0.004596187437215793
11.965825,0.843,3.1492,0,1,pythia_11.965825B_trajectory,3.143032573729603,0.006167426270396792
11.965825,0.856,3.1422,0,1,pythia_11.965825B_trajectory,3.1374721785217408,0.00472782147825912
11.965825,0.87,3.1399,0,1,pythia_11.965825B_trajectory,3.1316036659952937,0.008296334004706196
11.965825,0.883,3.1289,0,1,pythia_11.965825B_trajectory,3.126261550552651,0.002638449447348812
11.965825,0.897,3.1241,0,1,pythia_11.965825B_trajectory,3.120619935156384,0.00348006484361596
11.965825,0.911,3.1184,0,1,pythia_11.965825B_trajectory,3.1150899045758753,0.003310095424124526
11.965825,0.925,3.1108,0,1,pythia_11.965825B_trajectory,3.1096675871622783,0.0011324128377214748
11.965825,0.94,3.1068,0,1,pythia_11.965825B_trajectory,3.1039733112983425,0.002826688701657254
11.965825,0.954,3.1034,0,1,pythia_11.965825B_trajectory,3.0987626057635067,0.004637394236493453
11.965825,0.969,3.0919,0,1,pythia_11.965825B_trajectory,3.093287219422482,-0.001387219422482211
11.965825,0.984,3.0909,0,1,pythia_11.965825B_trajectory,3.0879192525977217,0.002980747402278272
11.965825,1.0,3.0859,0,1,pythia_11.965825B_trajectory,3.0823076590240266,0.003592340975973496
11.965825,1.015,3.0805,0,1,pythia_11.965825B_trajectory,3.0771501789438473,0.0033498210561524466
11.965825,1.031,3.0759,0,1,pythia_11.965825B_trajectory,3.0717553065477095,0.004144693452290404
11.965825,1.047,3.0729,0,1,pythia_11.965825B_trajectory,3.0664665383977736,0.006433461602226576
11.965825,1.063,3.0604,0,1,pythia_11.965825B_trajectory,3.061280213401533,-0.0008802134015328811
11.965825,1.08,3.0576,0,1,pythia_11.965825B_trajectory,3.0558780985473613,0.001721901452638619
11.965825,1.097,3.0549,0,1,pythia_11.965825B_trajectory,3.05058373402482,0.004316265975179867
11.965825,1.114,3.0467,0,1,pythia_11.965825B_trajectory,3.0453933501327217,0.0013066498672782423
11.965825,1.131,3.0422,0,1,pythia_11.965825B_trajectory,3.040303364037306,0.00189663596269396
11.965825,1.149,3.0414,0,1,pythia_11.965825B_trajectory,3.035019612534046,0.0063803874659540405
11.965825,1.167,3.0308,0,1,pythia_11.965825B_trajectory,3.0298407536621985,0.0009592463378016447
11.965825,1.185,3.0283,0,1,pythia_11.965825B_trajectory,3.0247631347348647,0.003536865265135525
11.965825,1.203,3.0223,0,1,pythia_11.965825B_trajectory,3.0197832833041147,0.0025167166958852683
11.965825,1.222,3.0157,0,1,pythia_11.965825B_trajectory,3.014629191166531,0.0010708088334689947
11.965825,1.241,3.0124,0,1,pythia_11.965825B_trajectory,3.009576657654561,0.002823342345438906
11.965825,1.26,3.007,0,1,pythia_11.965825B_trajectory,3.0046221720537396,0.0023778279462605134
11.965825,1.28,3.0048,0,1,pythia_11.965825B_trajectory,2.999509180530886,0.0052908194691139165
11.965825,1.3,2.9968,0,1,pythia_11.965825B_trajectory,2.994497429994813,0.0023025700051868547
11.965825,1.32,2.9937,0,1,pythia_11.965825B_trajectory,2.9895834038727376,0.004116596127262451
11.965825,1.341,2.9869,0,1,pythia_11.965825B_trajectory,2.984525196190936,0.0023748038090638524
11.965825,1.362,2.9844,0,1,pythia_11.965825B_trajectory,2.979567366590431,0.004832633409568743
11.965825,1.383,2.9811,0,1,pythia_11.965825B_trajectory,2.974706420865763,0.006393579134237104
11.965825,1.404,2.972,0,1,pythia_11.965825B_trajectory,2.969939037168558,0.0020609628314418593
11.965825,1.426,2.9686,0,1,pythia_11.965825B_trajectory,2.965041544741492,0.003558455258507731
11.965825,1.449,2.9629,0,1,pythia_11.965825B_trajectory,2.960023775063955,0.002876224936045002
11.965825,1.471,2.9615,0,1,pythia_11.965825B_trajectory,2.9553186488991416,0.006181351100858379
11.965825,1.494,2.9581,0,1,pythia_11.965825B_trajectory,2.950494991999455,0.007605008000544977
11.965825,1.517,2.9514,0,1,pythia_11.965825B_trajectory,2.9457654542112306,0.0056345457887694295
11.965825,1.541,2.9449,0,1,pythia_11.965825B_trajectory,2.9409271472623972,0.003972852737602839
11.965825,1.565,2.9439,0,1,pythia_11.965825B_trajectory,2.936184334547478,0.0077156654525221136
11.965825,1.589,2.9384,0,1,pythia_11.965825B_trajectory,2.9315337096005933,0.0068662903994067825
11.965825,1.614,2.9316,0,1,pythia_11.965825B_trajectory,2.926783949963001,0.00481605003699892
11.965825,1.639,2.9266,0,1,pythia_11.965825B_trajectory,2.922127431219855,0.004472568780145014
11.965825,1.665,2.9222,0,1,pythia_11.965825B_trajectory,2.917380111413613,0.004819888586387044
11.965825,1.691,2.9209,0,1,pythia_11.965825B_trajectory,2.912726736123809,0.008173263876190884
11.965825,1.717,2.9133,0,1,pythia_11.965825B_trajectory,2.9081640441292693,0.00513595587073068
11.965825,1.744,2.907,0,1,pythia_11.965825B_trajectory,2.9035185235904812,0.003481476409518791
11.965825,1.771,2.9001,0,1,pythia_11.965825B_trajectory,2.8989641520971308,0.001135847902869358
11.965825,1.799,2.8965,0,1,pythia_11.965825B_trajectory,2.8943340220227993,0.0021659779772007504
11.965825,1.827,2.8934,0,1,pythia_11.965825B_trajectory,2.8897952186872673,0.0036047813127328965
11.965825,1.855,2.8912,0,1,pythia_11.965825B_trajectory,2.8853445819230537,0.005855418076946339
11.965825,1.884,2.8831,0,1,pythia_11.965825B_trajectory,2.8808247354267493,0.0022752645732508903
11.965825,1.913,2.877,0,1,pythia_11.965825B_trajectory,2.8763930680053527,0.0006069319946471197
11.965825,1.943,2.8771,0,1,pythia_11.965825B_trajectory,2.8718981654127793,0.005201834587220677
11.965825,1.973,2.8696,0,1,pythia_11.965825B_trajectory,2.8674912218785527,0.0021087781214474965
11.965825,2.004,2.8632,0,1,pythia_11.965825B_trajectory,2.863026579540712,0.00017342045928803174
11.965825,2.035,2.8617,0,1,pythia_11.965825B_trajectory,2.858649466723198,0.0030505332768018256
11.965825,2.067,2.8552,0,1,pythia_11.965825B_trajectory,2.854219776431272,0.000980223568728178
11.965825,2.099,2.8496,1,1,pythia_11.965825B_trajectory,2.849876998870461,-0.00027699887046095384
11.965825,2.132,2.8428,1,1,pythia_11.965825B_trajectory,2.8454863737723763,-0.0026863737723763492
11.965825,2.165,2.8422,1,1,pythia_11.965825B_trajectory,2.8411818786717116,0.0010181213282884904
11.965825,2.199,2.8376,1,1,pythia_11.965825B_trajectory,2.8368338982945045,0.0007661017054956254
11.965825,2.233,2.8351,1,1,pythia_11.965825B_trajectory,2.832571119411044,0.0025288805889562838
11.965825,2.268,2.8317,1,1,pythia_11.965825B_trajectory,2.828268873282368,0.003431126717631905
11.965825,2.303,2.8278,1,1,pythia_11.965825B_trajectory,2.824050773303755,0.0037492266962448895
11.965825,2.339,2.8213,1,1,pythia_11.965825B_trajectory,2.819796902795521,0.0015030972044787205
11.965825,2.375,2.8166,1,1,pythia_11.965825B_trajectory,2.8156260138734748,0.000973986126525439
11.965825,2.412,2.8121,1,1,pythia_11.965825B_trajectory,2.8114227520004946,0.0006772479995054148
11.965825,2.45,2.8109,1,1,pythia_11.965825B_trajectory,2.8071909290648542,0.0037090709351459417
11.965825,2.488,2.8064,1,1,pythia_11.965825B_trajectory,2.803042289717651,0.0033577102823492133
11.965825,2.527,2.8025,1,1,pythia_11.965825B_trajectory,2.798867963537955,0.0036320364620450185
11.965825,2.566,2.7963,1,1,pythia_11.965825B_trajectory,2.7947752879650745,0.001524712034925546
11.965825,2.606,2.7949,1,1,pythia_11.965825B_trajectory,2.7906595550283417,0.00424044497165843
11.965825,2.647,2.7928,1,1,pythia_11.965825B_trajectory,2.786524002415362,0.006275997584638038
11.965825,2.688,2.7865,1,1,pythia_11.965825B_trajectory,2.7824696321955744,0.004030367804425783
11.965825,2.73,2.7821,1,1,pythia_11.965825B_trajectory,2.778397629766836,0.0037023702331637764
11.965825,2.773,2.7759,1,1,pythia_11.965825B_trajectory,2.7743109107309465,0.0015890892690535452
11.965825,2.816,2.7726,1,1,pythia_11.965825B_trajectory,2.77030450490491,0.002295495095089972
11.965825,2.86,2.769,1,1,pythia_11.965825B_trajectory,2.7662851756200046,0.002714824379995484
11.965825,2.904,2.7689,1,1,pythia_11.965825B_trajectory,2.7623442194696355,0.00655578053036443
11.965825,2.949,2.7622,1,1,pythia_11.965825B_trajectory,2.758391967573565,0.003808032426435126
11.965825,2.995,2.7564,1,1,pythia_11.965825B_trajectory,2.7544308787931877,0.001969121206812474
11.965825,3.042,2.7573,1,1,pythia_11.965825B_trajectory,2.750463301907735,0.006836698092264726
11.965825,3.089,2.7466,1,1,pythia_11.965825B_trajectory,2.7465734164335744,2.6583566425486538e-05
11.965825,3.138,2.7427,1,1,pythia_11.965825B_trajectory,2.742597843940427,0.00010215605957331064
11.965825,3.186,2.7421,1,1,pythia_11.965825B_trajectory,2.7387797015308823,0.003320298469117855
11.965825,3.236,2.7383,1,1,pythia_11.965825B_trajectory,2.7348799768189176,0.0034200231810825876
11.965825,3.286,2.7356,1,1,pythia_11.965825B_trajectory,2.7310566188432954,0.004543381156704385
11.965825,3.338,2.7318,1,1,pythia_11.965825B_trajectory,2.7271585173446016,0.00464148265539821
11.965825,3.39,2.7256,1,1,pythia_11.965825B_trajectory,2.7233373721532494,0.0022626278467505756
11.965825,3.442,2.7249,1,1,pythia_11.965825B_trajectory,2.719590518026097,0.005309481973903019
11.965825,3.496,2.7186,1,1,pythia_11.965825B_trajectory,2.7157754705210393,0.0028245294789606135
11.965825,3.551,2.7193,1,1,pythia_11.965825B_trajectory,2.711966529731713,0.007333470268287012
11.965825,3.606,2.7122,1,1,pythia_11.965825B_trajectory,2.7082323567760134,0.003967643223986794
11.965825,3.662,2.7027,1,1,pythia_11.965825B_trajectory,2.7045044480706046,-0.0018044480706045363
11.965825,3.719,2.7008,1,1,pythia_11.965825B_trajectory,2.700784159581933,1.584041806701464e-05
11.965825,3.777,2.7014,1,1,pythia_11.965825B_trajectory,2.697072772588649,0.004327227411351053
11.965825,3.836,2.6954,1,1,pythia_11.965825B_trajectory,2.6933714960664767,0.0020285039335230515
11.965825,3.896,2.6905,1,1,pythia_11.965825B_trajectory,2.6896814690989523,0.0008185309010477759
11.965825,3.956,2.6887,1,1,pythia_11.965825B_trajectory,2.686063467337534,0.0026365326624659957
11.965825,4.018,2.6855,1,1,pythia_11.965825B_trajectory,2.6823979128773887,0.0031020871226115077
11.965825,4.08,2.6799,1,1,pythia_11.965825B_trajectory,2.6788040446663937,0.001095955333606291
11.965825,4.144,2.6743,1,1,pythia_11.965825B_trajectory,2.6751668306757117,-0.0008668306757115829
11.965825,4.209,2.6715,2,1,pythia_11.965825B_trajectory,2.6715456427235393,-4.564272353935195e-05
11.965825,4.274,2.6689,2,1,pythia_11.965825B_trajectory,2.66799533032991,0.0009046696700898416
11.965825,4.341,2.6656,2,1,pythia_11.965825B_trajectory,2.664407385322204,0.0011926146777958557
11.965825,4.408,2.6643,2,1,pythia_11.965825B_trajectory,2.660889625300176,0.0034103746998237483
11.965825,4.477,2.6568,2,1,pythia_11.965825B_trajectory,2.657337674513876,-0.0005376745138758743
11.965825,4.547,2.6576,2,1,pythia_11.965825B_trajectory,2.6538051321478964,0.0037948678521035895
11.965825,4.618,2.6501,2,1,pythia_11.965825B_trajectory,2.6502925235498647,-0.0001925235498645428
11.965825,4.69,2.6451,2,1,pythia_11.965825B_trajectory,2.6468003316112956,-0.0017003316112957911
11.965825,4.763,2.6421,2,1,pythia_11.965825B_trajectory,2.6433289987654165,-0.001228998765416378
11.965825,4.837,2.6394,2,1,pythia_11.965825B_trajectory,2.6398789289240896,-0.0004789289240894057
11.965825,4.912,2.6375,2,1,pythia_11.965825B_trajectory,2.636450489352849,0.0010495106471513083
11.965825,4.989,2.6339,2,1,pythia_11.965825B_trajectory,2.6329996339538346,0.0009003660461655016
11.965825,5.066,2.6303,2,1,pythia_11.965825B_trajectory,2.629616280685158,0.0006837193148419018
11.965825,5.145,2.628,2,1,pythia_11.965825B_trajectory,2.626212775150545,0.00178722484945526
11.965825,5.225,2.6224,2,1,pythia_11.965825B_trajectory,2.622833677810128,-0.00043367781012815243
11.965825,5.307,2.6192,2,1,pythia_11.965825B_trajectory,2.6194381401144655,-0.0002381401144653239
11.965825,5.389,2.6164,2,1,pythia_11.965825B_trajectory,2.6161090963604368,0.00029090363956330023
11.965825,5.473,2.6139,2,1,pythia_11.965825B_trajectory,2.612765415438159,0.0011345845618411232
11.965825,5.559,2.6077,2,1,pythia_11.965825B_trajectory,2.6094094913289387,-0.001709491328938828
11.965825,5.645,2.6082,2,1,pythia_11.965825B_trajectory,2.6061193659387363,0.0020806340612637975
11.965825,5.733,2.6003,2,1,pythia_11.965825B_trajectory,2.60281847732406,-0.0025184773240600755
11.965825,5.823,2.6003,2,1,pythia_11.965825B_trajectory,2.599508976697373,0.0007910233026269253
11.965825,5.913,2.5944,2,1,pythia_11.965825B_trajectory,2.596264304525451,-0.001864304525451388
11.965825,6.005,2.5898,2,1,pythia_11.965825B_trajectory,2.5930122146645735,-0.003212214664573665
11.965825,6.099,2.5937,2,1,pythia_11.965825B_trajectory,2.589754636334899,0.003945363665101009
11.965825,6.194,2.5808,2,1,pythia_11.965825B_trajectory,2.586527047145139,-0.005727047145139164
11.965825,6.29,2.5817,3,1,pythia_11.965825B_trajectory,2.5833292135378514,-0.0016292135378512818
11.965825,6.388,2.5849,3,1,pythia_11.965825B_trajectory,2.5801285536824197,0.00477144631758053
11.965825,6.488,2.5777,3,1,pythia_11.965825B_trajectory,2.5769267129944677,0.0007732870055323637
11.965825,6.589,2.5757,3,1,pythia_11.965825B_trajectory,2.5737563351228543,0.00194366487714559
11.965825,6.692,2.5734,3,1,pythia_11.965825B_trajectory,2.5705866010964638,0.0028133989035361573
11.965825,6.796,2.5659,3,1,pythia_11.965825B_trajectory,2.567448823598097,-0.0015488235980969378
11.965825,6.902,2.5645,3,1,pythia_11.965825B_trajectory,2.564313320027403,0.00018667997259669278
11.965825,7.009,2.564,3,1,pythia_11.965825B_trajectory,2.561210130005072,0.0027898699949280292
11.965825,7.118,2.5589,3,1,pythia_11.965825B_trajectory,2.558110664853179,0.0007893351468211129
11.965825,7.229,2.5577,3,1,pythia_11.965825B_trajectory,2.5550161407889367,0.0026838592110633996
11.965825,7.342,2.5539,3,1,pythia_11.965825B_trajectory,2.551927708735048,0.0019722912649520197
11.965825,7.456,2.5501,3,1,pythia_11.965825B_trajectory,2.548872987151621,0.0012270128483788945
11.965825,7.572,2.5494,3,1,pythia_11.965825B_trajectory,2.545825428989163,0.0035745710108368023
11.965825,7.69,2.5412,3,1,pythia_11.965825B_trajectory,2.5427860296923974,-0.001586029692397517
11.965825,7.81,2.541,3,1,pythia_11.965825B_trajectory,2.539755727455709,0.0012442725442909364
11.965825,7.932,2.5385,3,1,pythia_11.965825B_trajectory,2.5367354051948743,0.0017645948051256966
11.965825,8.055,2.5369,3,1,pythia_11.965825B_trajectory,2.5337499251847646,0.0031500748152355484
11.965825,8.181,2.5295,3,1,pythia_11.965825B_trajectory,2.53075152769529,-0.0012515276952900223
11.965825,8.308,2.5268,3,1,pythia_11.965825B_trajectory,2.5277885562136513,-0.0009885562136511261
11.965825,8.438,2.5236,4,1,pythia_11.965825B_trajectory,2.5248150375329406,-0.0012150375329404994
11.965825,8.569,2.5207,4,1,pythia_11.965825B_trajectory,2.521877374547506,-0.0011773745475056607
11.965825,8.703,2.5206,4,1,pythia_11.965825B_trajectory,2.5189313158609155,0.0016686841390844975
11.965825,8.838,2.5163,4,1,pythia_11.965825B_trajectory,2.5160214029326795,0.0002785970673206961
11.965825,8.976,2.5122,4,1,pythia_11.965825B_trajectory,2.5131050423374917,-0.0009050423374916683
11.965825,9.116,2.5152,4,1,pythia_11.965825B_trajectory,2.510204475950798,0.004995524049201894
11.965825,9.258,2.508,4,1,pythia_11.965825B_trajectory,2.5073201390277333,0.0006798609722666882
11.965825,9.402,2.5078,4,1,pythia_11.965825B_trajectory,2.504452431965707,0.003347568034293147
11.965825,9.548,2.5031,4,1,pythia_11.965825B_trajectory,2.5016017219349824,0.0014982780650174554
11.965825,9.697,2.5023,4,1,pythia_11.965825B_trajectory,2.4987493886175436,0.003550611382456381
11.965825,9.848,2.5004,4,1,pythia_11.965825B_trajectory,2.495915433280773,0.004484566719226812
11.965825,10.002,2.4934,4,1,pythia_11.965825B_trajectory,2.4930818895143405,0.00031811048565932865
11.965825,10.157,2.4877,4,1,pythia_11.965825B_trajectory,2.490285776877157,-0.002585776877157109
11.965825,10.316,2.4882,4,1,pythia_11.965825B_trajectory,2.487473687160411,0.0007263128395891272
11.965825,10.476,2.4826,5,1,pythia_11.965825B_trajectory,2.4846993597462097,-0.0020993597462095615
11.965825,10.64,2.4817,5,1,pythia_11.965825B_trajectory,2.481911397104737,-0.00021139710473683238
11.965825,10.805,2.4817,5,1,pythia_11.965825B_trajectory,2.4791613938108097,0.002538606189190329
11.965825,10.974,2.4746,5,1,pythia_11.965825B_trajectory,2.4763998889644365,-0.0017998889644363913
11.965825,11.145,2.4744,5,1,pythia_11.965825B_trajectory,2.4736605568612564,0.000739443138743745
11.965825,11.318,2.469,5,1,pythia_11.965825B_trajectory,2.4709433887299217,-0.0019433887299218355
11.965825,11.495,2.4656,5,1,pythia_11.965825B_trajectory,2.4682178650980995,-0.002617865098099692
11.965825,11.674,2.469,5,1,pythia_11.965825B_trajectory,2.465515633391354,0.003484366608645928
11.965825,11.855,2.4645,5,1,pythia_11.965825B_trajectory,2.462836602375564,0.0016633976244362358
11.965825,12.04,2.4601,5,1,pythia_11.965825B_trajectory,2.4601519298074463,-5.1929807446171594e-05
11.965825,12.228,2.4608,5,1,pythia_11.965825B_trajectory,2.45747727463976,0.0033227253602396978
11.965825,12.418,2.4569,5,1,pythia_11.965825B_trajectory,2.454827113302858,0.002072886697142007
11.965825,12.612,2.4522,6,1,pythia_11.965825B_trajectory,2.4521741760840285,2.582391597139022e-05
11.965825,12.808,2.4505,6,1,pythia_11.965825B_trajectory,2.4495464069671318,0.0009535930328681275
11.965825,13.008,2.4443,6,1,pythia_11.965825B_trajectory,2.4469175381107267,-0.002617538110726514
11.965825,13.21,2.4397,6,1,pythia_11.965825B_trajectory,2.444314374811939,-0.004614374811938937
11.965825,13.416,2.443,6,1,pythia_11.965825B_trajectory,2.441711615260048,0.0012883847399520754
11.965825,13.625,2.4408,6,1,pythia_11.965825B_trajectory,2.439122708601211,0.001677291398789027
11.965825,13.837,2.4364,6,1,pythia_11.965825B_trajectory,2.436548055518557,-0.00014805551855712196
11.965825,14.053,2.4371,6,1,pythia_11.965825B_trajectory,2.4339762353703525,0.003123764629647585
11.965825,14.272,2.4348,6,1,pythia_11.965825B_trajectory,2.4314198380591794,0.0033801619408206918
11.965825,14.494,2.4264,6,1,pythia_11.965825B_trajectory,2.428879159256944,-0.0024791592569437526
11.965825,14.72,2.4232,7,1,pythia_11.965825B_trajectory,2.426343357258132,-0.0031433572581320846
11.965825,14.949,2.4251,7,1,pythia_11.965825B_trajectory,2.4238242193243726,0.0012757806756273915
11.965825,15.182,2.4236,7,1,pythia_11.965825B_trajectory,2.4213112704622324,0.0022887295377675976
11.965825,15.418,2.4213,7,1,pythia_11.965825B_trajectory,2.4188157886398445,0.0024842113601555305
11.965825,15.659,2.4149,7,1,pythia_11.965825B_trajectory,2.4163173895307115,-0.001417389530711688
11.965825,15.903,2.4157,7,1,pythia_11.965825B_trajectory,2.4138375315586185,0.001862468441381715
11.965825,16.15,2.4099,7,1,pythia_11.965825B_trajectory,2.4113762950350983,-0.001476295035098385
11.965825,16.402,2.4079,7,1,pythia_11.965825B_trajectory,2.4089143952208927,-0.0010143952208925278
11.965825,16.657,2.4024,7,1,pythia_11.965825B_trajectory,2.406471980824441,-0.004071980824440935
11.965825,16.917,2.4043,8,1,pythia_11.965825B_trajectory,2.404030460558512,0.0002695394414882202
11.965825,17.18,2.4031,8,1,pythia_11.965825B_trajectory,2.401609148752188,0.0014908512478117864
11.965825,17.448,2.4014,8,1,pythia_11.965825B_trajectory,2.3991901240847775,0.002209875915222703
11.965825,17.72,2.3975,8,1,pythia_11.965825B_trajectory,2.3967831396100046,0.0007168603899954107
11.965825,17.996,2.3924,8,1,pythia_11.965825B_trajectory,2.3943886172609323,-0.001988617260932468
11.965825,18.276,2.3908,8,1,pythia_11.965825B_trajectory,2.392006947576528,-0.0012069475765281723
11.965825,18.561,2.3904,8,1,pythia_11.965825B_trajectory,2.389630233571622,0.0007697664283781158
11.965825,18.85,2.3918,9,1,pythia_11.965825B_trajectory,2.387267387544101,0.004532612455899088
11.965825,19.144,2.3878,9,1,pythia_11.965825B_trajectory,2.3849107668434186,0.0028892331565812945
11.965825,19.442,2.3832,9,1,pythia_11.965825B_trajectory,2.3825688873875603,0.0006311126124396438
11.965825,19.745,2.3764,9,1,pythia_11.965825B_trajectory,2.380234354076832,-0.0038343540768321915
11.965825,20.052,2.3753,9,1,pythia_11.965825B_trajectory,2.377915304951595,-0.002615304951594677
11.965825,20.365,2.3746,9,1,pythia_11.965825B_trajectory,2.3755972525154654,-0.000997252515465341
11.965825,20.682,2.3768,9,1,pythia_11.965825B_trajectory,2.373295594796137,0.0035044052038628593
11.965825,21.004,2.3761,10,1,pythia_11.965825B_trajectory,2.3710034031816964,0.005096596818303656
11.965825,21.331,2.3717,10,1,pythia_11.965825B_trajectory,2.3687211927988048,0.002978807201195366
11.965825,21.664,2.3684,10,1,pythia_11.965825B_trajectory,2.366442669247934,0.0019573307520657224
11.965825,22.001,2.3625,10,1,pythia_11.965825B_trajectory,2.3641819632880567,-0.0016819632880569202
11.965825,22.344,2.3596,10,1,pythia_11.965825B_trajectory,2.3619260684146344,-0.0023260684146344524
11.965825,22.692,2.361,10,1,pythia_11.965825B_trajectory,2.359682137944052,0.0013178620559481935
11.965825,23.045,2.3555,11,1,pythia_11.965825B_trajectory,2.357450521290339,-0.0019505212903387914
11.965825,23.404,2.3522,11,1,pythia_11.965825B_trajectory,2.355225403136852,-0.0030254031368519563
11.965825,23.769,2.3545,11,1,pythia_11.965825B_trajectory,2.3530074394541844,0.001492560545815369
11.965825,24.139,2.3523,11,1,pythia_11.965825B_trajectory,2.3508031457526752,0.0014968542473248192
11.965825,24.515,2.3493,11,1,pythia_11.965825B_trajectory,2.3486069705851316,0.0006930294148683736
11.965825,24.897,2.3486,11,1,pythia_11.965825B_trajectory,2.346419462996761,0.002180537003238836
11.965825,25.285,2.3444,12,1,pythia_11.965825B_trajectory,2.344241136949017,0.00015886305098300468
11.965825,25.679,2.3447,12,1,pythia_11.965825B_trajectory,2.342072472705927,0.0026275272940727845
11.965825,26.079,2.3401,12,1,pythia_11.965825B_trajectory,2.3399139182006388,0.00018608179936130398
11.965825,26.485,2.3394,12,1,pythia_11.965825B_trajectory,2.3377658903788086,0.0016341096211913708
11.965825,26.898,2.3385,12,1,pythia_11.965825B_trajectory,2.335623640409368,0.002876359590631594
11.965825,27.317,2.3332,13,1,pythia_11.965825B_trajectory,2.3334928642832997,-0.0002928642832995543
11.965825,27.742,2.3331,13,1,pythia_11.965825B_trajectory,2.331373887523494,0.0017261124765060032
11.965825,28.174,2.3272,13,1,pythia_11.965825B_trajectory,2.3292621695772917,-0.0020621695772917725
11.965825,28.613,2.3279,13,1,pythia_11.965825B_trajectory,2.3271582694945754,0.0007417305054246981
11.965825,29.059,2.323,13,1,pythia_11.965825B_trajectory,2.325062711421276,-0.00206271142127612
11.965825,29.512,2.3247,14,1,pythia_11.965825B_trajectory,2.322975985943781,0.0017240140562191364
11.965825,29.971,2.3222,14,1,pythia_11.965825B_trajectory,2.3209030232372587,0.0012969767627413198
11.965825,30.438,2.3181,14,1,pythia_11.965825B_trajectory,2.3188352194763846,-0.0007352194763847741
11.965825,30.912,2.3146,14,1,pythia_11.965825B_trajectory,2.3167775336687417,-0.002177533668741738
11.965825,31.394,2.3157,15,1,pythia_11.965825B_trajectory,2.3147261209893104,0.0009738790106896822
11.965825,31.883,2.3123,15,1,pythia_11.965825B_trajectory,2.312685702874685,-0.00038570287468475684
11.965825,32.38,2.3086,15,1,pythia_11.965825B_trajectory,2.31065253983867,-0.002052539838669709
11.965825,32.884,2.3093,15,1,pythia_11.965825B_trajectory,2.3086311275423563,0.0006688724576435767
11.965825,33.396,2.3091,15,1,pythia_11.965825B_trajectory,2.3066178303459757,0.0024821696540242577
11.965825,33.917,2.3058,16,1,pythia_11.965825B_trajectory,2.304609294984703,0.0011907050152970555
11.965825,34.445,2.3032,16,1,pythia_11.965825B_trajectory,2.3026136640834256,0.0005863359165743098
11.965825,34.982,2.3042,16,1,pythia_11.965825B_trajectory,2.3006237790098254,0.0035762209901744058
11.965825,35.526,2.2975,16,1,pythia_11.965825B_trajectory,2.298647425712772,-0.0011474257127721543
11.965825,36.08,2.2946,17,1,pythia_11.965825B_trajectory,2.2966741569244196,-0.00207415692441959
11.965825,36.642,2.2926,17,1,pythia_11.965825B_trajectory,2.2947116255418987,-0.0021116255418984764
11.965825,37.213,2.2908,17,1,pythia_11.965825B_trajectory,2.292756731540233,-0.0019567315402331253
11.965825,37.792,2.288,18,1,pythia_11.965825B_trajectory,2.290813264127638,-0.00281326412763816
11.965825,38.381,2.2888,18,1,pythia_11.965825B_trajectory,2.2888749463117875,-7.494631178728284e-05
11.965825,38.979,2.2904,18,1,pythia_11.965825B_trajectory,2.2869455742322544,0.0034544257677455725
11.965825,39.586,2.2797,18,1,pythia_11.965825B_trajectory,2.2850255260832864,-0.005325526083286292
11.965825,40.203,2.2813,19,1,pythia_11.965825B_trajectory,2.283112082566643,-0.001812082566643003
11.965825,40.829,2.2801,19,1,pythia_11.965825B_trajectory,2.2812087604322553,-0.0011087604322552735
11.965825,41.465,2.2773,19,1,pythia_11.965825B_trajectory,2.2793129056982036,-0.002012905698203671
11.965825,42.111,2.2764,20,1,pythia_11.965825B_trajectory,2.277424965940359,-0.0010249659403589462
11.965825,42.767,2.2753,20,1,pythia_11.965825B_trajectory,2.275545359464038,-0.0002453594640376977
11.965825,43.433,2.2726,20,1,pythia_11.965825B_trajectory,2.273674476488089,-0.0010744764880890045
11.965825,44.11,2.2735,21,1,pythia_11.965825B_trajectory,2.271809953273598,0.0016900467264018282
11.965825,44.797,2.2733,21,1,pythia_11.965825B_trajectory,2.2699549611192706,0.003345038880729234
11.965825,45.495,2.268,21,1,pythia_11.965825B_trajectory,2.2681071883570803,-0.0001071883570804566
11.965825,46.204,2.2698,22,1,pythia_11.965825B_trajectory,2.2662670749355005,0.003532925064499537
11.965825,46.923,2.265,22,1,pythia_11.965825B_trajectory,2.2644375516235513,0.0005624483764488097
11.965825,47.654,2.2622,22,1,pythia_11.965825B_trajectory,2.26261391378178,-0.0004139137817800176
11.965825,48.397,2.2594,23,1,pythia_11.965825B_trajectory,2.2607966668266823,-0.001396666826682491
11.965825,49.15,2.2664,23,1,pythia_11.965825B_trajectory,2.2589910337643833,0.00740896623561671
11.965825,49.916,2.2554,23,1,pythia_11.965825B_trajectory,2.257190196547862,-0.0017901965478621662
11.965825,50.694,2.2593,24,1,pythia_11.965825B_trajectory,2.2553969955453517,0.0039030044546484177
11.965825,51.483,2.2539,24,1,pythia_11.965825B_trajectory,2.253614059280437,0.0002859407195630048
11.965825,52.285,2.2519,25,1,pythia_11.965825B_trajectory,2.2518372334622567,6.276653774328622e-05
11.965825,53.1,2.2523,25,1,pythia_11.965825B_trajectory,2.2500669888024882,0.002233011197511736
11.965825,53.927,2.2486,25,1,pythia_11.965825B_trajectory,2.248305875170785,0.0002941248292152032
11.965825,54.767,2.2484,26,1,pythia_11.965825B_trajectory,2.2465521144002074,0.0018478855997927646
11.965825,55.62,2.2477,26,1,pythia_11.965825B_trajectory,2.2448060948310595,0.0028939051689405026
11.965825,56.487,2.2395,27,1,pythia_11.965825B_trajectory,2.2430661916475576,-0.0035661916475575595
11.965825,57.367,2.2411,27,1,pythia_11.965825B_trajectory,2.2413348070229926,-0.00023480702299272238
11.965825,58.26,2.2426,27,1,pythia_11.965825B_trajectory,2.2396122519283113,0.0029877480716886673
11.965825,59.168,2.2396,28,1,pythia_11.965825B_trajectory,2.2378950692690136,0.0017049307309862094
11.965825,60.09,2.237,28,1,pythia_11.965825B_trajectory,2.236185581104985,0.000814418895015212
11.965825,61.026,2.2326,29,1,pythia_11.965825B_trajectory,2.2344841360362335,-0.0018841360362333859
11.965825,61.976,2.2354,29,1,pythia_11.965825B_trajectory,2.232791058413817,0.0026089415861827447
11.965825,62.942,2.2332,30,1,pythia_11.965825B_trajectory,2.2311031891367348,0.002096810863265297
11.965825,63.922,2.23,30,1,pythia_11.965825B_trajectory,2.2294244027476613,0.0005755972523386887
11.965825,64.918,2.2265,31,1,pythia_11.965825B_trajectory,2.2277516267441,-0.001251626744100065
11.965825,65.929,2.225,31,1,pythia_11.965825B_trajectory,2.226086920078495,-0.0010869200784950905
11.965825,66.956,2.2229,32,1,pythia_11.965825B_trajectory,2.2244289898833602,-0.0015289898833601434
11.965825,67.999,2.2214,32,1,pythia_11.965825B_trajectory,2.222778213393467,-0.0013782133934667762
11.965825,69.058,2.2206,33,1,pythia_11.965825B_trajectory,2.2211349427974563,-0.0005349427974561394
11.965825,70.134,2.2218,33,1,pythia_11.965825B_trajectory,2.2194979998934783,0.0023020001065217066
11.965825,71.227,2.223,34,1,pythia_11.965825B_trajectory,2.2178677783281118,0.005132221671888093
11.965825,72.336,2.2179,34,1,pythia_11.965825B_trajectory,2.216246094092816,0.0016539059071840612
11.965825,73.463,2.214,35,1,pythia_11.965825B_trajectory,2.2146303665506664,-0.0006303665506663947
11.965825,74.608,2.2125,35,1,pythia_11.965825B_trajectory,2.2130210008262017,-0.0005210008262017674
11.965825,75.77,2.2097,36,1,pythia_11.965825B_trajectory,2.2114197406368112,-0.001719740636811018
11.965825,76.95,2.2113,36,1,pythia_11.965825B_trajectory,2.2098255224676695,0.0014744775323305426
11.965825,78.149,2.2127,37,1,pythia_11.965825B_trajectory,2.2082373669385493,0.0044626330614505605
11.965825,79.366,2.2122,37,1,pythia_11.965825B_trajectory,2.2066569462446086,0.005543053755391547
11.965825,80.603,2.2011,38,1,pythia_11.965825B_trajectory,2.2050820248760052,-0.003982024876005408
11.965825,81.858,2.203,39,1,pythia_11.965825B_trajectory,2.203515487737554,-0.0005154877375539435
11.965825,83.133,2.2025,39,1,pythia_11.965825B_trajectory,2.2019551531111823,0.0005448468888178404
11.965825,84.428,2.2025,40,1,pythia_11.965825B_trajectory,2.200401386001399,0.0020986139986010066
11.965825,85.744,2.2,41,1,pythia_11.965825B_trajectory,2.198853362713419,0.0011466372865811536
11.965825,87.079,2.201,41,1,pythia_11.965825B_trajectory,2.1973137536038587,0.003686246396141346
11.965825,88.436,2.1922,42,1,pythia_11.965825B_trajectory,2.1957794275662765,-0.003579427566276383
11.965825,89.813,2.1953,42,1,pythia_11.965825B_trajectory,2.19425298631406,0.001047013685940179
11.965825,91.212,2.1924,43,1,pythia_11.965825B_trajectory,2.192732529636625,-0.0003325296366250008
11.965825,92.633,2.1916,44,1,pythia_11.965825B_trajectory,2.191218416704013,0.00038158329598703133
11.965825,94.076,2.1895,45,1,pythia_11.965825B_trajectory,2.1897109832040376,-0.0002109832040377846
11.965825,95.542,2.1904,45,1,pythia_11.965825B_trajectory,2.188209528175654,0.002190471824345952
11.965825,97.03,2.1866,46,1,pythia_11.965825B_trajectory,2.1867153970021227,-0.000115397002122819
11.965825,98.542,2.1851,47,1,pythia_11.965825B_trajectory,2.185226909791681,-0.0001269097916813955
11.965825,100.077,2.1843,47,1,pythia_11.965825B_trajectory,2.1837453866001724,0.0005546133998275415
11.965825,101.636,2.1833,48,1,pythia_11.965825B_trajectory,2.1822701752021074,0.0010298247978925978
11.965825,103.219,2.1783,49,1,pythia_11.965825B_trajectory,2.180801595040968,-0.002501595040967697
11.965825,104.827,2.1778,50,1,pythia_11.965825B_trajectory,2.179339043301351,-0.0015390433013511284
11.965825,106.46,2.182,50,1,pythia_11.965825B_trajectory,2.177882849925739,0.004117150074260945
11.965825,108.118,2.1754,51,1,pythia_11.965825B_trajectory,2.1764333228699932,-0.0010333228699934693
11.965825,109.802,2.1769,52,1,pythia_11.965825B_trajectory,2.174989900292405,0.0019100997075947035
11.965825,111.513,2.1758,53,1,pythia_11.965825B_trajectory,2.1735520666253585,0.0022479333746416863
11.965825,113.25,2.1717,54,1,pythia_11.965825B_trajectory,2.1721209817259446,-0.0004209817259446247
11.965825,115.014,2.1688,55,1,pythia_11.965825B_trajectory,2.1706961195381886,-0.0018961195381885787
11.965825,116.806,2.1686,55,1,pythia_11.965825B_trajectory,2.169276997075021,-0.000676997075021113
11.965825,118.625,2.1662,56,1,pythia_11.965825B_trajectory,2.1678647097092614,-0.0016647097092614693
11.965825,120.473,2.1662,57,1,pythia_11.965825B_trajectory,2.1664580098471062,-0.000258009847106333
11.965825,122.35,2.165,58,1,pythia_11.965825B_trajectory,2.165057226971162,-5.7226971161838947e-05
11.965825,124.256,2.1639,59,1,pythia_11.965825B_trajectory,2.163662668943783,0.0002373310562169273
11.965825,126.191,2.1613,60,1,pythia_11.965825B_trajectory,2.162274622884537,-0.0009746228845366467
11.965825,128.157,2.1601,61,1,pythia_11.965825B_trajectory,2.160891963281428,-0.0007919632814279431
11.965825,130.154,2.1608,62,1,pythia_11.965825B_trajectory,2.1595150201332984,0.0012849798667016188
11.965825,132.181,2.1563,63,1,pythia_11.965825B_trajectory,2.158144771296228,-0.0018447712962279539
11.965825,134.24,2.1608,64,1,pythia_11.965825B_trajectory,2.156780152841774,0.004019847158226231
11.965825,136.331,2.1559,65,1,pythia_11.965825B_trajectory,2.1554214722119327,0.00047852778806722895
11.965825,138.455,2.1564,66,1,pythia_11.965825B_trajectory,2.1540683855697615,0.002331614430238549
11.965825,140.612,2.1513,67,1,pythia_11.965825B_trajectory,2.152721197267611,-0.0014211972676108076
11.965825,142.802,2.1549,68,1,pythia_11.965825B_trajectory,2.151380191349042,0.003519808650958023
11.965825,145.027,2.154,69,1,pythia_11.965825B_trajectory,2.150044443513306,0.00395555648669399
11.965825,147.286,2.1497,70,1,pythia_11.965825B_trajectory,2.148714852299784,0.0009851477002160713
11.965825,149.58,2.1476,71,1,pythia_11.965825B_trajectory,2.1473911071960545,0.00020889280394564835
11.965825,151.91,2.1469,72,1,pythia_11.965825B_trajectory,2.1460729239945677,0.0008270760054323034
11.965825,154.277,2.1448,73,1,pythia_11.965825B_trajectory,2.1447600433657414,3.9956634258597745e-05
11.965825,156.68,2.145,74,1,pythia_11.965825B_trajectory,2.1434533063847248,0.001546693615275263
11.965825,159.121,2.1418,76,1,pythia_11.965825B_trajectory,2.1421519082479494,-0.00035190824794950615
11.965825,161.6,2.14,77,1,pythia_11.965825B_trajectory,2.140856144058527,-0.0008561440585270752
11.965825,164.117,2.1388,78,1,pythia_11.965825B_trajectory,2.139566289294055,-0.0007662892940549781
11.965825,166.674,2.137,79,1,pythia_11.965825B_trajectory,2.1382816056521974,-0.0012816056521973707
11.965825,169.27,2.1365,80,1,pythia_11.965825B_trajectory,2.137002877937027,-0.0005028779370270797
11.965825,171.907,2.1371,82,1,pythia_11.965825B_trajectory,2.1357293986045716,0.001370601395428661
11.965825,174.585,2.1369,83,1,pythia_11.965825B_trajectory,2.134461454992118,0.002438545007881654
11.965825,177.304,2.1294,84,1,pythia_11.965825B_trajectory,2.1331993152904833,-0.003799315290483385
11.965825,180.066,2.1327,86,1,pythia_11.965825B_trajectory,2.1319423280761693,0.0007576719238304719
11.965825,182.871,2.1307,87,1,pythia_11.965825B_trajectory,2.130690778525492,9.221474507992156e-06
11.965825,185.72,2.1319,88,1,pythia_11.965825B_trajectory,2.1294444997136943,0.0024555002863055897
11.965825,188.613,2.1281,90,1,pythia_11.965825B_trajectory,2.128203765126498,-0.00010376512649790115
11.965825,191.551,2.1281,91,1,pythia_11.965825B_trajectory,2.1269684134729783,0.0011315865270216108
11.965825,194.535,2.1256,93,1,pythia_11.965825B_trajectory,2.12573829840107,-0.00013829840107026925
11.965825,197.566,2.1246,94,1,pythia_11.965825B_trajectory,2.1245132876290196,8.671237098045737e-05
11.965825,200.643,2.1259,96,1,pythia_11.965825B_trajectory,2.123294046806791,0.0026059531932092206
11.965825,203.769,2.1246,97,1,pythia_11.965825B_trajectory,2.1220796538986724,0.002520346101327675
11.965825,206.943,2.1175,99,1,pythia_11.965825B_trajectory,2.120870769145809,-0.003370769145808694
11.965825,210.167,2.1212,100,1,pythia_11.965825B_trajectory,2.119666895410837,0.0015331045891628925
11.965825,213.441,2.1187,102,1,pythia_11.965825B_trajectory,2.118468301499911,0.00023169850008919468
11.965825,216.766,2.116,103,1,pythia_11.965825B_trajectory,2.1172748828346166,-0.0012748828346165197
11.965825,220.142,2.1158,105,1,pythia_11.965825B_trajectory,2.1160868938595163,-0.00028689385951619073
11.965825,223.572,2.1101,106,1,pythia_11.965825B_trajectory,2.114903546834582,-0.004803546834581951
11.965825,227.054,2.1153,108,1,pythia_11.965825B_trajectory,2.1137257922414037,0.001574207758596291
11.965825,230.591,2.1141,110,1,pythia_11.965825B_trajectory,2.1125528679820675,0.001547132017932551
11.965825,234.183,2.1118,112,1,pythia_11.965825B_trajectory,2.111385038870427,0.00041496112957295495
11.965825,237.831,2.1087,113,1,pythia_11.965825B_trajectory,2.1102222364640735,-0.0015222364640736785
11.965825,241.536,2.1093,115,1,pythia_11.965825B_trajectory,2.1090644001293852,0.00023559987061494425
11.965825,245.299,2.1106,117,1,pythia_11.965825B_trajectory,2.1079114765252926,0.0026885234747071607
11.965825,249.12,2.1054,119,1,pythia_11.965825B_trajectory,2.1067637165388193,-0.0013637165388193928
11.965825,253.001,2.106,121,1,pythia_11.965825B_trajectory,2.1056207708786974,0.0003792291213025045
11.965825,256.942,2.1017,122,1,pythia_11.965825B_trajectory,2.10448289145064,-0.002782891450639813
11.965825,260.944,2.1018,124,1,pythia_11.965825B_trajectory,2.1033500329200625,-0.0015500329200626162
11.965825,265.009,2.1032,126,1,pythia_11.965825B_trajectory,2.102221880857057,0.0009781191429429903
11.965825,269.138,2.0988,128,1,pythia_11.965825B_trajectory,2.101098417077727,-0.002298417077726711
11.965825,273.33,2.1003,130,1,pythia_11.965825B_trajectory,2.0999801559512825,0.00031984404871732153
11.965825,277.588,2.0972,132,1,pythia_11.965825B_trajectory,2.0988665385311487,-0.0016665385311487313
11.965825,281.912,2.0993,134,1,pythia_11.965825B_trajectory,2.0977578129433647,0.0015421870566352247
11.965825,286.304,2.0961,136,1,pythia_11.965825B_trajectory,2.0966537128596414,-0.0005537128596415641
11.965825,290.764,2.0948,139,1,pythia_11.965825B_trajectory,2.0955544830995203,-0.0007544830995200869
11.965825,295.293,2.0964,141,1,pythia_11.965825B_trajectory,2.094460112789209,0.0019398872107911913
11.965825,299.893,2.0936,143,1,pythia_11.965825B_trajectory,2.0933703594675603,0.00022964053243956783
2.782831,0.134,4.1185,0,1,pythia_2.782831B_trajectory,4.116582851178958,0.0019171488210423249
2.782831,0.136,4.11,0,1,pythia_2.782831B_trajectory,4.1075755578881425,0.002424442111857772
2.782831,0.138,4.0963,0,1,pythia_2.782831B_trajectory,4.098736221561744,-0.0024362215617435012
2.782831,0.14,4.0913,0,1,pythia_2.782831B_trajectory,4.09005934338902,0.00124065661097994
2.782831,0.143,4.0785,0,1,pythia_2.782831B_trajectory,4.0773372310890466,0.00116276891095346
2.782831,0.145,4.0755,0,1,pythia_2.782831B_trajectory,4.069044079328872,0.006455920671127657
2.782831,0.147,4.0666,0,1,pythia_2.782831B_trajectory,4.0608960531910006,0.00570394680899966
2.782831,0.149,4.0565,0,1,pythia_2.782831B_trajectory,4.052888689757692,0.0036113102423076526
2.782831,0.152,4.0509,0,1,pythia_2.782831B_trajectory,4.041132101266665,0.009767898733334945
2.782831,0.154,4.0385,0,1,pythia_2.782831B_trajectory,4.033458121047798,0.0050418789522019836
2.782831,0.156,4.0297,0,1,pythia_2.782831B_trajectory,4.025910647462494,0.0037893525375061188
2.782831,0.159,4.02,0,1,pythia_2.782831B_trajectory,4.0148186554271765,0.005181344572823043
2.782831,0.161,4.0118,0,1,pythia_2.782831B_trajectory,4.007571730409994,0.004228269590005773
2.782831,0.164,4.0057,0,1,pythia_2.782831B_trajectory,3.996914683454877,0.008785316545123045
2.782831,0.166,3.9966,0,1,pythia_2.782831B_trajectory,3.9899476312800264,0.006652368719973545
2.782831,0.169,3.988,0,1,pythia_2.782831B_trajectory,3.9796960513275064,0.008303948672493622
2.782831,0.172,3.9819,0,1,pythia_2.782831B_trajectory,3.9696747777850647,0.012225222214935272
2.782831,0.174,3.9684,0,1,pythia_2.782831B_trajectory,3.9631173827097124,0.005282617290287561
2.782831,0.177,3.964,0,1,pythia_2.782831B_trajectory,3.9534600753812525,0.01053992461874742
2.782831,0.18,3.9541,0,1,pythia_2.782831B_trajectory,3.9440100223867582,0.010089977613241707
2.782831,0.183,3.9472,0,1,pythia_2.782831B_trajectory,3.9347594311729837,0.012440568827016385
2.782831,0.185,3.9338,0,1,pythia_2.782831B_trajectory,3.9286995228729618,0.0051004771270384275
2.782831,0.188,3.9298,0,1,pythia_2.782831B_trajectory,3.9197651645471803,0.010034835452819912
2.782831,0.191,3.9186,0,1,pythia_2.782831B_trajectory,3.9110114392599895,0.007588560740010575
2.782831,0.194,3.912,0,1,pythia_2.782831B_trajectory,3.902431942678984,0.009568057321015733
2.782831,0.197,3.9027,0,1,pythia_2.782831B_trajectory,3.8940205921346855,0.008679407865314293
2.782831,0.2,3.8916,0,1,pythia_2.782831B_trajectory,3.8857716058566965,0.005828394143303495
2.782831,0.203,3.8852,0,1,pythia_2.782831B_trajectory,3.8776794838388238,0.007520516161176438
2.782831,0.207,3.8734,0,1,pythia_2.782831B_trajectory,3.8671249851735237,0.0062750148264765215
2.782831,0.21,3.8679,0,1,pythia_2.782831B_trajectory,3.8593789440362287,0.008521055963771396
2.782831,0.213,3.8614,0,1,pythia_2.782831B_trajectory,3.8517732519145182,0.009626748085481918
2.782831,0.216,3.8531,0,1,pythia_2.782831B_trajectory,3.844303442154453,0.008796557845546893
2.782831,0.22,3.8416,0,1,pythia_2.782831B_trajectory,3.8345477244038957,0.00705227559610444
2.782831,0.223,3.8315,0,1,pythia_2.782831B_trajectory,3.8273787142752367,0.004121285724763446
2.782831,0.227,3.822,0,1,pythia_2.782831B_trajectory,3.8180097727173496,0.003990227282650416
2.782831,0.23,3.8175,0,1,pythia_2.782831B_trajectory,3.811120643672708,0.0063793563272920295
2.782831,0.234,3.8092,0,1,pythia_2.782831B_trajectory,3.8021119837701796,0.007088016229820582
2.782831,0.237,3.7999,0,1,pythia_2.782831B_trajectory,3.795483848120524,0.004416151879476082
2.782831,0.241,3.7901,0,1,pythia_2.782831B_trajectory,3.7868115101378503,0.0032884898621494685
2.782831,0.245,3.7814,0,1,pythia_2.782831B_trajectory,3.77832146714185,0.0030785328581499627
2.782831,0.249,3.7732,0,1,pythia_2.782831B_trajectory,3.7700070034736592,0.0031929965263408633
2.782831,0.253,3.7683,0,1,pythia_2.782831B_trajectory,3.761861753737073,0.006438246262927105
2.782831,0.256,3.7561,0,1,pythia_2.782831B_trajectory,3.7558602188140826,0.00023978118591738706
2.782831,0.26,3.7495,0,1,pythia_2.782831B_trajectory,3.747996747461687,0.0015032525383129602
2.782831,0.265,3.7387,0,1,pythia_2.782831B_trajectory,3.7383824085063004,0.0003175914936996982
2.782831,0.269,3.7323,0,1,pythia_2.782831B_trajectory,3.7308565833440075,0.0014434166559924577
2.782831,0.273,3.724,0,1,pythia_2.782831B_trajectory,3.723472640929918,0.0005273590700820563
2.782831,0.277,3.7168,0,1,pythia_2.782831B_trajectory,3.7162258855317853,0.0005741144682147592
2.782831,0.281,3.7086,0,1,pythia_2.782831B_trajectory,3.7091118417959885,-0.0005118417959883992
2.782831,0.286,3.7012,0,1,pythia_2.782831B_trajectory,3.700399429151605,0.0008005708483951324
2.782831,0.29,3.6928,0,1,pythia_2.782831B_trajectory,3.6935686763337663,-0.000768676333766205
2.782831,0.295,3.6888,0,1,pythia_2.782831B_trajectory,3.6851978962469687,0.0036021037530313826
2.782831,0.299,3.682,0,1,pythia_2.782831B_trajectory,3.6786309456432664,0.003369054356733514
2.782831,0.304,3.6733,0,1,pythia_2.782831B_trajectory,3.670578644520356,0.0027213554796436945
2.782831,0.309,3.666,0,1,pythia_2.782831B_trajectory,3.662694089720871,0.003305910279129076
2.782831,0.314,3.6578,0,1,pythia_2.782831B_trajectory,3.6549711559909315,0.0028288440090684652
2.782831,0.318,3.6542,0,1,pythia_2.782831B_trajectory,3.6489052627334377,0.005294737266562155
2.782831,0.323,3.6511,0,1,pythia_2.782831B_trajectory,3.641458808719932,0.009641191280068018
2.782831,0.328,3.638,0,1,pythia_2.782831B_trajectory,3.634158443847574,0.0038415561524258734
2.782831,0.334,3.6347,0,1,pythia_2.782831B_trajectory,3.6255837811383165,0.009116218861683567
2.782831,0.339,3.6258,0,1,pythia_2.782831B_trajectory,3.6185874567148653,0.007212543285134654
2.782831,0.344,3.6197,0,1,pythia_2.782831B_trajectory,3.611721972432056,0.007978027567943968
2.782831,0.349,3.6113,0,1,pythia_2.782831B_trajectory,3.6049830323231156,0.0063169676768843885
2.782831,0.355,3.6025,0,1,pythia_2.782831B_trajectory,3.5970575888077922,0.005442411192207786
2.782831,0.36,3.5964,0,1,pythia_2.782831B_trajectory,3.5905828922215655,0.005817107778434583
2.782831,0.366,3.5857,0,1,pythia_2.782831B_trajectory,3.582963533040945,0.0027364669590550506
2.782831,0.372,3.5817,0,1,pythia_2.782831B_trajectory,3.5755023860429205,0.0061976139570796285
2.782831,0.377,3.577,0,1,pythia_2.782831B_trajectory,3.569401456414428,0.007598543585571882
2.782831,0.383,3.57,0,1,pythia_2.782831B_trajectory,3.56221562328097,0.007784376719029762
2.782831,0.389,3.5631,0,1,pythia_2.782831B_trajectory,3.5551724427582183,0.007927557241781624
2.782831,0.395,3.5564,0,1,pythia_2.782831B_trajectory,3.548266947239627,0.008133052760372905
2.782831,0.402,3.5464,0,1,pythia_2.782831B_trajectory,3.5403782669567154,0.006021733043284794
2.782831,0.408,3.5418,0,1,pythia_2.782831B_trajectory,3.533755193670466,0.008044806329533749
2.782831,0.414,3.5339,0,1,pythia_2.782831B_trajectory,3.5272556193364943,0.0066443806635057
2.782831,0.421,3.5292,0,1,pythia_2.782831B_trajectory,3.5198234879471806,0.009376512052819308
2.782831,0.427,3.5236,0,1,pythia_2.782831B_trajectory,3.5135778738108066,0.010022126189193514
2.782831,0.434,3.5155,0,1,pythia_2.782831B_trajectory,3.5064317785206933,0.009068221479306526
2.782831,0.441,3.5036,0,1,pythia_2.782831B_trajectory,3.499431699298385,0.004168300701615113
2.782831,0.447,3.4995,0,1,pythia_2.782831B_trajectory,3.493543875605277,0.005956124394722817
2.782831,0.454,3.4897,0,1,pythia_2.782831B_trajectory,3.4868012920088747,0.002898707991125349
2.782831,0.461,3.486,0,1,pythia_2.782831B_trajectory,3.4801904692200463,0.005809530779953942
2.782831,0.469,3.4776,0,1,pythia_2.782831B_trajectory,3.4727907978460366,0.004809202153963188
2.782831,0.476,3.4713,0,1,pythia_2.782831B_trajectory,3.4664473880687634,0.004852611931236428
2.782831,0.483,3.4635,0,1,pythia_2.782831B_trajectory,3.4602222624214556,0.0032777375785442153
2.782831,0.491,3.4567,0,1,pythia_2.782831B_trajectory,3.4532477114399334,0.003452288560066741
2.782831,0.499,3.4497,0,1,pythia_2.782831B_trajectory,3.446417107722806,0.003282892277193916
2.782831,0.506,3.4451,0,1,pythia_2.782831B_trajectory,3.440554310166899,0.0045456898331011075
2.782831,0.514,3.4386,0,1,pythia_2.782831B_trajectory,3.433979779903452,0.0046202200965481666
2.782831,0.522,3.43,0,1,pythia_2.782831B_trajectory,3.4275349285903713,0.002465071409628816
2.782831,0.53,3.4214,0,1,pythia_2.782831B_trajectory,3.4212152689634956,0.0001847310365046262
2.782831,0.539,3.4171,0,1,pythia_2.782831B_trajectory,3.414249989989267,0.0028500100107331505
2.782831,0.547,3.4083,0,1,pythia_2.782831B_trajectory,3.4081824503801914,0.00011754961980869894
2.782831,0.556,3.4047,0,1,pythia_2.782831B_trajectory,3.401490786769503,0.0032092132304972765
2.782831,0.564,3.401,0,1,pythia_2.782831B_trajectory,3.3956579918967815,0.0053420081032182765
2.782831,0.573,3.3906,0,1,pythia_2.782831B_trajectory,3.389221367460018,0.0013786325399820498
2.782831,0.582,3.3865,0,1,pythia_2.782831B_trajectory,3.3829128535945863,0.003587146405413577
2.782831,0.591,3.3783,0,1,pythia_2.782831B_trajectory,3.3767279777065067,0.0015720222934931805
2.782831,0.6,3.3736,0,1,pythia_2.782831B_trajectory,3.370662488453249,0.00293751154675137
2.782831,0.61,3.3696,0,1,pythia_2.782831B_trajectory,3.3640581651223203,0.0055418348776798965
2.782831,0.619,3.361,0,1,pythia_2.782831B_trajectory,3.3582316692849634,0.002768330715036793
2.782831,0.629,3.3603,0,1,pythia_2.782831B_trajectory,3.3518836281377373,0.00841637186226274
2.782831,0.638,3.35,0,1,pythia_2.782831B_trajectory,3.3462798522857704,0.0037201477142296824
2.782831,0.648,3.3454,0,1,pythia_2.782831B_trajectory,3.3401708992067665,0.0052291007932336875
2.782831,0.659,3.3461,0,1,pythia_2.782831B_trajectory,3.333588893950986,0.012511106049013954
2.782831,0.669,3.3317,0,1,pythia_2.782831B_trajectory,3.3277261270121965,0.003973872987803606
2.782831,0.679,3.3264,0,1,pythia_2.782831B_trajectory,3.3219744623575655,0.004425537642434474
2.782831,0.69,3.3206,0,1,pythia_2.782831B_trajectory,3.3157715486924966,0.004828451307503645
2.782831,0.701,3.3171,0,1,pythia_2.782831B_trajectory,3.309693924320691,0.007406075679309065
2.782831,0.711,3.3104,0,1,pythia_2.782831B_trajectory,3.304273794643584,0.006126205356415948
2.782831,0.723,3.3012,0,1,pythia_2.782831B_trajectory,3.297897014386974,0.0033029856130259994
2.782831,0.734,3.297,0,1,pythia_2.782831B_trajectory,3.29216950665952,0.004830493340480135
2.782831,0.745,3.2899,0,1,pythia_2.782831B_trajectory,3.286550816295911,0.003349183704088876
2.782831,0.757,3.2875,0,1,pythia_2.782831B_trajectory,3.2805411820750443,0.006958817924955785
2.782831,0.769,3.2816,0,1,pythia_2.782831B_trajectory,3.2746522549004657,0.00694774509953433
2.782831,0.781,3.2776,0,1,pythia_2.782831B_trajectory,3.2688797826655387,0.008720217334461378
2.782831,0.793,3.272,0,1,pythia_2.782831B_trajectory,3.263219725475106,0.008780274524893716
2.782831,0.805,3.2643,0,1,pythia_2.782831B_trajectory,3.2576682420324703,0.006631757967529683
2.782831,0.818,3.2569,0,1,pythia_2.782831B_trajectory,3.251772422265079,0.005127577734921118
2.782831,0.83,3.256,0,1,pythia_2.782831B_trajectory,3.246435596257586,0.009564403742413852
2.782831,0.843,3.2443,0,1,pythia_2.782831B_trajectory,3.2407643574244043,0.0035356425755956877
2.782831,0.856,3.2375,0,1,pythia_2.782831B_trajectory,3.2352039622165423,0.0022960377834575496
2.782831,0.87,3.233,0,1,pythia_2.782831B_trajectory,3.229335449690095,0.0036645503099053123
2.782831,0.883,3.2295,0,1,pythia_2.782831B_trajectory,3.223993334247452,0.005506665752547768
2.782831,0.897,3.2211,0,1,pythia_2.782831B_trajectory,3.218351718851185,0.0027482811488148684
2.782831,0.911,3.2144,0,1,pythia_2.782831B_trajectory,3.212821688270677,0.0015783117293231008
2.782831,0.925,3.2131,0,1,pythia_2.782831B_trajectory,3.20739937085708,0.005700629142920022
2.782831,0.94,3.205,0,1,pythia_2.782831B_trajectory,3.2017050949931436,0.0032949050068564745
2.782831,0.954,3.2016,0,1,pythia_2.782831B_trajectory,3.1964943894583087,0.005105610541691341
2.782831,0.969,3.1956,0,1,pythia_2.782831B_trajectory,3.191019003117284,0.004580996882716182
2.782831,0.984,3.191,0,1,pythia_2.782831B_trajectory,3.1856510362925228,0.005348963707477061
2.782831,1.0,3.1852,0,1,pythia_2.782831B_trajectory,3.1800394427188277,0.005160557281172373
2.782831,1.015,3.1754,0,1,pythia_2.782831B_trajectory,3.174881962638649,0.0005180373613509204
2.782831,1.031,3.1714,0,1,pythia_2.782831B_trajectory,3.1694870902425105,0.0019129097574897003
2.782831,1.047,3.162,0,1,pythia_2.782831B_trajectory,3.1641983220925756,-0.002198322092575644
2.782831,1.063,3.158,0,1,pythia_2.782831B_trajectory,3.159011997096334,-0.0010119970963340386
2.782831,1.08,3.1601,0,1,pythia_2.782831B_trajectory,3.1536098822421623,0.006490117757837588
2.782831,1.097,3.1507,0,1,pythia_2.782831B_trajectory,3.148315517719621,0.002384482280378908
2.782831,1.114,3.1433,0,1,pythia_2.782831B_trajectory,3.1431251338275232,0.00017486617247675085
2.782831,1.131,3.1416,0,1,pythia_2.782831B_trajectory,3.1380351477321073,0.0035648522678926042
2.782831,1.149,3.1329,0,1,pythia_2.782831B_trajectory,3.1327513962288474,0.0001486037711524446
2.782831,1.167,3.1325,0,1,pythia_2.782831B_trajectory,3.127572537357,0.004927462642999814
2.782831,1.185,3.1271,0,1,pythia_2.782831B_trajectory,3.122494918429666,0.004605081570333791
2.782831,1.203,3.1192,0,1,pythia_2.782831B_trajectory,3.1175150669989162,0.0016849330010839658
2.782831,1.222,3.113,0,1,pythia_2.782831B_trajectory,3.112360974861333,0.0006390251386672041
2.782831,1.241,3.1071,0,1,pythia_2.782831B_trajectory,3.107308441349363,-0.00020844134936304215
2.782831,1.26,3.1068,0,1,pythia_2.782831B_trajectory,3.1023539557485407,0.004446044251459114
2.782831,1.28,3.0995,0,1,pythia_2.782831B_trajectory,3.0972409642256875,0.0022590357743124123
2.782831,1.3,3.0953,0,1,pythia_2.782831B_trajectory,3.092229213689615,0.003070786310384932
2.782831,1.32,3.0925,0,1,pythia_2.782831B_trajectory,3.087315187567539,0.005184812432460717
2.782831,1.341,3.0872,0,1,pythia_2.782831B_trajectory,3.0822569798857375,0.0049430201142626196
2.782831,1.362,3.0824,0,1,pythia_2.782831B_trajectory,3.0772991502852327,0.005100849714767097
2.782831,1.383,3.0826,0,1,pythia_2.782831B_trajectory,3.072438204560565,0.01016179543943485
2.782831,1.404,3.0765,0,1,pythia_2.782831B_trajectory,3.0676708208633596,0.008829179136640164
2.782831,1.426,3.0687,0,1,pythia_2.782831B_trajectory,3.0627733284362932,0.0059266715637069645
2.782831,1.449,3.0619,0,1,pythia_2.782831B_trajectory,3.057755558758757,0.004144441241243246
2.782831,1.471,3.0588,0,1,pythia_2.782831B_trajectory,3.053050432593943,0.005749567406057032
2.782831,1.494,3.0527,0,1,pythia_2.782831B_trajectory,3.048226775694256,0.00447322430574415
2.782831,1.517,3.0475,0,1,pythia_2.782831B_trajectory,3.043497237906032,0.004002762093967771
2.782831,1.541,3.0421,0,1,pythia_2.782831B_trajectory,3.038658930957199,0.0034410690428008373
2.782831,1.565,3.0384,0,1,pythia_2.782831B_trajectory,3.0339161182422796,0.004483881757720631
2.782831,1.589,3.0301,0,1,pythia_2.782831B_trajectory,3.029265493295395,0.0008345067046051646
2.782831,1.614,3.0313,0,1,pythia_2.782831B_trajectory,3.024515733657802,0.006784266342197753
2.782831,1.639,3.025,0,1,pythia_2.782831B_trajectory,3.0198592149146566,0.005140785085343325
2.782831,1.665,3.0155,0,1,pythia_2.782831B_trajectory,3.0151118951084146,0.0003881048915852503
2.782831,1.691,3.0186,0,1,pythia_2.782831B_trajectory,3.0104585198186107,0.008141480181389493
2.782831,1.717,3.0112,0,1,pythia_2.782831B_trajectory,3.0058958278240704,0.005304172175929711
2.782831,1.744,3.0051,0,1,pythia_2.782831B_trajectory,3.001250307285283,0.0038496927147169124
2.782831,1.771,2.9996,0,1,pythia_2.782831B_trajectory,2.996695935791932,0.0029040642080682133
2.782831,1.799,2.9955,0,1,pythia_2.782831B_trajectory,2.992065805717601,0.0034341942823989946
2.782831,1.827,2.9889,0,1,pythia_2.782831B_trajectory,2.987527002382069,0.0013729976179313041
2.782831,1.855,2.9828,0,1,pythia_2.782831B_trajectory,2.9830763656178547,-0.00027636561785460145
2.782831,1.884,2.9799,0,1,pythia_2.782831B_trajectory,2.9785565191215504,0.001343480878449821
2.782831,1.913,2.9786,0,1,pythia_2.782831B_trajectory,2.974124851700154,0.004475148299845966
2.782831,1.943,2.9721,0,1,pythia_2.782831B_trajectory,2.9696299491075804,0.002470050892419806
2.782831,1.973,2.9672,0,1,pythia_2.782831B_trajectory,2.965223005573354,0.001976994426645895
2.782831,2.004,2.9604,0,1,pythia_2.782831B_trajectory,2.9607583632355134,-0.0003583632355135258
2.782831,2.035,2.9588,0,1,pythia_2.782831B_trajectory,2.9563812504179996,0.002418749582000501
2.782831,2.067,2.9502,0,1,pythia_2.782831B_trajectory,2.9519515601260733,-0.0017515601260731373
2.782831,2.099,2.95,1,1,pythia_2.782831B_trajectory,2.947608782565263,0.002391217434737136
2.782831,2.132,2.9415,1,1,pythia_2.782831B_trajectory,2.943218157467178,-0.00171815746717785
2.782831,2.165,2.9368,1,1,pythia_2.782831B_trajectory,2.938913662366513,-0.002113662366513225
2.782831,2.199,2.9371,1,1,pythia_2.782831B_trajectory,2.934565681989306,0.0025343180106940366
2.782831,2.233,2.9309,1,1,pythia_2.782831B_trajectory,2.9303029031058454,0.0005970968941544363
2.782831,2.268,2.9283,1,1,pythia_2.782831B_trajectory,2.9260006569771697,0.0022993430228304135
2.782831,2.303,2.9246,1,1,pythia_2.782831B_trajectory,2.921782556998556,0.00281744300144382
2.782831,2.339,2.9208,1,1,pythia_2.782831B_trajectory,2.9175286864903227,0.0032713135096771317
2.782831,2.375,2.9166,1,1,pythia_2.782831B_trajectory,2.9133577975682763,0.003242202431723573
2.782831,2.412,2.9124,1,1,pythia_2.782831B_trajectory,2.909154535695296,0.003245464304703738
2.782831,2.45,2.9092,1,1,pythia_2.782831B_trajectory,2.9049227127596557,0.004277287240344041
2.782831,2.488,2.9051,1,1,pythia_2.782831B_trajectory,2.9007740734124523,0.004325926587547713
2.782831,2.527,2.903,1,1,pythia_2.782831B_trajectory,2.8965997472327567,0.00640025276724332
2.782831,2.566,2.895,1,1,pythia_2.782831B_trajectory,2.892507071659876,0.0024929283401240454
2.782831,2.606,2.8927,1,1,pythia_2.782831B_trajectory,2.8883913387231432,0.004308661276856807
2.782831,2.647,2.8883,1,1,pythia_2.782831B_trajectory,2.8842557861101636,0.0040442138898364455
2.782831,2.688,2.881,1,1,pythia_2.782831B_trajectory,2.880201415890376,0.0007985841096238566
2.782831,2.73,2.8819,1,1,pythia_2.782831B_trajectory,2.8761294134616375,0.005770586538362377
2.782831,2.773,2.8753,1,1,pythia_2.782831B_trajectory,2.8720426944257476,0.0032573055742526336
2.782831,2.816,2.875,1,1,pythia_2.782831B_trajectory,2.868036288599712,0.006963711400287842
2.782831,2.86,2.8668,1,1,pythia_2.782831B_trajectory,2.864016959314806,0.0027830406851938605
2.782831,2.904,2.8579,1,1,pythia_2.782831B_trajectory,2.860076003164437,-0.0021760031644371125
2.782831,2.949,2.8599,1,1,pythia_2.782831B_trajectory,2.8561237512683664,0.0037762487316337356
2.782831,2.995,2.8532,1,1,pythia_2.782831B_trajectory,2.8521626624879897,0.0010373375120105166
2.782831,3.042,2.8499,1,1,pythia_2.782831B_trajectory,2.848195085602536,0.001704914397463675
2.782831,3.089,2.848,1,1,pythia_2.782831B_trajectory,2.844305200128376,0.0036947998716239105
2.782831,3.138,2.8416,1,1,pythia_2.782831B_trajectory,2.8403296276352283,0.001270372364771788
2.782831,3.186,2.841,1,1,pythia_2.782831B_trajectory,2.8365114852256843,0.004488514774315888
2.782831,3.236,2.8347,1,1,pythia_2.782831B_trajectory,2.832611760513719,0.0020882394862811182
2.782831,3.286,2.8322,1,1,pythia_2.782831B_trajectory,2.8287884025380965,0.0034115974619033373
2.782831,3.338,2.827,1,1,pythia_2.782831B_trajectory,2.824890301039403,0.002109698960596873
2.782831,3.39,2.8279,1,1,pythia_2.782831B_trajectory,2.821069155848051,0.0068308441519491225
2.782831,3.442,2.8206,1,1,pythia_2.782831B_trajectory,2.817322301720898,0.0032776982791022924
2.782831,3.496,2.8155,1,1,pythia_2.782831B_trajectory,2.813507254215841,0.001992745784159311
2.782831,3.551,2.8118,1,1,pythia_2.782831B_trajectory,2.8096983134265145,0.0021016865734853063
2.782831,3.606,2.8094,1,1,pythia_2.782831B_trajectory,2.805964140470815,0.0034358595291852367
2.782831,3.662,2.8062,1,1,pythia_2.782831B_trajectory,2.8022362317654066,0.003963768234593434
2.782831,3.719,2.7991,1,1,pythia_2.782831B_trajectory,2.798515943276735,0.0005840567232651139
2.782831,3.777,2.7973,1,1,pythia_2.782831B_trajectory,2.7948045562834505,0.002495443716549417
2.782831,3.836,2.7941,1,1,pythia_2.782831B_trajectory,2.7911032797612783,0.002996720238721551
2.782831,3.896,2.7905,1,1,pythia_2.782831B_trajectory,2.787413252793754,0.003086747206246354
2.782831,3.956,2.7858,1,1,pythia_2.782831B_trajectory,2.7837952510323354,0.0020047489676646713
2.782831,4.018,2.7785,1,1,pythia_2.782831B_trajectory,2.7801296965721902,-0.0016296965721900314
2.782831,4.08,2.7791,1,1,pythia_2.782831B_trajectory,2.7765358283611956,0.0025641716388045133
2.782831,4.144,2.777,1,1,pythia_2.782831B_trajectory,2.772898614370513,0.00410138562948692
2.782831,4.209,2.7689,2,1,pythia_2.782831B_trajectory,2.7692774264183413,-0.0003774264183413756
2.782831,4.274,2.7641,2,1,pythia_2.782831B_trajectory,2.7657271140247115,-0.0016271140247114957
2.782831,4.341,2.76,2,1,pythia_2.782831B_trajectory,2.762139169017005,-0.0021391690170053934
2.782831,4.408,2.7629,2,1,pythia_2.782831B_trajectory,2.7586214089949777,0.004278591005022481
2.782831,4.477,2.7545,2,1,pythia_2.782831B_trajectory,2.7550694582086774,-0.0005694582086772648
2.782831,4.547,2.7533,2,1,pythia_2.782831B_trajectory,2.751536915842698,0.001763084157301975
2.782831,4.618,2.7446,2,1,pythia_2.782831B_trajectory,2.748024307244666,-0.003424307244666025
2.782831,4.69,2.7448,2,1,pythia_2.782831B_trajectory,2.7445321153060966,0.00026788469390348624
2.782831,4.763,2.7415,2,1,pythia_2.782831B_trajectory,2.741060782460218,0.0004392175397818221
2.782831,4.837,2.7413,2,1,pythia_2.782831B_trajectory,2.737610712618891,0.003689287381108741
2.782831,4.912,2.7371,2,1,pythia_2.782831B_trajectory,2.73418227304765,0.0029177269523499305
2.782831,4.989,2.734,2,1,pythia_2.782831B_trajectory,2.730731417648636,0.0032685823513638468
2.782831,5.066,2.7284,2,1,pythia_2.782831B_trajectory,2.7273480643799597,0.0010519356200404673
2.782831,5.145,2.7237,2,1,pythia_2.782831B_trajectory,2.7239445588453464,-0.0002445588453463543
2.782831,5.225,2.7199,2,1,pythia_2.782831B_trajectory,2.7205654615049295,-0.0006654615049295209
2.782831,5.307,2.7196,2,1,pythia_2.782831B_trajectory,2.717169923809267,0.002430076190732766
2.782831,5.389,2.7123,2,1,pythia_2.782831B_trajectory,2.7138408800552383,-0.0015408800552383362
2.782831,5.473,2.7162,2,1,pythia_2.782831B_trajectory,2.7104971991329605,0.00570280086703967
2.782831,5.559,2.7101,2,1,pythia_2.782831B_trajectory,2.7071412750237402,0.00295872497625993
2.782831,5.645,2.7068,2,1,pythia_2.782831B_trajectory,2.703851149633538,0.0029488503664620858
2.782831,5.733,2.6989,2,1,pythia_2.782831B_trajectory,2.7005502610188614,-0.0016502610188613431
2.782831,5.823,2.7005,2,1,pythia_2.782831B_trajectory,2.6972407603921744,0.0032592396078254815
2.782831,5.913,2.6958,2,1,pythia_2.782831B_trajectory,2.6939960882202527,0.0018039117797474802
2.782831,6.005,2.6954,2,1,pythia_2.782831B_trajectory,2.690743998359375,0.004656001640624741
2.782831,6.099,2.6901,2,1,pythia_2.782831B_trajectory,2.6874864200297006,0.00261357997029954
2.782831,6.194,2.6863,2,1,pythia_2.782831B_trajectory,2.6842588308399407,0.002041169160059475
2.782831,6.29,2.6811,3,1,pythia_2.782831B_trajectory,2.6810609972326533,3.900276734647434e-05
2.782831,6.388,2.6763,3,1,pythia_2.782831B_trajectory,2.677860337377221,-0.001560337377221277
2.782831,6.488,2.6703,3,1,pythia_2.782831B_trajectory,2.6746584966892692,-0.004358496689269131
2.782831,6.589,2.6692,3,1,pythia_2.782831B_trajectory,2.671488118817656,-0.002288118817655782
2.782831,6.692,2.6723,3,1,pythia_2.782831B_trajectory,2.6683183847912653,0.003981615208734635
2.782831,6.796,2.6613,3,1,pythia_2.782831B_trajectory,2.6651806072928985,-0.003880607292898297
2.782831,6.902,2.6598,3,1,pythia_2.782831B_trajectory,2.6620451037222046,-0.0022451037222044334
2.782831,7.009,2.6588,3,1,pythia_2.782831B_trajectory,2.6589419136998735,-0.00014191369987370805
2.782831,7.118,2.6548,3,1,pythia_2.782831B_trajectory,2.655842448547981,-0.0010424485479809675
2.782831,7.229,2.66,3,1,pythia_2.782831B_trajectory,2.652747924483738,0.007252075516261947
2.782831,7.342,2.6491,3,1,pythia_2.782831B_trajectory,2.6496594924298495,-0.0005594924298497617
2.782831,7.456,2.646,3,1,pythia_2.782831B_trajectory,2.6466047708464226,-0.0006047708464227419
2.782831,7.572,2.6435,3,1,pythia_2.782831B_trajectory,2.643557212683965,-5.721268396507995e-05
2.782831,7.69,2.6405,3,1,pythia_2.782831B_trajectory,2.6405178133871994,-1.7813387199527853e-05
2.782831,7.81,2.6375,3,1,pythia_2.782831B_trajectory,2.6374875111505105,1.2488849489677989e-05
2.782831,7.932,2.6348,3,1,pythia_2.782831B_trajectory,2.634467188889676,0.0003328111103240161
2.782831,8.055,2.6343,3,1,pythia_2.782831B_trajectory,2.6314817088795666,0.002818291120433525
2.782831,8.181,2.6252,3,1,pythia_2.782831B_trajectory,2.6284833113900916,-0.0032833113900916366
2.782831,8.308,2.6255,3,1,pythia_2.782831B_trajectory,2.6255203399084523,-2.0339908452182698e-05
2.782831,8.438,2.6231,4,1,pythia_2.782831B_trajectory,2.622546821227742,0.0005531787722579118
2.782831,8.569,2.6205,4,1,pythia_2.782831B_trajectory,2.6196091582423073,0.0008908417576924954
2.782831,8.703,2.6182,4,1,pythia_2.782831B_trajectory,2.616663099555717,0.001536900444282896
2.782831,8.838,2.6139,4,1,pythia_2.782831B_trajectory,2.6137531866274806,0.00014681337251953863
2.782831,8.976,2.6123,4,1,pythia_2.782831B_trajectory,2.610836826032293,0.0014631739677066768
2.782831,9.116,2.6096,4,1,pythia_2.782831B_trajectory,2.6079362596455997,0.0016637403544002005
2.782831,9.258,2.6025,4,1,pythia_2.782831B_trajectory,2.605051922722535,-0.002551922722534794
2.782831,9.402,2.6026,4,1,pythia_2.782831B_trajectory,2.6021842156605084,0.0004157843394914096
2.782831,9.548,2.6025,4,1,pythia_2.782831B_trajectory,2.599333505629784,0.0031664943702160997
2.782831,9.697,2.5951,4,1,pythia_2.782831B_trajectory,2.5964811723123455,-0.00138117231234558
2.782831,9.848,2.5933,4,1,pythia_2.782831B_trajectory,2.5936472169755747,-0.0003472169755744936
2.782831,10.002,2.5902,4,1,pythia_2.782831B_trajectory,2.590813673209142,-0.0006136732091421848
2.782831,10.157,2.5913,4,1,pythia_2.782831B_trajectory,2.5880175605719584,0.003282439428041517
2.782831,10.316,2.5819,4,1,pythia_2.782831B_trajectory,2.5852054708552124,-0.003305470855212267
2.782831,10.476,2.5821,5,1,pythia_2.782831B_trajectory,2.582431143441011,-0.00033114344101115023
2.782831,10.64,2.58,5,1,pythia_2.782831B_trajectory,2.5796431807995384,0.000356819200461711
2.782831,10.805,2.5738,5,1,pythia_2.782831B_trajectory,2.576893177505611,-0.003093177505611333
2.782831,10.974,2.571,5,1,pythia_2.782831B_trajectory,2.574131672659238,-0.0031316726592378608
2.782831,11.145,2.5729,5,1,pythia_2.782831B_trajectory,2.571392340556058,0.0015076594439422664
2.782831,11.318,2.5698,5,1,pythia_2.782831B_trajectory,2.568675172424723,0.0011248275752766546
2.782831,11.495,2.5682,5,1,pythia_2.782831B_trajectory,2.565949648792901,0.002250351207099044
2.782831,11.674,2.567,5,1,pythia_2.782831B_trajectory,2.5632474170861554,0.0037525829138447264
2.782831,11.855,2.5601,5,1,pythia_2.782831B_trajectory,2.560568386070366,-0.00046838607036603364
2.782831,12.04,2.5586,5,1,pythia_2.782831B_trajectory,2.557883713502248,0.0007162864977523498
2.782831,12.228,2.5558,5,1,pythia_2.782831B_trajectory,2.5552090583345617,0.0005909416654383826
2.782831,12.418,2.5518,5,1,pythia_2.782831B_trajectory,2.5525588969976596,-0.0007588969976595195
2.782831,12.612,2.5497,6,1,pythia_2.782831B_trajectory,2.54990595977883,-0.0002059597788299783
2.782831,12.808,2.55,6,1,pythia_2.782831B_trajectory,2.5472781906619333,0.0027218093380665387
2.782831,13.008,2.5474,6,1,pythia_2.782831B_trajectory,2.5446493218055277,0.002750678194472389
2.782831,13.21,2.5428,6,1,pythia_2.782831B_trajectory,2.542046158506741,0.0007538414932590776
2.782831,13.416,2.5378,6,1,pythia_2.782831B_trajectory,2.5394433989548495,-0.001643398954849662
2.782831,13.625,2.5365,6,1,pythia_2.782831B_trajectory,2.536854492296013,-0.00035449229601258736
2.782831,13.837,2.5333,6,1,pythia_2.782831B_trajectory,2.5342798392133585,-0.0009798392133584244
2.782831,14.053,2.5322,6,1,pythia_2.782831B_trajectory,2.531708019065154,0.0004919809348460369
2.782831,14.272,2.5298,6,1,pythia_2.782831B_trajectory,2.529151621753981,0.0006483782460189325
2.782831,14.494,2.5266,6,1,pythia_2.782831B_trajectory,2.5266109429517454,-1.0942951745196439e-05
2.782831,14.72,2.5231,7,1,pythia_2.782831B_trajectory,2.5240751409529336,-0.0009751409529337174
2.782831,14.949,2.5186,7,1,pythia_2.782831B_trajectory,2.521556003019174,-0.0029560030191739806
2.782831,15.182,2.518,7,1,pythia_2.782831B_trajectory,2.5190430541570334,-0.0010430541570336516
2.782831,15.418,2.5165,7,1,pythia_2.782831B_trajectory,2.516547572334646,-4.757233464580679e-05
2.782831,15.659,2.516,7,1,pythia_2.782831B_trajectory,2.514049173225513,0.0019508267744869912
2.782831,15.903,2.5101,7,1,pythia_2.782831B_trajectory,2.5115693152534204,-0.0014693152534204224
2.782831,16.15,2.5105,7,1,pythia_2.782831B_trajectory,2.5091080787299,0.0013919212701001271
2.782831,16.402,2.5057,7,1,pythia_2.782831B_trajectory,2.5066461789156946,-0.0009461789156945954
2.782831,16.657,2.5014,7,1,pythia_2.782831B_trajectory,2.5042037645192425,-0.0028037645192426908
2.782831,16.917,2.5026,8,1,pythia_2.782831B_trajectory,2.5017622442533134,0.0008377557466867636
2.782831,17.18,2.501,8,1,pythia_2.782831B_trajectory,2.49934093244699,0.0016590675530099297
2.782831,17.448,2.4963,8,1,pythia_2.782831B_trajectory,2.496921907779579,-0.000621907779578823
2.782831,17.72,2.4948,8,1,pythia_2.782831B_trajectory,2.4945149233048065,0.0002850766951936201
2.782831,17.996,2.494,8,1,pythia_2.782831B_trajectory,2.4921204009557334,0.001879599044266822
2.782831,18.276,2.4885,8,1,pythia_2.782831B_trajectory,2.4897387312713297,-0.0012387312713295628
2.782831,18.561,2.4837,8,1,pythia_2.782831B_trajectory,2.487362017266423,-0.0036620172664232342
2.782831,18.85,2.4872,9,1,pythia_2.782831B_trajectory,2.4849991712389023,0.0022008287610977284
2.782831,19.144,2.4831,9,1,pythia_2.782831B_trajectory,2.48264255053822,0.00045744946177972423
2.782831,19.442,2.4793,9,1,pythia_2.782831B_trajectory,2.480300671082362,-0.0010006710823620146
2.782831,19.745,2.4769,9,1,pythia_2.782831B_trajectory,2.4779661377716335,-0.0010661377716334464
2.782831,20.052,2.4767,9,1,pythia_2.782831B_trajectory,2.4756470886463964,0.001052911353603747
2.782831,20.365,2.4732,9,1,pythia_2.782831B_trajectory,2.4733290362102673,-0.0001290362102674969
2.782831,20.682,2.4687,9,1,pythia_2.782831B_trajectory,2.4710273784909385,-0.0023273784909383366
2.782831,21.004,2.4652,10,1,pythia_2.782831B_trajectory,2.468735186876498,-0.00353518687649812
2.782831,21.331,2.4684,10,1,pythia_2.782831B_trajectory,2.4664529764936063,0.0019470235063936414
2.782831,21.664,2.4666,10,1,pythia_2.782831B_trajectory,2.4641744529427356,0.002425547057264499
2.782831,22.001,2.4641,10,1,pythia_2.782831B_trajectory,2.4619137469828583,0.002186253017141926
2.782831,22.344,2.4608,10,1,pythia_2.782831B_trajectory,2.459657852109436,0.0011421478905639937
2.782831,22.692,2.4588,10,1,pythia_2.782831B_trajectory,2.4574139216388535,0.00138607836114657
2.782831,23.045,2.4549,11,1,pythia_2.782831B_trajectory,2.45518230498514,-0.0002823049851401471
2.782831,23.404,2.4527,11,1,pythia_2.782831B_trajectory,2.4529571868316533,-0.0002571868316532111
2.782831,23.769,2.4507,11,1,pythia_2.782831B_trajectory,2.450739223148986,-3.922314898607837e-05
2.782831,24.139,2.4489,11,1,pythia_2.782831B_trajectory,2.4485349294474767,0.00036507055252332776
2.782831,24.515,2.4438,11,1,pythia_2.782831B_trajectory,2.446338754279933,-0.0025387542799331086
2.782831,24.897,2.4454,11,1,pythia_2.782831B_trajectory,2.4441512466915625,0.0012487533084373226
2.782831,25.285,2.4429,12,1,pythia_2.782831B_trajectory,2.4419729206438183,0.000927079356181526
2.782831,25.679,2.4427,12,1,pythia_2.782831B_trajectory,2.4398042564007287,0.002895743599271139
2.782831,26.079,2.4397,12,1,pythia_2.782831B_trajectory,2.4376457018954403,0.0020542981045599262
2.782831,26.485,2.4404,12,1,pythia_2.782831B_trajectory,2.43549767407361,0.004902325926389839
2.782831,26.898,2.4332,12,1,pythia_2.782831B_trajectory,2.4333554241041697,-0.00015542410416991004
2.782831,27.317,2.4315,13,1,pythia_2.782831B_trajectory,2.4312246479781012,0.0002753520218989891
2.782831,27.742,2.4288,13,1,pythia_2.782831B_trajectory,2.4291056712182955,-0.00030567121829561117
2.782831,28.174,2.4257,13,1,pythia_2.782831B_trajectory,2.426993953272093,-0.0012939532720932512
2.782831,28.613,2.4235,13,1,pythia_2.782831B_trajectory,2.424890053189377,-0.0013900531893766832
2.782831,29.059,2.4272,13,1,pythia_2.782831B_trajectory,2.4227944951160776,0.00440550488392244
2.782831,29.512,2.4237,14,1,pythia_2.782831B_trajectory,2.4207077696385824,0.0029922303614178247
2.782831,29.971,2.4188,14,1,pythia_2.782831B_trajectory,2.4186348069320602,0.00016519306793982835
2.782831,30.438,2.4145,14,1,pythia_2.782831B_trajectory,2.4165670031711866,-0.0020670031711866876
2.782831,30.912,2.4166,14,1,pythia_2.782831B_trajectory,2.4145093173635432,0.00209068263645662
2.782831,31.394,2.4109,15,1,pythia_2.782831B_trajectory,2.412457904684112,-0.0015579046841120991
2.782831,31.883,2.4085,15,1,pythia_2.782831B_trajectory,2.4104174865694863,-0.0019174865694862042
2.782831,32.38,2.4082,15,1,pythia_2.782831B_trajectory,2.4083843235334714,-0.00018432353347153096
2.782831,32.884,2.4076,15,1,pythia_2.782831B_trajectory,2.406362911237158,0.00123708876284212
2.782831,33.396,2.4066,15,1,pythia_2.782831B_trajectory,2.404349614040777,0.002250385959222889
2.782831,33.917,2.403,16,1,pythia_2.782831B_trajectory,2.4023410786795045,0.000658921320495498
2.782831,34.445,2.3993,16,1,pythia_2.782831B_trajectory,2.400345447778227,-0.0010454477782269045
2.782831,34.982,2.4001,16,1,pythia_2.782831B_trajectory,2.398355562704627,0.0017444372953732135
2.782831,35.526,2.3965,16,1,pythia_2.782831B_trajectory,2.3963792094075735,0.000120790592426534
2.782831,36.08,2.3964,17,1,pythia_2.782831B_trajectory,2.394405940619221,0.00199405938077879
2.782831,36.642,2.3895,17,1,pythia_2.782831B_trajectory,2.3924434092367006,-0.002943409236700667
2.782831,37.213,2.392,17,1,pythia_2.782831B_trajectory,2.3904885152350346,0.0015114847649653207
2.782831,37.792,2.3895,18,1,pythia_2.782831B_trajectory,2.38854504782244,0.0009549521775600311
2.782831,38.381,2.3832,18,1,pythia_2.782831B_trajectory,2.386606730006589,-0.003406730006588976
2.782831,38.979,2.3828,18,1,pythia_2.782831B_trajectory,2.384677357927056,-0.0018773579270559004
2.782831,39.586,2.3794,18,1,pythia_2.782831B_trajectory,2.382757309778088,-0.0033573097780879024
2.782831,40.203,2.3824,19,1,pythia_2.782831B_trajectory,2.3808438662614444,0.0015561337385556762
2.782831,40.829,2.3785,19,1,pythia_2.782831B_trajectory,2.378940544127057,-0.0004405441270569632
2.782831,41.465,2.3762,19,1,pythia_2.782831B_trajectory,2.377044689393005,-0.0008446893930051935
2.782831,42.111,2.3775,20,1,pythia_2.782831B_trajectory,2.3751567496351607,0.002343250364839289
2.782831,42.767,2.3711,20,1,pythia_2.782831B_trajectory,2.3732771431588393,-0.002177143158839101
2.782831,43.433,2.3749,20,1,pythia_2.782831B_trajectory,2.3714062601828907,0.0034937398171090983
2.782831,44.11,2.3689,21,1,pythia_2.782831B_trajectory,2.3695417369683995,-0.0006417369683995311
2.782831,44.797,2.3717,21,1,pythia_2.782831B_trajectory,2.367686744814072,0.004013255185927989
2.782831,45.495,2.3661,21,1,pythia_2.782831B_trajectory,2.3658389720518818,0.0002610279481181088
2.782831,46.204,2.3626,22,1,pythia_2.782831B_trajectory,2.363998858630302,-0.00139885863030198
2.782831,46.923,2.3623,22,1,pythia_2.782831B_trajectory,2.362169335318353,0.00013066468164701917
2.782831,47.654,2.3622,22,1,pythia_2.782831B_trajectory,2.360345697476582,0.0018543025234181165
2.782831,48.397,2.3574,23,1,pythia_2.782831B_trajectory,2.358528450521484,-0.0011284505214836926
2.782831,49.15,2.3571,23,1,pythia_2.782831B_trajectory,2.3567228174591848,0.00037718254081520186
2.782831,49.916,2.3571,23,1,pythia_2.782831B_trajectory,2.354921980242664,0.0021780197573360027
2.782831,50.694,2.3531,24,1,pythia_2.782831B_trajectory,2.353128779240153,-2.877924015320943e-05
2.782831,51.483,2.352,24,1,pythia_2.782831B_trajectory,2.3513458429752383,0.0006541570247615702
2.782831,52.285,2.35,25,1,pythia_2.782831B_trajectory,2.3495690171570582,0.00043098284294185163
2.782831,53.1,2.3511,25,1,pythia_2.782831B_trajectory,2.34779877249729,0.0033012275027100024
2.782831,53.927,2.3456,25,1,pythia_2.782831B_trajectory,2.3460376588655865,-0.00043765886558633227
2.782831,54.767,2.3451,26,1,pythia_2.782831B_trajectory,2.344283898095009,0.0008161019049910401
2.782831,55.62,2.3378,26,1,pythia_2.782831B_trajectory,2.342537878525861,-0.004737878525860939
2.782831,56.487,2.3406,27,1,pythia_2.782831B_trajectory,2.340797975342359,-0.00019797534235932446
2.782831,57.367,2.3373,27,1,pythia_2.782831B_trajectory,2.339066590717794,-0.0017665907177941698
2.782831,58.26,2.3381,27,1,pythia_2.782831B_trajectory,2.3373440356231128,0.000755964376887075
2.782831,59.168,2.3357,28,1,pythia_2.782831B_trajectory,2.3356268529638147,7.314703618543916e-05
2.782831,60.09,2.3325,28,1,pythia_2.782831B_trajectory,2.3339173647997864,-0.0014173647997863803
2.782831,61.026,2.3308,29,1,pythia_2.782831B_trajectory,2.332215919731035,-0.0014159197310350535
2.782831,61.976,2.3318,29,1,pythia_2.782831B_trajectory,2.3305228421086186,0.0012771578913812753
2.782831,62.942,2.3267,30,1,pythia_2.782831B_trajectory,2.3288349728315363,-0.002134972831536075
2.782831,63.922,2.3272,30,1,pythia_2.782831B_trajectory,2.327156186442463,4.381355753713123e-05
2.782831,64.918,2.3265,31,1,pythia_2.782831B_trajectory,2.3254834104389017,0.001016589561098069
2.782831,65.929,2.3232,31,1,pythia_2.782831B_trajectory,2.3238187037732967,-0.0006187037732967582
2.782831,66.956,2.3227,32,1,pythia_2.782831B_trajectory,2.3221607735781618,0.0005392264218384568
2.782831,67.999,2.3216,32,1,pythia_2.782831B_trajectory,2.3205099970882683,0.00109000291173178
2.782831,69.058,2.3204,33,1,pythia_2.782831B_trajectory,2.3188667264922582,0.0015332735077415727
2.782831,70.134,2.3166,33,1,pythia_2.782831B_trajectory,2.31722978358828,-0.0006297835882795866
2.782831,71.227,2.3132,34,1,pythia_2.782831B_trajectory,2.3155995620229133,-0.0023995620229131376
2.782831,72.336,2.3143,34,1,pythia_2.782831B_trajectory,2.3139778777876177,0.00032212221238214767
2.782831,73.463,2.3119,35,1,pythia_2.782831B_trajectory,2.312362150245468,-0.00046215024546780725
2.782831,74.608,2.3094,35,1,pythia_2.782831B_trajectory,2.310752784521003,-0.0013527845210030698
2.782831,75.77,2.3108,36,1,pythia_2.782831B_trajectory,2.3091515243316127,0.001648475668387217
2.782831,76.95,2.3051,36,1,pythia_2.782831B_trajectory,2.307557306162471,-0.0024573061624710846
2.782831,78.149,2.3054,37,1,pythia_2.782831B_trajectory,2.3059691506333513,-0.0005691506333511676
2.782831,79.366,2.3064,37,1,pythia_2.782831B_trajectory,2.30438872993941,0.002011270060589876
2.782831,80.603,2.2995,38,1,pythia_2.782831B_trajectory,2.302813808570807,-0.0033138085708070975
2.782831,81.858,2.2987,39,1,pythia_2.782831B_trajectory,2.3012472714323553,-0.0025472714323551138
2.782831,83.133,2.298,39,1,pythia_2.782831B_trajectory,2.299686936805984,-0.001686936805983752
2.782831,84.428,2.2965,40,1,pythia_2.782831B_trajectory,2.2981331696962006,-0.0016331696962006426
2.782831,85.744,2.2983,41,1,pythia_2.782831B_trajectory,2.2965851464082205,0.001714853591779253
2.782831,87.079,2.2998,41,1,pythia_2.782831B_trajectory,2.2950455372986602,0.004754462701339612
2.782831,88.436,2.294,42,1,pythia_2.782831B_trajectory,2.293511211261078,0.0004887887389219969
2.782831,89.813,2.2919,42,1,pythia_2.782831B_trajectory,2.2919847700088614,-8.477000886131236e-05
2.782831,91.212,2.2895,43,1,pythia_2.782831B_trajectory,2.2904643133314266,-0.0009643133314267693
2.782831,92.633,2.2859,44,1,pythia_2.782831B_trajectory,2.2889502003988147,-0.003050200398814873
2.782831,94.076,2.2879,45,1,pythia_2.782831B_trajectory,2.287442766898839,0.0004572331011609698
2.782831,95.542,2.2864,45,1,pythia_2.782831B_trajectory,2.2859413118704555,0.00045868812954452665
2.782831,97.03,2.2845,46,1,pythia_2.782831B_trajectory,2.284447180696924,5.281930307576843e-05
2.782831,98.542,2.2837,47,1,pythia_2.782831B_trajectory,2.2829586934864827,0.0007413065135173369
2.782831,100.077,2.2797,47,1,pythia_2.782831B_trajectory,2.281477170294974,-0.0017771702949738177
2.782831,101.636,2.2817,48,1,pythia_2.782831B_trajectory,2.280001958896909,0.0016980411030909082
2.782831,103.219,2.2801,49,1,pythia_2.782831B_trajectory,2.2785333787357693,0.0015666212642306832
2.782831,104.827,2.2762,50,1,pythia_2.782831B_trajectory,2.2770708269961526,-0.0008708269961528181
2.782831,106.46,2.2745,50,1,pythia_2.782831B_trajectory,2.275614633620541,-0.0011146336205407614
2.782831,108.118,2.2721,51,1,pythia_2.782831B_trajectory,2.274165106564795,-0.002065106564795194
2.782831,109.802,2.2719,52,1,pythia_2.782831B_trajectory,2.2727216839872066,-0.0008216839872066117
2.782831,111.513,2.2694,53,1,pythia_2.782831B_trajectory,2.27128385032016,-0.0018838503201599188
2.782831,113.25,2.2698,54,1,pythia_2.782831B_trajectory,2.269852765420746,-5.276542074605928e-05
2.782831,115.014,2.2699,55,1,pythia_2.782831B_trajectory,2.2684279032329897,0.0014720967670101004
2.782831,116.806,2.2724,55,1,pythia_2.782831B_trajectory,2.2670087807698227,0.005391219230177491
2.782831,118.625,2.2662,56,1,pythia_2.782831B_trajectory,2.265596493404063,0.0006035065959371089
2.782831,120.473,2.2652,57,1,pythia_2.782831B_trajectory,2.2641897935419077,0.0010102064580923553
2.782831,122.35,2.2627,58,1,pythia_2.782831B_trajectory,2.2627890106659634,-8.901066596322948e-05
2.782831,124.256,2.2602,59,1,pythia_2.782831B_trajectory,2.2613944526385845,-0.001194452638584309
2.782831,126.191,2.2625,60,1,pythia_2.782831B_trajectory,2.2600064065793384,0.0024935934206617993
2.782831,128.157,2.2572,61,1,pythia_2.782831B_trajectory,2.2586237469762294,-0.0014237469762292676
2.782831,130.154,2.2618,62,1,pythia_2.782831B_trajectory,2.2572468038281,0.004553196171900087
2.782831,132.181,2.2578,63,1,pythia_2.782831B_trajectory,2.2558765549910293,0.0019234450089706812
2.782831,134.24,2.2524,64,1,pythia_2.782831B_trajectory,2.2545119365365753,-0.002111936536575154
2.782831,136.331,2.2514,65,1,pythia_2.782831B_trajectory,2.253153255906734,-0.0017532559067343634
2.782831,138.455,2.2505,66,1,pythia_2.782831B_trajectory,2.251800169264563,-0.0013001692645628893
2.782831,140.612,2.2482,67,1,pythia_2.782831B_trajectory,2.2504529809624123,-0.00225298096241211
2.782831,142.802,2.2475,68,1,pythia_2.782831B_trajectory,2.2491119750438435,-0.0016119750438434721
2.782831,145.027,2.2507,69,1,pythia_2.782831B_trajectory,2.2477762272081074,0.0029237727918927092
2.782831,147.286,2.2436,70,1,pythia_2.782831B_trajectory,2.2464466359945856,-0.002846635994585789
2.782831,149.58,2.2488,71,1,pythia_2.782831B_trajectory,2.245122890890856,0.0036771091091440944
2.782831,151.91,2.2433,72,1,pythia_2.782831B_trajectory,2.2438047076893692,-0.000504707689369166
2.782831,154.277,2.2426,73,1,pythia_2.782831B_trajectory,2.242491827060543,0.00010817293945697415
2.782831,156.68,2.2426,74,1,pythia_2.782831B_trajectory,2.2411850900795263,0.0014149099204736615
2.782831,159.121,2.2375,76,1,pythia_2.782831B_trajectory,2.239883691942751,-0.0023836919427511205
2.782831,161.6,2.2373,77,1,pythia_2.782831B_trajectory,2.2385879277533287,-0.0012879277533288658
2.782831,164.117,2.2385,78,1,pythia_2.782831B_trajectory,2.237298072988856,0.0012019270111442992
2.782831,166.674,2.2354,79,1,pythia_2.782831B_trajectory,2.236013389346999,-0.0006133893469990603
2.782831,169.27,2.2337,80,1,pythia_2.782831B_trajectory,2.2347346616318284,-0.0010346616318286372
2.782831,171.907,2.2339,82,1,pythia_2.782831B_trajectory,2.233461182299373,0.00043881770062714764
2.782831,174.585,2.2305,83,1,pythia_2.782831B_trajectory,2.2321932386869197,-0.001693238686919507
2.782831,177.304,2.2265,84,1,pythia_2.782831B_trajectory,2.230931098985285,-0.004431098985284709
2.782831,180.066,2.2302,86,1,pythia_2.782831B_trajectory,2.229674111770971,0.0005258882290291034
2.782831,182.871,2.2311,87,1,pythia_2.782831B_trajectory,2.2284225622202936,0.0026774377797065263
2.782831,185.72,2.2294,88,1,pythia_2.782831B_trajectory,2.227176283408496,0.002223716591504221
2.782831,188.613,2.2276,90,1,pythia_2.782831B_trajectory,2.2259355488212993,0.00166445117870051
2.782831,191.551,2.2242,91,1,pythia_2.782831B_trajectory,2.22470019716778,-0.0005001971677796035
2.782831,194.535,2.2206,93,1,pythia_2.782831B_trajectory,2.2234700820958717,-0.0028700820958715845
2.782831,197.566,2.2246,94,1,pythia_2.782831B_trajectory,2.2222450713238215,0.0023549286761785915
2.782831,200.643,2.2234,96,1,pythia_2.782831B_trajectory,2.221025830501593,0.002374169498406964
2.782831,203.769,2.2201,97,1,pythia_2.782831B_trajectory,2.219811437593474,0.0002885624065260828
2.782831,206.943,2.2169,99,1,pythia_2.782831B_trajectory,2.2186025528406104,-0.001702552840610494
2.782831,210.167,2.2172,100,1,pythia_2.782831B_trajectory,2.2173986791056386,-0.00019867910563853286
2.782831,213.441,2.219,102,1,pythia_2.782831B_trajectory,2.2162000851947123,0.002799914805287518
2.782831,216.766,2.2147,103,1,pythia_2.782831B_trajectory,2.215006666529418,-0.0003066665294180204
2.782831,220.142,2.2129,105,1,pythia_2.782831B_trajectory,2.213818677554318,-0.0009186775543179593
2.782831,223.572,2.2157,106,1,pythia_2.782831B_trajectory,2.212635330529383,0.0030646694706168986
2.782831,227.054,2.2128,108,1,pythia_2.782831B_trajectory,2.2114575759362047,0.0013424240637953666
2.782831,230.591,2.2118,110,1,pythia_2.782831B_trajectory,2.2102846516768695,0.0015153483231307163
2.782831,234.183,2.2084,112,1,pythia_2.782831B_trajectory,2.2091168225652287,-0.0007168225652285365
2.782831,237.831,2.2066,113,1,pythia_2.782831B_trajectory,2.207954020158875,-0.001354020158875091
2.782831,241.536,2.2064,115,1,pythia_2.782831B_trajectory,2.2067961838241867,-0.0003961838241868243
2.782831,245.299,2.2062,117,1,pythia_2.782831B_trajectory,2.2056432602200946,0.0005567397799053353
2.782831,249.12,2.2011,119,1,pythia_2.782831B_trajectory,2.204495500233621,-0.003395500233621007
2.782831,253.001,2.2053,121,1,pythia_2.782831B_trajectory,2.203352554573499,0.0019474454265009378
2.782831,256.942,2.2016,122,1,pythia_2.782831B_trajectory,2.2022146751454414,-0.0006146751454414456
2.782831,260.944,2.2033,124,1,pythia_2.782831B_trajectory,2.201081816614864,0.002218183385136019
2.782831,265.009,2.2021,126,1,pythia_2.782831B_trajectory,2.1999536645518587,0.0021463354481414676
2.782831,269.138,2.1976,128,1,pythia_2.782831B_trajectory,2.1988302007725284,-0.0012302007725284447
2.782831,273.33,2.1988,130,1,pythia_2.782831B_trajectory,2.1977119396460845,0.0010880603539153988
2.782831,277.588,2.1943,132,1,pythia_2.782831B_trajectory,2.19659832222595,-0.0022983222259500558
2.782831,281.912,2.1897,134,1,pythia_2.782831B_trajectory,2.1954895966381662,-0.005789596638166028
2.782831,286.304,2.1906,136,1,pythia_2.782831B_trajectory,2.194385496554443,-0.0037854965544430463
2.782831,290.764,2.1905,139,1,pythia_2.782831B_trajectory,2.1932862667943223,-0.0027862667943221453
2.782831,295.293,2.1918,141,1,pythia_2.782831B_trajectory,2.192191896484011,-0.00039189648401061206
2.782831,299.893,2.1916,143,1,pythia_2.782831B_trajectory,2.191102143162362,0.0004978568376383663
6.86104,0.134,4.0498,0,1,pythia_6.86104B_trajectory,4.0505411133321845,-0.0007411133321841845
6.86104,0.136,4.0396,0,1,pythia_6.86104B_trajectory,4.041533820041369,-0.0019338200413692164
6.86104,0.138,4.0349,0,1,pythia_6.86104B_trajectory,4.0326944837149705,0.0022055162850298515
6.86104,0.14,4.0253,0,1,pythia_6.86104B_trajectory,4.024017605542246,0.0012823944577533553
6.86104,0.143,4.019,0,1,pythia_6.86104B_trajectory,4.011295493242273,0.007704506757726826
6.86104,0.145,4.0063,0,1,pythia_6.86104B_trajectory,4.003002341482098,0.0032976585179023132
6.86104,0.147,4.0013,0,1,pythia_6.86104B_trajectory,3.994854315344227,0.0064456846557727765
6.86104,0.149,3.9925,0,1,pythia_6.86104B_trajectory,3.9868469519109184,0.005653048089081736
6.86104,0.152,3.9809,0,1,pythia_6.86104B_trajectory,3.9750903634198917,0.005809636580108357
6.86104,0.154,3.9727,0,1,pythia_6.86104B_trajectory,3.9674163832010243,0.005283616798975821
6.86104,0.156,3.968,0,1,pythia_6.86104B_trajectory,3.95986890961572,0.00813109038428017
6.86104,0.159,3.9588,0,1,pythia_6.86104B_trajectory,3.948776917580403,0.010023082419597262
6.86104,0.161,3.9466,0,1,pythia_6.86104B_trajectory,3.94152999256322,0.0050700074367799886
6.86104,0.164,3.9376,0,1,pythia_6.86104B_trajectory,3.9308729456081033,0.006727054391896914
6.86104,0.166,3.9322,0,1,pythia_6.86104B_trajectory,3.9239058934332527,0.008294106566747228
6.86104,0.169,3.9189,0,1,pythia_6.86104B_trajectory,3.9136543134807327,0.0052456865192671565
6.86104,0.172,3.913,0,1,pythia_6.86104B_trajectory,3.903633039938291,0.009366960061708784
6.86104,0.174,3.9063,0,1,pythia_6.86104B_trajectory,3.8970756448629387,0.009224355137061213
6.86104,0.177,3.8959,0,1,pythia_6.86104B_trajectory,3.887418337534479,0.008481662465521289
6.86104,0.18,3.8883,0,1,pythia_6.86104B_trajectory,3.8779682845399845,0.010331715460015545
6.86104,0.183,3.8809,0,1,pythia_6.86104B_trajectory,3.86871769332621,0.012182306673790055
6.86104,0.185,3.8711,0,1,pythia_6.86104B_trajectory,3.862657785026188,0.008442214973812145
6.86104,0.188,3.8685,0,1,pythia_6.86104B_trajectory,3.8537234267004066,0.014776573299593476
6.86104,0.191,3.8557,0,1,pythia_6.86104B_trajectory,3.844969701413216,0.010730298586784315
6.86104,0.194,3.841,0,1,pythia_6.86104B_trajectory,3.8363902048322105,0.004609795167789699
6.86104,0.197,3.8377,0,1,pythia_6.86104B_trajectory,3.827978854287912,0.009721145712088042
6.86104,0.2,3.8303,0,1,pythia_6.86104B_trajectory,3.819729868009923,0.010570131990076614
6.86104,0.203,3.8195,0,1,pythia_6.86104B_trajectory,3.81163774599205,0.007862254007950042
6.86104,0.207,3.8099,0,1,pythia_6.86104B_trajectory,3.8010832473267504,0.00881675267324944
6.86104,0.21,3.8023,0,1,pythia_6.86104B_trajectory,3.793337206189455,0.008962793810544767
6.86104,0.213,3.793,0,1,pythia_6.86104B_trajectory,3.785731514067745,0.007268485932255153
6.86104,0.216,3.7849,0,1,pythia_6.86104B_trajectory,3.7782617043076794,0.0066382956923205505
6.86104,0.22,3.7797,0,1,pythia_6.86104B_trajectory,3.7685059865571224,0.011194013442877626
6.86104,0.223,3.7697,0,1,pythia_6.86104B_trajectory,3.761336976428463,0.008363023571536843
6.86104,0.227,3.7594,0,1,pythia_6.86104B_trajectory,3.7519680348705755,0.007431965129424345
6.86104,0.23,3.7479,0,1,pythia_6.86104B_trajectory,3.7450789058259337,0.0028210941740662854
6.86104,0.234,3.7394,0,1,pythia_6.86104B_trajectory,3.736070245923406,0.0033297540765939715
6.86104,0.237,3.7351,0,1,pythia_6.86104B_trajectory,3.72944211027375,0.005657889726250254
6.86104,0.241,3.7246,0,1,pythia_6.86104B_trajectory,3.720769772291077,0.0038302277089230508
6.86104,0.245,3.7187,0,1,pythia_6.86104B_trajectory,3.7122797292950764,0.006420270704923681
6.86104,0.249,3.7074,0,1,pythia_6.86104B_trajectory,3.703965265626885,0.0034347343731147006
6.86104,0.253,3.7005,0,1,pythia_6.86104B_trajectory,3.695820015890299,0.004679984109700719
6.86104,0.256,3.6916,0,1,pythia_6.86104B_trajectory,3.689818480967309,0.0017815190326913033
6.86104,0.26,3.6787,0,1,pythia_6.86104B_trajectory,3.681955009614913,-0.003255009614913096
6.86104,0.265,3.6736,0,1,pythia_6.86104B_trajectory,3.6723406706595267,0.0012593293404732364
6.86104,0.269,3.6637,0,1,pythia_6.86104B_trajectory,3.664814845497234,-0.0011148454972338406
6.86104,0.273,3.6591,0,1,pythia_6.86104B_trajectory,3.657430903083145,0.0016690969168551284
6.86104,0.277,3.6479,0,1,pythia_6.86104B_trajectory,3.6501841476850116,-0.002284147685011728
6.86104,0.281,3.6413,0,1,pythia_6.86104B_trajectory,3.6430701039492144,-0.0017701039492141746
6.86104,0.286,3.6343,0,1,pythia_6.86104B_trajectory,3.6343576913048308,-5.7691304830687073e-05
6.86104,0.29,3.6317,0,1,pythia_6.86104B_trajectory,3.6275269384869926,0.004173061513007337
6.86104,0.295,3.6233,0,1,pythia_6.86104B_trajectory,3.6191561584001946,0.004143841599805409
6.86104,0.299,3.6125,0,1,pythia_6.86104B_trajectory,3.6125892077964927,-8.920779649290722e-05
6.86104,0.304,3.6074,0,1,pythia_6.86104B_trajectory,3.604536906673583,0.002863093326417321
6.86104,0.309,3.6003,0,1,pythia_6.86104B_trajectory,3.5966523518740976,0.0036476481259022364
6.86104,0.314,3.5925,0,1,pythia_6.86104B_trajectory,3.588929418144158,0.0035705818558420255
6.86104,0.318,3.5897,0,1,pythia_6.86104B_trajectory,3.5828635248866645,0.006836475113335627
6.86104,0.323,3.5795,0,1,pythia_6.86104B_trajectory,3.5754170708731587,0.004082929126841162
6.86104,0.328,3.5733,0,1,pythia_6.86104B_trajectory,3.5681167060008008,0.005183293999199368
6.86104,0.334,3.5665,0,1,pythia_6.86104B_trajectory,3.5595420432915423,0.006957956708457669
6.86104,0.339,3.5596,0,1,pythia_6.86104B_trajectory,3.5525457188680916,0.007054281131908535
6.86104,0.344,3.5552,0,1,pythia_6.86104B_trajectory,3.5456802345852823,0.009519765414717885
6.86104,0.349,3.5455,0,1,pythia_6.86104B_trajectory,3.538941294476342,0.006558705523658226
6.86104,0.355,3.5376,0,1,pythia_6.86104B_trajectory,3.531015850961018,0.006584149038981746
6.86104,0.36,3.5325,0,1,pythia_6.86104B_trajectory,3.5245411543747913,0.007958845625208877
6.86104,0.366,3.5232,0,1,pythia_6.86104B_trajectory,3.5169217951941714,0.0062782048058287465
6.86104,0.372,3.5164,0,1,pythia_6.86104B_trajectory,3.5094606481961472,0.006939351803852745
6.86104,0.377,3.5108,0,1,pythia_6.86104B_trajectory,3.503359718567654,0.007440281432346207
6.86104,0.383,3.5058,0,1,pythia_6.86104B_trajectory,3.496173885434197,0.009626114565802979
6.86104,0.389,3.4959,0,1,pythia_6.86104B_trajectory,3.489130704911444,0.006769295088555616
6.86104,0.395,3.4907,0,1,pythia_6.86104B_trajectory,3.482225209392854,0.008474790607146065
6.86104,0.402,3.4778,0,1,pythia_6.86104B_trajectory,3.4743365291099417,0.0034634708900580513
6.86104,0.408,3.4757,0,1,pythia_6.86104B_trajectory,3.4677134558236924,0.007986544176307397
6.86104,0.414,3.463,0,1,pythia_6.86104B_trajectory,3.46121388148972,0.0017861185102798771
6.86104,0.421,3.4623,0,1,pythia_6.86104B_trajectory,3.453781750100407,0.008518249899593044
6.86104,0.427,3.4544,0,1,pythia_6.86104B_trajectory,3.4475361359640324,0.006863864035967726
6.86104,0.434,3.4464,0,1,pythia_6.86104B_trajectory,3.440390040673919,0.006009959326080949
6.86104,0.441,3.4367,0,1,pythia_6.86104B_trajectory,3.4333899614516112,0.0033100385483888495
6.86104,0.447,3.4314,0,1,pythia_6.86104B_trajectory,3.4275021377585033,0.0038978622414966857
6.86104,0.454,3.4231,0,1,pythia_6.86104B_trajectory,3.420759554162101,0.00234044583789883
6.86104,0.461,3.4214,0,1,pythia_6.86104B_trajectory,3.414148731373272,0.007251268626728091
6.86104,0.469,3.4139,0,1,pythia_6.86104B_trajectory,3.406749059999263,0.007150940000737016
6.86104,0.476,3.407,0,1,pythia_6.86104B_trajectory,3.4004056502219897,0.006594349778010322
6.86104,0.483,3.3951,0,1,pythia_6.86104B_trajectory,3.394180524574682,0.0009194754253178949
6.86104,0.491,3.3898,0,1,pythia_6.86104B_trajectory,3.3872059735931597,0.0025940264068404773
6.86104,0.499,3.387,0,1,pythia_6.86104B_trajectory,3.380375369876032,0.006624630123968078
6.86104,0.506,3.3773,0,1,pythia_6.86104B_trajectory,3.374512572320125,0.002787427679875165
6.86104,0.514,3.3678,0,1,pythia_6.86104B_trajectory,3.3679380420566787,-0.00013804205667877767
6.86104,0.522,3.3622,0,1,pythia_6.86104B_trajectory,3.361493190743597,0.0007068092564028738
6.86104,0.53,3.3526,0,1,pythia_6.86104B_trajectory,3.355173531116722,-0.0025735311167220942
6.86104,0.539,3.3465,0,1,pythia_6.86104B_trajectory,3.348208252142493,-0.0017082521424933717
6.86104,0.547,3.3439,0,1,pythia_6.86104B_trajectory,3.3421407125334177,0.0017592874665823821
6.86104,0.556,3.3361,0,1,pythia_6.86104B_trajectory,3.335449048922729,0.0006509510772709781
6.86104,0.564,3.3293,0,1,pythia_6.86104B_trajectory,3.3296162540500083,-0.0003162540500083466
6.86104,0.573,3.3251,0,1,pythia_6.86104B_trajectory,3.3231796296132448,0.001920370386755188
6.86104,0.582,3.3239,0,1,pythia_6.86104B_trajectory,3.3168711157478126,0.007028884252187506
6.86104,0.591,3.3128,0,1,pythia_6.86104B_trajectory,3.3106862398597334,0.0021137601402667627
6.86104,0.6,3.3077,0,1,pythia_6.86104B_trajectory,3.3046207506064746,0.0030792493935254406
6.86104,0.61,3.3019,0,1,pythia_6.86104B_trajectory,3.298016427275547,0.003883572724452833
6.86104,0.619,3.2973,0,1,pythia_6.86104B_trajectory,3.2921899314381897,0.005110068561810177
6.86104,0.629,3.2915,0,1,pythia_6.86104B_trajectory,3.285841890290964,0.005658109709036019
6.86104,0.638,3.2857,0,1,pythia_6.86104B_trajectory,3.2802381144389967,0.0054618855610031325
6.86104,0.648,3.2774,0,1,pythia_6.86104B_trajectory,3.2741291613599923,0.003270838640007767
6.86104,0.659,3.2734,0,1,pythia_6.86104B_trajectory,3.2675471561042126,0.005852843895787441
6.86104,0.669,3.2684,0,1,pythia_6.86104B_trajectory,3.2616843891654224,0.006715610834577834
6.86104,0.679,3.2592,0,1,pythia_6.86104B_trajectory,3.2559327245107923,0.0032672754892075773
6.86104,0.69,3.2535,0,1,pythia_6.86104B_trajectory,3.2497298108457224,0.0037701891542774035
6.86104,0.701,3.2474,0,1,pythia_6.86104B_trajectory,3.243652186473917,0.003747813526082666
6.86104,0.711,3.2425,0,1,pythia_6.86104B_trajectory,3.2382320567968104,0.004267943203189795
6.86104,0.723,3.2379,0,1,pythia_6.86104B_trajectory,3.231855276540201,0.006044723459798895
6.86104,0.734,3.2343,0,1,pythia_6.86104B_trajectory,3.2261277688127463,0.008172231187253853
6.86104,0.745,3.2255,0,1,pythia_6.86104B_trajectory,3.2205090784491377,0.004990921550862115
6.86104,0.757,3.2205,0,1,pythia_6.86104B_trajectory,3.2144994442282706,0.00600055577172931
6.86104,0.769,3.2152,0,1,pythia_6.86104B_trajectory,3.2086105170536925,0.006589482946307346
6.86104,0.781,3.2096,0,1,pythia_6.86104B_trajectory,3.2028380448187646,0.006761955181235457
6.86104,0.793,3.2053,0,1,pythia_6.86104B_trajectory,3.1971779876283324,0.00812201237166743
6.86104,0.805,3.1989,0,1,pythia_6.86104B_trajectory,3.191626504185697,0.007273495814303033
6.86104,0.818,3.1911,0,1,pythia_6.86104B_trajectory,3.1857306844183046,0.0053693155816954
6.86104,0.83,3.1852,0,1,pythia_6.86104B_trajectory,3.1803938584108122,0.004806141589187796
6.86104,0.843,3.18,0,1,pythia_6.86104B_trajectory,3.174722619577631,0.005277380422369138
6.86104,0.856,3.1746,0,1,pythia_6.86104B_trajectory,3.1691622243697686,0.00543777563023129
6.86104,0.87,3.1692,0,1,pythia_6.86104B_trajectory,3.1632937118433215,0.005906288156678485
6.86104,0.883,3.1613,0,1,pythia_6.86104B_trajectory,3.157951596400679,0.0033484035993214256
6.86104,0.897,3.1566,0,1,pythia_6.86104B_trajectory,3.1523099810044117,0.0042900189955883405
6.86104,0.911,3.1518,0,1,pythia_6.86104B_trajectory,3.146779950423903,0.00502004957609703
6.86104,0.925,3.1442,0,1,pythia_6.86104B_trajectory,3.141357633010306,0.0028423669896939785
6.86104,0.94,3.1413,0,1,pythia_6.86104B_trajectory,3.1356633571463703,0.0056366428536298585
6.86104,0.954,3.1349,0,1,pythia_6.86104B_trajectory,3.1304526516115345,0.0044473483884655
6.86104,0.969,3.1288,0,1,pythia_6.86104B_trajectory,3.12497726527051,0.0038227347294901293
6.86104,0.984,3.1203,0,1,pythia_6.86104B_trajectory,3.1196092984457495,0.0006907015542503281
6.86104,1.0,3.1161,0,1,pythia_6.86104B_trajectory,3.1139977048720544,0.002102295127945464
6.86104,1.015,3.1099,0,1,pythia_6.86104B_trajectory,3.108840224791875,0.0010597752081249467
6.86104,1.031,3.1068,0,1,pythia_6.86104B_trajectory,3.1034453523957373,0.0033546476042625173
6.86104,1.047,3.0985,0,1,pythia_6.86104B_trajectory,3.0981565842458014,0.00034341575419860604
6.86104,1.063,3.0944,0,1,pythia_6.86104B_trajectory,3.0929702592495607,0.0014297407504391124
6.86104,1.08,3.0888,0,1,pythia_6.86104B_trajectory,3.087568144395389,0.0012318556046109208
6.86104,1.097,3.0839,0,1,pythia_6.86104B_trajectory,3.082273779872848,0.0016262201271519672
6.86104,1.114,3.0819,0,1,pythia_6.86104B_trajectory,3.0770833959807495,0.004816604019250548
6.86104,1.131,3.0732,0,1,pythia_6.86104B_trajectory,3.0719934098853336,0.0012065901146662839
6.86104,1.149,3.0707,0,1,pythia_6.86104B_trajectory,3.0667096583820737,0.00399034161792633
6.86104,1.167,3.0628,0,1,pythia_6.86104B_trajectory,3.0615307995102263,0.0012692004897738585
6.86104,1.185,3.0618,0,1,pythia_6.86104B_trajectory,3.0564531805828925,0.005346819417107351
6.86104,1.203,3.0548,0,1,pythia_6.86104B_trajectory,3.0514733291521425,0.003326670847857649
6.86104,1.222,3.0517,0,1,pythia_6.86104B_trajectory,3.0463192370145586,0.005380762985441212
6.86104,1.241,3.045,0,1,pythia_6.86104B_trajectory,3.041266703502589,0.003733296497411054
6.86104,1.26,3.038,0,1,pythia_6.86104B_trajectory,3.0363122179017674,0.0016877820982323932
6.86104,1.28,3.0341,0,1,pythia_6.86104B_trajectory,3.031199226378914,0.0029007736210862056
6.86104,1.3,3.0287,0,1,pythia_6.86104B_trajectory,3.026187475842841,0.0025125241571593016
6.86104,1.32,3.0234,0,1,pythia_6.86104B_trajectory,3.0212734497207654,0.0021265502792346958
6.86104,1.341,3.0213,0,1,pythia_6.86104B_trajectory,3.016215242038964,0.005084757961036246
6.86104,1.362,3.0136,0,1,pythia_6.86104B_trajectory,3.011257412438459,0.002342587561540821
6.86104,1.383,3.0114,0,1,pythia_6.86104B_trajectory,3.006396466713791,0.005003533286209283
6.86104,1.404,3.0122,0,1,pythia_6.86104B_trajectory,3.001629083016586,0.010570916983414058
6.86104,1.426,3.0011,0,1,pythia_6.86104B_trajectory,2.99673159058952,0.004368409410480112
6.86104,1.449,2.9983,0,1,pythia_6.86104B_trajectory,2.9917138209119827,0.0065861790880172855
6.86104,1.471,2.9921,0,1,pythia_6.86104B_trajectory,2.9870086947471695,0.005091305252830747
6.86104,1.494,2.9839,0,1,pythia_6.86104B_trajectory,2.982185037847483,0.0017149621525174297
6.86104,1.517,2.9844,0,1,pythia_6.86104B_trajectory,2.9774555000592584,0.006944499940741533
6.86104,1.541,2.9788,0,1,pythia_6.86104B_trajectory,2.972617193110425,0.006182806889575065
6.86104,1.565,2.969,0,1,pythia_6.86104B_trajectory,2.967874380395506,0.001125619604493977
6.86104,1.589,2.9677,0,1,pythia_6.86104B_trajectory,2.963223755448621,0.0044762445513786275
6.86104,1.614,2.9614,0,1,pythia_6.86104B_trajectory,2.958473995811029,0.002926004188970932
6.86104,1.639,2.9577,0,1,pythia_6.86104B_trajectory,2.953817477067883,0.003882522932117105
6.86104,1.665,2.9547,0,1,pythia_6.86104B_trajectory,2.949070157261641,0.005629842738358981
6.86104,1.691,2.9467,0,1,pythia_6.86104B_trajectory,2.944416781971837,0.002283218028162892
6.86104,1.717,2.9437,0,1,pythia_6.86104B_trajectory,2.939854089977297,0.0038459100227030696
6.86104,1.744,2.9362,0,1,pythia_6.86104B_trajectory,2.935208569438509,0.0009914305614908692
6.86104,1.771,2.9349,0,1,pythia_6.86104B_trajectory,2.9306541979451586,0.004245802054841263
6.86104,1.799,2.927,0,1,pythia_6.86104B_trajectory,2.926024067870827,0.0009759321291729073
6.86104,1.827,2.9259,0,1,pythia_6.86104B_trajectory,2.921485264535295,0.004414735464704833
6.86104,1.855,2.9192,0,1,pythia_6.86104B_trajectory,2.9170346277710815,0.0021653722289185495
6.86104,1.884,2.9145,0,1,pythia_6.86104B_trajectory,2.912514781274777,0.001985218725222726
6.86104,1.913,2.9072,0,1,pythia_6.86104B_trajectory,2.9080831138533805,-0.0008831138533804683
6.86104,1.943,2.9027,0,1,pythia_6.86104B_trajectory,2.903588211260807,-0.0008882112608072923
6.86104,1.973,2.9015,0,1,pythia_6.86104B_trajectory,2.8991812677265805,0.0023187322734194993
6.86104,2.004,2.8962,0,1,pythia_6.86104B_trajectory,2.8947166253887398,0.0014833746112601354
6.86104,2.035,2.89,0,1,pythia_6.86104B_trajectory,2.890339512571226,-0.00033951257122577516
6.86104,2.067,2.8853,0,1,pythia_6.86104B_trajectory,2.8859098222792996,-0.0006098222792996211
6.86104,2.099,2.8824,1,1,pythia_6.86104B_trajectory,2.881567044718489,0.0008329552815111718
6.86104,2.132,2.8774,1,1,pythia_6.86104B_trajectory,2.877176419620404,0.00022358037959602228
6.86104,2.165,2.8703,1,1,pythia_6.86104B_trajectory,2.8728719245197394,-0.0025719245197395324
6.86104,2.199,2.8684,1,1,pythia_6.86104B_trajectory,2.8685239441425323,-0.00012394414253247277
6.86104,2.233,2.8674,1,1,pythia_6.86104B_trajectory,2.8642611652590717,0.0031388347409282424
6.86104,2.268,2.8617,1,1,pythia_6.86104B_trajectory,2.859958919130396,0.0017410808696038949
6.86104,2.303,2.8572,1,1,pythia_6.86104B_trajectory,2.855740819151783,0.0014591808482173896
6.86104,2.339,2.8543,1,1,pythia_6.86104B_trajectory,2.851486948643549,0.002813051356450824
6.86104,2.375,2.8523,1,1,pythia_6.86104B_trajectory,2.8473160597215026,0.004983940278497467
6.86104,2.412,2.8465,1,1,pythia_6.86104B_trajectory,2.8431127978485224,0.0033872021514773643
6.86104,2.45,2.8403,1,1,pythia_6.86104B_trajectory,2.838880974912882,0.0014190250871179977
6.86104,2.488,2.8412,1,1,pythia_6.86104B_trajectory,2.8347323355656786,0.006467664434321563
6.86104,2.527,2.8315,1,1,pythia_6.86104B_trajectory,2.830558009385983,0.0009419906140171186
6.86104,2.566,2.8322,1,1,pythia_6.86104B_trajectory,2.8264653338131023,0.005734666186897552
6.86104,2.606,2.8227,1,1,pythia_6.86104B_trajectory,2.8223496008763695,0.0003503991236306625
6.86104,2.647,2.8221,1,1,pythia_6.86104B_trajectory,2.81821404826339,0.003885951736609883
6.86104,2.688,2.8187,1,1,pythia_6.86104B_trajectory,2.8141596780436022,0.004540321956397975
6.86104,2.73,2.8173,1,1,pythia_6.86104B_trajectory,2.810087675614864,0.007212324385136082
6.86104,2.773,2.8101,1,1,pythia_6.86104B_trajectory,2.8060009565789743,0.004099043421025517
6.86104,2.816,2.8068,1,1,pythia_6.86104B_trajectory,2.801994550752938,0.004805449247061944
6.86104,2.86,2.8042,1,1,pythia_6.86104B_trajectory,2.7979752214680325,0.006224778531967345
6.86104,2.904,2.7967,1,1,pythia_6.86104B_trajectory,2.7940342653176633,0.0026657346823366623
6.86104,2.949,2.796,1,1,pythia_6.86104B_trajectory,2.7900820134215927,0.005917986578407142
6.86104,2.995,2.7888,1,1,pythia_6.86104B_trajectory,2.7861209246412155,0.002679075358784644
6.86104,3.042,2.7855,1,1,pythia_6.86104B_trajectory,2.782153347755763,0.003346652244236914
6.86104,3.089,2.7816,1,1,pythia_6.86104B_trajectory,2.7782634622816023,0.003336537718397814
6.86104,3.138,2.777,1,1,pythia_6.86104B_trajectory,2.7742878897884546,0.002712110211545493
6.86104,3.186,2.7769,1,1,pythia_6.86104B_trajectory,2.77046974737891,0.00643025262108976
6.86104,3.236,2.7666,1,1,pythia_6.86104B_trajectory,2.7665700226669454,2.9977333054542754e-05
6.86104,3.286,2.7654,1,1,pythia_6.86104B_trajectory,2.7627466646913232,0.0026533353086768408
6.86104,3.338,2.7616,1,1,pythia_6.86104B_trajectory,2.7588485631926294,0.0027514368073706663
6.86104,3.39,2.7563,1,1,pythia_6.86104B_trajectory,2.7550274180012773,0.0012725819987227105
6.86104,3.442,2.7542,1,1,pythia_6.86104B_trajectory,2.7512805638741247,0.0029194361258753077
6.86104,3.496,2.751,1,1,pythia_6.86104B_trajectory,2.747465516369067,0.003534483630932783
6.86104,3.551,2.7469,1,1,pythia_6.86104B_trajectory,2.743656575579741,0.0032434244202592666
6.86104,3.606,2.7449,1,1,pythia_6.86104B_trajectory,2.739922402624041,0.004977597375958709
6.86104,3.662,2.7374,1,1,pythia_6.86104B_trajectory,2.7361944939186325,0.0012055060813676022
6.86104,3.719,2.7349,1,1,pythia_6.86104B_trajectory,2.732474205429961,0.002425794570039219
6.86104,3.777,2.7311,1,1,pythia_6.86104B_trajectory,2.728762818436677,0.0023371815633232984
6.86104,3.836,2.728,1,1,pythia_6.86104B_trajectory,2.7250615419145046,0.0029384580854956432
6.86104,3.896,2.7264,1,1,pythia_6.86104B_trajectory,2.72137151494698,0.005028485053019782
6.86104,3.956,2.7179,1,1,pythia_6.86104B_trajectory,2.7177535131855617,0.00014648681443851785
6.86104,4.018,2.7105,1,1,pythia_6.86104B_trajectory,2.7140879587254165,-0.003587958725416396
6.86104,4.08,2.711,1,1,pythia_6.86104B_trajectory,2.7104940905144215,0.0005059094855783819
6.86104,4.144,2.7065,1,1,pythia_6.86104B_trajectory,2.7068568765237395,-0.00035687652373939116
6.86104,4.209,2.707,2,1,pythia_6.86104B_trajectory,2.703235688571567,0.0037643114284326984
6.86104,4.274,2.6998,2,1,pythia_6.86104B_trajectory,2.699685376177938,0.00011462382206239852
6.86104,4.341,2.6926,2,1,pythia_6.86104B_trajectory,2.696097431170232,-0.003497431170231824
6.86104,4.408,2.6944,2,1,pythia_6.86104B_trajectory,2.692579671148204,0.0018203288517959493
6.86104,4.477,2.688,2,1,pythia_6.86104B_trajectory,2.6890277203619037,-0.0010277203619035724
6.86104,4.547,2.6877,2,1,pythia_6.86104B_trajectory,2.685495177995924,0.0022048220040757904
6.86104,4.618,2.6807,2,1,pythia_6.86104B_trajectory,2.6819825693978925,-0.001282569397892619
6.86104,4.69,2.6822,2,1,pythia_6.86104B_trajectory,2.6784903774593234,0.003709622540676527
6.86104,4.763,2.6766,2,1,pythia_6.86104B_trajectory,2.6750190446134443,0.0015809553865557824
6.86104,4.837,2.6727,2,1,pythia_6.86104B_trajectory,2.6715689747721174,0.0011310252278824429
6.86104,4.912,2.6658,2,1,pythia_6.86104B_trajectory,2.6681405352008767,-0.0023405352008767366
6.86104,4.989,2.6686,2,1,pythia_6.86104B_trajectory,2.6646896798018624,0.00391032019813764
6.86104,5.066,2.6624,2,1,pythia_6.86104B_trajectory,2.661306326533186,0.0010936734668138826
6.86104,5.145,2.6602,2,1,pythia_6.86104B_trajectory,2.6579028209985727,0.002297179001427452
6.86104,5.225,2.6539,2,1,pythia_6.86104B_trajectory,2.654523723658156,-0.0006237236581556616
6.86104,5.307,2.654,2,1,pythia_6.86104B_trajectory,2.6511281859624933,0.0028718140375065815
6.86104,5.389,2.6454,2,1,pythia_6.86104B_trajectory,2.6477991422084646,-0.0023991422084645997
6.86104,5.473,2.6427,2,1,pythia_6.86104B_trajectory,2.644455461286187,-0.0017554612861867547
6.86104,5.559,2.6449,2,1,pythia_6.86104B_trajectory,2.6410995371769665,0.003800462823033257
6.86104,5.645,2.6422,2,1,pythia_6.86104B_trajectory,2.637809411786764,0.004390588213235791
6.86104,5.733,2.6339,2,1,pythia_6.86104B_trajectory,2.6345085231720877,-0.0006085231720875939
6.86104,5.823,2.6348,2,1,pythia_6.86104B_trajectory,2.6311990225454007,0.003600977454599086
6.86104,5.913,2.6293,2,1,pythia_6.86104B_trajectory,2.627954350373479,0.0013456496265211726
6.86104,6.005,2.623,2,1,pythia_6.86104B_trajectory,2.6247022605126014,-0.0017022605126011392
6.86104,6.099,2.6257,2,1,pythia_6.86104B_trajectory,2.621444682182927,0.004255317817073223
6.86104,6.194,2.6196,2,1,pythia_6.86104B_trajectory,2.618217092993167,0.0013829070068331895
6.86104,6.29,2.6138,3,1,pythia_6.86104B_trajectory,2.615019259385879,-0.001219259385879301
6.86104,6.388,2.6123,3,1,pythia_6.86104B_trajectory,2.6118185995304475,0.00048140046955236215
6.86104,6.488,2.6081,3,1,pythia_6.86104B_trajectory,2.6086167588424956,-0.0005167588424956904
6.86104,6.589,2.6071,3,1,pythia_6.86104B_trajectory,2.605446380970882,0.0016536190291178698
6.86104,6.692,2.6023,3,1,pythia_6.86104B_trajectory,2.6022766469444916,2.3353055508490428e-05
6.86104,6.796,2.599,3,1,pythia_6.86104B_trajectory,2.599138869446125,-0.00013886944612462315
6.86104,6.902,2.5973,3,1,pythia_6.86104B_trajectory,2.596003365875431,0.0012966341245692625
6.86104,7.009,2.5936,3,1,pythia_6.86104B_trajectory,2.5929001758531,0.0006998241469000632
6.86104,7.118,2.5889,3,1,pythia_6.86104B_trajectory,2.5898007107012067,-0.000900710701206453
6.86104,7.229,2.5877,3,1,pythia_6.86104B_trajectory,2.5867061866369645,0.0009938133630353896
6.86104,7.342,2.5846,3,1,pythia_6.86104B_trajectory,2.583617754583076,0.0009822454169241546
6.86104,7.456,2.5808,3,1,pythia_6.86104B_trajectory,2.580563032999649,0.00023696700035102936
6.86104,7.572,2.5802,3,1,pythia_6.86104B_trajectory,2.577515474837191,0.002684525162809148
6.86104,7.69,2.5711,3,1,pythia_6.86104B_trajectory,2.5744760755404252,-0.003376075540425294
6.86104,7.81,2.5704,3,1,pythia_6.86104B_trajectory,2.571445773303737,-0.0010457733037370076
6.86104,7.932,2.5708,3,1,pythia_6.86104B_trajectory,2.568425451042902,0.0023745489570980993
6.86104,8.055,2.5666,3,1,pythia_6.86104B_trajectory,2.5654399710327924,0.0011600289672077935
6.86104,8.181,2.5601,3,1,pythia_6.86104B_trajectory,2.562441573543318,-0.0023415735433180984
6.86104,8.308,2.5606,3,1,pythia_6.86104B_trajectory,2.559478602061679,0.0011213979383208894
6.86104,8.438,2.5533,4,1,pythia_6.86104B_trajectory,2.5565050833809684,-0.0032050833809682544
6.86104,8.569,2.5541,4,1,pythia_6.86104B_trajectory,2.5535674203955336,0.0005325796044663988
6.86104,8.703,2.552,4,1,pythia_6.86104B_trajectory,2.5506213617089433,0.0013786382910567774
6.86104,8.838,2.5502,4,1,pythia_6.86104B_trajectory,2.5477114487807073,0.0024885512192924786
6.86104,8.976,2.5447,4,1,pythia_6.86104B_trajectory,2.5447950881855195,-9.508818551928755e-05
6.86104,9.116,2.5431,4,1,pythia_6.86104B_trajectory,2.541894521798826,0.001205478201173893
6.86104,9.258,2.5381,4,1,pythia_6.86104B_trajectory,2.539010184875761,-0.0009101848757611108
6.86104,9.402,2.536,4,1,pythia_6.86104B_trajectory,2.5361424778137347,-0.00014247781373466495
6.86104,9.548,2.5337,4,1,pythia_6.86104B_trajectory,2.5332917677830102,0.00040823221698982337
6.86104,9.697,2.5306,4,1,pythia_6.86104B_trajectory,2.5304394344655714,0.0001605655344287804
6.86104,9.848,2.5277,4,1,pythia_6.86104B_trajectory,2.527605479128801,9.452087119887764e-05
6.86104,10.002,2.5236,4,1,pythia_6.86104B_trajectory,2.5247719353623683,-0.0011719353623682593
6.86104,10.157,2.5226,4,1,pythia_6.86104B_trajectory,2.5219758227251847,0.0006241772748154517
6.86104,10.316,2.5174,4,1,pythia_6.86104B_trajectory,2.5191637330084387,-0.0017637330084387948
6.86104,10.476,2.5151,5,1,pythia_6.86104B_trajectory,2.5163894055942375,-0.0012894055942376248
6.86104,10.64,2.5124,5,1,pythia_6.86104B_trajectory,2.5136014429527647,-0.0012014429527646975
6.86104,10.805,2.5137,5,1,pythia_6.86104B_trajectory,2.5108514396588375,0.0028485603411625426
6.86104,10.974,2.5059,5,1,pythia_6.86104B_trajectory,2.5080899348124643,-0.0021899348124643225
6.86104,11.145,2.5032,5,1,pythia_6.86104B_trajectory,2.5053506027092842,-0.002150602709284133
6.86104,11.318,2.5049,5,1,pythia_6.86104B_trajectory,2.5026334345779495,0.002266565422050615
6.86104,11.495,2.4996,5,1,pythia_6.86104B_trajectory,2.4999079109461273,-0.00030791094612725445
6.86104,11.674,2.496,5,1,pythia_6.86104B_trajectory,2.4972056792393817,-0.0012056792393817517
6.86104,11.855,2.4931,5,1,pythia_6.86104B_trajectory,2.4945266482235917,-0.00142664822359162
6.86104,12.04,2.494,5,1,pythia_6.86104B_trajectory,2.491841975655474,0.002158024344526055
6.86104,12.228,2.491,5,1,pythia_6.86104B_trajectory,2.489167320487788,0.0018326795122121098
6.86104,12.418,2.4841,5,1,pythia_6.86104B_trajectory,2.486517159150886,-0.002417159150885695
6.86104,12.612,2.4866,6,1,pythia_6.86104B_trajectory,2.4838642219320564,0.0027357780679437838
6.86104,12.808,2.4795,6,1,pythia_6.86104B_trajectory,2.4812364528151596,-0.0017364528151597725
6.86104,13.008,2.4751,6,1,pythia_6.86104B_trajectory,2.4786075839587545,-0.003507583958754612
6.86104,13.21,2.474,6,1,pythia_6.86104B_trajectory,2.476004420659967,-0.0020044206599667547
6.86104,13.416,2.4752,6,1,pythia_6.86104B_trajectory,2.473401661108076,0.001798338891924267
6.86104,13.625,2.4706,6,1,pythia_6.86104B_trajectory,2.4708127544492386,-0.00021275444923851694
6.86104,13.837,2.4715,6,1,pythia_6.86104B_trajectory,2.468238101366585,0.0032618986334149724
6.86104,14.053,2.4671,6,1,pythia_6.86104B_trajectory,2.4656662812183803,0.0014337187816195751
6.86104,14.272,2.4591,6,1,pythia_6.86104B_trajectory,2.463109883907207,-0.004009883907207357
6.86104,14.494,2.4624,6,1,pythia_6.86104B_trajectory,2.4605692051049717,0.0018307948950284647
6.86104,14.72,2.4565,7,1,pythia_6.86104B_trajectory,2.45803340310616,-0.001533403106159792
6.86104,14.949,2.4566,7,1,pythia_6.86104B_trajectory,2.4555142651724005,0.0010857348275994383
6.86104,15.182,2.4511,7,1,pythia_6.86104B_trajectory,2.45300131631026,-0.0019013163102603592
6.86104,15.418,2.4517,7,1,pythia_6.86104B_trajectory,2.4505058344878723,0.0011941655121279204
6.86104,15.659,2.4475,7,1,pythia_6.86104B_trajectory,2.4480074353787393,-0.0005074353787395403
6.86104,15.903,2.4451,7,1,pythia_6.86104B_trajectory,2.4455275774066463,-0.000427577406646229
6.86104,16.15,2.4354,7,1,pythia_6.86104B_trajectory,2.443066340883126,-0.0076663408831261215
6.86104,16.402,2.4381,7,1,pythia_6.86104B_trajectory,2.4406044410689205,-0.00250444106892056
6.86104,16.657,2.4414,7,1,pythia_6.86104B_trajectory,2.438162026672469,0.003237973327530952
6.86104,16.917,2.4381,8,1,pythia_6.86104B_trajectory,2.4357205064065397,0.0023794935934602357
6.86104,17.18,2.4329,8,1,pythia_6.86104B_trajectory,2.433299194600216,-0.0003991946002157576
6.86104,17.448,2.4327,8,1,pythia_6.86104B_trajectory,2.4308801699328053,0.001819830067194772
6.86104,17.72,2.4303,8,1,pythia_6.86104B_trajectory,2.4284731854580324,0.0018268145419675363
6.86104,17.996,2.4296,8,1,pythia_6.86104B_trajectory,2.42607866310896,0.003521336891040061
6.86104,18.276,2.4239,8,1,pythia_6.86104B_trajectory,2.423696993424556,0.00020300657544414236
6.86104,18.561,2.422,8,1,pythia_6.86104B_trajectory,2.42132027941965,0.0006797205803503736
6.86104,18.85,2.4203,9,1,pythia_6.86104B_trajectory,2.4189574333921287,0.0013425666078714649
6.86104,19.144,2.4153,9,1,pythia_6.86104B_trajectory,2.4166008126914464,-0.0013008126914466622
6.86104,19.442,2.4098,9,1,pythia_6.86104B_trajectory,2.414258933235588,-0.004458933235587992
6.86104,19.745,2.4108,9,1,pythia_6.86104B_trajectory,2.41192439992486,-0.001124399924859798
6.86104,20.052,2.4103,9,1,pythia_6.86104B_trajectory,2.4096053507996227,0.0006946492003772065
6.86104,20.365,2.4048,9,1,pythia_6.86104B_trajectory,2.407287298363493,-0.002487298363493373
6.86104,20.682,2.4034,9,1,pythia_6.86104B_trajectory,2.4049856406441648,-0.0015856406441647763
6.86104,21.004,2.4031,10,1,pythia_6.86104B_trajectory,2.4026934490297243,0.0004065509702755321
6.86104,21.331,2.3974,10,1,pythia_6.86104B_trajectory,2.4004112386468326,-0.0030112386468323926
6.86104,21.664,2.4006,10,1,pythia_6.86104B_trajectory,2.398132715095962,0.002467284904037914
6.86104,22.001,2.3986,10,1,pythia_6.86104B_trajectory,2.3958720091360846,0.002727990863915508
6.86104,22.344,2.3955,10,1,pythia_6.86104B_trajectory,2.393616114262662,0.001883885737337998
6.86104,22.692,2.3927,10,1,pythia_6.86104B_trajectory,2.39137218379208,0.0013278162079202183
6.86104,23.045,2.3894,11,1,pythia_6.86104B_trajectory,2.3891405671383668,0.00025943286163343515
6.86104,23.404,2.3844,11,1,pythia_6.86104B_trajectory,2.3869154489848796,-0.0025154489848797645
6.86104,23.769,2.3844,11,1,pythia_6.86104B_trajectory,2.3846974853022123,-0.000297485302212408
6.86104,24.139,2.384,11,1,pythia_6.86104B_trajectory,2.382493191600703,0.001506808399296844
6.86104,24.515,2.3839,11,1,pythia_6.86104B_trajectory,2.3802970164331594,0.003602983566840745
6.86104,24.897,2.3761,11,1,pythia_6.86104B_trajectory,2.3781095088447888,-0.0020095088447886766
6.86104,25.285,2.3764,12,1,pythia_6.86104B_trajectory,2.3759311827970446,0.00046881720295521845
6.86104,25.679,2.3728,12,1,pythia_6.86104B_trajectory,2.373762518553955,-0.0009625185539552383
6.86104,26.079,2.3673,12,1,pythia_6.86104B_trajectory,2.3716039640486666,-0.004303964048666398
6.86104,26.485,2.3648,12,1,pythia_6.86104B_trajectory,2.3694559362268364,-0.004655936226836577
6.86104,26.898,2.3705,12,1,pythia_6.86104B_trajectory,2.367313686257396,0.003186313742603808
6.86104,27.317,2.3673,13,1,pythia_6.86104B_trajectory,2.3651829101313275,0.0021170898686726503
6.86104,27.742,2.3647,13,1,pythia_6.86104B_trajectory,2.3630639333715218,0.001636066628478261
6.86104,28.174,2.362,13,1,pythia_6.86104B_trajectory,2.3609522154253195,0.001047784574680577
6.86104,28.613,2.359,13,1,pythia_6.86104B_trajectory,2.358848315342603,0.00015168465739678894
6.86104,29.059,2.3577,13,1,pythia_6.86104B_trajectory,2.356752757269304,0.0009472427306960185
6.86104,29.512,2.3541,14,1,pythia_6.86104B_trajectory,2.3546660317918087,-0.0005660317918088076
6.86104,29.971,2.3514,14,1,pythia_6.86104B_trajectory,2.3525930690852865,-0.0011930690852866022
6.86104,30.438,2.3534,14,1,pythia_6.86104B_trajectory,2.3505252653244124,0.0028747346755877423
6.86104,30.912,2.3449,14,1,pythia_6.86104B_trajectory,2.3484675795167695,-0.003567579516769559
6.86104,31.394,2.3461,15,1,pythia_6.86104B_trajectory,2.3464161668373382,-0.0003161668373383719
6.86104,31.883,2.344,15,1,pythia_6.86104B_trajectory,2.3443757487227126,-0.0003757487227127321
6.86104,32.38,2.3463,15,1,pythia_6.86104B_trajectory,2.3423425856866977,0.003957414313302099
6.86104,32.884,2.3409,15,1,pythia_6.86104B_trajectory,2.340321173390384,0.0005788266096158345
6.86104,33.396,2.3371,15,1,pythia_6.86104B_trajectory,2.3383078761940035,-0.001207876194003532
6.86104,33.917,2.336,16,1,pythia_6.86104B_trajectory,2.336299340832731,-0.00029934083273097656
6.86104,34.445,2.3316,16,1,pythia_6.86104B_trajectory,2.3343037099314534,-0.002703709931453524
6.86104,34.982,2.335,16,1,pythia_6.86104B_trajectory,2.332313824857853,0.0026861751421467517
6.86104,35.526,2.3312,16,1,pythia_6.86104B_trajectory,2.3303374715608,0.0008625284392000943
6.86104,36.08,2.3267,17,1,pythia_6.86104B_trajectory,2.3283642027724474,-0.0016642027724471653
6.86104,36.642,2.3261,17,1,pythia_6.86104B_trajectory,2.3264016713899265,-0.0003016713899266499
6.86104,37.213,2.3256,17,1,pythia_6.86104B_trajectory,2.324446777388261,0.0011532226117392241
6.86104,37.792,2.3234,18,1,pythia_6.86104B_trajectory,2.322503309975666,0.0008966900243341236
6.86104,38.381,2.319,18,1,pythia_6.86104B_trajectory,2.3205649921598153,-0.001564992159815315
6.86104,38.979,2.3169,18,1,pythia_6.86104B_trajectory,2.3186356200802822,-0.001735620080282274
6.86104,39.586,2.3182,18,1,pythia_6.86104B_trajectory,2.316715571931314,0.0014844280686858724
6.86104,40.203,2.3155,19,1,pythia_6.86104B_trajectory,2.3148021284146707,0.0006978715853294126
6.86104,40.829,2.3101,19,1,pythia_6.86104B_trajectory,2.312898806280283,-0.0027988062802832836
6.86104,41.465,2.31,19,1,pythia_6.86104B_trajectory,2.3110029515462314,-0.001002951546231312
6.86104,42.111,2.312,20,1,pythia_6.86104B_trajectory,2.309115011788387,0.002884988211612871
6.86104,42.767,2.3104,20,1,pythia_6.86104B_trajectory,2.3072354053120656,0.0031645946879343967
6.86104,43.433,2.3071,20,1,pythia_6.86104B_trajectory,2.305364522336117,0.001735477663883156
6.86104,44.11,2.302,21,1,pythia_6.86104B_trajectory,2.303499999121626,-0.0014999991216257946
6.86104,44.797,2.2987,21,1,pythia_6.86104B_trajectory,2.3016450069672985,-0.0029450069672982693
6.86104,45.495,2.3011,21,1,pythia_6.86104B_trajectory,2.299797234205108,0.001302765794891858
6.86104,46.204,2.2964,22,1,pythia_6.86104B_trajectory,2.2979571207835283,-0.0015571207835280987
6.86104,46.923,2.2972,22,1,pythia_6.86104B_trajectory,2.296127597471579,0.0010724025284210015
6.86104,47.654,2.295,22,1,pythia_6.86104B_trajectory,2.294303959629808,0.0006960403701921081
6.86104,48.397,2.2938,23,1,pythia_6.86104B_trajectory,2.29248671267471,0.0013132873252899024
6.86104,49.15,2.2904,23,1,pythia_6.86104B_trajectory,2.290681079612411,-0.0002810796124110837
6.86104,49.916,2.2887,23,1,pythia_6.86104B_trajectory,2.28888024239589,-0.00018024239588987356
6.86104,50.694,2.284,24,1,pythia_6.86104B_trajectory,2.2870870413933795,-0.0030870413933796748
6.86104,51.483,2.2824,24,1,pythia_6.86104B_trajectory,2.2853041051284646,-0.002904105128464618
6.86104,52.285,2.287,25,1,pythia_6.86104B_trajectory,2.2835272793102845,0.0034727206897153806
6.86104,53.1,2.2811,25,1,pythia_6.86104B_trajectory,2.281757034650516,-0.0006570346505161417
6.86104,53.927,2.2786,25,1,pythia_6.86104B_trajectory,2.2799959210188128,-0.0013959210188128068
6.86104,54.767,2.2803,26,1,pythia_6.86104B_trajectory,2.2782421602482352,0.0020578397517647673
6.86104,55.62,2.2767,26,1,pythia_6.86104B_trajectory,2.2764961406790873,0.00020385932091260273
6.86104,56.487,2.2787,27,1,pythia_6.86104B_trajectory,2.2747562374955854,0.0039437625044147495
6.86104,57.367,2.271,27,1,pythia_6.86104B_trajectory,2.2730248528710204,-0.0020248528710204994
6.86104,58.26,2.2751,27,1,pythia_6.86104B_trajectory,2.271302297776339,0.003797702223661048
6.86104,59.168,2.2704,28,1,pythia_6.86104B_trajectory,2.2695851151170414,0.0008148848829585553
6.86104,60.09,2.2709,28,1,pythia_6.86104B_trajectory,2.2678756269530127,0.0030243730469874386
6.86104,61.026,2.2646,29,1,pythia_6.86104B_trajectory,2.2661741818842613,-0.0015741818842611721
6.86104,61.976,2.2632,29,1,pythia_6.86104B_trajectory,2.264481104261845,-0.001281104261845023
6.86104,62.942,2.2647,30,1,pythia_6.86104B_trajectory,2.2627932349847626,0.0019067650152373439
6.86104,63.922,2.2587,30,1,pythia_6.86104B_trajectory,2.261114448595689,-0.002414448595688956
6.86104,64.918,2.2592,31,1,pythia_6.86104B_trajectory,2.259441672592128,-0.0002416725921281504
6.86104,65.929,2.2578,31,1,pythia_6.86104B_trajectory,2.257776965926523,2.3034073477035122e-05
6.86104,66.956,2.2596,32,1,pythia_6.86104B_trajectory,2.256119035731388,0.0034809642686117748
6.86104,67.999,2.2533,32,1,pythia_6.86104B_trajectory,2.2544682592414946,-0.0011682592414947734
6.86104,69.058,2.2559,33,1,pythia_6.86104B_trajectory,2.252824988645484,0.003075011354515933
6.86104,70.134,2.2511,33,1,pythia_6.86104B_trajectory,2.251188045741506,-8.80457415060043e-05
6.86104,71.227,2.2472,34,1,pythia_6.86104B_trajectory,2.2495578241761396,-0.0023578241761397223
6.86104,72.336,2.2484,34,1,pythia_6.86104B_trajectory,2.247936139940844,0.0004638600591562181
6.86104,73.463,2.2453,35,1,pythia_6.86104B_trajectory,2.246320412398694,-0.0010204123986943259
6.86104,74.608,2.2404,35,1,pythia_6.86104B_trajectory,2.2447110466742295,-0.004311046674229324
6.86104,75.77,2.2426,36,1,pythia_6.86104B_trajectory,2.243109786484839,-0.0005097864848391254
6.86104,76.95,2.2432,36,1,pythia_6.86104B_trajectory,2.2415155683156973,0.0016844316843025453
6.86104,78.149,2.2381,37,1,pythia_6.86104B_trajectory,2.239927412786577,-0.001827412786576943
6.86104,79.366,2.2399,37,1,pythia_6.86104B_trajectory,2.2383469920926364,0.0015530079073635683
6.86104,80.603,2.2375,38,1,pythia_6.86104B_trajectory,2.236772070724033,0.0007279292759667655
6.86104,81.858,2.2376,39,1,pythia_6.86104B_trajectory,2.2352055335855816,0.002394466414418428
6.86104,83.133,2.2337,39,1,pythia_6.86104B_trajectory,2.23364519895921,5.480104078969816e-05
6.86104,84.428,2.2297,40,1,pythia_6.86104B_trajectory,2.232091431849427,-0.002391431849427139
6.86104,85.744,2.2299,41,1,pythia_6.86104B_trajectory,2.230543408561447,-0.0006434085614466234
6.86104,87.079,2.2282,41,1,pythia_6.86104B_trajectory,2.2290037994518865,-0.0008037994518863556
6.86104,88.436,2.228,42,1,pythia_6.86104B_trajectory,2.2274694734143043,0.0005305265856958563
6.86104,89.813,2.2253,42,1,pythia_6.86104B_trajectory,2.2259430321620877,-0.000643032162087831
6.86104,91.212,2.2244,43,1,pythia_6.86104B_trajectory,2.224422575484653,-2.2575484652787026e-05
6.86104,92.633,2.2183,44,1,pythia_6.86104B_trajectory,2.222908462552041,-0.004608462552040837
6.86104,94.076,2.2241,45,1,pythia_6.86104B_trajectory,2.2214010290520654,0.002698970947934587
6.86104,95.542,2.2167,45,1,pythia_6.86104B_trajectory,2.2198995740236818,-0.0031995740236818726
6.86104,97.03,2.221,46,1,pythia_6.86104B_trajectory,2.2184054428501505,0.0025945571498495745
6.86104,98.542,2.2141,47,1,pythia_6.86104B_trajectory,2.216916955639709,-0.0028169556397088513
6.86104,100.077,2.2135,47,1,pythia_6.86104B_trajectory,2.2154354324482,-0.0019354324482003804
6.86104,101.636,2.2138,48,1,pythia_6.86104B_trajectory,2.2139602210501352,-0.00016022105013524524
6.86104,103.219,2.2123,49,1,pythia_6.86104B_trajectory,2.2124916408889956,-0.0001916408889957033
6.86104,104.827,2.2086,50,1,pythia_6.86104B_trajectory,2.211029089149379,-0.0024290891493787825
6.86104,106.46,2.2098,50,1,pythia_6.86104B_trajectory,2.209572895773767,0.00022710422623317683
6.86104,108.118,2.2044,51,1,pythia_6.86104B_trajectory,2.208123368718021,-0.003723368718020925
6.86104,109.802,2.2069,52,1,pythia_6.86104B_trajectory,2.206679946140433,0.00022005385956713752
6.86104,111.513,2.204,53,1,pythia_6.86104B_trajectory,2.2052421124733863,-0.0012421124733861255
6.86104,113.25,2.2048,54,1,pythia_6.86104B_trajectory,2.2038110275739724,0.00098897242602769
6.86104,115.014,2.2026,55,1,pythia_6.86104B_trajectory,2.2023861653862165,0.00021383461378343682
6.86104,116.806,2.2,55,1,pythia_6.86104B_trajectory,2.200967042923049,-0.0009670429230488331
6.86104,118.625,2.1994,56,1,pythia_6.86104B_trajectory,2.199554755557289,-0.00015475555728938772
6.86104,120.473,2.1984,57,1,pythia_6.86104B_trajectory,2.198148055695134,0.0002519443048658587
6.86104,122.35,2.1999,58,1,pythia_6.86104B_trajectory,2.1967472728191897,0.0031527271808102775
6.86104,124.256,2.1908,59,1,pythia_6.86104B_trajectory,2.195352714791811,-0.004552714791810963
6.86104,126.191,2.1946,60,1,pythia_6.86104B_trajectory,2.1939646687325647,0.0006353312674352019
6.86104,128.157,2.1886,61,1,pythia_6.86104B_trajectory,2.1925820091294557,-0.003982009129455566
6.86104,130.154,2.1888,62,1,pythia_6.86104B_trajectory,2.1912050659813262,-0.002405065981326171
6.86104,132.181,2.1922,63,1,pythia_6.86104B_trajectory,2.1898348171442557,0.0023651828557444965
6.86104,134.24,2.1867,64,1,pythia_6.86104B_trajectory,2.1884701986898016,-0.0017701986898015498
6.86104,136.331,2.1882,65,1,pythia_6.86104B_trajectory,2.1871115180599605,0.0010884819400396317
6.86104,138.455,2.1863,66,1,pythia_6.86104B_trajectory,2.1857584314177894,0.0005415685822107719
6.86104,140.612,2.1858,67,1,pythia_6.86104B_trajectory,2.1844112431156386,0.001388756884361353
6.86104,142.802,2.1857,68,1,pythia_6.86104B_trajectory,2.18307023719707,0.002629762802930369
6.86104,145.027,2.1804,69,1,pythia_6.86104B_trajectory,2.1817344893613337,-0.001334489361333624
6.86104,147.286,2.1798,70,1,pythia_6.86104B_trajectory,2.180404898147812,-0.0006048981478117277
6.86104,149.58,2.1796,71,1,pythia_6.86104B_trajectory,2.1790811530440823,0.0005188469559178621
6.86104,151.91,2.178,72,1,pythia_6.86104B_trajectory,2.1777629698425955,0.00023703015740439426
6.86104,154.277,2.1795,73,1,pythia_6.86104B_trajectory,2.1764500892137693,0.003049910786230736
6.86104,156.68,2.1735,74,1,pythia_6.86104B_trajectory,2.1751433522327526,-0.0016433522327523598
6.86104,159.121,2.1726,76,1,pythia_6.86104B_trajectory,2.1738419540959772,-0.0012419540959771602
6.86104,161.6,2.1753,77,1,pythia_6.86104B_trajectory,2.172546189906555,0.002753810093444997
6.86104,164.117,2.169,78,1,pythia_6.86104B_trajectory,2.1712563351420826,-0.002256335142082566
6.86104,166.674,2.1684,79,1,pythia_6.86104B_trajectory,2.169971651500225,-0.0015716515002250908
6.86104,169.27,2.1721,80,1,pythia_6.86104B_trajectory,2.1686929237850547,0.0034070762149451816
6.86104,171.907,2.1633,82,1,pythia_6.86104B_trajectory,2.1674194444525994,-0.0041194444525993745
6.86104,174.585,2.1665,83,1,pythia_6.86104B_trajectory,2.166151500840146,0.00034849915985413205
6.86104,177.304,2.1642,84,1,pythia_6.86104B_trajectory,2.164889361138511,-0.0006893611385110354
6.86104,180.066,2.1676,86,1,pythia_6.86104B_trajectory,2.163632373924197,0.003967626075803032
6.86104,182.871,2.1616,87,1,pythia_6.86104B_trajectory,2.16238082437352,-0.000780824373519895
6.86104,185.72,2.1612,88,1,pythia_6.86104B_trajectory,2.161134545561722,6.545443827787878e-05
6.86104,188.613,2.1623,90,1,pythia_6.86104B_trajectory,2.1598938109745256,0.0024061890254745144
6.86104,191.551,2.1567,91,1,pythia_6.86104B_trajectory,2.158658459321006,-0.001958459321006245
6.86104,194.535,2.1572,93,1,pythia_6.86104B_trajectory,2.157428344249098,-0.00022834424909801143
6.86104,197.566,2.1555,94,1,pythia_6.86104B_trajectory,2.1562033334770474,-0.0007033334770474298
6.86104,200.643,2.1547,96,1,pythia_6.86104B_trajectory,2.1549840926548187,-0.0002840926548186573
6.86104,203.769,2.154,97,1,pythia_6.86104B_trajectory,2.1537696997467,0.00023030025329973114
6.86104,206.943,2.1554,99,1,pythia_6.86104B_trajectory,2.1525608149938367,0.002839185006163536
6.86104,210.167,2.1505,100,1,pythia_6.86104B_trajectory,2.151356941258865,-0.0008569412588648184
6.86104,213.441,2.1512,102,1,pythia_6.86104B_trajectory,2.1501583473479386,0.0010416526520611313
6.86104,216.766,2.1528,103,1,pythia_6.86104B_trajectory,2.1489649286826444,0.0038350713173556095
6.86104,220.142,2.1464,105,1,pythia_6.86104B_trajectory,2.147776939707544,-0.0013769397075442669
6.86104,223.572,2.1475,106,1,pythia_6.86104B_trajectory,2.14659359268261,0.0009064073173901122
6.86104,227.054,2.1415,108,1,pythia_6.86104B_trajectory,2.1454158380894315,-0.0039158380894313005
6.86104,230.591,2.1413,110,1,pythia_6.86104B_trajectory,2.1442429138300954,-0.0029429138300951507
6.86104,234.183,2.1471,112,1,pythia_6.86104B_trajectory,2.143075084718455,0.004024915281545027
6.86104,237.831,2.1384,113,1,pythia_6.86104B_trajectory,2.1419122823121013,-0.0035122823121014335
6.86104,241.536,2.1435,115,1,pythia_6.86104B_trajectory,2.140754445977413,0.0027455540225869157
6.86104,245.299,2.1409,117,1,pythia_6.86104B_trajectory,2.1396015223733205,0.0012984776266793396
6.86104,249.12,2.1373,119,1,pythia_6.86104B_trajectory,2.138453762386847,-0.001153762386846946
6.86104,253.001,2.1362,121,1,pythia_6.86104B_trajectory,2.137310816726725,-0.0011108167267250835
6.86104,256.942,2.1371,122,1,pythia_6.86104B_trajectory,2.1361729372986678,0.0009270627013324706
6.86104,260.944,2.1386,124,1,pythia_6.86104B_trajectory,2.1350400787680903,0.003559921231909513
6.86104,265.009,2.1337,126,1,pythia_6.86104B_trajectory,2.133911926705085,-0.00021192670508485278
6.86104,269.138,2.1364,128,1,pythia_6.86104B_trajectory,2.1327884629257547,0.00361153707424533
6.86104,273.33,2.1309,130,1,pythia_6.86104B_trajectory,2.1316702017993103,-0.0007702017993103105
6.86104,277.588,2.1307,132,1,pythia_6.86104B_trajectory,2.1305565843791765,0.00014341562082353931
6.86104,281.912,2.1276,134,1,pythia_6.86104B_trajectory,2.1294478587913925,-0.001847858791392376
6.86104,286.304,2.1261,136,1,pythia_6.86104B_trajectory,2.1283437587076692,-0.00224375870766913
6.86104,290.764,2.1247,139,1,pythia_6.86104B_trajectory,2.127244528947548,-0.002544528947548308
6.86104,295.293,2.1224,141,1,pythia_6.86104B_trajectory,2.1261501586372367,-0.0037501586372368223
6.86104,299.893,2.128,143,1,pythia_6.86104B_trajectory,2.125060405315588,0.0029395946844119614
