N_params_B,D_tokens_B,Q_quality,loss,dL_dQ_quality,dL_dlnN,elasticity_N,delta_Q_quality,delta_ln_N,delta_N_percent,parameter_multiplier_for_quality_plus_0_1,parameter_reduction_percent,parameter_increase_multiplier_for_same_gain,N_equiv_B,elasticity_D,marginal_quality
0.070542,5.0,0.65,2.360326850540359,-1.5043605509754072,-0.3516996506101189,-0.1490046391369919,0.1,-0.42774013234465375,-34.80191784864669,0.6519808215135331,34.80191784864669,1.533787447426079,0.04599203111120765,-0.04101933200907837,1.5043605509754072
0.070542,7.020547945205479,0.65,2.3288827093049314,-1.5043605509754072,-0.3516996506101189,-0.15101647206401636,0.1,-0.42774013234465375,-34.80191784864669,0.6519808215135331,34.80191784864669,1.533787447426079,0.04599203111120765,-0.03804114520172018,1.5043605509754072
0.070542,9.041095890410958,0.65,2.3071992656054645,-1.5043605509754072,-0.3516996506101189,-0.15243575006852494,0.1,-0.42774013234465375,-34.80191784864669,0.6519808215135331,34.80191784864669,1.533787447426079,0.04599203111120765,-0.03594013821837545,1.5043605509754072
0.070542,11.061643835616438,0.65,2.290907418261721,-1.5043605509754072,-0.3516996506101189,-0.15351980084685357,0.1,-0.42774013234465375,-34.80191784864669,0.6519808215135331,34.80191784864669,1.533787447426079,0.04599203111120765,-0.03433537984944884,1.5043605509754072
0.070542,13.082191780821917,0.65,2.2779962940934473,-1.5043605509754072,-0.3516996506101189,-0.15438991341734445,0.1,-0.42774013234465375,-34.80191784864669,0.6519808215135331,34.80191784864669,1.533787447426079,0.04599203111120765,-0.03304732170926058,1.5043605509754072
0.070542,15.102739726027396,0.65,2.267384615408364,-1.5043605509754072,-0.3516996506101189,-0.1551124799119167,0.1,-0.42774013234465375,-34.80191784864669,0.6519808215135331,34.80191784864669,1.533787447426079,0.04599203111120765,-0.031977681197532346,1.5043605509754072
0.070542,17.123287671232877,0.65,2.2584284616921613,-1.5043605509754072,-0.3516996506101189,-0.15572760287771198,0.1,-0.42774013234465375,-34.80191784864669,0.6519808215135331,34.80191784864669,1.533787447426079,0.04599203111120765,-0.031067093107921943,1.5043605509754072
0.070542,19.143835616438356,0.65,2.250715480671752,-1.5043605509754072,-0.3516996506101189,-0.15626126608644023,0.1,-0.42774013234465375,-34.80191784864669,0.6519808215135331,34.80191784864669,1.533787447426079,0.04599203111120765,-0.030277092752297195,1.5043605509754072
0.070542,21.164383561643834,0.65,2.2439668261914454,-1.5043605509754072,-0.3516996506101189,-0.1567312165692923,0.1,-0.42774013234465375,-34.80191784864669,0.6519808215135331,34.80191784864669,1.533787447426079,0.04599203111120765,-0.0295814085782581,1.5043605509754072
0.070542,23.184931506849313,0.65,2.2379857553381424,-1.5043605509754072,-0.3516996506101189,-0.15715008452186496,0.1,-0.42774013234465375,-34.80191784864669,0.6519808215135331,34.80191784864669,1.533787447426079,0.04599203111120765,-0.028961343664507002,1.5043605509754072
0.070542,25.205479452054792,0.65,2.2326286454648794,-1.5043605509754072,-0.3516996506101189,-0.15752716033834088,0.1,-0.42774013234465375,-34.80191784864669,0.6519808215135331,34.80191784864669,1.533787447426079,0.04599203111120765,-0.028403145114857368,1.5043605509754072
0.070542,27.22602739726027,0.65,2.2277876809902146,-1.5043605509754072,-0.3516996506101189,-0.15786946557393397,0.1,-0.42774013234465375,-34.80191784864669,0.6519808215135331,34.80191784864669,1.533787447426079,0.04599203111120765,-0.02789641867498304,1.5043605509754072
0.070542,29.246575342465754,0.65,2.2233800141111546,-1.5043605509754072,-0.3516996506101189,-0.1581824287247264,0.1,-0.42774013234465375,-34.80191784864669,0.6519808215135331,34.80191784864669,1.533787447426079,0.04599203111120765,-0.02743312835183591,1.5043605509754072
0.070542,31.267123287671232,0.65,2.2193407089942045,-1.5043605509754072,-0.3516996506101189,-0.1584703282307238,0.1,-0.42774013234465375,-34.80191784864669,0.6519808215135331,34.80191784864669,1.533787447426079,0.04599203111120765,-0.02700694062069333,1.5043605509754072
0.070542,33.28767123287671,0.65,2.2156179952473813,-1.5043605509754072,-0.3516996506101189,-0.1587365923929727,0.1,-0.42774013234465375,-34.80191784864669,0.6519808215135331,34.80191784864669,1.533787447426079,0.04599203111120765,-0.026612780447336042,1.5043605509754072
0.070542,35.30821917808219,0.65,2.212169983724462,-1.5043605509754072,-0.3516996506101189,-0.1589840080995896,0.1,-0.42774013234465375,-34.80191784864669,0.6519808215135331,34.80191784864669,1.533787447426079,0.04599203111120765,-0.02624652230358969,1.5043605509754072
0.070542,37.32876712328767,0.65,2.2089623380772534,-1.5043605509754072,-0.3516996506101189,-0.159214869600832,0.1,-0.42774013234465375,-34.80191784864669,0.6519808215135331,34.80191784864669,1.533787447426079,0.04599203111120765,-0.02590476993037255,1.5043605509754072
0.070542,39.34931506849315,0.65,2.2059665883531645,-1.5043605509754072,-0.3516996506101189,-0.15943108679296708,0.1,-0.42774013234465375,-34.80191784864669,0.6519808215135331,34.80191784864669,1.533787447426079,0.04599203111120765,-0.025584696041288133,1.5043605509754072
0.070542,41.36986301369863,0.65,2.2031588864147205,-1.5043605509754072,-0.3516996506101189,-0.15963426549886847,0.1,-0.42774013234465375,-34.80191784864669,0.6519808215135331,34.80191784864669,1.533787447426079,0.04599203111120765,-0.025283923480444045,1.5043605509754072
0.070542,43.390410958904106,0.65,2.200519071943857,-1.5043605509754072,-0.3516996506101189,-0.15982576797184514,0.1,-0.42774013234465375,-34.80191784864669,0.6519808215135331,34.80191784864669,1.533787447426079,0.04599203111120765,-0.025000435656512745,1.5043605509754072
0.070542,45.410958904109584,0.65,2.1980299609595924,-1.5043605509754072,-0.3516996506101189,-0.16000675916927792,0.1,-0.42774013234465375,-34.80191784864669,0.6519808215135331,34.80191784864669,1.533787447426079,0.04599203111120765,-0.02473250804224528,1.5043605509754072
0.070542,47.43150684931506,0.65,2.195676796488598,-1.5043605509754072,-0.3516996506101189,-0.16017824261410837,0.1,-0.42774013234465375,-34.80191784864669,0.6519808215135331,34.80191784864669,1.533787447426079,0.04599203111120765,-0.024478655087452644,1.5043605509754072
0.070542,49.45205479452054,0.65,2.1934468192303838,-1.5043605509754072,-0.3516996506101189,-0.16034108852181791,0.1,-0.42774013234465375,-34.80191784864669,0.6519808215135331,34.80191784864669,1.533787447426079,0.04599203111120765,-0.02423758858165178,1.5043605509754072
0.070542,51.47260273972602,0.65,2.19132892826448,-1.5043605509754072,-0.3516996506101189,-0.1604960561026605,0.1,-0.42774013234465375,-34.80191784864669,0.6519808215135331,34.80191784864669,1.533787447426079,0.04599203111120765,-0.02400818463928954,1.5043605509754072
0.070542,53.49315068493151,0.65,2.1893134101860765,-1.5043605509754072,-0.3516996506101189,-0.16064381142224257,0.1,-0.42774013234465375,-34.80191784864669,0.6519808215135331,34.80191784864669,1.533787447426079,0.04599203111120765,-0.02378945726009945,1.5043605509754072
0.070542,55.513698630136986,0.65,2.1873917208515463,-1.5043605509754072,-0.3516996506101189,-0.16078494183620803,0.1,-0.42774013234465375,-34.80191784864669,0.6519808215135331,34.80191784864669,1.533787447426079,0.04599203111120765,-0.023580536960931976,1.5043605509754072
0.070542,57.534246575342465,0.65,2.185556308005399,-1.5043605509754072,-0.3516996506101189,-0.16091996775461256,0.1,-0.42774013234465375,-34.80191784864669,0.6519808215135331,34.80191784864669,1.533787447426079,0.04599203111120765,-0.02338065336053852,1.5043605509754072
0.070542,59.554794520547944,0.65,2.1838004659883854,-1.5043605509754072,-0.3516996506101189,-0.16104935230469422,0.1,-0.42774013234465375,-34.80191784864669,0.6519808215135331,34.80191784864669,1.533787447426079,0.04599203111120765,-0.02318912087543347,1.5043605509754072
0.070542,61.57534246575342,0.65,2.182118215850529,-1.5043605509754072,-0.3516996506101189,-0.1611735093247623,0.1,-0.42774013234465375,-34.80191784864669,0.6519808215135331,34.80191784864669,1.533787447426079,0.04599203111120765,-0.023005326886260346,1.5043605509754072
0.070542,63.5958904109589,0.65,2.1805042057523623,-1.5043605509754072,-0.3516996506101189,-0.16129281002178497,0.1,-0.42774013234465375,-34.80191784864669,0.6519808215135331,34.80191784864669,1.533787447426079,0.04599203111120765,-0.022828721882331367,1.5043605509754072
0.070542,65.61643835616438,0.65,2.1789536276955976,-1.5043605509754072,-0.3516996506101189,-0.16140758855068746,0.1,-0.42774013234465375,-34.80191784864669,0.6519808215135331,34.80191784864669,1.533787447426079,0.04599203111120765,-0.022658811202396843,1.5043605509754072
0.070542,67.63698630136986,0.65,2.1774621474932636,-1.5043605509754072,-0.3516996506101189,-0.16151814671727005,0.1,-0.42774013234465375,-34.80191784864669,0.6519808215135331,34.80191784864669,1.533787447426079,0.04599203111120765,-0.022495148072750704,1.5043605509754072
0.070542,69.65753424657534,0.65,2.1760258455475645,-1.5043605509754072,-0.3516996506101189,-0.16162475796403922,0.1,-0.42774013234465375,-34.80191784864669,0.6519808215135331,34.80191784864669,1.533787447426079,0.04599203111120765,-0.02233732770686498,1.5043605509754072
0.070542,71.67808219178082,0.65,2.174641166506969,-1.5043605509754072,-0.3516996506101189,-0.16172767076558137,0.1,-0.42774013234465375,-34.80191784864669,0.6519808215135331,34.80191784864669,1.533787447426079,0.04599203111120765,-0.022184982279099052,1.5043605509754072
0.070542,73.6986301369863,0.65,2.17330487626206,-1.5043605509754072,-0.3516996506101189,-0.16182711153486154,0.1,-0.42774013234465375,-34.80191784864669,0.6519808215135331,34.80191784864669,1.533787447426079,0.04599203111120765,-0.022037776622403794,1.5043605509754072
0.070542,75.71917808219177,0.65,2.172014025041278,-1.5043605509754072,-0.3516996506101189,-0.16192328712216075,0.1,-0.42774013234465375,-34.80191784864669,0.6519808215135331,34.80191784864669,1.533787447426079,0.04599203111120765,-0.021895404529057038,1.5043605509754072
0.070542,77.73972602739725,0.65,2.1707659156038623,-1.5043605509754072,-0.3516996506101189,-0.16201638697292853,0.1,-0.42774013234465375,-34.80191784864669,0.6519808215135331,34.80191784864669,1.533787447426079,0.04599203111120765,-0.02175758555631871,1.5043605509754072
0.070542,79.76027397260273,0.65,2.16955807571357,-1.5043605509754072,-0.3516996506101189,-0.16210658499862673,0.1,-0.42774013234465375,-34.80191784864669,0.6519808215135331,34.80191784864669,1.533787447426079,0.04599203111120765,-0.021624062256955377,1.5043605509754072
0.070542,81.78082191780821,0.65,2.1683882342246092,-1.5043605509754072,-0.3516996506101189,-0.16219404120493333,0.1,-0.42774013234465375,-34.80191784864669,0.6519808215135331,34.80191784864669,1.533787447426079,0.04599203111120765,-0.021494597768952857,1.5043605509754072
0.070542,83.80136986301369,0.65,2.1672543002293865,-1.5043605509754072,-0.3516996506101189,-0.16227890311390514,0.1,-0.42774013234465375,-34.80191784864669,0.6519808215135331,34.80191784864669,1.533787447426079,0.04599203111120765,-0.021368973710238912,1.5043605509754072
0.070542,85.82191780821917,0.65,2.1661543448126057,-1.5043605509754072,-0.3516996506101189,-0.1623613070104404,0.1,-0.42774013234465375,-34.80191784864669,0.6519808215135331,34.80191784864669,1.533787447426079,0.04599203111120765,-0.021246988333501287,1.5043605509754072
0.070542,87.84246575342465,0.65,2.165086585033027,-1.5043605509754072,-0.3516996506101189,-0.16244137903831404,0.1,-0.42774013234465375,-34.80191784864669,0.6519808215135331,34.80191784864669,1.533787447426079,0.04599203111120765,-0.021128454903687907,1.5043605509754072
0.070542,89.86301369863013,0.65,2.1640493698165337,-1.5043605509754072,-0.3516996506101189,-0.16251923616693442,0.1,-0.42774013234465375,-34.80191784864669,0.6519808215135331,34.80191784864669,1.533787447426079,0.04599203111120765,-0.021013200266883195,1.5043605509754072
0.070542,91.8835616438356,0.65,2.1630411674951286,-1.5043605509754072,-0.3516996506101189,-0.16259498704659348,0.1,-0.42774013234465375,-34.80191784864669,0.6519808215135331,34.80191784864669,1.533787447426079,0.04599203111120765,-0.020901063584251194,1.5043605509754072
0.070542,93.90410958904108,0.65,2.1620605547682614,-1.5043605509754072,-0.3516996506101189,-0.16266873276720759,0.1,-0.42774013234465375,-34.80191784864669,0.6519808215135331,34.80191784864669,1.533787447426079,0.04599203111120765,-0.02079189520884492,1.5043605509754072
0.070542,95.92465753424656,0.65,2.1611062068973883,-1.5043605509754072,-0.3516996506101189,-0.16274056753325403,0.1,-0.42774013234465375,-34.80191784864669,0.6519808215135331,34.80191784864669,1.533787447426079,0.04599203111120765,-0.020685555686474365,1.5043605509754072
0.070542,97.94520547945204,0.65,2.160176888973208,-1.5043605509754072,-0.3516996506101189,-0.1628105792657061,0.1,-0.42774013234465375,-34.80191784864669,0.6519808215135331,34.80191784864669,1.533787447426079,0.04599203111120765,-0.02058191486464057,1.5043605509754072
0.070542,99.96575342465752,0.65,2.1592714481187567,-1.5043605509754072,-0.3516996506101189,-0.1628788501401867,0.1,-0.42774013234465375,-34.80191784864669,0.6519808215135331,34.80191784864669,1.533787447426079,0.04599203111120765,-0.02048085109588836,1.5043605509754072
0.070542,101.98630136986301,0.65,2.1583888065114016,-1.5043605509754072,-0.3516996506101189,-0.16294545706923402,0.1,-0.42774013234465375,-34.80191784864669,0.6519808215135331,34.80191784864669,1.533787447426079,0.04599203111120765,-0.020382250523891147,1.5043605509754072
0.070542,104.0068493150685,0.65,2.1575279551233666,-1.5043605509754072,-0.3516996506101189,-0.16301047213546246,0.1,-0.42774013234465375,-34.80191784864669,0.6519808215135331,34.80191784864669,1.533787447426079,0.04599203111120765,-0.020286006442228013,1.5043605509754072
0.070542,106.02739726027397,0.65,2.1566879480944356,-1.5043605509754072,-0.3516996506101189,-0.16307396298146276,0.1,-0.42774013234465375,-34.80191784864669,0.6519808215135331,34.80191784864669,1.533787447426079,0.04599203111120765,-0.020192018717200742,1.5043605509754072
0.070542,108.04794520547945,0.65,2.1558678976622834,-1.5043605509754072,-0.3516996506101189,-0.16313599316149408,0.1,-0.42774013234465375,-34.80191784864669,0.6519808215135331,34.80191784864669,1.533787447426079,0.04599203111120765,-0.020100193267211408,1.5043605509754072
0.070542,110.06849315068493,0.65,2.155066969585878,-1.5043605509754072,-0.3516996506101189,-0.16319662245934854,0.1,-0.42774013234465375,-34.80191784864669,0.6519808215135331,34.80191784864669,1.533787447426079,0.04599203111120765,-0.020010441592216932,1.5043605509754072
0.070542,112.08904109589041,0.65,2.1542843790059347,-1.5043605509754072,-0.3516996506101189,-0.1632559071761946,0.1,-0.42774013234465375,-34.80191784864669,0.6519808215135331,34.80191784864669,1.533787447426079,0.04599203111120765,-0.019922680347623917,1.5043605509754072
0.070542,114.10958904109589,0.65,2.153519386693623,-1.5043605509754072,-0.3516996506101189,-0.16331390039171934,0.1,-0.42774013234465375,-34.80191784864669,0.6519808215135331,34.80191784864669,1.533787447426079,0.04599203111120765,-0.019836830957710837,1.5043605509754072
0.070542,116.13013698630137,0.65,2.1527712956449574,-1.5043605509754072,-0.3516996506101189,-0.16337065220146935,0.1,-0.42774013234465375,-34.80191784864669,0.6519808215135331,34.80191784864669,1.533787447426079,0.04599203111120765,-0.01975281926428399,1.5043605509754072
0.070542,118.15068493150685,0.65,2.1520394479836105,-1.5043605509754072,-0.3516996506101189,-0.1634262099329312,0.1,-0.42774013234465375,-34.80191784864669,0.6519808215135331,34.80191784864669,1.533787447426079,0.04599203111120765,-0.019670575206805926,1.5043605509754072
0.070542,120.17123287671232,0.65,2.1513232221394727,-1.5043605509754072,-0.3516996506101189,-0.16348061834258293,0.1,-0.42774013234465375,-34.80191784864669,0.6519808215135331,34.80191784864669,1.533787447426079,0.04599203111120765,-0.01959003253069325,1.5043605509754072
0.070542,122.1917808219178,0.65,2.1506220302742265,-1.5043605509754072,-0.3516996506101189,-0.16353391979588042,0.1,-0.42774013234465375,-34.80191784864669,0.6519808215135331,34.80191784864669,1.533787447426079,0.04599203111120765,-0.019511128520876515,1.5043605509754072
0.070542,124.21232876712328,0.65,2.149935315928621,-1.5043605509754072,-0.3516996506101189,-0.16358615443191105,0.1,-0.42774013234465375,-34.80191784864669,0.6519808215135331,34.80191784864669,1.533787447426079,0.04599203111120765,-0.019433803758057533,1.5043605509754072
0.070542,126.23287671232876,0.65,2.1492625518690898,-1.5043605509754072,-0.3516996506101189,-0.16363736031424636,0.1,-0.42774013234465375,-34.80191784864669,0.6519808215135331,34.80191784864669,1.533787447426079,0.04599203111120765,-0.01935800189539703,1.5043605509754072
0.070542,128.25342465753425,0.65,2.1486032381139326,-1.5043605509754072,-0.3516996506101189,-0.1636875735693504,0.1,-0.42774013234465375,-34.80191784864669,0.6519808215135331,34.80191784864669,1.533787447426079,0.04599203111120765,-0.019283669453623888,1.5043605509754072
0.070542,130.27397260273972,0.65,2.14795690012152,-1.5043605509754072,-0.3516996506101189,-0.1637368285137479,0.1,-0.42774013234465375,-34.80191784864669,0.6519808215135331,34.80191784864669,1.533787447426079,0.04599203111120765,-0.01921075563278352,1.5043605509754072
0.070542,132.29452054794518,0.65,2.1473230871249314,-1.5043605509754072,-0.3516996506101189,-0.16378515777102384,0.1,-0.42774013234465375,-34.80191784864669,0.6519808215135331,34.80191784864669,1.533787447426079,0.04599203111120765,-0.01913921213903949,1.5043605509754072
0.070542,134.31506849315068,0.65,2.1467013705991618,-1.5043605509754072,-0.3516996506101189,-0.1638325923796083,0.1,-0.42774013234465375,-34.80191784864669,0.6519808215135331,34.80191784864669,1.533787447426079,0.04599203111120765,-0.019068993025115707,1.5043605509754072
0.070542,136.33561643835617,0.65,2.146091342848521,-1.5043605509754072,-0.3516996506101189,-0.1638791618921987,0.1,-0.42774013234465375,-34.80191784864669,0.6519808215135331,34.80191784864669,1.533787447426079,0.04599203111120765,-0.019000054543118042,1.5043605509754072
0.070542,138.35616438356163,0.65,2.1454926157031733,-1.5043605509754072,-0.3516996506101189,-0.16392489446758188,0.1,-0.42774013234465375,-34.80191784864669,0.6519808215135331,34.80191784864669,1.533787447426079,0.04599203111120765,-0.018932355008607477,1.5043605509754072
0.070542,140.37671232876713,0.65,2.144904819314935,-1.5043605509754072,-0.3516996506101189,-0.16396981695553692,0.1,-0.42774013234465375,-34.80191784864669,0.6519808215135331,34.80191784864669,1.533787447426079,0.04599203111120765,-0.01886585467491459,1.5043605509754072
0.070542,142.3972602739726,0.65,2.1443276010434498,-1.5043605509754072,-0.3516996506101189,-0.1640139549754331,0.1,-0.42774013234465375,-34.80191784864669,0.6519808215135331,34.80191784864669,1.533787447426079,0.04599203111120765,-0.01880051561678902,1.5043605509754072
0.070542,144.41780821917808,0.65,2.143760624424797,-1.5043605509754072,-0.3516996506101189,-0.16405733298907155,0.1,-0.42774013234465375,-34.80191784864669,0.6519808215135331,34.80191784864669,1.533787447426079,0.04599203111120765,-0.018736301622569142,1.5043605509754072
0.070542,146.43835616438355,0.65,2.1432035682153665,-1.5043605509754072,-0.3516996506101189,-0.16409997436826645,0.1,-0.42774013234465375,-34.80191784864669,0.6519808215135331,34.80191784864669,1.533787447426079,0.04599203111120765,-0.018673178094138872,1.5043605509754072
0.070542,148.45890410958904,0.65,2.1426561255045478,-1.5043605509754072,-0.3516996506101189,-0.16414190145761323,0.1,-0.42774013234465375,-34.80191784864669,0.6519808215135331,34.80191784864669,1.533787447426079,0.04599203111120765,-0.018611111954010568,1.5043605509754072
0.070542,150.4794520547945,0.65,2.1421180028904336,-1.5043605509754072,-0.3516996506101189,-0.1641831356328449,0.1,-0.42774013234465375,-34.80191784864669,0.6519808215135331,34.80191784864669,1.533787447426079,0.04599203111120765,-0.018550071558937228,1.5043605509754072
0.070542,152.5,0.65,2.1415889197132674,-1.5043605509754072,-0.3516996506101189,-0.1642236973551428,0.1,-0.42774013234465375,-34.80191784864669,0.6519808215135331,34.80191784864669,1.533787447426079,0.04599203111120765,-0.018490026619514665,1.5043605509754072
0.070542,154.52054794520546,0.65,2.1410686073418916,-1.5043605509754072,-0.3516996506101189,-0.1642636062217312,0.1,-0.42774013234465375,-34.80191784864669,0.6519808215135331,34.80191784864669,1.533787447426079,0.04599203111120765,-0.01843094812528509,1.5043605509754072
0.070542,156.54109589041096,0.65,2.1405568085088955,-1.5043605509754072,-0.3516996506101189,-0.16430288101305363,0.1,-0.42774013234465375,-34.80191784864669,0.6519808215135331,34.80191784864669,1.533787447426079,0.04599203111120765,-0.01837280827489936,1.5043605509754072
0.070542,158.56164383561642,0.65,2.1400532766905482,-1.5043605509754072,-0.3516996506101189,-0.1643415397368047,0.1,-0.42774013234465375,-34.80191784864669,0.6519808215135331,34.80191784864669,1.533787447426079,0.04599203111120765,-0.018315580410935995,1.5043605509754072
0.070542,160.58219178082192,0.65,2.1395577755279827,-1.5043605509754072,-0.3516996506101189,-0.16437959966906213,0.1,-0.42774013234465375,-34.80191784864669,0.6519808215135331,34.80191784864669,1.533787447426079,0.04599203111120765,-0.018259238959011537,1.5043605509754072
0.070542,162.60273972602738,0.65,2.1390700782863954,-1.5043605509754072,-0.3516996506101189,-0.16441707739274478,0.1,-0.42774013234465375,-34.80191784864669,0.6519808215135331,34.80191784864669,1.533787447426079,0.04599203111120765,-0.01820375937084988,1.5043605509754072
0.070542,164.62328767123287,0.65,2.1385899673493376,-1.5043605509754072,-0.3516996506101189,-0.1644539888336009,0.1,-0.42774013234465375,-34.80191784864669,0.6519808215135331,34.80191784864669,1.533787447426079,0.04599203111120765,-0.018149118071007497,1.5043605509754072
0.070542,166.64383561643834,0.65,2.138117233745411,-1.5043605509754072,-0.3516996506101189,-0.16449034929391357,0.1,-0.42774013234465375,-34.80191784864669,0.6519808215135331,34.80191784864669,1.533787447426079,0.04599203111120765,-0.018095292406978374,1.5043605509754072
0.070542,168.66438356164383,0.65,2.137651676704932,-1.5043605509754072,-0.3516996506101189,-0.16452617348409343,0.1,-0.42774013234465375,-34.80191784864669,0.6519808215135331,34.80191784864669,1.533787447426079,0.04599203111120765,-0.01804226060242601,1.5043605509754072
0.070542,170.6849315068493,0.65,2.1371931032443374,-1.5043605509754072,-0.3516996506101189,-0.16456147555231482,0.1,-0.42774013234465375,-34.80191784864669,0.6519808215135331,34.80191784864669,1.533787447426079,0.04599203111120765,-0.01799000171331197,1.5043605509754072
0.070542,172.7054794520548,0.65,2.1367413277762783,-1.5043605509754072,-0.3516996506101189,-0.16459626911233807,0.1,-0.42774013234465375,-34.80191784864669,0.6519808215135331,34.80191784864669,1.533787447426079,0.04599203111120765,-0.017938495586709548,1.5043605509754072
0.070542,174.72602739726025,0.65,2.136296171743546,-1.5043605509754072,-0.3516996506101189,-0.16463056726964873,0.1,-0.42774013234465375,-34.80191784864669,0.6519808215135331,34.80191784864669,1.533787447426079,0.04599203111120765,-0.017887722822109063,1.5043605509754072
0.070542,176.74657534246575,0.65,2.1358574632751086,-1.5043605509754072,-0.3516996506101189,-0.16466438264603347,0.1,-0.42774013234465375,-34.80191784864669,0.6519808215135331,34.80191784864669,1.533787447426079,0.04599203111120765,-0.017837664735037236,1.5043605509754072
0.070542,178.7671232876712,0.65,2.135425036862693,-1.5043605509754072,-0.3516996506101189,-0.16469772740270303,0.1,-0.42774013234465375,-34.80191784864669,0.6519808215135331,34.80191784864669,1.533787447426079,0.04599203111120765,-0.01778830332282759,1.5043605509754072
0.070542,180.7876712328767,0.65,2.1349987330564635,-1.5043605509754072,-0.3516996506101189,-0.16473061326206306,0.1,-0.42774013234465375,-34.80191784864669,0.6519808215135331,34.80191784864669,1.533787447426079,0.04599203111120765,-0.017739621232392006,1.5043605509754072
0.070542,182.80821917808217,0.65,2.134578398178471,-1.5043605509754072,-0.3516996506101189,-0.16476305152822662,0.1,-0.42774013234465375,-34.80191784864669,0.6519808215135331,34.80191784864669,1.533787447426079,0.04599203111120765,-0.017691601729855674,1.5043605509754072
0.070542,184.82876712328766,0.65,2.1341638840526547,-1.5043605509754072,-0.3516996506101189,-0.1647950531063535,0.1,-0.42774013234465375,-34.80191784864669,0.6519808215135331,34.80191784864669,1.533787447426079,0.04599203111120765,-0.017644228671928334,1.5043605509754072
0.070542,186.84931506849313,0.65,2.133755047750266,-1.5043605509754072,-0.3516996506101189,-0.16482662852089558,0.1,-0.42774013234465375,-34.80191784864669,0.6519808215135331,34.80191784864669,1.533787447426079,0.04599203111120765,-0.01759748647889487,1.5043605509754072
0.070542,188.86986301369862,0.65,2.133351751349681,-1.5043605509754072,-0.3516996506101189,-0.1648577879328214,0.1,-0.42774013234465375,-34.80191784864669,0.6519808215135331,34.80191784864669,1.533787447426079,0.04599203111120765,-0.017551360109117297,1.5043605509754072
0.070542,190.89041095890408,0.65,2.132953861709642,-1.5043605509754072,-0.3516996506101189,-0.16488854115588722,0.1,-0.42774013234465375,-34.80191784864669,0.6519808215135331,34.80191784864669,1.533787447426079,0.04599203111120765,-0.01750583503494836,1.5043605509754072
0.070542,192.91095890410958,0.65,2.132561250255046,-1.5043605509754072,-0.3516996506101189,-0.1649188976720162,0.1,-0.42774013234465375,-34.80191784864669,0.6519808215135331,34.80191784864669,1.533787447426079,0.04599203111120765,-0.017460897219964695,1.5043605509754072
0.070542,194.93150684931504,0.65,2.1321737927744606,-1.5043605509754072,-0.3516996506101189,-0.16494886664584443,0.1,-0.42774013234465375,-34.80191784864669,0.6519808215135331,34.80191784864669,1.533787447426079,0.04599203111120765,-0.017416533097434243,1.5043605509754072
0.070542,196.95205479452054,0.65,2.1317913692286115,-1.5043605509754072,-0.3516996506101189,-0.16497845693848615,0.1,-0.42774013234465375,-34.80191784864669,0.6519808215135331,34.80191784864669,1.533787447426079,0.04599203111120765,-0.017372729549939018,1.5043605509754072
0.070542,198.97260273972603,0.65,2.1314138635691418,-1.5043605509754072,-0.3516996506101189,-0.1650076771205678,0.1,-0.42774013234465375,-34.80191784864669,0.6519808215135331,34.80191784864669,1.533787447426079,0.04599203111120765,-0.017329473890080143,1.5043605509754072
0.070542,200.9931506849315,0.65,2.1310411635669944,-1.5043605509754072,-0.3516996506101189,-0.16503653548457717,0.1,-0.42774013234465375,-34.80191784864669,0.6519808215135331,34.80191784864669,1.533787447426079,0.04599203111120765,-0.017286753842197366,1.5043605509754072
0.070542,203.013698630137,0.65,2.1306731606498155,-1.5043605509754072,-0.3516996506101189,-0.16506504005656927,0.1,-0.42774013234465375,-34.80191784864669,0.6519808215135331,34.80191784864669,1.533787447426079,0.04599203111120765,-0.017244557525040033,1.5043605509754072
0.070542,205.03424657534245,0.65,2.130309749747819,-1.5043605509754072,-0.3516996506101189,-0.16509319860726931,0.1,-0.42774013234465375,-34.80191784864669,0.6519808215135331,34.80191784864669,1.533787447426079,0.04599203111120765,-0.01720287343533123,1.5043605509754072
0.070542,207.05479452054794,0.65,2.1299508291475933,-1.5043605509754072,-0.3516996506101189,-0.1651210186626088,0.1,-0.42774013234465375,-34.80191784864669,0.6519808215135331,34.80191784864669,1.533787447426079,0.04599203111120765,-0.017161690432170716,1.5043605509754072
0.070542,209.0753424657534,0.65,2.1295963003533713,-1.5043605509754072,-0.3516996506101189,-0.1651485075137293,0.1,-0.42774013234465375,-34.80191784864669,0.6519808215135331,34.80191784864669,1.533787447426079,0.04599203111120765,-0.017120997722226097,1.5043605509754072
0.070542,211.0958904109589,0.65,2.1292460679553105,-1.5043605509754072,-0.3516996506101189,-0.16517567222648524,0.1,-0.42774013234465375,-34.80191784864669,0.6519808215135331,34.80191784864669,1.533787447426079,0.04599203111120765,-0.017080784845665317,1.5043605509754072
0.070542,213.11643835616437,0.65,2.128900039504367,-1.5043605509754072,-0.3516996506101189,-0.16520251965047578,0.1,-0.42774013234465375,-34.80191784864669,0.6519808215135331,34.80191784864669,1.533787447426079,0.04599203111120765,-0.017041041662786572,1.5043605509754072
0.070542,215.13698630136986,0.65,2.1285581253933756,-1.5043605509754072,-0.3516996506101189,-0.16522905642763305,0.1,-0.42774013234465375,-34.80191784864669,0.6519808215135331,34.80191784864669,1.533787447426079,0.04599203111120765,-0.017001758341304962,1.5043605509754072
0.070542,217.15753424657532,0.65,2.1282202387439706,-1.5043605509754072,-0.3516996506101189,-0.16525528900039235,0.1,-0.42774013234465375,-34.80191784864669,0.6519808215135331,34.80191784864669,1.533787447426079,0.04599203111120765,-0.016962925344257647,1.5043605509754072
0.070542,219.17808219178082,0.65,2.127886295299013,-1.5043605509754072,-0.3516996506101189,-0.16528122361946865,0.1,-0.42774013234465375,-34.80191784864669,0.6519808215135331,34.80191784864669,1.533787447426079,0.04599203111120765,-0.01692453341849214,1.5043605509754072
0.070542,221.19863013698628,0.65,2.127556213320202,-1.5043605509754072,-0.3516996506101189,-0.1653068663512616,0.1,-0.42774013234465375,-34.80191784864669,0.6519808215135331,34.80191784864669,1.533787447426079,0.04599203111120765,-0.016886573583704434,1.5043605509754072
0.070542,223.21917808219177,0.65,2.1272299134905843,-1.5043605509754072,-0.3516996506101189,-0.1653322230849099,0.1,-0.42774013234465375,-34.80191784864669,0.6519808215135331,34.80191784864669,1.533787447426079,0.04599203111120765,-0.01684903712199598,1.5043605509754072
0.070542,225.23972602739724,0.65,2.1269073188216745,-1.5043605509754072,-0.3516996506101189,-0.16535729953901498,0.1,-0.42774013234465375,-34.80191784864669,0.6519808215135331,34.80191784864669,1.533787447426079,0.04599203111120765,-0.016811915567920596,1.5043605509754072
0.070542,227.26027397260273,0.65,2.1265883545649387,-1.5043605509754072,-0.3516996506101189,-0.16538210126805206,0.1,-0.42774013234465375,-34.80191784864669,0.6519808215135331,34.80191784864669,1.533787447426079,0.04599203111120765,-0.01677520069899405,1.5043605509754072
0.070542,229.2808219178082,0.65,2.126272948127397,-1.5043605509754072,-0.3516996506101189,-0.1654066336684854,0.1,-0.42774013234465375,-34.80191784864669,0.6519808215135331,34.80191784864669,1.533787447426079,0.04599203111120765,-0.016738884526640966,1.5043605509754072
0.070542,231.3013698630137,0.65,2.125961028991115,-1.5043605509754072,-0.3516996506101189,-0.16543090198460486,0.1,-0.42774013234465375,-34.80191784864669,0.6519808215135331,34.80191784864669,1.533787447426079,0.04599203111120765,-0.016702959287555285,1.5043605509754072
0.070542,233.32191780821915,0.65,2.125652528636375,-1.5043605509754072,-0.3516996506101189,-0.16545491131409765,0.1,-0.42774013234465375,-34.80191784864669,0.6519808215135331,34.80191784864669,1.533787447426079,0.04599203111120765,-0.016667417435451942,1.5043605509754072
0.070542,235.34246575342465,0.65,2.125347380468333,-1.5043605509754072,-0.3516996506101189,-0.16547866661337016,0.1,-0.42774013234465375,-34.80191784864669,0.6519808215135331,34.80191784864669,1.533787447426079,0.04599203111120765,-0.016632251633188794,1.5043605509754072
0.070542,237.3630136986301,0.65,2.125045519746967,-1.5043605509754072,-0.3516996506101189,-0.16550217270263293,0.1,-0.42774013234465375,-34.80191784864669,0.6519808215135331,34.80191784864669,1.533787447426079,0.04599203111120765,-0.016597454745239215,1.5043605509754072
0.070542,239.3835616438356,0.65,2.124746883520149,-1.5043605509754072,-0.3516996506101189,-0.16552543427076108,0.1,-0.42774013234465375,-34.80191784864669,0.6519808215135331,34.80191784864669,1.533787447426079,0.04599203111120765,-0.01656301983049694,1.5043605509754072
0.070542,241.40410958904107,0.65,2.1244514105596712,-1.5043605509754072,-0.3516996506101189,-0.16554845587994227,0.1,-0.42774013234465375,-34.80191784864669,0.6519808215135331,34.80191784864669,1.533787447426079,0.04599203111120765,-0.01652894013539576,1.5043605509754072
0.070542,243.42465753424656,0.65,2.1241590413000786,-1.5043605509754072,-0.3516996506101189,-0.16557124197012257,0.1,-0.42774013234465375,-34.80191784864669,0.6519808215135331,34.80191784864669,1.533787447426079,0.04599203111120765,-0.01649520908732779,1.5043605509754072
0.070542,245.44520547945203,0.65,2.1238697177801544,-1.5043605509754072,-0.3516996506101189,-0.16559379686326123,0.1,-0.42774013234465375,-34.80191784864669,0.6519808215135331,34.80191784864669,1.533787447426079,0.04599203111120765,-0.016461820288345145,1.5043605509754072
0.070542,247.46575342465752,0.65,2.1235833835869293,-1.5043605509754072,-0.3516996506101189,-0.165616124767404,0.1,-0.42774013234465375,-34.80191784864669,0.6519808215135331,34.80191784864669,1.533787447426079,0.04599203111120765,-0.016428767509130388,1.5043605509754072
0.070542,249.48630136986299,0.65,2.1232999838020867,-1.5043605509754072,-0.3516996506101189,-0.16563822978058332,0.1,-0.42774013234465375,-34.80191784864669,0.6519808215135331,34.80191784864669,1.533787447426079,0.04599203111120765,-0.01639604468322235,1.5043605509754072
0.070542,251.50684931506848,0.65,2.123019464950634,-1.5043605509754072,-0.3516996506101189,-0.16566011589455532,0.1,-0.42774013234465375,-34.80191784864669,0.6519808215135331,34.80191784864669,1.533787447426079,0.04599203111120765,-0.01636364590148447,1.5043605509754072
0.070542,253.52739726027394,0.65,2.1227417749517388,-1.5043605509754072,-0.3516996506101189,-0.16568178699838085,0.1,-0.42774013234465375,-34.80191784864669,0.6519808215135331,34.80191784864669,1.533787447426079,0.04599203111120765,-0.01633156540680368,1.5043605509754072
0.070542,255.54794520547944,0.65,2.122466863071612,-1.5043605509754072,-0.3516996506101189,-0.1657032468818584,0.1,-0.42774013234465375,-34.80191784864669,0.6519808215135331,34.80191784864669,1.533787447426079,0.04599203111120765,-0.016299797589008347,1.5043605509754072
0.070542,257.5684931506849,0.65,2.1221946798783433,-1.5043605509754072,-0.3516996506101189,-0.16572449923881646,0.1,-0.42774013234465375,-34.80191784864669,0.6519808215135331,34.80191784864669,1.533787447426079,0.04599203111120765,-0.016268336979994774,1.5043605509754072
0.070542,259.58904109589037,0.65,2.121925177198593,-1.5043605509754072,-0.3516996506101189,-0.16574554767027158,0.1,-0.42774013234465375,-34.80191784864669,0.6519808215135331,34.80191784864669,1.533787447426079,0.04599203111120765,-0.01623717824905191,1.5043605509754072
0.070542,261.6095890410959,0.65,2.1216583080760465,-1.5043605509754072,-0.3516996506101189,-0.16576639568745907,0.1,-0.42774013234465375,-34.80191784864669,0.6519808215135331,34.80191784864669,1.533787447426079,0.04599203111120765,-0.01620631619837495,1.5043605509754072
0.070542,263.63013698630135,0.65,2.121394026731549,-1.5043605509754072,-0.3516996506101189,-0.16578704671474243,0.1,-0.42774013234465375,-34.80191784864669,0.6519808215135331,34.80191784864669,1.533787447426079,0.04599203111120765,-0.016175745758758645,1.5043605509754072
0.070542,265.6506849315068,0.65,2.121132288524843,-1.5043605509754072,-0.3516996506101189,-0.1658075040924067,0.1,-0.42774013234465375,-34.80191784864669,0.6519808215135331,34.80191784864669,1.533787447426079,0.04599203111120765,-0.01614546198546191,1.5043605509754072
0.070542,267.67123287671234,0.65,2.1208730499178254,-1.5043605509754072,-0.3516996506101189,-0.16582777107934193,0.1,-0.42774013234465375,-34.80191784864669,0.6519808215135331,34.80191784864669,1.533787447426079,0.04599203111120765,-0.016115460054235625,1.5043605509754072
0.070542,269.6917808219178,0.65,2.120616268439263,-1.5043605509754072,-0.3516996506101189,-0.1658478508556212,0.1,-0.42774013234465375,-34.80191784864669,0.6519808215135331,34.80191784864669,1.533787447426079,0.04599203111120765,-0.016085735257506013,1.5043605509754072
0.070542,271.71232876712327,0.65,2.120361902650884,-1.5043605509754072,-0.3516996506101189,-0.1658677465249789,0.1,-0.42774013234465375,-34.80191784864669,0.6519808215135331,34.80191784864669,1.533787447426079,0.04599203111120765,-0.016056283000706436,1.5043605509754072
0.070542,273.73287671232873,0.65,2.1201099121148013,-1.5043605509754072,-0.3516996506101189,-0.16588746111719269,0.1,-0.42774013234465375,-34.80191784864669,0.6519808215135331,34.80191784864669,1.533787447426079,0.04599203111120765,-0.016027098798750705,1.5043605509754072
0.070542,275.75342465753425,0.65,2.1198602573621823,-1.5043605509754072,-0.3516996506101189,-0.1659069975903748,0.1,-0.42774013234465375,-34.80191784864669,0.6519808215135331,34.80191784864669,1.533787447426079,0.04599203111120765,-0.015998178272641533,1.5043605509754072
0.070542,277.7739726027397,0.65,2.1196128998631325,-1.5043605509754072,-0.3516996506101189,-0.165926358833176,0.1,-0.42774013234465375,-34.80191784864669,0.6519808215135331,34.80191784864669,1.533787447426079,0.04599203111120765,-0.015969517146207955,1.5043605509754072
0.070542,279.7945205479452,0.65,2.1193678019977185,-1.5043605509754072,-0.3516996506101189,-0.16594554766690633,0.1,-0.42774013234465375,-34.80191784864669,0.6519808215135331,34.80191784864669,1.533787447426079,0.04599203111120765,-0.01594111124296591,1.5043605509754072
0.070542,281.81506849315065,0.65,2.1191249270280923,-1.5043605509754072,-0.3516996506101189,-0.1659645668475762,0.1,-0.42774013234465375,-34.80191784864669,0.6519808215135331,34.80191784864669,1.533787447426079,0.04599203111120765,-0.015912956483096503,1.5043605509754072
0.070542,283.83561643835617,0.65,2.1188842390716602,-1.5043605509754072,-0.3516996506101189,-0.16598341906786182,0.1,-0.42774013234465375,-34.80191784864669,0.6519808215135331,34.80191784864669,1.533787447426079,0.04599203111120765,-0.01588504888053674,1.5043605509754072
0.070542,285.85616438356163,0.65,2.118645703075251,-1.5043605509754072,-0.3516996506101189,-0.1660021069589978,0.1,-0.42774013234465375,-34.80191784864669,0.6519808215135331,34.80191784864669,1.533787447426079,0.04599203111120765,-0.015857384540177776,1.5043605509754072
0.070542,287.8767123287671,0.65,2.1184092847902423,-1.5043605509754072,-0.3516996506101189,-0.16602063309260043,0.1,-0.42774013234465375,-34.80191784864669,0.6519808215135331,34.80191784864669,1.533787447426079,0.04599203111120765,-0.015829959655165933,1.5043605509754072
0.070542,289.89726027397256,0.65,2.1181749507486027,-1.5043605509754072,-0.3516996506101189,-0.16603899998242433,0.1,-0.42774013234465375,-34.80191784864669,0.6519808215135331,34.80191784864669,1.533787447426079,0.04599203111120765,-0.015802770504302104,1.5043605509754072
0.070542,291.9178082191781,0.65,2.1179426682398064,-1.5043605509754072,-0.3516996506101189,-0.1660572100860557,0.1,-0.42774013234465375,-34.80191784864669,0.6519808215135331,34.80191784864669,1.533787447426079,0.04599203111120765,-0.01577581344953523,1.5043605509754072
0.070542,293.93835616438355,0.65,2.1177124052885845,-1.5043605509754072,-0.3516996506101189,-0.16607526580654475,0.1,-0.42774013234465375,-34.80191784864669,0.6519808215135331,34.80191784864669,1.533787447426079,0.04599203111120765,-0.015749084933545897,1.5043605509754072
0.070542,295.958904109589,0.65,2.11748413063348,-1.5043605509754072,-0.3516996506101189,-0.1660931694939797,0.1,-0.42774013234465375,-34.80191784864669,0.6519808215135331,34.80191784864669,1.533787447426079,0.04599203111120765,-0.01572258147741611,1.5043605509754072
0.070542,297.9794520547945,0.65,2.117257813706169,-1.5043605509754072,-0.3516996506101189,-0.16611092344700512,0.1,-0.42774013234465375,-34.80191784864669,0.6519808215135331,34.80191784864669,1.533787447426079,0.04599203111120765,-0.015696299678381737,1.5043605509754072
0.070542,300.0,0.65,2.117033424611514,-1.5043605509754072,-0.3516996506101189,-0.16612852991428675,0.1,-0.42774013234465375,-34.80191784864669,0.6519808215135331,34.80191784864669,1.533787447426079,0.04599203111120765,-0.01567023620766407,1.5043605509754072
0.162405,5.0,0.65,2.093841097353181,-1.5043605509754072,-0.2894619839585001,-0.1382444848963984,0.1,-0.5197091964902328,-40.53065382270754,0.5946934617729246,40.53065382270754,1.681538581269683,0.09658119165923182,-0.04623991326497793,1.5043605509754072
0.162405,7.020547945205479,0.65,2.062396956117753,-1.5043605509754072,-0.2894619839585001,-0.14035221643430953,0.1,-0.5197091964902328,-40.53065382270754,0.5946934617729246,40.53065382270754,1.681538581269683,0.09658119165923182,-0.0429565050703004,1.5043605509754072
0.162405,9.041095890410958,0.65,2.0407135124182862,-1.5043605509754072,-0.2894619839585001,-0.14184351806221043,0.1,-0.5197091964902328,-40.53065382270754,0.5946934617729246,40.53065382270754,1.681538581269683,0.09658119165923182,-0.04063336671149476,1.5043605509754072
0.162405,11.061643835616438,0.65,2.024421665074543,-1.5043605509754072,-0.2894619839585001,-0.14298502577418404,0.1,-0.5197091964902328,-40.53065382270754,0.5946934617729246,40.53065382270754,1.681538581269683,0.09658119165923182,-0.0388551346604167,1.5043605509754072
0.162405,13.082191780821917,0.65,2.011510540906269,-1.5043605509754072,-0.2894619839585001,-0.1439027924895116,0.1,-0.5197091964902328,-40.53065382270754,0.5946934617729246,40.53065382270754,1.681538581269683,0.09658119165923182,-0.03742544463599579,1.5043605509754072
0.162405,15.102739726027396,0.65,2.000898862221186,-1.5043605509754072,-0.2894619839585001,-0.1446659745896252,0.1,-0.5197091964902328,-40.53065382270754,0.5946934617729246,40.53065382270754,1.681538581269683,0.09658119165923182,-0.036236565352048826,1.5043605509754072
0.162405,17.123287671232877,0.65,1.991942708504983,-1.5043605509754072,-0.2894619839585001,-0.14531642035816913,0.1,-0.5197091964902328,-40.53065382270754,0.5946934617729246,40.53065382270754,1.681538581269683,0.09658119165923182,-0.03522330586989158,1.5043605509754072
0.162405,19.143835616438356,0.65,1.984229727484574,-1.5043605509754072,-0.2894619839585001,-0.14588128579519555,0.1,-0.5197091964902328,-40.53065382270754,0.5946934617729246,40.53065382270754,1.681538581269683,0.09658119165923182,-0.034343362778723206,1.5043605509754072
0.162405,21.164383561643834,0.65,1.977481073004267,-1.5043605509754072,-0.2894619839585001,-0.14637914259211496,0.1,-0.5197091964902328,-40.53065382270754,0.5946934617729246,40.53065382270754,1.681538581269683,0.09658119165923182,-0.03356780523860063,1.5043605509754072
0.162405,23.184931506849313,0.65,1.971500002150964,-1.5043605509754072,-0.2894619839585001,-0.14682322274546722,0.1,-0.5197091964902328,-40.53065382270754,0.5946934617729246,40.53065382270754,1.681538581269683,0.09658119165923182,-0.032876020545728676,1.5043605509754072
0.162405,25.205479452054792,0.65,1.9661428922777011,-1.5043605509754072,-0.2894619839585001,-0.14722326901844326,0.1,-0.5197091964902328,-40.53065382270754,0.5946934617729246,40.53065382270754,1.681538581269683,0.09658119165923182,-0.03225283149754395,1.5043605509754072
0.162405,27.22602739726027,0.65,1.9613019278030361,-1.5043605509754072,-0.2894619839585001,-0.1475866514253329,0.1,-0.5197091964902328,-40.53065382270754,0.5946934617729246,40.53065382270754,1.681538581269683,0.09658119165923182,-0.03168675714171517,1.5043605509754072
0.162405,29.246575342465754,0.65,1.9568942609239763,-1.5043605509754072,-0.2894619839585001,-0.14791907244994748,0.1,-0.5197091964902328,-40.53065382270754,0.5946934617729246,40.53065382270754,1.681538581269683,0.09658119165923182,-0.03116891419223576,1.5043605509754072
0.162405,31.267123287671232,0.65,1.952854955807026,-1.5043605509754072,-0.2894619839585001,-0.14822502976872579,0.1,-0.5197091964902328,-40.53065382270754,0.5946934617729246,40.53065382270754,1.681538581269683,0.09658119165923182,-0.0306922962028813,1.5043605509754072
0.162405,33.28767123287671,0.65,1.949132242060203,-1.5043605509754072,-0.2894619839585001,-0.14850812977807148,0.1,-0.5197091964902328,-40.53065382270754,0.5946934617729246,40.53065382270754,1.681538581269683,0.09658119165923182,-0.030251285156702144,1.5043605509754072
0.162405,35.30821917808219,0.65,1.9456842305372837,-1.5043605509754072,-0.2894619839585001,-0.1487713059577852,0.1,-0.5197091964902328,-40.53065382270754,0.5946934617729246,40.53065382270754,1.681538581269683,0.09658119165923182,-0.029841311301126435,1.5043605509754072
0.162405,37.32876712328767,0.65,1.9424765848900751,-1.5043605509754072,-0.2894619839585001,-0.14901697462411406,0.1,-0.5197091964902328,-40.53065382270754,0.5946934617729246,40.53065382270754,1.681538581269683,0.09658119165923182,-0.02945861051704122,1.5043605509754072
0.162405,39.34931506849315,0.65,1.939480835165986,-1.5043605509754072,-0.2894619839585001,-0.149247148365726,0.1,-0.5197091964902328,-40.53065382270754,0.5946934617729246,40.53065382270754,1.681538581269683,0.09658119165923182,-0.029100047609092718,1.5043605509754072
0.162405,41.36986301369863,0.65,1.936673133227542,-1.5043605509754072,-0.2894619839585001,-0.14946352019460316,0.1,-0.5197091964902328,-40.53065382270754,0.5946934617729246,40.53065382270754,1.681538581269683,0.09658119165923182,-0.028762985216062954,1.5043605509754072
0.162405,43.390410958904106,0.65,1.9340333187566787,-1.5043605509754072,-0.2894619839585001,-0.14966752700237082,0.1,-0.5197091964902328,-40.53065382270754,0.5946934617729246,40.53065382270754,1.681538581269683,0.09658119165923182,-0.028445184959082315,1.5043605509754072
0.162405,45.410958904109584,0.65,1.9315442077724139,-1.5043605509754072,-0.2894619839585001,-0.1498603981175906,0.1,-0.5197091964902328,-40.53065382270754,0.5946934617729246,40.53065382270754,1.681538581269683,0.09658119165923182,-0.028144731799446626,1.5043605509754072
0.162405,47.43150684931506,0.65,1.9291910433014197,-1.5043605509754072,-0.2894619839585001,-0.1500431929557088,0.1,-0.5197091964902328,-40.53065382270754,0.5946934617729246,40.53065382270754,1.681538581269683,0.09658119165923182,-0.02785997538781326,1.5043605509754072
0.162405,49.45205479452054,0.65,1.9269610660432053,-1.5043605509754072,-0.2894619839585001,-0.15021683056257967,0.1,-0.5197091964902328,-40.53065382270754,0.5946934617729246,40.53065382270754,1.681538581269683,0.09658119165923182,-0.02758948404152487,1.5043605509754072
0.162405,51.47260273972602,0.65,1.9248431750773016,-1.5043605509754072,-0.2894619839585001,-0.15038211305026203,0.1,-0.5197091964902328,-40.53065382270754,0.5946934617729246,40.53065382270754,1.681538581269683,0.09658119165923182,-0.027332008236503363,1.5043605509754072
0.162405,53.49315068493151,0.65,1.922827656998898,-1.5043605509754072,-0.2894619839585001,-0.1505397443732868,0.1,-0.5197091964902328,-40.53065382270754,0.5946934617729246,40.53065382270754,1.681538581269683,0.09658119165923182,-0.027086451357722537,1.5043605509754072
0.162405,55.513698630136986,0.65,1.9209059676643678,-1.5043605509754072,-0.2894619839585001,-0.1506903455094459,0.1,-0.5197091964902328,-40.53065382270754,0.5946934617729246,40.53065382270754,1.681538581269683,0.09658119165923182,-0.026851846050690614,1.5043605509754072
0.162405,57.534246575342465,0.65,1.9190705548182205,-1.5043605509754072,-0.2894619839585001,-0.15083446683695206,0.1,-0.5197091964902328,-40.53065382270754,0.5946934617729246,40.53065382270754,1.681538581269683,0.09658119165923182,-0.02662733494040447,1.5043605509754072
0.162405,59.554794520547944,0.65,1.9173147128012071,-1.5043605509754072,-0.2894619839585001,-0.15097259830421608,0.1,-0.5197091964902328,-40.53065382270754,0.5946934617729246,40.53065382270754,1.681538581269683,0.09658119165923182,-0.02641215478894787,1.5043605509754072
0.162405,61.57534246575342,0.65,1.9156324626633505,-1.5043605509754072,-0.2894619839585001,-0.1511051778460958,0.1,-0.5197091964902328,-40.53065382270754,0.5946934617729246,40.53065382270754,1.681538581269683,0.09658119165923182,-0.0262056233847227,1.5043605509754072
0.162405,63.5958904109589,0.65,1.9140184525651838,-1.5043605509754072,-0.2894619839585001,-0.15123259839556963,0.1,-0.5197091964902328,-40.53065382270754,0.5946934617729246,40.53065382270754,1.681538581269683,0.09658119165923182,-0.02600712861971705,1.5043605509754072
0.162405,65.61643835616438,0.65,1.9124678745084192,-1.5043605509754072,-0.2894619839585001,-0.1513552137616447,0.1,-0.5197091964902328,-40.53065382270754,0.5946934617729246,40.53065382270754,1.681538581269683,0.09658119165923182,-0.02581611933294459,1.5043605509754072
0.162405,67.63698630136986,0.65,1.9109763943060851,-1.5043605509754072,-0.2894619839585001,-0.15147334358549713,0.1,-0.5197091964902328,-40.53065382270754,0.5946934617729246,40.53065382270754,1.681538581269683,0.09658119165923182,-0.0256320975898068,1.5043605509754072
0.162405,69.65753424657534,0.65,1.909540092360386,-1.5043605509754072,-0.2894619839585001,-0.15158727754215184,0.1,-0.5197091964902328,-40.53065382270754,0.5946934617729246,40.53065382270754,1.681538581269683,0.09658119165923182,-0.025454612136748173,1.5043605509754072
0.162405,71.67808219178082,0.65,1.9081554133197904,-1.5043605509754072,-0.2894619839585001,-0.15169727892074414,0.1,-0.5197091964902328,-40.53065382270754,0.5946934617729246,40.53065382270754,1.681538581269683,0.09658119165923182,-0.025283252823951743,1.5043605509754072
0.162405,73.6986301369863,0.65,1.9068191230748817,-1.5043605509754072,-0.2894619839585001,-0.15180358768991262,0.1,-0.5197091964902328,-40.53065382270754,0.5946934617729246,40.53065382270754,1.681538581269683,0.09658119165923182,-0.025117645830093422,1.5043605509754072
0.162405,75.71917808219177,0.65,1.9055282718540993,-1.5043605509754072,-0.2894619839585001,-0.15190642313422645,0.1,-0.5197091964902328,-40.53065382270754,0.5946934617729246,40.53065382270754,1.681538581269683,0.09658119165923182,-0.02495744955533544,1.5043605509754072
0.162405,77.73972602739725,0.65,1.9042801624166839,-1.5043605509754072,-0.2894619839585001,-0.15200598613134197,0.1,-0.5197091964902328,-40.53065382270754,0.5946934617729246,40.53065382270754,1.681538581269683,0.09658119165923182,-0.024802351073989086,1.5043605509754072
0.162405,79.76027397260273,0.65,1.9030723225263915,-1.5043605509754072,-0.2894619839585001,-0.1521024611267688,0.1,-0.5197091964902328,-40.53065382270754,0.5946934617729246,40.53065382270754,1.681538581269683,0.09658119165923182,-0.02465206305823931,1.5043605509754072
0.162405,81.78082191780821,0.65,1.901902481037431,-1.5043605509754072,-0.2894619839585001,-0.15219601785292758,0.1,-0.5197091964902328,-40.53065382270754,0.5946934617729246,40.53065382270754,1.681538581269683,0.09658119165923182,-0.024506321100209248,1.5043605509754072
0.162405,83.80136986301369,0.65,1.900768547042208,-1.5043605509754072,-0.2894619839585001,-0.15228681283101658,0.1,-0.5197091964902328,-40.53065382270754,0.5946934617729246,40.53065382270754,1.681538581269683,0.09658119165923182,-0.024364881372363954,1.5043605509754072
0.162405,85.82191780821917,0.65,1.8996685916254272,-1.5043605509754072,-0.2894619839585001,-0.152374990687626,0.1,-0.5197091964902328,-40.53065382270754,0.5946934617729246,40.53065382270754,1.681538581269683,0.09658119165923182,-0.024227518576498908,1.5043605509754072
0.162405,87.84246575342465,0.65,1.8986008318458485,-1.5043605509754072,-0.2894619839585001,-0.1524606853127104,0.1,-0.5197091964902328,-40.53065382270754,0.5946934617729246,40.53065382270754,1.681538581269683,0.09658119165923182,-0.02409402413985885,1.5043605509754072
0.162405,89.86301369863013,0.65,1.8975636166293555,-1.5043605509754072,-0.2894619839585001,-0.1525440208811928,0.1,-0.5197091964902328,-40.53065382270754,0.5946934617729246,40.53065382270754,1.681538581269683,0.09658119165923182,-0.023964204623691095,1.5043605509754072
0.162405,91.8835616438356,0.65,1.8965554143079504,-1.5043605509754072,-0.2894619839585001,-0.15262511275692106,0.1,-0.5197091964902328,-40.53065382270754,0.5946934617729246,40.53065382270754,1.681538581269683,0.09658119165923182,-0.02383788031506879,1.5043605509754072
0.162405,93.90410958904108,0.65,1.895574801581083,-1.5043605509754072,-0.2894619839585001,-0.15270406829477914,0.1,-0.5197091964902328,-40.53065382270754,0.5946934617729246,40.53065382270754,1.681538581269683,0.09658119165923182,-0.02371488397736856,1.5043605509754072
0.162405,95.92465753424656,0.65,1.89462045371021,-1.5043605509754072,-0.2894619839585001,-0.1527809875543413,0.1,-0.5197091964902328,-40.53065382270754,0.5946934617729246,40.53065382270754,1.681538581269683,0.09658119165923182,-0.02359505973854483,1.5043605509754072
0.162405,97.94520547945204,0.65,1.8936911357860295,-1.5043605509754072,-0.2894619839585001,-0.1528559639364583,0.1,-0.5197091964902328,-40.53065382270754,0.5946934617729246,40.53065382270754,1.681538581269683,0.09658119165923182,-0.023478262099461158,1.5043605509754072
0.162405,99.96575342465752,0.65,1.8927856949315784,-1.5043605509754072,-0.2894619839585001,-0.15292908475249425,0.1,-0.5197091964902328,-40.53065382270754,0.5946934617729246,40.53065382270754,1.681538581269683,0.09658119165923182,-0.02336435504713708,1.5043605509754072
0.162405,101.98630136986301,0.65,1.8919030533242234,-1.5043605509754072,-0.2894619839585001,-0.15300043173453973,0.1,-0.5197091964902328,-40.53065382270754,0.5946934617729246,40.53065382270754,1.681538581269683,0.09658119165923182,-0.023253211259942168,1.5043605509754072
0.162405,104.0068493150685,0.65,1.891042201936188,-1.5043605509754072,-0.2894619839585001,-0.15307008149375387,0.1,-0.5197091964902328,-40.53065382270754,0.5946934617729246,40.53065382270754,1.681538581269683,0.09658119165923182,-0.023144711393594038,1.5043605509754072
0.162405,106.02739726027397,0.65,1.8902021949072574,-1.5043605509754072,-0.2894619839585001,-0.15313810593300178,0.1,-0.5197091964902328,-40.53065382270754,0.5946934617729246,40.53065382270754,1.681538581269683,0.09658119165923182,-0.023038743438355165,1.5043605509754072
0.162405,108.04794520547945,0.65,1.8893821444751049,-1.5043605509754072,-0.2894619839585001,-0.15320457261911746,0.1,-0.5197091964902328,-40.53065382270754,0.5946934617729246,40.53065382270754,1.681538581269683,0.09658119165923182,-0.022935202139124276,1.5043605509754072
0.162405,110.06849315068493,0.65,1.8885812163986997,-1.5043605509754072,-0.2894619839585001,-0.15326954511941496,0.1,-0.5197091964902328,-40.53065382270754,0.5946934617729246,40.53065382270754,1.681538581269683,0.09658119165923182,-0.022833988471221905,1.5043605509754072
0.162405,112.08904109589041,0.65,1.8877986258187565,-1.5043605509754072,-0.2894619839585001,-0.15333308330646636,0.1,-0.5197091964902328,-40.53065382270754,0.5946934617729246,40.53065382270754,1.681538581269683,0.09658119165923182,-0.02273500916560965,1.5043605509754072
0.162405,114.10958904109589,0.65,1.8870336335064448,-1.5043605509754072,-0.2894619839585001,-0.15339524363465007,0.1,-0.5197091964902328,-40.53065382270754,0.5946934617729246,40.53065382270754,1.681538581269683,0.09658119165923182,-0.022638176278085197,1.5043605509754072
0.162405,116.13013698630137,0.65,1.886285542457779,-1.5043605509754072,-0.2894619839585001,-0.15345607939153208,0.1,-0.5197091964902328,-40.53065382270754,0.5946934617729246,40.53065382270754,1.681538581269683,0.09658119165923182,-0.02254340679768271,1.5043605509754072
0.162405,118.15068493150685,0.65,1.885553694796432,-1.5043605509754072,-0.2894619839585001,-0.15351564092676287,0.1,-0.5197091964902328,-40.53065382270754,0.5946934617729246,40.53065382270754,1.681538581269683,0.09658119165923182,-0.02245062229009869,1.5043605509754072
0.162405,120.17123287671232,0.65,1.8848374689522942,-1.5043605509754072,-0.2894619839585001,-0.15357397586084726,0.1,-0.5197091964902328,-40.53065382270754,0.5946934617729246,40.53065382270754,1.681538581269683,0.09658119165923182,-0.02235974857247216,1.5043605509754072
0.162405,122.1917808219178,0.65,1.8841362770870482,-1.5043605509754072,-0.2894619839585001,-0.15363112927586117,0.1,-0.5197091964902328,-40.53065382270754,0.5946934617729246,40.53065382270754,1.681538581269683,0.09658119165923182,-0.02227071541628737,1.5043605509754072
0.162405,124.21232876712328,0.65,1.8834495627414427,-1.5043605509754072,-0.2894619839585001,-0.15368714388994606,0.1,-0.5197091964902328,-40.53065382270754,0.5946934617729246,40.53065382270754,1.681538581269683,0.09658119165923182,-0.02218345627554771,1.5043605509754072
0.162405,126.23287671232876,0.65,1.8827767986819115,-1.5043605509754072,-0.2894619839585001,-0.15374206021719927,0.1,-0.5197091964902328,-40.53065382270754,0.5946934617729246,40.53065382270754,1.681538581269683,0.09658119165923182,-0.022097908037699794,1.5043605509754072
0.162405,128.25342465753425,0.65,1.8821174849267543,-1.5043605509754072,-0.2894619839585001,-0.15379591671439416,0.1,-0.5197091964902328,-40.53065382270754,0.5946934617729246,40.53065382270754,1.681538581269683,0.09658119165923182,-0.02201401079507396,1.5043605509754072
0.162405,130.27397260273972,0.65,1.8814711469343417,-1.5043605509754072,-0.2894619839585001,-0.15384874991580275,0.1,-0.5197091964902328,-40.53065382270754,0.5946934617729246,40.53065382270754,1.681538581269683,0.09658119165923182,-0.021931707634858418,1.5043605509754072
0.162405,132.29452054794518,0.65,1.880837333937753,-1.5043605509754072,-0.2894619839585001,-0.1539005945572537,0.1,-0.5197091964902328,-40.53065382270754,0.5946934617729246,40.53065382270754,1.681538581269683,0.09658119165923182,-0.021850944445842967,1.5043605509754072
0.162405,134.31506849315068,0.65,1.8802156174119835,-1.5043605509754072,-0.2894619839585001,-0.1539514836904339,0.1,-0.5197091964902328,-40.53065382270754,0.5946934617729246,40.53065382270754,1.681538581269683,0.09658119165923182,-0.021771669740360516,1.5043605509754072
0.162405,136.33561643835617,0.65,1.8796055896613424,-1.5043605509754072,-0.2894619839585001,-0.15400144878833535,0.1,-0.5197091964902328,-40.53065382270754,0.5946934617729246,40.53065382270754,1.681538581269683,0.09658119165923182,-0.02169383449002305,1.5043605509754072
0.162405,138.35616438356163,0.65,1.879006862515995,-1.5043605509754072,-0.2894619839585001,-0.15405051984265228,0.1,-0.5197091964902328,-40.53065382270754,0.5946934617729246,40.53065382270754,1.681538581269683,0.09658119165923182,-0.02161739197399688,1.5043605509754072
0.162405,140.37671232876713,0.65,1.8784190661277567,-1.5043605509754072,-0.2894619839585001,-0.15409872545385087,0.1,-0.5197091964902328,-40.53065382270754,0.5946934617729246,40.53065382270754,1.681538581269683,0.09658119165923182,-0.021542297638692795,1.5043605509754072
0.162405,142.3972602739726,0.65,1.8778418478562713,-1.5043605509754072,-0.2894619839585001,-0.15414609291455908,0.1,-0.5197091964902328,-40.53065382270754,0.5946934617729246,40.53065382270754,1.681538581269683,0.09658119165923182,-0.021468508967862107,1.5043605509754072
0.162405,144.41780821917808,0.65,1.8772748712376188,-1.5043605509754072,-0.2894619839585001,-0.1541926482868587,0.1,-0.5197091964902328,-40.53065382270754,0.5946934617729246,40.53065382270754,1.681538581269683,0.09658119165923182,-0.021395985362191575,1.5043605509754072
0.162405,146.43835616438355,0.65,1.876717815028188,-1.5043605509754072,-0.2894619839585001,-0.1542384164740038,0.1,-0.5197091964902328,-40.53065382270754,0.5946934617729246,40.53065382270754,1.681538581269683,0.09658119165923182,-0.021324688027580932,1.5043605509754072
0.162405,148.45890410958904,0.65,1.8761703723173695,-1.5043605509754072,-0.2894619839585001,-0.15428342128703823,0.1,-0.5197091964902328,-40.53065382270754,0.5946934617729246,40.53065382270754,1.681538581269683,0.09658119165923182,-0.021254579871366874,1.5043605509754072
0.162405,150.4794520547945,0.65,1.8756322497032554,-1.5043605509754072,-0.2894619839585001,-0.15432768550673834,0.1,-0.5197091964902328,-40.53065382270754,0.5946934617729246,40.53065382270754,1.681538581269683,0.09658119165923182,-0.021185625405828874,1.5043605509754072
0.162405,152.5,0.65,1.8751031665260889,-1.5043605509754072,-0.2894619839585001,-0.1543712309412671,0.1,-0.5197091964902328,-40.53065382270754,0.5946934617729246,40.53065382270754,1.681538581269683,0.09658119165923182,-0.02111779065837604,1.5043605509754072
0.162405,154.52054794520546,0.65,1.8745828541547132,-1.5043605509754072,-0.2894619839585001,-0.15441407847988894,0.1,-0.5197091964902328,-40.53065382270754,0.5946934617729246,40.53065382270754,1.681538581269683,0.09658119165923182,-0.02105104308787086,1.5043605509754072
0.162405,156.54109589041096,0.65,1.874071055321717,-1.5043605509754072,-0.2894619839585001,-0.15445624814306141,0.1,-0.5197091964902328,-40.53065382270754,0.5946934617729246,40.53065382270754,1.681538581269683,0.09658119165923182,-0.020985351506596455,1.5043605509754072
0.162405,158.56164383561642,0.65,1.8735675235033697,-1.5043605509754072,-0.2894619839585001,-0.15449775912919184,0.1,-0.5197091964902328,-40.53065382270754,0.5946934617729246,40.53065382270754,1.681538581269683,0.09658119165923182,-0.020920686007419628,1.5043605509754072
0.162405,160.58219178082192,0.65,1.8730720223408042,-1.5043605509754072,-0.2894619839585001,-0.15453862985831981,0.1,-0.5197091964902328,-40.53065382270754,0.5946934617729246,40.53065382270754,1.681538581269683,0.09658119165923182,-0.020857017895742423,1.5043605509754072
0.162405,162.60273972602738,0.65,1.8725843250992171,-1.5043605509754072,-0.2894619839585001,-0.15457887801296383,0.1,-0.5197091964902328,-40.53065382270754,0.5946934617729246,40.53065382270754,1.681538581269683,0.09658119165923182,-0.020794319625871804,1.5043605509754072
0.162405,164.62328767123287,0.65,1.8721042141621593,-1.5043605509754072,-0.2894619839585001,-0.15461852057634826,0.1,-0.5197091964902328,-40.53065382270754,0.5946934617729246,40.53065382270754,1.681538581269683,0.09658119165923182,-0.020732564741469686,1.5043605509754072
0.162405,166.64383561643834,0.65,1.8716314805582324,-1.5043605509754072,-0.2894619839585001,-0.15465757386820894,0.1,-0.5197091964902328,-40.53065382270754,0.5946934617729246,40.53065382270754,1.681538581269683,0.09658119165923182,-0.02067172781977535,1.5043605509754072
0.162405,168.66438356164383,0.65,1.8711659235177536,-1.5043605509754072,-0.2894619839585001,-0.15469605357835797,0.1,-0.5197091964902328,-40.53065382270754,0.5946934617729246,40.53065382270754,1.681538581269683,0.09658119165923182,-0.020611784419318685,1.5043605509754072
0.162405,170.6849315068493,0.65,1.870707350057159,-1.5043605509754072,-0.2894619839585001,-0.15473397479817227,0.1,-0.5197091964902328,-40.53065382270754,0.5946934617729246,40.53065382270754,1.681538581269683,0.09658119165923182,-0.02055271103086722,1.5043605509754072
0.162405,172.7054794520548,0.65,1.8702555745891,-1.5043605509754072,-0.2894619839585001,-0.15477135205015796,0.1,-0.5197091964902328,-40.53065382270754,0.5946934617729246,40.53065382270754,1.681538581269683,0.09658119165923182,-0.0204944850313711,1.5043605509754072
0.162405,174.72602739726025,0.65,1.8698104185563675,-1.5043605509754072,-0.2894619839585001,-0.15480819931572862,0.1,-0.5197091964902328,-40.53065382270754,0.5946934617729246,40.53065382270754,1.681538581269683,0.09658119165923182,-0.02043708464069041,1.5043605509754072
0.162405,176.74657534246575,0.65,1.8693717100879301,-1.5043605509754072,-0.2894619839585001,-0.1548445300613245,0.1,-0.5197091964902328,-40.53065382270754,0.5946934617729246,40.53065382270754,1.681538581269683,0.09658119165923182,-0.02038048888090664,1.5043605509754072
0.162405,178.7671232876712,0.65,1.8689392836755145,-1.5043605509754072,-0.2894619839585001,-0.15488035726298988,0.1,-0.5197091964902328,-40.53065382270754,0.5946934617729246,40.53065382270754,1.681538581269683,0.09658119165923182,-0.02032467753803656,1.5043605509754072
0.162405,180.7876712328767,0.65,1.868512979869285,-1.5043605509754072,-0.2894619839585001,-0.15491569342951522,0.1,-0.5197091964902328,-40.53065382270754,0.5946934617729246,40.53065382270754,1.681538581269683,0.09658119165923182,-0.02026963112598127,1.5043605509754072
0.162405,182.80821917808217,0.65,1.8680926449912925,-1.5043605509754072,-0.2894619839585001,-0.15495055062424343,0.1,-0.5197091964902328,-40.53065382270754,0.5946934617729246,40.53065382270754,1.681538581269683,0.09658119165923182,-0.020215330852556737,1.5043605509754072
0.162405,184.82876712328766,0.65,1.8676781308654762,-1.5043605509754072,-0.2894619839585001,-0.15498494048563086,0.1,-0.5197091964902328,-40.53065382270754,0.5946934617729246,40.53065382270754,1.681538581269683,0.09658119165923182,-0.02016175858746403,1.5043605509754072
0.162405,186.84931506849313,0.65,1.8672692945630875,-1.5043605509754072,-0.2894619839585001,-0.15501887424664676,0.1,-0.5197091964902328,-40.53065382270754,0.5946934617729246,40.53065382270754,1.681538581269683,0.09658119165923182,-0.020108896832068783,1.5043605509754072
0.162405,188.86986301369862,0.65,1.8668659981625024,-1.5043605509754072,-0.2894619839585001,-0.1550523627530891,0.1,-0.5197091964902328,-40.53065382270754,0.5946934617729246,40.53065382270754,1.681538581269683,0.09658119165923182,-0.020056728690869354,1.5043605509754072
0.162405,190.89041095890408,0.65,1.8664681085224635,-1.5043605509754072,-0.2894619839585001,-0.15508541648088725,0.1,-0.5197091964902328,-40.53065382270754,0.5946934617729246,40.53065382270754,1.681538581269683,0.09658119165923182,-0.020005237844542396,1.5043605509754072
0.162405,192.91095890410958,0.65,1.8660754970678677,-1.5043605509754072,-0.2894619839585001,-0.15511804555245848,0.1,-0.5197091964902328,-40.53065382270754,0.5946934617729246,40.53065382270754,1.681538581269683,0.09658119165923182,-0.019954408524463094,1.5043605509754072
0.162405,194.93150684931504,0.65,1.8656880395872824,-1.5043605509754072,-0.2894619839585001,-0.1551502597521788,0.1,-0.5197091964902328,-40.53065382270754,0.5946934617729246,40.53065382270754,1.681538581269683,0.09658119165923182,-0.019904225488604793,1.5043605509754072
0.162405,196.95205479452054,0.65,1.8653056160414332,-1.5043605509754072,-0.2894619839585001,-0.15518206854102476,0.1,-0.5197091964902328,-40.53065382270754,0.5946934617729246,40.53065382270754,1.681538581269683,0.09658119165923182,-0.019854673998729984,1.5043605509754072
0.162405,198.97260273972603,0.65,1.8649281103819633,-1.5043605509754072,-0.2894619839585001,-0.1552134810704388,0.1,-0.5197091964902328,-40.53065382270754,0.5946934617729246,40.53065382270754,1.681538581269683,0.09658119165923182,-0.019805739798791074,1.5043605509754072
0.162405,200.9931506849315,0.65,1.8645554103798159,-1.5043605509754072,-0.2894619839585001,-0.1552445061954666,0.1,-0.5197091964902328,-40.53065382270754,0.5946934617729246,40.53065382270754,1.681538581269683,0.09658119165923182,-0.01975740909446521,1.5043605509754072
0.162405,203.013698630137,0.65,1.8641874074626372,-1.5043605509754072,-0.2894619839585001,-0.1552751524872113,0.1,-0.5197091964902328,-40.53065382270754,0.5946934617729246,40.53065382270754,1.681538581269683,0.09658119165923182,-0.01970966853375283,1.5043605509754072
0.162405,205.03424657534245,0.65,1.8638239965606405,-1.5043605509754072,-0.2894619839585001,-0.1553054282446472,0.1,-0.5197091964902328,-40.53065382270754,0.5946934617729246,40.53065382270754,1.681538581269683,0.09658119165923182,-0.019662505188574833,1.5043605509754072
0.162405,207.05479452054794,0.65,1.8634650759604148,-1.5043605509754072,-0.2894619839585001,-0.15533534150583087,0.1,-0.5197091964902328,-40.53065382270754,0.5946934617729246,40.53065382270754,1.681538581269683,0.09658119165923182,-0.019615906537307614,1.5043605509754072
0.162405,209.0753424657534,0.65,1.863110547166193,-1.5043605509754072,-0.2894619839585001,-0.15536490005854683,0.1,-0.5197091964902328,-40.53065382270754,0.5946934617729246,40.53065382270754,1.681538581269683,0.09658119165923182,-0.0195698604481996,1.5043605509754072
0.162405,211.0958904109589,0.65,1.8627603147681322,-1.5043605509754072,-0.2894619839585001,-0.1553941114504208,0.1,-0.5197091964902328,-40.53065382270754,0.5946934617729246,40.53065382270754,1.681538581269683,0.09658119165923182,-0.019524355163616742,1.5043605509754072
0.162405,213.11643835616437,0.65,1.8624142863171889,-1.5043605509754072,-0.2894619839585001,-0.1554229829985323,0.1,-0.5197091964902328,-40.53065382270754,0.5946934617729246,40.53065382270754,1.681538581269683,0.09658119165923182,-0.01947937928506808,1.5043605509754072
0.162405,215.13698630136986,0.65,1.8620723722061971,-1.5043605509754072,-0.2894619839585001,-0.15545152179855576,0.1,-0.5197091964902328,-40.53065382270754,0.5946934617729246,40.53065382270754,1.681538581269683,0.09658119165923182,-0.019434921758965794,1.5043605509754072
0.162405,217.15753424657532,0.65,1.8617344855567923,-1.5043605509754072,-0.2894619839585001,-0.15547973473345753,0.1,-0.5197091964902328,-40.53065382270754,0.5946934617729246,40.53065382270754,1.681538581269683,0.09658119165923182,-0.01939097186307714,1.5043605509754072
0.162405,219.17808219178082,0.65,1.8614005421118345,-1.5043605509754072,-0.2894619839585001,-0.15550762848177413,0.1,-0.5197091964902328,-40.53065382270754,0.5946934617729246,40.53065382270754,1.681538581269683,0.09658119165923182,-0.019347519193628697,1.5043605509754072
0.162405,221.19863013698628,0.65,1.861070460133024,-1.5043605509754072,-0.2894619839585001,-0.15553520952549543,0.1,-0.5197091964902328,-40.53065382270754,0.5946934617729246,40.53065382270754,1.681538581269683,0.09658119165923182,-0.019304553653025684,1.5043605509754072
0.162405,223.21917808219177,0.65,1.860744160303406,-1.5043605509754072,-0.2894619839585001,-0.1555624841575757,0.1,-0.5197091964902328,-40.53065382270754,0.5946934617729246,40.53065382270754,1.681538581269683,0.09658119165923182,-0.019262065438151864,1.5043605509754072
0.162405,225.23972602739724,0.65,1.860421565634496,-1.5043605509754072,-0.2894619839585001,-0.15558945848909206,0.1,-0.5197091964902328,-40.53065382270754,0.5946934617729246,40.53065382270754,1.681538581269683,0.09658119165923182,-0.01922004502921752,1.5043605509754072
0.162405,227.26027397260273,0.65,1.8601026013777604,-1.5043605509754072,-0.2894619839585001,-0.15561613845607136,0.1,-0.5197091964902328,-40.53065382270754,0.5946934617729246,40.53065382270754,1.681538581269683,0.09658119165923182,-0.01917848317912518,1.5043605509754072
0.162405,229.2808219178082,0.65,1.859787194940219,-1.5043605509754072,-0.2894619839585001,-0.15564252982600224,0.1,-0.5197091964902328,-40.53065382270754,0.5946934617729246,40.53065382270754,1.681538581269683,0.09658119165923182,-0.01913737090332478,1.5043605509754072
0.162405,231.3013698630137,0.65,1.8594752758039368,-1.5043605509754072,-0.2894619839585001,-0.15566863820405052,0.1,-0.5197091964902328,-40.53065382270754,0.5946934617729246,40.53065382270754,1.681538581269683,0.09658119165923182,-0.01909669947013154,1.5043605509754072
0.162405,233.32191780821915,0.65,1.8591667754491967,-1.5043605509754072,-0.2894619839585001,-0.15569446903899337,0.1,-0.5197091964902328,-40.53065382270754,0.5946934617729246,40.53065382270754,1.681538581269683,0.09658119165923182,-0.019056460391481733,1.5043605509754072
0.162405,235.34246575342465,0.65,1.8588616272811547,-1.5043605509754072,-0.2894619839585001,-0.15572002762888745,0.1,-0.5197091964902328,-40.53065382270754,0.5946934617729246,40.53065382270754,1.681538581269683,0.09658119165923182,-0.019016645414102862,1.5043605509754072
0.162405,237.3630136986301,0.65,1.8585597665597886,-1.5043605509754072,-0.2894619839585001,-0.15574531912648518,0.1,-0.5197091964902328,-40.53065382270754,0.5946934617729246,40.53065382270754,1.681538581269683,0.09658119165923182,-0.018977246511076355,1.5043605509754072
0.162405,239.3835616438356,0.65,1.8582611303329706,-1.5043605509754072,-0.2894619839585001,-0.15577034854441213,0.1,-0.5197091964902328,-40.53065382270754,0.5946934617729246,40.53065382270754,1.681538581269683,0.09658119165923182,-0.01893825587377212,1.5043605509754072
0.162405,241.40410958904107,0.65,1.857965657372493,-1.5043605509754072,-0.2894619839585001,-0.15579512076011828,0.1,-0.5197091964902328,-40.53065382270754,0.5946934617729246,40.53065382270754,1.681538581269683,0.09658119165923182,-0.018899665904135648,1.5043605509754072
0.162405,243.42465753424656,0.65,1.8576732881129003,-1.5043605509754072,-0.2894619839585001,-0.1558196405206145,0.1,-0.5197091964902328,-40.53065382270754,0.5946934617729246,40.53065382270754,1.681538581269683,0.09658119165923182,-0.018861469207309328,1.5043605509754072
0.162405,245.44520547945203,0.65,1.857383964592976,-1.5043605509754072,-0.2894619839585001,-0.1558439124470057,0.1,-0.5197091964902328,-40.53065382270754,0.5946934617729246,40.53065382270754,1.681538581269683,0.09658119165923182,-0.01882365858457107,1.5043605509754072
0.162405,247.46575342465752,0.65,1.857097630399751,-1.5043605509754072,-0.2894619839585001,-0.15586794103883042,0.1,-0.5197091964902328,-40.53065382270754,0.5946934617729246,40.53065382270754,1.681538581269683,0.09658119165923182,-0.018786227026573885,1.5043605509754072
0.162405,249.48630136986299,0.65,1.8568142306149082,-1.5043605509754072,-0.2894619839585001,-0.15589173067821704,0.1,-0.5197091964902328,-40.53065382270754,0.5946934617729246,40.53065382270754,1.681538581269683,0.09658119165923182,-0.018749167706871402,1.5043605509754072
0.162405,251.50684931506848,0.65,1.856533711763456,-1.5043605509754072,-0.2894619839585001,-0.15591528563386567,0.1,-0.5197091964902328,-40.53065382270754,0.5946934617729246,40.53065382270754,1.681538581269683,0.09658119165923182,-0.018712473975714978,1.5043605509754072
0.162405,253.52739726027394,0.65,1.8562560217645605,-1.5043605509754072,-0.2894619839585001,-0.1559386100648643,0.1,-0.5197091964902328,-40.53065382270754,0.5946934617729246,40.53065382270754,1.681538581269683,0.09658119165923182,-0.01867613935410897,1.5043605509754072
0.162405,255.54794520547944,0.65,1.8559811098844337,-1.5043605509754072,-0.2894619839585001,-0.1559617080243473,0.1,-0.5197091964902328,-40.53065382270754,0.5946934617729246,40.53065382270754,1.681538581269683,0.09658119165923182,-0.018640157528111344,1.5043605509754072
0.162405,257.5684931506849,0.65,1.855708926691165,-1.5043605509754072,-0.2894619839585001,-0.15598458346300426,0.1,-0.5197091964902328,-40.53065382270754,0.5946934617729246,40.53065382270754,1.681538581269683,0.09658119165923182,-0.01860452234336789,1.5043605509754072
0.162405,259.58904109589037,0.65,1.855439424011415,-1.5043605509754072,-0.2894619839585001,-0.15600724023244603,0.1,-0.5197091964902328,-40.53065382270754,0.5946934617729246,40.53065382270754,1.681538581269683,0.09658119165923182,-0.018569227799868422,1.5043605509754072
0.162405,261.6095890410959,0.65,1.8551725548888682,-1.5043605509754072,-0.2894619839585001,-0.15602968208843512,0.1,-0.5197091964902328,-40.53065382270754,0.5946934617729246,40.53065382270754,1.681538581269683,0.09658119165923182,-0.018534268046914572,1.5043605509754072
0.162405,263.63013698630135,0.65,1.8549082735443707,-1.5043605509754072,-0.2894619839585001,-0.15605191269398688,0.1,-0.5197091964902328,-40.53065382270754,0.5946934617729246,40.53065382270754,1.681538581269683,0.09658119165923182,-0.018499637378288903,1.5043605509754072
0.162405,265.6506849315068,0.65,1.8546465353376644,-1.5043605509754072,-0.2894619839585001,-0.15607393562234728,0.1,-0.5197091964902328,-40.53065382270754,0.5946934617729246,40.53065382270754,1.681538581269683,0.09658119165923182,-0.0184653302276159,1.5043605509754072
0.162405,267.67123287671234,0.65,1.854387296730647,-1.5043605509754072,-0.2894619839585001,-0.15609575435985365,0.1,-0.5197091964902328,-40.53065382270754,0.5946934617729246,40.53065382270754,1.681538581269683,0.09658119165923182,-0.01843134116390581,1.5043605509754072
0.162405,269.6917808219178,0.65,1.8541305152520844,-1.5043605509754072,-0.2894619839585001,-0.1561173723086831,0.1,-0.5197091964902328,-40.53065382270754,0.5946934617729246,40.53065382270754,1.681538581269683,0.09658119165923182,-0.018397664887272795,1.5043605509754072
0.162405,271.71232876712327,0.65,1.853876149463706,-1.5043605509754072,-0.2894619839585001,-0.1561387927894948,0.1,-0.5197091964902328,-40.53065382270754,0.5946934617729246,40.53065382270754,1.681538581269683,0.09658119165923182,-0.01836429622481934,1.5043605509754072
0.162405,273.73287671232873,0.65,1.853624158927623,-1.5043605509754072,-0.2894619839585001,-0.15616001904396978,0.1,-0.5197091964902328,-40.53065382270754,0.5946934617729246,40.53065382270754,1.681538581269683,0.09658119165923182,-0.018331230126679282,1.5043605509754072
0.162405,275.75342465753425,0.65,1.853374504175004,-1.5043605509754072,-0.2894619839585001,-0.15618105423725404,0.1,-0.5197091964902328,-40.53065382270754,0.5946934617729246,40.53065382270754,1.681538581269683,0.09658119165923182,-0.01829846166221225,1.5043605509754072
0.162405,277.7739726027397,0.65,1.853127146675954,-1.5043605509754072,-0.2894619839585001,-0.15620190146030855,0.1,-0.5197091964902328,-40.53065382270754,0.5946934617729246,40.53065382270754,1.681538581269683,0.09658119165923182,-0.018265986016342613,1.5043605509754072
0.162405,279.7945205479452,0.65,1.85288204881054,-1.5043605509754072,-0.2894619839585001,-0.15622256373217097,0.1,-0.5197091964902328,-40.53065382270754,0.5946934617729246,40.53065382270754,1.681538581269683,0.09658119165923182,-0.018233798486036467,1.5043605509754072
0.162405,281.81506849315065,0.65,1.852639173840914,-1.5043605509754072,-0.2894619839585001,-0.15624304400213238,0.1,-0.5197091964902328,-40.53065382270754,0.5946934617729246,40.53065382270754,1.681538581269683,0.09658119165923182,-0.018201894476910563,1.5043605509754072
0.162405,283.83561643835617,0.65,1.852398485884482,-1.5043605509754072,-0.2894619839585001,-0.15626334515183324,0.1,-0.5197091964902328,-40.53065382270754,0.5946934617729246,40.53065382270754,1.681538581269683,0.09658119165923182,-0.0181702694999672,1.5043605509754072
0.162405,285.85616438356163,0.65,1.8521599498880723,-1.5043605509754072,-0.2894619839585001,-0.15628346999728213,0.1,-0.5197091964902328,-40.53065382270754,0.5946934617729246,40.53065382270754,1.681538581269683,0.09658119165923182,-0.01813891916844968,1.5043605509754072
0.162405,287.8767123287671,0.65,1.8519235316030638,-1.5043605509754072,-0.2894619839585001,-0.15630342129080013,0.1,-0.5197091964902328,-40.53065382270754,0.5946934617729246,40.53065382270754,1.681538581269683,0.09658119165923182,-0.018107839194812993,1.5043605509754072
0.162405,289.89726027397256,0.65,1.8516891975614245,-1.5043605509754072,-0.2894619839585001,-0.156323201722895,0.1,-0.5197091964902328,-40.53065382270754,0.5946934617729246,40.53065382270754,1.681538581269683,0.09658119165923182,-0.018077025387804698,1.5043605509754072
0.162405,291.9178082191781,0.65,1.8514569150526279,-1.5043605509754072,-0.2894619839585001,-0.156342813924067,0.1,-0.5197091964902328,-40.53065382270754,0.5946934617729246,40.53065382270754,1.681538581269683,0.09658119165923182,-0.018046473649651375,1.5043605509754072
0.162405,293.93835616438355,0.65,1.851226652101406,-1.5043605509754072,-0.2894619839585001,-0.15636226046655038,0.1,-0.5197091964902328,-40.53065382270754,0.5946934617729246,40.53065382270754,1.681538581269683,0.09658119165923182,-0.018016179973345984,1.5043605509754072
0.162405,295.958904109589,0.65,1.8509983774463017,-1.5043605509754072,-0.2894619839585001,-0.15638154386599268,0.1,-0.5197091964902328,-40.53065382270754,0.5946934617729246,40.53065382270754,1.681538581269683,0.09658119165923182,-0.01798614044003198,1.5043605509754072
0.162405,297.9794520547945,0.65,1.8507720605189906,-1.5043605509754072,-0.2894619839585001,-0.15640066658307433,0.1,-0.5197091964902328,-40.53065382270754,0.5946934617729246,40.53065382270754,1.681538581269683,0.09658119165923182,-0.017956351216479996,1.5043605509754072
0.162405,300.0,0.65,1.8505476714243358,-1.5043605509754072,-0.2894619839585001,-0.15641963102507161,0.1,-0.5197091964902328,-40.53065382270754,0.5946934617729246,40.53065382270754,1.681538581269683,0.09658119165923182,-0.017926808552653287,1.5043605509754072
0.409009,5.0,0.65,1.8533519117126374,-1.5043605509754072,-0.23329580775506795,-0.1258777711241493,0.1,-0.644829654442313,-47.52480763474159,0.524751923652584,47.52480763474159,1.9056623805005002,0.21462825954121975,-0.052239960538735024,1.5043605509754072
0.409009,7.020547945205479,0.65,1.8219077704772098,-1.5043605509754072,-0.23329580775506795,-0.12805028417764588,0.1,-0.644829654442313,-47.52480763474159,0.524751923652584,47.52480763474159,1.9056623805005002,0.21462825954121975,-0.04862670149281994,1.5043605509754072
0.409009,9.041095890410958,0.65,1.8002243267777425,-1.5043605509754072,-0.23329580775506795,-0.1295926314764609,0.1,-0.644829654442313,-47.52480763474159,0.524751923652584,47.52480763474159,1.9056623805005002,0.21462825954121975,-0.04606151537326285,1.5043605509754072
0.409009,11.061643835616438,0.65,1.7839324794339995,-1.5043605509754072,-0.23329580775506795,-0.13077614228375242,0.1,-0.644829654442313,-47.52480763474159,0.524751923652584,47.52480763474159,1.9056623805005002,0.21462825954121975,-0.04409313542567098,1.5043605509754072
0.409009,13.082191780821917,0.65,1.7710213552657255,-1.5043605509754072,-0.23329580775506795,-0.13172952830942236,0.1,-0.644829654442313,-47.52480763474159,0.524751923652584,47.52480763474159,1.9056623805005002,0.21462825954121975,-0.042507492165228124,1.5043605509754072
0.409009,15.102739726027396,0.65,1.7604096765806423,-1.5043605509754072,-0.23329580775506795,-0.132523588604792,0.1,-0.644829654442313,-47.52480763474159,0.524751923652584,47.52480763474159,1.9056623805005002,0.21462825954121975,-0.04118683471710441,1.5043605509754072
0.409009,17.123287671232877,0.65,1.7514535228644397,-1.5043605509754072,-0.23329580775506795,-0.1332012552485669,0.1,-0.644829654442313,-47.52480763474159,0.524751923652584,47.52480763474159,1.9056623805005002,0.21462825954121975,-0.040059759725866166,1.5043605509754072
0.409009,19.143835616438356,0.65,1.7437405418440306,-1.5043605509754072,-0.23329580775506795,-0.13379043622416112,0.1,-0.644829654442313,-47.52480763474159,0.524751923652584,47.52480763474159,1.9056623805005002,0.21462825954121975,-0.0390798514641779,1.5043605509754072
0.409009,21.164383561643834,0.65,1.7369918873637236,-1.5043605509754072,-0.23329580775506795,-0.1343102460364089,0.1,-0.644829654442313,-47.52480763474159,0.524751923652584,47.52480763474159,1.9056623805005002,0.21462825954121975,-0.038215319256540904,1.5043605509754072
0.409009,23.184931506849313,0.65,1.7310108165104208,-1.5043605509754072,-0.23329580775506795,-0.13477432118267962,0.1,-0.644829654442313,-47.52480763474159,0.524751923652584,47.52480763474159,1.9056623805005002,0.21462825954121975,-0.03744348328641945,1.5043605509754072
0.409009,25.205479452054792,0.65,1.7256537066371578,-1.5043605509754072,-0.23329580775506795,-0.13519271384390308,0.1,-0.644829654442313,-47.52480763474159,0.524751923652584,47.52480763474159,1.9056623805005002,0.21462825954121975,-0.036747625065693436,1.5043605509754072
0.409009,27.22602739726027,0.65,1.7208127421624928,-1.5043605509754072,-0.23329580775506795,-0.13557303594921793,0.1,-0.644829654442313,-47.52480763474159,0.524751923652584,47.52480763474159,1.9056623805005002,0.21462825954121975,-0.03611508466038784,1.5043605509754072
0.409009,29.246575342465754,0.65,1.716405075283433,-1.5043605509754072,-0.23329580775506795,-0.13592118265936926,0.1,-0.644829654442313,-47.52480763474159,0.524751923652584,47.52480763474159,1.9056623805005002,0.21462825954121975,-0.035536057414620466,1.5043605509754072
0.409009,31.267123287671232,0.65,1.7123657701664827,-1.5043605509754072,-0.23329580775506795,-0.13624180757384916,0.1,-0.644829654442313,-47.52480763474159,0.524751923652584,47.52480763474159,1.9056623805005002,0.21462825954121975,-0.03500280360022996,1.5043605509754072
0.409009,33.28767123287671,0.65,1.7086430564196597,-1.5043605509754072,-0.23329580775506795,-0.13653864502508953,0.1,-0.644829654442313,-47.52480763474159,0.524751923652584,47.52480763474159,1.9056623805005002,0.21462825954121975,-0.03450911238666767,1.5043605509754072
0.409009,35.30821917808219,0.65,1.7051950448967403,-1.5043605509754072,-0.23329580775506795,-0.13681473474443234,0.1,-0.644829654442313,-47.52480763474159,0.524751923652584,47.52480763474159,1.9056623805005002,0.21462825954121975,-0.03404992818324295,1.5043605509754072
0.409009,37.32876712328767,0.65,1.7019873992495318,-1.5043605509754072,-0.23329580775506795,-0.13707258223999577,0.1,-0.644829654442313,-47.52480763474159,0.524751923652584,47.52480763474159,1.9056623805005002,0.21462825954121975,-0.03362108390342997,1.5043605509754072
0.409009,39.34931506849315,0.65,1.6989916495254427,-1.5043605509754072,-0.23329580775506795,-0.1373142756883069,0.1,-0.644829654442313,-47.52480763474159,0.524751923652584,47.52480763474159,1.9056623805005002,0.21462825954121975,-0.03321910655418316,1.5043605509754072
0.409009,41.36986301369863,0.65,1.6961839475869986,-1.5043605509754072,-0.23329580775506795,-0.13754157270911327,0.1,-0.644829654442313,-47.52480763474159,0.524751923652584,47.52480763474159,1.9056623805005002,0.21462825954121975,-0.0328410729146539,1.5043605509754072
0.409009,43.390410958904106,0.65,1.6935441331161354,-1.5043605509754072,-0.23329580775506795,-0.137755965842946,0.1,-0.644829654442313,-47.52480763474159,0.524751923652584,47.52480763474159,1.9056623805005002,0.21462825954121975,-0.03248450063585614,1.5043605509754072
0.409009,45.410958904109584,0.65,1.6910550221318705,-1.5043605509754072,-0.23329580775506795,-0.13795873268568032,0.1,-0.644829654442313,-47.52480763474159,0.524751923652584,47.52480763474159,1.9056623805005002,0.21462825954121975,-0.03214726485835771,1.5043605509754072
0.409009,47.43150684931506,0.65,1.6887018576608763,-1.5043605509754072,-0.23329580775506795,-0.13815097478380237,0.1,-0.644829654442313,-47.52480763474159,0.524751923652584,47.52480763474159,1.9056623805005002,0.21462825954121975,-0.0318275335228303,1.5043605509754072
0.409009,49.45205479452054,0.65,1.686471880402662,-1.5043605509754072,-0.23329580775506795,-0.1383336481716886,0.1,-0.644829654442313,-47.52480763474159,0.524751923652584,47.52480763474159,1.9056623805005002,0.21462825954121975,-0.031523716581355256,1.5043605509754072
0.409009,51.47260273972602,0.65,1.6843539894367583,-1.5043605509754072,-0.23329580775506795,-0.1385075876081614,0.1,-0.644829654442313,-47.52480763474159,0.524751923652584,47.52480763474159,1.9056623805005002,0.21462825954121975,-0.031234425687905798,1.5043605509754072
0.409009,53.49315068493151,0.65,1.6823384713583547,-1.5043605509754072,-0.23329580775506795,-0.13867352600377741,0.1,-0.644829654442313,-47.52480763474159,0.524751923652584,47.52480763474159,1.9056623805005002,0.21462825954121975,-0.03095844188745901,1.5043605509754072
0.409009,55.513698630136986,0.65,1.6804167820238245,-1.5043605509754072,-0.23329580775506795,-0.1388321101352583,0.1,-0.644829654442313,-47.52480763474159,0.524751923652584,47.52480763474159,1.9056623805005002,0.21462825954121975,-0.030694689480222772,1.5043605509754072
0.409009,57.534246575342465,0.65,1.6785813691776772,-1.5043605509754072,-0.23329580775506795,-0.1389839134634013,0.1,-0.644829654442313,-47.52480763474159,0.524751923652584,47.52480763474159,1.9056623805005002,0.21462825954121975,-0.030442214703268106,1.5043605509754072
0.409009,59.554794520547944,0.65,1.6768255271606638,-1.5043605509754072,-0.23329580775506795,-0.1391294466694476,0.1,-0.644829654442313,-47.52480763474159,0.524751923652584,47.52480763474159,1.9056623805005002,0.21462825954121975,-0.030200168206754963,1.5043605509754072
0.409009,61.57534246575342,0.65,1.6751432770228072,-1.5043605509754072,-0.23329580775506795,-0.13926916637823308,0.1,-0.644829654442313,-47.52480763474159,0.524751923652584,47.52480763474159,1.9056623805005002,0.21462825954121975,-0.029967790545847826,1.5043605509754072
0.409009,63.5958904109589,0.65,1.6735292669246404,-1.5043605509754072,-0.23329580775506795,-0.1394034824283556,0.1,-0.644829654442313,-47.52480763474159,0.524751923652584,47.52480763474159,1.9056623805005002,0.21462825954121975,-0.02974440008918951,1.5043605509754072
0.409009,65.61643835616438,0.65,1.671978688867876,-1.5043605509754072,-0.23329580775506795,-0.13953276396904096,0.1,-0.644829654442313,-47.52480763474159,0.524751923652584,47.52480763474159,1.9056623805005002,0.21462825954121975,-0.02952938287877531,1.5043605509754072
0.409009,67.63698630136986,0.65,1.6704872086655418,-1.5043605509754072,-0.23329580775506795,-0.1396573446027371,0.1,-0.644829654442313,-47.52480763474159,0.524751923652584,47.52480763474159,1.9056623805005002,0.21462825954121975,-0.02932218407694359,1.5043605509754072
0.409009,69.65753424657534,0.65,1.6690509067198425,-1.5043605509754072,-0.23329580775506795,-0.13977752674635927,0.1,-0.644829654442313,-47.52480763474159,0.524751923652584,47.52480763474159,1.9056623805005002,0.21462825954121975,-0.029122300712882177,1.5043605509754072
0.409009,71.67808219178082,0.65,1.667666227679247,-1.5043605509754072,-0.23329580775506795,-0.13989358534874594,0.1,-0.644829654442313,-47.52480763474159,0.524751923652584,47.52480763474159,1.9056623805005002,0.21462825954121975,-0.02892927549986672,1.5043605509754072
0.409009,73.6986301369863,0.65,1.6663299374343383,-1.5043605509754072,-0.23329580775506795,-0.14000577107453005,0.1,-0.644829654442313,-47.52480763474159,0.524751923652584,47.52480763474159,1.9056623805005002,0.21462825954121975,-0.028742691539940895,1.5043605509754072
0.409009,75.71917808219177,0.65,1.665039086213556,-1.5043605509754072,-0.23329580775506795,-0.14011431304330696,0.1,-0.644829654442313,-47.52480763474159,0.524751923652584,47.52480763474159,1.9056623805005002,0.21462825954121975,-0.028562167768213326,1.5043605509754072
0.409009,77.73972602739725,0.65,1.6637909767761403,-1.5043605509754072,-0.23329580775506795,-0.14021942119623446,0.1,-0.644829654442313,-47.52480763474159,0.524751923652584,47.52480763474159,1.9056623805005002,0.21462825954121975,-0.028387355016799287,1.5043605509754072
0.409009,79.76027397260273,0.65,1.6625831368858481,-1.5043605509754072,-0.23329580775506795,-0.14032128834895424,0.1,-0.644829654442313,-47.52480763474159,0.524751923652584,47.52480763474159,1.9056623805005002,0.21462825954121975,-0.028217932600462597,1.5043605509754072
0.409009,81.78082191780821,0.65,1.6614132953968876,-1.5043605509754072,-0.23329580775506795,-0.14042009197918268,0.1,-0.644829654442313,-47.52480763474159,0.524751923652584,47.52480763474159,1.9056623805005002,0.21462825954121975,-0.028053605343548057,1.5043605509754072
0.409009,83.80136986301369,0.65,1.6602793614016647,-1.5043605509754072,-0.23329580775506795,-0.14051599578887233,0.1,-0.644829654442313,-47.52480763474159,0.524751923652584,47.52480763474159,1.9056623805005002,0.21462825954121975,-0.02789410098184068,1.5043605509754072
0.409009,85.82191780821917,0.65,1.6591794059848841,-1.5043605509754072,-0.23329580775506795,-0.14060915107404207,0.1,-0.644829654442313,-47.52480763474159,0.524751923652584,47.52480763474159,1.9056623805005002,0.21462825954121975,-0.027739167884305246,1.5043605509754072
0.409009,87.84246575342465,0.65,1.6581116462053052,-1.5043605509754072,-0.23329580775506795,-0.14069969792985917,0.1,-0.644829654442313,-47.52480763474159,0.524751923652584,47.52480763474159,1.9056623805005002,0.21462825954121975,-0.02758857304882948,1.5043605509754072
0.409009,89.86301369863013,0.65,1.6570744309888121,-1.5043605509754072,-0.23329580775506795,-0.1407877663140667,0.1,-0.644829654442313,-47.52480763474159,0.524751923652584,47.52480763474159,1.9056623805005002,0.21462825954121975,-0.02744210033356324,1.5043605509754072
0.409009,91.8835616438356,0.65,1.656066228667407,-1.5043605509754072,-0.23329580775506795,-0.1408734769881727,0.1,-0.644829654442313,-47.52480763474159,0.524751923652584,47.52480763474159,1.9056623805005002,0.21462825954121975,-0.02729954889156082,1.5043605509754072
0.409009,93.90410958904108,0.65,1.6550856159405396,-1.5043605509754072,-0.23329580775506795,-0.14095694235279324,0.1,-0.644829654442313,-47.52480763474159,0.524751923652584,47.52480763474159,1.9056623805005002,0.21462825954121975,-0.0271607317814632,1.5043605509754072
0.409009,95.92465753424656,0.65,1.6541312680696667,-1.5043605509754072,-0.23329580775506795,-0.1410382671910427,0.1,-0.644829654442313,-47.52480763474159,0.524751923652584,47.52480763474159,1.9056623805005002,0.21462825954121975,-0.027025474731113382,1.5043605509754072
0.409009,97.94520547945204,0.65,1.6532019501454862,-1.5043605509754072,-0.23329580775506795,-0.14111754933179052,0.1,-0.644829654442313,-47.52480763474159,0.524751923652584,47.52480763474159,1.9056623805005002,0.21462825954121975,-0.02689361503444757,1.5043605509754072
0.409009,99.96575342465752,0.65,1.652296509291035,-1.5043605509754072,-0.23329580775506795,-0.1411948802428749,0.1,-0.644829654442313,-47.52480763474159,0.524751923652584,47.52480763474159,1.9056623805005002,0.21462825954121975,-0.026765000564879807,1.5043605509754072
0.409009,101.98630136986301,0.65,1.65141386768368,-1.5043605509754072,-0.23329580775506795,-0.1412703455629177,0.1,-0.644829654442313,-47.52480763474159,0.524751923652584,47.52480763474159,1.9056623805005002,0.21462825954121975,-0.026639488890803236,1.5043605509754072
0.409009,104.0068493150685,0.65,1.6505530162956448,-1.5043605509754072,-0.23329580775506795,-0.14134402557917009,0.1,-0.644829654442313,-47.52480763474159,0.524751923652584,47.52480763474159,1.9056623805005002,0.21462825954121975,-0.026516946480851514,1.5043605509754072
0.409009,106.02739726027397,0.65,1.649713009266714,-1.5043605509754072,-0.23329580775506795,-0.14141599565779403,0.1,-0.644829654442313,-47.52480763474159,0.524751923652584,47.52480763474159,1.9056623805005002,0.21462825954121975,-0.02639724798826727,1.5043605509754072
0.409009,108.04794520547945,0.65,1.6488929588345616,-1.5043605509754072,-0.23329580775506795,-0.14148632663211902,0.1,-0.644829654442313,-47.52480763474159,0.524751923652584,47.52480763474159,1.9056623805005002,0.21462825954121975,-0.026280275605165226,1.5043605509754072
0.409009,110.06849315068493,0.65,1.6480920307581564,-1.5043605509754072,-0.23329580775506795,-0.1415550851536774,0.1,-0.644829654442313,-47.52480763474159,0.524751923652584,47.52480763474159,1.9056623805005002,0.21462825954121975,-0.02616591847870067,1.5043605509754072
0.409009,112.08904109589041,0.65,1.6473094401782131,-1.5043605509754072,-0.23329580775506795,-0.14162233401019603,0.1,-0.644829654442313,-47.52480763474159,0.524751923652584,47.52480763474159,1.9056623805005002,0.21462825954121975,-0.0260540721821952,1.5043605509754072
0.409009,114.10958904109589,0.65,1.6465444478659015,-1.5043605509754072,-0.23329580775506795,-0.1416881324141868,0.1,-0.644829654442313,-47.52480763474159,0.524751923652584,47.52480763474159,1.9056623805005002,0.21462825954121975,-0.02594463823516148,1.5043605509754072
0.409009,116.13013698630137,0.65,1.6457963568172358,-1.5043605509754072,-0.23329580775506795,-0.14175253626532072,0.1,-0.644829654442313,-47.52480763474159,0.524751923652584,47.52480763474159,1.9056623805005002,0.21462825954121975,-0.025837523666930495,1.5043605509754072
0.409009,118.15068493150685,0.65,1.6450645091558886,-1.5043605509754072,-0.23329580775506795,-0.1418155983893763,0.1,-0.644829654442313,-47.52480763474159,0.524751923652584,47.52480763474159,1.9056623805005002,0.21462825954121975,-0.025732640619239872,1.5043605509754072
0.409009,120.17123287671232,0.65,1.6443482833117509,-1.5043605509754072,-0.23329580775506795,-0.1418773687562135,0.1,-0.644829654442313,-47.52480763474159,0.524751923652584,47.52480763474159,1.9056623805005002,0.21462825954121975,-0.025629905983705733,1.5043605509754072
0.409009,122.1917808219178,0.65,1.643647091446505,-1.5043605509754072,-0.23329580775506795,-0.1419378946789326,0.1,-0.644829654442313,-47.52480763474159,0.524751923652584,47.52480763474159,1.9056623805005002,0.21462825954121975,-0.025529241070588116,1.5043605509754072
0.409009,124.21232876712328,0.65,1.6429603771008994,-1.5043605509754072,-0.23329580775506795,-0.14199722099612175,0.1,-0.644829654442313,-47.52480763474159,0.524751923652584,47.52480763474159,1.9056623805005002,0.21462825954121975,-0.02543057130568178,1.5043605509754072
0.409009,126.23287671232876,0.65,1.6422876130413682,-1.5043605509754072,-0.23329580775506795,-0.14205539023887856,0.1,-0.644829654442313,-47.52480763474159,0.524751923652584,47.52480763474159,1.9056623805005002,0.21462825954121975,-0.02533382595253106,1.5043605509754072
0.409009,128.25342465753425,0.65,1.641628299286211,-1.5043605509754072,-0.23329580775506795,-0.1421124427840981,0.1,-0.644829654442313,-47.52480763474159,0.524751923652584,47.52480763474159,1.9056623805005002,0.21462825954121975,-0.025238937857485943,1.5043605509754072
0.409009,130.27397260273972,0.65,1.6409819612937984,-1.5043605509754072,-0.23329580775506795,-0.1421684169953524,0.1,-0.644829654442313,-47.52480763474159,0.524751923652584,47.52480763474159,1.9056623805005002,0.21462825954121975,-0.025145843215395296,1.5043605509754072
0.409009,132.29452054794518,0.65,1.6403481482972098,-1.5043605509754072,-0.23329580775506795,-0.14222334935254108,0.1,-0.644829654442313,-47.52480763474159,0.524751923652584,47.52480763474159,1.9056623805005002,0.21462825954121975,-0.02505448135397584,1.5043605509754072
0.409009,134.31506849315068,0.65,1.6397264317714402,-1.5043605509754072,-0.23329580775506795,-0.14227727457136388,0.1,-0.644829654442313,-47.52480763474159,0.524751923652584,47.52480763474159,1.9056623805005002,0.21462825954121975,-0.02496479453510919,1.5043605509754072
0.409009,136.33561643835617,0.65,1.639116404020799,-1.5043605509754072,-0.23329580775506795,-0.14233022571355317,0.1,-0.644829654442313,-47.52480763474159,0.524751923652584,47.52480763474159,1.9056623805005002,0.21462825954121975,-0.024876727771506048,1.5043605509754072
0.409009,138.35616438356163,0.65,1.6385176768754517,-1.5043605509754072,-0.23329580775506795,-0.14238223428870667,0.1,-0.644829654442313,-47.52480763474159,0.524751923652584,47.52480763474159,1.9056623805005002,0.21462825954121975,-0.02479022865734143,1.5043605509754072
0.409009,140.37671232876713,0.65,1.6379298804872133,-1.5043605509754072,-0.23329580775506795,-0.14243333034847164,0.1,-0.644829654442313,-47.52480763474159,0.524751923652584,47.52480763474159,1.9056623805005002,0.21462825954121975,-0.024705247211610045,1.5043605509754072
0.409009,142.3972602739726,0.65,1.637352662215728,-1.5043605509754072,-0.23329580775506795,-0.14248354257375634,0.1,-0.644829654442313,-47.52480763474159,0.524751923652584,47.52480763474159,1.9056623805005002,0.21462825954121975,-0.024621735733079055,1.5043605509754072
0.409009,144.41780821917808,0.65,1.6367856855970755,-1.5043605509754072,-0.23329580775506795,-0.1425328983555749,0.1,-0.644829654442313,-47.52480763474159,0.524751923652584,47.52480763474159,1.9056623805005002,0.21462825954121975,-0.02453964866582893,1.5043605509754072
0.409009,146.43835616438355,0.65,1.6362286293876445,-1.5043605509754072,-0.23329580775506795,-0.14258142387007278,0.1,-0.644829654442313,-47.52480763474159,0.524751923652584,47.52480763474159,1.9056623805005002,0.21462825954121975,-0.024458942474473763,1.5043605509754072
0.409009,148.45890410958904,0.65,1.6356811866768262,-1.5043605509754072,-0.23329580775506795,-0.1426291441482245,0.1,-0.644829654442313,-47.52480763474159,0.524751923652584,47.52480763474159,1.9056623805005002,0.21462825954121975,-0.024379575528241677,1.5043605509754072
0.409009,150.4794520547945,0.65,1.635143064062712,-1.5043605509754072,-0.23329580775506795,-0.14267608314064956,0.1,-0.644829654442313,-47.52480763474159,0.524751923652584,47.52480763474159,1.9056623805005002,0.21462825954121975,-0.02430150799317536,1.5043605509754072
0.409009,152.5,0.65,1.6346139808855455,-1.5043605509754072,-0.23329580775506795,-0.14272226377794767,0.1,-0.644829654442313,-47.52480763474159,0.524751923652584,47.52480763474159,1.9056623805005002,0.21462825954121975,-0.02422470173178373,1.5043605509754072
0.409009,154.52054794520546,0.65,1.63409366851417,-1.5043605509754072,-0.23329580775506795,-0.14276770802691896,0.1,-0.644829654442313,-47.52480763474159,0.524751923652584,47.52480763474159,1.9056623805005002,0.21462825954121975,-0.024149120209538716,1.5043605509754072
0.409009,156.54109589041096,0.65,1.6335818696811737,-1.5043605509754072,-0.23329580775506795,-0.14281243694299833,0.1,-0.644829654442313,-47.52480763474159,0.524751923652584,47.52480763474159,1.9056623805005002,0.21462825954121975,-0.024074728407667785,1.5043605509754072
0.409009,158.56164383561642,0.65,1.6330783378628264,-1.5043605509754072,-0.23329580775506795,-0.14285647071920446,0.1,-0.644829654442313,-47.52480763474159,0.524751923652584,47.52480763474159,1.9056623805005002,0.21462825954121975,-0.02400149274174327,1.5043605509754072
0.409009,160.58219178082192,0.65,1.6325828367002608,-1.5043605509754072,-0.23329580775506795,-0.14289982873187623,0.1,-0.644829654442313,-47.52480763474159,0.524751923652584,47.52480763474159,1.9056623805005002,0.21462825954121975,-0.02392938098561499,1.5043605509754072
0.409009,162.60273972602738,0.65,1.6320951394586738,-1.5043605509754072,-0.23329580775506795,-0.1429425295834448,0.1,-0.644829654442313,-47.52480763474159,0.524751923652584,47.52480763474159,1.9056623805005002,0.21462825954121975,-0.02385836220027327,1.5043605509754072
0.409009,164.62328767123287,0.65,1.631615028521616,-1.5043605509754072,-0.23329580775506795,-0.14298459114246703,0.1,-0.644829654442313,-47.52480763474159,0.524751923652584,47.52480763474159,1.9056623805005002,0.21462825954121975,-0.023788406667266112,1.5043605509754072
0.409009,166.64383561643834,0.65,1.6311422949176888,-1.5043605509754072,-0.23329580775506795,-0.14302603058112756,0.1,-0.644829654442313,-47.52480763474159,0.524751923652584,47.52480763474159,1.9056623805005002,0.21462825954121975,-0.0237194858263272,1.5043605509754072
0.409009,168.66438356164383,0.65,1.6306767378772102,-1.5043605509754072,-0.23329580775506795,-0.14306686441039737,0.1,-0.644829654442313,-47.52480763474159,0.524751923652584,47.52480763474159,1.9056623805005002,0.21462825954121975,-0.023651572216900948,1.5043605509754072
0.409009,170.6849315068493,0.65,1.6302181644166156,-1.5043605509754072,-0.23329580775506795,-0.14310710851302189,0.1,-0.644829654442313,-47.52480763474159,0.524751923652584,47.52480763474159,1.9056623805005002,0.21462825954121975,-0.02358463942327809,1.5043605509754072
0.409009,172.7054794520548,0.65,1.6297663889485567,-1.5043605509754072,-0.23329580775506795,-0.1431467781744957,0.1,-0.644829654442313,-47.52480763474159,0.524751923652584,47.52480763474159,1.9056623805005002,0.21462825954121975,-0.02351866202307878,1.5043605509754072
0.409009,174.72602739726025,0.65,1.6293212329158242,-1.5043605509754072,-0.23329580775506795,-0.14318588811216992,0.1,-0.644829654442313,-47.52480763474159,0.524751923652584,47.52480763474159,1.9056623805005002,0.21462825954121975,-0.0234536155388429,1.5043605509754072
0.409009,176.74657534246575,0.65,1.6288825244473866,-1.5043605509754072,-0.23329580775506795,-0.14322445250262336,0.1,-0.644829654442313,-47.52480763474159,0.524751923652584,47.52480763474159,1.9056623805005002,0.21462825954121975,-0.02338947639250647,1.5043605509754072
0.409009,178.7671232876712,0.65,1.6284500980349712,-1.5043605509754072,-0.23329580775506795,-0.14326248500742078,0.1,-0.644829654442313,-47.52480763474159,0.524751923652584,47.52480763474159,1.9056623805005002,0.21462825954121975,-0.023326221862561565,1.5043605509754072
0.409009,180.7876712328767,0.65,1.6280237942287417,-1.5043605509754072,-0.23329580775506795,-0.1432999987973697,0.1,-0.644829654442313,-47.52480763474159,0.524751923652584,47.52480763474159,1.9056623805005002,0.21462825954121975,-0.023263830043713147,1.5043605509754072
0.409009,182.80821917808217,0.65,1.6276034593507491,-1.5043605509754072,-0.23329580775506795,-0.143337006575379,0.1,-0.644829654442313,-47.52480763474159,0.524751923652584,47.52480763474159,1.9056623805005002,0.21462825954121975,-0.023202279808861363,1.5043605509754072
0.409009,184.82876712328766,0.65,1.6271889452249328,-1.5043605509754072,-0.23329580775506795,-0.14337352059801423,0.1,-0.644829654442313,-47.52480763474159,0.524751923652584,47.52480763474159,1.9056623805005002,0.21462825954121975,-0.023141550773251158,1.5043605509754072
0.409009,186.84931506849313,0.65,1.6267801089225442,-1.5043605509754072,-0.23329580775506795,-0.14340955269583755,0.1,-0.644829654442313,-47.52480763474159,0.524751923652584,47.52480763474159,1.9056623805005002,0.21462825954121975,-0.023081623260643634,1.5043605509754072
0.409009,188.86986301369862,0.65,1.626376812521959,-1.5043605509754072,-0.23329580775506795,-0.14344511429261295,0.1,-0.644829654442313,-47.52480763474159,0.524751923652584,47.52480763474159,1.9056623805005002,0.21462825954121975,-0.02302247827137462,1.5043605509754072
0.409009,190.89041095890408,0.65,1.6259789228819201,-1.5043605509754072,-0.23329580775506795,-0.14348021642345118,0.1,-0.644829654442313,-47.52480763474159,0.524751923652584,47.52480763474159,1.9056623805005002,0.21462825954121975,-0.02296409745217629,1.5043605509754072
0.409009,192.91095890410958,0.65,1.6255863114273243,-1.5043605509754072,-0.23329580775506795,-0.14351486975196395,0.1,-0.644829654442313,-47.52480763474159,0.524751923652584,47.52480763474159,1.9056623805005002,0.21462825954121975,-0.02290646306764715,1.5043605509754072
0.409009,194.93150684931504,0.65,1.625198853946739,-1.5043605509754072,-0.23329580775506795,-0.14354908458649054,0.1,-0.644829654442313,-47.52480763474159,0.524751923652584,47.52480763474159,1.9056623805005002,0.21462825954121975,-0.022849557973264042,1.5043605509754072
0.409009,196.95205479452054,0.65,1.6248164304008899,-1.5043605509754072,-0.23329580775506795,-0.1435828708954568,0.1,-0.644829654442313,-47.52480763474159,0.524751923652584,47.52480763474159,1.9056623805005002,0.21462825954121975,-0.02279336558983788,1.5043605509754072
0.409009,198.97260273972603,0.65,1.62443892474142,-1.5043605509754072,-0.23329580775506795,-0.14361623832192044,0.1,-0.644829654442313,-47.52480763474159,0.524751923652584,47.52480763474159,1.9056623805005002,0.21462825954121975,-0.02273786987932208,1.5043605509754072
0.409009,200.9931506849315,0.65,1.6240662247392725,-1.5043605509754072,-0.23329580775506795,-0.1436491961973541,0.1,-0.644829654442313,-47.52480763474159,0.524751923652584,47.52480763474159,1.9056623805005002,0.21462825954121975,-0.022683055321889096,1.5043605509754072
0.409009,203.013698630137,0.65,1.623698221822094,-1.5043605509754072,-0.23329580775506795,-0.14368175355471308,0.1,-0.644829654442313,-47.52480763474159,0.524751923652584,47.52480763474159,1.9056623805005002,0.21462825954121975,-0.022628906894196516,1.5043605509754072
0.409009,205.03424657534245,0.65,1.6233348109200971,-1.5043605509754072,-0.23329580775506795,-0.14371391914083156,0.1,-0.644829654442313,-47.52480763474159,0.524751923652584,47.52480763474159,1.9056623805005002,0.21462825954121975,-0.022575410048770103,1.5043605509754072
0.409009,207.05479452054794,0.65,1.6229758903198714,-1.5043605509754072,-0.23329580775506795,-0.14374570142818807,0.1,-0.644829654442313,-47.52480763474159,0.524751923652584,47.52480763474159,1.9056623805005002,0.21462825954121975,-0.02252255069443577,1.5043605509754072
0.409009,209.0753424657534,0.65,1.6226213615256497,-1.5043605509754072,-0.23329580775506795,-0.143777108626078,0.1,-0.644829654442313,-47.52480763474159,0.524751923652584,47.52480763474159,1.9056623805005002,0.21462825954121975,-0.022470315177737687,1.5043605509754072
0.409009,211.0958904109589,0.65,1.6222711291275889,-1.5043605509754072,-0.23329580775506795,-0.1438081486912288,0.1,-0.644829654442313,-47.52480763474159,0.524751923652584,47.52480763474159,1.9056623805005002,0.21462825954121975,-0.022418690265283734,1.5043605509754072
0.409009,213.11643835616437,0.65,1.6219251006766455,-1.5043605509754072,-0.23329580775506795,-0.1438388293378899,0.1,-0.644829654442313,-47.52480763474159,0.524751923652584,47.52480763474159,1.9056623805005002,0.21462825954121975,-0.022367663126963703,1.5043605509754072
0.409009,215.13698630136986,0.65,1.621583186565654,-1.5043605509754072,-0.23329580775506795,-0.1438691580474292,0.1,-0.644829654442313,-47.52480763474159,0.524751923652584,47.52480763474159,1.9056623805005002,0.21462825954121975,-0.022317221319989346,1.5043605509754072
0.409009,217.15753424657532,0.65,1.621245299916249,-1.5043605509754072,-0.23329580775506795,-0.14389914207746332,0.1,-0.644829654442313,-47.52480763474159,0.524751923652584,47.52480763474159,1.9056623805005002,0.21462825954121975,-0.022267352773708626,1.5043605509754072
0.409009,219.17808219178082,0.65,1.6209113564712911,-1.5043605509754072,-0.23329580775506795,-0.14392878847054952,0.1,-0.644829654442313,-47.52480763474159,0.524751923652584,47.52480763474159,1.9056623805005002,0.21462825954121975,-0.02221804577514997,1.5043605509754072
0.409009,221.19863013698628,0.65,1.6205812744924806,-1.5043605509754072,-0.23329580775506795,-0.14395810406246332,0.1,-0.644829654442313,-47.52480763474159,0.524751923652584,47.52480763474159,1.9056623805005002,0.21462825954121975,-0.022169288955254964,1.5043605509754072
0.409009,223.21917808219177,0.65,1.6202549746628627,-1.5043605509754072,-0.23329580775506795,-0.14398709549008568,0.1,-0.644829654442313,-47.52480763474159,0.524751923652584,47.52480763474159,1.9056623805005002,0.21462825954121975,-0.02212107127576077,1.5043605509754072
0.409009,225.23972602739724,0.65,1.6199323799939527,-1.5043605509754072,-0.23329580775506795,-0.14401576919892103,0.1,-0.644829654442313,-47.52480763474159,0.524751923652584,47.52480763474159,1.9056623805005002,0.21462825954121975,-0.022073382016696185,1.5043605509754072
0.409009,227.26027397260273,0.65,1.619613415737217,-1.5043605509754072,-0.23329580775506795,-0.1440441314502672,0.1,-0.644829654442313,-47.52480763474159,0.524751923652584,47.52480763474159,1.9056623805005002,0.21462825954121975,-0.02202621076445719,1.5043605509754072
0.409009,229.2808219178082,0.65,1.6192980092996756,-1.5043605509754072,-0.23329580775506795,-0.14407218832805532,0.1,-0.644829654442313,-47.52480763474159,0.524751923652584,47.52480763474159,1.9056623805005002,0.21462825954121975,-0.021979547400430493,1.5043605509754072
0.409009,231.3013698630137,0.65,1.6189860901633935,-1.5043605509754072,-0.23329580775506795,-0.1440999457453788,0.1,-0.644829654442313,-47.52480763474159,0.524751923652584,47.52480763474159,1.9056623805005002,0.21462825954121975,-0.021933382090135168,1.5043605509754072
0.409009,233.32191780821915,0.65,1.6186775898086534,-1.5043605509754072,-0.23329580775506795,-0.14412740945072713,0.1,-0.644829654442313,-47.52480763474159,0.524751923652584,47.52480763474159,1.9056623805005002,0.21462825954121975,-0.021887705272854597,1.5043605509754072
0.409009,235.34246575342465,0.65,1.6183724416406113,-1.5043605509754072,-0.23329580775506795,-0.14415458503394082,0.1,-0.644829654442313,-47.52480763474159,0.524751923652584,47.52480763474159,1.9056623805005002,0.21462825954121975,-0.021842507651732432,1.5043605509754072
0.409009,237.3630136986301,0.65,1.6180705809192453,-1.5043605509754072,-0.23329580775506795,-0.14418147793190195,0.1,-0.644829654442313,-47.52480763474159,0.524751923652584,47.52480763474159,1.9056623805005002,0.21462825954121975,-0.02179778018430823,1.5043605509754072
0.409009,239.3835616438356,0.65,1.617771944692427,-1.5043605509754072,-0.23329580775506795,-0.14420809343397437,0.1,-0.644829654442313,-47.52480763474159,0.524751923652584,47.52480763474159,1.9056623805005002,0.21462825954121975,-0.021753514073469482,1.5043605509754072
0.409009,241.40410958904107,0.65,1.6174764717319496,-1.5043605509754072,-0.23329580775506795,-0.14423443668720645,0.1,-0.644829654442313,-47.52480763474159,0.524751923652584,47.52480763474159,1.9056623805005002,0.21462825954121975,-0.021709700758798533,1.5043605509754072
0.409009,243.42465753424656,0.65,1.617184102472357,-1.5043605509754072,-0.23329580775506795,-0.14426051270130869,0.1,-0.644829654442313,-47.52480763474159,0.524751923652584,47.52480763474159,1.9056623805005002,0.21462825954121975,-0.02166633190829395,1.5043605509754072
0.409009,245.44520547945203,0.65,1.6168947789524326,-1.5043605509754072,-0.23329580775506795,-0.14428632635341776,0.1,-0.644829654442313,-47.52480763474159,0.524751923652584,47.52480763474159,1.9056623805005002,0.21462825954121975,-0.02162339941044722,1.5043605509754072
0.409009,247.46575342465752,0.65,1.6166084447592077,-1.5043605509754072,-0.23329580775506795,-0.14431188239265763,0.1,-0.644829654442313,-47.52480763474159,0.524751923652584,47.52480763474159,1.9056623805005002,0.21462825954121975,-0.021580895366656725,1.5043605509754072
0.409009,249.48630136986299,0.65,1.6163250449743651,-1.5043605509754072,-0.23329580775506795,-0.14433718544450816,0.1,-0.644829654442313,-47.52480763474159,0.524751923652584,47.52480763474159,1.9056623805005002,0.21462825954121975,-0.021538812083962015,1.5043605509754072
0.409009,251.50684931506848,0.65,1.6160445261229126,-1.5043605509754072,-0.23329580775506795,-0.1443622400149908,0.1,-0.644829654442313,-47.52480763474159,0.524751923652584,47.52480763474159,1.9056623805005002,0.21462825954121975,-0.02149714206808243,1.5043605509754072
0.409009,253.52739726027394,0.65,1.6157668361240172,-1.5043605509754072,-0.23329580775506795,-0.1443870504946801,0.1,-0.644829654442313,-47.52480763474159,0.524751923652584,47.52480763474159,1.9056623805005002,0.21462825954121975,-0.021455878016744964,1.5043605509754072
0.409009,255.54794520547944,0.65,1.6154919242438903,-1.5043605509754072,-0.23329580775506795,-0.1444116211625502,0.1,-0.644829654442313,-47.52480763474159,0.524751923652584,47.52480763474159,1.9056623805005002,0.21462825954121975,-0.02141501281328712,1.5043605509754072
0.409009,257.5684931506849,0.65,1.6152197410506217,-1.5043605509754072,-0.23329580775506795,-0.14443595618966396,0.1,-0.644829654442313,-47.52480763474159,0.524751923652584,47.52480763474159,1.9056623805005002,0.21462825954121975,-0.021374539520521506,1.5043605509754072
0.409009,259.58904109589037,0.65,1.6149502383708716,-1.5043605509754072,-0.23329580775506795,-0.1444600596427119,0.1,-0.644829654442313,-47.52480763474159,0.524751923652584,47.52480763474159,1.9056623805005002,0.21462825954121975,-0.02133445137484928,1.5043605509754072
0.409009,261.6095890410959,0.65,1.614683369248325,-1.5043605509754072,-0.23329580775506795,-0.14448393548740948,0.1,-0.644829654442313,-47.52480763474159,0.524751923652584,47.52480763474159,1.9056623805005002,0.21462825954121975,-0.021294741780610738,1.5043605509754072
0.409009,263.63013698630135,0.65,1.6144190879038274,-1.5043605509754072,-0.23329580775506795,-0.14450758759175772,0.1,-0.644829654442313,-47.52480763474159,0.524751923652584,47.52480763474159,1.9056623805005002,0.21462825954121975,-0.021255404304661545,1.5043605509754072
0.409009,265.6506849315068,0.65,1.614157349697121,-1.5043605509754072,-0.23329580775506795,-0.14453101972917531,0.1,-0.644829654442313,-47.52480763474159,0.524751923652584,47.52480763474159,1.9056623805005002,0.21462825954121975,-0.021216432671164114,1.5043605509754072
0.409009,267.67123287671234,0.65,1.6138981110901038,-1.5043605509754072,-0.23329580775506795,-0.14455423558150696,0.1,-0.644829654442313,-47.52480763474159,0.524751923652584,47.52480763474159,1.9056623805005002,0.21462825954121975,-0.021177820756583927,1.5043605509754072
0.409009,269.6917808219178,0.65,1.613641329611541,-1.5043605509754072,-0.23329580775506795,-0.1445772387419144,0.1,-0.644829654442313,-47.52480763474159,0.524751923652584,47.52480763474159,1.9056623805005002,0.21462825954121975,-0.021139562584881325,1.5043605509754072
0.409009,271.71232876712327,0.65,1.6133869638231626,-1.5043605509754072,-0.23329580775506795,-0.14460003271765534,0.1,-0.644829654442313,-47.52480763474159,0.524751923652584,47.52480763474159,1.9056623805005002,0.21462825954121975,-0.02110165232288967,1.5043605509754072
0.409009,273.73287671232873,0.65,1.6131349732870797,-1.5043605509754072,-0.23329580775506795,-0.14462262093275546,0.1,-0.644829654442313,-47.52480763474159,0.524751923652584,47.52480763474159,1.9056623805005002,0.21462825954121975,-0.02106408427587139,1.5043605509754072
0.409009,275.75342465753425,0.65,1.6128853185344607,-1.5043605509754072,-0.23329580775506795,-0.14464500673057826,0.1,-0.644829654442313,-47.52480763474159,0.524751923652584,47.52480763474159,1.9056623805005002,0.21462825954121975,-0.021026852883243817,1.5043605509754072
0.409009,277.7739726027397,0.65,1.6126379610354107,-1.5043605509754072,-0.23329580775506795,-0.14466719337629755,0.1,-0.644829654442313,-47.52480763474159,0.524751923652584,47.52480763474159,1.9056623805005002,0.21462825954121975,-0.02098995271446707,1.5043605509754072
0.409009,279.7945205479452,0.65,1.6123928631699966,-1.5043605509754072,-0.23329580775506795,-0.1446891840592768,0.1,-0.644829654442313,-47.52480763474159,0.524751923652584,47.52480763474159,1.9056623805005002,0.21462825954121975,-0.02095337846508675,1.5043605509754072
0.409009,281.81506849315065,0.65,1.6121499882003707,-1.5043605509754072,-0.23329580775506795,-0.14471098189535955,0.1,-0.644829654442313,-47.52480763474159,0.524751923652584,47.52480763474159,1.9056623805005002,0.21462825954121975,-0.020917124952924606,1.5043605509754072
0.409009,283.83561643835617,0.65,1.6119093002439386,-1.5043605509754072,-0.23329580775506795,-0.14473258992907484,0.1,-0.644829654442313,-47.52480763474159,0.524751923652584,47.52480763474159,1.9056623805005002,0.21462825954121975,-0.020881187114410525,1.5043605509754072
0.409009,285.85616438356163,0.65,1.611670764247529,-1.5043605509754072,-0.23329580775506795,-0.14475401113576145,0.1,-0.644829654442313,-47.52480763474159,0.524751923652584,47.52480763474159,1.9056623805005002,0.21462825954121975,-0.020845560001049743,1.5043605509754072
0.409009,287.8767123287671,0.65,1.6114343459625204,-1.5043605509754072,-0.23329580775506795,-0.14477524842361406,0.1,-0.644829654442313,-47.52480763474159,0.524751923652584,47.52480763474159,1.9056623805005002,0.21462825954121975,-0.020810238776019247,1.5043605509754072
0.409009,289.89726027397256,0.65,1.6112000119208811,-1.5043605509754072,-0.23329580775506795,-0.14479630463565565,0.1,-0.644829654442313,-47.52480763474159,0.524751923652584,47.52480763474159,1.9056623805005002,0.21462825954121975,-0.020775218710887954,1.5043605509754072
0.409009,291.9178082191781,0.65,1.6109677294120848,-1.5043605509754072,-0.23329580775506795,-0.1448171825516382,0.1,-0.644829654442313,-47.52480763474159,0.524751923652584,47.52480763474159,1.9056623805005002,0.21462825954121975,-0.02074049518245516,1.5043605509754072
0.409009,293.93835616438355,0.65,1.6107374664608627,-1.5043605509754072,-0.23329580775506795,-0.1448378848898754,0.1,-0.644829654442313,-47.52480763474159,0.524751923652584,47.52480763474159,1.9056623805005002,0.21462825954121975,-0.020706063669702356,1.5043605509754072
0.409009,295.958904109589,0.65,1.6105091918057586,-1.5043605509754072,-0.23329580775506795,-0.1448584143090103,0.1,-0.644829654442313,-47.52480763474159,0.524751923652584,47.52480763474159,1.9056623805005002,0.21462825954121975,-0.020671919750853463,1.5043605509754072
0.409009,297.9794520547945,0.65,1.6102828748784472,-1.5043605509754072,-0.23329580775506795,-0.14487877340972055,0.1,-0.644829654442313,-47.52480763474159,0.524751923652584,47.52480763474159,1.9056623805005002,0.21462825954121975,-0.020638059100539074,1.5043605509754072
0.409009,300.0,0.65,1.6100584857837925,-1.5043605509754072,-0.23329580775506795,-0.14489896473636313,0.1,-0.644829654442313,-47.52480763474159,0.524751923652584,47.52480763474159,1.9056623805005002,0.21462825954121975,-0.020604477487060215,1.5043605509754072
1.040867,5.0,0.65,1.657567988730072,-1.5043605509754072,-0.18757053205608407,-0.11316008352682366,0.1,-0.8020239290709054,-55.15795261655882,0.4484204738344118,55.15795261655882,2.2300498267821505,0.4667460733386027,-0.058410292302057645,1.5043605509754072
1.040867,7.020547945205479,0.65,1.6261238474946442,-1.5043605509754072,-0.18757053205608407,-0.1153482450583776,0.1,-0.8020239290709054,-55.15795261655882,0.4484204738344118,55.15795261655882,2.2300498267821505,0.4667460733386027,-0.05448131483892783,1.5043605509754072
1.040867,9.041095890410958,0.65,1.6044404037951772,-1.5043605509754072,-0.18757053205608407,-0.1169071357293177,0.1,-0.8020239290709054,-55.15795261655882,0.4484204738344118,55.15795261655882,2.2300498267821505,0.4667460733386027,-0.05168223157871836,1.5043605509754072
1.040867,11.061643835616438,0.65,1.5881485564514342,-1.5043605509754072,-0.18757053205608407,-0.11810641472683919,0.1,-0.8020239290709054,-55.15795261655882,0.4484204738344118,55.15795261655882,2.2300498267821505,0.4667460733386027,-0.04952885300710958,1.5043605509754072
1.040867,13.082191780821917,0.65,1.57523743228316,-1.5043605509754072,-0.18757053205608407,-0.11907445075388924,0.1,-0.8020239290709054,-55.15795261655882,0.4484204738344118,55.15795261655882,2.2300498267821505,0.4667460733386027,-0.04779068529008718,1.5043605509754072
1.040867,15.102739726027396,0.65,1.5646257535980768,-1.5043605509754072,-0.18757053205608407,-0.11988204311781221,0.1,-0.8020239290709054,-55.15795261655882,0.4484204738344118,55.15795261655882,2.2300498267821505,0.4667460733386027,-0.04634060395400056,1.5043605509754072
1.040867,17.123287671232877,0.65,1.5556695998818741,-1.5043605509754072,-0.18757053205608407,-0.12057221666498256,0.1,-0.8020239290709054,-55.15795261655882,0.4484204738344118,55.15795261655882,2.2300498267821505,0.4667460733386027,-0.045101355263546285,1.5043605509754072
1.040867,19.143835616438356,0.65,1.547956618861465,-1.5043605509754072,-0.18757053205608407,-0.12117299010229611,0.1,-0.8020239290709054,-55.15795261655882,0.4484204738344118,55.15795261655882,2.2300498267821505,0.4667460733386027,-0.044022629921923205,1.5043605509754072
1.040867,21.164383561643834,0.65,1.5412079643811583,-1.5043605509754072,-0.18757053205608407,-0.12170358341704997,0.1,-0.8020239290709054,-55.15795261655882,0.4484204738344118,55.15795261655882,2.2300498267821505,0.4667460733386027,-0.04306991726991217,1.5043605509754072
1.040867,23.184931506849313,0.65,1.5352268935278555,-1.5043605509754072,-0.18757053205608407,-0.12217772685381945,0.1,-0.8020239290709054,-55.15795261655882,0.4484204738344118,55.15795261655882,2.2300498267821505,0.4667460733386027,-0.04221856381611335,1.5043605509754072
1.040867,25.205479452054792,0.65,1.5298697836545925,-1.5043605509754072,-0.18757053205608407,-0.12260555379295794,0.1,-0.8020239290709054,-55.15795261655882,0.4484204738344118,55.15795261655882,2.2300498267821505,0.4667460733386027,-0.04145037445817263,1.5043605509754072
1.040867,27.22602739726027,0.65,1.5250288191799273,-1.5043605509754072,-0.18757053205608407,-0.12299474586778544,0.1,-0.8020239290709054,-55.15795261655882,0.4484204738344118,55.15795261655882,2.2300498267821505,0.4667460733386027,-0.040751556355041095,1.5043605509754072
1.040867,29.246575342465754,0.65,1.5206211523008675,-1.5043605509754072,-0.18757053205608407,-0.1233512579857706,0.1,-0.8020239290709054,-55.15795261655882,0.4484204738344118,55.15795261655882,2.2300498267821505,0.4667460733386027,-0.04011141710723081,1.5043605509754072
1.040867,31.267123287671232,0.65,1.5165818471839174,-1.5043605509754072,-0.18757053205608407,-0.1236797950630733,0.1,-0.8020239290709054,-55.15795261655882,0.4484204738344118,55.15795261655882,2.2300498267821505,0.4667460733386027,-0.03952150875087273,1.5043605509754072
1.040867,33.28767123287671,0.65,1.5128591334370944,-1.5043605509754072,-0.18757053205608407,-0.1239841356742441,0.1,-0.8020239290709054,-55.15795261655882,0.4484204738344118,55.15795261655882,2.2300498267821505,0.4667460733386027,-0.0389750466249455,1.5043605509754072
1.040867,35.30821917808219,0.65,1.5094111219141748,-1.5043605509754072,-0.18757053205608407,-0.1242673578674938,0.1,-0.8020239290709054,-55.15795261655882,0.4484204738344118,55.15795261655882,2.2300498267821505,0.4667460733386027,-0.038466503906188346,1.5043605509754072
1.040867,37.32876712328767,0.65,1.5062034762669663,-1.5043605509754072,-0.18757053205608407,-0.12453200049767925,0.1,-0.8020239290709054,-55.15795261655882,0.4484204738344118,55.15795261655882,2.2300498267821505,0.4667460733386027,-0.03799132192588744,1.5043605509754072
1.040867,39.34931506849315,0.65,1.5032077265428772,-1.5043605509754072,-0.18757053205608407,-0.12478018090517967,0.1,-0.8020239290709054,-55.15795261655882,0.4484204738344118,55.15795261655882,2.2300498267821505,0.4667460733386027,-0.03754569887027736,1.5043605509754072
1.040867,41.36986301369863,0.65,1.5004000246044331,-1.5043605509754072,-0.18757053205608407,-0.125013682338172,0.1,-0.8020239290709054,-55.15795261655882,0.4484204738344118,55.15795261655882,2.2300498267821505,0.4667460733386027,-0.03712643280851458,1.5043605509754072
1.040867,43.390410958904106,0.65,1.49776021013357,-1.5043605509754072,-0.18757053205608407,-0.12523401996328676,0.1,-0.8020239290709054,-55.15795261655882,0.4484204738344118,55.15795261655882,2.2300498267821505,0.4667460733386027,-0.036730803166519825,1.5043605509754072
1.040867,45.410958904109584,0.65,1.4952710991493052,-1.5043605509754072,-0.18757053205608407,-0.12544249144037983,0.1,-0.8020239290709054,-55.15795261655882,0.4484204738344118,55.15795261655882,2.2300498267821505,0.4667460733386027,-0.03635647991689097,1.5043605509754072
1.040867,47.43150684931506,0.65,1.492917934678311,-1.5043605509754072,-0.18757053205608407,-0.1256402161827476,0.1,-0.8020239290709054,-55.15795261655882,0.4484204738344118,55.15795261655882,2.2300498267821505,0.4667460733386027,-0.03600145308479304,1.5043605509754072
1.040867,49.45205479452054,0.65,1.4906879574200964,-1.5043605509754072,-0.18757053205608407,-0.125828166198316,0.1,-0.8020239290709054,-55.15795261655882,0.4484204738344118,55.15795261655882,2.2300498267821505,0.4667460733386027,-0.03566397737072243,1.5043605509754072
1.040867,51.47260273972602,0.65,1.4885700664541928,-1.5043605509754072,-0.18757053205608407,-0.1260071905804752,0.1,-0.8020239290709054,-55.15795261655882,0.4484204738344118,55.15795261655882,2.2300498267821505,0.4667460733386027,-0.0353425281757196,1.5043605509754072
1.040867,53.49315068493151,0.65,1.4865545483757892,-1.5043605509754072,-0.18757053205608407,-0.1261780351491466,0.1,-0.8020239290709054,-55.15795261655882,0.4484204738344118,55.15795261655882,2.2300498267821505,0.4667460733386027,-0.03503576633463583,1.5043605509754072
1.040867,55.513698630136986,0.65,1.4846328590412592,-1.5043605509754072,-0.18757053205608407,-0.12634135834580185,0.1,-0.8020239290709054,-55.15795261655882,0.4484204738344118,55.15795261655882,2.2300498267821505,0.4667460733386027,-0.034742509575657346,1.5043605509754072
1.040867,57.534246575342465,0.65,1.482797446195112,-1.5043605509754072,-0.18757053205608407,-0.1264977442046409,0.1,-0.8020239290709054,-55.15795261655882,0.4484204738344118,55.15795261655882,2.2300498267821505,0.4667460733386027,-0.03446170922976401,1.5043605509754072
1.040867,59.554794520547944,0.65,1.4810416041780983,-1.5043605509754072,-0.18757053205608407,-0.1266477130196326,0.1,-0.8020239290709054,-55.15795261655882,0.4484204738344118,55.15795261655882,2.2300498267821505,0.4667460733386027,-0.034192431077407465,1.5043605509754072
1.040867,61.57534246575342,0.65,1.4793593540402419,-1.5043605509754072,-0.18757053205608407,-0.12679173017956374,0.1,-0.8020239290709054,-55.15795261655882,0.4484204738344118,55.15795261655882,2.2300498267821505,0.4667460733386027,-0.033933839484641584,1.5043605509754072
1.040867,63.5958904109589,0.65,1.477745343942075,-1.5043605509754072,-0.18757053205608407,-0.1269302135344346,0.1,-0.8020239290709054,-55.15795261655882,0.4484204738344118,55.15795261655882,2.2300498267821505,0.4667460733386027,-0.03368518417631079,1.5043605509754072
1.040867,65.61643835616438,0.65,1.4761947658853105,-1.5043605509754072,-0.18757053205608407,-0.12706353957541192,0.1,-0.8020239290709054,-55.15795261655882,0.4484204738344118,55.15795261655882,2.2300498267821505,0.4667460733386027,-0.033445789139566785,1.5043605509754072
1.040867,67.63698630136986,0.65,1.4747032856829765,-1.5043605509754072,-0.18757053205608407,-0.127192048649444,0.1,-0.8020239290709054,-55.15795261655882,0.4484204738344118,55.15795261655882,2.2300498267821505,0.4667460733386027,-0.03321504326070963,1.5043605509754072
1.040867,69.65753424657534,0.65,1.4732669837372772,-1.5043605509754072,-0.18757053205608407,-0.1273160493831666,0.1,-0.8020239290709054,-55.15795261655882,0.4484204738344118,55.15795261655882,2.2300498267821505,0.4667460733386027,-0.03299239238179505,1.5043605509754072
1.040867,71.67808219178082,0.65,1.4718823046966816,-1.5043605509754072,-0.18757053205608407,-0.127435822455069,0.1,-0.8020239290709054,-55.15795261655882,0.4484204738344118,55.15795261655882,2.2300498267821505,0.4667460733386027,-0.03277733252747975,1.5043605509754072
1.040867,73.6986301369863,0.65,1.4705460144517728,-1.5043605509754072,-0.18757053205608407,-0.12755162382729746,0.1,-0.8020239290709054,-55.15795261655882,0.4484204738344118,55.15795261655882,2.2300498267821505,0.4667460733386027,-0.03256940410212164,1.5043605509754072
1.040867,75.71917808219177,0.65,1.4692551632309907,-1.5043605509754072,-0.18757053205608407,-0.12766368752695337,0.1,-0.8020239290709054,-55.15795261655882,0.4484204738344118,55.15795261655882,2.2300498267821505,0.4667460733386027,-0.03236818689578935,1.5043605509754072
1.040867,77.73972602739725,0.65,1.468007053793575,-1.5043605509754072,-0.18757053205608407,-0.1277722280498384,0.1,-0.8020239290709054,-55.15795261655882,0.4484204738344118,55.15795261655882,2.2300498267821505,0.4667460733386027,-0.032173295768191126,1.5043605509754072
1.040867,79.76027397260273,0.65,1.4667992139032828,-1.5043605509754072,-0.18757053205608407,-0.1278774424462243,0.1,-0.8020239290709054,-55.15795261655882,0.4484204738344118,55.15795261655882,2.2300498267821505,0.4667460733386027,-0.031984376903548016,1.5043605509754072
1.040867,81.78082191780821,0.65,1.4656293724143223,-1.5043605509754072,-0.18757053205608407,-0.12797951213757422,0.1,-0.8020239290709054,-55.15795261655882,0.4484204738344118,55.15795261655882,2.2300498267821505,0.4667460733386027,-0.03180110454855977,1.5043605509754072
1.040867,83.80136986301369,0.65,1.4644954384190993,-1.5043605509754072,-0.18757053205608407,-0.1280786045046092,0.1,-0.8020239290709054,-55.15795261655882,0.4484204738344118,55.15795261655882,2.2300498267821505,0.4667460733386027,-0.031623178160935135,1.5043605509754072
1.040867,85.82191780821917,0.65,1.4633954830023186,-1.5043605509754072,-0.18757053205608407,-0.12817487428023372,0.1,-0.8020239290709054,-55.15795261655882,0.4484204738344118,55.15795261655882,2.2300498267821505,0.4667460733386027,-0.0314503199083085,1.5043605509754072
1.040867,87.84246575342465,0.65,1.4623277232227399,-1.5043605509754072,-0.18757053205608407,-0.1282684647752613,0.1,-0.8020239290709054,-55.15795261655882,0.4484204738344118,55.15795261655882,2.2300498267821505,0.4667460733386027,-0.031282272467375055,1.5043605509754072
1.040867,89.86301369863013,0.65,1.4612905080062468,-1.5043605509754072,-0.18757053205608407,-0.12835950896033757,0.1,-0.8020239290709054,-55.15795261655882,0.4484204738344118,55.15795261655882,2.2300498267821505,0.4667460733386027,-0.031118797081232257,1.5043605509754072
1.040867,91.8835616438356,0.65,1.4602823056848417,-1.5043605509754072,-0.18757053205608407,-0.12844813042373845,0.1,-0.8020239290709054,-55.15795261655882,0.4484204738344118,55.15795261655882,2.2300498267821505,0.4667460733386027,-0.030959671839594156,1.5043605509754072
1.040867,93.90410958904108,0.65,1.4593016929579743,-1.5043605509754072,-0.18757053205608407,-0.12853444422166227,0.1,-0.8020239290709054,-55.15795261655882,0.4484204738344118,55.15795261655882,2.2300498267821505,0.4667460733386027,-0.030804690152040685,1.5043605509754072
1.040867,95.92465753424656,0.65,1.4583473450871014,-1.5043605509754072,-0.18757053205608407,-0.1286185576351025,0.1,-0.8020239290709054,-55.15795261655882,0.4484204738344118,55.15795261655882,2.2300498267821505,0.4667460733386027,-0.03065365938900608,1.5043605509754072
1.040867,97.94520547945204,0.65,1.457418027162921,-1.5043605509754072,-0.18757053205608407,-0.12870057084528985,0.1,-0.8020239290709054,-55.15795261655882,0.4484204738344118,55.15795261655882,2.2300498267821505,0.4667460733386027,-0.03050639966898156,1.5043605509754072
1.040867,99.96575342465752,0.65,1.4565125863084698,-1.5043605509754072,-0.18757053205608407,-0.12878057753794045,0.1,-0.8020239290709054,-55.15795261655882,0.4484204738344118,55.15795261655882,2.2300498267821505,0.4667460733386027,-0.030362742773550944,1.5043605509754072
1.040867,101.98630136986301,0.65,1.4556299447011145,-1.5043605509754072,-0.18757053205608407,-0.12885866544508195,0.1,-0.8020239290709054,-55.15795261655882,0.4484204738344118,55.15795261655882,2.2300498267821505,0.4667460733386027,-0.030222531174508696,1.5043605509754072
1.040867,104.0068493150685,0.65,1.4547690933130792,-1.5043605509754072,-0.18757053205608407,-0.12893491683199873,0.1,-0.8020239290709054,-55.15795261655882,0.4484204738344118,55.15795261655882,2.2300498267821505,0.4667460733386027,-0.03008561715952022,1.5043605509754072
1.040867,106.02739726027397,0.65,1.4539290862841487,-1.5043605509754072,-0.18757053205608407,-0.12900940893579882,0.1,-0.8020239290709054,-55.15795261655882,0.4484204738344118,55.15795261655882,2.2300498267821505,0.4667460733386027,-0.029951862044648114,1.5043605509754072
1.040867,108.04794520547945,0.65,1.4531090358519962,-1.5043605509754072,-0.18757053205608407,-0.12908221436122755,0.1,-0.8020239290709054,-55.15795261655882,0.4484204738344118,55.15795261655882,2.2300498267821505,0.4667460733386027,-0.02982113546364478,1.5043605509754072
1.040867,110.06849315068493,0.65,1.452308107775591,-1.5043605509754072,-0.18757053205608407,-0.12915340143860662,0.1,-0.8020239290709054,-55.15795261655882,0.4484204738344118,55.15795261655882,2.2300498267821505,0.4667460733386027,-0.029693314725250847,1.5043605509754072
1.040867,112.08904109589041,0.65,1.4515255171956478,-1.5043605509754072,-0.18757053205608407,-0.12922303454814282,0.1,-0.8020239290709054,-55.15795261655882,0.4484204738344118,55.15795261655882,2.2300498267821505,0.4667460733386027,-0.02956828423087912,1.5043605509754072
1.040867,114.10958904109589,0.65,1.4507605248833362,-1.5043605509754072,-0.18757053205608407,-0.12929117441430774,0.1,-0.8020239290709054,-55.15795261655882,0.4484204738344118,55.15795261655882,2.2300498267821505,0.4667460733386027,-0.0294459349460379,1.5043605509754072
1.040867,116.13013698630137,0.65,1.4500124338346703,-1.5043605509754072,-0.18757053205608407,-0.1293578783735249,0.1,-0.8020239290709054,-55.15795261655882,0.4484204738344118,55.15795261655882,2.2300498267821505,0.4667460733386027,-0.0293261639196825,1.5043605509754072
1.040867,118.15068493150685,0.65,1.4492805861733231,-1.5043605509754072,-0.18757053205608407,-0.129423200618001,0.1,-0.8020239290709054,-55.15795261655882,0.4484204738344118,55.15795261655882,2.2300498267821505,0.4667460733386027,-0.029208873846401022,1.5043605509754072
1.040867,120.17123287671232,0.65,1.4485643603291853,-1.5043605509754072,-0.18757053205608407,-0.1294871924181945,0.1,-0.8020239290709054,-55.15795261655882,0.4484204738344118,55.15795261655882,2.2300498267821505,0.4667460733386027,-0.02909397266695888,1.5043605509754072
1.040867,122.1917808219178,0.65,1.4478631684639394,-1.5043605509754072,-0.18757053205608407,-0.12954990232611593,0.1,-0.8020239290709054,-55.15795261655882,0.4484204738344118,55.15795261655882,2.2300498267821505,0.4667460733386027,-0.028981373203260608,1.5043605509754072
1.040867,124.21232876712328,0.65,1.447176454118334,-1.5043605509754072,-0.18757053205608407,-0.12961137636139747,0.1,-0.8020239290709054,-55.15795261655882,0.4484204738344118,55.15795261655882,2.2300498267821505,0.4667460733386027,-0.028870992824250187,1.5043605509754072
1.040867,126.23287671232876,0.65,1.4465036900588026,-1.5043605509754072,-0.18757053205608407,-0.12967165818184606,0.1,-0.8020239290709054,-55.15795261655882,0.4484204738344118,55.15795261655882,2.2300498267821505,0.4667460733386027,-0.028762753139673202,1.5043605509754072
1.040867,128.25342465753425,0.65,1.4458443763036457,-1.5043605509754072,-0.18757053205608407,-0.12973078923999762,0.1,-0.8020239290709054,-55.15795261655882,0.4484204738344118,55.15795261655882,2.2300498267821505,0.4667460733386027,-0.028656579718973552,1.5043605509754072
1.040867,130.27397260273972,0.65,1.445198038311233,-1.5043605509754072,-0.18757053205608407,-0.1297888089270223,0.1,-0.8020239290709054,-55.15795261655882,0.4484204738344118,55.15795261655882,2.2300498267821505,0.4667460733386027,-0.028552401832903175,1.5043605509754072
1.040867,132.29452054794518,0.65,1.4445642253146445,-1.5043605509754072,-0.18757053205608407,-0.12984575470518026,0.1,-0.8020239290709054,-55.15795261655882,0.4484204738344118,55.15795261655882,2.2300498267821505,0.4667460733386027,-0.028450152215689514,1.5043605509754072
1.040867,134.31506849315068,0.65,1.4439425087888749,-1.5043605509754072,-0.18757053205608407,-0.12990166222989807,0.1,-0.8020239290709054,-55.15795261655882,0.4484204738344118,55.15795261655882,2.2300498267821505,0.4667460733386027,-0.028349766845839907,1.5043605509754072
1.040867,136.33561643835617,0.65,1.4433324810382337,-1.5043605509754072,-0.18757053205608407,-0.12995656546242124,0.1,-0.8020239290709054,-55.15795261655882,0.4484204738344118,55.15795261655882,2.2300498267821505,0.4667460733386027,-0.0282511847438672,1.5043605509754072
1.040867,138.35616438356163,0.65,1.4427337538928864,-1.5043605509754072,-0.18757053205608407,-0.13001049677389745,0.1,-0.8020239290709054,-55.15795261655882,0.4484204738344118,55.15795261655882,2.2300498267821505,0.4667460733386027,-0.028154347785401605,1.5043605509754072
1.040867,140.37671232876713,0.65,1.4421459575046478,-1.5043605509754072,-0.18757053205608407,-0.13006348704165718,0.1,-0.8020239290709054,-55.15795261655882,0.4484204738344118,55.15795261655882,2.2300498267821505,0.4667460733386027,-0.028059200528313438,1.5043605509754072
1.040867,142.3972602739726,0.65,1.4415687392331626,-1.5043605509754072,-0.18757053205608407,-0.13011556573837854,0.1,-0.8020239290709054,-55.15795261655882,0.4484204738344118,55.15795261655882,2.2300498267821505,0.4667460733386027,-0.02796569005261188,1.5043605509754072
1.040867,144.41780821917808,0.65,1.4410017626145102,-1.5043605509754072,-0.18757053205608407,-0.13016676101475527,0.1,-0.8020239290709054,-55.15795261655882,0.4484204738344118,55.15795261655882,2.2300498267821505,0.4667460733386027,-0.027873765812009777,1.5043605509754072
1.040867,146.43835616438355,0.65,1.4404447064050792,-1.5043605509754072,-0.18757053205608407,-0.13021709977622414,0.1,-0.8020239290709054,-55.15795261655882,0.4484204738344118,55.15795261655882,2.2300498267821505,0.4667460733386027,-0.027783379496154698,1.5043605509754072
1.040867,148.45890410958904,0.65,1.4398972636942606,-1.5043605509754072,-0.18757053205608407,-0.1302666077542541,0.1,-0.8020239290709054,-55.15795261655882,0.4484204738344118,55.15795261655882,2.2300498267821505,0.4667460733386027,-0.027694484902624935,1.5043605509754072
1.040867,150.4794520547945,0.65,1.4393591410801467,-1.5043605509754072,-0.18757053205608407,-0.13031530957265078,0.1,-0.8020239290709054,-55.15795261655882,0.4484204738344118,55.15795261655882,2.2300498267821505,0.4667460733386027,-0.027607037817876084,1.5043605509754072
1.040867,152.5,0.65,1.4388300579029802,-1.5043605509754072,-0.18757053205608407,-0.13036322880928575,0.1,-0.8020239290709054,-55.15795261655882,0.4484204738344118,55.15795261655882,2.2300498267821505,0.4667460733386027,-0.02752099590640193,1.5043605509754072
1.040867,154.52054794520546,0.65,1.4383097455316045,-1.5043605509754072,-0.18757053205608407,-0.13041038805362284,0.1,-0.8020239290709054,-55.15795261655882,0.4484204738344118,55.15795261655882,2.2300498267821505,0.4667460733386027,-0.027436318607442604,1.5043605509754072
1.040867,156.54109589041096,0.65,1.4377979466986082,-1.5043605509754072,-0.18757053205608407,-0.130456808960378,0.1,-0.8020239290709054,-55.15795261655882,0.4484204738344118,55.15795261655882,2.2300498267821505,0.4667460733386027,-0.0273529670386352,1.5043605509754072
1.040867,158.56164383561642,0.65,1.437294414880261,-1.5043605509754072,-0.18757053205608407,-0.13050251229961837,0.1,-0.8020239290709054,-55.15795261655882,0.4484204738344118,55.15795261655882,2.2300498267821505,0.4667460733386027,-0.027270903906057534,1.5043605509754072
1.040867,160.58219178082192,0.65,1.4367989137176953,-1.5043605509754072,-0.18757053205608407,-0.13054751800357933,0.1,-0.8020239290709054,-55.15795261655882,0.4484204738344118,55.15795261655882,2.2300498267821505,0.4667460733386027,-0.02719009342016561,1.5043605509754072
1.040867,162.60273972602738,0.65,1.4363112164761085,-1.5043605509754072,-0.18757053205608407,-0.13059184521045206,0.1,-0.8020239290709054,-55.15795261655882,0.4484204738344118,55.15795261655882,2.2300498267821505,0.4667460733386027,-0.027110501217170065,1.5043605509754072
1.040867,164.62328767123287,0.65,1.4358311055390507,-1.5043605509754072,-0.18757053205608407,-0.13063551230537307,0.1,-0.8020239290709054,-55.15795261655882,0.4484204738344118,55.15795261655882,2.2300498267821505,0.4667460733386027,-0.027032094285437236,1.5043605509754072
1.040867,166.64383561643834,0.65,1.4353583719351235,-1.5043605509754072,-0.18757053205608407,-0.1306785369588258,0.1,-0.8020239290709054,-55.15795261655882,0.4484204738344118,55.15795261655882,2.2300498267821505,0.4667460733386027,-0.026954840896536516,1.5043605509754072
1.040867,168.66438356164383,0.65,1.4348928148946447,-1.5043605509754072,-0.18757053205608407,-0.13072093616264724,0.1,-0.8020239290709054,-55.15795261655882,0.4484204738344118,55.15795261655882,2.2300498267821505,0.4667460733386027,-0.026878710540588432,1.5043605509754072
1.040867,170.6849315068493,0.65,1.4344342414340503,-1.5043605509754072,-0.18757053205608407,-0.13076272626381516,0.1,-0.8020239290709054,-55.15795261655882,0.4484204738344118,55.15795261655882,2.2300498267821505,0.4667460733386027,-0.02680367386559759,1.5043605509754072
1.040867,172.7054794520548,0.65,1.4339824659659912,-1.5043605509754072,-0.18757053205608407,-0.13080392299617738,0.1,-0.8020239290709054,-55.15795261655882,0.4484204738344118,55.15795261655882,2.2300498267821505,0.4667460733386027,-0.026729702620480793,1.5043605509754072
1.040867,174.72602739726025,0.65,1.4335373099332587,-1.5043605509754072,-0.18757053205608407,-0.1308445415102707,0.1,-0.8020239290709054,-55.15795261655882,0.4484204738344118,55.15795261655882,2.2300498267821505,0.4667460733386027,-0.026656769601525302,1.5043605509754072
1.040867,176.74657534246575,0.65,1.4330986014648213,-1.5043605509754072,-0.18757053205608407,-0.1308845964013652,0.1,-0.8020239290709054,-55.15795261655882,0.4484204738344118,55.15795261655882,2.2300498267821505,0.4667460733386027,-0.026584848602033695,1.5043605509754072
1.040867,178.7671232876712,0.65,1.432666175052406,-1.5043605509754072,-0.18757053205608407,-0.13092410173585822,0.1,-0.8020239290709054,-55.15795261655882,0.4484204738344118,55.15795261655882,2.2300498267821505,0.4667460733386027,-0.026513914364931793,1.5043605509754072
1.040867,180.7876712328767,0.65,1.4322398712461761,-1.5043605509754072,-0.18757053205608407,-0.13096307107613267,0.1,-0.8020239290709054,-55.15795261655882,0.4484204738344118,55.15795261655882,2.2300498267821505,0.4667460733386027,-0.026443942538134105,1.5043605509754072
1.040867,182.80821917808217,0.65,1.4318195363681838,-1.5043605509754072,-0.18757053205608407,-0.1310015175039848,0.1,-0.8020239290709054,-55.15795261655882,0.4484204738344118,55.15795261655882,2.2300498267821505,0.4667460733386027,-0.02637490963247758,1.5043605509754072
1.040867,184.82876712328766,0.65,1.4314050222423675,-1.5043605509754072,-0.18757053205608407,-0.13103945364271913,0.1,-0.8020239290709054,-55.15795261655882,0.4484204738344118,55.15795261655882,2.2300498267821505,0.4667460733386027,-0.026306792982049403,1.5043605509754072
1.040867,186.84931506849313,0.65,1.430996185939979,-1.5043605509754072,-0.18757053205608407,-0.13107689167799882,0.1,-0.8020239290709054,-55.15795261655882,0.4484204738344118,55.15795261655882,2.2300498267821505,0.4667460733386027,-0.02623957070674814,1.5043605509754072
1.040867,188.86986301369862,0.65,1.4305928895393938,-1.5043605509754072,-0.18757053205608407,-0.13111384337753554,0.1,-0.8020239290709054,-55.15795261655882,0.4484204738344118,55.15795261655882,2.2300498267821505,0.4667460733386027,-0.02617322167692995,1.5043605509754072
1.040867,190.89041095890408,0.65,1.4301949998993548,-1.5043605509754072,-0.18757053205608407,-0.13115032010969394,0.1,-0.8020239290709054,-55.15795261655882,0.4484204738344118,55.15795261655882,2.2300498267821505,0.4667460733386027,-0.02610772548000284,1.5043605509754072
1.040867,192.91095890410958,0.65,1.429802388444759,-1.5043605509754072,-0.18757053205608407,-0.1311863328610819,0.1,-0.8020239290709054,-55.15795261655882,0.4484204738344118,55.15795261655882,2.2300498267821505,0.4667460733386027,-0.026043062388842422,1.5043605509754072
1.040867,194.93150684931504,0.65,1.4294149309641737,-1.5043605509754072,-0.18757053205608407,-0.13122189225319156,0.1,-0.8020239290709054,-55.15795261655882,0.4484204738344118,55.15795261655882,2.2300498267821505,0.4667460733386027,-0.025979213331911832,1.5043605509754072
1.040867,196.95205479452054,0.65,1.4290325074183245,-1.5043605509754072,-0.18757053205608407,-0.13125700855815173,0.1,-0.8020239290709054,-55.15795261655882,0.4484204738344118,55.15795261655882,2.2300498267821505,0.4667460733386027,-0.025916159864977438,1.5043605509754072
1.040867,198.97260273972603,0.65,1.4286550017588546,-1.5043605509754072,-0.18757053205608407,-0.1312916917136475,0.1,-0.8020239290709054,-55.15795261655882,0.4484204738344118,55.15795261655882,2.2300498267821505,0.4667460733386027,-0.0258538841443197,1.5043605509754072
1.040867,200.9931506849315,0.65,1.4282823017567072,-1.5043605509754072,-0.18757053205608407,-0.13132595133705907,0.1,-0.8020239290709054,-55.15795261655882,0.4484204738344118,55.15795261655882,2.2300498267821505,0.4667460733386027,-0.025792368901345935,1.5043605509754072
1.040867,203.013698630137,0.65,1.4279142988395284,-1.5043605509754072,-0.18757053205608407,-0.13135979673886827,0.1,-0.8020239290709054,-55.15795261655882,0.4484204738344118,55.15795261655882,2.2300498267821505,0.4667460733386027,-0.02573159741851832,1.5043605509754072
1.040867,205.03424657534245,0.65,1.4275508879375318,-1.5043605509754072,-0.18757053205608407,-0.13139323693537708,0.1,-0.8020239290709054,-55.15795261655882,0.4484204738344118,55.15795261655882,2.2300498267821505,0.4667460733386027,-0.025671553506516773,1.5043605509754072
1.040867,207.05479452054794,0.65,1.4271919673373061,-1.5043605509754072,-0.18757053205608407,-0.13142628066078035,0.1,-0.8020239290709054,-55.15795261655882,0.4484204738344118,55.15795261655882,2.2300498267821505,0.4667460733386027,-0.025612221482561898,1.5043605509754072
1.040867,209.0753424657534,0.65,1.4268374385430842,-1.5043605509754072,-0.18757053205608407,-0.13145893637863096,0.1,-0.8020239290709054,-55.15795261655882,0.4484204738344118,55.15795261655882,2.2300498267821505,0.4667460733386027,-0.025553586149828406,1.5043605509754072
1.040867,211.0958904109589,0.65,1.4264872061450236,-1.5043605509754072,-0.18757053205608407,-0.13149121229273383,0.1,-0.8020239290709054,-55.15795261655882,0.4484204738344118,55.15795261655882,2.2300498267821505,0.4667460733386027,-0.025495632777884206,1.5043605509754072
1.040867,213.11643835616437,0.65,1.4261411776940802,-1.5043605509754072,-0.18757053205608407,-0.13152311635750244,0.1,-0.8020239290709054,-55.15795261655882,0.4484204738344118,55.15795261655882,2.2300498267821505,0.4667460733386027,-0.02543834708409492,1.5043605509754072
1.040867,215.13698630136986,0.65,1.4257992635830885,-1.5043605509754072,-0.18757053205608407,-0.13155465628780877,0.1,-0.8020239290709054,-55.15795261655882,0.4484204738344118,55.15795261655882,2.2300498267821505,0.4667460733386027,-0.02538171521593744,1.5043605509754072
1.040867,217.15753424657532,0.65,1.4254613769336835,-1.5043605509754072,-0.18757053205608407,-0.1315858395683564,0.1,-0.8020239290709054,-55.15795261655882,0.4484204738344118,55.15795261655882,2.2300498267821505,0.4667460733386027,-0.025325723734170087,1.5043605509754072
1.040867,219.17808219178082,0.65,1.4251274334887258,-1.5043605509754072,-0.18757053205608407,-0.13161667346260367,0.1,-0.8020239290709054,-55.15795261655882,0.4484204738344118,55.15795261655882,2.2300498267821505,0.4667460733386027,-0.025270359596810385,1.5043605509754072
1.040867,221.19863013698628,0.65,1.4247973515099153,-1.5043605509754072,-0.18757053205608407,-0.13164716502126286,0.1,-0.8020239290709054,-55.15795261655882,0.4484204738344118,55.15795261655882,2.2300498267821505,0.4667460733386027,-0.025215610143874655,1.5043605509754072
1.040867,223.21917808219177,0.65,1.4244710516802974,-1.5043605509754072,-0.18757053205608407,-0.13167732109039842,0.1,-0.8020239290709054,-55.15795261655882,0.4484204738344118,55.15795261655882,2.2300498267821505,0.4667460733386027,-0.025161463082836545,1.5043605509754072
1.040867,225.23972602739724,0.65,1.4241484570113874,-1.5043605509754072,-0.18757053205608407,-0.13170714831914765,0.1,-0.8020239290709054,-55.15795261655882,0.4484204738344118,55.15795261655882,2.2300498267821505,0.4667460733386027,-0.0251079064747647,1.5043605509754072
1.040867,227.26027397260273,0.65,1.4238294927546518,-1.5043605509754072,-0.18757053205608407,-0.13173665316708355,0.1,-0.8020239290709054,-55.15795261655882,0.4484204738344118,55.15795261655882,2.2300498267821505,0.4667460733386027,-0.025054928721101825,1.5043605509754072
1.040867,229.2808219178082,0.65,1.4235140863171103,-1.5043605509754072,-0.18757053205608407,-0.13176584191124033,0.1,-0.8020239290709054,-55.15795261655882,0.4484204738344118,55.15795261655882,2.2300498267821505,0.4667460733386027,-0.02500251855105029,1.5043605509754072
1.040867,231.3013698630137,0.65,1.4232021671808281,-1.5043605509754072,-0.18757053205608407,-0.13179472065281916,0.1,-0.8020239290709054,-55.15795261655882,0.4484204738344118,55.15795261655882,2.2300498267821505,0.4667460733386027,-0.02495066500953125,1.5043605509754072
1.040867,233.32191780821915,0.65,1.422893666826088,-1.5043605509754072,-0.18757053205608407,-0.13182329532359197,0.1,-0.8020239290709054,-55.15795261655882,0.4484204738344118,55.15795261655882,2.2300498267821505,0.4667460733386027,-0.02489935744568658,1.5043605509754072
1.040867,235.34246575342465,0.65,1.422588518658046,-1.5043605509754072,-0.18757053205608407,-0.13185157169201872,0.1,-0.8020239290709054,-55.15795261655882,0.4484204738344118,55.15795261655882,2.2300498267821505,0.4667460733386027,-0.02484858550189454,1.5043605509754072
1.040867,237.3630136986301,0.65,1.42228665793668,-1.5043605509754072,-0.18757053205608407,-0.13187955536909401,0.1,-0.8020239290709054,-55.15795261655882,0.4484204738344118,55.15795261655882,2.2300498267821505,0.4667460733386027,-0.024798339103272293,1.5043605509754072
1.040867,239.3835616438356,0.65,1.4219880217098617,-1.5043605509754072,-0.18757053205608407,-0.13190725181393645,0.1,-0.8020239290709054,-55.15795261655882,0.4484204738344118,55.15795261655882,2.2300498267821505,0.4667460733386027,-0.02474860844763946,1.5043605509754072
1.040867,241.40410958904107,0.65,1.4216925487493843,-1.5043605509754072,-0.18757053205608407,-0.13193466633913473,0.1,-0.8020239290709054,-55.15795261655882,0.4484204738344118,55.15795261655882,2.2300498267821505,0.4667460733386027,-0.024699383995919033,1.5043605509754072
1.040867,243.42465753424656,0.65,1.4214001794897917,-1.5043605509754072,-0.18757053205608407,-0.13196180411586275,0.1,-0.8020239290709054,-55.15795261655882,0.4484204738344118,55.15795261655882,2.2300498267821505,0.4667460733386027,-0.024650656462952968,1.5043605509754072
1.040867,245.44520547945203,0.65,1.421110855969867,-1.5043605509754072,-0.18757053205608407,-0.13198867017877547,0.1,-0.8020239290709054,-55.15795261655882,0.4484204738344118,55.15795261655882,2.2300498267821505,0.4667460733386027,-0.024602416808711343,1.5043605509754072
1.040867,247.46575342465752,0.65,1.4208245217766424,-1.5043605509754072,-0.18757053205608407,-0.13201526943069658,0.1,-0.8020239290709054,-55.15795261655882,0.4484204738344118,55.15795261655882,2.2300498267821505,0.4667460733386027,-0.024554656229875085,1.5043605509754072
1.040867,249.48630136986299,0.65,1.4205411219917996,-1.5043605509754072,-0.18757053205608407,-0.13204160664710898,0.1,-0.8020239290709054,-55.15795261655882,0.4484204738344118,55.15795261655882,2.2300498267821505,0.4667460733386027,-0.024507366151773586,1.5043605509754072
1.040867,251.50684931506848,0.65,1.420260603140347,-1.5043605509754072,-0.18757053205608407,-0.13206768648045697,0.1,-0.8020239290709054,-55.15795261655882,0.4484204738344118,55.15795261655882,2.2300498267821505,0.4667460733386027,-0.02446053822065938,1.5043605509754072
1.040867,253.52739726027394,0.65,1.4199829131414519,-1.5043605509754072,-0.18757053205608407,-0.13209351346427026,0.1,-0.8020239290709054,-55.15795261655882,0.4484204738344118,55.15795261655882,2.2300498267821505,0.4667460733386027,-0.024414164296303355,1.5043605509754072
1.040867,255.54794520547944,0.65,1.4197080012613248,-1.5043605509754072,-0.18757053205608407,-0.1321190920171183,0.1,-0.8020239290709054,-55.15795261655882,0.4484204738344118,55.15795261655882,2.2300498267821505,0.4667460733386027,-0.024368236444894664,1.5043605509754072
1.040867,257.5684931506849,0.65,1.4194358180680564,-1.5043605509754072,-0.18757053205608407,-0.13214442644640295,0.1,-0.8020239290709054,-55.15795261655882,0.4484204738344118,55.15795261655882,2.2300498267821505,0.4667460733386027,-0.024322746932230584,1.5043605509754072
1.040867,259.58904109589037,0.65,1.4191663153883063,-1.5043605509754072,-0.18757053205608407,-0.13216952095199766,0.1,-0.8020239290709054,-55.15795261655882,0.4484204738344118,55.15795261655882,2.2300498267821505,0.4667460733386027,-0.02427768821718224,1.5043605509754072
1.040867,261.6095890410959,0.65,1.4188994462657596,-1.5043605509754072,-0.18757053205608407,-0.13219437962974026,0.1,-0.8020239290709054,-55.15795261655882,0.4484204738344118,55.15795261655882,2.2300498267821505,0.4667460733386027,-0.024233052945423064,1.5043605509754072
1.040867,263.63013698630135,0.65,1.418635164921262,-1.5043605509754072,-0.18757053205608407,-0.13221900647478643,0.1,-0.8020239290709054,-55.15795261655882,0.4484204738344118,55.15795261655882,2.2300498267821505,0.4667460733386027,-0.024188833943407397,1.5043605509754072
1.040867,265.6506849315068,0.65,1.4183734267145558,-1.5043605509754072,-0.18757053205608407,-0.13224340538483043,0.1,-0.8020239290709054,-55.15795261655882,0.4484204738344118,55.15795261655882,2.2300498267821505,0.4667460733386027,-0.024145024212587518,1.5043605509754072
1.040867,267.67123287671234,0.65,1.4181141881075383,-1.5043605509754072,-0.18757053205608407,-0.13226758016319926,0.1,-0.8020239290709054,-55.15795261655882,0.4484204738344118,55.15795261655882,2.2300498267821505,0.4667460733386027,-0.024101616923857858,1.5043605509754072
1.040867,269.6917808219178,0.65,1.4178574066289755,-1.5043605509754072,-0.18757053205608407,-0.13229153452182618,0.1,-0.8020239290709054,-55.15795261655882,0.4484204738344118,55.15795261655882,2.2300498267821505,0.4667460733386027,-0.02405860541221591,1.5043605509754072
1.040867,271.71232876712327,0.65,1.4176030408405973,-1.5043605509754072,-0.18757053205608407,-0.13231527208410912,0.1,-0.8020239290709054,-55.15795261655882,0.4484204738344118,55.15795261655882,2.2300498267821505,0.4667460733386027,-0.024015983171629753,1.5043605509754072
1.040867,273.73287671232873,0.65,1.4173510503045144,-1.5043605509754072,-0.18757053205608407,-0.13233879638765922,0.1,-0.8020239290709054,-55.15795261655882,0.4484204738344118,55.15795261655882,2.2300498267821505,0.4667460733386027,-0.023973743850102796,1.5043605509754072
1.040867,275.75342465753425,0.65,1.4171013955518954,-1.5043605509754072,-0.18757053205608407,-0.1323621108869447,0.1,-0.8020239290709054,-55.15795261655882,0.4484204738344118,55.15795261655882,2.2300498267821505,0.4667460733386027,-0.023931881244926765,1.5043605509754072
1.040867,277.7739726027397,0.65,1.4168540380528452,-1.5043605509754072,-0.18757053205608407,-0.13238521895583444,0.1,-0.8020239290709054,-55.15795261655882,0.4484204738344118,55.15795261655882,2.2300498267821505,0.4667460733386027,-0.023890389298114396,1.5043605509754072
1.040867,279.7945205479452,0.65,1.4166089401874313,-1.5043605509754072,-0.18757053205608407,-0.13240812389004591,0.1,-0.8020239290709054,-55.15795261655882,0.4484204738344118,55.15795261655882,2.2300498267821505,0.4667460733386027,-0.023849262092003793,1.5043605509754072
1.040867,281.81506849315065,0.65,1.4163660652178054,-1.5043605509754072,-0.18757053205608407,-0.13243082890950222,0.1,-0.8020239290709054,-55.15795261655882,0.4484204738344118,55.15795261655882,2.2300498267821505,0.4667460733386027,-0.023808493845026896,1.5043605509754072
1.040867,283.83561643835617,0.65,1.416125377261373,-1.5043605509754072,-0.18757053205608407,-0.1324533371606011,0.1,-0.8020239290709054,-55.15795261655882,0.4484204738344118,55.15795261655882,2.2300498267821505,0.4667460733386027,-0.02376807890763466,1.5043605509754072
1.040867,285.85616438356163,0.65,1.4158868412649637,-1.5043605509754072,-0.18757053205608407,-0.13247565171840087,0.1,-0.8020239290709054,-55.15795261655882,0.4484204738344118,55.15795261655882,2.2300498267821505,0.4667460733386027,-0.02372801175837222,1.5043605509754072
1.040867,287.8767123287671,0.65,1.415650422979955,-1.5043605509754072,-0.18757053205608407,-0.1324977755887267,0.1,-0.8020239290709054,-55.15795261655882,0.4484204738344118,55.15795261655882,2.2300498267821505,0.4667460733386027,-0.023688287000097404,1.5043605509754072
1.040867,289.89726027397256,0.65,1.4154160889383156,-1.5043605509754072,-0.18757053205608407,-0.13251971171019977,0.1,-0.8020239290709054,-55.15795261655882,0.4484204738344118,55.15795261655882,2.2300498267821505,0.4667460733386027,-0.023648899356336447,1.5043605509754072
1.040867,291.9178082191781,0.65,1.4151838064295192,-1.5043605509754072,-0.18757053205608407,-0.13254146295619423,0.1,-0.8020239290709054,-55.15795261655882,0.4484204738344118,55.15795261655882,2.2300498267821505,0.4667460733386027,-0.02360984366777102,1.5043605509754072
1.040867,293.93835616438355,0.65,1.4149535434782974,-1.5043605509754072,-0.18757053205608407,-0.13256303213672332,0.1,-0.8020239290709054,-55.15795261655882,0.4484204738344118,55.15795261655882,2.2300498267821505,0.4667460733386027,-0.023571114888850934,1.5043605509754072
1.040867,295.958904109589,0.65,1.414725268823193,-1.5043605509754072,-0.18757053205608407,-0.132584422000259,0.1,-0.8020239290709054,-55.15795261655882,0.4484204738344118,55.15795261655882,2.2300498267821505,0.4667460733386027,-0.023532708084527225,1.5043605509754072
1.040867,297.9794520547945,0.65,1.414498951895882,-1.5043605509754072,-0.18757053205608407,-0.13260563523548705,0.1,-0.8020239290709054,-55.15795261655882,0.4484204738344118,55.15795261655882,2.2300498267821505,0.4667460733386027,-0.023494618427100523,1.5043605509754072
1.040867,300.0,0.65,1.414274562801227,-1.5043605509754072,-0.18757053205608407,-0.13262667447300094,0.1,-0.8020239290709054,-55.15795261655882,0.4484204738344118,55.15795261655882,2.2300498267821505,0.4667460733386027,-0.023456841193179968,1.5043605509754072
1.416184,5.0,0.65,1.6018405576254402,-1.5043605509754072,-0.17455540746139334,-0.10897177414470846,0.1,-0.861824089470347,-57.76090996146063,0.42239090038539373,57.76090996146063,2.3674752441105853,0.5981832348713885,-0.0604423644234488,1.5043605509754072
1.416184,7.020547945205479,0.65,1.5703964163900124,-1.5043605509754072,-0.17455540746139334,-0.11115372248661703,0.1,-0.861824089470347,-57.76090996146063,0.42239090038539373,57.76090996146063,2.3674752441105853,0.5981832348713885,-0.056414650707176585,1.5043605509754072
1.416184,9.041095890410958,0.65,1.5487129726905453,-1.5043605509754072,-0.17455540746139334,-0.11270997953748785,0.1,-0.861824089470347,-57.76090996146063,0.42239090038539373,57.76090996146063,2.3674752441105853,0.5981832348713885,-0.05354191639470662,1.5043605509754072
1.416184,11.061643835616438,0.65,1.5324211253468023,-1.5043605509754072,-0.17455540746139334,-0.11390824922352183,0.1,-0.861824089470347,-57.76090996146063,0.42239090038539373,57.76090996146063,2.3674752441105853,0.5981832348713885,-0.05133000002733256,1.5043605509754072
1.416184,13.082191780821917,0.65,1.519510001178528,-1.5043605509754072,-0.17455540746139334,-0.11487611619930675,0.1,-0.861824089470347,-57.76090996146063,0.42239090038539373,57.76090996146063,2.3674752441105853,0.5981832348713885,-0.04954338985924492,1.5043605509754072
1.416184,15.102739726027396,0.65,1.508898322493445,-1.5043605509754072,-0.17455540746139334,-0.11568400922664003,0.1,-0.861824089470347,-57.76090996146063,0.42239090038539373,57.76090996146063,2.3674752441105853,0.5981832348713885,-0.0480520796549783,1.5043605509754072
1.416184,17.123287671232877,0.65,1.4999421687772425,-1.5043605509754072,-0.17455540746139334,-0.11637475837064534,0.1,-0.861824089470347,-57.76090996146063,0.42239090038539373,57.76090996146063,2.3674752441105853,0.5981832348713885,-0.04677700831237263,1.5043605509754072
1.416184,19.143835616438356,0.65,1.4922291877568332,-1.5043605509754072,-0.17455540746139334,-0.11697627207238227,0.1,-0.861824089470347,-57.76090996146063,0.42239090038539373,57.76090996146063,2.3674752441105853,0.5981832348713885,-0.045666658933114515,1.5043605509754072
1.416184,21.164383561643834,0.65,1.4854805332765262,-1.5043605509754072,-0.17455540746139334,-0.11750770444387869,0.1,-0.861824089470347,-57.76090996146063,0.42239090038539373,57.76090996146063,2.3674752441105853,0.5981832348713885,-0.044685674456609974,1.5043605509754072
1.416184,23.184931506849313,0.65,1.4794994624232236,-1.5043605509754072,-0.17455540746139334,-0.11798274476929838,0.1,-0.861824089470347,-57.76090996146063,0.42239090038539373,57.76090996146063,2.3674752441105853,0.5981832348713885,-0.04380878548645144,1.5043605509754072
1.416184,25.205479452054792,0.65,1.4741423525499606,-1.5043605509754072,-0.17455540746139334,-0.11841150019158507,0.1,-0.861824089470347,-57.76090996146063,0.42239090038539373,57.76090996146063,2.3674752441105853,0.5981832348713885,-0.043017334991450384,1.5043605509754072
1.416184,27.22602739726027,0.65,1.4693013880752954,-1.5043605509754072,-0.17455540746139334,-0.1188016351703386,0.1,-0.861824089470347,-57.76090996146063,0.42239090038539373,57.76090996146063,2.3674752441105853,0.5981832348713885,-0.042297174951479596,1.5043605509754072
1.416184,29.246575342465754,0.65,1.4648937211962358,-1.5043605509754072,-0.17455540746139334,-0.11915909320633238,0.1,-0.861824089470347,-57.76090996146063,0.42239090038539373,57.76090996146063,2.3674752441105853,0.5981832348713885,-0.041637334107903726,1.5043605509754072
1.416184,31.267123287671232,0.65,1.4608544160792856,-1.5043605509754072,-0.17455540746139334,-0.11948857157845605,0.1,-0.861824089470347,-57.76090996146063,0.42239090038539373,57.76090996146063,2.3674752441105853,0.5981832348713885,-0.04102914163463151,1.5043605509754072
1.416184,33.28767123287671,0.65,1.4571317023324626,-1.5043605509754072,-0.17455540746139334,-0.1197938437424556,0.1,-0.861824089470347,-57.76090996146063,0.42239090038539373,57.76090996146063,2.3674752441105853,0.5981832348713885,-0.040465632014114315,1.5043605509754072
1.416184,35.30821917808219,0.65,1.453683690809543,-1.5043605509754072,-0.17455540746139334,-0.12007798434072342,0.1,-0.861824089470347,-57.76090996146063,0.42239090038539373,57.76090996146063,2.3674752441105853,0.5981832348713885,-0.039941129686074744,1.5043605509754072
1.416184,37.32876712328767,0.65,1.4504760451623344,-1.5043605509754072,-0.17455540746139334,-0.12034353000421834,0.1,-0.861824089470347,-57.76090996146063,0.42239090038539373,57.76090996146063,2.3674752441105853,0.5981832348713885,-0.039450952219169416,1.5043605509754072
1.416184,39.34931506849315,0.65,1.4474802954382455,-1.5043605509754072,-0.17455540746139334,-0.12059259667403222,0.1,-0.861824089470347,-57.76090996146063,0.42239090038539373,57.76090996146063,2.3674752441105853,0.5981832348713885,-0.038991193744136864,1.5043605509754072
1.416184,41.36986301369863,0.65,1.4446725934998013,-1.5043605509754072,-0.17455540746139334,-0.12082696677904228,0.1,-0.861824089470347,-57.76090996146063,0.42239090038539373,57.76090996146063,2.3674752441105853,0.5981832348713885,-0.03855856403036123,1.5043605509754072
1.416184,43.390410958904106,0.65,1.4420327790289382,-1.5043605509754072,-0.17455540746139334,-0.12104815507657085,0.1,-0.861824089470347,-57.76090996146063,0.42239090038539373,57.76090996146063,2.3674752441105853,0.5981832348713885,-0.0381502669489301,1.5043605509754072
1.416184,45.410958904109584,0.65,1.4395436680446734,-1.5043605509754072,-0.17455540746139334,-0.12125745910750403,0.1,-0.861824089470347,-57.76090996146063,0.42239090038539373,57.76090996146063,2.3674752441105853,0.5981832348713885,-0.03776390733625328,1.5043605509754072
1.416184,47.43150684931506,0.65,1.4371905035736792,-1.5043605509754072,-0.17455540746139334,-0.12145599837137008,0.1,-0.861824089470347,-57.76090996146063,0.42239090038539373,57.76090996146063,2.3674752441105853,0.5981832348713885,-0.037397418679792946,1.5043605509754072
1.416184,49.45205479452054,0.65,1.4349605263154646,-1.5043605509754072,-0.17455540746139334,-0.12164474510640214,0.1,-0.861824089470347,-57.76090996146063,0.42239090038539373,57.76090996146063,2.3674752441105853,0.5981832348713885,-0.03704900630036642,1.5043605509754072
1.416184,51.47260273972602,0.65,1.4328426353495611,-1.5043605509754072,-0.17455540746139334,-0.12182454873616196,0.1,-0.861824089470347,-57.76090996146063,0.42239090038539373,57.76090996146063,2.3674752441105853,0.5981832348713885,-0.0367171022255038,1.5043605509754072
1.416184,53.49315068493151,0.65,1.4308271172711573,-1.5043605509754072,-0.17455540746139334,-0.12199615547844918,0.1,-0.861824089470347,-57.76090996146063,0.42239090038539373,57.76090996146063,2.3674752441105853,0.5981832348713885,-0.03640032899286604,1.5043605509754072
1.416184,55.513698630136986,0.65,1.4289054279366273,-1.5043605509754072,-0.17455540746139334,-0.12216022421683666,0.1,-0.861824089470347,-57.76090996146063,0.42239090038539373,57.76090996146063,2.3674752441105853,0.5981832348713885,-0.03609747035257541,1.5043605509754072
1.416184,57.534246575342465,0.65,1.42707001509048,-1.5043605509754072,-0.17455540746139334,-0.12231733945466303,0.1,-0.861824089470347,-57.76090996146063,0.42239090038539373,57.76090996146063,2.3674752441105853,0.5981832348713885,-0.03580744735511294,1.5043605509754072
1.416184,59.554794520547944,0.65,1.4253141730734664,-1.5043605509754072,-0.17455540746139334,-0.12246802196949462,0.1,-0.861824089470347,-57.76090996146063,0.42239090038539373,57.76090996146063,2.3674752441105853,0.5981832348713885,-0.035529298683976814,1.5043605509754072
1.416184,61.57534246575342,0.65,1.42363192293561,-1.5043605509754072,-0.17455540746139334,-0.12261273763898899,0.1,-0.861824089470347,-57.76090996146063,0.42239090038539373,57.76090996146063,2.3674752441105853,0.5981832348713885,-0.03526216436379754,1.5043605509754072
1.416184,63.5958904109589,0.65,1.422017912837443,-1.5043605509754072,-0.17455540746139334,-0.12275190480061661,0.1,-0.861824089470347,-57.76090996146063,0.42239090038539373,57.76090996146063,2.3674752441105853,0.5981832348713885,-0.03500527217484136,1.5043605509754072
1.416184,65.61643835616438,0.65,1.4204673347806787,-1.5043605509754072,-0.17455540746139334,-0.12288590042680907,0.1,-0.861824089470347,-57.76090996146063,0.42239090038539373,57.76090996146063,2.3674752441105853,0.5981832348713885,-0.034757926254147475,1.5043605509754072
1.416184,67.63698630136986,0.65,1.4189758545783446,-1.5043605509754072,-0.17455540746139334,-0.12301506533616338,0.1,-0.861824089470347,-57.76090996146063,0.42239090038539373,57.76090996146063,2.3674752441105853,0.5981832348713885,-0.03451949747603424,1.5043605509754072
1.416184,69.65753424657534,0.65,1.4175395526326453,-1.5043605509754072,-0.17455540746139334,-0.1231397086149802,0.1,-0.861824089470347,-57.76090996146063,0.42239090038539373,57.76090996146063,2.3674752441105853,0.5981832348713885,-0.03428941529026971,1.5043605509754072
1.416184,71.67808219178082,0.65,1.4161548735920497,-1.5043605509754072,-0.17455540746139334,-0.1232601113878434,0.1,-0.861824089470347,-57.76090996146063,0.42239090038539373,57.76090996146063,2.3674752441105853,0.5981832348713885,-0.03406716076186319,1.5043605509754072
1.416184,73.6986301369863,0.65,1.414818583347141,-1.5043605509754072,-0.17455540746139334,-0.12337653004842127,0.1,-0.861824089470347,-57.76090996146063,0.42239090038539373,57.76090996146063,2.3674752441105853,0.5981832348713885,-0.033852260607247546,1.5043605509754072
1.416184,75.71917808219177,0.65,1.4135277321263588,-1.5043605509754072,-0.17455540746139334,-0.12348919904019923,0.1,-0.861824089470347,-57.76090996146063,0.42239090038539373,57.76090996146063,2.3674752441105853,0.5981832348713885,-0.03364428206125421,1.5043605509754072
1.416184,77.73972602739725,0.65,1.4122796226889431,-1.5043605509754072,-0.17455540746139334,-0.12359833325998462,0.1,-0.861824089470347,-57.76090996146063,0.42239090038539373,57.76090996146063,2.3674752441105853,0.5981832348713885,-0.03344282844042293,1.5043605509754072
1.416184,79.76027397260273,0.65,1.411071782798651,-1.5043605509754072,-0.17455540746139334,-0.12370413014367607,0.1,-0.861824089470347,-57.76090996146063,0.42239090038539373,57.76090996146063,2.3674752441105853,0.5981832348713885,-0.033247535292827056,1.5043605509754072
1.416184,81.78082191780821,0.65,1.4099019413096905,-1.5043605509754072,-0.17455540746139334,-0.12380677148316059,0.1,-0.861824089470347,-57.76090996146063,0.42239090038539373,57.76090996146063,2.3674752441105853,0.5981832348713885,-0.03305806704421733,1.5043605509754072
1.416184,83.80136986301369,0.65,1.4087680073144675,-1.5043605509754072,-0.17455540746139334,-0.1239064250146822,0.1,-0.861824089470347,-57.76090996146063,0.42239090038539373,57.76090996146063,2.3674752441105853,0.5981832348713885,-0.032874114066011824,1.5043605509754072
1.416184,85.82191780821917,0.65,1.4076680518976867,-1.5043605509754072,-0.17455540746139334,-0.12400324581216006,0.1,-0.861824089470347,-57.76090996146063,0.42239090038539373,57.76090996146063,2.3674752441105853,0.5981832348713885,-0.03269539010333505,1.5043605509754072
1.416184,87.84246575342465,0.65,1.406600292118108,-1.5043605509754072,-0.17455540746139334,-0.12409737751336714,0.1,-0.861824089470347,-57.76090996146063,0.42239090038539373,57.76090996146063,2.3674752441105853,0.5981832348713885,-0.0325216300115832,1.5043605509754072
1.416184,89.86301369863013,0.65,1.405563076901615,-1.5043605509754072,-0.17455540746139334,-0.12418895340234644,0.1,-0.861824089470347,-57.76090996146063,0.42239090038539373,57.76090996146063,2.3674752441105853,0.5981832348713885,-0.032352587758365116,1.5043605509754072
1.416184,91.8835616438356,0.65,1.4045548745802099,-1.5043605509754072,-0.17455540746139334,-0.12427809736772588,0.1,-0.861824089470347,-57.76090996146063,0.42239090038539373,57.76090996146063,2.3674752441105853,0.5981832348713885,-0.032188034654524154,1.5043605509754072
1.416184,93.90410958904108,0.65,1.4035742618533424,-1.5043605509754072,-0.17455540746139334,-0.12436492475353783,0.1,-0.861824089470347,-57.76090996146063,0.42239090038539373,57.76090996146063,2.3674752441105853,0.5981832348713885,-0.03202775778358917,1.5043605509754072
1.416184,95.92465753424656,0.65,1.4026199139824695,-1.5043605509754072,-0.17455540746139334,-0.12444954311662154,0.1,-0.861824089470347,-57.76090996146063,0.42239090038539373,57.76090996146063,2.3674752441105853,0.5981832348713885,-0.031871558603666056,1.5043605509754072
1.416184,97.94520547945204,0.65,1.401690596058289,-1.5043605509754072,-0.17455540746139334,-0.1245320529025897,0.1,-0.861824089470347,-57.76090996146063,0.42239090038539373,57.76090996146063,2.3674752441105853,0.5981832348713885,-0.03171925169965384,1.5043605509754072
1.416184,99.96575342465752,0.65,1.400785155203838,-1.5043605509754072,-0.17455540746139334,-0.12461254805059137,0.1,-0.861824089470347,-57.76090996146063,0.42239090038539373,57.76090996146063,2.3674752441105853,0.5981832348713885,-0.031570663666897716,1.5043605509754072
1.416184,101.98630136986301,0.65,1.3999025135964827,-1.5043605509754072,-0.17455540746139334,-0.12469111653563926,0.1,-0.861824089470347,-57.76090996146063,0.42239090038539373,57.76090996146063,2.3674752441105853,0.5981832348713885,-0.03142563211009319,1.5043605509754072
1.416184,104.0068493150685,0.65,1.3990416622084474,-1.5043605509754072,-0.17455540746139334,-0.12476784085604008,0.1,-0.861824089470347,-57.76090996146063,0.42239090038539373,57.76090996146063,2.3674752441105853,0.5981832348713885,-0.03128400474352606,1.5043605509754072
1.416184,106.02739726027397,0.65,1.398201655179517,-1.5043605509754072,-0.17455540746139334,-0.12484279847242917,0.1,-0.861824089470347,-57.76090996146063,0.42239090038539373,57.76090996146063,2.3674752441105853,0.5981832348713885,-0.031145638580647325,1.5043605509754072
1.416184,108.04794520547945,0.65,1.3973816047473644,-1.5043605509754072,-0.17455540746139334,-0.12491606220403308,0.1,-0.861824089470347,-57.76090996146063,0.42239090038539373,57.76090996146063,2.3674752441105853,0.5981832348713885,-0.03101039920260219,1.5043605509754072
1.416184,110.06849315068493,0.65,1.3965806766709592,-1.5043605509754072,-0.17455540746139334,-0.1249877005870384,0.1,-0.861824089470347,-57.76090996146063,0.42239090038539373,57.76090996146063,2.3674752441105853,0.5981832348713885,-0.03087816009670763,1.5043605509754072
1.416184,112.08904109589041,0.65,1.395798086091016,-1.5043605509754072,-0.17455540746139334,-0.1250577781993112,0.1,-0.861824089470347,-57.76090996146063,0.42239090038539373,57.76090996146063,2.3674752441105853,0.5981832348713885,-0.030748802057044878,1.5043605509754072
1.416184,114.10958904109589,0.65,1.3950330937787043,-1.5043605509754072,-0.17455540746139334,-0.12512635595516794,0.1,-0.861824089470347,-57.76090996146063,0.42239090038539373,57.76090996146063,2.3674752441105853,0.5981832348713885,-0.03062221264033402,1.5043605509754072
1.416184,116.13013698630137,0.65,1.3942850027300384,-1.5043605509754072,-0.17455540746139334,-0.12519349137343533,0.1,-0.861824089470347,-57.76090996146063,0.42239090038539373,57.76090996146063,2.3674752441105853,0.5981832348713885,-0.030498285671115892,1.5043605509754072
1.416184,118.15068493150685,0.65,1.3935531550686913,-1.5043605509754072,-0.17455540746139334,-0.12525923882163584,0.1,-0.861824089470347,-57.76090996146063,0.42239090038539373,57.76090996146063,2.3674752441105853,0.5981832348713885,-0.03037692079100355,1.5043605509754072
1.416184,120.17123287671232,0.65,1.3928369292245535,-1.5043605509754072,-0.17455540746139334,-0.12532364973879256,0.1,-0.861824089470347,-57.76090996146063,0.42239090038539373,57.76090996146063,2.3674752441105853,0.5981832348713885,-0.030258023047401227,1.5043605509754072
1.416184,122.1917808219178,0.65,1.3921357373593075,-1.5043605509754072,-0.17455540746139334,-0.1253867728390489,0.1,-0.861824089470347,-57.76090996146063,0.42239090038539373,57.76090996146063,2.3674752441105853,0.5981832348713885,-0.030141502517637576,1.5043605509754072
1.416184,124.21232876712328,0.65,1.3914490230137022,-1.5043605509754072,-0.17455540746139334,-0.12544865429804136,0.1,-0.861824089470347,-57.76090996146063,0.42239090038539373,57.76090996146063,2.3674752441105853,0.5981832348713885,-0.030027273964935482,1.5043605509754072
1.416184,126.23287671232876,0.65,1.3907762589541708,-1.5043605509754072,-0.17455540746139334,-0.12550933792373956,0.1,-0.861824089470347,-57.76090996146063,0.42239090038539373,57.76090996146063,2.3674752441105853,0.5981832348713885,-0.029915256523054216,1.5043605509754072
1.416184,128.25342465753425,0.65,1.3901169451990139,-1.5043605509754072,-0.17455540746139334,-0.1255688653132729,0.1,-0.861824089470347,-57.76090996146063,0.42239090038539373,57.76090996146063,2.3674752441105853,0.5981832348713885,-0.02980537340679876,1.5043605509754072
1.416184,130.27397260273972,0.65,1.3894706072066012,-1.5043605509754072,-0.17455540746139334,-0.1256272759970939,0.1,-0.861824089470347,-57.76090996146063,0.42239090038539373,57.76090996146063,2.3674752441105853,0.5981832348713885,-0.029697551645905505,1.5043605509754072
1.416184,132.29452054794518,0.65,1.3888367942100126,-1.5043605509754072,-0.17455540746139334,-0.12568460757167843,0.1,-0.861824089470347,-57.76090996146063,0.42239090038539373,57.76090996146063,2.3674752441105853,0.5981832348713885,-0.029591721840087286,1.5043605509754072
1.416184,134.31506849315068,0.65,1.388215077684243,-1.5043605509754072,-0.17455540746139334,-0.12574089582183381,0.1,-0.861824089470347,-57.76090996146063,0.42239090038539373,57.76090996146063,2.3674752441105853,0.5981832348713885,-0.029487817933261728,1.5043605509754072
1.416184,136.33561643835617,0.65,1.387605049933602,-1.5043605509754072,-0.17455540746139334,-0.12579617483357095,0.1,-0.861824089470347,-57.76090996146063,0.42239090038539373,57.76090996146063,2.3674752441105853,0.5981832348713885,-0.029385777005197913,1.5043605509754072
1.416184,138.35616438356163,0.65,1.3870063227882545,-1.5043605509754072,-0.17455540746139334,-0.12585047709839575,0.1,-0.861824089470347,-57.76090996146063,0.42239090038539373,57.76090996146063,2.3674752441105853,0.5981832348713885,-0.029285539079002026,1.5043605509754072
1.416184,140.37671232876713,0.65,1.386418526400016,-1.5043605509754072,-0.17455540746139334,-0.12590383360978674,0.1,-0.861824089470347,-57.76090996146063,0.42239090038539373,57.76090996146063,2.3674752441105853,0.5981832348713885,-0.02918704694302694,1.5043605509754072
1.416184,142.3972602739726,0.65,1.3858413081285308,-1.5043605509754072,-0.17455540746139334,-0.12595627395254702,0.1,-0.861824089470347,-57.76090996146063,0.42239090038539373,57.76090996146063,2.3674752441105853,0.5981832348713885,-0.02909024598593515,1.5043605509754072
1.416184,144.41780821917808,0.65,1.3852743315098783,-1.5043605509754072,-0.17455540746139334,-0.12600782638564945,0.1,-0.861824089470347,-57.76090996146063,0.42239090038539373,57.76090996146063,2.3674752441105853,0.5981832348713885,-0.028995084043772844,1.5043605509754072
1.416184,146.43835616438355,0.65,1.3847172753004473,-1.5043605509754072,-0.17455540746139334,-0.1260585179191322,0.1,-0.861824089470347,-57.76090996146063,0.42239090038539373,57.76090996146063,2.3674752441105853,0.5981832348713885,-0.028901511258026348,1.5043605509754072
1.416184,148.45890410958904,0.65,1.3841698325896288,-1.5043605509754072,-0.17455540746139334,-0.12610837438554737,0.1,-0.861824089470347,-57.76090996146063,0.42239090038539373,57.76090996146063,2.3674752441105853,0.5981832348713885,-0.028809479943733347,1.5043605509754072
1.416184,150.4794520547945,0.65,1.3836317099755149,-1.5043605509754072,-0.17455540746139334,-0.12615742050641662,0.1,-0.861824089470347,-57.76090996146063,0.42239090038539373,57.76090996146063,2.3674752441105853,0.5981832348713885,-0.02871894446681078,1.5043605509754072
1.416184,152.5,0.65,1.3831026267983484,-1.5043605509754072,-0.17455540746139334,-0.1262056799541043,0.1,-0.861824089470347,-57.76090996146063,0.42239090038539373,57.76090996146063,2.3674752441105853,0.5981832348713885,-0.028629861129841686,1.5043605509754072
1.416184,154.52054794520546,0.65,1.3825823144269727,-1.5043605509754072,-0.17455540746139334,-0.12625317540947995,0.1,-0.861824089470347,-57.76090996146063,0.42239090038539373,57.76090996146063,2.3674752441105853,0.5981832348713885,-0.028542188065634452,1.5043605509754072
1.416184,156.54109589041096,0.65,1.3820705155939763,-1.5043605509754072,-0.17455540746139334,-0.12629992861570755,0.1,-0.861824089470347,-57.76090996146063,0.42239090038539373,57.76090996146063,2.3674752441105853,0.5981832348713885,-0.028455885137931822,1.5043605509754072
1.416184,158.56164383561642,0.65,1.3815669837756293,-1.5043605509754072,-0.17455540746139334,-0.12634596042846785,0.1,-0.861824089470347,-57.76090996146063,0.42239090038539373,57.76090996146063,2.3674752441105853,0.5981832348713885,-0.028370913848704417,1.5043605509754072
1.416184,160.58219178082192,0.65,1.3810714826130635,-1.5043605509754072,-0.17455540746139334,-0.1263912908628921,0.1,-0.861824089470347,-57.76090996146063,0.42239090038539373,57.76090996146063,2.3674752441105853,0.5981832348713885,-0.028287237251514497,1.5043605509754072
1.416184,162.60273972602738,0.65,1.3805837853714766,-1.5043605509754072,-0.17455540746139334,-0.12643593913746085,0.1,-0.861824089470347,-57.76090996146063,0.42239090038539373,57.76090996146063,2.3674752441105853,0.5981832348713885,-0.028204819870481908,1.5043605509754072
1.416184,164.62328767123287,0.65,1.3801036744344188,-1.5043605509754072,-0.17455540746139334,-0.12647992371509917,0.1,-0.861824089470347,-57.76090996146063,0.42239090038539373,57.76090996146063,2.3674752441105853,0.5981832348713885,-0.028123627624425676,1.5043605509754072
1.416184,166.64383561643834,0.65,1.3796309408304916,-1.5043605509754072,-0.17455540746139334,-0.12652326234167874,0.1,-0.861824089470347,-57.76090996146063,0.42239090038539373,57.76090996146063,2.3674752441105853,0.5981832348713885,-0.02804362775579166,1.5043605509754072
1.416184,168.66438356164383,0.65,1.3791653837900129,-1.5043605509754072,-0.17455540746139334,-0.12656597208212017,0.1,-0.861824089470347,-57.76090996146063,0.42239090038539373,57.76090996146063,2.3674752441105853,0.5981832348713885,-0.02796478876401058,1.5043605509754072
1.416184,170.6849315068493,0.65,1.3787068103294184,-1.5043605509754072,-0.17455540746139334,-0.1266080693542714,0.1,-0.861824089470347,-57.76090996146063,0.42239090038539373,57.76090996146063,2.3674752441105853,0.5981832348713885,-0.027887080342961123,1.5043605509754072
1.416184,172.7054794520548,0.65,1.3782550348613594,-1.5043605509754072,-0.17455540746139334,-0.12664956996072363,0.1,-0.861824089470347,-57.76090996146063,0.42239090038539373,57.76090996146063,2.3674752441105853,0.5981832348713885,-0.027810473322239904,1.5043605509754072
1.416184,174.72602739726025,0.65,1.3778098788286268,-1.5043605509754072,-0.17455540746139334,-0.12669048911871295,0.1,-0.861824089470347,-57.76090996146063,0.42239090038539373,57.76090996146063,2.3674752441105853,0.5981832348713885,-0.02773493961196534,1.5043605509754072
1.416184,176.74657534246575,0.65,1.3773711703601894,-1.5043605509754072,-0.17455540746139334,-0.12673084148824332,0.1,-0.861824089470347,-57.76090996146063,0.42239090038539373,57.76090996146063,2.3674752441105853,0.5981832348713885,-0.027660452150864673,1.5043605509754072
1.416184,178.7671232876712,0.65,1.376938743947774,-1.5043605509754072,-0.17455540746139334,-0.12677064119855577,0.1,-0.861824089470347,-57.76090996146063,0.42239090038539373,57.76090996146063,2.3674752441105853,0.5981832348713885,-0.027586984857413982,1.5043605509754072
1.416184,180.7876712328767,0.65,1.3765124401415443,-1.5043605509754072,-0.17455540746139334,-0.12680990187305835,0.1,-0.861824089470347,-57.76090996146063,0.42239090038539373,57.76090996146063,2.3674752441105853,0.5981832348713885,-0.0275145125838194,1.5043605509754072
1.416184,182.80821917808217,0.65,1.376092105263552,-1.5043605509754072,-0.17455540746139334,-0.12684863665282212,0.1,-0.861824089470347,-57.76090996146063,0.42239090038539373,57.76090996146063,2.3674752441105853,0.5981832348713885,-0.02744301107264483,1.5043605509754072
1.416184,184.82876712328766,0.65,1.3756775911377357,-1.5043605509754072,-0.17455540746139334,-0.12688685821874124,0.1,-0.861824089470347,-57.76090996146063,0.42239090038539373,57.76090996146063,2.3674752441105853,0.5981832348713885,-0.027372456915906555,1.5043605509754072
1.416184,186.84931506849313,0.65,1.375268754835347,-1.5043605509754072,-0.17455540746139334,-0.1269245788124459,0.1,-0.861824089470347,-57.76090996146063,0.42239090038539373,57.76090996146063,2.3674752441105853,0.5981832348713885,-0.0273028275164693,1.5043605509754072
1.416184,188.86986301369862,0.65,1.374865458434762,-1.5043605509754072,-0.17455540746139334,-0.12696181025605138,0.1,-0.861824089470347,-57.76090996146063,0.42239090038539373,57.76090996146063,2.3674752441105853,0.5981832348713885,-0.027234101051591016,1.5043605509754072
1.416184,190.89041095890408,0.65,1.374467568794723,-1.5043605509754072,-0.17455540746139334,-0.12699856397081946,0.1,-0.861824089470347,-57.76090996146063,0.42239090038539373,57.76090996146063,2.3674752441105853,0.5981832348713885,-0.02716625643847524,1.5043605509754072
1.416184,192.91095890410958,0.65,1.3740749573401272,-1.5043605509754072,-0.17455540746139334,-0.127034850994803,0.1,-0.861824089470347,-57.76090996146063,0.42239090038539373,57.76090996146063,2.3674752441105853,0.5981832348713885,-0.027099273301700647,1.5043605509754072
1.416184,194.93150684931504,0.65,1.3736874998595419,-1.5043605509754072,-0.17455540746139334,-0.1270706819995388,0.1,-0.861824089470347,-57.76090996146063,0.42239090038539373,57.76090996146063,2.3674752441105853,0.5981832348713885,-0.027033131942407074,1.5043605509754072
1.416184,196.95205479452054,0.65,1.3733050763136927,-1.5043605509754072,-0.17455540746139334,-0.12710606730584975,0.1,-0.861824089470347,-57.76090996146063,0.42239090038539373,57.76090996146063,2.3674752441105853,0.5981832348713885,-0.026967813309126114,1.5043605509754072
1.416184,198.97260273972603,0.65,1.3729275706542228,-1.5043605509754072,-0.17455540746139334,-0.1271410168988119,0.1,-0.861824089470347,-57.76090996146063,0.42239090038539373,57.76090996146063,2.3674752441105853,0.5981832348713885,-0.026903298970152905,1.5043605509754072
1.416184,200.9931506849315,0.65,1.3725548706520754,-1.5043605509754072,-0.17455540746139334,-0.127175540441939,0.1,-0.861824089470347,-57.76090996146063,0.42239090038539373,57.76090996146063,2.3674752441105853,0.5981832348713885,-0.02683957108736284,1.5043605509754072
1.416184,203.013698630137,0.65,1.3721868677348965,-1.5043605509754072,-0.17455540746139334,-0.12720964729063203,0.1,-0.861824089470347,-57.76090996146063,0.42239090038539373,57.76090996146063,2.3674752441105853,0.5981832348713885,-0.026776612391383982,1.5043605509754072
1.416184,205.03424657534245,0.65,1.3718234568329,-1.5043605509754072,-0.17455540746139334,-0.12724334650494004,0.1,-0.861824089470347,-57.76090996146063,0.42239090038539373,57.76090996146063,2.3674752441105853,0.5981832348713885,-0.02671440615804243,1.5043605509754072
1.416184,207.05479452054794,0.65,1.3714645362326743,-1.5043605509754072,-0.17455540746139334,-0.12727664686167237,0.1,-0.861824089470347,-57.76090996146063,0.42239090038539373,57.76090996146063,2.3674752441105853,0.5981832348713885,-0.026652936186003486,1.5043605509754072
1.416184,209.0753424657534,0.65,1.3711100074384523,-1.5043605509754072,-0.17455540746139334,-0.12730955686590228,0.1,-0.861824089470347,-57.76090996146063,0.42239090038539373,57.76090996146063,2.3674752441105853,0.5981832348713885,-0.02659218677553696,1.5043605509754072
1.416184,211.0958904109589,0.65,1.3707597750403917,-1.5043605509754072,-0.17455540746139334,-0.12734208476189768,0.1,-0.861824089470347,-57.76090996146063,0.42239090038539373,57.76090996146063,2.3674752441105853,0.5981832348713885,-0.026532142708339868,1.5043605509754072
1.416184,213.11643835616437,0.65,1.3704137465894484,-1.5043605509754072,-0.17455540746139334,-0.12737423854351268,0.1,-0.861824089470347,-57.76090996146063,0.42239090038539373,57.76090996146063,2.3674752441105853,0.5981832348713885,-0.026472789228354367,1.5043605509754072
1.416184,215.13698630136986,0.65,1.3700718324784567,-1.5043605509754072,-0.17455540746139334,-0.12740602596407155,0.1,-0.861824089470347,-57.76090996146063,0.42239090038539373,57.76090996146063,2.3674752441105853,0.5981832348713885,-0.026414112023522916,1.5043605509754072
1.416184,217.15753424657532,0.65,1.3697339458290516,-1.5043605509754072,-0.17455540746139334,-0.12743745454577393,0.1,-0.861824089470347,-57.76090996146063,0.42239090038539373,57.76090996146063,2.3674752441105853,0.5981832348713885,-0.026356097208426556,1.5043605509754072
1.416184,219.17808219178082,0.65,1.369400002384094,-1.5043605509754072,-0.17455540746139334,-0.12746853158864932,0.1,-0.861824089470347,-57.76090996146063,0.42239090038539373,57.76090996146063,2.3674752441105853,0.5981832348713885,-0.026298731307755903,1.5043605509754072
1.416184,221.19863013698628,0.65,1.3690699204052834,-1.5043605509754072,-0.17455540746139334,-0.1274992641790859,0.1,-0.861824089470347,-57.76090996146063,0.42239090038539373,57.76090996146063,2.3674752441105853,0.5981832348713885,-0.026242001240567546,1.5043605509754072
1.416184,223.21917808219177,0.65,1.3687436205756656,-1.5043605509754072,-0.17455540746139334,-0.1275296591979577,0.1,-0.861824089470347,-57.76090996146063,0.42239090038539373,57.76090996146063,2.3674752441105853,0.5981832348713885,-0.026185894305281825,1.5043605509754072
1.416184,225.23972602739724,0.65,1.3684210259067555,-1.5043605509754072,-0.17455540746139334,-0.12755972332837245,0.1,-0.861824089470347,-57.76090996146063,0.42239090038539373,57.76090996146063,2.3674752441105853,0.5981832348713885,-0.026130398165380778,1.5043605509754072
1.416184,227.26027397260273,0.65,1.36810206165002,-1.5043605509754072,-0.17455540746139334,-0.12758946306306138,0.1,-0.861824089470347,-57.76090996146063,0.42239090038539373,57.76090996146063,2.3674752441105853,0.5981832348713885,-0.026075500835767526,1.5043605509754072
1.416184,229.2808219178082,0.65,1.3677866552124784,-1.5043605509754072,-0.17455540746139334,-0.1276188847114297,0.1,-0.861824089470347,-57.76090996146063,0.42239090038539373,57.76090996146063,2.3674752441105853,0.5981832348713885,-0.02602119066975106,1.5043605509754072
1.416184,231.3013698630137,0.65,1.3674747360761963,-1.5043605509754072,-0.17455540746139334,-0.12764799440628719,0.1,-0.861824089470347,-57.76090996146063,0.42239090038539373,57.76090996146063,2.3674752441105853,0.5981832348713885,-0.02596745634662249,1.5043605509754072
1.416184,233.32191780821915,0.65,1.3671662357214562,-1.5043605509754072,-0.17455540746139334,-0.12767679811027524,0.1,-0.861824089470347,-57.76090996146063,0.42239090038539373,57.76090996146063,2.3674752441105853,0.5981832348713885,-0.02591428685979098,1.5043605509754072
1.416184,235.34246575342465,0.65,1.3668610875534142,-1.5043605509754072,-0.17455540746139334,-0.12770530162200705,0.1,-0.861824089470347,-57.76090996146063,0.42239090038539373,57.76090996146063,2.3674752441105853,0.5981832348713885,-0.025861671505449577,1.5043605509754072
1.416184,237.3630136986301,0.65,1.3665592268320481,-1.5043605509754072,-0.17455540746139334,-0.12773351058193574,0.1,-0.861824089470347,-57.76090996146063,0.42239090038539373,57.76090996146063,2.3674752441105853,0.5981832348713885,-0.025809599871742993,1.5043605509754072
1.416184,239.3835616438356,0.65,1.3662605906052299,-1.5043605509754072,-0.17455540746139334,-0.1277614304779649,0.1,-0.861824089470347,-57.76090996146063,0.42239090038539373,57.76090996146063,2.3674752441105853,0.5981832348713885,-0.025758061828410974,1.5043605509754072
1.416184,241.40410958904107,0.65,1.3659651176447525,-1.5043605509754072,-0.17455540746139334,-0.1277890666508148,0.1,-0.861824089470347,-57.76090996146063,0.42239090038539373,57.76090996146063,2.3674752441105853,0.5981832348713885,-0.025707047516882672,1.5043605509754072
1.416184,243.42465753424656,0.65,1.3656727483851598,-1.5043605509754072,-0.17455540746139334,-0.1278164242991569,0.1,-0.861824089470347,-57.76090996146063,0.42239090038539373,57.76090996146063,2.3674752441105853,0.5981832348713885,-0.025656547340798714,1.5043605509754072
1.416184,245.44520547945203,0.65,1.3653834248652352,-1.5043605509754072,-0.17455540746139334,-0.12784350848452855,0.1,-0.861824089470347,-57.76090996146063,0.42239090038539373,57.76090996146063,2.3674752441105853,0.5981832348713885,-0.02560655195693919,1.5043605509754072
1.416184,247.46575342465752,0.65,1.3650970906720106,-1.5043605509754072,-0.17455540746139334,-0.12787032413603866,0.1,-0.861824089470347,-57.76090996146063,0.42239090038539373,57.76090996146063,2.3674752441105853,0.5981832348713885,-0.025557052266536963,1.5043605509754072
1.416184,249.48630136986299,0.65,1.3648136908871678,-1.5043605509754072,-0.17455540746139334,-0.12789687605487557,0.1,-0.861824089470347,-57.76090996146063,0.42239090038539373,57.76090996146063,2.3674752441105853,0.5981832348713885,-0.025508039406957,1.5043605509754072
1.416184,251.50684931506848,0.65,1.3645331720357152,-1.5043605509754072,-0.17455540746139334,-0.12792316891862598,0.1,-0.861824089470347,-57.76090996146063,0.42239090038539373,57.76090996146063,2.3674752441105853,0.5981832348713885,-0.02545950474372338,1.5043605509754072
1.416184,253.52739726027394,0.65,1.36425548203682,-1.5043605509754072,-0.17455540746139334,-0.12794920728541537,0.1,-0.861824089470347,-57.76090996146063,0.42239090038539373,57.76090996146063,2.3674752441105853,0.5981832348713885,-0.02541143986287695,1.5043605509754072
1.416184,255.54794520547944,0.65,1.363980570156693,-1.5043605509754072,-0.17455540746139334,-0.1279749955978776,0.1,-0.861824089470347,-57.76090996146063,0.42239090038539373,57.76090996146063,2.3674752441105853,0.5981832348713885,-0.025363836563647265,1.5043605509754072
1.416184,257.5684931506849,0.65,1.3637083869634246,-1.5043605509754072,-0.17455540746139334,-0.12800053818696286,0.1,-0.861824089470347,-57.76090996146063,0.42239090038539373,57.76090996146063,2.3674752441105853,0.5981832348713885,-0.025316686851423607,1.5043605509754072
1.416184,259.58904109589037,0.65,1.3634388842836744,-1.5043605509754072,-0.17455540746139334,-0.12802583927559139,0.1,-0.861824089470347,-57.76090996146063,0.42239090038539373,57.76090996146063,2.3674752441105853,0.5981832348713885,-0.02526998293101062,1.5043605509754072
1.416184,261.6095890410959,0.65,1.3631720151611277,-1.5043605509754072,-0.17455540746139334,-0.12805090298216018,0.1,-0.861824089470347,-57.76090996146063,0.42239090038539373,57.76090996146063,2.3674752441105853,0.5981832348713885,-0.02522371720015495,1.5043605509754072
1.416184,263.63013698630135,0.65,1.3629077338166302,-1.5043605509754072,-0.17455540746139334,-0.12807573332391006,0.1,-0.861824089470347,-57.76090996146063,0.42239090038539373,57.76090996146063,2.3674752441105853,0.5981832348713885,-0.025177882243329935,1.5043605509754072
1.416184,265.6506849315068,0.65,1.362645995609924,-1.5043605509754072,-0.17455540746139334,-0.12810033422015957,0.1,-0.861824089470347,-57.76090996146063,0.42239090038539373,57.76090996146063,2.3674752441105853,0.5981832348713885,-0.025132470825766293,1.5043605509754072
1.416184,267.67123287671234,0.65,1.3623867570029065,-1.5043605509754072,-0.17455540746139334,-0.12812470949541163,0.1,-0.861824089470347,-57.76090996146063,0.42239090038539373,57.76090996146063,2.3674752441105853,0.5981832348713885,-0.025087475887717158,1.5043605509754072
1.416184,269.6917808219178,0.65,1.3621299755243437,-1.5043605509754072,-0.17455540746139334,-0.12814886288233931,0.1,-0.861824089470347,-57.76090996146063,0.42239090038539373,57.76090996146063,2.3674752441105853,0.5981832348713885,-0.025042890538946698,1.5043605509754072
1.416184,271.71232876712327,0.65,1.3618756097359654,-1.5043605509754072,-0.17455540746139334,-0.12817279802465614,0.1,-0.861824089470347,-57.76090996146063,0.42239090038539373,57.76090996146063,2.3674752441105853,0.5981832348713885,-0.024998708053431892,1.5043605509754072
1.416184,273.73287671232873,0.65,1.3616236191998825,-1.5043605509754072,-0.17455540746139334,-0.12819651847987598,0.1,-0.861824089470347,-57.76090996146063,0.42239090038539373,57.76090996146063,2.3674752441105853,0.5981832348713885,-0.02495492186426779,1.5043605509754072
1.416184,275.75342465753425,0.65,1.3613739644472636,-1.5043605509754072,-0.17455540746139334,-0.1282200277219678,0.1,-0.861824089470347,-57.76090996146063,0.42239090038539373,57.76090996146063,2.3674752441105853,0.5981832348713885,-0.02491152555876699,1.5043605509754072
1.416184,277.7739726027397,0.65,1.3611266069482133,-1.5043605509754072,-0.17455540746139334,-0.12824332914391015,0.1,-0.861824089470347,-57.76090996146063,0.42239090038539373,57.76090996146063,2.3674752441105853,0.5981832348713885,-0.024868512873744534,1.5043605509754072
1.416184,279.7945205479452,0.65,1.3608815090827995,-1.5043605509754072,-0.17455540746139334,-0.12826642606014932,0.1,-0.861824089470347,-57.76090996146063,0.42239090038539373,57.76090996146063,2.3674752441105853,0.5981832348713885,-0.02482587769097993,1.5043605509754072
1.416184,281.81506849315065,0.65,1.3606386341131735,-1.5043605509754072,-0.17455540746139334,-0.12828932170896626,0.1,-0.861824089470347,-57.76090996146063,0.42239090038539373,57.76090996146063,2.3674752441105853,0.5981832348713885,-0.024783614032848515,1.5043605509754072
1.416184,283.83561643835617,0.65,1.3603979461567413,-1.5043605509754072,-0.17455540746139334,-0.1283120192547553,0.1,-0.861824089470347,-57.76090996146063,0.42239090038539373,57.76090996146063,2.3674752441105853,0.5981832348713885,-0.024741716058114493,1.5043605509754072
1.416184,285.85616438356163,0.65,1.3601594101603318,-1.5043605509754072,-0.17455540746139334,-0.1283345217902196,0.1,-0.861824089470347,-57.76090996146063,0.42239090038539373,57.76090996146063,2.3674752441105853,0.5981832348713885,-0.02470017805787877,1.5043605509754072
1.416184,287.8767123287671,0.65,1.359922991875323,-1.5043605509754072,-0.17455540746139334,-0.12835683233848616,0.1,-0.861824089470347,-57.76090996146063,0.42239090038539373,57.76090996146063,2.3674752441105853,0.5981832348713885,-0.024658994451674705,1.5043605509754072
1.416184,289.89726027397256,0.65,1.3596886578336838,-1.5043605509754072,-0.17455540746139334,-0.1283789538551441,0.1,-0.861824089470347,-57.76090996146063,0.42239090038539373,57.76090996146063,2.3674752441105853,0.5981832348713885,-0.024618159783705414,1.5043605509754072
1.416184,291.9178082191781,0.65,1.3594563753248874,-1.5043605509754072,-0.17455540746139334,-0.12840088923020976,0.1,-0.861824089470347,-57.76090996146063,0.42239090038539373,57.76090996146063,2.3674752441105853,0.5981832348713885,-0.024577668719216607,1.5043605509754072
1.416184,293.93835616438355,0.65,1.3592261123736655,-1.5043605509754072,-0.17455540746139334,-0.12842264129002123,0.1,-0.861824089470347,-57.76090996146063,0.42239090038539373,57.76090996146063,2.3674752441105853,0.5981832348713885,-0.024537516040999116,1.5043605509754072
1.416184,295.958904109589,0.65,1.3589978377185612,-1.5043605509754072,-0.17455540746139334,-0.12844421279906593,0.1,-0.861824089470347,-57.76090996146063,0.42239090038539373,57.76090996146063,2.3674752441105853,0.5981832348713885,-0.024497696646015643,1.5043605509754072
1.416184,297.9794520547945,0.65,1.35877152079125,-1.5043605509754072,-0.17455540746139334,-0.1284656064617434,0.1,-0.861824089470347,-57.76090996146063,0.42239090038539373,57.76090996146063,2.3674752441105853,0.5981832348713885,-0.024458205542146488,1.5043605509754072
1.416184,300.0,0.65,1.3585471316965951,-1.5043605509754072,-0.17455540746139334,-0.12848682492406666,0.1,-0.861824089470347,-57.76090996146063,0.42239090038539373,57.76090996146063,2.3674752441105853,0.5981832348713885,-0.024419037845049358,1.5043605509754072
2.782831,5.0,0.65,1.4927586144058211,-1.5043605509754072,-0.1490793527807332,-0.09986835871657178,0.1,-1.0091005380121483,-63.545327192453406,0.3645467280754659,63.545327192453406,2.7431325615765423,1.0144719358369767,-0.06485913381970013,1.5043605509754072
2.782831,7.020547945205479,0.65,1.4613144731703933,-1.5043605509754072,-0.1490793527807332,-0.10201729711011363,0.1,-1.0091005380121483,-63.545327192453406,0.3645467280754659,63.545327192453406,2.7431325615765423,1.0144719358369767,-0.06062580432139068,1.5043605509754072
2.782831,9.041095890410958,0.65,1.4396310294709262,-1.5043605509754072,-0.1490793527807332,-0.10355386187773462,0.1,-1.0091005380121483,-63.545327192453406,0.3645467280754659,63.545327192453406,2.7431325615765423,1.0144719358369767,-0.05759882831482784,1.5043605509754072
2.782831,11.061643835616438,0.65,1.4233391821271832,-1.5043605509754072,-0.1490793527807332,-0.10473916172105499,0.1,-1.0091005380121483,-63.545327192453406,0.3645467280754659,63.545327192453406,2.7431325615765423,1.0144719358369767,-0.05526383127342849,1.5043605509754072
2.782831,13.082191780821917,0.65,1.410428057958909,-1.5043605509754072,-0.1490793527807332,-0.10569794888827745,0.1,-1.0091005380121483,-63.545327192453406,0.3645467280754659,63.545327192453406,2.7431325615765423,1.0144719358369767,-0.05337505586236909,1.5043605509754072
2.782831,15.102739726027396,0.65,1.3998163792738259,-1.5043605509754072,-0.1490793527807332,-0.10649922017491335,0.1,-1.0091005380121483,-63.545327192453406,0.3645467280754659,63.545327192453406,2.7431325615765423,1.0144719358369767,-0.051796580935373454,1.5043605509754072
2.782831,17.123287671232877,0.65,1.3908602255576235,-1.5043605509754072,-0.1490793527807332,-0.10718499964363014,0.1,-1.0091005380121483,-63.545327192453406,0.3645467280754659,63.545327192453406,2.7431325615765423,1.0144719358369767,-0.050445620636568024,1.5043605509754072
2.782831,19.143835616438356,0.65,1.3831472445372142,-1.5043605509754072,-0.1490793527807332,-0.10778270597691392,0.1,-1.0091005380121483,-63.545327192453406,0.3645467280754659,63.545327192453406,2.7431325615765423,1.0144719358369767,-0.0492681611711777,1.5043605509754072
2.782831,21.164383561643834,0.65,1.3763985900569073,-1.5043605509754072,-0.1490793527807332,-0.10831117806838897,0.1,-1.0091005380121483,-63.545327192453406,0.3645467280754659,63.545327192453406,2.7431325615765423,1.0144719358369767,-0.04822709061252508,1.5043605509754072
2.782831,23.184931506849313,0.65,1.3704175192036046,-1.5043605509754072,-0.1490793527807332,-0.10878389300464299,0.1,-1.0091005380121483,-63.545327192453406,0.3645467280754659,63.545327192453406,2.7431325615765423,1.0144719358369767,-0.04729585959634071,1.5043605509754072
2.782831,25.205479452054792,0.65,1.3650604093303416,-1.5043605509754072,-0.1490793527807332,-0.10921080983798155,0.1,-1.0091005380121483,-63.545327192453406,0.3645467280754659,63.545327192453406,2.7431325615765423,1.0144719358369767,-0.046454849156335354,1.5043605509754072
2.782831,27.22602739726027,0.65,1.3602194448556764,-1.5043605509754072,-0.1490793527807332,-0.10959948657148552,0.1,-1.0091005380121483,-63.545327192453406,0.3645467280754659,63.545327192453406,2.7431325615765423,1.0144719358369767,-0.04568917030477138,1.5043605509754072
2.782831,29.246575342465754,0.65,1.3558117779766168,-1.5043605509754072,-0.1490793527807332,-0.10995578826082769,0.1,-1.0091005380121483,-63.545327192453406,0.3645467280754659,63.545327192453406,2.7431325615765423,1.0144719358369767,-0.04498726909796028,1.5043605509754072
2.782831,31.267123287671232,0.65,1.3517724728596665,-1.5043605509754072,-0.1490793527807332,-0.11028435315401616,0.1,-1.0091005380121483,-63.545327192453406,0.3645467280754659,63.545327192453406,2.7431325615765423,1.0144719358369767,-0.04434000835813462,1.5043605509754072
2.782831,33.28767123287671,0.65,1.3480497591128435,-1.5043605509754072,-0.1490793527807332,-0.11058890947678583,0.1,-1.0091005380121483,-63.545327192453406,0.3645467280754659,63.545327192453406,2.7431325615765423,1.0144719358369767,-0.043740043617892604,1.5043605509754072
2.782831,35.30821917808219,0.65,1.344601747589924,-1.5043605509754072,-0.1490793527807332,-0.11087249666895373,0.1,-1.0091005380121483,-63.545327192453406,0.3645467280754659,63.545327192453406,2.7431325615765423,1.0144719358369767,-0.043181387292725276,1.5043605509754072
2.782831,37.32876712328767,0.65,1.3413941019427154,-1.5043605509754072,-0.1490793527807332,-0.11113762358491396,0.1,-1.0091005380121483,-63.545327192453406,0.3645467280754659,63.545327192453406,2.7431325615765423,1.0144719358369767,-0.042659097031867516,1.5043605509754072
2.782831,39.34931506849315,0.65,1.3383983522186265,-1.5043605509754072,-0.1490793527807332,-0.11138638398172593,0.1,-1.0091005380121483,-63.545327192453406,0.3645467280754659,63.545327192453406,2.7431325615765423,1.0144719358369767,-0.04216904821101709,1.5043605509754072
2.782831,41.36986301369863,0.65,1.3355906502801822,-1.5043605509754072,-0.1490793527807332,-0.1116205423791033,0.1,-1.0091005380121483,-63.545327192453406,0.3645467280754659,63.545327192453406,2.7431325615765423,1.0144719358369767,-0.04170776479131861,1.5043605509754072
2.782831,43.390410958904106,0.65,1.3329508358093192,-1.5043605509754072,-0.1490793527807332,-0.11184159893655617,0.1,-1.0091005380121483,-63.545327192453406,0.3645467280754659,63.545327192453406,2.7431325615765423,1.0144719358369767,-0.04127229151378196,1.5043605509754072
2.782831,45.410958904109584,0.65,1.3304617248250543,-1.5043605509754072,-0.1490793527807332,-0.11205083919293958,0.1,-1.0091005380121483,-63.545327192453406,0.3645467280754659,63.545327192453406,2.7431325615765423,1.0144719358369767,-0.04086009591420414,1.5043605509754072
2.782831,47.43150684931506,0.65,1.32810856035406,-1.5043605509754072,-0.1490793527807332,-0.11224937270262769,0.1,-1.0091005380121483,-63.545327192453406,0.3645467280754659,63.545327192453406,2.7431325615765423,1.0144719358369767,-0.04046899221132863,1.5043605509754072
2.782831,49.45205479452054,0.65,1.3258785830958455,-1.5043605509754072,-0.1490793527807332,-0.112438163404557,0.1,-1.0091005380121483,-63.545327192453406,0.3645467280754659,63.545327192453406,2.7431325615765423,1.0144719358369767,-0.04009708148094858,1.5043605509754072
2.782831,51.47260273972602,0.65,1.323760692129942,-1.5043605509754072,-0.1490793527807332,-0.11261805375174214,0.1,-1.0091005380121483,-63.545327192453406,0.3645467280754659,63.545327192453406,2.7431325615765423,1.0144719358369767,-0.03974270412164939,1.5043605509754072
2.782831,53.49315068493151,0.65,1.3217451740515382,-1.5043605509754072,-0.1490793527807332,-0.11278978407294735,0.1,-1.0091005380121483,-63.545327192453406,0.3645467280754659,63.545327192453406,2.7431325615765423,1.0144719358369767,-0.039404401713028996,1.5043605509754072
2.782831,55.513698630136986,0.65,1.3198234847170083,-1.5043605509754072,-0.1490793527807332,-0.11295400824959426,0.1,-1.0091005380121483,-63.545327192453406,0.3645467280754659,63.545327192453406,2.7431325615765423,1.0144719358369767,-0.0390808861327665,1.5043605509754072
2.782831,57.534246575342465,0.65,1.317988071870861,-1.5043605509754072,-0.1490793527807332,-0.11311130651517784,0.1,-1.0091005380121483,-63.545327192453406,0.3645467280754659,63.545327192453406,2.7431325615765423,1.0144719358369767,-0.038771014342244704,1.5043605509754072
2.782831,59.554794520547944,0.65,1.3162322298538474,-1.5043605509754072,-0.1490793527807332,-0.1132621959859521,0.1,-1.0091005380121483,-63.545327192453406,0.3645467280754659,63.545327192453406,2.7431325615765423,1.0144719358369767,-0.03847376764148652,1.5043605509754072
2.782831,61.57534246575342,0.65,1.314549979715991,-1.5043605509754072,-0.1490793527807332,-0.11340713938692681,0.1,-1.0091005380121483,-63.545327192453406,0.3645467280754659,63.545327192453406,2.7431325615765423,1.0144719358369767,-0.03818823447926296,1.5043605509754072
2.782831,63.5958904109589,0.65,1.312935969617824,-1.5043605509754072,-0.1490793527807332,-0.11354655233044454,0.1,-1.0091005380121483,-63.545327192453406,0.3645467280754659,63.545327192453406,2.7431325615765423,1.0144719358369767,-0.03791359611456467,1.5043605509754072
2.782831,65.61643835616438,0.65,1.3113853915610596,-1.5043605509754072,-0.1490793527807332,-0.11368080942496292,0.1,-1.0091005380121483,-63.545327192453406,0.3645467280754659,63.545327192453406,2.7431325615765423,1.0144719358369767,-0.03764911458252538,1.5043605509754072
2.782831,67.63698630136986,0.65,1.3098939113587256,-1.5043605509754072,-0.1490793527807332,-0.11381024943164772,0.1,-1.0091005380121483,-63.545327192453406,0.3645467280754659,63.545327192453406,2.7431325615765423,1.0144719358369767,-0.03739412253612382,1.5043605509754072
2.782831,69.65753424657534,0.65,1.3084576094130262,-1.5043605509754072,-0.1490793527807332,-0.11393517964071466,0.1,-1.0091005380121483,-63.545327192453406,0.3645467280754659,63.545327192453406,2.7431325615765423,1.0144719358369767,-0.0371480146249513,1.5043605509754072
2.782831,71.67808219178082,0.65,1.3070729303724307,-1.5043605509754072,-0.1490793527807332,-0.11405587960440378,0.1,-1.0091005380121483,-63.545327192453406,0.3645467280754659,63.545327192453406,2.7431325615765423,1.0144719358369767,-0.03691024014138973,1.5043605509754072
2.782831,73.6986301369863,0.65,1.3057366401275219,-1.5043605509754072,-0.1490793527807332,-0.11417260433633362,0.1,-1.0091005380121483,-63.545327192453406,0.3645467280754659,63.545327192453406,2.7431325615765423,1.0144719358369767,-0.03668029671800177,1.5043605509754072
2.782831,75.71917808219177,0.65,1.3044457889067398,-1.5043605509754072,-0.1490793527807332,-0.11428558706581213,0.1,-1.0091005380121483,-63.545327192453406,0.3645467280754659,63.545327192453406,2.7431325615765423,1.0144719358369767,-0.03645772490163963,1.5043605509754072
2.782831,77.73972602739725,0.65,1.303197679469324,-1.5043605509754072,-0.1490793527807332,-0.1143950416190427,0.1,-1.0091005380121483,-63.545327192453406,0.3645467280754659,63.545327192453406,2.7431325615765423,1.0144719358369767,-0.03624210346255709,1.5043605509754072
2.782831,79.76027397260273,0.65,1.301989839579032,-1.5043605509754072,-0.1490793527807332,-0.11450116448599518,0.1,-1.0091005380121483,-63.545327192453406,0.3645467280754659,63.545327192453406,2.7431325615765423,1.0144719358369767,-0.03603304532274945,1.5043605509754072
2.782831,81.78082191780821,0.65,1.3008199980900714,-1.5043605509754072,-0.1490793527807332,-0.11460413662122271,0.1,-1.0091005380121483,-63.545327192453406,0.3645467280754659,63.545327192453406,2.7431325615765423,1.0144719358369767,-0.035830194008410865,1.5043605509754072
2.782831,83.80136986301369,0.65,1.2996860640948484,-1.5043605509754072,-0.1490793527807332,-0.11470412501849654,0.1,-1.0091005380121483,-63.545327192453406,0.3645467280754659,63.545327192453406,2.7431325615765423,1.0144719358369767,-0.035633220547961676,1.5043605509754072
2.782831,85.82191780821917,0.65,1.2985861086780677,-1.5043605509754072,-0.1490793527807332,-0.11480128409235235,0.1,-1.0091005380121483,-63.545327192453406,0.3645467280754659,63.545327192453406,2.7431325615765423,1.0144719358369767,-0.03544182075045316,1.5043605509754072
2.782831,87.84246575342465,0.65,1.297518348898489,-1.5043605509754072,-0.1490793527807332,-0.114895756894145,0.1,-1.0091005380121483,-63.545327192453406,0.3645467280754659,63.545327192453406,2.7431325615765423,1.0144719358369767,-0.03525571280998417,1.5043605509754072
2.782831,89.86301369863013,0.65,1.296481133681996,-1.5043605509754072,-0.1490793527807332,-0.11498767618572979,0.1,-1.0091005380121483,-63.545327192453406,0.3645467280754659,63.545327192453406,2.7431325615765423,1.0144719358369767,-0.035074635190588954,1.5043605509754072
2.782831,91.8835616438356,0.65,1.2954729313605908,-1.5043605509754072,-0.1490793527807332,-0.11507716539021796,0.1,-1.0091005380121483,-63.545327192453406,0.3645467280754659,63.545327192453406,2.7431325615765423,1.0144719358369767,-0.03489834475328346,1.5043605509754072
2.782831,93.90410958904108,0.65,1.2944923186337234,-1.5043605509754072,-0.1490793527807332,-0.11516433943623516,0.1,-1.0091005380121483,-63.545327192453406,0.3645467280754659,63.545327192453406,2.7431325615765423,1.0144719358369767,-0.0347266150929076,1.5043605509754072
2.782831,95.92465753424656,0.65,1.2935379707628505,-1.5043605509754072,-0.1490793527807332,-0.11524930550961346,0.1,-1.0091005380121483,-63.545327192453406,0.3645467280754659,63.545327192453406,2.7431325615765423,1.0144719358369767,-0.034559235057319414,1.5043605509754072
2.782831,97.94520547945204,0.65,1.29260865283867,-1.5043605509754072,-0.1490793527807332,-0.11533216372437492,0.1,-1.0091005380121483,-63.545327192453406,0.3645467280754659,63.545327192453406,2.7431325615765423,1.0144719358369767,-0.034396007425582194,1.5043605509754072
2.782831,99.96575342465752,0.65,1.291703211984219,-1.5043605509754072,-0.1490793527807332,-0.1154130077231352,0.1,-1.0091005380121483,-63.545327192453406,0.3645467280754659,63.545327192453406,2.7431325615765423,1.0144719358369767,-0.034236747725191675,1.5043605509754072
2.782831,101.98630136986301,0.65,1.2908205703768636,-1.5043605509754072,-0.1490793527807332,-0.115491925215608,0.1,-1.0091005380121483,-63.545327192453406,0.3645467280754659,63.545327192453406,2.7431325615765423,1.0144719358369767,-0.034081283171241844,1.5043605509754072
2.782831,104.0068493150685,0.65,1.2899597189888283,-1.5043605509754072,-0.1490793527807332,-0.11556899846267549,0.1,-1.0091005380121483,-63.545327192453406,0.3645467280754659,63.545327192453406,2.7431325615765423,1.0144719358369767,-0.03392945171282414,1.5043605509754072
2.782831,106.02739726027397,0.65,1.2891197119598978,-1.5043605509754072,-0.1490793527807332,-0.11564430471246319,0.1,-1.0091005380121483,-63.545327192453406,0.3645467280754659,63.545327192453406,2.7431325615765423,1.0144719358369767,-0.033781101173976,1.5043605509754072
2.782831,108.04794520547945,0.65,1.2882996615277453,-1.5043605509754072,-0.1490793527807332,-0.11571791659399001,0.1,-1.0091005380121483,-63.545327192453406,0.3645467280754659,63.545327192453406,2.7431325615765423,1.0144719358369767,-0.03363608847820488,1.5043605509754072
2.782831,110.06849315068493,0.65,1.2874987334513401,-1.5043605509754072,-0.1490793527807332,-0.1157899024732264,0.1,-1.0091005380121483,-63.545327192453406,0.3645467280754659,63.545327192453406,2.7431325615765423,1.0144719358369767,-0.033494278947066615,1.5043605509754072
2.782831,112.08904109589041,0.65,1.286716142871397,-1.5043605509754072,-0.1490793527807332,-0.11586032677576595,0.1,-1.0091005380121483,-63.545327192453406,0.3645467280754659,63.545327192453406,2.7431325615765423,1.0144719358369767,-0.033355545664514416,1.5043605509754072
2.782831,114.10958904109589,0.65,1.2859511505590853,-1.5043605509754072,-0.1490793527807332,-0.1159292502797784,0.1,-1.0091005380121483,-63.545327192453406,0.3645467280754659,63.545327192453406,2.7431325615765423,1.0144719358369767,-0.03321976889979206,1.5043605509754072
2.782831,116.13013698630137,0.65,1.2852030595104194,-1.5043605509754072,-0.1490793527807332,-0.11599673038245252,0.1,-1.0091005380121483,-63.545327192453406,0.3645467280754659,63.545327192453406,2.7431325615765423,1.0144719358369767,-0.03308683558255143,1.5043605509754072
2.782831,118.15068493150685,0.65,1.2844712118490722,-1.5043605509754072,-0.1490793527807332,-0.11606282134274123,0.1,-1.0091005380121483,-63.545327192453406,0.3645467280754659,63.545327192453406,2.7431325615765423,1.0144719358369767,-0.03295663882465339,1.5043605509754072
2.782831,120.17123287671232,0.65,1.2837549860049344,-1.5043605509754072,-0.1490793527807332,-0.11612757450288118,0.1,-1.0091005380121483,-63.545327192453406,0.3645467280754659,63.545327192453406,2.7431325615765423,1.0144719358369767,-0.032829077483782484,1.5043605509754072
2.782831,122.1917808219178,0.65,1.2830537941396885,-1.5043605509754072,-0.1490793527807332,-0.11619103849086367,0.1,-1.0091005380121483,-63.545327192453406,0.3645467280754659,63.545327192453406,2.7431325615765423,1.0144719358369767,-0.03270405576458662,1.5043605509754072
2.782831,124.21232876712328,0.65,1.2823670797940832,-1.5043605509754072,-0.1490793527807332,-0.11625325940577927,0.1,-1.0091005380121483,-63.545327192453406,0.3645467280754659,63.545327192453406,2.7431325615765423,1.0144719358369767,-0.03258148285355495,1.5043605509754072
2.782831,126.23287671232876,0.65,1.2816943157345517,-1.5043605509754072,-0.1490793527807332,-0.11631428098773641,0.1,-1.0091005380121483,-63.545327192453406,0.3645467280754659,63.545327192453406,2.7431325615765423,1.0144719358369767,-0.03246127258428482,1.5043605509754072
2.782831,128.25342465753425,0.65,1.2810350019793948,-1.5043605509754072,-0.1490793527807332,-0.11637414477386084,0.1,-1.0091005380121483,-63.545327192453406,0.3645467280754659,63.545327192453406,2.7431325615765423,1.0144719358369767,-0.032343343130168005,1.5043605509754072
2.782831,130.27397260273972,0.65,1.2803886639869821,-1.5043605509754072,-0.1490793527807332,-0.11643289024171563,0.1,-1.0091005380121483,-63.545327192453406,0.3645467280754659,63.545327192453406,2.7431325615765423,1.0144719358369767,-0.03222761672185912,1.5043605509754072
2.782831,132.29452054794518,0.65,1.2797548509903935,-1.5043605509754072,-0.1490793527807332,-0.11649055494133248,0.1,-1.0091005380121483,-63.545327192453406,0.3645467280754659,63.545327192453406,2.7431325615765423,1.0144719358369767,-0.032114019387178505,1.5043605509754072
2.782831,134.31506849315068,0.65,1.279133134464624,-1.5043605509754072,-0.1490793527807332,-0.11654717461691723,0.1,-1.0091005380121483,-63.545327192453406,0.3645467280754659,63.545327192453406,2.7431325615765423,1.0144719358369767,-0.032002480711357,1.5043605509754072
2.782831,136.33561643835617,0.65,1.2785231067139828,-1.5043605509754072,-0.1490793527807332,-0.11660278331917828,0.1,-1.0091005380121483,-63.545327192453406,0.3645467280754659,63.545327192453406,2.7431325615765423,1.0144719358369767,-0.031892933615752996,1.5043605509754072
2.782831,138.35616438356163,0.65,1.2779243795686355,-1.5043605509754072,-0.1490793527807332,-0.11665741350912726,0.1,-1.0091005380121483,-63.545327192453406,0.3645467280754659,63.545327192453406,2.7431325615765423,1.0144719358369767,-0.03178531415336906,1.5043605509754072
2.782831,140.37671232876713,0.65,1.277336583180397,-1.5043605509754072,-0.1490793527807332,-0.11671109615411279,0.1,-1.0091005380121483,-63.545327192453406,0.3645467280754659,63.545327192453406,2.7431325615765423,1.0144719358369767,-0.03167956131966872,1.5043605509754072
2.782831,142.3972602739726,0.65,1.2767593649089117,-1.5043605509754072,-0.1490793527807332,-0.11676386081677108,0.1,-1.0091005380121483,-63.545327192453406,0.3645467280754659,63.545327192453406,2.7431325615765423,1.0144719358369767,-0.03157561687734734,1.5043605509754072
2.782831,144.41780821917808,0.65,1.2761923882902593,-1.5043605509754072,-0.1490793527807332,-0.11681573573750727,0.1,-1.0091005380121483,-63.545327192453406,0.3645467280754659,63.545327192453406,2.7431325615765423,1.0144719358369767,-0.0314734251938468,1.5043605509754072
2.782831,146.43835616438355,0.65,1.2756353320808282,-1.5043605509754072,-0.1490793527807332,-0.11686674791106136,0.1,-1.0091005380121483,-63.545327192453406,0.3645467280754659,63.545327192453406,2.7431325615765423,1.0144719358369767,-0.03137293309052342,1.5043605509754072
2.782831,148.45890410958904,0.65,1.2750878893700097,-1.5043605509754072,-0.1490793527807332,-0.11691692315765756,0.1,-1.0091005380121483,-63.545327192453406,0.3645467280754659,63.545327192453406,2.7431325615765423,1.0144719358369767,-0.03127408970248634,1.5043605509754072
2.782831,150.4794520547945,0.65,1.2745497667558958,-1.5043605509754072,-0.1490793527807332,-0.11696628618918821,0.1,-1.0091005380121483,-63.545327192453406,0.3645467280754659,63.545327192453406,2.7431325615765423,1.0144719358369767,-0.03117684634821768,1.5043605509754072
2.782831,152.5,0.65,1.2740206835787293,-1.5043605509754072,-0.1490793527807332,-0.11701486067083988,0.1,-1.0091005380121483,-63.545327192453406,0.3645467280754659,63.545327192453406,2.7431325615765423,1.0144719358369767,-0.03108115640817143,1.5043605509754072
2.782831,154.52054794520546,0.65,1.2735003712073536,-1.5043605509754072,-0.1490793527807332,-0.11706266927853123,0.1,-1.0091005380121483,-63.545327192453406,0.3645467280754659,63.545327192453406,2.7431325615765423,1.0144719358369767,-0.03098697521162288,1.5043605509754072
2.782831,156.54109589041096,0.65,1.2729885723743573,-1.5043605509754072,-0.1490793527807332,-0.11710973375249775,0.1,-1.0091005380121483,-63.545327192453406,0.3645467280754659,63.545327192453406,2.7431325615765423,1.0144719358369767,-0.030894259931108725,1.5043605509754072
2.782831,158.56164383561642,0.65,1.2724850405560102,-1.5043605509754072,-0.1490793527807332,-0.11715607494732766,0.1,-1.0091005380121483,-63.545327192453406,0.3645467280754659,63.545327192453406,2.7431325615765423,1.0144719358369767,-0.030802969483858158,1.5043605509754072
2.782831,160.58219178082192,0.65,1.2719895393934444,-1.5043605509754072,-0.1490793527807332,-0.11720171287872584,0.1,-1.0091005380121483,-63.545327192453406,0.3645467280754659,63.545327192453406,2.7431325615765423,1.0144719358369767,-0.03071306443966967,1.5043605509754072
2.782831,162.60273972602738,0.65,1.2715018421518576,-1.5043605509754072,-0.1490793527807332,-0.11724666676725774,0.1,-1.0091005380121483,-63.545327192453406,0.3645467280754659,63.545327192453406,2.7431325615765423,1.0144719358369767,-0.030624506934737096,1.5043605509754072
2.782831,164.62328767123287,0.65,1.2710217312147998,-1.5043605509754072,-0.1490793527807332,-0.11729095507930315,0.1,-1.0091005380121483,-63.545327192453406,0.3645467280754659,63.545327192453406,2.7431325615765423,1.0144719358369767,-0.030537260590972386,1.5043605509754072
2.782831,166.64383561643834,0.65,1.2705489976108726,-1.5043605509754072,-0.1490793527807332,-0.11733459556542919,0.1,-1.0091005380121483,-63.545327192453406,0.3645467280754659,63.545327192453406,2.7431325615765423,1.0144719358369767,-0.030451290440411942,1.5043605509754072
2.782831,168.66438356164383,0.65,1.2700834405703938,-1.5043605509754072,-0.1490793527807332,-0.11737760529637466,0.1,-1.0091005380121483,-63.545327192453406,0.3645467280754659,63.545327192453406,2.7431325615765423,1.0144719358369767,-0.030366562854329,1.5043605509754072
2.782831,170.6849315068493,0.65,1.2696248671097994,-1.5043605509754072,-0.1490793527807332,-0.11742000069682043,0.1,-1.0091005380121483,-63.545327192453406,0.3645467280754659,63.545327192453406,2.7431325615765423,1.0144719358369767,-0.030283045476707016,1.5043605509754072
2.782831,172.7054794520548,0.65,1.2691730916417403,-1.5043605509754072,-0.1490793527807332,-0.11746179757710702,0.1,-1.0091005380121483,-63.545327192453406,0.3645467280754659,63.545327192453406,2.7431325615765423,1.0144719358369767,-0.030200707161757538,1.5043605509754072
2.782831,174.72602739726025,0.65,1.2687279356090078,-1.5043605509754072,-0.1490793527807332,-0.11750301116304572,0.1,-1.0091005380121483,-63.545327192453406,0.3645467280754659,63.545327192453406,2.7431325615765423,1.0144719358369767,-0.030119517915192927,1.5043605509754072
2.782831,176.74657534246575,0.65,1.2682892271405704,-1.5043605509754072,-0.1490793527807332,-0.11754365612395921,0.1,-1.0091005380121483,-63.545327192453406,0.3645467280754659,63.545327192453406,2.7431325615765423,1.0144719358369767,-0.030039448838987765,1.5043605509754072
2.782831,178.7671232876712,0.65,1.267856800728155,-1.5043605509754072,-0.1490793527807332,-0.11758374659907492,0.1,-1.0091005380121483,-63.545327192453406,0.3645467280754659,63.545327192453406,2.7431325615765423,1.0144719358369767,-0.029960472079384678,1.5043605509754072
2.782831,180.7876712328767,0.65,1.2674304969219252,-1.5043605509754072,-0.1490793527807332,-0.11762329622238576,0.1,-1.0091005380121483,-63.545327192453406,0.3645467280754659,63.545327192453406,2.7431325615765423,1.0144719358369767,-0.02988256077791976,1.5043605509754072
2.782831,182.80821917808217,0.65,1.267010162043933,-1.5043605509754072,-0.1490793527807332,-0.11766231814608283,0.1,-1.0091005380121483,-63.545327192453406,0.3645467280754659,63.545327192453406,2.7431325615765423,1.0144719358369767,-0.029805689025260828,1.5043605509754072
2.782831,184.82876712328766,0.65,1.2665956479181166,-1.5043605509754072,-0.1490793527807332,-0.11770082506265721,0.1,-1.0091005380121483,-63.545327192453406,0.3645467280754659,63.545327192453406,2.7431325615765423,1.0144719358369767,-0.029729831817667956,1.5043605509754072
2.782831,186.84931506849313,0.65,1.266186811615728,-1.5043605509754072,-0.1490793527807332,-0.11773882922575957,0.1,-1.0091005380121483,-63.545327192453406,0.3645467280754659,63.545327192453406,2.7431325615765423,1.0144719358369767,-0.02965496501590048,1.5043605509754072
2.782831,188.86986301369862,0.65,1.2657835152151429,-1.5043605509754072,-0.1490793527807332,-0.11777634246990051,0.1,-1.0091005380121483,-63.545327192453406,0.3645467280754659,63.545327192453406,2.7431325615765423,1.0144719358369767,-0.029581065306408385,1.5043605509754072
2.782831,190.89041095890408,0.65,1.265385625575104,-1.5043605509754072,-0.1490793527807332,-0.11781337622906714,0.1,-1.0091005380121483,-63.545327192453406,0.3645467280754659,63.545327192453406,2.7431325615765423,1.0144719358369767,-0.02950811016465816,1.5043605509754072
2.782831,192.91095890410958,0.65,1.2649930141205081,-1.5043605509754072,-0.1490793527807332,-0.1178499415543265,0.1,-1.0091005380121483,-63.545327192453406,0.3645467280754659,63.545327192453406,2.7431325615765423,1.0144719358369767,-0.02943607782045465,1.5043605509754072
2.782831,194.93150684931504,0.65,1.2646055566399228,-1.5043605509754072,-0.1490793527807332,-0.117886049130481,0.1,-1.0091005380121483,-63.545327192453406,0.3645467280754659,63.545327192453406,2.7431325615765423,1.0144719358369767,-0.029364947225130646,1.5043605509754072
2.782831,196.95205479452054,0.65,1.2642231330940736,-1.5043605509754072,-0.1490793527807332,-0.1179217092918358,0.1,-1.0091005380121483,-63.545327192453406,0.3645467280754659,63.545327192453406,2.7431325615765423,1.0144719358369767,-0.029294698020485437,1.5043605509754072
2.782831,198.97260273972603,0.65,1.2638456274346037,-1.5043605509754072,-0.1490793527807332,-0.11795693203713453,0.1,-1.0091005380121483,-63.545327192453406,0.3645467280754659,63.545327192453406,2.7431325615765423,1.0144719358369767,-0.029225310509362435,1.5043605509754072
2.782831,200.9931506849315,0.65,1.2634729274324563,-1.5043605509754072,-0.1490793527807332,-0.11799172704371444,0.1,-1.0091005380121483,-63.545327192453406,0.3645467280754659,63.545327192453406,2.7431325615765423,1.0144719358369767,-0.029156765627763592,1.5043605509754072
2.782831,203.013698630137,0.65,1.2631049245152774,-1.5043605509754072,-0.1490793527807332,-0.11802610368092985,0.1,-1.0091005380121483,-63.545327192453406,0.3645467280754659,63.545327192453406,2.7431325615765423,1.0144719358369767,-0.029089044918405905,1.5043605509754072
2.782831,205.03424657534245,0.65,1.262741513613281,-1.5043605509754072,-0.1490793527807332,-0.11806007102288812,0.1,-1.0091005380121483,-63.545327192453406,0.3645467280754659,63.545327192453406,2.7431325615765423,1.0144719358369767,-0.029022130505631964,1.5043605509754072
2.782831,207.05479452054794,0.65,1.2623825930130552,-1.5043605509754072,-0.1490793527807332,-0.11809363786054,0.1,-1.0091005380121483,-63.545327192453406,0.3645467280754659,63.545327192453406,2.7431325615765423,1.0144719358369767,-0.02895600507159267,1.5043605509754072
2.782831,209.0753424657534,0.65,1.2620280642188333,-1.5043605509754072,-0.1490793527807332,-0.11812681271316255,0.1,-1.0091005380121483,-63.545327192453406,0.3645467280754659,63.545327192453406,2.7431325615765423,1.0144719358369767,-0.02889065183362591,1.5043605509754072
2.782831,211.0958904109589,0.65,1.2616778318207726,-1.5043605509754072,-0.1490793527807332,-0.11815960383927125,0.1,-1.0091005380121483,-63.545327192453406,0.3645467280754659,63.545327192453406,2.7431325615765423,1.0144719358369767,-0.02882605452276025,1.5043605509754072
2.782831,213.11643835616437,0.65,1.2613318033698293,-1.5043605509754072,-0.1490793527807332,-0.11819201924699455,0.1,-1.0091005380121483,-63.545327192453406,0.3645467280754659,63.545327192453406,2.7431325615765423,1.0144719358369767,-0.02876219736327761,1.5043605509754072
2.782831,215.13698630136986,0.65,1.2609898892588376,-1.5043605509754072,-0.1490793527807332,-0.11822406670394196,0.1,-1.0091005380121483,-63.545327192453406,0.3645467280754659,63.545327192453406,2.7431325615765423,1.0144719358369767,-0.0286990650532733,1.5043605509754072
2.782831,217.15753424657532,0.65,1.2606520026094326,-1.5043605509754072,-0.1490793527807332,-0.11825575374659524,0.1,-1.0091005380121483,-63.545327192453406,0.3645467280754659,63.545327192453406,2.7431325615765423,1.0144719358369767,-0.028636642746155776,1.5043605509754072
2.782831,219.17808219178082,0.65,1.260318059164475,-1.5043605509754072,-0.1490793527807332,-0.11828708768924967,0.1,-1.0091005380121483,-63.545327192453406,0.3645467280754659,63.545327192453406,2.7431325615765423,1.0144719358369767,-0.028574916033032676,1.5043605509754072
2.782831,221.19863013698628,0.65,1.2599879771856644,-1.5043605509754072,-0.1490793527807332,-0.11831807563253102,0.1,-1.0091005380121483,-63.545327192453406,0.3645467280754659,63.545327192453406,2.7431325615765423,1.0144719358369767,-0.02851387092593277,1.5043605509754072
2.782831,223.21917808219177,0.65,1.2596616773560465,-1.5043605509754072,-0.1490793527807332,-0.11834872447151185,0.1,-1.0091005380121483,-63.545327192453406,0.3645467280754659,63.545327192453406,2.7431325615765423,1.0144719358369767,-0.02845349384181701,1.5043605509754072
2.782831,225.23972602739724,0.65,1.2593390826871365,-1.5043605509754072,-0.1490793527807332,-0.11837904090344958,0.1,-1.0091005380121483,-63.545327192453406,0.3645467280754659,63.545327192453406,2.7431325615765423,1.0144719358369767,-0.028393771587334866,1.5043605509754072
2.782831,227.26027397260273,0.65,1.2590201184304008,-1.5043605509754072,-0.1490793527807332,-0.11840903143516715,0.1,-1.0091005380121483,-63.545327192453406,0.3645467280754659,63.545327192453406,2.7431325615765423,1.0144719358369767,-0.028334691344284853,1.5043605509754072
2.782831,229.2808219178082,0.65,1.2587047119928594,-1.5043605509754072,-0.1490793527807332,-0.11843870239009555,0.1,-1.0091005380121483,-63.545327192453406,0.3645467280754659,63.545327192453406,2.7431325615765423,1.0144719358369767,-0.02827624065574076,1.5043605509754072
2.782831,231.3013698630137,0.65,1.2583927928565772,-1.5043605509754072,-0.1490793527807332,-0.11846805991499684,0.1,-1.0091005380121483,-63.545327192453406,0.3645467280754659,63.545327192453406,2.7431325615765423,1.0144719358369767,-0.028218407412807633,1.5043605509754072
2.782831,233.32191780821915,0.65,1.2580842925018372,-1.5043605509754072,-0.1490793527807332,-0.11849710998638471,0.1,-1.0091005380121483,-63.545327192453406,0.3645467280754659,63.545327192453406,2.7431325615765423,1.0144719358369767,-0.028161179841973662,1.5043605509754072
2.782831,235.34246575342465,0.65,1.2577791443337951,-1.5043605509754072,-0.1490793527807332,-0.11852585841665844,0.1,-1.0091005380121483,-63.545327192453406,0.3645467280754659,63.545327192453406,2.7431325615765423,1.0144719358369767,-0.028104546493026277,1.5043605509754072
2.782831,237.3630136986301,0.65,1.257477283612429,-1.5043605509754072,-0.1490793527807332,-0.11855431085996572,0.1,-1.0091005380121483,-63.545327192453406,0.3645467280754659,63.545327192453406,2.7431325615765423,1.0144719358369767,-0.02804849622750276,1.5043605509754072
2.782831,239.3835616438356,0.65,1.2571786473856108,-1.5043605509754072,-0.1490793527807332,-0.1185824728178083,0.1,-1.0091005380121483,-63.545327192453406,0.3645467280754659,63.545327192453406,2.7431325615765423,1.0144719358369767,-0.027993018207647297,1.5043605509754072
2.782831,241.40410958904107,0.65,1.2568831744251334,-1.5043605509754072,-0.1490793527807332,-0.11861034964440377,0.1,-1.0091005380121483,-63.545327192453406,0.3645467280754659,63.545327192453406,2.7431325615765423,1.0144719358369767,-0.027938101885848353,1.5043605509754072
2.782831,243.42465753424656,0.65,1.2565908051655408,-1.5043605509754072,-0.1490793527807332,-0.11863794655181627,0.1,-1.0091005380121483,-63.545327192453406,0.3645467280754659,63.545327192453406,2.7431325615765423,1.0144719358369767,-0.027883736994531522,1.5043605509754072
2.782831,245.44520547945203,0.65,1.2563014816456162,-1.5043605509754072,-0.1490793527807332,-0.11866526861486759,0.1,-1.0091005380121483,-63.545327192453406,0.3645467280754659,63.545327192453406,2.7431325615765423,1.0144719358369767,-0.02782991353648478,1.5043605509754072
2.782831,247.46575342465752,0.65,1.2560151474523915,-1.5043605509754072,-0.1490793527807332,-0.11869232077583998,0.1,-1.0091005380121483,-63.545327192453406,0.3645467280754659,63.545327192453406,2.7431325615765423,1.0144719358369767,-0.02777662177559409,1.5043605509754072
2.782831,249.48630136986299,0.65,1.2557317476675487,-1.5043605509754072,-0.1490793527807332,-0.11871910784898107,0.1,-1.0091005380121483,-63.545327192453406,0.3645467280754659,63.545327192453406,2.7431325615765423,1.0144719358369767,-0.027723852227968943,1.5043605509754072
2.782831,251.50684931506848,0.65,1.2554512288160962,-1.5043605509754072,-0.1490793527807332,-0.1187456345248207,0.1,-1.0091005380121483,-63.545327192453406,0.3645467280754659,63.545327192453406,2.7431325615765423,1.0144719358369767,-0.027671595653438255,1.5043605509754072
2.782831,253.52739726027394,0.65,1.255173538817201,-1.5043605509754072,-0.1490793527807332,-0.11877190537430904,0.1,-1.0091005380121483,-63.545327192453406,0.3645467280754659,63.545327192453406,2.7431325615765423,1.0144719358369767,-0.027619843047398517,1.5043605509754072
2.782831,255.54794520547944,0.65,1.2548986269370739,-1.5043605509754072,-0.1490793527807332,-0.11879792485278469,0.1,-1.0091005380121483,-63.545327192453406,0.3645467280754659,63.545327192453406,2.7431325615765423,1.0144719358369767,-0.02756858563299676,1.5043605509754072
2.782831,257.5684931506849,0.65,1.2546264437438055,-1.5043605509754072,-0.1490793527807332,-0.11882369730378102,0.1,-1.0091005380121483,-63.545327192453406,0.3645467280754659,63.545327192453406,2.7431325615765423,1.0144719358369767,-0.027517814853632194,1.5043605509754072
2.782831,259.58904109589037,0.65,1.2543569410640554,-1.5043605509754072,-0.1490793527807332,-0.11884922696267862,0.1,-1.0091005380121483,-63.545327192453406,0.3645467280754659,63.545327192453406,2.7431325615765423,1.0144719358369767,-0.0274675223657611,1.5043605509754072
2.782831,261.6095890410959,0.65,1.2540900719415087,-1.5043605509754072,-0.1490793527807332,-0.11887451796021102,0.1,-1.0091005380121483,-63.545327192453406,0.3645467280754659,63.545327192453406,2.7431325615765423,1.0144719358369767,-0.027417700031990462,1.5043605509754072
2.782831,263.63013698630135,0.65,1.2538257905970112,-1.5043605509754072,-0.1490793527807332,-0.11889957432583105,0.1,-1.0091005380121483,-63.545327192453406,0.3645467280754659,63.545327192453406,2.7431325615765423,1.0144719358369767,-0.027368339914446625,1.5043605509754072
2.782831,265.6506849315068,0.65,1.2535640523903049,-1.5043605509754072,-0.1490793527807332,-0.11892439999094392,0.1,-1.0091005380121483,-63.545327192453406,0.3645467280754659,63.545327192453406,2.7431325615765423,1.0144719358369767,-0.02731943426840607,1.5043605509754072
2.782831,267.67123287671234,0.65,1.2533048137832874,-1.5043605509754072,-0.1490793527807332,-0.11894899879201369,0.1,-1.0091005380121483,-63.545327192453406,0.3645467280754659,63.545327192453406,2.7431325615765423,1.0144719358369767,-0.027270975536175957,1.5043605509754072
2.782831,269.6917808219178,0.65,1.2530480323047246,-1.5043605509754072,-0.1490793527807332,-0.11897337447354858,0.1,-1.0091005380121483,-63.545327192453406,0.3645467280754659,63.545327192453406,2.7431325615765423,1.0144719358369767,-0.02722295634121293,1.5043605509754072
2.782831,271.71232876712327,0.65,1.2527936665163464,-1.5043605509754072,-0.1490793527807332,-0.11899753069097115,0.1,-1.0091005380121483,-63.545327192453406,0.3645467280754659,63.545327192453406,2.7431325615765423,1.0144719358369767,-0.027175369482469146,1.5043605509754072
2.782831,273.73287671232873,0.65,1.2525416759802634,-1.5043605509754072,-0.1490793527807332,-0.1190214710133783,0.1,-1.0091005380121483,-63.545327192453406,0.3645467280754659,63.545327192453406,2.7431325615765423,1.0144719358369767,-0.027128207928955178,1.5043605509754072
2.782831,275.75342465753425,0.65,1.2522920212276445,-1.5043605509754072,-0.1490793527807332,-0.11904519892619615,0.1,-1.0091005380121483,-63.545327192453406,0.3645467280754659,63.545327192453406,2.7431325615765423,1.0144719358369767,-0.027081464814509907,1.5043605509754072
2.782831,277.7739726027397,0.65,1.2520446637285942,-1.5043605509754072,-0.1490793527807332,-0.11906871783373467,0.1,-1.0091005380121483,-63.545327192453406,0.3645467280754659,63.545327192453406,2.7431325615765423,1.0144719358369767,-0.027035133432768137,1.5043605509754072
2.782831,279.7945205479452,0.65,1.2517995658631804,-1.5043605509754072,-0.1490793527807332,-0.11909203106164627,0.1,-1.0091005380121483,-63.545327192453406,0.3645467280754659,63.545327192453406,2.7431325615765423,1.0144719358369767,-0.026989207232316955,1.5043605509754072
2.782831,281.81506849315065,0.65,1.2515566908935545,-1.5043605509754072,-0.1490793527807332,-0.1191151418592931,0.1,-1.0091005380121483,-63.545327192453406,0.3645467280754659,63.545327192453406,2.7431325615765423,1.0144719358369767,-0.026943679812032675,1.5043605509754072
2.782831,283.83561643835617,0.65,1.2513160029371222,-1.5043605509754072,-0.1490793527807332,-0.11913805340202649,0.1,-1.0091005380121483,-63.545327192453406,0.3645467280754659,63.545327192453406,2.7431325615765423,1.0144719358369767,-0.02689854491659014,1.5043605509754072
2.782831,285.85616438356163,0.65,1.2510774669407128,-1.5043605509754072,-0.1490793527807332,-0.11916076879338273,0.1,-1.0091005380121483,-63.545327192453406,0.3645467280754659,63.545327192453406,2.7431325615765423,1.0144719358369767,-0.02685379643213704,1.5043605509754072
2.782831,287.8767123287671,0.65,1.250841048655704,-1.5043605509754072,-0.1490793527807332,-0.11918329106719901,0.1,-1.0091005380121483,-63.545327192453406,0.3645467280754659,63.545327192453406,2.7431325615765423,1.0144719358369767,-0.02680942838212598,1.5043605509754072
2.782831,289.89726027397256,0.65,1.2506067146140647,-1.5043605509754072,-0.1490793527807332,-0.11920562318965228,0.1,-1.0091005380121483,-63.545327192453406,0.3645467280754659,63.545327192453406,2.7431325615765423,1.0144719358369767,-0.026765434923297457,1.5043605509754072
2.782831,291.9178082191781,0.65,1.2503744321052683,-1.5043605509754072,-0.1490793527807332,-0.11922776806122527,0.1,-1.0091005380121483,-63.545327192453406,0.3645467280754659,63.545327192453406,2.7431325615765423,1.0144719358369767,-0.02672181034180737,1.5043605509754072
2.782831,293.93835616438355,0.65,1.2501441691540465,-1.5043605509754072,-0.1490793527807332,-0.11924972851860192,0.1,-1.0091005380121483,-63.545327192453406,0.3645467280754659,63.545327192453406,2.7431325615765423,1.0144719358369767,-0.026678549049492826,1.5043605509754072
2.782831,295.958904109589,0.65,1.2499158944989421,-1.5043605509754072,-0.1490793527807332,-0.11927150733649573,0.1,-1.0091005380121483,-63.545327192453406,0.3645467280754659,63.545327192453406,2.7431325615765423,1.0144719358369767,-0.02663564558027043,1.5043605509754072
2.782831,297.9794520547945,0.65,1.249689577571631,-1.5043605509754072,-0.1490793527807332,-0.11929310722941362,0.1,-1.0091005380121483,-63.545327192453406,0.3645467280754659,63.545327192453406,2.7431325615765423,1.0144719358369767,-0.02659309458666144,1.5043605509754072
2.782831,300.0,0.65,1.249465188476976,-1.5043605509754072,-0.1490793527807332,-0.11931453085335822,0.1,-1.0091005380121483,-63.545327192453406,0.3645467280754659,63.545327192453406,2.7431325615765423,1.0144719358369767,-0.02655089083643863,1.5043605509754072
6.86104,5.0,0.65,1.371461370928097,-1.5043605509754072,-0.12075041843794951,-0.08804507439843905,0.1,-1.2458429299344076,-71.23017036133177,0.2876982963866824,71.23017036133177,3.475863474199878,1.9739095194408833,-0.0705955215251435,1.5043605509754072
6.86104,7.020547945205479,0.65,1.3400172296926693,-1.5043605509754072,-0.12075041843794951,-0.09011109391902626,0.1,-1.2458429299344076,-71.23017036133177,0.2876982963866824,71.23017036133177,3.475863474199878,1.9739095194408833,-0.06611360163090076,1.5043605509754072
6.86104,9.041095890410958,0.65,1.3183337859932023,-1.5043605509754072,-0.12075041843794951,-0.09159320630395505,0.1,-1.2458429299344076,-71.23017036133177,0.2876982963866824,71.23017036133177,3.475863474199878,1.9739095194408833,-0.06289838080780424,1.5043605509754072
6.86104,11.061643835616438,0.65,1.302041938649459,-1.5043605509754072,-0.12075041843794951,-0.09273926964533699,0.1,-1.2458429299344076,-71.23017036133177,0.2876982963866824,71.23017036133177,3.475863474199878,1.9739095194408833,-0.060412168050074835,1.5043605509754072
6.86104,13.082191780821917,0.65,1.289130814481185,-1.5043605509754072,-0.12075041843794951,-0.09366808789420328,0.1,-1.2458429299344076,-71.23017036133177,0.2876982963866824,71.23017036133177,3.475863474199878,1.9739095194408833,-0.05839723598082393,1.5043605509754072
6.86104,15.102739726027396,0.65,1.2785191357961019,-1.5043605509754072,-0.12075041843794951,-0.09444553081543143,0.1,-1.2458429299344076,-71.23017036133177,0.2876982963866824,71.23017036133177,3.475863474199878,1.9739095194408833,-0.05671069001135494,1.5043605509754072
6.86104,17.123287671232877,0.65,1.2695629820798993,-1.5043605509754072,-0.12075041843794951,-0.09511179842383759,0.1,-1.2458429299344076,-71.23017036133177,0.2876982963866824,71.23017036133177,3.475863474199878,1.9739095194408833,-0.05526532223082387,1.5043605509754072
6.86104,19.143835616438356,0.65,1.2618500010594902,-1.5043605509754072,-0.12075041843794951,-0.09569316347946549,0.1,-1.2458429299344076,-71.23017036133177,0.2876982963866824,71.23017036133177,3.475863474199878,1.9739095194408833,-0.05400413782154214,1.5043605509754072
6.86104,21.164383561643834,0.65,1.2551013465791832,-1.5043605509754072,-0.12075041843794951,-0.09620770367831924,0.1,-1.2458429299344076,-71.23017036133177,0.2876982963866824,71.23017036133177,3.475863474199878,1.9739095194408833,-0.052887919929769905,1.5043605509754072
6.86104,23.184931506849313,0.65,1.2491202757258806,-1.5043605509754072,-0.12075041843794951,-0.09666836795822549,0.1,-1.2458429299344076,-71.23017036133177,0.2876982963866824,71.23017036133177,3.475863474199878,1.9739095194408833,-0.05188857777442954,1.5043605509754072
6.86104,25.205479452054792,0.65,1.2437631658526174,-1.5043605509754072,-0.12075041843794951,-0.09708473586703573,0.1,-1.2458429299344076,-71.23017036133177,0.2876982963866824,71.23017036133177,3.475863474199878,1.9739095194408833,-0.05098532996131577,1.5043605509754072
6.86104,27.22602739726027,0.65,1.2389222013779524,-1.5043605509754072,-0.12075041843794951,-0.09746408475338374,0.1,-1.2458429299344076,-71.23017036133177,0.2876982963866824,71.23017036133177,3.475863474199878,1.9739095194408833,-0.05016238937259434,1.5043605509754072
6.86104,29.246575342465754,0.65,1.2345145344988926,-1.5043605509754072,-0.12075041843794951,-0.09781206706242941,0.1,-1.2458429299344076,-71.23017036133177,0.2876982963866824,71.23017036133177,3.475863474199878,1.9739095194408833,-0.04940749387513408,1.5043605509754072
6.86104,31.267123287671232,0.65,1.2304752293819423,-1.5043605509754072,-0.12075041843794951,-0.0981331566492415,0.1,-1.2458429299344076,-71.23017036133177,0.2876982963866824,71.23017036133177,3.475863474199878,1.9739095194408833,-0.04871093811047304,1.5043605509754072
6.86104,33.28767123287671,0.65,1.2267525156351196,-1.5043605509754072,-0.12075041843794951,-0.09843095237137874,0.1,-1.2458429299344076,-71.23017036133177,0.2876982963866824,71.23017036133177,3.475863474199878,1.9739095194408833,-0.04806491489618705,1.5043605509754072
6.86104,35.30821917808219,0.65,1.2233045041122,-1.5043605509754072,-0.12075041843794951,-0.09870839029206618,0.1,-1.2458429299344076,-71.23017036133177,0.2876982963866824,71.23017036133177,3.475863474199878,1.9739095194408833,-0.04746305488288335,1.5043605509754072
6.86104,37.32876712328767,0.65,1.2200968584649914,-1.5043605509754072,-0.12075041843794951,-0.09896789554057707,0.1,-1.2458429299344076,-71.23017036133177,0.2876982963866824,71.23017036133177,3.475863474199878,1.9739095194408833,-0.046900097115847944,1.5043605509754072
6.86104,39.34931506849315,0.65,1.2171011087409023,-1.5043605509754072,-0.12075041843794951,-0.0992114932529036,0.1,-1.2458429299344076,-71.23017036133177,0.2876982963866824,71.23017036133177,3.475863474199878,1.9739095194408833,-0.04637164836587778,1.5043605509754072
6.86104,41.36986301369863,0.65,1.2142934068024582,-1.5043605509754072,-0.12075041843794951,-0.09944089110713028,0.1,-1.2458429299344076,-71.23017036133177,0.2876982963866824,71.23017036133177,3.475863474199878,1.9739095194408833,-0.04587400408115049,1.5043605509754072
6.86104,43.390410958904106,0.65,1.211653592331595,-1.5043605509754072,-0.12075041843794951,-0.09965754172823314,0.1,-1.2458429299344076,-71.23017036133177,0.2876982963866824,71.23017036133177,3.475863474199878,1.9739095194408833,-0.04540401300936001,1.5043605509754072
6.86104,45.410958904109584,0.65,1.2091644813473301,-1.5043605509754072,-0.12075041843794951,-0.09986269056084206,0.1,-1.2458429299344076,-71.23017036133177,0.2876982963866824,71.23017036133177,3.475863474199878,1.9739095194408833,-0.044958973344928745,1.5043605509754072
6.86104,47.43150684931506,0.65,1.206811316876336,-1.5043605509754072,-0.12075041843794951,-0.10005741307638319,0.1,-1.2458429299344076,-71.23017036133177,0.2876982963866824,71.23017036133177,3.475863474199878,1.9739095194408833,-0.044536552013685594,1.5043605509754072
6.86104,49.45205479452054,0.65,1.2045813396181215,-1.5043605509754072,-0.12075041843794951,-0.10024264403450747,0.1,-1.2458429299344076,-71.23017036133177,0.2876982963866824,71.23017036133177,3.475863474199878,1.9739095194408833,-0.04413472119457941,1.5043605509754072
6.86104,51.47260273972602,0.65,1.2024634486522179,-1.5043605509754072,-0.12075041843794951,-0.10041920074434921,0.1,-1.2458429299344076,-71.23017036133177,0.2876982963866824,71.23017036133177,3.475863474199878,1.9739095194408833,-0.043751707857862844,1.5043605509754072
6.86104,53.49315068493151,0.65,1.2004479305738143,-1.5043605509754072,-0.12075041843794951,-0.10058780173849839,0.1,-1.2458429299344076,-71.23017036133177,0.2876982963866824,71.23017036133177,3.475863474199878,1.9739095194408833,-0.04338595325470615,1.5043605509754072
6.86104,55.513698630136986,0.65,1.198526241239284,-1.5043605509754072,-0.12075041843794951,-0.10074908190002814,0.1,-1.2458429299344076,-71.23017036133177,0.2876982963866824,71.23017036133177,3.475863474199878,1.9739095194408833,-0.0430360801013773,1.5043605509754072
6.86104,57.534246575342465,0.65,1.196690828393137,-1.5043605509754072,-0.12075041843794951,-0.10090360481837049,0.1,-1.2458429299344076,-71.23017036133177,0.2876982963866824,71.23017036133177,3.475863474199878,1.9739095194408833,-0.042700865775019796,1.5043605509754072
6.86104,59.554794520547944,0.65,1.1949349863761234,-1.5043605509754072,-0.12075041843794951,-0.10105187295933901,0.1,-1.2458429299344076,-71.23017036133177,0.2876982963866824,71.23017036133177,3.475863474199878,1.9739095194408833,-0.04237922025131231,1.5043605509754072
6.86104,61.57534246575342,0.65,1.1932527362382668,-1.5043605509754072,-0.12075041843794951,-0.10119433609565029,0.1,-1.2458429299344076,-71.23017036133177,0.2876982963866824,71.23017036133177,3.475863474199878,1.9739095194408833,-0.042070167815714696,1.5043605509754072
6.86104,63.5958904109589,0.65,1.1916387261401,-1.5043605509754072,-0.12075041843794951,-0.10133139834174286,0.1,-1.2458429299344076,-71.23017036133177,0.2876982963866824,71.23017036133177,3.475863474199878,1.9739095194408833,-0.04177283180248219,1.5043605509754072
6.86104,65.61643835616438,0.65,1.1900881480833356,-1.5043605509754072,-0.12075041843794951,-0.10146342406015961,0.1,-1.2458429299344076,-71.23017036133177,0.2876982963866824,71.23017036133177,3.475863474199878,1.9739095194408833,-0.041486421781653564,1.5043605509754072
6.86104,67.63698630136986,0.65,1.1885966678810014,-1.5043605509754072,-0.12075041843794951,-0.10159074284906094,0.1,-1.2458429299344076,-71.23017036133177,0.2876982963866824,71.23017036133177,3.475863474199878,1.9739095194408833,-0.04121022273938821,1.5043605509754072
6.86104,69.65753424657534,0.65,1.1871603659353023,-1.5043605509754072,-0.12075041843794951,-0.10171365377651949,0.1,-1.2458429299344076,-71.23017036133177,0.2876982963866824,71.23017036133177,3.475863474199878,1.9739095194408833,-0.04094358589229795,1.5043605509754072
6.86104,71.67808219178082,0.65,1.1857756868947067,-1.5043605509754072,-0.12075041843794951,-0.10183242899352159,0.1,-1.2458429299344076,-71.23017036133177,0.2876982963866824,71.23017036133177,3.475863474199878,1.9739095194408833,-0.04068592084958169,1.5043605509754072
6.86104,73.6986301369863,0.65,1.184439396649798,-1.5043605509754072,-0.12075041843794951,-0.10194731683148468,0.1,-1.2458429299344076,-71.23017036133177,0.2876982963866824,71.23017036133177,3.475863474199878,1.9739095194408833,-0.040436688893425256,1.5043605509754072
6.86104,75.71917808219177,0.65,1.1831485454290156,-1.5043605509754072,-0.12075041843794951,-0.10205854446971813,0.1,-1.2458429299344076,-71.23017036133177,0.2876982963866824,71.23017036133177,3.475863474199878,1.9739095194408833,-0.040195397192344724,1.5043605509754072
6.86104,77.73972602739725,0.65,1.1819004359916,-1.5043605509754072,-0.12075041843794951,-0.10216632024223037,0.1,-1.2458429299344076,-71.23017036133177,0.2876982963866824,71.23017036133177,3.475863474199878,1.9739095194408833,-0.039961593796913726,1.5043605509754072
6.86104,79.76027397260273,0.65,1.180692596101308,-1.5043605509754072,-0.12075041843794951,-0.10227083564059943,0.1,-1.2458429299344076,-71.23017036133177,0.2876982963866824,71.23017036133177,3.475863474199878,1.9739095194408833,-0.03973486329483605,1.5043605509754072
6.86104,81.78082191780821,0.65,1.1795227546123475,-1.5043605509754072,-0.12075041843794951,-0.10237226705951458,0.1,-1.2458429299344076,-71.23017036133177,0.2876982963866824,71.23017036133177,3.475863474199878,1.9739095194408833,-0.03951482302425436,1.5043605509754072
6.86104,83.80136986301369,0.65,1.1783888206171242,-1.5043605509754072,-0.12075041843794951,-0.10247077732349184,0.1,-1.2458429299344076,-71.23017036133177,0.2876982963866824,71.23017036133177,3.475863474199878,1.9739095194408833,-0.03930111976176956,1.5043605509754072
6.86104,85.82191780821917,0.65,1.1772888652003437,-1.5043605509754072,-0.12075041843794951,-0.10256651702672899,0.1,-1.2458429299344076,-71.23017036133177,0.2876982963866824,71.23017036133177,3.475863474199878,1.9739095194408833,-0.03909342681582607,1.5043605509754072
6.86104,87.84246575342465,0.65,1.1762211054207647,-1.5043605509754072,-0.12075041843794951,-0.10265962571276423,0.1,-1.2458429299344076,-71.23017036133177,0.2876982963866824,71.23017036133177,3.475863474199878,1.9739095194408833,-0.03889144146761915,1.5043605509754072
6.86104,89.86301369863013,0.65,1.175183890204272,-1.5043605509754072,-0.12075041843794951,-0.10275023291628047,0.1,-1.2458429299344076,-71.23017036133177,0.2876982963866824,71.23017036133177,3.475863474199878,1.9739095194408833,-0.038694882711056325,1.5043605509754072
6.86104,91.8835616438356,0.65,1.1741756878828666,-1.5043605509754072,-0.12075041843794951,-0.10283845908585643,0.1,-1.2458429299344076,-71.23017036133177,0.2876982963866824,71.23017036133177,3.475863474199878,1.9739095194408833,-0.03850348925098734,1.5043605509754072
6.86104,93.90410958904108,0.65,1.1731950751559992,-1.5043605509754072,-0.12075041843794951,-0.1029244164035494,0.1,-1.2458429299344076,-71.23017036133177,0.2876982963866824,71.23017036133177,3.475863474199878,1.9739095194408833,-0.038317017725241806,1.5043605509754072
6.86104,95.92465753424656,0.65,1.1722407272851265,-1.5043605509754072,-0.12075041843794951,-0.10300820951478436,0.1,-1.2458429299344076,-71.23017036133177,0.2876982963866824,71.23017036133177,3.475863474199878,1.9739095194408833,-0.0381352411212445,1.5043605509754072
6.86104,97.94520547945204,0.65,1.1713114093609458,-1.5043605509754072,-0.12075041843794951,-0.10308993618002028,0.1,-1.2458429299344076,-71.23017036133177,0.2876982963866824,71.23017036133177,3.475863474199878,1.9739095194408833,-0.03795794736232261,1.5043605509754072
6.86104,99.96575342465752,0.65,1.1704059685064947,-1.5043605509754072,-0.12075041843794951,-0.1031696878579951,0.1,-1.2458429299344076,-71.23017036133177,0.2876982963866824,71.23017036133177,3.475863474199878,1.9739095194408833,-0.03778493804244308,1.5043605509754072
6.86104,101.98630136986301,0.65,1.1695233268991396,-1.5043605509754072,-0.12075041843794951,-0.1032475502289516,0.1,-1.2458429299344076,-71.23017036133177,0.2876982963866824,71.23017036133177,3.475863474199878,1.9739095194408833,-0.03761602729115276,1.5043605509754072
6.86104,104.0068493150685,0.65,1.1686624755111044,-1.5043605509754072,-0.12075041843794951,-0.1033236036650705,0.1,-1.2458429299344076,-71.23017036133177,0.2876982963866824,71.23017036133177,3.475863474199878,1.9739095194408833,-0.03745104075304399,1.5043605509754072
6.86104,106.02739726027397,0.65,1.1678224684821736,-1.5043605509754072,-0.12075041843794951,-0.10339792365434586,0.1,-1.2458429299344076,-71.23017036133177,0.2876982963866824,71.23017036133177,3.475863474199878,1.9739095194408833,-0.03728981466822057,1.5043605509754072
6.86104,108.04794520547945,0.65,1.1670024180500211,-1.5043605509754072,-0.12075041843794951,-0.10347058118329776,0.1,-1.2458429299344076,-71.23017036133177,0.2876982963866824,71.23017036133177,3.475863474199878,1.9739095194408833,-0.03713219504205967,1.5043605509754072
6.86104,110.06849315068493,0.65,1.166201489973616,-1.5043605509754072,-0.12075041843794951,-0.10354164308320457,0.1,-1.2458429299344076,-71.23017036133177,0.2876982963866824,71.23017036133177,3.475863474199878,1.9739095194408833,-0.0369780368941132,1.5043605509754072
6.86104,112.08904109589041,0.65,1.1654188993936727,-1.5043605509754072,-0.12075041843794951,-0.10361117234392868,0.1,-1.2458429299344076,-71.23017036133177,0.2876982963866824,71.23017036133177,3.475863474199878,1.9739095194408833,-0.036827203577309474,1.5043605509754072
6.86104,114.10958904109589,0.65,1.164653907081361,-1.5043605509754072,-0.12075041843794951,-0.10367922839889125,0.1,-1.2458429299344076,-71.23017036133177,0.2876982963866824,71.23017036133177,3.475863474199878,1.9739095194408833,-0.03667956615974348,1.5043605509754072
6.86104,116.13013698630137,0.65,1.1639058160326954,-1.5043605509754072,-0.12075041843794951,-0.10374586738430518,0.1,-1.2458429299344076,-71.23017036133177,0.2876982963866824,71.23017036133177,3.475863474199878,1.9739095194408833,-0.036535002862309596,1.5043605509754072
6.86104,118.15068493150685,0.65,1.1631739683713482,-1.5043605509754072,-0.12075041843794951,-0.10381114237539352,0.1,-1.2458429299344076,-71.23017036133177,0.2876982963866824,71.23017036133177,3.475863474199878,1.9739095194408833,-0.036393398546261224,1.5043605509754072
6.86104,120.17123287671232,0.65,1.1624577425272105,-1.5043605509754072,-0.12075041843794951,-0.1038751036019901,0.1,-1.2458429299344076,-71.23017036133177,0.2876982963866824,71.23017036133177,3.475863474199878,1.9739095194408833,-0.03625464424549746,1.5043605509754072
6.86104,122.1917808219178,0.65,1.1617565506619645,-1.5043605509754072,-0.12075041843794951,-0.10393779864563396,0.1,-1.2458429299344076,-71.23017036133177,0.2876982963866824,71.23017036133177,3.475863474199878,1.9739095194408833,-0.03611863673899627,1.5043605509754072
6.86104,124.21232876712328,0.65,1.161069836316359,-1.5043605509754072,-0.12075041843794951,-0.10399927262002215,0.1,-1.2458429299344076,-71.23017036133177,0.2876982963866824,71.23017036133177,3.475863474199878,1.9739095194408833,-0.035985278159349224,1.5043605509754072
6.86104,126.23287671232876,0.65,1.1603970722568278,-1.5043605509754072,-0.12075041843794951,-0.10405956833647037,0.1,-1.2458429299344076,-71.23017036133177,0.2876982963866824,71.23017036133177,3.475863474199878,1.9739095194408833,-0.03585447563381931,1.5043605509754072
6.86104,128.25342465753425,0.65,1.1597377585016708,-1.5043605509754072,-0.12075041843794951,-0.10411872645584433,0.1,-1.2458429299344076,-71.23017036133177,0.2876982963866824,71.23017036133177,3.475863474199878,1.9739095194408833,-0.035726140954748714,1.5043605509754072
6.86104,130.27397260273972,0.65,1.159091420509258,-1.5043605509754072,-0.12075041843794951,-0.10417678562826102,0.1,-1.2458429299344076,-71.23017036133177,0.2876982963866824,71.23017036133177,3.475863474199878,1.9739095194408833,-0.035600190276497815,1.5043605509754072
6.86104,132.29452054794518,0.65,1.1584576075126694,-1.5043605509754072,-0.12075041843794951,-0.10423378262171663,0.1,-1.2458429299344076,-71.23017036133177,0.2876982963866824,71.23017036133177,3.475863474199878,1.9739095194408833,-0.035476543836406006,1.5043605509754072
6.86104,134.31506849315068,0.65,1.1578358909868998,-1.5043605509754072,-0.12075041843794951,-0.10428975244067272,0.1,-1.2458429299344076,-71.23017036133177,0.2876982963866824,71.23017036133177,3.475863474199878,1.9739095194408833,-0.03535512569753713,1.5043605509754072
6.86104,136.33561643835617,0.65,1.1572258632362586,-1.5043605509754072,-0.12075041843794951,-0.10434472843552163,0.1,-1.2458429299344076,-71.23017036133177,0.2876982963866824,71.23017036133177,3.475863474199878,1.9739095194408833,-0.03523586351121031,1.5043605509754072
6.86104,138.35616438356163,0.65,1.1566271360909113,-1.5043605509754072,-0.12075041843794951,-0.10439874240375636,0.1,-1.2458429299344076,-71.23017036133177,0.2876982963866824,71.23017036133177,3.475863474199878,1.9739095194408833,-0.035118688297527234,1.5043605509754072
6.86104,140.37671232876713,0.65,1.156039339702673,-1.5043605509754072,-0.12075041843794951,-0.10445182468358374,0.1,-1.2458429299344076,-71.23017036133177,0.2876982963866824,71.23017036133177,3.475863474199878,1.9739095194408833,-0.03500353424229231,1.5043605509754072
6.86104,142.3972602739726,0.65,1.1554621214311875,-1.5043605509754072,-0.12075041843794951,-0.10450400424064502,0.1,-1.2458429299344076,-71.23017036133177,0.2876982963866824,71.23017036133177,3.475863474199878,1.9739095194408833,-0.03489033850888551,1.5043605509754072
6.86104,144.41780821917808,0.65,1.1548951448125353,-1.5043605509754072,-0.12075041843794951,-0.10455530874844048,0.1,-1.2458429299344076,-71.23017036133177,0.2876982963866824,71.23017036133177,3.475863474199878,1.9739095194408833,-0.03477904106379286,1.5043605509754072
6.86104,146.43835616438355,0.65,1.1543380886031043,-1.5043605509754072,-0.12075041843794951,-0.10460576466299648,0.1,-1.2458429299344076,-71.23017036133177,0.2876982963866824,71.23017036133177,3.475863474199878,1.9739095194408833,-0.03466958451462798,1.5043605509754072
6.86104,148.45890410958904,0.65,1.1537906458922857,-1.5043605509754072,-0.12075041843794951,-0.1046553972922592,0.1,-1.2458429299344076,-71.23017036133177,0.2876982963866824,71.23017036133177,3.475863474199878,1.9739095194408833,-0.03456191395959234,1.5043605509754072
6.86104,150.4794520547945,0.65,1.1532525232781718,-1.5043605509754072,-0.12075041843794951,-0.10470423086065404,0.1,-1.2458429299344076,-71.23017036133177,0.2876982963866824,71.23017036133177,3.475863474199878,1.9739095194408833,-0.03445597684742335,1.5043605509754072
6.86104,152.5,0.65,1.1527234401010051,-1.5043605509754072,-0.12075041843794951,-0.10475228856920701,0.1,-1.2458429299344076,-71.23017036133177,0.2876982963866824,71.23017036133177,3.475863474199878,1.9739095194408833,-0.03435172284697036,1.5043605509754072
6.86104,154.52054794520546,0.65,1.1522031277296296,-1.5043605509754072,-0.12075041843794951,-0.10479959265158688,0.1,-1.2458429299344076,-71.23017036133177,0.2876982963866824,71.23017036133177,3.475863474199878,1.9739095194408833,-0.03424910372561907,1.5043605509754072
6.86104,156.54109589041096,0.65,1.1516913288966333,-1.5043605509754072,-0.12075041843794951,-0.10484616442639477,0.1,-1.2458429299344076,-71.23017036133177,0.2876982963866824,71.23017036133177,3.475863474199878,1.9739095194408833,-0.034148073235857605,1.5043605509754072
6.86104,158.56164383561642,0.65,1.151187797078286,-1.5043605509754072,-0.12075041843794951,-0.10489202434599637,0.1,-1.2458429299344076,-71.23017036133177,0.2876982963866824,71.23017036133177,3.475863474199878,1.9739095194408833,-0.034048587009342025,1.5043605509754072
6.86104,160.58219178082192,0.65,1.1506922959157204,-1.5043605509754072,-0.12075041843794951,-0.10493719204216656,0.1,-1.2458429299344076,-71.23017036133177,0.2876982963866824,71.23017036133177,3.475863474199878,1.9739095194408833,-0.03395060245787719,1.5043605509754072
6.86104,162.60273972602738,0.65,1.1502045986741334,-1.5043605509754072,-0.12075041843794951,-0.10498168636879145,0.1,-1.2458429299344076,-71.23017036133177,0.2876982963866824,71.23017036133177,3.475863474199878,1.9739095194408833,-0.03385407868078127,1.5043605509754072
6.86104,164.62328767123287,0.65,1.1497244877370756,-1.5043605509754072,-0.12075041843794951,-0.10502552544185115,0.1,-1.2458429299344076,-71.23017036133177,0.2876982963866824,71.23017036133177,3.475863474199878,1.9739095194408833,-0.03375897637814883,1.5043605509754072
6.86104,166.64383561643834,0.65,1.1492517541331486,-1.5043605509754072,-0.12075041843794951,-0.10506872667688767,0.1,-1.2458429299344076,-71.23017036133177,0.2876982963866824,71.23017036133177,3.475863474199878,1.9739095194408833,-0.03366525776957,1.5043605509754072
6.86104,168.66438356164383,0.65,1.1487861970926698,-1.5043605509754072,-0.12075041843794951,-0.10511130682414428,0.1,-1.2458429299344076,-71.23017036133177,0.2876982963866824,71.23017036133177,3.475863474199878,1.9739095194408833,-0.03357288651790103,1.5043605509754072
6.86104,170.6849315068493,0.65,1.1483276236320752,-1.5043605509754072,-0.12075041843794951,-0.10515328200154664,0.1,-1.2458429299344076,-71.23017036133177,0.2876982963866824,71.23017036133177,3.475863474199878,1.9739095194408833,-0.033481827657716394,1.5043605509754072
6.86104,172.7054794520548,0.65,1.1478758481640163,-1.5043605509754072,-0.12075041843794951,-0.10519466772568235,0.1,-1.2458429299344076,-71.23017036133177,0.2876982963866824,71.23017036133177,3.475863474199878,1.9739095194408833,-0.03339204752810325,1.5043605509754072
6.86104,174.72602739726025,0.65,1.1474306921312838,-1.5043605509754072,-0.12075041843794951,-0.10523547894092221,0.1,-1.2458429299344076,-71.23017036133177,0.2876982963866824,71.23017036133177,3.475863474199878,1.9739095194408833,-0.03330351370948777,1.5043605509754072
6.86104,176.74657534246575,0.65,1.1469919836628464,-1.5043605509754072,-0.12075041843794951,-0.105275730046814,0.1,-1.2458429299344076,-71.23017036133177,0.2876982963866824,71.23017036133177,3.475863474199878,1.9739095194408833,-0.033216194964207746,1.5043605509754072
6.86104,178.7671232876712,0.65,1.1465595572504308,-1.5043605509754072,-0.12075041843794951,-0.1053154349238705,0.1,-1.2458429299344076,-71.23017036133177,0.2876982963866824,71.23017036133177,3.475863474199878,1.9739095194408833,-0.03313006118056987,1.5043605509754072
6.86104,180.7876712328767,0.65,1.1461332534442012,-1.5043605509754072,-0.12075041843794951,-0.10535460695786204,0.1,-1.2458429299344076,-71.23017036133177,0.2876982963866824,71.23017036133177,3.475863474199878,1.9739095194408833,-0.033045083320150215,1.5043605509754072
6.86104,182.80821917808217,0.65,1.1457129185662087,-1.5043605509754072,-0.12075041843794951,-0.10539325906271656,0.1,-1.2458429299344076,-71.23017036133177,0.2876982963866824,71.23017036133177,3.475863474199878,1.9739095194408833,-0.03296123336811661,1.5043605509754072
6.86104,184.82876712328766,0.65,1.1452984044403927,-1.5043605509754072,-0.12075041843794951,-0.1054314037021205,0.1,-1.2458429299344076,-71.23017036133177,0.2876982963866824,71.23017036133177,3.475863474199878,1.9739095194408833,-0.03287848428636799,1.5043605509754072
6.86104,186.84931506849313,0.65,1.1448895681380038,-1.5043605509754072,-0.12075041843794951,-0.10546905290990859,0.1,-1.2458429299344076,-71.23017036133177,0.2876982963866824,71.23017036133177,3.475863474199878,1.9739095194408833,-0.03279680996930256,1.5043605509754072
6.86104,188.86986301369862,0.65,1.144486271737419,-1.5043605509754072,-0.12075041843794951,-0.10550621830932144,0.1,-1.2458429299344076,-71.23017036133177,0.2876982963866824,71.23017036133177,3.475863474199878,1.9739095194408833,-0.03271618520204056,1.5043605509754072
6.86104,190.89041095890408,0.65,1.14408838209738,-1.5043605509754072,-0.12075041843794951,-0.10554291113120642,0.1,-1.2458429299344076,-71.23017036133177,0.2876982963866824,71.23017036133177,3.475863474199878,1.9739095194408833,-0.03263658562094104,1.5043605509754072
6.86104,192.91095890410958,0.65,1.143695770642784,-1.5043605509754072,-0.12075041843794951,-0.10557914223122897,0.1,-1.2458429299344076,-71.23017036133177,0.2876982963866824,71.23017036133177,3.475863474199878,1.9739095194408833,-0.03255798767626378,1.5043605509754072
6.86104,194.93150684931504,0.65,1.1433083131621988,-1.5043605509754072,-0.12075041843794951,-0.10561492210615886,0.1,-1.2458429299344076,-71.23017036133177,0.2876982963866824,71.23017036133177,3.475863474199878,1.9739095194408833,-0.032480368596838866,1.5043605509754072
6.86104,196.95205479452054,0.65,1.1429258896163494,-1.5043605509754072,-0.12075041843794951,-0.10565026090928983,0.1,-1.2458429299344076,-71.23017036133177,0.2876982963866824,71.23017036133177,3.475863474199878,1.9739095194408833,-0.03240370635661649,1.5043605509754072
6.86104,198.97260273972603,0.65,1.1425483839568795,-1.5043605509754072,-0.12075041843794951,-0.10568516846504655,0.1,-1.2458429299344076,-71.23017036133177,0.2876982963866824,71.23017036133177,3.475863474199878,1.9739095194408833,-0.03232797964297876,1.5043605509754072
6.86104,200.9931506849315,0.65,1.1421756839547321,-1.5043605509754072,-0.12075041843794951,-0.10571965428283028,0.1,-1.2458429299344076,-71.23017036133177,0.2876982963866824,71.23017036133177,3.475863474199878,1.9739095194408833,-0.03225316782670407,1.5043605509754072
6.86104,203.013698630137,0.65,1.1418076810375535,-1.5043605509754072,-0.12075041843794951,-0.10575372757014943,0.1,-1.2458429299344076,-71.23017036133177,0.2876982963866824,71.23017036133177,3.475863474199878,1.9739095194408833,-0.03217925093348199,1.5043605509754072
6.86104,205.03424657534245,0.65,1.1414442701355567,-1.5043605509754072,-0.12075041843794951,-0.10578739724507909,0.1,-1.2458429299344076,-71.23017036133177,0.2876982963866824,71.23017036133177,3.475863474199878,1.9739095194408833,-0.032106209616884464,1.5043605509754072
6.86104,207.05479452054794,0.65,1.141085349535331,-1.5043605509754072,-0.12075041843794951,-0.10582067194808968,0.1,-1.2458429299344076,-71.23017036133177,0.2876982963866824,71.23017036133177,3.475863474199878,1.9739095194408833,-0.03203402513270506,1.5043605509754072
6.86104,209.0753424657534,0.65,1.1407308207411093,-1.5043605509754072,-0.12075041843794951,-0.10585356005328272,0.1,-1.2458429299344076,-71.23017036133177,0.2876982963866824,71.23017036133177,3.475863474199878,1.9739095194408833,-0.0319626793145848,1.5043605509754072
6.86104,211.0958904109589,0.65,1.1403805883430487,-1.5043605509754072,-0.12075041843794951,-0.10588606967906879,0.1,-1.2458429299344076,-71.23017036133177,0.2876982963866824,71.23017036133177,3.475863474199878,1.9739095194408833,-0.03189215455084804,1.5043605509754072
6.86104,213.11643835616437,0.65,1.1400345598921051,-1.5043605509754072,-0.12075041843794951,-0.10591820869832011,0.1,-1.2458429299344076,-71.23017036133177,0.2876982963866824,71.23017036133177,3.475863474199878,1.9739095194408833,-0.03182243376247767,1.5043605509754072
6.86104,215.13698630136986,0.65,1.1396926457811136,-1.5043605509754072,-0.12075041843794951,-0.10594998474802873,0.1,-1.2458429299344076,-71.23017036133177,0.2876982963866824,71.23017036133177,3.475863474199878,1.9739095194408833,-0.031753500382163284,1.5043605509754072
6.86104,217.15753424657532,0.65,1.1393547591317086,-1.5043605509754072,-0.12075041843794951,-0.10598140523849854,0.1,-1.2458429299344076,-71.23017036133177,0.2876982963866824,71.23017036133177,3.475863474199878,1.9739095194408833,-0.03168533833436064,1.5043605509754072
6.86104,219.17808219178082,0.65,1.1390208156867507,-1.5043605509754072,-0.12075041843794951,-0.10601247736209751,0.1,-1.2458429299344076,-71.23017036133177,0.2876982963866824,71.23017036133177,3.475863474199878,1.9739095194408833,-0.031617932016304674,1.5043605509754072
6.86104,221.19863013698628,0.65,1.1386907337079402,-1.5043605509754072,-0.12075041843794951,-0.10604320810159545,0.1,-1.2458429299344076,-71.23017036133177,0.2876982963866824,71.23017036133177,3.475863474199878,1.9739095194408833,-0.03155126627992216,1.5043605509754072
6.86104,223.21917808219177,0.65,1.1383644338783225,-1.5043605509754072,-0.12075041843794951,-0.10607360423811016,0.1,-1.2458429299344076,-71.23017036133177,0.2876982963866824,71.23017036133177,3.475863474199878,1.9739095194408833,-0.0314853264145937,1.5043605509754072
6.86104,225.23972602739724,0.65,1.1380418392094123,-1.5043605509754072,-0.12075041843794951,-0.1061036723586839,0.1,-1.2458429299344076,-71.23017036133177,0.2876982963866824,71.23017036133177,3.475863474199878,1.9739095194408833,-0.03142009813071786,1.5043605509754072
6.86104,227.26027397260273,0.65,1.1377228749526767,-1.5043605509754072,-0.12075041843794951,-0.10613341886351023,0.1,-1.2458429299344076,-71.23017036133177,0.2876982963866824,71.23017036133177,3.475863474199878,1.9739095194408833,-0.03135556754403327,1.5043605509754072
6.86104,229.2808219178082,0.65,1.1374074685151354,-1.5043605509754072,-0.12075041843794951,-0.10616284997283072,0.1,-1.2458429299344076,-71.23017036133177,0.2876982963866824,71.23017036133177,3.475863474199878,1.9739095194408833,-0.03129172116065751,1.5043605509754072
6.86104,231.3013698630137,0.65,1.137095549378853,-1.5043605509754072,-0.12075041843794951,-0.10619197173351907,0.1,-1.2458429299344076,-71.23017036133177,0.2876982963866824,71.23017036133177,3.475863474199878,1.9739095194408833,-0.031228545862803925,1.5043605509754072
6.86104,233.32191780821915,0.65,1.1367870490241132,-1.5043605509754072,-0.12075041843794951,-0.10622079002536929,0.1,-1.2458429299344076,-71.23017036133177,0.2876982963866824,71.23017036133177,3.475863474199878,1.9739095194408833,-0.031166028895139992,1.5043605509754072
6.86104,235.34246575342465,0.65,1.136481900856071,-1.5043605509754072,-0.12075041843794951,-0.10624931056710411,0.1,-1.2458429299344076,-71.23017036133177,0.2876982963866824,71.23017036133177,3.475863474199878,1.9739095194408833,-0.03110415785175337,1.5043605509754072
6.86104,237.3630136986301,0.65,1.1361800401347049,-1.5043605509754072,-0.12075041843794951,-0.10627753892211785,0.1,-1.2458429299344076,-71.23017036133177,0.2876982963866824,71.23017036133177,3.475863474199878,1.9739095194408833,-0.031042920663693407,1.5043605509754072
6.86104,239.3835616438356,0.65,1.1358814039078868,-1.5043605509754072,-0.12075041843794951,-0.10630548050396786,0.1,-1.2458429299344076,-71.23017036133177,0.2876982963866824,71.23017036133177,3.475863474199878,1.9739095194408833,-0.030982305587058175,1.5043605509754072
6.86104,241.40410958904107,0.65,1.1355859309474094,-1.5043605509754072,-0.12075041843794951,-0.10633314058162775,0.1,-1.2458429299344076,-71.23017036133177,0.2876982963866824,71.23017036133177,3.475863474199878,1.9739095194408833,-0.030922301191598774,1.5043605509754072
6.86104,243.42465753424656,0.65,1.1352935616878168,-1.5043605509754072,-0.12075041843794951,-0.10636052428451406,0.1,-1.2458429299344076,-71.23017036133177,0.2876982963866824,71.23017036133177,3.475863474199878,1.9739095194408833,-0.03086289634981425,1.5043605509754072
6.86104,245.44520547945203,0.65,1.1350042381678922,-1.5043605509754072,-0.12075041843794951,-0.10638763660729861,0.1,-1.2458429299344076,-71.23017036133177,0.2876982963866824,71.23017036133177,3.475863474199878,1.9739095194408833,-0.030804080226512296,1.5043605509754072
6.86104,247.46575342465752,0.65,1.1347179039746673,-1.5043605509754072,-0.12075041843794951,-0.10641448241451672,0.1,-1.2458429299344076,-71.23017036133177,0.2876982963866824,71.23017036133177,3.475863474199878,1.9739095194408833,-0.030745842268812034,1.5043605509754072
6.86104,249.48630136986299,0.65,1.1344345041898247,-1.5043605509754072,-0.12075041843794951,-0.10644106644498215,0.1,-1.2458429299344076,-71.23017036133177,0.2876982963866824,71.23017036133177,3.475863474199878,1.9739095194408833,-0.03068817219656687,1.5043605509754072
6.86104,251.50684931506848,0.65,1.1341539853383722,-1.5043605509754072,-0.12075041843794951,-0.10646739331601776,0.1,-1.2458429299344076,-71.23017036133177,0.2876982963866824,71.23017036133177,3.475863474199878,1.9739095194408833,-0.030631059993186466,1.5043605509754072
6.86104,253.52739726027394,0.65,1.133876295339477,-1.5043605509754072,-0.12075041843794951,-0.10649346752751139,0.1,-1.2458429299344076,-71.23017036133177,0.2876982963866824,71.23017036133177,3.475863474199878,1.9739095194408833,-0.03057449589683813,1.5043605509754072
6.86104,255.54794520547944,0.65,1.13360138345935,-1.5043605509754072,-0.12075041843794951,-0.10651929346580541,0.1,-1.2458429299344076,-71.23017036133177,0.2876982963866824,71.23017036133177,3.475863474199878,1.9739095194408833,-0.030518470392009143,1.5043605509754072
6.86104,257.5684931506849,0.65,1.1333292002660813,-1.5043605509754072,-0.12075041843794951,-0.10654487540742788,0.1,-1.2458429299344076,-71.23017036133177,0.2876982963866824,71.23017036133177,3.475863474199878,1.9739095194408833,-0.03046297420141244,1.5043605509754072
6.86104,259.58904109589037,0.65,1.1330596975863312,-1.5043605509754072,-0.12075041843794951,-0.1065702175226731,0.1,-1.2458429299344076,-71.23017036133177,0.2876982963866824,71.23017036133177,3.475863474199878,1.9739095194408833,-0.030407998278219103,1.5043605509754072
6.86104,261.6095890410959,0.65,1.1327928284637845,-1.5043605509754072,-0.12075041843794951,-0.10659532387903876,0.1,-1.2458429299344076,-71.23017036133177,0.2876982963866824,71.23017036133177,3.475863474199878,1.9739095194408833,-0.03035353379860216,1.5043605509754072
6.86104,263.63013698630135,0.65,1.132528547119287,-1.5043605509754072,-0.12075041843794951,-0.10662019844452637,0.1,-1.2458429299344076,-71.23017036133177,0.2876982963866824,71.23017036133177,3.475863474199878,1.9739095194408833,-0.03029957215457672,1.5043605509754072
6.86104,265.6506849315068,0.65,1.1322668089125807,-1.5043605509754072,-0.12075041843794951,-0.10664484509081139,0.1,-1.2458429299344076,-71.23017036133177,0.2876982963866824,71.23017036133177,3.475863474199878,1.9739095194408833,-0.03024610494712273,1.5043605509754072
6.86104,267.67123287671234,0.65,1.1320075703055634,-1.5043605509754072,-0.12075041843794951,-0.10666926759628938,0.1,-1.2458429299344076,-71.23017036133177,0.2876982963866824,71.23017036133177,3.475863474199878,1.9739095194408833,-0.03019312397957699,1.5043605509754072
6.86104,269.6917808219178,0.65,1.1317507888270006,-1.5043605509754072,-0.12075041843794951,-0.10669346964900363,0.1,-1.2458429299344076,-71.23017036133177,0.2876982963866824,71.23017036133177,3.475863474199878,1.9739095194408833,-0.03014062125128202,1.5043605509754072
6.86104,271.71232876712327,0.65,1.1314964230386222,-1.5043605509754072,-0.12075041843794951,-0.10671745484945987,0.1,-1.2458429299344076,-71.23017036133177,0.2876982963866824,71.23017036133177,3.475863474199878,1.9739095194408833,-0.03008858895147993,1.5043605509754072
6.86104,273.73287671232873,0.65,1.1312444325025393,-1.5043605509754072,-0.12075041843794951,-0.1067412267133332,0.1,-1.2458429299344076,-71.23017036133177,0.2876982963866824,71.23017036133177,3.475863474199878,1.9739095194408833,-0.03003701945344011,1.5043605509754072
6.86104,275.75342465753425,0.65,1.1309947777499203,-1.5043605509754072,-0.12075041843794951,-0.10676478867407221,0.1,-1.2458429299344076,-71.23017036133177,0.2876982963866824,71.23017036133177,3.475863474199878,1.9739095194408833,-0.029985905308810203,1.5043605509754072
6.86104,277.7739726027397,0.65,1.1307474202508703,-1.5043605509754072,-0.12075041843794951,-0.10678814408540463,0.1,-1.2458429299344076,-71.23017036133177,0.2876982963866824,71.23017036133177,3.475863474199878,1.9739095194408833,-0.029935239242180185,1.5043605509754072
6.86104,279.7945205479452,0.65,1.1305023223854562,-1.5043605509754072,-0.12075041843794951,-0.10681129622374931,0.1,-1.2458429299344076,-71.23017036133177,0.2876982963866824,71.23017036133177,3.475863474199878,1.9739095194408833,-0.02988501414585012,1.5043605509754072
6.86104,281.81506849315065,0.65,1.1302594474158305,-1.5043605509754072,-0.12075041843794951,-0.10683424829053835,0.1,-1.2458429299344076,-71.23017036133177,0.2876982963866824,71.23017036133177,3.475863474199878,1.9739095194408833,-0.029835223074792565,1.5043605509754072
6.86104,283.83561643835617,0.65,1.1300187594593982,-1.5043605509754072,-0.12075041843794951,-0.10685700341445357,0.1,-1.2458429299344076,-71.23017036133177,0.2876982963866824,71.23017036133177,3.475863474199878,1.9739095194408833,-0.029785859241801,1.5043605509754072
6.86104,285.85616438356163,0.65,1.1297802234629886,-1.5043605509754072,-0.12075041843794951,-0.10687956465358085,0.1,-1.2458429299344076,-71.23017036133177,0.2876982963866824,71.23017036133177,3.475863474199878,1.9739095194408833,-0.029736916012816157,1.5043605509754072
6.86104,287.8767123287671,0.65,1.12954380517798,-1.5043605509754072,-0.12075041843794951,-0.10690193499748608,0.1,-1.2458429299344076,-71.23017036133177,0.2876982963866824,71.23017036133177,3.475863474199878,1.9739095194408833,-0.029688386902422537,1.5043605509754072
6.86104,289.89726027397256,0.65,1.1293094711363407,-1.5043605509754072,-0.12075041843794951,-0.10692411736921614,0.1,-1.2458429299344076,-71.23017036133177,0.2876982963866824,71.23017036133177,3.475863474199878,1.9739095194408833,-0.029640265569507836,1.5043605509754072
6.86104,291.9178082191781,0.65,1.1290771886275444,-1.5043605509754072,-0.12075041843794951,-0.10694611462722783,0.1,-1.2458429299344076,-71.23017036133177,0.2876982963866824,71.23017036133177,3.475863474199878,1.9739095194408833,-0.029592545813078137,1.5043605509754072
6.86104,293.93835616438355,0.65,1.1288469256763223,-1.5043605509754072,-0.12075041843794951,-0.1069679295672482,0.1,-1.2458429299344076,-71.23017036133177,0.2876982963866824,71.23017036133177,3.475863474199878,1.9739095194408833,-0.02954522156822245,1.5043605509754072
6.86104,295.958904109589,0.65,1.1286186510212182,-1.5043605509754072,-0.12075041843794951,-0.10698956492406875,0.1,-1.2458429299344076,-71.23017036133177,0.2876982963866824,71.23017036133177,3.475863474199878,1.9739095194408833,-0.02949828690222009,1.5043605509754072
6.86104,297.9794520547945,0.65,1.1283923340939068,-1.5043605509754072,-0.12075041843794951,-0.10701102337327688,0.1,-1.2458429299344076,-71.23017036133177,0.2876982963866824,71.23017036133177,3.475863474199878,1.9739095194408833,-0.029451736010785094,1.5043605509754072
6.86104,300.0,0.65,1.128167944999252,-1.5043605509754072,-0.12075041843794951,-0.10703230753292636,0.1,-1.2458429299344076,-71.23017036133177,0.2876982963866824,71.23017036133177,3.475863474199878,1.9739095194408833,-0.029405563214441804,1.5043605509754072
11.965825,5.0,0.65,1.30847969084115,-1.5043605509754072,-0.10604106619855594,-0.08104143070832681,0.1,-1.418658454601519,-75.79614951668646,0.2420385048331355,75.79614951668646,4.131574026576527,2.8961903920949537,-0.07399352959771018,1.5043605509754072
11.965825,7.020547945205479,0.65,1.2770355496057222,-1.5043605509754072,-0.10604106619855594,-0.0830368944946721,0.1,-1.418658454601519,-75.79614951668646,0.2420385048331355,75.79614951668646,4.131574026576527,2.8961903920949537,-0.06937423576798399,1.5043605509754072
11.965825,9.041095890410958,0.65,1.2553521059062551,-1.5043605509754072,-0.10604106619855594,-0.0844711740233259,0.1,-1.418658454601519,-75.79614951668646,0.2420385048331355,75.79614951668646,4.131574026576527,2.8961903920949537,-0.06605402588888235,1.5043605509754072
11.965825,11.061643835616438,0.65,1.2390602585625121,-1.5043605509754072,-0.10604106619855594,-0.08558184758631417,0.1,-1.418658454601519,-75.79614951668646,0.2420385048331355,75.79614951668646,4.131574026576527,2.8961903920949537,-0.06348293060193239,1.5043605509754072
11.965825,13.082191780821917,0.65,1.226149134394238,-1.5043605509754072,-0.10604106619855594,-0.0864830086520789,0.1,-1.418658454601519,-75.79614951668646,0.2420385048331355,75.79614951668646,4.131574026576527,2.8961903920949537,-0.06139683523946,1.5043605509754072
11.965825,15.102739726027396,0.65,1.2155374557091547,-1.5043605509754072,-0.10604106619855594,-0.08723800792850986,0.1,-1.418658454601519,-75.79614951668646,0.2420385048331355,75.79614951668646,4.131574026576527,2.8961903920949537,-0.05964908941569202,1.5043605509754072
11.965825,17.123287671232877,0.65,1.206581301992952,-1.5043605509754072,-0.10604106619855594,-0.0878855540222646,0.1,-1.418658454601519,-75.79614951668646,0.2420385048331355,75.79614951668646,4.131574026576527,2.8961903920949537,-0.05815008667967999,1.5043605509754072
11.965825,19.143835616438356,0.65,1.198868320972543,-1.5043605509754072,-0.10604106619855594,-0.08845097025546023,0.1,-1.418658454601519,-75.79614951668646,0.2420385048331355,75.79614951668646,4.131574026576527,2.8961903920949537,-0.05684120614017834,1.5043605509754072
11.965825,21.164383561643834,0.65,1.192119666492236,-1.5043605509754072,-0.10604106619855594,-0.08895169602442471,0.1,-1.418658454601519,-75.79614951668646,0.2420385048331355,75.79614951668646,4.131574026576527,2.8961903920949537,-0.05568207738485333,1.5043605509754072
11.965825,23.184931506849313,0.65,1.1861385956389334,-1.5043605509754072,-0.10604106619855594,-0.08940023247572948,0.1,-1.418658454601519,-75.79614951668646,0.2420385048331355,75.79614951668646,4.131574026576527,2.8961903920949537,-0.054643761542642916,1.5043605509754072
11.965825,25.205479452054792,0.65,1.1807814857656704,-1.5043605509754072,-0.10604106619855594,-0.08980583408266625,0.1,-1.418658454601519,-75.79614951668646,0.2420385048331355,75.79614951668646,4.131574026576527,2.8961903920949537,-0.053704835457854594,1.5043605509754072
11.965825,27.22602739726027,0.65,1.1759405212910052,-1.5043605509754072,-0.10604106619855594,-0.09017553547873225,0.1,-1.418658454601519,-75.79614951668646,0.2420385048331355,75.79614951668646,4.131574026576527,2.8961903920949537,-0.052849014676052006,1.5043605509754072
11.965825,29.246575342465754,0.65,1.1715328544119454,-1.5043605509754072,-0.10604106619855594,-0.09051480357482897,0.1,-1.418658454601519,-75.79614951668646,0.2420385048331355,75.79614951668646,4.131574026576527,2.8961903920949537,-0.052063643859680146,1.5043605509754072
11.965825,31.267123287671232,0.65,1.1674935492949952,-1.5043605509754072,-0.10604106619855594,-0.09082796754002632,0.1,-1.418658454601519,-75.79614951668646,0.2420385048331355,75.79614951668646,4.131574026576527,2.8961903920949537,-0.051338701426734176,1.5043605509754072
11.965825,33.28767123287671,0.65,1.1637708355481724,-1.5043605509754072,-0.10604106619855594,-0.09111851144526,0.1,-1.418658454601519,-75.79614951668646,0.2420385048331355,75.79614951668646,4.131574026576527,2.8961903920949537,-0.05066612211064013,1.5043605509754072
11.965825,35.30821917808219,0.65,1.1603228240252528,-1.5043605509754072,-0.10604106619855594,-0.09138927891695778,0.1,-1.418658454601519,-75.79614951668646,0.2420385048331355,75.79614951668646,4.131574026576527,2.8961903920949537,-0.0500393232081179,1.5043605509754072
11.965825,37.32876712328767,0.65,1.1571151783780442,-1.5043605509754072,-0.10604106619855594,-0.09164261966314902,0.1,-1.418658454601519,-75.79614951668646,0.2420385048331355,75.79614951668646,4.131574026576527,2.8961903920949537,-0.04945286538627852,1.5043605509754072
11.965825,39.34931506849315,0.65,1.1541194286539551,-1.5043605509754072,-0.10604106619855594,-0.09188049656371457,0.1,-1.418658454601519,-75.79614951668646,0.2420385048331355,75.79614951668646,4.131574026576527,2.8961903920949537,-0.048902204779688756,1.5043605509754072
11.965825,41.36986301369863,0.65,1.151311726715511,-1.5043605509754072,-0.10604106619855594,-0.09210456537350867,0.1,-1.418658454601519,-75.79614951668646,0.2420385048331355,75.79614951668646,4.131574026576527,2.8961903920949537,-0.0483835084858253,1.5043605509754072
11.965825,43.390410958904106,0.65,1.148671912244648,-1.5043605509754072,-0.10604106619855594,-0.09231623500860092,0.1,-1.418658454601519,-75.79614951668646,0.2420385048331355,75.79614951668646,4.131574026576527,2.8961903920949537,-0.04789351500861325,1.5043605509754072
11.965825,45.410958904109584,0.65,1.1461828012603832,-1.5043605509754072,-0.10604106619855594,-0.09251671381035331,0.1,-1.418658454601519,-75.79614951668646,0.2420385048331355,75.79614951668646,4.131574026576527,2.8961903920949537,-0.04742942716183662,1.5043605509754072
11.965825,47.43150684931506,0.65,1.143829636789389,-1.5043605509754072,-0.10604106619855594,-0.09270704551440213,0.1,-1.418658454601519,-75.79614951668646,0.2420385048331355,75.79614951668646,4.131574026576527,2.8961903920949537,-0.04698882880463754,1.5043605509754072
11.965825,49.45205479452054,0.65,1.1415996595311744,-1.5043605509754072,-0.10604106619855594,-0.09288813754736426,0.1,-1.418658454601519,-75.79614951668646,0.2420385048331355,75.79614951668646,4.131574026576527,2.8961903920949537,-0.04656961933754588,1.5043605509754072
11.965825,51.47260273972602,0.65,1.1394817685652707,-1.5043605509754072,-0.10604106619855594,-0.0930607835280006,0.1,-1.418658454601519,-75.79614951668646,0.2420385048331355,75.79614951668646,4.131574026576527,2.8961903920949537,-0.046169961614595634,1.5043605509754072
11.965825,53.49315068493151,0.65,1.1374662504868671,-1.5043605509754072,-0.10604106619855594,-0.09322568133618683,0.1,-1.418658454601519,-75.79614951668646,0.2420385048331355,75.79614951668646,4.131574026576527,2.8961903920949537,-0.0457882401155124,1.5043605509754072
11.965825,55.513698630136986,0.65,1.135544561152337,-1.5043605509754072,-0.10604106619855594,-0.09338344775386599,0.1,-1.418658454601519,-75.79614951668646,0.2420385048331355,75.79614951668646,4.131574026576527,2.8961903920949537,-0.04542302705341115,1.5043605509754072
11.965825,57.534246575342465,0.65,1.1337091483061899,-1.5043605509754072,-0.10604106619855594,-0.09353463042702428,0.1,-1.418658454601519,-75.79614951668646,0.2420385048331355,75.79614951668646,4.131574026576527,2.8961903920949537,-0.04507305468404995,1.5043605509754072
11.965825,59.554794520547944,0.65,1.1319533062891762,-1.5043605509754072,-0.10604106619855594,-0.09367971771396195,0.1,-1.418658454601519,-75.79614951668646,0.2420385048331355,75.79614951668646,4.131574026576527,2.8961903920949537,-0.044737192508094215,1.5043605509754072
11.965825,61.57534246575342,0.65,1.1302710561513196,-1.5043605509754072,-0.10604106619855594,-0.09381914685105346,0.1,-1.418658454601519,-75.79614951668646,0.2420385048331355,75.79614951668646,4.131574026576527,2.8961903920949537,-0.04441442836821954,1.5043605509754072
11.965825,63.5958904109589,0.65,1.1286570460531529,-1.5043605509754072,-0.10604106619855594,-0.09395331076820483,0.1,-1.418658454601519,-75.79614951668646,0.2420385048331355,75.79614951668646,4.131574026576527,2.8961903920949537,-0.04410385267202796,1.5043605509754072
11.965825,65.61643835616438,0.65,1.1271064679963885,-1.5043605509754072,-0.10604106619855594,-0.09408256381232631,0.1,-1.418658454601519,-75.79614951668646,0.2420385048331355,75.79614951668646,4.131574026576527,2.8961903920949537,-0.04380464514279626,1.5043605509754072
11.965825,67.63698630136986,0.65,1.1256149877940544,-1.5043605509754072,-0.10604106619855594,-0.09420722658141924,0.1,-1.418658454601519,-75.79614951668646,0.2420385048331355,75.79614951668646,4.131574026576527,2.8961903920949537,-0.043516063629060915,1.5043605509754072
11.965825,69.65753424657534,0.65,1.1241786858483551,-1.5043605509754072,-0.10604106619855594,-0.09432759002945572,0.1,-1.418658454601519,-75.79614951668646,0.2420385048331355,75.79614951668646,4.131574026576527,2.8961903920949537,-0.043237434602243156,1.5043605509754072
11.965825,71.67808219178082,0.65,1.1227940068077595,-1.5043605509754072,-0.10604106619855594,-0.09444391896964577,0.1,-1.418658454601519,-75.79614951668646,0.2420385048331355,75.79614951668646,4.131574026576527,2.8961903920949537,-0.04296814504694503,1.5043605509754072
11.965825,73.6986301369863,0.65,1.1214577165628508,-1.5043605509754072,-0.10604106619855594,-0.09455645507844967,0.1,-1.418658454601519,-75.79614951668646,0.2420385048331355,75.79614951668646,4.131574026576527,2.8961903920949537,-0.04270763550696919,1.5043605509754072
11.965825,75.71917808219177,0.65,1.1201668653420684,-1.5043605509754072,-0.10604106619855594,-0.09466541948299273,0.1,-1.418658454601519,-75.79614951668646,0.2420385048331355,75.79614951668646,4.131574026576527,2.8961903920949537,-0.04245539409571943,1.5043605509754072
11.965825,77.73972602739725,0.65,1.118918755904653,-1.5043605509754072,-0.10604106619855594,-0.09477101499904796,0.1,-1.418658454601519,-75.79614951668646,0.2420385048331355,75.79614951668646,4.131574026576527,2.8961903920949537,-0.04221095131550037,1.5043605509754072
11.965825,79.76027397260273,0.65,1.1177109160143608,-1.5043605509754072,-0.10604106619855594,-0.09487342807448566,0.1,-1.418658454601519,-75.79614951668646,0.2420385048331355,75.79614951668646,4.131574026576527,2.8961903920949537,-0.04197387555863127,1.5043605509754072
11.965825,81.78082191780821,0.65,1.1165410745254003,-1.5043605509754072,-0.10604106619855594,-0.09497283048331207,0.1,-1.418658454601519,-75.79614951668646,0.2420385048331355,75.79614951668646,4.131574026576527,2.8961903920949537,-0.041743769185920446,1.5043605509754072
11.965825,83.80136986301369,0.65,1.115407140530177,-1.5043605509754072,-0.10604106619855594,-0.09506938080757878,0.1,-1.418658454601519,-75.79614951668646,0.2420385048331355,75.79614951668646,4.131574026576527,2.8961903920949537,-0.041520265096196975,1.5043605509754072
11.965825,85.82191780821917,0.65,1.1143071851133965,-1.5043605509754072,-0.10604106619855594,-0.09516322573812064,0.1,-1.418658454601519,-75.79614951668646,0.2420385048331355,75.79614951668646,4.131574026576527,2.8961903920949537,-0.04130302371523606,1.5043605509754072
11.965825,87.84246575342465,0.65,1.1132394253338176,-1.5043605509754072,-0.10604106619855594,-0.09525450121994944,0.1,-1.418658454601519,-75.79614951668646,0.2420385048331355,75.79614951668646,4.131574026576527,2.8961903920949537,-0.04109173034429033,1.5043605509754072
11.965825,89.86301369863013,0.65,1.1122022101173248,-1.5043605509754072,-0.10604106619855594,-0.0953433334639479,0.1,-1.418658454601519,-75.79614951668646,0.2420385048331355,75.79614951668646,4.131574026576527,2.8961903920949537,-0.04088609281812185,1.5043605509754072
11.965825,91.8835616438356,0.65,1.1111940077959197,-1.5043605509754072,-0.10604106619855594,-0.09542983984308102,0.1,-1.418658454601519,-75.79614951668646,0.2420385048331355,75.79614951668646,4.131574026576527,2.8961903920949537,-0.04068583943036507,1.5043605509754072
11.965825,93.90410958904108,0.65,1.110213395069052,-1.5043605509754072,-0.10604106619855594,-0.09551412968851856,0.1,-1.418658454601519,-75.79614951668646,0.2420385048331355,75.79614951668646,4.131574026576527,2.8961903920949537,-0.04049071709058495,1.5043605509754072
11.965825,95.92465753424656,0.65,1.1092590471981794,-1.5043605509754072,-0.10604106619855594,-0.09559630499872833,0.1,-1.418658454601519,-75.79614951668646,0.2420385048331355,75.79614951668646,4.131574026576527,2.8961903920949537,-0.040300489682798674,1.5043605509754072
11.965825,97.94520547945204,0.65,1.1083297292739986,-1.5043605509754072,-0.10604106619855594,-0.09567646107266037,0.1,-1.418658454601519,-75.79614951668646,0.2420385048331355,75.79614951668646,4.131574026576527,2.8961903920949537,-0.040114936599719465,1.5043605509754072
11.965825,99.96575342465752,0.65,1.1074242884195475,-1.5043605509754072,-0.10604106619855594,-0.09575468707652392,0.1,-1.418658454601519,-75.79614951668646,0.2420385048331355,75.79614951668646,4.131574026576527,2.8961903920949537,-0.039933851430725836,1.5043605509754072
11.965825,101.98630136986301,0.65,1.1065416468121925,-1.5043605509754072,-0.10604106619855594,-0.0958310665523046,0.1,-1.418658454601519,-75.79614951668646,0.2420385048331355,75.79614951668646,4.131574026576527,2.8961903920949537,-0.03975704078469671,1.5043605509754072
11.965825,104.0068493150685,0.65,1.1056807954241572,-1.5043605509754072,-0.10604106619855594,-0.0959056778750298,0.1,-1.418658454601519,-75.79614951668646,0.2420385048331355,75.79614951668646,4.131574026576527,2.8961903920949537,-0.03958432323148895,1.5043605509754072
11.965825,106.02739726027397,0.65,1.1048407883952267,-1.5043605509754072,-0.10604106619855594,-0.09597859466482933,0.1,-1.418658454601519,-75.79614951668646,0.2420385048331355,75.79614951668646,4.131574026576527,2.8961903920949537,-0.03941552834805918,1.5043605509754072
11.965825,108.04794520547945,0.65,1.1040207379630742,-1.5043605509754072,-0.10604106619855594,-0.0960498861590249,0.1,-1.418658454601519,-75.79614951668646,0.2420385048331355,75.79614951668646,4.131574026576527,2.8961903920949537,-0.03925049585711495,1.5043605509754072
11.965825,110.06849315068493,0.65,1.103219809886669,-1.5043605509754072,-0.10604106619855594,-0.09611961754879045,0.1,-1.418658454601519,-75.79614951668646,0.2420385048331355,75.79614951668646,4.131574026576527,2.8961903920949537,-0.03908907484778048,1.5043605509754072
11.965825,112.08904109589041,0.65,1.1024372193067258,-1.5043605509754072,-0.10604106619855594,-0.09618785028433682,0.1,-1.418658454601519,-75.79614951668646,0.2420385048331355,75.79614951668646,4.131574026576527,2.8961903920949537,-0.038931123069125585,1.5043605509754072
11.965825,114.10958904109589,0.65,1.1016722269944141,-1.5043605509754072,-0.10604106619855594,-0.09625464235207011,0.1,-1.418658454601519,-75.79614951668646,0.2420385048331355,75.79614951668646,4.131574026576527,2.8961903920949537,-0.03877650628857245,1.5043605509754072
11.965825,116.13013698630137,0.65,1.1009241359457482,-1.5043605509754072,-0.10604106619855594,-0.09632004852674196,0.1,-1.418658454601519,-75.79614951668646,0.2420385048331355,75.79614951668646,4.131574026576527,2.8961903920949537,-0.03862509770819376,1.5043605509754072
11.965825,118.15068493150685,0.65,1.100192288284401,-1.5043605509754072,-0.10604106619855594,-0.0963841206012382,0.1,-1.418658454601519,-75.79614951668646,0.2420385048331355,75.79614951668646,4.131574026576527,2.8961903920949537,-0.038476777432775354,1.5043605509754072
11.965825,120.17123287671232,0.65,1.0994760624402633,-1.5043605509754072,-0.10604106619855594,-0.09644690759633283,0.1,-1.418658454601519,-75.79614951668646,0.2420385048331355,75.79614951668646,4.131574026576527,2.8961903920949537,-0.0383314319842574,1.5043605509754072
11.965825,122.1917808219178,0.65,1.0987748705750173,-1.5043605509754072,-0.10604106619855594,-0.09650845595245722,0.1,-1.418658454601519,-75.79614951668646,0.2420385048331355,75.79614951668646,4.131574026576527,2.8961903920949537,-0.038188953857808475,1.5043605509754072
11.965825,124.21232876712328,0.65,1.0980881562294118,-1.5043605509754072,-0.10604106619855594,-0.09656880970529466,0.1,-1.418658454601519,-75.79614951668646,0.2420385048331355,75.79614951668646,4.131574026576527,2.8961903920949537,-0.038049241115342025,1.5043605509754072
11.965825,126.23287671232876,0.65,1.0974153921698806,-1.5043605509754072,-0.10604106619855594,-0.09662801064680229,0.1,-1.418658454601519,-75.79614951668646,0.2420385048331355,75.79614951668646,4.131574026576527,2.8961903920949537,-0.037912197012767206,1.5043605509754072
11.965825,128.25342465753425,0.65,1.0967560784147237,-1.5043605509754072,-0.10604106619855594,-0.09668609847308084,0.1,-1.418658454601519,-75.79614951668646,0.2420385048331355,75.79614951668646,4.131574026576527,2.8961903920949537,-0.03777772965768574,1.5043605509754072
11.965825,130.27397260273972,0.65,1.096109740422311,-1.5043605509754072,-0.10604106619855594,-0.09674311092035388,0.1,-1.418658454601519,-75.79614951668646,0.2420385048331355,75.79614951668646,4.131574026576527,2.8961903920949537,-0.037645751694613636,1.5043605509754072
11.965825,132.29452054794518,0.65,1.0954759274257224,-1.5043605509754072,-0.10604106619855594,-0.09679908389018063,0.1,-1.418658454601519,-75.79614951668646,0.2420385048331355,75.79614951668646,4.131574026576527,2.8961903920949537,-0.03751618001512667,1.5043605509754072
11.965825,134.31506849315068,0.65,1.0948542108999526,-1.5043605509754072,-0.10604106619855594,-0.09685405156490368,0.1,-1.418658454601519,-75.79614951668646,0.2420385048331355,75.79614951668646,4.131574026576527,2.8961903920949537,-0.03738893549061064,1.5043605509754072
11.965825,136.33561643835617,0.65,1.0942441831493115,-1.5043605509754072,-0.10604106619855594,-0.09690804651422712,0.1,-1.418658454601519,-75.79614951668646,0.2420385048331355,75.79614951668646,4.131574026576527,2.8961903920949537,-0.037263942725543744,1.5043605509754072
11.965825,138.35616438356163,0.65,1.0936454560039643,-1.5043605509754072,-0.10604106619855594,-0.09696109979372652,0.1,-1.418658454601519,-75.79614951668646,0.2420385048331355,75.79614951668646,4.131574026576527,2.8961903920949537,-0.037141129829456436,1.5043605509754072
11.965825,140.37671232876713,0.65,1.0930576596157258,-1.5043605509754072,-0.10604106619855594,-0.09701324103600868,0.1,-1.418658454601519,-75.79614951668646,0.2420385048331355,75.79614951668646,4.131574026576527,2.8961903920949537,-0.0370204282059059,1.5043605509754072
11.965825,142.3972602739726,0.65,1.0924804413442406,-1.5043605509754072,-0.10604106619855594,-0.09706449853516635,0.1,-1.418658454601519,-75.79614951668646,0.2420385048331355,75.79614951668646,4.131574026576527,2.8961903920949537,-0.036901772356971674,1.5043605509754072
11.965825,144.41780821917808,0.65,1.0919134647255881,-1.5043605509754072,-0.10604106619855594,-0.09711489932510853,0.1,-1.418658454601519,-75.79614951668646,0.2420385048331355,75.79614951668646,4.131574026576527,2.8961903920949537,-0.03678509970192961,1.5043605509754072
11.965825,146.43835616438355,0.65,1.0913564085161571,-1.5043605509754072,-0.10604106619855594,-0.0971644692522883,0.1,-1.418658454601519,-75.79614951668646,0.2420385048331355,75.79614951668646,4.131574026576527,2.8961903920949537,-0.03667035040889391,1.5043605509754072
11.965825,148.45890410958904,0.65,1.0908089658053386,-1.5043605509754072,-0.10604106619855594,-0.09721323304330046,0.1,-1.418658454601519,-75.79614951668646,0.2420385048331355,75.79614951668646,4.131574026576527,2.8961903920949537,-0.03655746723833583,1.5043605509754072
11.965825,150.4794520547945,0.65,1.0902708431912247,-1.5043605509754072,-0.10604106619855594,-0.09726121436777448,0.1,-1.418658454601519,-75.79614951668646,0.2420385048331355,75.79614951668646,4.131574026576527,2.8961903920949537,-0.0364463953974928,1.5043605509754072
11.965825,152.5,0.65,1.0897417600140582,-1.5043605509754072,-0.10604106619855594,-0.09730843589694861,0.1,-1.418658454601519,-75.79614951668646,0.2420385048331355,75.79614951668646,4.131574026576527,2.8961903920949537,-0.036337082404775546,1.5043605509754072
11.965825,154.52054794520546,0.65,1.0892214476426825,-1.5043605509754072,-0.10604106619855594,-0.09735491935827412,0.1,-1.418658454601519,-75.79614951668646,0.2420385048331355,75.79614951668646,4.131574026576527,2.8961903920949537,-0.03622947796336474,1.5043605509754072
11.965825,156.54109589041096,0.65,1.0887096488096861,-1.5043605509754072,-0.10604106619855594,-0.09740068558636669,0.1,-1.418658454601519,-75.79614951668646,0.2420385048331355,75.79614951668646,4.131574026576527,2.8961903920949537,-0.036123533843263674,1.5043605509754072
11.965825,158.56164383561642,0.65,1.088206116991339,-1.5043605509754072,-0.10604106619855594,-0.0974457545705929,0.1,-1.418658454601519,-75.79614951668646,0.2420385048331355,75.79614951668646,4.131574026576527,2.8961903920949537,-0.03601920377114068,1.5043605509754072
11.965825,160.58219178082192,0.65,1.0877106158287733,-1.5043605509754072,-0.10604106619855594,-0.0974901454995534,0.1,-1.418658454601519,-75.79614951668646,0.2420385048331355,75.79614951668646,4.131574026576527,2.8961903920949537,-0.03591644332735505,1.5043605509754072
11.965825,162.60273972602738,0.65,1.0872229185871862,-1.5043605509754072,-0.10604106619855594,-0.09753387680270127,0.1,-1.418658454601519,-75.79614951668646,0.2420385048331355,75.79614951668646,4.131574026576527,2.8961903920949537,-0.03581520984961463,1.5043605509754072
11.965825,164.62328767123287,0.65,1.0867428076501287,-1.5043605509754072,-0.10604106619855594,-0.09757696618931323,0.1,-1.418658454601519,-75.79614951668646,0.2420385048331355,75.79614951668646,4.131574026576527,2.8961903920949537,-0.035715462342761614,1.5043605509754072
11.965825,166.64383561643834,0.65,1.0862700740462015,-1.5043605509754072,-0.10604106619855594,-0.09761943068501193,0.1,-1.418658454601519,-75.79614951668646,0.2420385048331355,75.79614951668646,4.131574026576527,2.8961903920949537,-0.03561716139422743,1.5043605509754072
11.965825,168.66438356164383,0.65,1.0858045170057227,-1.5043605509754072,-0.10604106619855594,-0.09766128666602061,0.1,-1.418658454601519,-75.79614951668646,0.2420385048331355,75.79614951668646,4.131574026576527,2.8961903920949537,-0.03552026909473616,1.5043605509754072
11.965825,170.6849315068493,0.65,1.0853459435451283,-1.5043605509754072,-0.10604106619855594,-0.09770254989131656,0.1,-1.418658454601519,-75.79614951668646,0.2420385048331355,75.79614951668646,4.131574026576527,2.8961903920949537,-0.0354247489638731,1.5043605509754072
11.965825,172.7054794520548,0.65,1.0848941680770692,-1.5043605509754072,-0.10604106619855594,-0.0977432355328349,0.1,-1.418658454601519,-75.79614951668646,0.2420385048331355,75.79614951668646,4.131574026576527,2.8961903920949537,-0.03533056588016589,1.5043605509754072
11.965825,174.72602739726025,0.65,1.0844490120443366,-1.5043605509754072,-0.10604106619855594,-0.09778335820386229,0.1,-1.418658454601519,-75.79614951668646,0.2420385048331355,75.79614951668646,4.131574026576527,2.8961903920949537,-0.0352376860153559,1.5043605509754072
11.965825,176.74657534246575,0.65,1.0840103035758992,-1.5043605509754072,-0.10604106619855594,-0.09782293198574865,0.1,-1.418658454601519,-75.79614951668646,0.2420385048331355,75.79614951668646,4.131574026576527,2.8961903920949537,-0.03514607677256357,1.5043605509754072
11.965825,178.7671232876712,0.65,1.0835778771634836,-1.5043605509754072,-0.10604106619855594,-0.09786197045305411,0.1,-1.418658454601519,-75.79614951668646,0.2420385048331355,75.79614951668646,4.131574026576527,2.8961903920949537,-0.035055706728075654,1.5043605509754072
11.965825,180.7876712328767,0.65,1.083151573357254,-1.5043605509754072,-0.10604106619855594,-0.09790048669723955,0.1,-1.418658454601519,-75.79614951668646,0.2420385048331355,75.79614951668646,4.131574026576527,2.8961903920949537,-0.03496654557650403,1.5043605509754072
11.965825,182.80821917808217,0.65,1.0827312384792618,-1.5043605509754072,-0.10604106619855594,-0.0979384933490002,0.1,-1.418658454601519,-75.79614951668646,0.2420385048331355,75.79614951668646,4.131574026576527,2.8961903920949537,-0.03487856407908574,1.5043605509754072
11.965825,184.82876712328766,0.65,1.0823167243534455,-1.5043605509754072,-0.10604106619855594,-0.09797600259933409,0.1,-1.418658454601519,-75.79614951668646,0.2420385048331355,75.79614951668646,4.131574026576527,2.8961903920949537,-0.03479173401491189,1.5043605509754072
11.965825,186.84931506849313,0.65,1.0819078880510569,-1.5043605509754072,-0.10604106619855594,-0.0980130262194296,0.1,-1.418658454601519,-75.79614951668646,0.2420385048331355,75.79614951668646,4.131574026576527,2.8961903920949537,-0.03470602813488961,1.5043605509754072
11.965825,188.86986301369862,0.65,1.0815045916504717,-1.5043605509754072,-0.10604106619855594,-0.09804957557945074,0.1,-1.418658454601519,-75.79614951668646,0.2420385048331355,75.79614951668646,4.131574026576527,2.8961903920949537,-0.0346214201182564,1.5043605509754072
11.965825,190.89041095890408,0.65,1.0811067020104328,-1.5043605509754072,-0.10604106619855594,-0.09808566166629187,0.1,-1.418658454601519,-75.79614951668646,0.2420385048331355,75.79614951668646,4.131574026576527,2.8961903920949537,-0.034537884531479594,1.5043605509754072
11.965825,192.91095890410958,0.65,1.080714090555837,-1.5043605509754072,-0.10604106619855594,-0.09812129510036877,0.1,-1.418658454601519,-75.79614951668646,0.2420385048331355,75.79614951668646,4.131574026576527,2.8961903920949537,-0.034455396789386895,1.5043605509754072
11.965825,194.93150684931504,0.65,1.0803266330752517,-1.5043605509754072,-0.10604106619855594,-0.09815648615150775,0.1,-1.418658454601519,-75.79614951668646,0.2420385048331355,75.79614951668646,4.131574026576527,2.8961903920949537,-0.034373933118384575,1.5043605509754072
11.965825,196.95205479452054,0.65,1.0799442095294023,-1.5043605509754072,-0.10604106619855594,-0.09819124475399013,0.1,-1.418658454601519,-75.79614951668646,0.2420385048331355,75.79614951668646,4.131574026576527,2.8961903920949537,-0.03429347052163119,1.5043605509754072
11.965825,198.97260273972603,0.65,1.0795667038699324,-1.5043605509754072,-0.10604106619855594,-0.09822558052080486,0.1,-1.418658454601519,-75.79614951668646,0.2420385048331355,75.79614951668646,4.131574026576527,2.8961903920949537,-0.034213986746044006,1.5043605509754072
11.965825,200.9931506849315,0.65,1.0791940038677852,-1.5043605509754072,-0.10604106619855594,-0.09825950275715885,0.1,-1.418658454601519,-75.79614951668646,0.2420385048331355,75.79614951668646,4.131574026576527,2.8961903920949537,-0.03413546025102424,1.5043605509754072
11.965825,203.013698630137,0.65,1.0788260009506063,-1.5043605509754072,-0.10604106619855594,-0.09829302047329039,0.1,-1.418658454601519,-75.79614951668646,0.2420385048331355,75.79614951668646,4.131574026576527,2.8961903920949537,-0.03405787017879526,1.5043605509754072
11.965825,205.03424657534245,0.65,1.0784625900486098,-1.5043605509754072,-0.10604106619855594,-0.09832614239662808,0.1,-1.418658454601519,-75.79614951668646,0.2420385048331355,75.79614951668646,4.131574026576527,2.8961903920949537,-0.03398119632625556,1.5043605509754072
11.965825,207.05479452054794,0.65,1.078103669448384,-1.5043605509754072,-0.10604106619855594,-0.09835887698333524,0.1,-1.418658454601519,-75.79614951668646,0.2420385048331355,75.79614951668646,4.131574026576527,2.8961903920949537,-0.0339054191182552,1.5043605509754072
11.965825,209.0753424657534,0.65,1.0777491406541622,-1.5043605509754072,-0.10604106619855594,-0.09839123242927582,0.1,-1.418658454601519,-75.79614951668646,0.2420385048331355,75.79614951668646,4.131574026576527,2.8961903920949537,-0.033830519582210526,1.5043605509754072
11.965825,211.0958904109589,0.65,1.0773989082561015,-1.5043605509754072,-0.10604106619855594,-0.09842321668043644,0.1,-1.418658454601519,-75.79614951668646,0.2420385048331355,75.79614951668646,4.131574026576527,2.8961903920949537,-0.03375647932397797,1.5043605509754072
11.965825,213.11643835616437,0.65,1.077052879805158,-1.5043605509754072,-0.10604106619855594,-0.09845483744283667,0.1,-1.418658454601519,-75.79614951668646,0.2420385048331355,75.79614951668646,4.131574026576527,2.8961903920949537,-0.033683280504913385,1.5043605509754072
11.965825,215.13698630136986,0.65,1.0767109656941665,-1.5043605509754072,-0.10604106619855594,-0.09848610219195658,0.1,-1.418658454601519,-75.79614951668646,0.2420385048331355,75.79614951668646,4.131574026576527,2.8961903920949537,-0.033610905820047735,1.5043605509754072
11.965825,217.15753424657532,0.65,1.0763730790447614,-1.5043605509754072,-0.10604106619855594,-0.09851701818171,0.1,-1.418658454601519,-75.79614951668646,0.2420385048331355,75.79614951668646,4.131574026576527,2.8961903920949537,-0.03353933847731516,1.5043605509754072
11.965825,219.17808219178082,0.65,1.0760391355998038,-1.5043605509754072,-0.10604106619855594,-0.09854759245298891,0.1,-1.418658454601519,-75.79614951668646,0.2420385048331355,75.79614951668646,4.131574026576527,2.8961903920949537,-0.0334685621777734,1.5043605509754072
11.965825,221.19863013698628,0.65,1.0757090536209932,-1.5043605509754072,-0.10604106619855594,-0.09857783184180358,0.1,-1.418658454601519,-75.79614951668646,0.2420385048331355,75.79614951668646,4.131574026576527,2.8961903920949537,-0.0333985610967605,1.5043605509754072
11.965825,223.21917808219177,0.65,1.0753827537913754,-1.5043605509754072,-0.10604106619855594,-0.09860774298704063,0.1,-1.418658454601519,-75.79614951668646,0.2420385048331355,75.79614951668646,4.131574026576527,2.8961903920949537,-0.03332931986593535,1.5043605509754072
11.965825,225.23972602739724,0.65,1.075060159122465,-1.5043605509754072,-0.10604106619855594,-0.09863733233786065,0.1,-1.418658454601519,-75.79614951668646,0.2420385048331355,75.79614951668646,4.131574026576527,2.8961903920949537,-0.033260823556153264,1.5043605509754072
11.965825,227.26027397260273,0.65,1.0747411948657295,-1.5043605509754072,-0.10604106619855594,-0.09866660616075477,0.1,-1.418658454601519,-75.79614951668646,0.2420385048331355,75.79614951668646,4.131574026576527,2.8961903920949537,-0.033193057661130426,1.5043605509754072
11.965825,229.2808219178082,0.65,1.0744257884281883,-1.5043605509754072,-0.10604106619855594,-0.09869557054627923,0.1,-1.418658454601519,-75.79614951668646,0.2420385048331355,75.79614951668646,4.131574026576527,2.8961903920949537,-0.033126008081854404,1.5043605509754072
11.965825,231.3013698630137,0.65,1.074113869291906,-1.5043605509754072,-0.10604106619855594,-0.09872423141548481,0.1,-1.418658454601519,-75.79614951668646,0.2420385048331355,75.79614951668646,4.131574026576527,2.8961903920949537,-0.03305966111170046,1.5043605509754072
11.965825,233.32191780821915,0.65,1.073805368937166,-1.5043605509754072,-0.10604106619855594,-0.09875259452605788,0.1,-1.418658454601519,-75.79614951668646,0.2420385048331355,75.79614951668646,4.131574026576527,2.8961903920949537,-0.03299400342221569,1.5043605509754072
11.965825,235.34246575342465,0.65,1.0735002207691238,-1.5043605509754072,-0.10604106619855594,-0.09878066547818815,0.1,-1.418658454601519,-75.79614951668646,0.2420385048331355,75.79614951668646,4.131574026576527,2.8961903920949537,-0.03292902204953573,1.5043605509754072
11.965825,237.3630136986301,0.65,1.073198360047758,-1.5043605509754072,-0.10604106619855594,-0.09880844972017759,0.1,-1.418658454601519,-75.79614951668646,0.2420385048331355,75.79614951668646,4.131574026576527,2.8961903920949537,-0.03286470438140073,1.5043605509754072
11.965825,239.3835616438356,0.65,1.0728997238209397,-1.5043605509754072,-0.10604106619855594,-0.09883595255380412,0.1,-1.418658454601519,-75.79614951668646,0.2420385048331355,75.79614951668646,4.131574026576527,2.8961903920949537,-0.03280103814473921,1.5043605509754072
11.965825,241.40410958904107,0.65,1.0726042508604623,-1.5043605509754072,-0.10604106619855594,-0.09886317913945232,0.1,-1.418658454601519,-75.79614951668646,0.2420385048331355,75.79614951668646,4.131574026576527,2.8961903920949537,-0.03273801139379045,1.5043605509754072
11.965825,243.42465753424656,0.65,1.0723118816008697,-1.5043605509754072,-0.10604106619855594,-0.09889013450102382,0.1,-1.418658454601519,-75.79614951668646,0.2420385048331355,75.79614951668646,4.131574026576527,2.8961903920949537,-0.03267561249873791,1.5043605509754072
11.965825,245.44520547945203,0.65,1.072022558080945,-1.5043605509754072,-0.10604106619855594,-0.09891682353063798,0.1,-1.418658454601519,-75.79614951668646,0.2420385048331355,75.79614951668646,4.131574026576527,2.8961903920949537,-0.03261383013482753,1.5043605509754072
11.965825,247.46575342465752,0.65,1.0717362238877202,-1.5043605509754072,-0.10604106619855594,-0.09894325099313361,0.1,-1.418658454601519,-75.79614951668646,0.2420385048331355,75.79614951668646,4.131574026576527,2.8961903920949537,-0.032552653271946445,1.5043605509754072
11.965825,249.48630136986299,0.65,1.0714528241028776,-1.5043605509754072,-0.10604106619855594,-0.098969421530382,0.1,-1.418658454601519,-75.79614951668646,0.2420385048331355,75.79614951668646,4.131574026576527,2.8961903920949537,-0.03249207116463916,1.5043605509754072
11.965825,251.50684931506848,0.65,1.071172305251425,-1.5043605509754072,-0.10604106619855594,-0.09899533966542015,0.1,-1.418658454601519,-75.79614951668646,0.2420385048331355,75.79614951668646,4.131574026576527,2.8961903920949537,-0.032432073342539385,1.5043605509754072
11.965825,253.52739726027394,0.65,1.0708946152525298,-1.5043605509754072,-0.10604106619855594,-0.09902100980641329,0.1,-1.418658454601519,-75.79614951668646,0.2420385048331355,75.79614951668646,4.131574026576527,2.8961903920949537,-0.03237264960119703,1.5043605509754072
11.965825,255.54794520547944,0.65,1.0706197033724028,-1.5043605509754072,-0.10604106619855594,-0.0990464362504552,0.1,-1.418658454601519,-75.79614951668646,0.2420385048331355,75.79614951668646,4.131574026576527,2.8961903920949537,-0.03231378999328114,1.5043605509754072
11.965825,257.5684931506849,0.65,1.0703475201791341,-1.5043605509754072,-0.10604106619855594,-0.09907162318721384,0.1,-1.418658454601519,-75.79614951668646,0.2420385048331355,75.79614951668646,4.131574026576527,2.8961903920949537,-0.03225548482014044,1.5043605509754072
11.965825,259.58904109589037,0.65,1.0700780174993842,-1.5043605509754072,-0.10604106619855594,-0.09909657470243001,0.1,-1.418658454601519,-75.79614951668646,0.2420385048331355,75.79614951668646,4.131574026576527,2.8961903920949537,-0.032197724623704314,1.5043605509754072
11.965825,261.6095890410959,0.65,1.0698111483768376,-1.5043605509754072,-0.10604106619855594,-0.09912129478127603,0.1,-1.418658454601519,-75.79614951668646,0.2420385048331355,75.79614951668646,4.131574026576527,2.8961903920949537,-0.03214050017870806,1.5043605509754072
11.965825,263.63013698630135,0.65,1.06954686703234,-1.5043605509754072,-0.10604106619855594,-0.09914578731158076,0.1,-1.418658454601519,-75.79614951668646,0.2420385048331355,75.79614951668646,4.131574026576527,2.8961903920949537,-0.032083802485226846,1.5043605509754072
11.965825,265.6506849315068,0.65,1.0692851288256335,-1.5043605509754072,-0.10604106619855594,-0.09917005608692785,0.1,-1.418658454601519,-75.79614951668646,0.2420385048331355,75.79614951668646,4.131574026576527,2.8961903920949537,-0.032027622761504074,1.5043605509754072
11.965825,267.67123287671234,0.65,1.0690258902186163,-1.5043605509754072,-0.10604106619855594,-0.09919410480963234,0.1,-1.418658454601519,-75.79614951668646,0.2420385048331355,75.79614951668646,4.131574026576527,2.8961903920949537,-0.031971952437060254,1.5043605509754072
11.965825,269.6917808219178,0.65,1.0687691087400535,-1.5043605509754072,-0.10604106619855594,-0.09921793709360222,0.1,-1.418658454601519,-75.79614951668646,0.2420385048331355,75.79614951668646,4.131574026576527,2.8961903920949537,-0.03191678314606952,1.5043605509754072
11.965825,271.71232876712327,0.65,1.0685147429516753,-1.5043605509754072,-0.10604106619855594,-0.09924155646708915,0.1,-1.418658454601519,-75.79614951668646,0.2420385048331355,75.79614951668646,4.131574026576527,2.8961903920949537,-0.03186210672099138,1.5043605509754072
11.965825,273.73287671232873,0.65,1.0682627524155923,-1.5043605509754072,-0.10604106619855594,-0.09926496637533438,0.1,-1.418658454601519,-75.79614951668646,0.2420385048331355,75.79614951668646,4.131574026576527,2.8961903920949537,-0.031807915186446066,1.5043605509754072
11.965825,275.75342465753425,0.65,1.0680130976629734,-1.5043605509754072,-0.10604106619855594,-0.0992881701831139,0.1,-1.418658454601519,-75.79614951668646,0.2420385048331355,75.79614951668646,4.131574026576527,2.8961903920949537,-0.03175420075332256,1.5043605509754072
11.965825,277.7739726027397,0.65,1.0677657401639231,-1.5043605509754072,-0.10604106619855594,-0.09931117117718774,0.1,-1.418658454601519,-75.79614951668646,0.2420385048331355,75.79614951668646,4.131574026576527,2.8961903920949537,-0.03170095581310872,1.5043605509754072
11.965825,279.7945205479452,0.65,1.0675206422985093,-1.5043605509754072,-0.10604106619855594,-0.09933397256865767,0.1,-1.418658454601519,-75.79614951668646,0.2420385048331355,75.79614951668646,4.131574026576527,2.8961903920949537,-0.03164817293243356,1.5043605509754072
11.965825,281.81506849315065,0.65,1.0672777673288834,-1.5043605509754072,-0.10604106619855594,-0.0993565774952372,0.1,-1.418658454601519,-75.79614951668646,0.2420385048331355,75.79614951668646,4.131574026576527,2.8961903920949537,-0.03159584484781246,1.5043605509754072
11.965825,283.83561643835617,0.65,1.067037079372451,-1.5043605509754072,-0.10604106619855594,-0.0993789890234378,0.1,-1.418658454601519,-75.79614951668646,0.2420385048331355,75.79614951668646,4.131574026576527,2.8961903920949537,-0.03154396446058613,1.5043605509754072
11.965825,285.85616438356163,0.65,1.0667985433760416,-1.5043605509754072,-0.10604106619855594,-0.09940121015067505,0.1,-1.418658454601519,-75.79614951668646,0.2420385048331355,75.79614951668646,4.131574026576527,2.8961903920949537,-0.03149252483204512,1.5043605509754072
11.965825,287.8767123287671,0.65,1.0665621250910329,-1.5043605509754072,-0.10604106619855594,-0.09942324380729829,0.1,-1.418658454601519,-75.79614951668646,0.2420385048331355,75.79614951668646,4.131574026576527,2.8961903920949537,-0.031441519178731614,1.5043605509754072
11.965825,289.89726027397256,0.65,1.0663277910493936,-1.5043605509754072,-0.10604106619855594,-0.09944509285854672,0.1,-1.418658454601519,-75.79614951668646,0.2420385048331355,75.79614951668646,4.131574026576527,2.8961903920949537,-0.031390940867910916,1.5043605509754072
11.965825,291.9178082191781,0.65,1.0660955085405972,-1.5043605509754072,-0.10604106619855594,-0.0994667601064355,0.1,-1.418658454601519,-75.79614951668646,0.2420385048331355,75.79614951668646,4.131574026576527,2.8961903920949537,-0.031340783413205536,1.5043605509754072
11.965825,293.93835616438355,0.65,1.0658652455893753,-1.5043605509754072,-0.10604106619855594,-0.09948824829157463,0.1,-1.418658454601519,-75.79614951668646,0.2420385048331355,75.79614951668646,4.131574026576527,2.8961903920949537,-0.031291040470384716,1.5043605509754072
11.965825,295.958904109589,0.65,1.065636970934271,-1.5043605509754072,-0.10604106619855594,-0.09950956009492336,0.1,-1.418658454601519,-75.79614951668646,0.2420385048331355,75.79614951668646,4.131574026576527,2.8961903920949537,-0.031241705833302956,1.5043605509754072
11.965825,297.9794520547945,0.65,1.0654106540069597,-1.5043605509754072,-0.10604106619855594,-0.09953069813948306,0.1,-1.418658454601519,-75.79614951668646,0.2420385048331355,75.79614951668646,4.131574026576527,2.8961903920949537,-0.031192773429981367,1.5043605509754072
11.965825,300.0,0.65,1.065186264912305,-1.5043605509754072,-0.10604106619855594,-0.0995516649919309,0.1,-1.418658454601519,-75.79614951668646,0.2420385048331355,75.79614951668646,4.131574026576527,2.8961903920949537,-0.031144237318825742,1.5043605509754072
