N_params_B,D_tokens_B,Q_score,val_loss,predicted_loss,residual,q_quality,model
0.07,10.0,0.1,3.7216,1.9414063851500998,1.7801936148499002,0.9,asymmetric_power_lambda_1
0.07,10.0,0.2,3.6004,2.080924917493658,1.5194750825063421,0.8,asymmetric_power_lambda_1
0.07,10.0,0.3,3.6507,2.226936720792534,1.4237632792074661,0.7,asymmetric_power_lambda_1
0.07,10.0,0.4,3.5704,2.3773318467624733,1.1930681532375265,0.6,asymmetric_power_lambda_1
0.07,10.0,0.6,3.5458,2.6875337212077244,0.8582662787922755,0.4,asymmetric_power_lambda_1
0.07,10.0,0.8,3.353,3.0070479586136534,0.34595204138634683,0.19999999999999996,asymmetric_power_lambda_1
0.07,10.0,0.9,3.2211,3.16956716504491,0.05153283495508987,0.09999999999999998,asymmetric_power_lambda_1
0.07,10.0,1.0,3.1125,3.333670381298071,-0.2211703812980712,0.0,asymmetric_power_lambda_1
0.07,50.0,0.1,3.5105,1.8353185319963676,1.6751814680036323,0.9,asymmetric_power_lambda_1
0.07,50.0,0.2,3.4001,1.9748370643399258,1.4252629356600743,0.8,asymmetric_power_lambda_1
0.07,50.0,0.3,3.3596,2.1208488676388018,1.2387511323611982,0.7,asymmetric_power_lambda_1
0.07,50.0,0.4,3.2727,2.271243993608741,1.0014560063912588,0.6,asymmetric_power_lambda_1
0.07,50.0,0.6,3.0798,2.5814458680539922,0.49835413194600786,0.4,asymmetric_power_lambda_1
0.07,50.0,0.8,3.1431,2.9009601054599212,0.24213989454007878,0.19999999999999996,asymmetric_power_lambda_1
0.07,50.0,0.9,3.0628,3.063479311891178,-0.0006793118911776475,0.09999999999999998,asymmetric_power_lambda_1
0.07,50.0,1.0,2.9922,3.227582528144339,-0.2353825281443389,0.0,asymmetric_power_lambda_1
0.07,150.0,0.1,3.384,1.7847015675501643,1.5992984324498356,0.9,asymmetric_power_lambda_1
0.07,150.0,0.2,3.2214,1.9242200998937224,1.2971799001062776,0.8,asymmetric_power_lambda_1
0.07,150.0,0.3,3.3529,2.070231903192598,1.2826680968074018,0.7,asymmetric_power_lambda_1
0.07,150.0,0.4,3.1687,2.2206270291625376,0.9480729708374622,0.6,asymmetric_power_lambda_1
0.07,150.0,0.6,3.1017,2.5308289036077887,0.5708710963922115,0.4,asymmetric_power_lambda_1
0.07,150.0,0.8,3.0179,2.850343141013718,0.16755685898628192,0.19999999999999996,asymmetric_power_lambda_1
0.07,150.0,0.9,2.7658,3.0128623474449743,-0.24706234744497424,0.09999999999999998,asymmetric_power_lambda_1
0.07,150.0,1.0,2.9653,3.1769655636981353,-0.21166556369813527,0.0,asymmetric_power_lambda_1
0.07,300.0,0.1,3.2863,1.7594901274209243,1.526809872579076,0.9,asymmetric_power_lambda_1
0.07,300.0,0.2,3.1355,1.8990086597644824,1.2364913402355175,0.8,asymmetric_power_lambda_1
0.07,300.0,0.3,3.1588,2.0450204630633584,1.1137795369366414,0.7,asymmetric_power_lambda_1
0.07,300.0,0.4,3.2809,2.195415589033298,1.0854844109667021,0.6,asymmetric_power_lambda_1
0.07,300.0,0.6,3.0098,2.505617463478549,0.504182536521451,0.4,asymmetric_power_lambda_1
0.07,300.0,0.8,2.8391,2.8251317008844783,0.013968299115521887,0.19999999999999996,asymmetric_power_lambda_1
0.07,300.0,0.9,2.858,2.987650907315734,-0.12965090731573392,0.09999999999999998,asymmetric_power_lambda_1
0.07,300.0,1.0,2.837,3.151754123568895,-0.3147541235688949,0.0,asymmetric_power_lambda_1
0.07,600.0,0.1,3.1971,1.738459638252099,1.458640361747901,0.9,asymmetric_power_lambda_1
0.07,600.0,0.2,3.1469,1.877978170595657,1.268921829404343,0.8,asymmetric_power_lambda_1
0.07,600.0,0.3,3.1946,2.023989973894533,1.170610026105467,0.7,asymmetric_power_lambda_1
0.07,600.0,0.4,3.1242,2.1743850998644723,0.9498149001355278,0.6,asymmetric_power_lambda_1
0.07,600.0,0.6,2.9753,2.4845869743097233,0.4907130256902765,0.4,asymmetric_power_lambda_1
0.07,600.0,0.8,2.8695,2.8041012117156527,0.0653987882843472,0.19999999999999996,asymmetric_power_lambda_1
0.07,600.0,0.9,2.8303,2.966620418146909,-0.1363204181469091,0.09999999999999998,asymmetric_power_lambda_1
0.07,600.0,1.0,2.747,3.13072363440007,-0.38372363440007007,0.0,asymmetric_power_lambda_1
0.16,10.0,0.1,3.4765,1.676531647322325,1.799968352677675,0.9,asymmetric_power_lambda_1
0.16,10.0,0.2,3.4324,1.8160501796658832,1.6163498203341167,0.8,asymmetric_power_lambda_1
0.16,10.0,0.3,3.46,1.962061982964759,1.497938017035241,0.7,asymmetric_power_lambda_1
0.16,10.0,0.4,3.2484,2.1124571089346986,1.1359428910653016,0.6,asymmetric_power_lambda_1
0.16,10.0,0.6,3.269,2.4226589833799497,0.8463410166200505,0.4,asymmetric_power_lambda_1
0.16,10.0,0.8,3.2072,2.7421732207858787,0.46502677921412117,0.19999999999999996,asymmetric_power_lambda_1
0.16,10.0,0.9,3.0024,2.9046924272171353,0.0977075727828649,0.09999999999999998,asymmetric_power_lambda_1
0.16,10.0,1.0,3.0121,3.0687956434702963,-0.0566956434702961,0.0,asymmetric_power_lambda_1
0.16,50.0,0.1,3.2175,1.570443794168593,1.6470562058314069,0.9,asymmetric_power_lambda_1
0.16,50.0,0.2,3.1458,1.709962326512151,1.4358376734878489,0.8,asymmetric_power_lambda_1
0.16,50.0,0.3,3.0796,1.8559741298110268,1.2236258701889733,0.7,asymmetric_power_lambda_1
0.16,50.0,0.4,3.002,2.0063692557809665,0.9956307442190333,0.6,asymmetric_power_lambda_1
0.16,50.0,0.6,2.8375,2.3165711302262175,0.5209288697737824,0.4,asymmetric_power_lambda_1
0.16,50.0,0.8,2.894,2.6360853676321465,0.2579146323678536,0.19999999999999996,asymmetric_power_lambda_1
0.16,50.0,0.9,2.6326,2.798604574063403,-0.16600457406340308,0.09999999999999998,asymmetric_power_lambda_1
0.16,50.0,1.0,2.793,2.962707790316564,-0.16970779031656402,0.0,asymmetric_power_lambda_1
0.16,150.0,0.1,3.1249,1.5198268297223896,1.6050731702776102,0.9,asymmetric_power_lambda_1
0.16,150.0,0.2,2.9746,1.6593453620659477,1.3152546379340524,0.8,asymmetric_power_lambda_1
0.16,150.0,0.3,3.0125,1.8053571653648235,1.2071428346351767,0.7,asymmetric_power_lambda_1
0.16,150.0,0.4,2.9738,1.9557522913347631,1.018047708665237,0.6,asymmetric_power_lambda_1
0.16,150.0,0.6,2.8802,2.265954165780014,0.6142458342199859,0.4,asymmetric_power_lambda_1
0.16,150.0,0.8,2.725,2.5854684031859434,0.1395315968140567,0.19999999999999996,asymmetric_power_lambda_1
0.16,150.0,0.9,2.7204,2.7479876096171996,-0.027587609617199416,0.09999999999999998,asymmetric_power_lambda_1
0.16,150.0,1.0,2.6657,2.9120908258703606,-0.24639082587036043,0.0,asymmetric_power_lambda_1
0.16,300.0,0.1,2.9719,1.4946153895931495,1.4772846104068507,0.9,asymmetric_power_lambda_1
0.16,300.0,0.2,2.9407,1.6341339219367077,1.3065660780632924,0.8,asymmetric_power_lambda_1
0.16,300.0,0.3,2.956,1.7801457252355835,1.1758542747644165,0.7,asymmetric_power_lambda_1
0.16,300.0,0.4,2.8482,1.930540851205523,0.9176591487944767,0.6,asymmetric_power_lambda_1
0.16,300.0,0.6,2.8081,2.240742725650774,0.5673572743492259,0.4,asymmetric_power_lambda_1
0.16,300.0,0.8,2.6978,2.5602569630567036,0.1375430369432964,0.19999999999999996,asymmetric_power_lambda_1
0.16,300.0,0.9,2.6348,2.7227761694879593,-0.0879761694879595,0.09999999999999998,asymmetric_power_lambda_1
0.16,300.0,1.0,2.6071,2.8868793857411204,-0.2797793857411204,0.0,asymmetric_power_lambda_1
0.16,600.0,0.1,2.98,1.4735849004243242,1.5064150995756758,0.9,asymmetric_power_lambda_1
0.16,600.0,0.2,2.9212,1.6131034327678824,1.3080965672321174,0.8,asymmetric_power_lambda_1
0.16,600.0,0.3,2.8818,1.7591152360667581,1.122684763933242,0.7,asymmetric_power_lambda_1
0.16,600.0,0.4,2.8627,1.9095103620366978,0.953189637963302,0.6,asymmetric_power_lambda_1
0.16,600.0,0.6,2.7288,2.2197122364819486,0.5090877635180515,0.4,asymmetric_power_lambda_1
0.16,600.0,0.8,2.658,2.539226473887878,0.11877352611212189,0.19999999999999996,asymmetric_power_lambda_1
0.16,600.0,0.9,2.5923,2.701745680319134,-0.10944568031913438,0.09999999999999998,asymmetric_power_lambda_1
0.16,600.0,1.0,2.5781,2.8658488965722952,-0.2877488965722952,0.0,asymmetric_power_lambda_1
0.41,10.0,0.1,3.228,1.4311519137380844,1.7968480862619158,0.9,asymmetric_power_lambda_1
0.41,10.0,0.2,3.2291,1.5706704460816425,1.6584295539183573,0.8,asymmetric_power_lambda_1
0.41,10.0,0.3,3.2054,1.7166822493805183,1.4887177506194818,0.7,asymmetric_power_lambda_1
0.41,10.0,0.4,3.0181,1.867077375350458,1.151022624649542,0.6,asymmetric_power_lambda_1
0.41,10.0,0.6,3.0836,2.177279249795709,0.9063207502042911,0.4,asymmetric_power_lambda_1
0.41,10.0,0.8,2.9795,2.4967934872016384,0.4827065127983614,0.19999999999999996,asymmetric_power_lambda_1
0.41,10.0,0.9,2.8227,2.659312693632894,0.16338730636710608,0.09999999999999998,asymmetric_power_lambda_1
0.41,10.0,1.0,2.9558,2.823415909886055,0.1323840901139448,0.0,asymmetric_power_lambda_1
0.41,50.0,0.1,2.976,1.3250640605843522,1.6509359394156478,0.9,asymmetric_power_lambda_1
0.41,50.0,0.2,2.9489,1.4645825929279104,1.4843174070720897,0.8,asymmetric_power_lambda_1
0.41,50.0,0.3,2.9676,1.6105943962267861,1.3570056037732139,0.7,asymmetric_power_lambda_1
0.41,50.0,0.4,2.8049,1.7609895221967258,1.0439104778032742,0.6,asymmetric_power_lambda_1
0.41,50.0,0.6,2.6958,2.071191396641977,0.6246086033580234,0.4,asymmetric_power_lambda_1
0.41,50.0,0.8,2.6518,2.3907056340479063,0.2610943659520939,0.19999999999999996,asymmetric_power_lambda_1
0.41,50.0,0.9,2.6355,2.553224840479162,0.08227515952083797,0.09999999999999998,asymmetric_power_lambda_1
0.41,50.0,1.0,2.6047,2.717328056732323,-0.11262805673232323,0.0,asymmetric_power_lambda_1
0.41,150.0,0.1,2.8727,1.2744470961381489,1.5982529038618511,0.9,asymmetric_power_lambda_1
0.41,150.0,0.2,2.8815,1.413965628481707,1.467534371518293,0.8,asymmetric_power_lambda_1
0.41,150.0,0.3,2.7186,1.5599774317805828,1.1586225682194171,0.7,asymmetric_power_lambda_1
0.41,150.0,0.4,2.6566,1.7103725577505224,0.9462274422494776,0.6,asymmetric_power_lambda_1
0.41,150.0,0.6,2.6516,2.0205744321957733,0.6310255678042269,0.4,asymmetric_power_lambda_1
0.41,150.0,0.8,2.5539,2.3400886696017027,0.21381133039829736,0.19999999999999996,asymmetric_power_lambda_1
0.41,150.0,0.9,2.5112,2.502607876032959,0.008592123967041232,0.09999999999999998,asymmetric_power_lambda_1
0.41,150.0,1.0,2.4068,2.66671109228612,-0.25991109228611986,0.0,asymmetric_power_lambda_1
0.41,300.0,0.1,2.8085,1.2492356560089088,1.5592643439910912,0.9,asymmetric_power_lambda_1
0.41,300.0,0.2,2.7682,1.388754188352467,1.3794458116475332,0.8,asymmetric_power_lambda_1
0.41,300.0,0.3,2.6832,1.5347659916513428,1.148434008348657,0.7,asymmetric_power_lambda_1
0.41,300.0,0.4,2.7891,1.6851611176212824,1.1039388823787175,0.6,asymmetric_power_lambda_1
0.41,300.0,0.6,2.5211,1.9953629920665334,0.5257370079334667,0.4,asymmetric_power_lambda_1
0.41,300.0,0.8,2.549,2.3148772294724624,0.2341227705275375,0.19999999999999996,asymmetric_power_lambda_1
0.41,300.0,0.9,2.432,2.477396435903719,-0.04539643590371911,0.09999999999999998,asymmetric_power_lambda_1
0.41,300.0,1.0,2.3791,2.64149965215688,-0.2623996521568799,0.0,asymmetric_power_lambda_1
0.41,600.0,0.1,2.6695,1.2282051668400835,1.4412948331599167,0.9,asymmetric_power_lambda_1
0.41,600.0,0.2,2.7354,1.3677236991836417,1.3676763008163582,0.8,asymmetric_power_lambda_1
0.41,600.0,0.3,2.6187,1.5137355024825174,1.1049644975174826,0.7,asymmetric_power_lambda_1
0.41,600.0,0.4,2.5858,1.664130628452457,0.9216693715475428,0.6,asymmetric_power_lambda_1
0.41,600.0,0.6,2.5121,1.974332502897708,0.5377674971022923,0.4,asymmetric_power_lambda_1
0.41,600.0,0.8,2.4741,2.2938467403036373,0.18025325969636263,0.19999999999999996,asymmetric_power_lambda_1
0.41,600.0,0.9,2.471,2.4563659467348935,0.014634053265106584,0.09999999999999998,asymmetric_power_lambda_1
0.41,600.0,1.0,2.3932,2.6204691629880545,-0.22726916298805433,0.0,asymmetric_power_lambda_1
0.7,10.0,0.1,3.1919,1.3139035388288414,1.8779964611711586,0.9,asymmetric_power_lambda_1
0.7,10.0,0.2,3.1552,1.4534220711723995,1.7017779288276003,0.8,asymmetric_power_lambda_1
0.7,10.0,0.3,3.0155,1.5994338744712753,1.4160661255287246,0.7,asymmetric_power_lambda_1
0.7,10.0,0.4,3.0148,1.749829000441215,1.2649709995587852,0.6,asymmetric_power_lambda_1
0.7,10.0,0.6,2.9615,2.0600308748864657,0.9014691251135343,0.4,asymmetric_power_lambda_1
0.7,10.0,0.8,2.8692,2.379545112292395,0.489654887707605,0.19999999999999996,asymmetric_power_lambda_1
0.7,10.0,0.9,2.7928,2.5420643187236514,0.2507356812763488,0.09999999999999998,asymmetric_power_lambda_1
0.7,10.0,1.0,2.8304,2.7061675349768124,0.12423246502318763,0.0,asymmetric_power_lambda_1
0.7,50.0,0.1,2.8444,1.2078156856751092,1.6365843143248906,0.9,asymmetric_power_lambda_1
0.7,50.0,0.2,2.8069,1.3473342180186674,1.4595657819813328,0.8,asymmetric_power_lambda_1
0.7,50.0,0.3,2.7973,1.4933460213175431,1.3039539786824568,0.7,asymmetric_power_lambda_1
0.7,50.0,0.4,2.7324,1.6437411472874828,1.0886588527125174,0.6,asymmetric_power_lambda_1
0.7,50.0,0.6,2.6134,1.9539430217327336,0.6594569782672663,0.4,asymmetric_power_lambda_1
0.7,50.0,0.8,2.6409,2.273457259138663,0.36744274086133677,0.19999999999999996,asymmetric_power_lambda_1
0.7,50.0,0.9,2.5496,2.435976465569919,0.11362353443008066,0.09999999999999998,asymmetric_power_lambda_1
0.7,50.0,1.0,2.5581,2.6000796818230802,-0.041979681823080206,0.0,asymmetric_power_lambda_1
0.7,150.0,0.1,2.7893,1.1571987212289059,1.632101278771094,0.9,asymmetric_power_lambda_1
0.7,150.0,0.2,2.6375,1.296717253572464,1.3407827464275361,0.8,asymmetric_power_lambda_1
0.7,150.0,0.3,2.6856,1.4427290568713398,1.2428709431286602,0.7,asymmetric_power_lambda_1
0.7,150.0,0.4,2.5991,1.5931241828412794,1.0059758171587205,0.6,asymmetric_power_lambda_1
0.7,150.0,0.6,2.5608,1.9033260572865305,0.6574739427134695,0.4,asymmetric_power_lambda_1
0.7,150.0,0.8,2.5043,2.2228402946924595,0.2814597053075407,0.19999999999999996,asymmetric_power_lambda_1
0.7,150.0,0.9,2.4035,2.385359501123716,0.018140498876284106,0.09999999999999998,asymmetric_power_lambda_1
0.7,150.0,1.0,2.3542,2.549462717376877,-0.19526271737687706,0.0,asymmetric_power_lambda_1
0.7,300.0,0.1,2.6722,1.1319872810996658,1.5402127189003343,0.9,asymmetric_power_lambda_1
0.7,300.0,0.2,2.6214,1.271505813443224,1.349894186556776,0.8,asymmetric_power_lambda_1
0.7,300.0,0.3,2.5759,1.4175176167420998,1.1583823832579,0.7,asymmetric_power_lambda_1
0.7,300.0,0.4,2.5792,1.5679127427120394,1.0112872572879608,0.6,asymmetric_power_lambda_1
0.7,300.0,0.6,2.4842,1.8781146171572902,0.6060853828427097,0.4,asymmetric_power_lambda_1
0.7,300.0,0.8,2.4416,2.1976288545632197,0.24397114543678056,0.19999999999999996,asymmetric_power_lambda_1
0.7,300.0,0.9,2.4128,2.360148060994476,0.05265193900552401,0.09999999999999998,asymmetric_power_lambda_1
0.7,300.0,1.0,2.3149,2.524251277247637,-0.2093512772476367,0.0,asymmetric_power_lambda_1
0.7,600.0,0.1,2.5974,1.1109567919308405,1.4864432080691594,0.9,asymmetric_power_lambda_1
0.7,600.0,0.2,2.5998,1.2504753242743987,1.3493246757256014,0.8,asymmetric_power_lambda_1
0.7,600.0,0.3,2.5611,1.3964871275732744,1.1646128724267257,0.7,asymmetric_power_lambda_1
0.7,600.0,0.4,2.5225,1.546882253543214,0.9756177464567859,0.6,asymmetric_power_lambda_1
0.7,600.0,0.6,2.51,1.857084127988465,0.6529158720115349,0.4,asymmetric_power_lambda_1
0.7,600.0,0.8,2.4421,2.176598365394394,0.26550163460560583,0.19999999999999996,asymmetric_power_lambda_1
0.7,600.0,0.9,2.2624,2.3391175718256503,-0.07671757182565031,0.09999999999999998,asymmetric_power_lambda_1
0.7,600.0,1.0,2.3039,2.5032207880788113,-0.19932078807881126,0.0,asymmetric_power_lambda_1
1.0,10.0,0.1,3.0483,1.2434806108349528,1.804819389165047,0.9,asymmetric_power_lambda_1
1.0,10.0,0.2,2.968,1.382999143178511,1.585000856821489,0.8,asymmetric_power_lambda_1
1.0,10.0,0.3,2.8948,1.5290109464773867,1.3657890535226134,0.7,asymmetric_power_lambda_1
1.0,10.0,0.4,2.8223,1.6794060724473263,1.1428939275526735,0.6,asymmetric_power_lambda_1
1.0,10.0,0.6,2.8442,1.9896079468925771,0.8545920531074227,0.4,asymmetric_power_lambda_1
1.0,10.0,0.8,2.7546,2.3091221842985066,0.44547781570149336,0.19999999999999996,asymmetric_power_lambda_1
1.0,10.0,0.9,2.7505,2.4716413907297627,0.2788586092702374,0.09999999999999998,asymmetric_power_lambda_1
1.0,10.0,1.0,2.6827,2.635744606982924,0.0469553930170763,0.0,asymmetric_power_lambda_1
1.0,50.0,0.1,2.8264,1.1373927576812206,1.6890072423187794,0.9,asymmetric_power_lambda_1
1.0,50.0,0.2,2.8076,1.2769112900247788,1.530688709975221,0.8,asymmetric_power_lambda_1
1.0,50.0,0.3,2.6823,1.4229230933236545,1.2593769066763456,0.7,asymmetric_power_lambda_1
1.0,50.0,0.4,2.6528,1.5733182192935942,1.0794817807064059,0.6,asymmetric_power_lambda_1
1.0,50.0,0.6,2.6707,1.883520093738845,0.7871799062611551,0.4,asymmetric_power_lambda_1
1.0,50.0,0.8,2.4922,2.2030343311447744,0.28916566885522554,0.19999999999999996,asymmetric_power_lambda_1
1.0,50.0,0.9,2.5805,2.3655535375760306,0.2149464624239692,0.09999999999999998,asymmetric_power_lambda_1
1.0,50.0,1.0,2.5615,2.5296567538291916,0.03184324617080847,0.0,asymmetric_power_lambda_1
1.0,150.0,0.1,2.6482,1.0867757932350175,1.5614242067649826,0.9,asymmetric_power_lambda_1
1.0,150.0,0.2,2.6343,1.2262943255785754,1.4080056744214247,0.8,asymmetric_power_lambda_1
1.0,150.0,0.3,2.6133,1.3723061288774514,1.2409938711225488,0.7,asymmetric_power_lambda_1
1.0,150.0,0.4,2.5016,1.5227012548473908,0.978898745152609,0.6,asymmetric_power_lambda_1
1.0,150.0,0.6,2.5859,1.8329031292926419,0.7529968707073582,0.4,asymmetric_power_lambda_1
1.0,150.0,0.8,2.3211,2.1524173666985713,0.16868263330142863,0.19999999999999996,asymmetric_power_lambda_1
1.0,150.0,0.9,2.3833,2.3149365731298275,0.06836342687017272,0.09999999999999998,asymmetric_power_lambda_1
1.0,150.0,1.0,2.334,2.4790397893829885,-0.14503978938298845,0.0,asymmetric_power_lambda_1
1.0,300.0,0.1,2.6943,1.0615643531057772,1.632735646894223,0.9,asymmetric_power_lambda_1
1.0,300.0,0.2,2.5728,1.2010828854493354,1.3717171145506646,0.8,asymmetric_power_lambda_1
1.0,300.0,0.3,2.4688,1.3470946887482111,1.1217053112517887,0.7,asymmetric_power_lambda_1
1.0,300.0,0.4,2.5249,1.4974898147181508,1.0274101852818494,0.6,asymmetric_power_lambda_1
1.0,300.0,0.6,2.4469,1.8076916891634016,0.6392083108365982,0.4,asymmetric_power_lambda_1
1.0,300.0,0.8,2.4239,2.127205926569331,0.2966940734306691,0.19999999999999996,asymmetric_power_lambda_1
1.0,300.0,0.9,2.2509,2.289725133000587,-0.0388251330005871,0.09999999999999998,asymmetric_power_lambda_1
1.0,300.0,1.0,2.342,2.4538283492537483,-0.11182834925374818,0.0,asymmetric_power_lambda_1
1.0,600.0,0.1,2.6008,1.040533863936952,1.560266136063048,0.9,asymmetric_power_lambda_1
1.0,600.0,0.2,2.4894,1.18005239628051,1.3093476037194898,0.8,asymmetric_power_lambda_1
1.0,600.0,0.3,2.4439,1.3260641995793858,1.1178358004206144,0.7,asymmetric_power_lambda_1
1.0,600.0,0.4,2.4229,1.4764593255493255,0.9464406744506744,0.6,asymmetric_power_lambda_1
1.0,600.0,0.6,2.4336,1.7866611999945765,0.6469388000054237,0.4,asymmetric_power_lambda_1
1.0,600.0,0.8,2.3549,2.1061754374005055,0.24872456259949471,0.19999999999999996,asymmetric_power_lambda_1
1.0,600.0,0.9,2.2636,2.268694643831762,-0.00509464383176228,0.09999999999999998,asymmetric_power_lambda_1
1.0,600.0,1.0,2.2915,2.432797860084923,-0.14129786008492307,0.0,asymmetric_power_lambda_1
2.8,10.0,0.1,2.9592,1.0702067540488358,1.8889932459511642,0.9,asymmetric_power_lambda_1
2.8,10.0,0.2,2.8431,1.209725286392394,1.6333747136076062,0.8,asymmetric_power_lambda_1
2.8,10.0,0.3,2.8867,1.3557370896912697,1.53096291030873,0.7,asymmetric_power_lambda_1
2.8,10.0,0.4,2.771,1.5061322156612094,1.2648677843387905,0.6,asymmetric_power_lambda_1
2.8,10.0,0.6,2.7064,1.8163340901064604,0.8900659098935395,0.4,asymmetric_power_lambda_1
2.8,10.0,0.8,2.651,2.13584832751239,0.51515167248761,0.19999999999999996,asymmetric_power_lambda_1
2.8,10.0,0.9,2.6397,2.2983675339436456,0.34133246605635437,0.09999999999999998,asymmetric_power_lambda_1
2.8,10.0,1.0,2.484,2.4624707501968066,0.021529249803193373,0.0,asymmetric_power_lambda_1
2.8,50.0,0.1,2.5785,0.9641189008951037,1.6143810991048964,0.9,asymmetric_power_lambda_1
2.8,50.0,0.2,2.4874,1.1036374332386618,1.3837625667613382,0.8,asymmetric_power_lambda_1
2.8,50.0,0.3,2.5971,1.2496492365375376,1.3474507634624626,0.7,asymmetric_power_lambda_1
2.8,50.0,0.4,2.5963,1.4000443625074772,1.1962556374925226,0.6,asymmetric_power_lambda_1
2.8,50.0,0.6,2.5446,1.710246236952728,0.8343537630472719,0.4,asymmetric_power_lambda_1
2.8,50.0,0.8,2.3227,2.0297604743586573,0.29293952564134296,0.19999999999999996,asymmetric_power_lambda_1
2.8,50.0,0.9,2.3871,2.1922796807899134,0.1948203192100868,0.09999999999999998,asymmetric_power_lambda_1
2.8,50.0,1.0,2.2984,2.3563828970430745,-0.057982897043074466,0.0,asymmetric_power_lambda_1
2.8,150.0,0.1,2.4446,0.9135019364489003,1.5310980635510996,0.9,asymmetric_power_lambda_1
2.8,150.0,0.2,2.4506,1.0530204687924585,1.3975795312075416,0.8,asymmetric_power_lambda_1
2.8,150.0,0.3,2.3889,1.1990322720913342,1.1898677279086658,0.7,asymmetric_power_lambda_1
2.8,150.0,0.4,2.5101,1.3494273980612739,1.1606726019387261,0.6,asymmetric_power_lambda_1
2.8,150.0,0.6,2.2938,1.6596292725065247,0.6341707274934754,0.4,asymmetric_power_lambda_1
2.8,150.0,0.8,2.2577,1.9791435099124541,0.2785564900875457,0.19999999999999996,asymmetric_power_lambda_1
2.8,150.0,0.9,2.2652,2.1416627163437103,0.1235372836562898,0.09999999999999998,asymmetric_power_lambda_1
2.8,150.0,1.0,2.2464,2.3057659325968713,-0.059365932596871396,0.0,asymmetric_power_lambda_1
2.8,300.0,0.1,2.446,0.8882904963196603,1.55770950368034,0.9,asymmetric_power_lambda_1
2.8,300.0,0.2,2.3643,1.0278090286632184,1.3364909713367816,0.8,asymmetric_power_lambda_1
2.8,300.0,0.3,2.3988,1.1738208319620942,1.2249791680379059,0.7,asymmetric_power_lambda_1
2.8,300.0,0.4,2.3719,1.3242159579320338,1.0476840420679663,0.6,asymmetric_power_lambda_1
2.8,300.0,0.6,2.3342,1.6344178323772849,0.6997821676227152,0.4,asymmetric_power_lambda_1
2.8,300.0,0.8,2.2389,1.953932069783214,0.284967930216786,0.19999999999999996,asymmetric_power_lambda_1
2.8,300.0,0.9,2.2601,2.1164512762144705,0.1436487237855295,0.09999999999999998,asymmetric_power_lambda_1
2.8,300.0,1.0,2.1271,2.2805544924676315,-0.15345449246763154,0.0,asymmetric_power_lambda_1
2.8,600.0,0.1,2.4515,0.867260007150835,1.5842399928491648,0.9,asymmetric_power_lambda_1
2.8,600.0,0.2,2.4042,1.0067785394943929,1.397421460505607,0.8,asymmetric_power_lambda_1
2.8,600.0,0.3,2.3538,1.1527903427932689,1.2010096572067313,0.7,asymmetric_power_lambda_1
2.8,600.0,0.4,2.3322,1.3031854687632083,1.0290145312367915,0.6,asymmetric_power_lambda_1
2.8,600.0,0.6,2.2986,1.6133873432084593,0.6852126567915406,0.4,asymmetric_power_lambda_1
2.8,600.0,0.8,2.2378,1.9329015806143888,0.30489841938561124,0.19999999999999996,asymmetric_power_lambda_1
2.8,600.0,0.9,2.1287,2.095420787045645,0.033279212954354875,0.09999999999999998,asymmetric_power_lambda_1
2.8,600.0,1.0,2.1935,2.259524003298806,-0.0660240032988062,0.0,asymmetric_power_lambda_1
4.0,10.0,0.1,2.855,1.0192615683128665,1.8357384316871335,0.9,asymmetric_power_lambda_1
4.0,10.0,0.2,2.872,1.1587801006564247,1.7132198993435752,0.8,asymmetric_power_lambda_1
4.0,10.0,0.3,2.8016,1.3047919039553004,1.4968080960446997,0.7,asymmetric_power_lambda_1
4.0,10.0,0.4,2.6993,1.45518702992524,1.24411297007476,0.6,asymmetric_power_lambda_1
4.0,10.0,0.6,2.631,1.7653889043704911,0.8656110956295087,0.4,asymmetric_power_lambda_1
4.0,10.0,0.8,2.6463,2.0849031417764206,0.5613968582235795,0.19999999999999996,asymmetric_power_lambda_1
4.0,10.0,0.9,2.6487,2.2474223482076763,0.40127765179232355,0.09999999999999998,asymmetric_power_lambda_1
4.0,10.0,1.0,2.4852,2.4115255644608373,0.07367443553916253,0.0,asymmetric_power_lambda_1
4.0,50.0,0.1,2.5657,0.9131737151591344,1.6525262848408657,0.9,asymmetric_power_lambda_1
4.0,50.0,0.2,2.6024,1.0526922475026925,1.5497077524973073,0.8,asymmetric_power_lambda_1
4.0,50.0,0.3,2.5078,1.1987040508015683,1.3090959491984318,0.7,asymmetric_power_lambda_1
4.0,50.0,0.4,2.5793,1.349099176771508,1.230200823228492,0.6,asymmetric_power_lambda_1
4.0,50.0,0.6,2.4706,1.659301051216759,0.8112989487832412,0.4,asymmetric_power_lambda_1
4.0,50.0,0.8,2.4391,1.9788152886226882,0.46028471137731164,0.19999999999999996,asymmetric_power_lambda_1
4.0,50.0,0.9,2.3223,2.141334495053944,0.18096550494605568,0.09999999999999998,asymmetric_power_lambda_1
4.0,50.0,1.0,2.4105,2.305437711307105,0.10506228869289469,0.0,asymmetric_power_lambda_1
4.0,150.0,0.1,2.494,0.8625567507129313,1.631443249287069,0.9,asymmetric_power_lambda_1
4.0,150.0,0.2,2.4505,1.0020752830564894,1.4484247169435105,0.8,asymmetric_power_lambda_1
4.0,150.0,0.3,2.4411,1.1480870863553652,1.2930129136446349,0.7,asymmetric_power_lambda_1
4.0,150.0,0.4,2.3929,1.2984822123253048,1.0944177876746952,0.6,asymmetric_power_lambda_1
4.0,150.0,0.6,2.3873,1.6086840867705556,0.7786159132294446,0.4,asymmetric_power_lambda_1
4.0,150.0,0.8,2.2679,1.9281983241764848,0.3397016758235152,0.19999999999999996,asymmetric_power_lambda_1
4.0,150.0,0.9,2.2339,2.090717530607741,0.1431824693922592,0.09999999999999998,asymmetric_power_lambda_1
4.0,150.0,1.0,2.2102,2.254820746860902,-0.044620746860902116,0.0,asymmetric_power_lambda_1
4.0,300.0,0.1,2.4125,0.837345310583691,1.575154689416309,0.9,asymmetric_power_lambda_1
4.0,300.0,0.2,2.3793,0.9768638429272491,1.402436157072751,0.8,asymmetric_power_lambda_1
4.0,300.0,0.3,2.2697,1.122875646226125,1.146824353773875,0.7,asymmetric_power_lambda_1
4.0,300.0,0.4,2.3711,1.2732707721960645,1.0978292278039357,0.6,asymmetric_power_lambda_1
4.0,300.0,0.6,2.2294,1.5834726466413156,0.6459273533586845,0.4,asymmetric_power_lambda_1
4.0,300.0,0.8,2.1962,1.9029868840472448,0.29321311595275534,0.19999999999999996,asymmetric_power_lambda_1
4.0,300.0,0.9,2.1753,2.065506090478501,0.10979390952149881,0.09999999999999998,asymmetric_power_lambda_1
4.0,300.0,1.0,2.1975,2.2296093067316622,-0.03210930673166246,0.0,asymmetric_power_lambda_1
4.0,600.0,0.1,2.2637,0.8163148214148657,1.4473851785851344,0.9,asymmetric_power_lambda_1
4.0,600.0,0.2,2.2681,0.9558333537584238,1.3122666462415762,0.8,asymmetric_power_lambda_1
4.0,600.0,0.3,2.403,1.1018451570572996,1.3011548429427005,0.7,asymmetric_power_lambda_1
4.0,600.0,0.4,2.3312,1.2522402830272392,1.0789597169727607,0.6,asymmetric_power_lambda_1
4.0,600.0,0.6,2.2966,1.56244215747249,0.7341578425275102,0.4,asymmetric_power_lambda_1
4.0,600.0,0.8,2.16,1.8819563948784195,0.27804360512158066,0.19999999999999996,asymmetric_power_lambda_1
4.0,600.0,0.9,2.1978,2.0444756013096756,0.15332439869032433,0.09999999999999998,asymmetric_power_lambda_1
4.0,600.0,1.0,2.1107,2.2085788175628367,-0.09787881756283667,0.0,asymmetric_power_lambda_1
6.9,10.0,0.1,2.7585,0.9491425064669148,1.8093574935330854,0.9,asymmetric_power_lambda_1
6.9,10.0,0.2,2.6605,1.088661038810473,1.571838961189527,0.8,asymmetric_power_lambda_1
6.9,10.0,0.3,2.72,1.2346728421093487,1.4853271578906515,0.7,asymmetric_power_lambda_1
6.9,10.0,0.4,2.6823,1.3850679680792883,1.2972320319207118,0.6,asymmetric_power_lambda_1
6.9,10.0,0.6,2.5269,1.6952698425245392,0.8316301574754608,0.4,asymmetric_power_lambda_1
6.9,10.0,0.8,2.5341,2.0147840799304686,0.5193159200695314,0.19999999999999996,asymmetric_power_lambda_1
6.9,10.0,0.9,2.5395,2.1773032863617248,0.3621967136382751,0.09999999999999998,asymmetric_power_lambda_1
6.9,10.0,1.0,2.4679,2.341406502614886,0.1264934973851144,0.0,asymmetric_power_lambda_1
6.9,50.0,0.1,2.5548,0.8430546533131826,1.7117453466868175,0.9,asymmetric_power_lambda_1
6.9,50.0,0.2,2.4799,0.9825731856567408,1.4973268143432594,0.8,asymmetric_power_lambda_1
6.9,50.0,0.3,2.4833,1.1285849889556165,1.3547150110443833,0.7,asymmetric_power_lambda_1
6.9,50.0,0.4,2.4979,1.2789801149255562,1.2189198850744438,0.6,asymmetric_power_lambda_1
6.9,50.0,0.6,2.4093,1.589181989370807,0.820118010629193,0.4,asymmetric_power_lambda_1
6.9,50.0,0.8,2.2784,1.9086962267767364,0.36970377322326353,0.19999999999999996,asymmetric_power_lambda_1
6.9,50.0,0.9,2.347,2.0712154332079926,0.27578456679200736,0.09999999999999998,asymmetric_power_lambda_1
6.9,50.0,1.0,2.2632,2.2353186494611537,0.027881350538846217,0.0,asymmetric_power_lambda_1
6.9,150.0,0.1,2.3272,0.7924376888669795,1.5347623111330204,0.9,asymmetric_power_lambda_1
6.9,150.0,0.2,2.3658,0.9319562212105376,1.4338437787894627,0.8,asymmetric_power_lambda_1
6.9,150.0,0.3,2.3708,1.0779680245094134,1.2928319754905866,0.7,asymmetric_power_lambda_1
6.9,150.0,0.4,2.3438,1.2283631504793528,1.115436849520647,0.6,asymmetric_power_lambda_1
6.9,150.0,0.6,2.2064,1.538565024924604,0.667834975075396,0.4,asymmetric_power_lambda_1
6.9,150.0,0.8,2.2296,1.8580792623305333,0.3715207376694667,0.19999999999999996,asymmetric_power_lambda_1
6.9,150.0,0.9,2.2482,2.0205984687617895,0.2276015312382107,0.09999999999999998,asymmetric_power_lambda_1
6.9,150.0,1.0,2.1506,2.1847016850149505,-0.0341016850149507,0.0,asymmetric_power_lambda_1
6.9,300.0,0.1,2.3408,0.7672262487377393,1.573573751262261,0.9,asymmetric_power_lambda_1
6.9,300.0,0.2,2.3195,0.9067447810812974,1.4127552189187027,0.8,asymmetric_power_lambda_1
6.9,300.0,0.3,2.3002,1.0527565843801732,1.2474434156198266,0.7,asymmetric_power_lambda_1
6.9,300.0,0.4,2.3167,1.2031517103501128,1.1135482896498872,0.6,asymmetric_power_lambda_1
6.9,300.0,0.6,2.2275,1.5133535847953636,0.7141464152046364,0.4,asymmetric_power_lambda_1
6.9,300.0,0.8,2.1189,1.832867822201293,0.28603217779870693,0.19999999999999996,asymmetric_power_lambda_1
6.9,300.0,0.9,2.1052,1.9953870286325492,0.10981297136745072,0.09999999999999998,asymmetric_power_lambda_1
6.9,300.0,1.0,2.1363,2.1594902448857103,-0.02319024488571042,0.0,asymmetric_power_lambda_1
6.9,600.0,0.1,2.2081,0.7461957595689139,1.461904240431086,0.9,asymmetric_power_lambda_1
6.9,600.0,0.2,2.2684,0.8857142919124721,1.382685708087528,0.8,asymmetric_power_lambda_1
6.9,600.0,0.3,2.2487,1.0317260952113478,1.216973904788652,0.7,asymmetric_power_lambda_1
6.9,600.0,0.4,2.2425,1.1821212211812875,1.0603787788187127,0.6,asymmetric_power_lambda_1
6.9,600.0,0.6,2.1582,1.4923230956265385,0.6658769043734614,0.4,asymmetric_power_lambda_1
6.9,600.0,0.8,2.1315,1.8118373330324677,0.3196626669675322,0.19999999999999996,asymmetric_power_lambda_1
6.9,600.0,0.9,2.0744,1.974356539463724,0.10004346053627589,0.09999999999999998,asymmetric_power_lambda_1
6.9,600.0,1.0,2.0492,2.1384597557168847,-0.08925975571688483,0.0,asymmetric_power_lambda_1
11.97,10.0,0.1,2.77,0.8868071181098542,1.8831928818901458,0.9,asymmetric_power_lambda_1
11.97,10.0,0.2,2.6684,1.0263256504534124,1.6420743495465877,0.8,asymmetric_power_lambda_1
11.97,10.0,0.3,2.6888,1.1723374537522881,1.516462546247712,0.7,asymmetric_power_lambda_1
11.97,10.0,0.4,2.7027,1.3227325797222278,1.3799674202777723,0.6,asymmetric_power_lambda_1
11.97,10.0,0.6,2.6784,1.6329344541674786,1.0454655458325213,0.4,asymmetric_power_lambda_1
11.97,10.0,0.8,2.6185,1.9524486915734078,0.6660513084265922,0.19999999999999996,asymmetric_power_lambda_1
11.97,10.0,0.9,2.4891,2.114967898004664,0.3741321019953361,0.09999999999999998,asymmetric_power_lambda_1
11.97,10.0,1.0,2.4184,2.279071114257825,0.13932888574217506,0.0,asymmetric_power_lambda_1
11.97,50.0,0.1,2.4506,0.7807192649561221,1.669880735043878,0.9,asymmetric_power_lambda_1
11.97,50.0,0.2,2.4199,0.9202377972996801,1.49966220270032,0.8,asymmetric_power_lambda_1
11.97,50.0,0.3,2.4152,1.066249600598556,1.348950399401444,0.7,asymmetric_power_lambda_1
11.97,50.0,0.4,2.3833,1.2166447265684956,1.1666552734315045,0.6,asymmetric_power_lambda_1
11.97,50.0,0.6,2.3437,1.5268466010137465,0.8168533989862536,0.4,asymmetric_power_lambda_1
11.97,50.0,0.8,2.2204,1.8463608384196757,0.37403916158032446,0.19999999999999996,asymmetric_power_lambda_1
11.97,50.0,0.9,2.296,2.008880044850932,0.28711995514906796,0.09999999999999998,asymmetric_power_lambda_1
11.97,50.0,1.0,2.3439,2.172983261104093,0.1709167388959072,0.0,asymmetric_power_lambda_1
11.97,150.0,0.1,2.4214,0.7301023005099188,1.6912976994900815,0.9,asymmetric_power_lambda_1
11.97,150.0,0.2,2.3485,0.8696208328534768,1.4788791671465233,0.8,asymmetric_power_lambda_1
11.97,150.0,0.3,2.3316,1.0156326361523527,1.3159673638476472,0.7,asymmetric_power_lambda_1
11.97,150.0,0.4,2.2453,1.166027762122292,1.0792722378777078,0.6,asymmetric_power_lambda_1
11.97,150.0,0.6,2.2154,1.4762296365675431,0.7391703634324567,0.4,asymmetric_power_lambda_1
11.97,150.0,0.8,2.2885,1.7957438739734726,0.4927561260265274,0.19999999999999996,asymmetric_power_lambda_1
11.97,150.0,0.9,2.1844,1.9582630804047287,0.22613691959527138,0.09999999999999998,asymmetric_power_lambda_1
11.97,150.0,1.0,2.2045,2.12236629665789,0.08213370334211012,0.0,asymmetric_power_lambda_1
11.97,300.0,0.1,2.2899,0.7048908603806787,1.585009139619321,0.9,asymmetric_power_lambda_1
11.97,300.0,0.2,2.2886,0.8444093927242368,1.4441906072757633,0.8,asymmetric_power_lambda_1
11.97,300.0,0.3,2.2767,0.9904211960231126,1.2862788039768873,0.7,asymmetric_power_lambda_1
11.97,300.0,0.4,2.2501,1.1408163219930523,1.109283678006948,0.6,asymmetric_power_lambda_1
11.97,300.0,0.6,2.1351,1.451018196438303,0.6840818035616969,0.4,asymmetric_power_lambda_1
11.97,300.0,0.8,2.1274,1.7705324338442323,0.35686756615576787,0.19999999999999996,asymmetric_power_lambda_1
11.97,300.0,0.9,2.2077,1.9330516402754885,0.2746483597245115,0.09999999999999998,asymmetric_power_lambda_1
11.97,300.0,1.0,2.0939,2.0971548565286495,-0.00325485652864943,0.0,asymmetric_power_lambda_1
11.97,600.0,0.1,2.288,0.6838603712118534,1.6041396287881464,0.9,asymmetric_power_lambda_1
11.97,600.0,0.2,2.2118,0.8233789035554114,1.3884210964445889,0.8,asymmetric_power_lambda_1
11.97,600.0,0.3,2.1456,0.9693907068542873,1.1762092931457127,0.7,asymmetric_power_lambda_1
11.97,600.0,0.4,2.141,1.1197858328242267,1.0212141671757733,0.6,asymmetric_power_lambda_1
11.97,600.0,0.6,2.0709,1.4299877072694778,0.6409122927305222,0.4,asymmetric_power_lambda_1
11.97,600.0,0.8,2.0161,1.7495019446754072,0.2665980553245926,0.19999999999999996,asymmetric_power_lambda_1
11.97,600.0,0.9,2.0573,1.9120211511066634,0.14527884889333675,0.09999999999999998,asymmetric_power_lambda_1
11.97,600.0,1.0,2.0191,2.0761243673598244,-0.057024367359824524,0.0,asymmetric_power_lambda_1
0.07,10.0,0.5,3.568,2.5310727905246186,1.0369272094753814,0.5,asymmetric_power_lambda_1
0.07,10.0,0.7,3.4466,2.846293419762488,0.600306580237512,0.30000000000000004,asymmetric_power_lambda_1
0.07,50.0,0.5,3.1892,2.4249849373708865,0.7642150626291135,0.5,asymmetric_power_lambda_1
0.07,50.0,0.7,3.1419,2.740205566608756,0.4016944333912442,0.30000000000000004,asymmetric_power_lambda_1
0.07,150.0,0.5,3.1305,2.3743679729246834,0.7561320270753167,0.5,asymmetric_power_lambda_1
0.07,150.0,0.7,3.0551,2.6895886021625524,0.36551139783744757,0.30000000000000004,asymmetric_power_lambda_1
0.07,300.0,0.5,3.1769,2.349156532795443,0.8277434672045567,0.5,asymmetric_power_lambda_1
0.07,300.0,0.7,2.9398,2.6643771620333125,0.27542283796668743,0.30000000000000004,asymmetric_power_lambda_1
0.07,600.0,0.5,3.0404,2.328126043626618,0.712273956373382,0.5,asymmetric_power_lambda_1
0.07,600.0,0.7,2.9333,2.643346672864487,0.28995332713551303,0.30000000000000004,asymmetric_power_lambda_1
0.16,10.0,0.5,3.2494,2.266198052696844,0.9832019473031561,0.5,asymmetric_power_lambda_1
0.16,10.0,0.7,3.2288,2.5814186819347134,0.6473813180652868,0.30000000000000004,asymmetric_power_lambda_1
0.16,50.0,0.5,2.9246,2.160110199543112,0.7644898004568881,0.5,asymmetric_power_lambda_1
0.16,50.0,0.7,2.8275,2.475330828780981,0.3521691712190189,0.30000000000000004,asymmetric_power_lambda_1
0.16,150.0,0.5,2.8925,2.1094932350969087,0.7830067649030914,0.5,asymmetric_power_lambda_1
0.16,150.0,0.7,2.7914,2.4247138643347776,0.36668613566522223,0.30000000000000004,asymmetric_power_lambda_1
0.16,300.0,0.5,2.8079,2.0842817949676684,0.7236182050323317,0.5,asymmetric_power_lambda_1
0.16,300.0,0.7,2.7592,2.399502424205538,0.35969757579446204,0.30000000000000004,asymmetric_power_lambda_1
0.16,600.0,0.5,2.7776,2.0632513057988433,0.7143486942011568,0.5,asymmetric_power_lambda_1
0.16,600.0,0.7,2.6652,2.3784719350367123,0.28672806496328773,0.30000000000000004,asymmetric_power_lambda_1
0.41,10.0,0.5,3.0802,2.0208183191126032,1.0593816808873968,0.5,asymmetric_power_lambda_1
0.41,10.0,0.7,3.027,2.3360389483504727,0.6909610516495275,0.30000000000000004,asymmetric_power_lambda_1
0.41,50.0,0.5,2.7517,1.914730465958871,0.836969534041129,0.5,asymmetric_power_lambda_1
0.41,50.0,0.7,2.6453,2.2299510951967405,0.4153489048032597,0.30000000000000004,asymmetric_power_lambda_1
0.41,150.0,0.5,2.6432,1.864113501512668,0.7790864984873322,0.5,asymmetric_power_lambda_1
0.41,150.0,0.7,2.605,2.1793341307505374,0.4256658692494626,0.30000000000000004,asymmetric_power_lambda_1
0.41,300.0,0.5,2.6321,1.8389020613834277,0.7931979386165722,0.5,asymmetric_power_lambda_1
0.41,300.0,0.7,2.5426,2.154122690621297,0.38847730937870306,0.30000000000000004,asymmetric_power_lambda_1
0.41,600.0,0.5,2.5369,1.8178715722146026,0.7190284277853976,0.5,asymmetric_power_lambda_1
0.41,600.0,0.7,2.4873,2.133092201452472,0.3542077985475278,0.30000000000000004,asymmetric_power_lambda_1
0.7,10.0,0.5,2.9761,1.9035699442033605,1.0725300557966397,0.5,asymmetric_power_lambda_1
0.7,10.0,0.7,2.9524,2.21879057344123,0.73360942655877,0.30000000000000004,asymmetric_power_lambda_1
0.7,50.0,0.5,2.6726,1.7974820910496283,0.8751179089503718,0.5,asymmetric_power_lambda_1
0.7,50.0,0.7,2.606,2.1127027202874977,0.49329727971250215,0.30000000000000004,asymmetric_power_lambda_1
0.7,150.0,0.5,2.5964,1.7468651266034247,0.8495348733965753,0.5,asymmetric_power_lambda_1
0.7,150.0,0.7,2.5081,2.062085755841294,0.44601424415870605,0.30000000000000004,asymmetric_power_lambda_1
0.7,300.0,0.5,2.5359,1.721653686474185,0.8142463135258149,0.5,asymmetric_power_lambda_1
0.7,300.0,0.7,2.4237,2.036874315712054,0.3868256842879463,0.30000000000000004,asymmetric_power_lambda_1
0.7,600.0,0.5,2.4897,1.7006231973053594,0.7890768026946406,0.5,asymmetric_power_lambda_1
0.7,600.0,0.7,2.48,2.015843826543229,0.4641561734567712,0.30000000000000004,asymmetric_power_lambda_1
1.0,10.0,0.5,2.848,1.8331470162094718,1.014852983790528,0.5,asymmetric_power_lambda_1
1.0,10.0,0.7,2.8028,2.1483676454473413,0.6544323545526587,0.30000000000000004,asymmetric_power_lambda_1
1.0,50.0,0.5,2.6594,1.7270591630557397,0.9323408369442605,0.5,asymmetric_power_lambda_1
1.0,50.0,0.7,2.5754,2.042279792293609,0.533120207706391,0.30000000000000004,asymmetric_power_lambda_1
1.0,150.0,0.5,2.5142,1.6764421986095364,0.8377578013904639,0.5,asymmetric_power_lambda_1
1.0,150.0,0.7,2.4391,1.9916628278474056,0.44743717215259426,0.30000000000000004,asymmetric_power_lambda_1
1.0,300.0,0.5,2.4767,1.6512307584802963,0.8254692415197038,0.5,asymmetric_power_lambda_1
1.0,300.0,0.7,2.4565,1.9664513877181655,0.4900486122818346,0.30000000000000004,asymmetric_power_lambda_1
1.0,600.0,0.5,2.4351,1.6302002693114708,0.804899730688529,0.5,asymmetric_power_lambda_1
1.0,600.0,0.7,2.359,1.9454208985493402,0.4135791014506598,0.30000000000000004,asymmetric_power_lambda_1
2.8,10.0,0.5,2.7452,1.6598731594233547,1.0853268405766454,0.5,asymmetric_power_lambda_1
2.8,10.0,0.7,2.671,1.975093788661224,0.6959062113387757,0.30000000000000004,asymmetric_power_lambda_1
2.8,50.0,0.5,2.5569,1.5537853062696225,1.0031146937303776,0.5,asymmetric_power_lambda_1
2.8,50.0,0.7,2.4459,1.869005935507492,0.576894064492508,0.30000000000000004,asymmetric_power_lambda_1
2.8,150.0,0.5,2.4226,1.5031683418234194,0.9194316581765807,0.5,asymmetric_power_lambda_1
2.8,150.0,0.7,2.2944,1.8183889710612886,0.4760110289387114,0.30000000000000004,asymmetric_power_lambda_1
2.8,300.0,0.5,2.3363,1.4779569016941791,0.8583430983058209,0.5,asymmetric_power_lambda_1
2.8,300.0,0.7,2.2804,1.7931775309320486,0.48722246906795164,0.30000000000000004,asymmetric_power_lambda_1
2.8,600.0,0.5,2.322,1.4569264125253538,0.8650735874746462,0.5,asymmetric_power_lambda_1
2.8,600.0,0.7,2.2877,1.772147041763223,0.515552958236777,0.30000000000000004,asymmetric_power_lambda_1
4.0,10.0,0.5,2.6556,1.6089279736873854,1.0466720263126148,0.5,asymmetric_power_lambda_1
4.0,10.0,0.7,2.6349,1.9241486029252548,0.7107513970747452,0.30000000000000004,asymmetric_power_lambda_1
4.0,50.0,0.5,2.5028,1.5028401205336532,0.9999598794663469,0.5,asymmetric_power_lambda_1
4.0,50.0,0.7,2.4309,1.8180607497715227,0.6128392502284772,0.30000000000000004,asymmetric_power_lambda_1
4.0,150.0,0.5,2.4064,1.4522231560874501,0.95417684391255,0.5,asymmetric_power_lambda_1
4.0,150.0,0.7,2.3547,1.7674437853253195,0.5872562146746803,0.30000000000000004,asymmetric_power_lambda_1
4.0,300.0,0.5,2.2988,1.4270117159582099,0.8717882840417901,0.5,asymmetric_power_lambda_1
4.0,300.0,0.7,2.2329,1.7422323451960793,0.4906676548039206,0.30000000000000004,asymmetric_power_lambda_1
4.0,600.0,0.5,2.3211,1.4059812267893848,0.9151187732106152,0.5,asymmetric_power_lambda_1
4.0,600.0,0.7,2.2154,1.721201856027254,0.49419814397274586,0.30000000000000004,asymmetric_power_lambda_1
6.9,10.0,0.5,2.6118,1.5388089118414339,1.0729910881585663,0.5,asymmetric_power_lambda_1
6.9,10.0,0.7,2.5613,1.854029541079303,0.7072704589206971,0.30000000000000004,asymmetric_power_lambda_1
6.9,50.0,0.5,2.4529,1.4327210586877017,1.0201789413122984,0.5,asymmetric_power_lambda_1
6.9,50.0,0.7,2.3751,1.747941687925571,0.6271583120744293,0.30000000000000004,asymmetric_power_lambda_1
6.9,150.0,0.5,2.2227,1.3821040942414984,0.8405959057585017,0.5,asymmetric_power_lambda_1
6.9,150.0,0.7,2.2344,1.6973247234793676,0.5370752765206324,0.30000000000000004,asymmetric_power_lambda_1
6.9,300.0,0.5,2.2738,1.3568926541122583,0.9169073458877417,0.5,asymmetric_power_lambda_1
6.9,300.0,0.7,2.1672,1.6721132833501275,0.49508671664987225,0.30000000000000004,asymmetric_power_lambda_1
6.9,600.0,0.5,2.2022,1.3358621649434328,0.8663378350565671,0.5,asymmetric_power_lambda_1
6.9,600.0,0.7,2.1051,1.6510827941813022,0.454017205818698,0.30000000000000004,asymmetric_power_lambda_1
11.97,10.0,0.5,2.6862,1.476473523484373,1.2097264765156268,0.5,asymmetric_power_lambda_1
11.97,10.0,0.7,2.6556,1.7916941527222425,0.8639058472777577,0.30000000000000004,asymmetric_power_lambda_1
11.97,50.0,0.5,2.3931,1.370385670330641,1.022714329669359,0.5,asymmetric_power_lambda_1
11.97,50.0,0.7,2.2717,1.6856062995685104,0.5860937004314897,0.30000000000000004,asymmetric_power_lambda_1
11.97,150.0,0.5,2.2142,1.3197687058844376,0.8944312941155623,0.5,asymmetric_power_lambda_1
11.97,150.0,0.7,2.2419,1.6349893351223068,0.606910664877693,0.30000000000000004,asymmetric_power_lambda_1
11.97,300.0,0.5,2.2109,1.2945572657551976,0.9163427342448025,0.5,asymmetric_power_lambda_1
11.97,300.0,0.7,2.1378,1.609777894993067,0.5280221050069329,0.30000000000000004,asymmetric_power_lambda_1
11.97,600.0,0.5,2.0954,1.2735267765863723,0.8218732234136279,0.5,asymmetric_power_lambda_1
11.97,600.0,0.7,2.0538,1.5887474058242415,0.4650525941757584,0.30000000000000004,asymmetric_power_lambda_1
0.07,5.0,0.05,1.0401,1.9371122786757313,-0.8970122786757313,0.95,asymmetric_power_lambda_1
0.07,5.0,0.1,1.1624,2.002783553349769,-0.840383553349769,0.9,asymmetric_power_lambda_1
0.07,5.0,0.2,1.4286,2.142302085693327,-0.7137020856933269,0.8,asymmetric_power_lambda_1
0.07,5.0,0.3,1.6112,2.288313888992203,-0.677113888992203,0.7,asymmetric_power_lambda_1
0.07,5.0,0.4,1.8958,2.438709014962143,-0.5429090149621429,0.6,asymmetric_power_lambda_1
0.07,5.0,0.5,2.1434,2.592449958724288,-0.449049958724288,0.5,asymmetric_power_lambda_1
0.07,5.0,0.6,2.4434,2.7489108894073935,-0.30551088940739346,0.4,asymmetric_power_lambda_1
0.07,5.0,0.7,2.6519,2.9076705879621576,-0.2557705879621577,0.30000000000000004,asymmetric_power_lambda_1
0.07,5.0,0.8,2.8801,3.068425126813323,-0.1883251268133228,0.19999999999999996,asymmetric_power_lambda_1
0.07,5.0,0.9,3.0925,3.230944333244579,-0.13844433324457928,0.09999999999999998,asymmetric_power_lambda_1
0.07,5.0,0.95,3.2372,3.31280773924227,-0.07560773924226982,0.050000000000000044,asymmetric_power_lambda_1
0.07,5.0,1.0,3.3659,3.39504754949774,-0.029147549497740233,0.0,asymmetric_power_lambda_1
0.07,10.0,0.05,0.9918,1.875735110476062,-0.883935110476062,0.95,asymmetric_power_lambda_1
0.07,10.0,0.95,3.2059,3.251430571042601,-0.04553057104260061,0.050000000000000044,asymmetric_power_lambda_1
0.07,20.0,0.05,0.9701,1.8245364536591804,-0.8544364536591804,0.95,asymmetric_power_lambda_1
0.07,20.0,0.1,1.096,1.8902077283332182,-0.7942077283332181,0.9,asymmetric_power_lambda_1
0.07,20.0,0.2,1.2839,2.0297262606767763,-0.7458262606767763,0.8,asymmetric_power_lambda_1
0.07,20.0,0.3,1.4876,2.1757380639756523,-0.6881380639756522,0.7,asymmetric_power_lambda_1
0.07,20.0,0.4,1.7688,2.3261331899455917,-0.5573331899455918,0.6,asymmetric_power_lambda_1
0.07,20.0,0.5,1.9631,2.479874133707737,-0.516774133707737,0.5,asymmetric_power_lambda_1
0.07,20.0,0.6,2.1816,2.6363350643908428,-0.45473506439084277,0.4,asymmetric_power_lambda_1
0.07,20.0,0.7,2.4162,2.7950947629456064,-0.37889476294560653,0.30000000000000004,asymmetric_power_lambda_1
0.07,20.0,0.8,2.6428,2.955849301796772,-0.3130493017967724,0.19999999999999996,asymmetric_power_lambda_1
0.07,20.0,0.9,2.926,3.118368508228028,-0.19236850822802776,0.09999999999999998,asymmetric_power_lambda_1
0.07,20.0,0.95,2.984,3.2002319142257187,-0.21623191422571875,0.050000000000000044,asymmetric_power_lambda_1
0.07,20.0,1.0,3.1277,3.282471724481189,-0.15477172448118903,0.0,asymmetric_power_lambda_1
0.07,50.0,0.05,0.9392,1.7696472573223299,-0.8304472573223298,0.95,asymmetric_power_lambda_1
0.07,50.0,0.95,2.8636,3.1453427178888687,-0.28174271788886873,0.050000000000000044,asymmetric_power_lambda_1
0.07,100.0,0.05,0.891,1.736041729230253,-0.845041729230253,0.95,asymmetric_power_lambda_1
0.07,100.0,0.1,1.0093,1.8017130039042908,-0.7924130039042907,0.9,asymmetric_power_lambda_1
0.07,100.0,0.2,1.2339,1.941231536247849,-0.707331536247849,0.8,asymmetric_power_lambda_1
0.07,100.0,0.3,1.4034,2.087243339546725,-0.6838433395467249,0.7,asymmetric_power_lambda_1
0.07,100.0,0.4,1.6433,2.2376384655166643,-0.5943384655166644,0.6,asymmetric_power_lambda_1
0.07,100.0,0.5,1.8327,2.3913794092788097,-0.5586794092788097,0.5,asymmetric_power_lambda_1
0.07,100.0,0.6,2.104,2.5478403399619154,-0.4438403399619153,0.4,asymmetric_power_lambda_1
0.07,100.0,0.7,2.3189,2.706600038516679,-0.3877000385166789,0.30000000000000004,asymmetric_power_lambda_1
0.07,100.0,0.8,2.4893,2.867354577367845,-0.37805457736784476,0.19999999999999996,asymmetric_power_lambda_1
0.07,100.0,0.9,2.727,3.0298737837991006,-0.3028737837991007,0.09999999999999998,asymmetric_power_lambda_1
0.07,100.0,0.95,2.7802,3.1117371897967914,-0.3315371897967916,0.050000000000000044,asymmetric_power_lambda_1
0.07,100.0,1.0,2.8644,3.1939770000522616,-0.32957700005226176,0.0,asymmetric_power_lambda_1
0.07,150.0,0.05,0.8911,1.7190302928761265,-0.8279302928761265,0.95,asymmetric_power_lambda_1
0.07,150.0,0.95,2.7592,3.094725753442665,-0.3355257534426652,0.050000000000000044,asymmetric_power_lambda_1
0.07,300.0,0.05,0.8812,1.6938188527468865,-0.8126188527468865,0.95,asymmetric_power_lambda_1
0.07,300.0,0.95,2.6843,3.069514313313425,-0.3852143133134249,0.050000000000000044,asymmetric_power_lambda_1
0.07,500.0,0.05,0.861,1.6779559876758707,-0.8169559876758707,0.95,asymmetric_power_lambda_1
0.07,500.0,0.1,0.9621,1.7436272623499085,-0.7815272623499085,0.9,asymmetric_power_lambda_1
0.07,500.0,0.2,1.1948,1.8831457946934667,-0.6883457946934666,0.8,asymmetric_power_lambda_1
0.07,500.0,0.3,1.3491,2.0291575979923424,-0.6800575979923424,0.7,asymmetric_power_lambda_1
0.07,500.0,0.4,1.5406,2.1795527239622823,-0.6389527239622823,0.6,asymmetric_power_lambda_1
0.07,500.0,0.5,1.7858,2.3332936677244276,-0.5474936677244275,0.5,asymmetric_power_lambda_1
0.07,500.0,0.6,1.9945,2.489754598407533,-0.49525459840753294,0.4,asymmetric_power_lambda_1
0.07,500.0,0.7,2.1765,2.648514296962297,-0.47201429696229713,0.30000000000000004,asymmetric_power_lambda_1
0.07,500.0,0.8,2.4124,2.8092688358134623,-0.39686883581346244,0.19999999999999996,asymmetric_power_lambda_1
0.07,500.0,0.9,2.6083,2.9717880422447185,-0.36348804224471865,0.09999999999999998,asymmetric_power_lambda_1
0.07,500.0,0.95,2.7105,3.0536514482424093,-0.3431514482424092,0.050000000000000044,asymmetric_power_lambda_1
0.07,500.0,1.0,2.8055,3.1358912584978795,-0.33039125849787965,0.0,asymmetric_power_lambda_1
0.07,1000.0,0.05,0.8471,1.6595561241521337,-0.8124561241521338,0.95,asymmetric_power_lambda_1
0.07,1000.0,0.1,0.9414,1.7252273988261715,-0.7838273988261715,0.9,asymmetric_power_lambda_1
0.07,1000.0,0.2,1.1388,1.8647459311697296,-0.7259459311697296,0.8,asymmetric_power_lambda_1
0.07,1000.0,0.3,1.3853,2.0107577344686054,-0.6254577344686054,0.7,asymmetric_power_lambda_1
0.07,1000.0,0.4,1.5663,2.161152860438545,-0.5948528604385448,0.6,asymmetric_power_lambda_1
0.07,1000.0,0.5,1.7504,2.3148938042006906,-0.5644938042006906,0.5,asymmetric_power_lambda_1
0.07,1000.0,0.6,1.9928,2.471354734883796,-0.47855473488379596,0.4,asymmetric_power_lambda_1
0.07,1000.0,0.7,2.1482,2.6301144334385596,-0.48191443343855944,0.30000000000000004,asymmetric_power_lambda_1
0.07,1000.0,0.8,2.3195,2.7908689722897253,-0.4713689722897252,0.19999999999999996,asymmetric_power_lambda_1
0.07,1000.0,0.9,2.523,2.9533881787209815,-0.43038817872098134,0.09999999999999998,asymmetric_power_lambda_1
0.07,1000.0,0.95,2.6048,3.0352515847186723,-0.4304515847186723,0.050000000000000044,asymmetric_power_lambda_1
0.07,1000.0,1.0,2.7431,3.1174913949741425,-0.3743913949741424,0.0,asymmetric_power_lambda_1
0.07,2000.0,0.05,0.8539,1.6442076105979628,-0.7903076105979628,0.95,asymmetric_power_lambda_1
0.07,2000.0,0.1,0.9243,1.7098788852720006,-0.7855788852720006,0.9,asymmetric_power_lambda_1
0.07,2000.0,0.2,1.1409,1.8493974176155588,-0.7084974176155587,0.8,asymmetric_power_lambda_1
0.07,2000.0,0.3,1.3364,1.9954092209144345,-0.6590092209144345,0.7,asymmetric_power_lambda_1
0.07,2000.0,0.4,1.5027,2.145804346884374,-0.6431043468843742,0.6,asymmetric_power_lambda_1
0.07,2000.0,0.5,1.7429,2.2995452906465195,-0.5566452906465196,0.5,asymmetric_power_lambda_1
0.07,2000.0,0.6,1.9258,2.456006221329625,-0.5302062213296252,0.4,asymmetric_power_lambda_1
0.07,2000.0,0.7,2.1457,2.614765919884389,-0.4690659198843887,0.30000000000000004,asymmetric_power_lambda_1
0.07,2000.0,0.8,2.3261,2.7755204587355546,-0.4494204587355548,0.19999999999999996,asymmetric_power_lambda_1
0.07,2000.0,0.9,2.5085,2.9380396651668104,-0.4295396651668102,0.09999999999999998,asymmetric_power_lambda_1
0.07,2000.0,0.95,2.5794,3.019903071164501,-0.44050307116450105,0.050000000000000044,asymmetric_power_lambda_1
0.07,2000.0,1.0,2.7374,3.1021428814199714,-0.36474288141997135,0.0,asymmetric_power_lambda_1
0.16,5.0,0.05,0.8104,1.6722375408479566,-0.8618375408479566,0.95,asymmetric_power_lambda_1
0.16,5.0,0.1,0.9548,1.7379088155219944,-0.7831088155219944,0.9,asymmetric_power_lambda_1
0.16,5.0,0.2,1.1752,1.8774273478655525,-0.7022273478655525,0.8,asymmetric_power_lambda_1
0.16,5.0,0.3,1.4476,2.0234391511644283,-0.5758391511644283,0.7,asymmetric_power_lambda_1
0.16,5.0,0.4,1.6751,2.173834277134368,-0.49873427713436813,0.6,asymmetric_power_lambda_1
0.16,5.0,0.5,1.9108,2.3275752208965135,-0.4167752208965134,0.5,asymmetric_power_lambda_1
0.16,5.0,0.6,2.1591,2.4840361515796188,-0.32493615157961875,0.4,asymmetric_power_lambda_1
0.16,5.0,0.7,2.4836,2.642795850134383,-0.15919585013438287,0.30000000000000004,asymmetric_power_lambda_1
0.16,5.0,0.8,2.5952,2.803550388985548,-0.20835038898554803,0.19999999999999996,asymmetric_power_lambda_1
0.16,5.0,0.9,2.8737,2.9660695954168044,-0.09236959541680445,0.09999999999999998,asymmetric_power_lambda_1
0.16,5.0,0.95,2.9535,3.047933001414495,-0.09443300141449518,0.050000000000000044,asymmetric_power_lambda_1
0.16,5.0,1.0,3.1013,3.1301728116699654,-0.028872811669965248,0.0,asymmetric_power_lambda_1
0.16,10.0,0.05,0.7726,1.6108603726482873,-0.8382603726482873,0.95,asymmetric_power_lambda_1
0.16,10.0,0.95,2.9363,2.986555833214826,-0.05025583321482596,0.050000000000000044,asymmetric_power_lambda_1
0.16,20.0,0.05,0.7755,1.5596617158314057,-0.7841617158314057,0.95,asymmetric_power_lambda_1
0.16,20.0,0.1,0.8548,1.6253329905054434,-0.7705329905054434,0.9,asymmetric_power_lambda_1
0.16,20.0,0.2,1.0782,1.7648515228490016,-0.6866515228490015,0.8,asymmetric_power_lambda_1
0.16,20.0,0.3,1.3357,1.9108633261478774,-0.5751633261478772,0.7,asymmetric_power_lambda_1
0.16,20.0,0.4,1.5464,2.061258452117817,-0.514858452117817,0.6,asymmetric_power_lambda_1
0.16,20.0,0.5,1.7183,2.2149993958799623,-0.49669939587996237,0.5,asymmetric_power_lambda_1
0.16,20.0,0.6,1.9486,2.371460326563068,-0.42286032656306793,0.4,asymmetric_power_lambda_1
0.16,20.0,0.7,2.2366,2.5302200251178317,-0.2936200251178316,0.30000000000000004,asymmetric_power_lambda_1
0.16,20.0,0.8,2.4177,2.6909745639689975,-0.2732745639689975,0.19999999999999996,asymmetric_power_lambda_1
0.16,20.0,0.9,2.6607,2.853493770400253,-0.19279377040025336,0.09999999999999998,asymmetric_power_lambda_1
0.16,20.0,0.95,2.8283,2.935357176397944,-0.10705717639794399,0.050000000000000044,asymmetric_power_lambda_1
0.16,20.0,1.0,2.8913,3.0175969866534142,-0.12629698665341405,0.0,asymmetric_power_lambda_1
0.16,50.0,0.05,0.7379,1.5047725194945551,-0.7668725194945551,0.95,asymmetric_power_lambda_1
0.16,50.0,0.95,2.6024,2.880467980061094,-0.2780679800610941,0.050000000000000044,asymmetric_power_lambda_1
0.16,100.0,0.05,0.7109,1.4711669914024783,-0.7602669914024783,0.95,asymmetric_power_lambda_1
0.16,100.0,0.1,0.8001,1.536838266076516,-0.736738266076516,0.9,asymmetric_power_lambda_1
0.16,100.0,0.2,1.0158,1.6763567984200742,-0.6605567984200742,0.8,asymmetric_power_lambda_1
0.16,100.0,0.3,1.2359,1.82236860171895,-0.58646860171895,0.7,asymmetric_power_lambda_1
0.16,100.0,0.4,1.4134,1.9727637276888896,-0.5593637276888896,0.6,asymmetric_power_lambda_1
0.16,100.0,0.5,1.6514,2.126504671451035,-0.47510467145103497,0.5,asymmetric_power_lambda_1
0.16,100.0,0.6,1.8608,2.2829656021341407,-0.42216560213414067,0.4,asymmetric_power_lambda_1
0.16,100.0,0.7,2.0787,2.4417253006889044,-0.3630253006889044,0.30000000000000004,asymmetric_power_lambda_1
0.16,100.0,0.8,2.2318,2.60247983954007,-0.37067983954007033,0.19999999999999996,asymmetric_power_lambda_1
0.16,100.0,0.9,2.4932,2.764999045971326,-0.271799045971326,0.09999999999999998,asymmetric_power_lambda_1
0.16,100.0,0.95,2.6163,2.8468624519690167,-0.2305624519690168,0.050000000000000044,asymmetric_power_lambda_1
0.16,100.0,1.0,2.678,2.929102262224487,-0.25110226222448695,0.0,asymmetric_power_lambda_1
0.16,150.0,0.05,0.6932,1.4541555550483518,-0.7609555550483518,0.95,asymmetric_power_lambda_1
0.16,150.0,0.95,2.5091,2.8298510156148904,-0.3207510156148903,0.050000000000000044,asymmetric_power_lambda_1
0.16,300.0,0.05,0.6809,1.4289441149191118,-0.7480441149191118,0.95,asymmetric_power_lambda_1
0.16,300.0,0.95,2.4941,2.80463957548565,-0.31053957548565014,0.050000000000000044,asymmetric_power_lambda_1
0.16,500.0,0.05,0.6974,1.413081249848096,-0.715681249848096,0.95,asymmetric_power_lambda_1
0.16,500.0,0.1,0.7769,1.4787525245221338,-0.7018525245221338,0.9,asymmetric_power_lambda_1
0.16,500.0,0.2,0.9664,1.618271056865692,-0.6518710568656919,0.8,asymmetric_power_lambda_1
0.16,500.0,0.3,1.1736,1.7642828601645677,-0.5906828601645677,0.7,asymmetric_power_lambda_1
0.16,500.0,0.4,1.351,1.9146779861345073,-0.5636779861345074,0.6,asymmetric_power_lambda_1
0.16,500.0,0.5,1.5896,2.068418929896653,-0.478818929896653,0.5,asymmetric_power_lambda_1
0.16,500.0,0.6,1.7639,2.224879860579758,-0.46097986057975815,0.4,asymmetric_power_lambda_1
0.16,500.0,0.7,1.9757,2.3836395591345223,-0.4079395591345223,0.30000000000000004,asymmetric_power_lambda_1
0.16,500.0,0.8,2.1303,2.5443940979856876,-0.4140940979856875,0.19999999999999996,asymmetric_power_lambda_1
0.16,500.0,0.9,2.3645,2.7069133044169438,-0.34241330441694373,0.09999999999999998,asymmetric_power_lambda_1
0.16,500.0,0.95,2.4958,2.7887767104146346,-0.2929767104146346,0.050000000000000044,asymmetric_power_lambda_1
0.16,500.0,1.0,2.5293,2.871016520670105,-0.3417165206701047,0.0,asymmetric_power_lambda_1
0.16,1000.0,0.05,0.6787,1.394681386324359,-0.715981386324359,0.95,asymmetric_power_lambda_1
0.16,1000.0,0.1,0.7577,1.4603526609983968,-0.7026526609983967,0.9,asymmetric_power_lambda_1
0.16,1000.0,0.2,0.9466,1.599871193341955,-0.6532711933419549,0.8,asymmetric_power_lambda_1
0.16,1000.0,0.3,1.1493,1.7458829966408307,-0.5965829966408307,0.7,asymmetric_power_lambda_1
0.16,1000.0,0.4,1.3709,1.8962781226107703,-0.5253781226107703,0.6,asymmetric_power_lambda_1
0.16,1000.0,0.5,1.5609,2.050019066372916,-0.4891190663729159,0.5,asymmetric_power_lambda_1
0.16,1000.0,0.6,1.7116,2.206479997056021,-0.49487999705602115,0.4,asymmetric_power_lambda_1
0.16,1000.0,0.7,2.0044,2.365239695610785,-0.3608396956107849,0.30000000000000004,asymmetric_power_lambda_1
0.16,1000.0,0.8,2.0871,2.5259942344619506,-0.43889423446195064,0.19999999999999996,asymmetric_power_lambda_1
0.16,1000.0,0.9,2.3054,2.6885134408932068,-0.38311344089320665,0.09999999999999998,asymmetric_power_lambda_1
0.16,1000.0,0.95,2.4884,2.7703768468908976,-0.28197684689089764,0.050000000000000044,asymmetric_power_lambda_1
0.16,1000.0,1.0,2.5056,2.852616657146368,-0.347016657146368,0.0,asymmetric_power_lambda_1
0.16,2000.0,0.05,0.6532,1.3793328727701881,-0.7261328727701881,0.95,asymmetric_power_lambda_1
0.16,2000.0,0.1,0.7317,1.445004147444226,-0.7133041474442259,0.9,asymmetric_power_lambda_1
0.16,2000.0,0.2,0.9418,1.584522679787784,-0.6427226797877841,0.8,asymmetric_power_lambda_1
0.16,2000.0,0.3,1.1205,1.7305344830866598,-0.6100344830866598,0.7,asymmetric_power_lambda_1
0.16,2000.0,0.4,1.335,1.8809296090565994,-0.5459296090565995,0.6,asymmetric_power_lambda_1
0.16,2000.0,0.5,1.5166,2.0346705528187448,-0.5180705528187448,0.5,asymmetric_power_lambda_1
0.16,2000.0,0.6,1.6953,2.1911314835018505,-0.49583148350185047,0.4,asymmetric_power_lambda_1
0.16,2000.0,0.7,1.9296,2.349891182056614,-0.4202911820566142,0.30000000000000004,asymmetric_power_lambda_1
0.16,2000.0,0.8,2.0992,2.51064572090778,-0.41144572090777976,0.19999999999999996,asymmetric_power_lambda_1
0.16,2000.0,0.9,2.246,2.6731649273390357,-0.42716492733903566,0.09999999999999998,asymmetric_power_lambda_1
0.16,2000.0,0.95,2.3649,2.7550283333367265,-0.3901283333367265,0.050000000000000044,asymmetric_power_lambda_1
0.16,2000.0,1.0,2.4771,2.8372681435921967,-0.3601681435921966,0.0,asymmetric_power_lambda_1
0.41,5.0,0.05,0.622,1.426857807263716,-0.8048578072637159,0.95,asymmetric_power_lambda_1
0.41,5.0,0.1,0.7497,1.4925290819377537,-0.7428290819377537,0.9,asymmetric_power_lambda_1
0.41,5.0,0.2,1.0023,1.6320476142813118,-0.6297476142813119,0.8,asymmetric_power_lambda_1
0.41,5.0,0.3,1.2344,1.7780594175801876,-0.5436594175801877,0.7,asymmetric_power_lambda_1
0.41,5.0,0.4,1.4755,1.9284545435501272,-0.4529545435501272,0.6,asymmetric_power_lambda_1
0.41,5.0,0.5,1.6916,2.0821954873122728,-0.3905954873122728,0.5,asymmetric_power_lambda_1
0.41,5.0,0.6,1.98,2.238656417995378,-0.2586564179953781,0.4,asymmetric_power_lambda_1
0.41,5.0,0.7,2.2447,2.3974161165501418,-0.15271611655014183,0.30000000000000004,asymmetric_power_lambda_1
0.41,5.0,0.8,2.4492,2.5581706554013075,-0.10897065540130768,0.19999999999999996,asymmetric_power_lambda_1
0.41,5.0,0.9,2.6707,2.7206898618325637,-0.0499898618325636,0.09999999999999998,asymmetric_power_lambda_1
0.41,5.0,0.95,2.861,2.8025532678302545,0.05844673216974572,0.050000000000000044,asymmetric_power_lambda_1
0.41,5.0,1.0,3.0229,2.8847930780857247,0.1381069219142752,0.0,asymmetric_power_lambda_1
0.41,10.0,0.05,0.6007,1.3654806390640466,-0.7647806390640466,0.95,asymmetric_power_lambda_1
0.41,10.0,0.95,2.7299,2.741176099630585,-0.011276099630584735,0.050000000000000044,asymmetric_power_lambda_1
0.41,20.0,0.05,0.581,1.314281982247165,-0.733281982247165,0.95,asymmetric_power_lambda_1
0.41,20.0,0.1,0.695,1.3799532569212027,-0.6849532569212028,0.9,asymmetric_power_lambda_1
0.41,20.0,0.2,0.9131,1.519471789264761,-0.6063717892647609,0.8,asymmetric_power_lambda_1
0.41,20.0,0.3,1.1552,1.6654835925636367,-0.5102835925636366,0.7,asymmetric_power_lambda_1
0.41,20.0,0.4,1.3143,1.8158787185335763,-0.5015787185335763,0.6,asymmetric_power_lambda_1
0.41,20.0,0.5,1.5963,1.9696196622957216,-0.37331966229572155,0.5,asymmetric_power_lambda_1
0.41,20.0,0.6,1.7915,2.1260805929788273,-0.33458059297882725,0.4,asymmetric_power_lambda_1
0.41,20.0,0.7,2.0338,2.284840291533591,-0.2510402915335912,0.30000000000000004,asymmetric_power_lambda_1
0.41,20.0,0.8,2.246,2.4455948303847563,-0.19959483038475634,0.19999999999999996,asymmetric_power_lambda_1
0.41,20.0,0.9,2.474,2.608114036816013,-0.13411403681601275,0.09999999999999998,asymmetric_power_lambda_1
0.41,20.0,0.95,2.5494,2.6899774428137038,-0.14057744281370388,0.050000000000000044,asymmetric_power_lambda_1
0.41,20.0,1.0,2.7188,2.772217253069174,-0.05341725306917411,0.0,asymmetric_power_lambda_1
0.41,50.0,0.05,0.536,1.2593927859103144,-0.7233927859103144,0.95,asymmetric_power_lambda_1
0.41,50.0,0.95,2.4497,2.635088246476853,-0.1853882464768528,0.050000000000000044,asymmetric_power_lambda_1
0.41,100.0,0.05,0.535,1.2257872578182376,-0.6907872578182376,0.95,asymmetric_power_lambda_1
0.41,100.0,0.1,0.6432,1.2914585324922754,-0.6482585324922754,0.9,asymmetric_power_lambda_1
0.41,100.0,0.2,0.8168,1.4309770648358335,-0.6141770648358336,0.8,asymmetric_power_lambda_1
0.41,100.0,0.3,1.0559,1.5769888681347093,-0.5210888681347092,0.7,asymmetric_power_lambda_1
0.41,100.0,0.4,1.2365,1.727383994104649,-0.490883994104649,0.6,asymmetric_power_lambda_1
0.41,100.0,0.5,1.477,1.8811249378667942,-0.40412493786679415,0.5,asymmetric_power_lambda_1
0.41,100.0,0.6,1.6841,2.0375858685499,-0.35348586854990005,0.4,asymmetric_power_lambda_1
0.41,100.0,0.7,1.8979,2.1963455671046637,-0.29844556710466374,0.30000000000000004,asymmetric_power_lambda_1
0.41,100.0,0.8,2.0213,2.357100105955829,-0.3358001059558289,0.19999999999999996,asymmetric_power_lambda_1
0.41,100.0,0.9,2.2729,2.5196193123870856,-0.24671931238708567,0.09999999999999998,asymmetric_power_lambda_1
0.41,100.0,0.95,2.4488,2.6014827183847764,-0.15268271838477654,0.050000000000000044,asymmetric_power_lambda_1
0.41,100.0,1.0,2.488,2.6837225286402466,-0.19572252864024664,0.0,asymmetric_power_lambda_1
0.41,150.0,0.05,0.5231,1.208775821464111,-0.6856758214641111,0.95,asymmetric_power_lambda_1
0.41,150.0,0.95,2.3801,2.5844712820306497,-0.20437128203064958,0.050000000000000044,asymmetric_power_lambda_1
0.41,300.0,0.05,0.5209,1.183564381334871,-0.662664381334871,0.95,asymmetric_power_lambda_1
0.41,300.0,0.95,2.3692,2.55925984190141,-0.19005984190140968,0.050000000000000044,asymmetric_power_lambda_1
0.41,500.0,0.05,0.5057,1.1677015162638553,-0.6620015162638553,0.95,asymmetric_power_lambda_1
0.41,500.0,0.1,0.6047,1.233372790937893,-0.6286727909378931,0.9,asymmetric_power_lambda_1
0.41,500.0,0.2,0.8045,1.3728913232814512,-0.5683913232814513,0.8,asymmetric_power_lambda_1
0.41,500.0,0.3,1.0122,1.518903126580327,-0.506703126580327,0.7,asymmetric_power_lambda_1
0.41,500.0,0.4,1.2031,1.6692982525502666,-0.4661982525502666,0.6,asymmetric_power_lambda_1
0.41,500.0,0.5,1.427,1.8230391963124122,-0.39603919631241213,0.5,asymmetric_power_lambda_1
0.41,500.0,0.6,1.5817,1.9795001269955175,-0.39780012699551737,0.4,asymmetric_power_lambda_1
0.41,500.0,0.7,1.7811,2.138259825550281,-0.35715982555028125,0.30000000000000004,asymmetric_power_lambda_1
0.41,500.0,0.8,1.9863,2.299014364401447,-0.31271436440144695,0.19999999999999996,asymmetric_power_lambda_1
0.41,500.0,0.9,2.1829,2.461533570832703,-0.278633570832703,0.09999999999999998,asymmetric_power_lambda_1
0.41,500.0,0.95,2.3182,2.543396976830394,-0.22519697683039386,0.050000000000000044,asymmetric_power_lambda_1
0.41,500.0,1.0,2.3631,2.625636787085864,-0.2625367870858639,0.0,asymmetric_power_lambda_1
0.41,1000.0,0.05,0.5,1.1493016527401183,-0.6493016527401183,0.95,asymmetric_power_lambda_1
0.41,1000.0,0.1,0.5885,1.214972927414156,-0.6264729274141561,0.9,asymmetric_power_lambda_1
0.41,1000.0,0.2,0.7592,1.3544914597577142,-0.5952914597577142,0.8,asymmetric_power_lambda_1
0.41,1000.0,0.3,0.9951,1.50050326305659,-0.50540326305659,0.7,asymmetric_power_lambda_1
0.41,1000.0,0.4,1.2144,1.6508983890265296,-0.4364983890265297,0.6,asymmetric_power_lambda_1
0.41,1000.0,0.5,1.3941,1.8046393327886752,-0.41053933278867527,0.5,asymmetric_power_lambda_1
0.41,1000.0,0.6,1.5743,1.9611002634717805,-0.3868002634717804,0.4,asymmetric_power_lambda_1
0.41,1000.0,0.7,1.759,2.1198599620265446,-0.3608599620265447,0.30000000000000004,asymmetric_power_lambda_1
0.41,1000.0,0.8,1.9279,2.28061450087771,-0.35271450087770995,0.19999999999999996,asymmetric_power_lambda_1
0.41,1000.0,0.9,2.1495,2.443133707308966,-0.2936337073089659,0.09999999999999998,asymmetric_power_lambda_1
0.41,1000.0,0.95,2.2212,2.524997113306657,-0.3037971133066568,0.050000000000000044,asymmetric_power_lambda_1
0.41,1000.0,1.0,2.4128,2.607236923562127,-0.19443692356212727,0.0,asymmetric_power_lambda_1
0.41,2000.0,0.05,0.5,1.1339531391859474,-0.6339531391859474,0.95,asymmetric_power_lambda_1
0.41,2000.0,0.1,0.5802,1.1996244138599852,-0.6194244138599851,0.9,asymmetric_power_lambda_1
0.41,2000.0,0.2,0.7774,1.3391429462035433,-0.5617429462035434,0.8,asymmetric_power_lambda_1
0.41,2000.0,0.3,0.9982,1.485154749502419,-0.4869547495024191,0.7,asymmetric_power_lambda_1
0.41,2000.0,0.4,1.2122,1.6355498754723587,-0.4233498754723588,0.6,asymmetric_power_lambda_1
0.41,2000.0,0.5,1.3202,1.789290819234504,-0.469090819234504,0.5,asymmetric_power_lambda_1
0.41,2000.0,0.6,1.5758,1.9457517499176098,-0.3699517499176097,0.4,asymmetric_power_lambda_1
0.41,2000.0,0.7,1.7331,2.1045114484723735,-0.3714114484723734,0.30000000000000004,asymmetric_power_lambda_1
0.41,2000.0,0.8,1.9375,2.265265987323539,-0.3277659873235388,0.19999999999999996,asymmetric_power_lambda_1
0.41,2000.0,0.9,2.0973,2.4277851937547954,-0.33048519375479524,0.09999999999999998,asymmetric_power_lambda_1
0.41,2000.0,0.95,2.2225,2.509648599752486,-0.2871485997524861,0.050000000000000044,asymmetric_power_lambda_1
0.41,2000.0,1.0,2.3248,2.5918884100079564,-0.26708841000795625,0.0,asymmetric_power_lambda_1
0.7,5.0,0.05,0.5148,1.309609432354473,-0.7948094323544729,0.95,asymmetric_power_lambda_1
0.7,5.0,0.1,0.651,1.3752807070285107,-0.7242807070285107,0.9,asymmetric_power_lambda_1
0.7,5.0,0.2,0.8807,1.5147992393720688,-0.6340992393720688,0.8,asymmetric_power_lambda_1
0.7,5.0,0.3,1.1486,1.6608110426709446,-0.5122110426709445,0.7,asymmetric_power_lambda_1
0.7,5.0,0.4,1.3678,1.8112061686408842,-0.44340616864088434,0.6,asymmetric_power_lambda_1
0.7,5.0,0.5,1.6627,1.9649471124030295,-0.3022471124030295,0.5,asymmetric_power_lambda_1
0.7,5.0,0.6,1.8832,2.1214080430861353,-0.2382080430861353,0.4,asymmetric_power_lambda_1
0.7,5.0,0.7,2.1501,2.280167741640899,-0.13006774164089885,0.30000000000000004,asymmetric_power_lambda_1
0.7,5.0,0.8,2.3581,2.4409222804920647,-0.08282228049206486,0.19999999999999996,asymmetric_power_lambda_1
0.7,5.0,0.9,2.6571,2.6034414869233204,0.05365851307667935,0.09999999999999998,asymmetric_power_lambda_1
0.7,5.0,0.95,2.7097,2.6853048929210113,0.024395107078988953,0.050000000000000044,asymmetric_power_lambda_1
0.7,5.0,1.0,2.862,2.7675447031764815,0.09445529682351861,0.0,asymmetric_power_lambda_1
0.7,10.0,0.05,0.5,1.2482322641548036,-0.7482322641548036,0.95,asymmetric_power_lambda_1
0.7,10.0,0.1,0.615,1.3139035388288414,-0.6989035388288414,0.9,asymmetric_power_lambda_1
0.7,10.0,0.2,0.8685,1.4534220711723995,-0.5849220711723995,0.8,asymmetric_power_lambda_1
0.7,10.0,0.3,1.081,1.5994338744712753,-0.5184338744712753,0.7,asymmetric_power_lambda_1
0.7,10.0,0.4,1.3192,1.749829000441215,-0.430629000441215,0.6,asymmetric_power_lambda_1
0.7,10.0,0.6,1.7963,2.0600308748864657,-0.26373087488646574,0.4,asymmetric_power_lambda_1
0.7,10.0,0.8,2.222,2.379545112292395,-0.1575451122923952,0.19999999999999996,asymmetric_power_lambda_1
0.7,10.0,0.9,2.5041,2.5420643187236514,-0.037964318723651136,0.09999999999999998,asymmetric_power_lambda_1
0.7,10.0,0.95,2.657,2.623927724721342,0.03307227527865786,0.050000000000000044,asymmetric_power_lambda_1
0.7,10.0,1.0,2.6504,2.7061675349768124,-0.05576753497681253,0.0,asymmetric_power_lambda_1
0.7,20.0,0.05,0.5,1.197033607337922,-0.697033607337922,0.95,asymmetric_power_lambda_1
0.7,20.0,0.1,0.5886,1.2627048820119597,-0.6741048820119597,0.9,asymmetric_power_lambda_1
0.7,20.0,0.2,0.82,1.402223414355518,-0.5822234143555179,0.8,asymmetric_power_lambda_1
0.7,20.0,0.3,1.0213,1.5482352176543936,-0.5269352176543936,0.7,asymmetric_power_lambda_1
0.7,20.0,0.4,1.2544,1.6986303436243333,-0.44423034362433333,0.6,asymmetric_power_lambda_1
0.7,20.0,0.5,1.5102,1.8523712873864788,-0.34217128738647884,0.5,asymmetric_power_lambda_1
0.7,20.0,0.6,1.733,2.008832218069584,-0.275832218069584,0.4,asymmetric_power_lambda_1
0.7,20.0,0.7,1.9575,2.167591916624348,-0.21009191662434779,0.30000000000000004,asymmetric_power_lambda_1
0.7,20.0,0.8,2.1359,2.3283464554755136,-0.19244645547551364,0.19999999999999996,asymmetric_power_lambda_1
0.7,20.0,0.9,2.4142,2.4908656619067697,-0.0766656619067696,0.09999999999999998,asymmetric_power_lambda_1
0.7,20.0,0.95,2.5456,2.5727290679044605,-0.02712906790446068,0.050000000000000044,asymmetric_power_lambda_1
0.7,20.0,1.0,2.5856,2.6549688781599308,-0.06936887815993087,0.0,asymmetric_power_lambda_1
0.7,50.0,0.05,0.5,1.1421444110010714,-0.6421444110010714,0.95,asymmetric_power_lambda_1
0.7,50.0,0.1,0.5587,1.2078156856751092,-0.6491156856751092,0.9,asymmetric_power_lambda_1
0.7,50.0,0.2,0.7563,1.3473342180186674,-0.5910342180186674,0.8,asymmetric_power_lambda_1
0.7,50.0,0.3,1.0221,1.4933460213175431,-0.4712460213175431,0.7,asymmetric_power_lambda_1
0.7,50.0,0.4,1.1864,1.6437411472874828,-0.4573411472874829,0.6,asymmetric_power_lambda_1
0.7,50.0,0.6,1.6494,1.9539430217327336,-0.3045430217327336,0.4,asymmetric_power_lambda_1
0.7,50.0,0.8,2.0562,2.273457259138663,-0.217257259138663,0.19999999999999996,asymmetric_power_lambda_1
0.7,50.0,0.9,2.294,2.435976465569919,-0.14197646556991916,0.09999999999999998,asymmetric_power_lambda_1
0.7,50.0,0.95,2.3802,2.51783987156761,-0.13763987156761015,0.050000000000000044,asymmetric_power_lambda_1
0.7,50.0,1.0,2.492,2.6000796818230802,-0.10807968182308025,0.0,asymmetric_power_lambda_1
0.7,100.0,0.05,0.5,1.1085388829089946,-0.6085388829089946,0.95,asymmetric_power_lambda_1
0.7,100.0,0.1,0.5313,1.1742101575830324,-0.6429101575830324,0.9,asymmetric_power_lambda_1
0.7,100.0,0.2,0.7638,1.3137286899265905,-0.5499286899265905,0.8,asymmetric_power_lambda_1
0.7,100.0,0.3,0.9699,1.4597404932254663,-0.4898404932254663,0.7,asymmetric_power_lambda_1
0.7,100.0,0.4,1.1979,1.610135619195406,-0.41223561919540597,0.6,asymmetric_power_lambda_1
0.7,100.0,0.5,1.3973,1.7638765629575515,-0.3665765629575515,0.5,asymmetric_power_lambda_1
0.7,100.0,0.6,1.5891,1.9203374936406568,-0.3312374936406568,0.4,asymmetric_power_lambda_1
0.7,100.0,0.7,1.8109,2.0790971921954204,-0.2681971921954205,0.30000000000000004,asymmetric_power_lambda_1
0.7,100.0,0.8,2.017,2.239851731046586,-0.2228517310465863,0.19999999999999996,asymmetric_power_lambda_1
0.7,100.0,0.9,2.1928,2.4023709374778424,-0.20957093747784228,0.09999999999999998,asymmetric_power_lambda_1
0.7,100.0,0.95,2.3158,2.484234343475533,-0.16843434347553332,0.050000000000000044,asymmetric_power_lambda_1
0.7,100.0,1.0,2.4334,2.5664741537310034,-0.13307415373100362,0.0,asymmetric_power_lambda_1
0.7,150.0,0.05,0.5,1.091527446554868,-0.5915274465548681,0.95,asymmetric_power_lambda_1
0.7,150.0,0.1,0.5295,1.1571987212289059,-0.6276987212289059,0.9,asymmetric_power_lambda_1
0.7,150.0,0.2,0.7452,1.296717253572464,-0.5515172535724641,0.8,asymmetric_power_lambda_1
0.7,150.0,0.3,0.9382,1.4427290568713398,-0.5045290568713398,0.7,asymmetric_power_lambda_1
0.7,150.0,0.4,1.1468,1.5931241828412794,-0.4463241828412794,0.6,asymmetric_power_lambda_1
0.7,150.0,0.6,1.5755,1.9033260572865305,-0.3278260572865306,0.4,asymmetric_power_lambda_1
0.7,150.0,0.8,2.0079,2.2228402946924595,-0.21494029469245968,0.19999999999999996,asymmetric_power_lambda_1
0.7,150.0,0.9,2.2463,2.385359501123716,-0.1390595011237159,0.09999999999999998,asymmetric_power_lambda_1
0.7,150.0,0.95,2.3482,2.467222907121407,-0.11902290712140706,0.050000000000000044,asymmetric_power_lambda_1
0.7,150.0,1.0,2.3563,2.549462717376877,-0.19316271737687707,0.0,asymmetric_power_lambda_1
0.7,300.0,0.05,0.5,1.066316006425628,-0.5663160064256281,0.95,asymmetric_power_lambda_1
0.7,300.0,0.1,0.5247,1.1319872810996658,-0.6072872810996658,0.9,asymmetric_power_lambda_1
0.7,300.0,0.2,0.7291,1.271505813443224,-0.542405813443224,0.8,asymmetric_power_lambda_1
0.7,300.0,0.3,0.9233,1.4175176167420998,-0.49421761674209974,0.7,asymmetric_power_lambda_1
0.7,300.0,0.4,1.1189,1.5679127427120394,-0.4490127427120394,0.6,asymmetric_power_lambda_1
0.7,300.0,0.6,1.5399,1.8781146171572902,-0.3382146171572902,0.4,asymmetric_power_lambda_1
0.7,300.0,0.8,1.9103,2.1976288545632197,-0.28732885456321955,0.19999999999999996,asymmetric_power_lambda_1
0.7,300.0,0.9,2.1926,2.360148060994476,-0.16754806099447572,0.09999999999999998,asymmetric_power_lambda_1
0.7,300.0,0.95,2.2639,2.4420114669921666,-0.17811146699216662,0.050000000000000044,asymmetric_power_lambda_1
0.7,300.0,1.0,2.3162,2.524251277247637,-0.20805127724763706,0.0,asymmetric_power_lambda_1
0.7,500.0,0.05,0.5,1.0504531413546123,-0.5504531413546123,0.95,asymmetric_power_lambda_1
0.7,500.0,0.1,0.5138,1.11612441602865,-0.6023244160286501,0.9,asymmetric_power_lambda_1
0.7,500.0,0.2,0.701,1.2556429483722082,-0.5546429483722083,0.8,asymmetric_power_lambda_1
0.7,500.0,0.3,0.9241,1.401654751671084,-0.47755475167108397,0.7,asymmetric_power_lambda_1
0.7,500.0,0.4,1.1327,1.5520498776410236,-0.4193498776410236,0.6,asymmetric_power_lambda_1
0.7,500.0,0.5,1.3085,1.705790821403169,-0.39729082140316896,0.5,asymmetric_power_lambda_1
0.7,500.0,0.6,1.5486,1.8622517520862745,-0.3136517520862745,0.4,asymmetric_power_lambda_1
0.7,500.0,0.7,1.7063,2.0210114506410384,-0.31471145064103845,0.30000000000000004,asymmetric_power_lambda_1
0.7,500.0,0.8,1.8982,2.1817659894922037,-0.2835659894922036,0.19999999999999996,asymmetric_power_lambda_1
0.7,500.0,0.9,2.0978,2.34428519592346,-0.24648519592345997,0.09999999999999998,asymmetric_power_lambda_1
0.7,500.0,0.95,2.1997,2.4261486019211507,-0.22644860192115068,0.050000000000000044,asymmetric_power_lambda_1
0.7,500.0,1.0,2.2912,2.508388412176621,-0.217188412176621,0.0,asymmetric_power_lambda_1
0.7,1000.0,0.05,0.5,1.0320532778308755,-0.5320532778308755,0.95,asymmetric_power_lambda_1
0.7,1000.0,0.1,0.5071,1.0977245525049133,-0.5906245525049133,0.9,asymmetric_power_lambda_1
0.7,1000.0,0.2,0.7115,1.2372430848484712,-0.5257430848484712,0.8,asymmetric_power_lambda_1
0.7,1000.0,0.3,0.9132,1.3832548881473472,-0.4700548881473472,0.7,asymmetric_power_lambda_1
0.7,1000.0,0.4,1.1056,1.5336500141172866,-0.4280500141172867,0.6,asymmetric_power_lambda_1
0.7,1000.0,0.5,1.322,1.6873909578794322,-0.3653909578794321,0.5,asymmetric_power_lambda_1
0.7,1000.0,0.6,1.4614,1.8438518885625377,-0.38245188856253765,0.4,asymmetric_power_lambda_1
0.7,1000.0,0.7,1.7068,2.0026115871173014,-0.29581158711730127,0.30000000000000004,asymmetric_power_lambda_1
0.7,1000.0,0.8,1.8896,2.163366125968467,-0.27376612596846717,0.19999999999999996,asymmetric_power_lambda_1
0.7,1000.0,0.9,2.0683,2.3258853323997233,-0.2575853323997235,0.09999999999999998,asymmetric_power_lambda_1
0.7,1000.0,0.95,2.1816,2.407748738397414,-0.22614873839741412,0.050000000000000044,asymmetric_power_lambda_1
0.7,1000.0,1.0,2.297,2.4899885486528843,-0.19298854865288417,0.0,asymmetric_power_lambda_1
0.7,2000.0,0.05,0.5,1.0167047642767044,-0.5167047642767044,0.95,asymmetric_power_lambda_1
0.7,2000.0,0.1,0.5001,1.0823760389507422,-0.5822760389507422,0.9,asymmetric_power_lambda_1
0.7,2000.0,0.2,0.6784,1.2218945712943003,-0.5434945712943003,0.8,asymmetric_power_lambda_1
0.7,2000.0,0.3,0.8706,1.367906374593176,-0.49730637459317606,0.7,asymmetric_power_lambda_1
0.7,2000.0,0.4,1.0904,1.5183015005631157,-0.4279015005631157,0.6,asymmetric_power_lambda_1
0.7,2000.0,0.5,1.2499,1.6720424443252613,-0.42214244432526127,0.5,asymmetric_power_lambda_1
0.7,2000.0,0.6,1.4277,1.8285033750083666,-0.4008033750083666,0.4,asymmetric_power_lambda_1
0.7,2000.0,0.7,1.6336,1.9872630735631305,-0.35366307356313054,0.30000000000000004,asymmetric_power_lambda_1
0.7,2000.0,0.8,1.8579,2.148017612414296,-0.2901176124142959,0.19999999999999996,asymmetric_power_lambda_1
0.7,2000.0,0.9,2.0246,2.310536818845552,-0.2859368188455522,0.09999999999999998,asymmetric_power_lambda_1
0.7,2000.0,0.95,2.1556,2.392400224843243,-0.2368002248432428,0.050000000000000044,asymmetric_power_lambda_1
0.7,2000.0,1.0,2.2183,2.474640035098713,-0.25634003509871306,0.0,asymmetric_power_lambda_1
1.0,5.0,0.05,0.5,1.2391865043605845,-0.7391865043605845,0.95,asymmetric_power_lambda_1
1.0,5.0,0.1,0.5747,1.3048577790346223,-0.7301577790346223,0.9,asymmetric_power_lambda_1
1.0,5.0,0.2,0.8142,1.4443763113781805,-0.6301763113781804,0.8,asymmetric_power_lambda_1
1.0,5.0,0.3,1.0733,1.5903881146770562,-0.5170881146770563,0.7,asymmetric_power_lambda_1
1.0,5.0,0.4,1.3204,1.7407832406469959,-0.42038324064699584,0.6,asymmetric_power_lambda_1
1.0,5.0,0.5,1.5528,1.8945241844091414,-0.34172418440914143,0.5,asymmetric_power_lambda_1
1.0,5.0,0.6,1.8086,2.0509851150922467,-0.2423851150922467,0.4,asymmetric_power_lambda_1
1.0,5.0,0.7,2.0374,2.209744813647011,-0.17234481364701093,0.30000000000000004,asymmetric_power_lambda_1
1.0,5.0,0.8,2.3623,2.370499352498176,-0.008199352498176271,0.19999999999999996,asymmetric_power_lambda_1
1.0,5.0,0.9,2.5719,2.5330185589294323,0.03888144107056757,0.09999999999999998,asymmetric_power_lambda_1
1.0,5.0,0.95,2.7672,2.614881964927123,0.15231803507287678,0.050000000000000044,asymmetric_power_lambda_1
1.0,5.0,1.0,2.8125,2.6971217751825933,0.11537822481740667,0.0,asymmetric_power_lambda_1
1.0,10.0,0.05,0.5,1.177809336160915,-0.677809336160915,0.95,asymmetric_power_lambda_1
1.0,10.0,0.1,0.5575,1.2434806108349528,-0.6859806108349528,0.9,asymmetric_power_lambda_1
1.0,10.0,0.2,0.7909,1.382999143178511,-0.5920991431785109,0.8,asymmetric_power_lambda_1
1.0,10.0,0.3,1.009,1.5290109464773867,-0.5200109464773868,0.7,asymmetric_power_lambda_1
1.0,10.0,0.4,1.2421,1.6794060724473263,-0.43730607244732633,0.6,asymmetric_power_lambda_1
1.0,10.0,0.6,1.7308,1.9896079468925771,-0.25880794689257725,0.4,asymmetric_power_lambda_1
1.0,10.0,0.8,2.1998,2.3091221842985066,-0.10932218429850638,0.19999999999999996,asymmetric_power_lambda_1
1.0,10.0,0.9,2.4605,2.4716413907297627,-0.011141390729762612,0.09999999999999998,asymmetric_power_lambda_1
1.0,10.0,0.95,2.6357,2.5535047967274536,0.08219520327254637,0.050000000000000044,asymmetric_power_lambda_1
1.0,10.0,1.0,2.6513,2.635744606982924,0.015555393017076202,0.0,asymmetric_power_lambda_1
1.0,20.0,0.05,0.5,1.1266106793440334,-0.6266106793440334,0.95,asymmetric_power_lambda_1
1.0,20.0,0.1,0.5188,1.1922819540180711,-0.6734819540180711,0.9,asymmetric_power_lambda_1
1.0,20.0,0.2,0.7381,1.3318004863616293,-0.5937004863616293,0.8,asymmetric_power_lambda_1
1.0,20.0,0.3,0.9701,1.477812289660505,-0.5077122896605051,0.7,asymmetric_power_lambda_1
1.0,20.0,0.4,1.2279,1.6282074156304447,-0.4003074156304447,0.6,asymmetric_power_lambda_1
1.0,20.0,0.5,1.4233,1.7819483593925902,-0.3586483593925902,0.5,asymmetric_power_lambda_1
1.0,20.0,0.6,1.6574,1.9384092900756955,-0.28100929007569553,0.4,asymmetric_power_lambda_1
1.0,20.0,0.7,1.8968,2.097168988630459,-0.20036898863045915,0.30000000000000004,asymmetric_power_lambda_1
1.0,20.0,0.8,2.0844,2.257923527481625,-0.17352352748162492,0.19999999999999996,asymmetric_power_lambda_1
1.0,20.0,0.9,2.3062,2.420442733912881,-0.11424273391288109,0.09999999999999998,asymmetric_power_lambda_1
1.0,20.0,0.95,2.4517,2.502306139910572,-0.050606139910571724,0.050000000000000044,asymmetric_power_lambda_1
1.0,20.0,1.0,2.6133,2.584545950166042,0.028754049833958018,0.0,asymmetric_power_lambda_1
1.0,50.0,0.05,0.5,1.0717214830071828,-0.5717214830071828,0.95,asymmetric_power_lambda_1
1.0,50.0,0.1,0.5001,1.1373927576812206,-0.6372927576812206,0.9,asymmetric_power_lambda_1
1.0,50.0,0.2,0.7393,1.2769112900247788,-0.5376112900247788,0.8,asymmetric_power_lambda_1
1.0,50.0,0.3,0.948,1.4229230933236545,-0.47492309332365457,0.7,asymmetric_power_lambda_1
1.0,50.0,0.4,1.1772,1.5733182192935942,-0.39611821929359414,0.6,asymmetric_power_lambda_1
1.0,50.0,0.6,1.5703,1.883520093738845,-0.31322009373884496,0.4,asymmetric_power_lambda_1
1.0,50.0,0.8,2.0222,2.2030343311447744,-0.1808343311447742,0.19999999999999996,asymmetric_power_lambda_1
1.0,50.0,0.9,2.24,2.3655535375760306,-0.12555353757603038,0.09999999999999998,asymmetric_power_lambda_1
1.0,50.0,0.95,2.3371,2.4474169435737214,-0.11031694357372146,0.050000000000000044,asymmetric_power_lambda_1
1.0,50.0,1.0,2.4688,2.5296567538291916,-0.060856753829191756,0.0,asymmetric_power_lambda_1
1.0,100.0,0.05,0.5,1.0381159549151062,-0.5381159549151062,0.95,asymmetric_power_lambda_1
1.0,100.0,0.1,0.5,1.103787229589144,-0.603787229589144,0.9,asymmetric_power_lambda_1
1.0,100.0,0.2,0.7102,1.2433057619327021,-0.5331057619327021,0.8,asymmetric_power_lambda_1
1.0,100.0,0.3,0.9137,1.389317565231578,-0.47561756523157794,0.7,asymmetric_power_lambda_1
1.0,100.0,0.4,1.1107,1.5397126912015175,-0.4290126912015175,0.6,asymmetric_power_lambda_1
1.0,100.0,0.5,1.3086,1.6934536349636629,-0.38485363496366287,0.5,asymmetric_power_lambda_1
1.0,100.0,0.6,1.5225,1.8499145656467684,-0.3274145656467684,0.4,asymmetric_power_lambda_1
1.0,100.0,0.7,1.7077,2.0086742642015323,-0.3009742642015323,0.30000000000000004,asymmetric_power_lambda_1
1.0,100.0,0.8,1.9487,2.1694288030526976,-0.2207288030526975,0.19999999999999996,asymmetric_power_lambda_1
1.0,100.0,0.9,2.2185,2.3319480094839538,-0.11344800948395362,0.09999999999999998,asymmetric_power_lambda_1
1.0,100.0,0.95,2.3344,2.4138114154816446,-0.07941141548164454,0.050000000000000044,asymmetric_power_lambda_1
1.0,100.0,1.0,2.4489,2.496051225737115,-0.04715122573711472,0.0,asymmetric_power_lambda_1
1.0,150.0,0.05,0.5,1.0211045185609797,-0.5211045185609797,0.95,asymmetric_power_lambda_1
1.0,150.0,0.1,0.5,1.0867757932350175,-0.5867757932350175,0.9,asymmetric_power_lambda_1
1.0,150.0,0.2,0.692,1.2262943255785754,-0.5342943255785755,0.8,asymmetric_power_lambda_1
1.0,150.0,0.3,0.898,1.3723061288774514,-0.4743061288774514,0.7,asymmetric_power_lambda_1
1.0,150.0,0.4,1.1376,1.5227012548473908,-0.3851012548473909,0.6,asymmetric_power_lambda_1
1.0,150.0,0.6,1.5017,1.8329031292926419,-0.33120312929264184,0.4,asymmetric_power_lambda_1
1.0,150.0,0.8,1.9303,2.1524173666985713,-0.2221173666985714,0.19999999999999996,asymmetric_power_lambda_1
1.0,150.0,0.9,2.1019,2.3149365731298275,-0.21303657312982738,0.09999999999999998,asymmetric_power_lambda_1
1.0,150.0,0.95,2.1674,2.3967999791275183,-0.22939997912751808,0.050000000000000044,asymmetric_power_lambda_1
1.0,150.0,1.0,2.2789,2.4790397893829885,-0.20013978938298838,0.0,asymmetric_power_lambda_1
1.0,300.0,0.05,0.5,0.9958930784317395,-0.49589307843173946,0.95,asymmetric_power_lambda_1
1.0,300.0,0.1,0.5,1.0615643531057772,-0.5615643531057772,0.9,asymmetric_power_lambda_1
1.0,300.0,0.2,0.6746,1.2010828854493354,-0.5264828854493354,0.8,asymmetric_power_lambda_1
1.0,300.0,0.3,0.8578,1.3470946887482111,-0.48929468874821114,0.7,asymmetric_power_lambda_1
1.0,300.0,0.4,1.1116,1.4974898147181508,-0.38588981471815087,0.6,asymmetric_power_lambda_1
1.0,300.0,0.6,1.5153,1.8076916891634016,-0.2923916891634015,0.4,asymmetric_power_lambda_1
1.0,300.0,0.8,2.0053,2.127205926569331,-0.12190592656933097,0.19999999999999996,asymmetric_power_lambda_1
1.0,300.0,0.9,2.0139,2.289725133000587,-0.2758251330005872,0.09999999999999998,asymmetric_power_lambda_1
1.0,300.0,0.95,2.1877,2.371588538998278,-0.18388853899827806,0.050000000000000044,asymmetric_power_lambda_1
1.0,300.0,1.0,2.3325,2.4538283492537483,-0.12132834925374825,0.0,asymmetric_power_lambda_1
1.0,500.0,0.05,0.5,0.9800302133607237,-0.4800302133607237,0.95,asymmetric_power_lambda_1
1.0,500.0,0.1,0.5,1.0457014880347615,-0.5457014880347615,0.9,asymmetric_power_lambda_1
1.0,500.0,0.2,0.6599,1.1852200203783196,-0.5253200203783196,0.8,asymmetric_power_lambda_1
1.0,500.0,0.3,0.8544,1.3312318236771954,-0.47683182367719534,0.7,asymmetric_power_lambda_1
1.0,500.0,0.4,1.0836,1.481626949647135,-0.39802694964713514,0.6,asymmetric_power_lambda_1
1.0,500.0,0.5,1.2157,1.6353678934092803,-0.41966789340928035,0.5,asymmetric_power_lambda_1
1.0,500.0,0.6,1.4518,1.791828824092386,-0.3400288240923861,0.4,asymmetric_power_lambda_1
1.0,500.0,0.7,1.707,1.9505885226471498,-0.2435885226471497,0.30000000000000004,asymmetric_power_lambda_1
1.0,500.0,0.8,1.8739,2.1113430614983155,-0.23744306149831562,0.19999999999999996,asymmetric_power_lambda_1
1.0,500.0,0.9,2.0431,2.2738622679295712,-0.23076226792957133,0.09999999999999998,asymmetric_power_lambda_1
1.0,500.0,0.95,2.1733,2.355725673927262,-0.18242567392726228,0.050000000000000044,asymmetric_power_lambda_1
1.0,500.0,1.0,2.2572,2.4379654841827323,-0.1807654841827322,0.0,asymmetric_power_lambda_1
1.0,1000.0,0.05,0.5,0.9616303498369869,-0.4616303498369869,0.95,asymmetric_power_lambda_1
1.0,1000.0,0.1,0.5,1.0273016245110247,-0.5273016245110247,0.9,asymmetric_power_lambda_1
1.0,1000.0,0.2,0.6605,1.1668201568545828,-0.5063201568545829,0.8,asymmetric_power_lambda_1
1.0,1000.0,0.3,0.8357,1.3128319601534586,-0.4771319601534586,0.7,asymmetric_power_lambda_1
1.0,1000.0,0.4,1.0525,1.4632270861233982,-0.41072708612339826,0.6,asymmetric_power_lambda_1
1.0,1000.0,0.5,1.2565,1.6169680298855438,-0.36046802988554383,0.5,asymmetric_power_lambda_1
1.0,1000.0,0.6,1.407,1.773428960568649,-0.36642896056864904,0.4,asymmetric_power_lambda_1
1.0,1000.0,0.7,1.6907,1.932188659123413,-0.24148865912341289,0.30000000000000004,asymmetric_power_lambda_1
1.0,1000.0,0.8,1.8615,2.0929431979745785,-0.23144319797457857,0.19999999999999996,asymmetric_power_lambda_1
1.0,1000.0,0.9,1.9758,2.2554624044058347,-0.2796624044058347,0.09999999999999998,asymmetric_power_lambda_1
1.0,1000.0,0.95,2.1305,2.3373258104035255,-0.20682581040352543,0.050000000000000044,asymmetric_power_lambda_1
1.0,1000.0,1.0,2.1409,2.4195656206589957,-0.2786656206589959,0.0,asymmetric_power_lambda_1
1.0,2000.0,0.05,0.5,0.9462818362828159,-0.4462818362828159,0.95,asymmetric_power_lambda_1
1.0,2000.0,0.1,0.5,1.0119531109568538,-0.5119531109568538,0.9,asymmetric_power_lambda_1
1.0,2000.0,0.2,0.6467,1.151471643300412,-0.5047716433004119,0.8,asymmetric_power_lambda_1
1.0,2000.0,0.3,0.8314,1.2974834465992877,-0.4660834465992877,0.7,asymmetric_power_lambda_1
1.0,2000.0,0.4,1.0295,1.4478785725692274,-0.4183785725692273,0.6,asymmetric_power_lambda_1
1.0,2000.0,0.5,1.2251,1.6016195163313727,-0.3765195163313726,0.5,asymmetric_power_lambda_1
1.0,2000.0,0.6,1.4304,1.7580804470144782,-0.3276804470144783,0.4,asymmetric_power_lambda_1
1.0,2000.0,0.7,1.5995,1.916840145569242,-0.31734014556924217,0.30000000000000004,asymmetric_power_lambda_1
1.0,2000.0,0.8,1.7725,2.0775946844204074,-0.30509468442040744,0.19999999999999996,asymmetric_power_lambda_1
1.0,2000.0,0.9,2.027,2.2401138908516636,-0.21311389085166343,0.09999999999999998,asymmetric_power_lambda_1
1.0,2000.0,0.95,2.0759,2.3219772968493544,-0.24607729684935453,0.050000000000000044,asymmetric_power_lambda_1
1.0,2000.0,1.0,2.2081,2.4042171071048246,-0.19611710710482466,0.0,asymmetric_power_lambda_1
2.8,5.0,0.05,0.5,1.0659126475744674,-0.5659126475744674,0.95,asymmetric_power_lambda_1
2.8,5.0,0.1,0.5,1.1315839222485051,-0.6315839222485051,0.9,asymmetric_power_lambda_1
2.8,5.0,0.2,0.6798,1.2711024545920633,-0.5913024545920633,0.8,asymmetric_power_lambda_1
2.8,5.0,0.3,0.9253,1.417114257890939,-0.491814257890939,0.7,asymmetric_power_lambda_1
2.8,5.0,0.4,1.2039,1.5675093838608787,-0.3636093838608787,0.6,asymmetric_power_lambda_1
2.8,5.0,0.5,1.4628,1.7212503276230242,-0.2584503276230241,0.5,asymmetric_power_lambda_1
2.8,5.0,0.6,1.7229,1.8777112583061295,-0.1548112583061294,0.4,asymmetric_power_lambda_1
2.8,5.0,0.7,2.0084,2.036470956860893,-0.028070956860893226,0.30000000000000004,asymmetric_power_lambda_1
2.8,5.0,0.8,2.2056,2.197225495712059,0.008374504287941065,0.19999999999999996,asymmetric_power_lambda_1
2.8,5.0,0.9,2.4428,2.359744702143315,0.08305529785668497,0.09999999999999998,asymmetric_power_lambda_1
2.8,5.0,0.95,2.6201,2.441608108141006,0.17849189185899395,0.050000000000000044,asymmetric_power_lambda_1
2.8,5.0,1.0,2.721,2.523847918396476,0.19715208160352393,0.0,asymmetric_power_lambda_1
2.8,10.0,0.05,0.5,1.004535479374798,-0.504535479374798,0.95,asymmetric_power_lambda_1
2.8,10.0,0.1,0.5,1.0702067540488358,-0.5702067540488358,0.9,asymmetric_power_lambda_1
2.8,10.0,0.2,0.6187,1.209725286392394,-0.5910252863923939,0.8,asymmetric_power_lambda_1
2.8,10.0,0.3,0.8552,1.3557370896912697,-0.5005370896912698,0.7,asymmetric_power_lambda_1
2.8,10.0,0.4,1.1197,1.5061322156612094,-0.38643221566120944,0.6,asymmetric_power_lambda_1
2.8,10.0,0.6,1.6092,1.8163340901064604,-0.20713409010646044,0.4,asymmetric_power_lambda_1
2.8,10.0,0.8,2.1201,2.13584832751239,-0.01574832751238997,0.19999999999999996,asymmetric_power_lambda_1
2.8,10.0,0.9,2.3574,2.2983675339436456,0.05903246605635459,0.09999999999999998,asymmetric_power_lambda_1
2.8,10.0,0.95,2.4203,2.3802309399413364,0.04006906005866373,0.050000000000000044,asymmetric_power_lambda_1
2.8,10.0,1.0,2.5409,2.4624707501968066,0.07842924980319355,0.0,asymmetric_power_lambda_1
2.8,20.0,0.05,0.5,0.9533368225579164,-0.4533368225579164,0.95,asymmetric_power_lambda_1
2.8,20.0,0.1,0.5,1.0190080972319542,-0.5190080972319542,0.9,asymmetric_power_lambda_1
2.8,20.0,0.2,0.623,1.1585266295755123,-0.5355266295755123,0.8,asymmetric_power_lambda_1
2.8,20.0,0.3,0.8308,1.304538432874388,-0.4737384328743881,0.7,asymmetric_power_lambda_1
2.8,20.0,0.4,1.0678,1.4549335588443277,-0.38713355884432765,0.6,asymmetric_power_lambda_1
2.8,20.0,0.5,1.2966,1.608674502606473,-0.31207450260647307,0.5,asymmetric_power_lambda_1
2.8,20.0,0.6,1.5279,1.7651354332895788,-0.23723543328957875,0.4,asymmetric_power_lambda_1
2.8,20.0,0.7,1.7488,1.9238951318443425,-0.17509513184434256,0.30000000000000004,asymmetric_power_lambda_1
2.8,20.0,0.8,2.0341,2.0846496706955078,-0.050549670695507753,0.19999999999999996,asymmetric_power_lambda_1
2.8,20.0,0.9,2.2362,2.2471688771267644,-0.010968877126764198,0.09999999999999998,asymmetric_power_lambda_1
2.8,20.0,0.95,2.3457,2.329032283124455,0.01666771687554469,0.050000000000000044,asymmetric_power_lambda_1
2.8,20.0,1.0,2.5073,2.4112720933799254,0.09602790662007443,0.0,asymmetric_power_lambda_1
2.8,50.0,0.05,0.5,0.8984476262210658,-0.3984476262210658,0.95,asymmetric_power_lambda_1
2.8,50.0,0.1,0.5,0.9641189008951037,-0.46411890089510366,0.9,asymmetric_power_lambda_1
2.8,50.0,0.2,0.5815,1.1036374332386618,-0.5221374332386618,0.8,asymmetric_power_lambda_1
2.8,50.0,0.3,0.775,1.2496492365375376,-0.47464923653753754,0.7,asymmetric_power_lambda_1
2.8,50.0,0.4,1.0089,1.4000443625074772,-0.3911443625074773,0.6,asymmetric_power_lambda_1
2.8,50.0,0.6,1.457,1.710246236952728,-0.25324623695272797,0.4,asymmetric_power_lambda_1
2.8,50.0,0.8,1.9293,2.0297604743586573,-0.10046047435865724,0.19999999999999996,asymmetric_power_lambda_1
2.8,50.0,0.9,2.1407,2.1922796807899134,-0.051579680789913596,0.09999999999999998,asymmetric_power_lambda_1
2.8,50.0,0.95,2.253,2.2741430867876042,-0.021143086787604126,0.050000000000000044,asymmetric_power_lambda_1
2.8,50.0,1.0,2.3101,2.3563828970430745,-0.046282897043074644,0.0,asymmetric_power_lambda_1
2.8,100.0,0.05,0.5,0.864842098128989,-0.36484209812898905,0.95,asymmetric_power_lambda_1
2.8,100.0,0.1,0.5,0.9305133728030268,-0.4305133728030268,0.9,asymmetric_power_lambda_1
2.8,100.0,0.2,0.5671,1.070031905146585,-0.5029319051465849,0.8,asymmetric_power_lambda_1
2.8,100.0,0.3,0.7708,1.2160437084454607,-0.4452437084454607,0.7,asymmetric_power_lambda_1
2.8,100.0,0.4,0.9718,1.3664388344154004,-0.3946388344154004,0.6,asymmetric_power_lambda_1
2.8,100.0,0.5,1.1999,1.5201797781775457,-0.3202797781775457,0.5,asymmetric_power_lambda_1
2.8,100.0,0.6,1.4075,1.6766407088606514,-0.26914070886065145,0.4,asymmetric_power_lambda_1
2.8,100.0,0.7,1.6363,1.835400407415415,-0.19910040741541501,0.30000000000000004,asymmetric_power_lambda_1
2.8,100.0,0.8,1.8765,1.9961549462665806,-0.11965494626658058,0.19999999999999996,asymmetric_power_lambda_1
2.8,100.0,0.9,2.0444,2.158674152697837,-0.11427415269783703,0.09999999999999998,asymmetric_power_lambda_1
2.8,100.0,0.95,2.1982,2.240537558695528,-0.04233755869552791,0.050000000000000044,asymmetric_power_lambda_1
2.8,100.0,1.0,2.2588,2.322777368950998,-0.06397736895099815,0.0,asymmetric_power_lambda_1
2.8,150.0,0.05,0.5,0.8478306617748625,-0.34783066177486255,0.95,asymmetric_power_lambda_1
2.8,150.0,0.1,0.5,0.9135019364489003,-0.4135019364489003,0.9,asymmetric_power_lambda_1
2.8,150.0,0.2,0.543,1.0530204687924585,-0.5100204687924584,0.8,asymmetric_power_lambda_1
2.8,150.0,0.3,0.7457,1.1990322720913342,-0.4533322720913342,0.7,asymmetric_power_lambda_1
2.8,150.0,0.4,0.9557,1.3494273980612739,-0.3937273980612739,0.6,asymmetric_power_lambda_1
2.8,150.0,0.6,1.3479,1.6596292725065247,-0.3117292725065246,0.4,asymmetric_power_lambda_1
2.8,150.0,0.8,1.8407,1.9791435099124541,-0.13844350991245413,0.19999999999999996,asymmetric_power_lambda_1
2.8,150.0,0.9,2.0695,2.1416627163437103,-0.07216271634371019,0.09999999999999998,asymmetric_power_lambda_1
2.8,150.0,0.95,2.1192,2.223526122341401,-0.10432612234140093,0.050000000000000044,asymmetric_power_lambda_1
2.8,150.0,1.0,2.2385,2.3057659325968713,-0.06726593259687119,0.0,asymmetric_power_lambda_1
2.8,300.0,0.05,0.5,0.8226192216456225,-0.3226192216456225,0.95,asymmetric_power_lambda_1
2.8,300.0,0.1,0.5,0.8882904963196603,-0.3882904963196603,0.9,asymmetric_power_lambda_1
2.8,300.0,0.2,0.5456,1.0278090286632184,-0.48220902866321846,0.8,asymmetric_power_lambda_1
2.8,300.0,0.3,0.7388,1.1738208319620942,-0.4350208319620942,0.7,asymmetric_power_lambda_1
2.8,300.0,0.4,0.9673,1.3242159579320338,-0.3569159579320338,0.6,asymmetric_power_lambda_1
2.8,300.0,0.6,1.3023,1.6344178323772849,-0.33211783237728487,0.4,asymmetric_power_lambda_1
2.8,300.0,0.8,1.7798,1.953932069783214,-0.17413206978321405,0.19999999999999996,asymmetric_power_lambda_1
2.8,300.0,0.9,1.9735,2.1164512762144705,-0.14295127621447046,0.09999999999999998,asymmetric_power_lambda_1
2.8,300.0,0.95,2.0528,2.1983146822121613,-0.14551468221216135,0.050000000000000044,asymmetric_power_lambda_1
2.8,300.0,1.0,2.1322,2.2805544924676315,-0.14835449246763144,0.0,asymmetric_power_lambda_1
2.8,500.0,0.05,0.5,0.8067563565746066,-0.30675635657460665,0.95,asymmetric_power_lambda_1
2.8,500.0,0.1,0.5,0.8724276312486445,-0.37242763124864453,0.9,asymmetric_power_lambda_1
2.8,500.0,0.2,0.5387,1.0119461635922025,-0.4732461635922025,0.8,asymmetric_power_lambda_1
2.8,500.0,0.3,0.7277,1.1579579668910784,-0.4302579668910784,0.7,asymmetric_power_lambda_1
2.8,500.0,0.4,0.9045,1.3083530928610179,-0.4038530928610179,0.6,asymmetric_power_lambda_1
2.8,500.0,0.5,1.16,1.4620940366231634,-0.3020940366231635,0.5,asymmetric_power_lambda_1
2.8,500.0,0.6,1.3308,1.618554967306269,-0.2877549673062689,0.4,asymmetric_power_lambda_1
2.8,500.0,0.7,1.5099,1.7773146658610326,-0.2674146658610326,0.30000000000000004,asymmetric_power_lambda_1
2.8,500.0,0.8,1.7571,1.9380692047121983,-0.18096920471219824,0.19999999999999996,asymmetric_power_lambda_1
2.8,500.0,0.9,1.9167,2.1005884111434545,-0.18388841114345444,0.09999999999999998,asymmetric_power_lambda_1
2.8,500.0,0.95,2.0846,2.1824518171411453,-0.09785181714114533,0.050000000000000044,asymmetric_power_lambda_1
2.8,500.0,1.0,2.1517,2.2646916273966156,-0.11299162739661561,0.0,asymmetric_power_lambda_1
2.8,1000.0,0.05,0.5,0.7883564930508699,-0.28835649305086986,0.95,asymmetric_power_lambda_1
2.8,1000.0,0.1,0.5,0.8540277677249077,-0.35402776772490774,0.9,asymmetric_power_lambda_1
2.8,1000.0,0.2,0.519,0.9935463000684658,-0.47454630006846577,0.8,asymmetric_power_lambda_1
2.8,1000.0,0.3,0.7239,1.1395581033673416,-0.41565810336734166,0.7,asymmetric_power_lambda_1
2.8,1000.0,0.4,0.8987,1.2899532293372813,-0.39125322933728124,0.6,asymmetric_power_lambda_1
2.8,1000.0,0.5,1.1398,1.4436941730994266,-0.3038941730994267,0.5,asymmetric_power_lambda_1
2.8,1000.0,0.6,1.3353,1.6001551037825321,-0.2648551037825322,0.4,asymmetric_power_lambda_1
2.8,1000.0,0.7,1.5354,1.758914802337296,-0.22351480233729593,0.30000000000000004,asymmetric_power_lambda_1
2.8,1000.0,0.8,1.6984,1.9196693411884613,-0.22126934118846142,0.19999999999999996,asymmetric_power_lambda_1
2.8,1000.0,0.9,1.9178,2.0821885476197175,-0.16438854761971755,0.09999999999999998,asymmetric_power_lambda_1
2.8,1000.0,0.95,2.0038,2.1640519536174083,-0.1602519536174083,0.050000000000000044,asymmetric_power_lambda_1
2.8,1000.0,1.0,2.1237,2.2462917638728785,-0.12259176387287862,0.0,asymmetric_power_lambda_1
2.8,2000.0,0.05,0.5,0.7730079794966989,-0.27300797949669886,0.95,asymmetric_power_lambda_1
2.8,2000.0,0.1,0.5,0.8386792541707366,-0.33867925417073663,0.9,asymmetric_power_lambda_1
2.8,2000.0,0.2,0.5242,0.9781977865142948,-0.4539977865142948,0.8,asymmetric_power_lambda_1
2.8,2000.0,0.3,0.6887,1.1242095898131705,-0.43550958981317056,0.7,asymmetric_power_lambda_1
2.8,2000.0,0.4,0.9232,1.2746047157831102,-0.35140471578311017,0.6,asymmetric_power_lambda_1
2.8,2000.0,0.5,1.1045,1.4283456595452555,-0.32384565954525546,0.5,asymmetric_power_lambda_1
2.8,2000.0,0.6,1.2855,1.5848065902283612,-0.29930659022836115,0.4,asymmetric_power_lambda_1
2.8,2000.0,0.7,1.4788,1.743566288783125,-0.264766288783125,0.30000000000000004,asymmetric_power_lambda_1
2.8,2000.0,0.8,1.6576,1.9043208276342904,-0.24672082763429048,0.19999999999999996,asymmetric_power_lambda_1
2.8,2000.0,0.9,1.8775,2.066840034065547,-0.1893400340655469,0.09999999999999998,asymmetric_power_lambda_1
2.8,2000.0,0.95,1.8822,2.1487034400632377,-0.26650344006323756,0.050000000000000044,asymmetric_power_lambda_1
2.8,2000.0,1.0,2.0839,2.230943250318708,-0.14704325031870802,0.0,asymmetric_power_lambda_1
4.0,5.0,0.05,0.5,1.0149674618384983,-0.5149674618384983,0.95,asymmetric_power_lambda_1
4.0,5.0,0.1,0.5,1.080638736512536,-0.5806387365125361,0.9,asymmetric_power_lambda_1
4.0,5.0,0.2,0.6084,1.2201572688560942,-0.6117572688560942,0.8,asymmetric_power_lambda_1
4.0,5.0,0.3,0.8843,1.36616907215497,-0.48186907215497,0.7,asymmetric_power_lambda_1
4.0,5.0,0.4,1.1447,1.5165641981249096,-0.37186419812490956,0.6,asymmetric_power_lambda_1
4.0,5.0,0.5,1.3943,1.670305141887055,-0.27600514188705483,0.5,asymmetric_power_lambda_1
4.0,5.0,0.6,1.6246,1.8267660725701607,-0.20216607257016062,0.4,asymmetric_power_lambda_1
4.0,5.0,0.7,1.9244,1.9855257711249243,-0.06112577112492423,0.30000000000000004,asymmetric_power_lambda_1
4.0,5.0,0.8,2.1965,2.14628030997609,0.0502196900239098,0.19999999999999996,asymmetric_power_lambda_1
4.0,5.0,0.9,2.4512,2.308799516407346,0.14240048359265423,0.09999999999999998,asymmetric_power_lambda_1
4.0,5.0,0.95,2.5824,2.3906629224050366,0.19173707759496317,0.050000000000000044,asymmetric_power_lambda_1
4.0,5.0,1.0,2.6973,2.472902732660507,0.22439726733949295,0.0,asymmetric_power_lambda_1
4.0,10.0,0.05,0.5,0.9535902936388287,-0.45359029363882875,0.95,asymmetric_power_lambda_1
4.0,10.0,0.1,0.5,1.0192615683128665,-0.5192615683128665,0.9,asymmetric_power_lambda_1
4.0,10.0,0.2,0.5947,1.1587801006564247,-0.5640801006564247,0.8,asymmetric_power_lambda_1
4.0,10.0,0.3,0.8162,1.3047919039553004,-0.4885919039553004,0.7,asymmetric_power_lambda_1
4.0,10.0,0.4,1.0969,1.45518702992524,-0.3582870299252401,0.6,asymmetric_power_lambda_1
4.0,10.0,0.6,1.5567,1.7653889043704911,-0.20868890437049115,0.4,asymmetric_power_lambda_1
4.0,10.0,0.8,2.1045,2.0849031417764206,0.01959685822357926,0.19999999999999996,asymmetric_power_lambda_1
4.0,10.0,0.9,2.3491,2.2474223482076763,0.10167765179232369,0.09999999999999998,asymmetric_power_lambda_1
4.0,10.0,0.95,2.4433,2.329285754205367,0.11401424579463271,0.050000000000000044,asymmetric_power_lambda_1
4.0,10.0,1.0,2.4904,2.4115255644608373,0.07887443553916285,0.0,asymmetric_power_lambda_1
4.0,20.0,0.05,0.5,0.9023916368219471,-0.4023916368219471,0.95,asymmetric_power_lambda_1
4.0,20.0,0.1,0.5,0.9680629114959849,-0.4680629114959849,0.9,asymmetric_power_lambda_1
4.0,20.0,0.2,0.5655,1.107581443839543,-0.542081443839543,0.8,asymmetric_power_lambda_1
4.0,20.0,0.3,0.8094,1.2535932471384188,-0.4441932471384188,0.7,asymmetric_power_lambda_1
4.0,20.0,0.4,1.0284,1.4039883731083584,-0.37558837310835846,0.6,asymmetric_power_lambda_1
4.0,20.0,0.5,1.2902,1.5577293168705038,-0.26752931687050374,0.5,asymmetric_power_lambda_1
4.0,20.0,0.6,1.5025,1.7141902475536095,-0.21169024755360955,0.4,asymmetric_power_lambda_1
4.0,20.0,0.7,1.7203,1.8729499461083732,-0.15264994610837324,0.30000000000000004,asymmetric_power_lambda_1
4.0,20.0,0.8,1.9253,2.0337044849595385,-0.10840448495953847,0.19999999999999996,asymmetric_power_lambda_1
4.0,20.0,0.9,2.2398,2.196223691390795,0.043576308609204695,0.09999999999999998,asymmetric_power_lambda_1
4.0,20.0,0.95,2.2806,2.278087097388486,0.002512902611514267,0.050000000000000044,asymmetric_power_lambda_1
4.0,20.0,1.0,2.4139,2.360326907643956,0.053573092356043794,0.0,asymmetric_power_lambda_1
4.0,50.0,0.05,0.5,0.8475024404850966,-0.3475024404850966,0.95,asymmetric_power_lambda_1
4.0,50.0,0.1,0.5,0.9131737151591344,-0.41317371515913437,0.9,asymmetric_power_lambda_1
4.0,50.0,0.2,0.5298,1.0526922475026925,-0.5228922475026925,0.8,asymmetric_power_lambda_1
4.0,50.0,0.3,0.7483,1.1987040508015683,-0.4504040508015683,0.7,asymmetric_power_lambda_1
4.0,50.0,0.4,0.9837,1.349099176771508,-0.3653991767715079,0.6,asymmetric_power_lambda_1
4.0,50.0,0.6,1.4472,1.659301051216759,-0.21210105121675893,0.4,asymmetric_power_lambda_1
4.0,50.0,0.8,1.9213,1.9788152886226882,-0.05751528862268818,0.19999999999999996,asymmetric_power_lambda_1
4.0,50.0,0.9,2.0499,2.141334495053944,-0.09143449505394408,0.09999999999999998,asymmetric_power_lambda_1
4.0,50.0,0.95,2.2424,2.223197901051635,0.019202098948365,0.050000000000000044,asymmetric_power_lambda_1
4.0,50.0,1.0,2.4043,2.305437711307105,0.09886228869289493,0.0,asymmetric_power_lambda_1
4.0,100.0,0.05,0.5,0.8138969123930199,-0.31389691239301987,0.95,asymmetric_power_lambda_1
4.0,100.0,0.1,0.5,0.8795681870670577,-0.37956818706705775,0.9,asymmetric_power_lambda_1
4.0,100.0,0.2,0.5116,1.0190867194106157,-0.5074867194106156,0.8,asymmetric_power_lambda_1
4.0,100.0,0.3,0.722,1.1650985227094917,-0.4430985227094917,0.7,asymmetric_power_lambda_1
4.0,100.0,0.4,0.9435,1.315493648679431,-0.3719936486794311,0.6,asymmetric_power_lambda_1
4.0,100.0,0.5,1.1487,1.4692345924415766,-0.32053459244157656,0.5,asymmetric_power_lambda_1
4.0,100.0,0.6,1.3727,1.6256955231246821,-0.2529955231246821,0.4,asymmetric_power_lambda_1
4.0,100.0,0.7,1.6045,1.7844552216794458,-0.17995522167944578,0.30000000000000004,asymmetric_power_lambda_1
4.0,100.0,0.8,1.8522,1.9452097605306116,-0.0930097605306115,0.19999999999999996,asymmetric_power_lambda_1
4.0,100.0,0.9,2.1002,2.1077289669618677,-0.007528966961867667,0.09999999999999998,asymmetric_power_lambda_1
4.0,100.0,0.95,2.1195,2.1895923729595586,-0.07009237295955861,0.050000000000000044,asymmetric_power_lambda_1
4.0,100.0,1.0,2.2786,2.2718321832150288,0.006767816784971181,0.0,asymmetric_power_lambda_1
4.0,150.0,0.05,0.5,0.7968854760388934,-0.29688547603889337,0.95,asymmetric_power_lambda_1
4.0,150.0,0.1,0.5,0.8625567507129313,-0.36255675071293125,0.9,asymmetric_power_lambda_1
4.0,150.0,0.2,0.519,1.0020752830564894,-0.4830752830564894,0.8,asymmetric_power_lambda_1
4.0,150.0,0.3,0.706,1.1480870863553652,-0.4420870863553652,0.7,asymmetric_power_lambda_1
4.0,150.0,0.4,0.9268,1.2984822123253048,-0.37168221232530485,0.6,asymmetric_power_lambda_1
4.0,150.0,0.6,1.3551,1.6086840867705556,-0.25358408677055566,0.4,asymmetric_power_lambda_1
4.0,150.0,0.8,1.7552,1.9281983241764848,-0.17299832417648475,0.19999999999999996,asymmetric_power_lambda_1
4.0,150.0,0.9,2.0344,2.090717530607741,-0.05631753060774081,0.09999999999999998,asymmetric_power_lambda_1
4.0,150.0,0.95,2.1044,2.172580936605432,-0.06818093660543179,0.050000000000000044,asymmetric_power_lambda_1
4.0,150.0,1.0,2.1522,2.254820746860902,-0.10262074686090195,0.0,asymmetric_power_lambda_1
4.0,300.0,0.05,0.5,0.7716740359096532,-0.2716740359096532,0.95,asymmetric_power_lambda_1
4.0,300.0,0.1,0.5,0.837345310583691,-0.337345310583691,0.9,asymmetric_power_lambda_1
4.0,300.0,0.2,0.5,0.9768638429272491,-0.47686384292724915,0.8,asymmetric_power_lambda_1
4.0,300.0,0.3,0.7051,1.122875646226125,-0.41777564622612495,0.7,asymmetric_power_lambda_1
4.0,300.0,0.4,0.897,1.2732707721960645,-0.37627077219606453,0.6,asymmetric_power_lambda_1
4.0,300.0,0.6,1.3625,1.5834726466413156,-0.22097264664131555,0.4,asymmetric_power_lambda_1
4.0,300.0,0.8,1.7422,1.9029868840472448,-0.16078688404724484,0.19999999999999996,asymmetric_power_lambda_1
4.0,300.0,0.9,1.9926,2.065506090478501,-0.07290609047850127,0.09999999999999998,asymmetric_power_lambda_1
4.0,300.0,0.95,2.0785,2.147369496476192,-0.068869496476192,0.050000000000000044,asymmetric_power_lambda_1
4.0,300.0,1.0,2.2315,2.2296093067316622,0.0018906932683377953,0.0,asymmetric_power_lambda_1
4.0,500.0,0.05,0.5,0.7558111708386375,-0.25581117083863747,0.95,asymmetric_power_lambda_1
4.0,500.0,0.1,0.5,0.8214824455126752,-0.32148244551267524,0.9,asymmetric_power_lambda_1
4.0,500.0,0.2,0.5,0.9610009778562334,-0.4610009778562334,0.8,asymmetric_power_lambda_1
4.0,500.0,0.3,0.6833,1.1070127811551091,-0.42371278115510913,0.7,asymmetric_power_lambda_1
4.0,500.0,0.4,0.888,1.2574079071250488,-0.3694079071250488,0.6,asymmetric_power_lambda_1
4.0,500.0,0.5,1.0678,1.4111488508871943,-0.34334885088719425,0.5,asymmetric_power_lambda_1
4.0,500.0,0.6,1.2876,1.5676097815702996,-0.28000978157029954,0.4,asymmetric_power_lambda_1
4.0,500.0,0.7,1.5155,1.7263694801250635,-0.21086948012506346,0.30000000000000004,asymmetric_power_lambda_1
4.0,500.0,0.8,1.7157,1.887124018976229,-0.17142401897622905,0.19999999999999996,asymmetric_power_lambda_1
4.0,500.0,0.9,1.9644,2.0496432254074852,-0.0852432254074853,0.09999999999999998,asymmetric_power_lambda_1
4.0,500.0,0.95,1.9848,2.131506631405176,-0.14670663140517615,0.050000000000000044,asymmetric_power_lambda_1
4.0,500.0,1.0,2.1365,2.2137464416606463,-0.07724644166064643,0.0,asymmetric_power_lambda_1
4.0,1000.0,0.05,0.5,0.7374113073149007,-0.23741130731490068,0.95,asymmetric_power_lambda_1
4.0,1000.0,0.1,0.5,0.8030825819889384,-0.30308258198893845,0.9,asymmetric_power_lambda_1
4.0,1000.0,0.2,0.5,0.9426011143324966,-0.4426011143324966,0.8,asymmetric_power_lambda_1
4.0,1000.0,0.3,0.6866,1.0886129176313724,-0.40201291763137237,0.7,asymmetric_power_lambda_1
4.0,1000.0,0.4,0.8604,1.239008043601312,-0.37860804360131195,0.6,asymmetric_power_lambda_1
4.0,1000.0,0.5,1.1039,1.3927489873634573,-0.2888489873634572,0.5,asymmetric_power_lambda_1
4.0,1000.0,0.6,1.2945,1.549209918046563,-0.25470991804656307,0.4,asymmetric_power_lambda_1
4.0,1000.0,0.7,1.4835,1.7079696166013267,-0.2244696166013267,0.30000000000000004,asymmetric_power_lambda_1
4.0,1000.0,0.8,1.7176,1.8687241554524923,-0.15112415545249225,0.19999999999999996,asymmetric_power_lambda_1
4.0,1000.0,0.9,1.8943,2.0312433618837487,-0.13694336188374856,0.09999999999999998,asymmetric_power_lambda_1
4.0,1000.0,0.95,1.9293,2.1131067678814395,-0.18380676788143946,0.050000000000000044,asymmetric_power_lambda_1
4.0,1000.0,1.0,2.1308,2.1953465781369097,-0.0645465781369099,0.0,asymmetric_power_lambda_1
4.0,2000.0,0.05,0.5,0.7220627937607297,-0.22206279376072968,0.95,asymmetric_power_lambda_1
4.0,2000.0,0.1,0.5,0.7877340684347676,-0.28773406843476756,0.9,asymmetric_power_lambda_1
4.0,2000.0,0.2,0.5,0.9272526007783256,-0.4272526007783256,0.8,asymmetric_power_lambda_1
4.0,2000.0,0.3,0.642,1.0732644040772015,-0.43126440407720146,0.7,asymmetric_power_lambda_1
4.0,2000.0,0.4,0.8502,1.223659530047141,-0.37345953004714094,0.6,asymmetric_power_lambda_1
4.0,2000.0,0.5,1.0844,1.3774004738092864,-0.2930004738092864,0.5,asymmetric_power_lambda_1
4.0,2000.0,0.6,1.281,1.533861404492392,-0.25286140449239203,0.4,asymmetric_power_lambda_1
4.0,2000.0,0.7,1.4643,1.6926211030471556,-0.2283211030471557,0.30000000000000004,asymmetric_power_lambda_1
4.0,2000.0,0.8,1.6704,1.8533756418983214,-0.18297564189832127,0.19999999999999996,asymmetric_power_lambda_1
4.0,2000.0,0.9,1.8145,2.0158948483295775,-0.20139484832957755,0.09999999999999998,asymmetric_power_lambda_1
4.0,2000.0,0.95,1.9664,2.0977582543272684,-0.13135825432726844,0.050000000000000044,asymmetric_power_lambda_1
4.0,2000.0,1.0,2.0978,2.1799980645827386,-0.0821980645827387,0.0,asymmetric_power_lambda_1
6.9,5.0,0.05,0.5,0.9448483999925466,-0.44484839999254655,0.95,asymmetric_power_lambda_1
6.9,5.0,0.1,0.5,1.0105196746665843,-0.5105196746665843,0.9,asymmetric_power_lambda_1
6.9,5.0,0.2,0.5546,1.1500382070101425,-0.5954382070101425,0.8,asymmetric_power_lambda_1
6.9,5.0,0.3,0.7947,1.2960500103090182,-0.5013500103090183,0.7,asymmetric_power_lambda_1
6.9,5.0,0.4,1.0436,1.4464451362789579,-0.4028451362789578,0.6,asymmetric_power_lambda_1
6.9,5.0,0.5,1.3381,1.6001860800411034,-0.26208608004110334,0.5,asymmetric_power_lambda_1
6.9,5.0,0.6,1.6422,1.7566470107242087,-0.1144470107242086,0.4,asymmetric_power_lambda_1
6.9,5.0,0.7,1.8729,1.9154067092789726,-0.0425067092789726,0.30000000000000004,asymmetric_power_lambda_1
6.9,5.0,0.8,2.1078,2.076161248130138,0.03163875186986198,0.19999999999999996,asymmetric_power_lambda_1
6.9,5.0,0.9,2.465,2.2386804545613943,0.22631954543860555,0.09999999999999998,asymmetric_power_lambda_1
6.9,5.0,0.95,2.5263,2.320543860559085,0.20575613944091486,0.050000000000000044,asymmetric_power_lambda_1
6.9,5.0,1.0,2.633,2.4027836708145554,0.23021632918544466,0.0,asymmetric_power_lambda_1
6.9,10.0,0.05,0.5,0.883471231792877,-0.383471231792877,0.95,asymmetric_power_lambda_1
6.9,10.0,0.1,0.5,0.9491425064669148,-0.4491425064669148,0.9,asymmetric_power_lambda_1
6.9,10.0,0.2,0.5272,1.088661038810473,-0.5614610388104729,0.8,asymmetric_power_lambda_1
6.9,10.0,0.3,0.7496,1.2346728421093487,-0.48507284210934865,0.7,asymmetric_power_lambda_1
6.9,10.0,0.4,1.0046,1.3850679680792883,-0.3804679680792884,0.6,asymmetric_power_lambda_1
6.9,10.0,0.6,1.4702,1.6952698425245392,-0.2250698425245392,0.4,asymmetric_power_lambda_1
6.9,10.0,0.8,2.0045,2.0147840799304686,-0.010284079930468426,0.19999999999999996,asymmetric_power_lambda_1
6.9,10.0,0.9,2.2827,2.1773032863617248,0.10539671363827541,0.09999999999999998,asymmetric_power_lambda_1
6.9,10.0,0.95,2.3738,2.2591666923594156,0.11463330764058455,0.050000000000000044,asymmetric_power_lambda_1
6.9,10.0,1.0,2.514,2.341406502614886,0.17259349738511398,0.0,asymmetric_power_lambda_1
6.9,20.0,0.05,0.5,0.8322725749759954,-0.3322725749759954,0.95,asymmetric_power_lambda_1
6.9,20.0,0.1,0.5,0.8979438496500332,-0.39794384965003315,0.9,asymmetric_power_lambda_1
6.9,20.0,0.2,0.5,1.0374623819935913,-0.5374623819935913,0.8,asymmetric_power_lambda_1
6.9,20.0,0.3,0.7321,1.183474185292467,-0.4513741852924671,0.7,asymmetric_power_lambda_1
6.9,20.0,0.4,0.9636,1.3338693112624067,-0.3702693112624067,0.6,asymmetric_power_lambda_1
6.9,20.0,0.5,1.2142,1.4876102550245522,-0.2734102550245523,0.5,asymmetric_power_lambda_1
6.9,20.0,0.6,1.4457,1.6440711857076575,-0.19837118570765755,0.4,asymmetric_power_lambda_1
6.9,20.0,0.7,1.6657,1.8028308842624214,-0.13713088426242148,0.30000000000000004,asymmetric_power_lambda_1
6.9,20.0,0.8,1.9664,1.963585423113587,0.002814576886412956,0.19999999999999996,asymmetric_power_lambda_1
6.9,20.0,0.9,2.1852,2.126104629544843,0.05909537045515689,0.09999999999999998,asymmetric_power_lambda_1
6.9,20.0,0.95,2.2902,2.207968035542534,0.08223196445746606,0.050000000000000044,asymmetric_power_lambda_1
6.9,20.0,1.0,2.4144,2.290207845798004,0.12419215420199592,0.0,asymmetric_power_lambda_1
6.9,50.0,0.05,0.5,0.7773833786391449,-0.27738337863914486,0.95,asymmetric_power_lambda_1
6.9,50.0,0.1,0.5,0.8430546533131826,-0.34305465331318263,0.9,asymmetric_power_lambda_1
6.9,50.0,0.2,0.5,0.9825731856567408,-0.4825731856567408,0.8,asymmetric_power_lambda_1
6.9,50.0,0.3,0.6906,1.1285849889556165,-0.43798498895561655,0.7,asymmetric_power_lambda_1
6.9,50.0,0.4,0.9193,1.2789801149255562,-0.3596801149255562,0.6,asymmetric_power_lambda_1
6.9,50.0,0.6,1.3376,1.589181989370807,-0.2515819893708071,0.4,asymmetric_power_lambda_1
6.9,50.0,0.8,1.8718,1.9086962267767364,-0.03689622677673654,0.19999999999999996,asymmetric_power_lambda_1
6.9,50.0,0.9,2.0446,2.0712154332079926,-0.026615433207992645,0.09999999999999998,asymmetric_power_lambda_1
6.9,50.0,0.95,2.1785,2.1530788392056834,0.025421160794316666,0.050000000000000044,asymmetric_power_lambda_1
6.9,50.0,1.0,2.2898,2.2353186494611537,0.054481350538846396,0.0,asymmetric_power_lambda_1
6.9,100.0,0.05,0.5,0.7437778505470681,-0.24377785054706813,0.95,asymmetric_power_lambda_1
6.9,100.0,0.1,0.5,0.809449125221106,-0.309449125221106,0.9,asymmetric_power_lambda_1
6.9,100.0,0.2,0.5,0.9489676575646641,-0.44896765756466406,0.8,asymmetric_power_lambda_1
6.9,100.0,0.3,0.6647,1.09497946086354,-0.43027946086353996,0.7,asymmetric_power_lambda_1
6.9,100.0,0.4,0.882,1.2453745868334796,-0.36337458683347956,0.6,asymmetric_power_lambda_1
6.9,100.0,0.5,1.1201,1.3991155305956249,-0.2790155305956248,0.5,asymmetric_power_lambda_1
6.9,100.0,0.6,1.3304,1.5555764612787304,-0.22517646127873037,0.4,asymmetric_power_lambda_1
6.9,100.0,0.7,1.5242,1.7143361598334943,-0.1901361598334943,0.30000000000000004,asymmetric_power_lambda_1
6.9,100.0,0.8,1.818,1.8750906986846596,-0.05709069868465955,0.19999999999999996,asymmetric_power_lambda_1
6.9,100.0,0.9,1.9399,2.0376099051159158,-0.09770990511591582,0.09999999999999998,asymmetric_power_lambda_1
6.9,100.0,0.95,2.1119,2.1194733111136066,-0.007573311113606707,0.050000000000000044,asymmetric_power_lambda_1
6.9,100.0,1.0,2.2368,2.201713121369077,0.0350868786309233,0.0,asymmetric_power_lambda_1
6.9,150.0,0.05,0.5,0.7267664141929416,-0.22676641419294163,0.95,asymmetric_power_lambda_1
6.9,150.0,0.1,0.5,0.7924376888669795,-0.2924376888669795,0.9,asymmetric_power_lambda_1
6.9,150.0,0.2,0.5,0.9319562212105376,-0.43195622121053756,0.8,asymmetric_power_lambda_1
6.9,150.0,0.3,0.647,1.0779680245094134,-0.4309680245094134,0.7,asymmetric_power_lambda_1
6.9,150.0,0.4,0.8733,1.2283631504793528,-0.3550631504793529,0.6,asymmetric_power_lambda_1
6.9,150.0,0.6,1.3204,1.538565024924604,-0.21816502492460388,0.4,asymmetric_power_lambda_1
6.9,150.0,0.8,1.7305,1.8580792623305333,-0.1275792623305334,0.19999999999999996,asymmetric_power_lambda_1
6.9,150.0,0.9,2.0057,2.0205984687617895,-0.014898468761789463,0.09999999999999998,asymmetric_power_lambda_1
6.9,150.0,0.95,2.0784,2.1024618747594803,-0.024061874759480517,0.050000000000000044,asymmetric_power_lambda_1
6.9,150.0,1.0,2.2001,2.1847016850149505,0.0153983149850494,0.0,asymmetric_power_lambda_1
6.9,300.0,0.05,0.5,0.7015549740637015,-0.2015549740637015,0.95,asymmetric_power_lambda_1
6.9,300.0,0.1,0.5,0.7672262487377393,-0.26722624873773926,0.9,asymmetric_power_lambda_1
6.9,300.0,0.2,0.5,0.9067447810812974,-0.4067447810812974,0.8,asymmetric_power_lambda_1
6.9,300.0,0.3,0.6383,1.0527565843801732,-0.4144565843801732,0.7,asymmetric_power_lambda_1
6.9,300.0,0.4,0.8495,1.2031517103501128,-0.3536517103501128,0.6,asymmetric_power_lambda_1
6.9,300.0,0.6,1.2789,1.5133535847953636,-0.2344535847953637,0.4,asymmetric_power_lambda_1
6.9,300.0,0.8,1.6963,1.832867822201293,-0.13656782220129315,0.19999999999999996,asymmetric_power_lambda_1
6.9,300.0,0.9,1.9181,1.9953870286325492,-0.07728702863254933,0.09999999999999998,asymmetric_power_lambda_1
6.9,300.0,0.95,1.98,2.07725043463024,-0.09725043463024008,0.050000000000000044,asymmetric_power_lambda_1
6.9,300.0,1.0,2.1543,2.1594902448857103,-0.005190244885710182,0.0,asymmetric_power_lambda_1
6.9,500.0,0.05,0.5,0.6856921089926857,-0.18569210899268573,0.95,asymmetric_power_lambda_1
6.9,500.0,0.1,0.5,0.7513633836667235,-0.2513633836667235,0.9,asymmetric_power_lambda_1
6.9,500.0,0.2,0.5,0.8908819160102817,-0.39088191601028166,0.8,asymmetric_power_lambda_1
6.9,500.0,0.3,0.6224,1.0368937193091574,-0.41449371930915746,0.7,asymmetric_power_lambda_1
6.9,500.0,0.4,0.8513,1.187288845279097,-0.3359888452790971,0.6,asymmetric_power_lambda_1
6.9,500.0,0.5,1.0567,1.3410297890412424,-0.2843297890412424,0.5,asymmetric_power_lambda_1
6.9,500.0,0.6,1.2524,1.497490719724348,-0.24509071972434815,0.4,asymmetric_power_lambda_1
6.9,500.0,0.7,1.4759,1.6562504182791118,-0.1803504182791118,0.30000000000000004,asymmetric_power_lambda_1
6.9,500.0,0.8,1.6838,1.8170049571302773,-0.13320495713027736,0.19999999999999996,asymmetric_power_lambda_1
6.9,500.0,0.9,1.9071,1.9795241635615335,-0.07242416356153347,0.09999999999999998,asymmetric_power_lambda_1
6.9,500.0,0.95,1.9975,2.0613875695592245,-0.06388756955922448,0.050000000000000044,asymmetric_power_lambda_1
6.9,500.0,1.0,2.1285,2.1436273798146948,-0.015127379814694919,0.0,asymmetric_power_lambda_1
6.9,1000.0,0.05,0.5,0.6672922454689489,-0.16729224546894894,0.95,asymmetric_power_lambda_1
6.9,1000.0,0.1,0.5,0.7329635201429867,-0.2329635201429867,0.9,asymmetric_power_lambda_1
6.9,1000.0,0.2,0.5,0.8724820524865449,-0.37248205248654487,0.8,asymmetric_power_lambda_1
6.9,1000.0,0.3,0.6085,1.0184938557854206,-0.4099938557854206,0.7,asymmetric_power_lambda_1
6.9,1000.0,0.4,0.8559,1.1688889817553603,-0.3129889817553603,0.6,asymmetric_power_lambda_1
6.9,1000.0,0.5,1.0114,1.3226299255175058,-0.3112299255175057,0.5,asymmetric_power_lambda_1
6.9,1000.0,0.6,1.2482,1.479090856200611,-0.23089085620061112,0.4,asymmetric_power_lambda_1
6.9,1000.0,0.7,1.4349,1.637850554755375,-0.20295055475537493,0.30000000000000004,asymmetric_power_lambda_1
6.9,1000.0,0.8,1.6614,1.7986050936065405,-0.13720509360654054,0.19999999999999996,asymmetric_power_lambda_1
6.9,1000.0,0.9,1.837,1.9611243000377967,-0.12412430003779673,0.09999999999999998,asymmetric_power_lambda_1
6.9,1000.0,0.95,1.9432,2.0429877060354875,-0.09978770603548748,0.050000000000000044,asymmetric_power_lambda_1
6.9,1000.0,1.0,2.0548,2.1252275162909577,-0.07042751629095756,0.0,asymmetric_power_lambda_1
6.9,2000.0,0.05,0.5,0.651943731914778,-0.15194373191477795,0.95,asymmetric_power_lambda_1
6.9,2000.0,0.1,0.5,0.7176150065888158,-0.21761500658881583,0.9,asymmetric_power_lambda_1
6.9,2000.0,0.2,0.5,0.8571335389323739,-0.3571335389323739,0.8,asymmetric_power_lambda_1
6.9,2000.0,0.3,0.6165,1.0031453422312497,-0.3866453422312497,0.7,asymmetric_power_lambda_1
6.9,2000.0,0.4,0.8294,1.1535404682011894,-0.32414046820118936,0.6,asymmetric_power_lambda_1
6.9,2000.0,0.5,1.005,1.3072814119633347,-0.3022814119633348,0.5,asymmetric_power_lambda_1
6.9,2000.0,0.6,1.2332,1.4637423426464402,-0.23054234264644013,0.4,asymmetric_power_lambda_1
6.9,2000.0,0.7,1.4283,1.6225020412012041,-0.1942020412012042,0.30000000000000004,asymmetric_power_lambda_1
6.9,2000.0,0.8,1.651,1.7832565800523694,-0.1322565800523694,0.19999999999999996,asymmetric_power_lambda_1
6.9,2000.0,0.9,1.8064,1.9457757864836256,-0.13937578648362559,0.09999999999999998,asymmetric_power_lambda_1
6.9,2000.0,0.95,1.9399,2.0276391924813164,-0.08773919248131645,0.050000000000000044,asymmetric_power_lambda_1
6.9,2000.0,1.0,1.9935,2.1098790027367866,-0.11637900273678659,0.0,asymmetric_power_lambda_1
12.0,5.0,0.05,0.5,0.8822476762291771,-0.3822476762291771,0.95,asymmetric_power_lambda_1
12.0,5.0,0.1,0.5,0.9479189509032149,-0.4479189509032149,0.9,asymmetric_power_lambda_1
12.0,5.0,0.2,0.5,1.087437483246773,-0.587437483246773,0.8,asymmetric_power_lambda_1
12.0,5.0,0.3,0.7234,1.2334492865456488,-0.5100492865456487,0.7,asymmetric_power_lambda_1
12.0,5.0,0.4,1.0113,1.3838444125155884,-0.37254441251558834,0.6,asymmetric_power_lambda_1
12.0,5.0,0.5,1.2841,1.537585356277734,-0.25348535627773394,0.5,asymmetric_power_lambda_1
12.0,5.0,0.6,1.5682,1.6940462869608393,-0.12584628696083922,0.4,asymmetric_power_lambda_1
12.0,5.0,0.7,1.7793,1.8528059855156032,-0.07350598551560306,0.30000000000000004,asymmetric_power_lambda_1
12.0,5.0,0.8,2.0752,2.0135605243667687,0.061639475633231466,0.19999999999999996,asymmetric_power_lambda_1
12.0,5.0,0.9,2.3423,2.176079730798025,0.16622026920197497,0.09999999999999998,asymmetric_power_lambda_1
12.0,5.0,0.95,2.4625,2.2579431367957157,0.20455686320428423,0.050000000000000044,asymmetric_power_lambda_1
12.0,5.0,1.0,2.701,2.340182947051186,0.36081705294881417,0.0,asymmetric_power_lambda_1
12.0,10.0,0.05,0.5,0.8208705080295078,-0.3208705080295078,0.95,asymmetric_power_lambda_1
12.0,10.0,0.1,0.5,0.8865417827035456,-0.38654178270354556,0.9,asymmetric_power_lambda_1
12.0,10.0,0.2,0.5,1.0260603150471037,-0.5260603150471037,0.8,asymmetric_power_lambda_1
12.0,10.0,0.3,0.6963,1.1720721183459795,-0.47577211834597943,0.7,asymmetric_power_lambda_1
12.0,10.0,0.4,0.9487,1.322467244315919,-0.3737672443159191,0.6,asymmetric_power_lambda_1
12.0,10.0,0.5,1.1986,1.4762081880780644,-0.2776081880780643,0.5,asymmetric_power_lambda_1
12.0,10.0,0.6,1.4595,1.6326691187611702,-0.17316911876117014,0.4,asymmetric_power_lambda_1
12.0,10.0,0.7,1.7275,1.7914288173159338,-0.0639288173159338,0.30000000000000004,asymmetric_power_lambda_1
12.0,10.0,0.8,1.9842,1.9521833561670994,0.03201664383290059,0.19999999999999996,asymmetric_power_lambda_1
12.0,10.0,0.9,2.1983,2.1147025625983558,0.08359743740164438,0.09999999999999998,asymmetric_power_lambda_1
12.0,10.0,0.95,2.3535,2.1965659685960466,0.15693403140395334,0.050000000000000044,asymmetric_power_lambda_1
12.0,10.0,1.0,2.4582,2.278805778851517,0.17939422114848336,0.0,asymmetric_power_lambda_1
12.0,20.0,0.05,0.5,0.7696718512126262,-0.26967185121262616,0.95,asymmetric_power_lambda_1
12.0,20.0,0.1,0.5,0.8353431258866639,-0.33534312588666393,0.9,asymmetric_power_lambda_1
12.0,20.0,0.2,0.5,0.9748616582302221,-0.4748616582302221,0.8,asymmetric_power_lambda_1
12.0,20.0,0.3,0.6648,1.1208734615290978,-0.4560734615290979,0.7,asymmetric_power_lambda_1
12.0,20.0,0.4,0.9074,1.2712685874990375,-0.3638685874990375,0.6,asymmetric_power_lambda_1
12.0,20.0,0.5,1.1529,1.4250095312611828,-0.27210953126118276,0.5,asymmetric_power_lambda_1
12.0,20.0,0.6,1.4022,1.5814704619442885,-0.17927046194428864,0.4,asymmetric_power_lambda_1
12.0,20.0,0.7,1.6378,1.7402301604990522,-0.10243016049905229,0.30000000000000004,asymmetric_power_lambda_1
12.0,20.0,0.8,1.9488,1.9009846993502177,0.047815300649782344,0.19999999999999996,asymmetric_power_lambda_1
12.0,20.0,0.9,2.1859,2.0635039057814737,0.12239609421852649,0.09999999999999998,asymmetric_power_lambda_1
12.0,20.0,0.95,2.2362,2.1453673117791645,0.09083268822083568,0.050000000000000044,asymmetric_power_lambda_1
12.0,20.0,1.0,2.3472,2.2276071220346347,0.11959287796536522,0.0,asymmetric_power_lambda_1
12.0,50.0,0.05,0.5,0.7147826548757755,-0.21478265487577552,0.95,asymmetric_power_lambda_1
12.0,50.0,0.1,0.5,0.7804539295498134,-0.2804539295498134,0.9,asymmetric_power_lambda_1
12.0,50.0,0.2,0.5,0.9199724618933715,-0.41997246189337145,0.8,asymmetric_power_lambda_1
12.0,50.0,0.3,0.6406,1.0659842651922473,-0.42538426519224737,0.7,asymmetric_power_lambda_1
12.0,50.0,0.4,0.8712,1.216379391162187,-0.345179391162187,0.6,asymmetric_power_lambda_1
12.0,50.0,0.5,1.1272,1.3701203349243323,-0.2429203349243323,0.5,asymmetric_power_lambda_1
12.0,50.0,0.6,1.3567,1.5265812656074378,-0.16988126560743777,0.4,asymmetric_power_lambda_1
12.0,50.0,0.7,1.542,1.6853409641622017,-0.14334096416220166,0.30000000000000004,asymmetric_power_lambda_1
12.0,50.0,0.8,1.7878,1.846095503013367,-0.058295503013366945,0.19999999999999996,asymmetric_power_lambda_1
12.0,50.0,0.9,2.0117,2.008614709444623,0.003085290555376652,0.09999999999999998,asymmetric_power_lambda_1
12.0,50.0,0.95,2.1497,2.090478115442314,0.05922188455768618,0.050000000000000044,asymmetric_power_lambda_1
12.0,50.0,1.0,2.2387,2.172717925697784,0.06598207430221592,0.0,asymmetric_power_lambda_1
12.0,100.0,0.05,0.5,0.6811771267836988,-0.1811771267836988,0.95,asymmetric_power_lambda_1
12.0,100.0,0.1,0.5,0.7468484014577366,-0.24684840145773657,0.9,asymmetric_power_lambda_1
12.0,100.0,0.2,0.5,0.8863669338012947,-0.3863669338012947,0.8,asymmetric_power_lambda_1
12.0,100.0,0.3,0.6166,1.0323787371001705,-0.41577873710017044,0.7,asymmetric_power_lambda_1
12.0,100.0,0.4,0.8496,1.1827738630701101,-0.3331738630701101,0.6,asymmetric_power_lambda_1
12.0,100.0,0.5,1.0745,1.3365148068322554,-0.2620148068322554,0.5,asymmetric_power_lambda_1
12.0,100.0,0.6,1.3174,1.4929757375153612,-0.17557573751536126,0.4,asymmetric_power_lambda_1
12.0,100.0,0.7,1.5083,1.6517354360701249,-0.14343543607012488,0.30000000000000004,asymmetric_power_lambda_1
12.0,100.0,0.8,1.762,1.8124899749212904,-0.05048997492129037,0.19999999999999996,asymmetric_power_lambda_1
12.0,100.0,0.9,1.9734,1.9750091813525466,-0.001609181352546507,0.09999999999999998,asymmetric_power_lambda_1
12.0,100.0,0.95,2.0303,2.056872587350237,-0.026572587350237153,0.050000000000000044,asymmetric_power_lambda_1
12.0,100.0,1.0,2.2111,2.1391123976057074,0.0719876023942927,0.0,asymmetric_power_lambda_1
12.0,150.0,0.05,0.5,0.6641656904295723,-0.1641656904295723,0.95,asymmetric_power_lambda_1
12.0,150.0,0.1,0.5,0.7298369651036101,-0.22983696510361007,0.9,asymmetric_power_lambda_1
12.0,150.0,0.2,0.5,0.8693554974471682,-0.3693554974471682,0.8,asymmetric_power_lambda_1
12.0,150.0,0.3,0.5971,1.015367300746044,-0.418267300746044,0.7,asymmetric_power_lambda_1
12.0,150.0,0.4,0.8028,1.1657624267159836,-0.36296242671598367,0.6,asymmetric_power_lambda_1
12.0,150.0,0.5,1.04,1.3195033704781292,-0.2795033704781291,0.5,asymmetric_power_lambda_1
12.0,150.0,0.6,1.2578,1.4759643011612344,-0.21816430116123442,0.4,asymmetric_power_lambda_1
12.0,150.0,0.7,1.4982,1.6347239997159984,-0.13652399971599838,0.30000000000000004,asymmetric_power_lambda_1
12.0,150.0,0.8,1.6931,1.7954785385671639,-0.10237853856716383,0.19999999999999996,asymmetric_power_lambda_1
12.0,150.0,0.9,2.013,1.95799774499842,0.05500225500157985,0.09999999999999998,asymmetric_power_lambda_1
12.0,150.0,0.95,2.0249,2.039861150996111,-0.014961150996110728,0.050000000000000044,asymmetric_power_lambda_1
12.0,150.0,1.0,2.0668,2.122100961251581,-0.055300961251580905,0.0,asymmetric_power_lambda_1
12.0,300.0,0.05,0.5,0.6389542503003323,-0.13895425030033226,0.95,asymmetric_power_lambda_1
12.0,300.0,0.1,0.5,0.70462552497437,-0.20462552497437003,0.9,asymmetric_power_lambda_1
12.0,300.0,0.2,0.5,0.8441440573179282,-0.3441440573179282,0.8,asymmetric_power_lambda_1
12.0,300.0,0.3,0.5782,0.9901558606168039,-0.4119558606168039,0.7,asymmetric_power_lambda_1
12.0,300.0,0.4,0.7936,1.1405509865867436,-0.3469509865867436,0.6,asymmetric_power_lambda_1
12.0,300.0,0.5,0.9871,1.294291930348889,-0.3071919303488889,0.5,asymmetric_power_lambda_1
12.0,300.0,0.6,1.2252,1.4507528610319946,-0.22555286103199457,0.4,asymmetric_power_lambda_1
12.0,300.0,0.7,1.4255,1.6095125595867583,-0.18401255958675833,0.30000000000000004,asymmetric_power_lambda_1
12.0,300.0,0.8,1.6725,1.7702670984379238,-0.09776709843792375,0.19999999999999996,asymmetric_power_lambda_1
12.0,300.0,0.9,1.8741,1.93278630486918,-0.05868630486917992,0.09999999999999998,asymmetric_power_lambda_1
12.0,300.0,0.95,1.9887,2.0146497108668706,-0.0259497108668707,0.050000000000000044,asymmetric_power_lambda_1
12.0,300.0,1.0,2.0381,2.096889521122341,-0.058789521122340815,0.0,asymmetric_power_lambda_1
12.0,500.0,0.05,0.5,0.6230913852293164,-0.1230913852293164,0.95,asymmetric_power_lambda_1
12.0,500.0,0.1,0.5,0.6887626599033543,-0.18876265990335428,0.9,asymmetric_power_lambda_1
12.0,500.0,0.2,0.5,0.8282811922469123,-0.3282811922469123,0.8,asymmetric_power_lambda_1
12.0,500.0,0.3,0.558,0.9742929955457882,-0.41629299554578814,0.7,asymmetric_power_lambda_1
12.0,500.0,0.4,0.7966,1.1246881215157276,-0.32808812151572764,0.6,asymmetric_power_lambda_1
12.0,500.0,0.5,0.9859,1.2784290652778731,-0.29252906527787315,0.5,asymmetric_power_lambda_1
12.0,500.0,0.6,1.2293,1.4348899959609787,-0.2055899959609786,0.4,asymmetric_power_lambda_1
12.0,500.0,0.7,1.4001,1.5936496945157423,-0.19354969451574244,0.30000000000000004,asymmetric_power_lambda_1
12.0,500.0,0.8,1.6431,1.754404233366908,-0.11130423336690809,0.19999999999999996,asymmetric_power_lambda_1
12.0,500.0,0.9,1.8108,1.9169234397981643,-0.1061234397981643,0.09999999999999998,asymmetric_power_lambda_1
12.0,500.0,0.95,1.9414,1.998786845795855,-0.05738684579585507,0.050000000000000044,asymmetric_power_lambda_1
12.0,500.0,1.0,2.0759,2.0810266560513253,-0.005126656051325451,0.0,asymmetric_power_lambda_1
12.0,1000.0,0.05,0.5,0.6046915217055796,-0.1046915217055796,0.95,asymmetric_power_lambda_1
12.0,1000.0,0.1,0.5,0.6703627963796175,-0.1703627963796175,0.9,asymmetric_power_lambda_1
12.0,1000.0,0.2,0.5,0.8098813287231755,-0.30988132872317553,0.8,asymmetric_power_lambda_1
12.0,1000.0,0.3,0.544,0.9558931320220514,-0.41189313202205136,0.7,asymmetric_power_lambda_1
12.0,1000.0,0.4,0.7804,1.106288257991991,-0.32588825799199106,0.6,asymmetric_power_lambda_1
12.0,1000.0,0.5,0.9814,1.2600292017541364,-0.2786292017541363,0.5,asymmetric_power_lambda_1
12.0,1000.0,0.6,1.193,1.4164901324372419,-0.2234901324372418,0.4,asymmetric_power_lambda_1
12.0,1000.0,0.7,1.4183,1.5752498309920058,-0.15694983099200588,0.30000000000000004,asymmetric_power_lambda_1
12.0,1000.0,0.8,1.5722,1.736004369843171,-0.16380436984317104,0.19999999999999996,asymmetric_power_lambda_1
12.0,1000.0,0.9,1.826,1.8985235762744272,-0.07252357627442718,0.09999999999999998,asymmetric_power_lambda_1
12.0,1000.0,0.95,1.9075,1.980386982272118,-0.0728869822721181,0.050000000000000044,asymmetric_power_lambda_1
12.0,1000.0,1.0,2.0468,2.0626267925275883,-0.01582679252758812,0.0,asymmetric_power_lambda_1
12.0,2000.0,0.05,0.5,0.5893430081514086,-0.08934300815140861,0.95,asymmetric_power_lambda_1
12.0,2000.0,0.1,0.5,0.6550142828254464,-0.15501428282544638,0.9,asymmetric_power_lambda_1
12.0,2000.0,0.2,0.5,0.7945328151690045,-0.29453281516900454,0.8,asymmetric_power_lambda_1
12.0,2000.0,0.3,0.5484,0.9405446184678803,-0.3921446184678803,0.7,asymmetric_power_lambda_1
12.0,2000.0,0.4,0.7469,1.09093974443782,-0.3440397444378199,0.6,asymmetric_power_lambda_1
12.0,2000.0,0.5,0.9661,1.2446806881999652,-0.2785806881999653,0.5,asymmetric_power_lambda_1
12.0,2000.0,0.6,1.1885,1.401141618883071,-0.2126416188830711,0.4,asymmetric_power_lambda_1
12.0,2000.0,0.7,1.3664,1.5599013174378347,-0.1935013174378346,0.30000000000000004,asymmetric_power_lambda_1
12.0,2000.0,0.8,1.6065,1.7206558562890002,-0.11415585628900016,0.19999999999999996,asymmetric_power_lambda_1
12.0,2000.0,0.9,1.7583,1.8831750627202564,-0.12487506272025639,0.09999999999999998,asymmetric_power_lambda_1
12.0,2000.0,0.95,1.9375,1.9650384687179472,-0.027538468717947184,0.050000000000000044,asymmetric_power_lambda_1
12.0,2000.0,1.0,1.9695,2.047278278973417,-0.07777827897341716,0.0,asymmetric_power_lambda_1
20.0,5.0,0.05,0.5,0.8312196629458196,-0.3312196629458196,0.95,asymmetric_power_lambda_1
20.0,5.0,0.1,0.5,0.8968909376198575,-0.3968909376198575,0.9,asymmetric_power_lambda_1
20.0,5.0,0.2,0.5,1.0364094699634157,-0.5364094699634157,0.8,asymmetric_power_lambda_1
20.0,5.0,0.3,0.6738,1.1824212732622914,-0.5086212732622915,0.7,asymmetric_power_lambda_1
20.0,5.0,0.4,0.9583,1.332816399232231,-0.374516399232231,0.6,asymmetric_power_lambda_1
20.0,5.0,0.5,1.2067,1.4865573429943764,-0.27985734299437626,0.5,asymmetric_power_lambda_1
20.0,5.0,0.6,1.5155,1.6430182736774819,-0.1275182736774818,0.4,asymmetric_power_lambda_1
20.0,5.0,0.7,1.7701,1.8017779722322458,-0.03167797223224578,0.30000000000000004,asymmetric_power_lambda_1
20.0,5.0,0.8,2.0429,1.962532511083411,0.08036748891658885,0.19999999999999996,asymmetric_power_lambda_1
20.0,5.0,0.9,2.3981,2.1250517175146673,0.27304828248533264,0.09999999999999998,asymmetric_power_lambda_1
20.0,5.0,0.95,2.5077,2.206915123512358,0.30078487648764174,0.050000000000000044,asymmetric_power_lambda_1
20.0,5.0,1.0,2.5772,2.2891549337678283,0.28804506623217163,0.0,asymmetric_power_lambda_1
20.0,10.0,0.05,0.5,0.7698424947461502,-0.2698424947461502,0.95,asymmetric_power_lambda_1
20.0,10.0,0.1,0.5,0.835513769420188,-0.33551376942018796,0.9,asymmetric_power_lambda_1
20.0,10.0,0.2,0.5,0.9750323017637461,-0.4750323017637461,0.8,asymmetric_power_lambda_1
20.0,10.0,0.3,0.641,1.1210441050626219,-0.48004410506262185,0.7,asymmetric_power_lambda_1
20.0,10.0,0.4,0.8905,1.2714392310325615,-0.38093923103256155,0.6,asymmetric_power_lambda_1
20.0,10.0,0.5,1.1635,1.4251801747947068,-0.26168017479470684,0.5,asymmetric_power_lambda_1
20.0,10.0,0.6,1.446,1.5816411054778126,-0.1356411054778126,0.4,asymmetric_power_lambda_1
20.0,10.0,0.7,1.7094,1.7404008040325762,-0.031000804032576212,0.30000000000000004,asymmetric_power_lambda_1
20.0,10.0,0.8,2.0156,1.9011553428837418,0.11444465711625829,0.19999999999999996,asymmetric_power_lambda_1
20.0,10.0,0.9,2.2015,2.0636745493149977,0.13782545068500207,0.09999999999999998,asymmetric_power_lambda_1
20.0,10.0,0.95,2.3473,2.1455379553126885,0.20176204468731163,0.050000000000000044,asymmetric_power_lambda_1
20.0,10.0,1.0,2.4446,2.2277777655681588,0.21682223443184112,0.0,asymmetric_power_lambda_1
20.0,20.0,0.05,0.5,0.7186438379292686,-0.21864383792926856,0.95,asymmetric_power_lambda_1
20.0,20.0,0.1,0.5,0.7843151126033063,-0.28431511260330633,0.9,asymmetric_power_lambda_1
20.0,20.0,0.2,0.5,0.9238336449468645,-0.4238336449468645,0.8,asymmetric_power_lambda_1
20.0,20.0,0.3,0.5948,1.0698454482457402,-0.47504544824574024,0.7,asymmetric_power_lambda_1
20.0,20.0,0.4,0.8354,1.2202405742156799,-0.38484057421567985,0.6,asymmetric_power_lambda_1
20.0,20.0,0.5,1.0991,1.3739815179778252,-0.27488151797782523,0.5,asymmetric_power_lambda_1
20.0,20.0,0.6,1.3714,1.530442448660931,-0.15904244866093098,0.4,asymmetric_power_lambda_1
20.0,20.0,0.7,1.6057,1.6892021472156946,-0.08350214721569471,0.30000000000000004,asymmetric_power_lambda_1
20.0,20.0,0.8,1.8837,1.8499566860668601,0.033743313933139785,0.19999999999999996,asymmetric_power_lambda_1
20.0,20.0,0.9,2.0254,2.0124758924981165,0.01292410750188333,0.09999999999999998,asymmetric_power_lambda_1
20.0,20.0,0.95,2.2272,2.0943392984958074,0.1328607015041925,0.050000000000000044,asymmetric_power_lambda_1
20.0,20.0,1.0,2.3884,2.1765791087512776,0.21182089124872228,0.0,asymmetric_power_lambda_1
20.0,50.0,0.05,0.5,0.663754641592418,-0.16375464159241804,0.95,asymmetric_power_lambda_1
20.0,50.0,0.1,0.5,0.7294259162664558,-0.2294259162664558,0.9,asymmetric_power_lambda_1
20.0,50.0,0.2,0.5,0.868944448610014,-0.36894444861001396,0.8,asymmetric_power_lambda_1
20.0,50.0,0.3,0.5672,1.0149562519088897,-0.4477562519088897,0.7,asymmetric_power_lambda_1
20.0,50.0,0.4,0.8172,1.1653513778788294,-0.3481513778788293,0.6,asymmetric_power_lambda_1
20.0,50.0,0.5,1.0322,1.3190923216409747,-0.28689232164097467,0.5,asymmetric_power_lambda_1
20.0,50.0,0.6,1.2838,1.4755532523240804,-0.19175325232408036,0.4,asymmetric_power_lambda_1
20.0,50.0,0.7,1.5601,1.634312950878844,-0.07421295087884405,0.30000000000000004,asymmetric_power_lambda_1
20.0,50.0,0.8,1.8085,1.7950674897300096,0.013432510269990372,0.19999999999999996,asymmetric_power_lambda_1
20.0,50.0,0.9,2.0156,1.9575866961612658,0.058013303838734265,0.09999999999999998,asymmetric_power_lambda_1
20.0,50.0,0.95,2.0825,2.0394501021589564,0.04304989784104363,0.050000000000000044,asymmetric_power_lambda_1
20.0,50.0,1.0,2.2835,2.1216899124144266,0.16181008758557347,0.0,asymmetric_power_lambda_1
20.0,100.0,0.05,0.5,0.6301491135003413,-0.1301491135003413,0.95,asymmetric_power_lambda_1
20.0,100.0,0.1,0.5,0.6958203881743792,-0.1958203881743792,0.9,asymmetric_power_lambda_1
20.0,100.0,0.2,0.5,0.8353389205179372,-0.33533892051793723,0.8,asymmetric_power_lambda_1
20.0,100.0,0.3,0.5564,0.9813507238168131,-0.4249507238168131,0.7,asymmetric_power_lambda_1
20.0,100.0,0.4,0.793,1.1317458497867525,-0.3387458497867525,0.6,asymmetric_power_lambda_1
20.0,100.0,0.5,0.9903,1.285486793548898,-0.2951867935488981,0.5,asymmetric_power_lambda_1
20.0,100.0,0.6,1.2411,1.4419477242320036,-0.20084772423200348,0.4,asymmetric_power_lambda_1
20.0,100.0,0.7,1.4352,1.6007074227867673,-0.16550742278676722,0.30000000000000004,asymmetric_power_lambda_1
20.0,100.0,0.8,1.7346,1.761461961637933,-0.026861961637933085,0.19999999999999996,asymmetric_power_lambda_1
20.0,100.0,0.9,1.9249,1.9239811680691892,0.0009188319308108817,0.09999999999999998,asymmetric_power_lambda_1
20.0,100.0,0.95,2.0146,2.00584457406688,0.008755425933120176,0.050000000000000044,asymmetric_power_lambda_1
20.0,100.0,1.0,2.1626,2.08808438432235,0.07451561567764964,0.0,asymmetric_power_lambda_1
20.0,150.0,0.05,0.5,0.6131376771462147,-0.1131376771462147,0.95,asymmetric_power_lambda_1
20.0,150.0,0.1,0.5,0.6788089518202525,-0.17880895182025247,0.9,asymmetric_power_lambda_1
20.0,150.0,0.2,0.5,0.8183274841638106,-0.3183274841638106,0.8,asymmetric_power_lambda_1
20.0,150.0,0.3,0.5609,0.9643392874626864,-0.4034392874626864,0.7,asymmetric_power_lambda_1
20.0,150.0,0.4,0.7726,1.114734413432626,-0.34213441343262607,0.6,asymmetric_power_lambda_1
20.0,150.0,0.5,1.0014,1.2684753571947716,-0.2670753571947715,0.5,asymmetric_power_lambda_1
20.0,150.0,0.6,1.2131,1.4249362878778769,-0.21183628787787678,0.4,asymmetric_power_lambda_1
20.0,150.0,0.7,1.4349,1.5836959864326408,-0.1487959864326407,0.30000000000000004,asymmetric_power_lambda_1
20.0,150.0,0.8,1.6867,1.7444505252838063,-0.0577505252838062,0.19999999999999996,asymmetric_power_lambda_1
20.0,150.0,0.9,1.9415,1.9069697317150625,0.03453026828493755,0.09999999999999998,asymmetric_power_lambda_1
20.0,150.0,0.95,1.9787,1.9888331377127533,-0.01013313771275337,0.050000000000000044,asymmetric_power_lambda_1
20.0,150.0,1.0,2.202,2.0710729479682235,0.13092705203177646,0.0,asymmetric_power_lambda_1
20.0,300.0,0.05,0.5,0.5879262370169747,-0.08792623701697466,0.95,asymmetric_power_lambda_1
20.0,300.0,0.1,0.5,0.6535975116910124,-0.15359751169101243,0.9,asymmetric_power_lambda_1
20.0,300.0,0.2,0.5,0.7931160440345706,-0.2931160440345706,0.8,asymmetric_power_lambda_1
20.0,300.0,0.3,0.5245,0.9391278473334463,-0.4146278473334464,0.7,asymmetric_power_lambda_1
20.0,300.0,0.4,0.7862,1.089522973303386,-0.303322973303386,0.6,asymmetric_power_lambda_1
20.0,300.0,0.5,0.9918,1.2432639170655313,-0.2514639170655313,0.5,asymmetric_power_lambda_1
20.0,300.0,0.6,1.1855,1.399724847748637,-0.21422484774863704,0.4,asymmetric_power_lambda_1
20.0,300.0,0.7,1.4233,1.5584845463034007,-0.1351845463034007,0.30000000000000004,asymmetric_power_lambda_1
20.0,300.0,0.8,1.616,1.7192390851545662,-0.10323908515456615,0.19999999999999996,asymmetric_power_lambda_1
20.0,300.0,0.9,1.8103,1.8817582915858224,-0.0714582915858224,0.09999999999999998,asymmetric_power_lambda_1
20.0,300.0,0.95,1.931,1.9636216975835132,-0.03262169758351319,0.050000000000000044,asymmetric_power_lambda_1
20.0,300.0,1.0,2.0706,2.0458615078389837,0.024738492161016534,0.0,asymmetric_power_lambda_1
20.0,500.0,0.05,0.5,0.5720633719459589,-0.07206337194595891,0.95,asymmetric_power_lambda_1
20.0,500.0,0.1,0.5,0.6377346466199967,-0.13773464661999668,0.9,asymmetric_power_lambda_1
20.0,500.0,0.2,0.5,0.7772531789635548,-0.27725317896355484,0.8,asymmetric_power_lambda_1
20.0,500.0,0.3,0.5267,0.9232649822624306,-0.39656498226243064,0.7,asymmetric_power_lambda_1
20.0,500.0,0.4,0.7311,1.0736601082323702,-0.34256010823237026,0.6,asymmetric_power_lambda_1
20.0,500.0,0.5,0.9588,1.2274010519945158,-0.2686010519945158,0.5,asymmetric_power_lambda_1
20.0,500.0,0.6,1.1533,1.383861982677621,-0.23056198267762107,0.4,asymmetric_power_lambda_1
20.0,500.0,0.7,1.3975,1.542621681232385,-0.145121681232385,0.30000000000000004,asymmetric_power_lambda_1
20.0,500.0,0.8,1.5833,1.7033762200835505,-0.12007622008355057,0.19999999999999996,asymmetric_power_lambda_1
20.0,500.0,0.9,1.8347,1.8658954265148067,-0.031195426514806668,0.09999999999999998,asymmetric_power_lambda_1
20.0,500.0,0.95,1.9382,1.9477588325124975,-0.009558832512497561,0.050000000000000044,asymmetric_power_lambda_1
20.0,500.0,1.0,2.0683,2.0299986427679677,0.038301357232032096,0.0,asymmetric_power_lambda_1
20.0,1000.0,0.05,0.5,0.5536635084222221,-0.05366350842222212,0.95,asymmetric_power_lambda_1
20.0,1000.0,0.1,0.5,0.6193347830962599,-0.11933478309625989,0.9,asymmetric_power_lambda_1
20.0,1000.0,0.2,0.5,0.758853315439818,-0.25885331543981804,0.8,asymmetric_power_lambda_1
20.0,1000.0,0.3,0.5122,0.9048651187386938,-0.3926651187386938,0.7,asymmetric_power_lambda_1
20.0,1000.0,0.4,0.7145,1.0552602447086334,-0.3407602447086334,0.6,asymmetric_power_lambda_1
20.0,1000.0,0.5,0.9421,1.2090011884707788,-0.2669011884707787,0.5,asymmetric_power_lambda_1
20.0,1000.0,0.6,1.156,1.3654621191538843,-0.20946211915388435,0.4,asymmetric_power_lambda_1
20.0,1000.0,0.7,1.3503,1.5242218177086482,-0.17392181770864812,0.30000000000000004,asymmetric_power_lambda_1
20.0,1000.0,0.8,1.5928,1.6849763565598137,-0.09217635655981371,0.19999999999999996,asymmetric_power_lambda_1
20.0,1000.0,0.9,1.8254,1.8474955629910699,-0.02209556299106996,0.09999999999999998,asymmetric_power_lambda_1
20.0,1000.0,0.95,1.8833,1.9293589689887607,-0.04605896898876072,0.050000000000000044,asymmetric_power_lambda_1
20.0,1000.0,1.0,1.9818,2.0115987792442307,-0.02979877924423069,0.0,asymmetric_power_lambda_1
20.0,2000.0,0.05,0.5,0.538314994868051,-0.03831499486805101,0.95,asymmetric_power_lambda_1
20.0,2000.0,0.1,0.5,0.6039862695420888,-0.10398626954208878,0.9,asymmetric_power_lambda_1
20.0,2000.0,0.2,0.5,0.7435048018856469,-0.24350480188564694,0.8,asymmetric_power_lambda_1
20.0,2000.0,0.3,0.5,0.8895166051845227,-0.3895166051845227,0.7,asymmetric_power_lambda_1
20.0,2000.0,0.4,0.7172,1.0399117311544623,-0.3227117311544624,0.6,asymmetric_power_lambda_1
20.0,2000.0,0.5,0.9179,1.1936526749166076,-0.2757526749166076,0.5,asymmetric_power_lambda_1
20.0,2000.0,0.6,1.1399,1.3501136055997134,-0.21021360559971347,0.4,asymmetric_power_lambda_1
20.0,2000.0,0.7,1.352,1.508873304154477,-0.15687330415447698,0.30000000000000004,asymmetric_power_lambda_1
20.0,2000.0,0.8,1.5389,1.6696278430056426,-0.13072784300564266,0.19999999999999996,asymmetric_power_lambda_1
20.0,2000.0,0.9,1.7931,1.8321470494368988,-0.03904704943689885,0.09999999999999998,asymmetric_power_lambda_1
20.0,2000.0,0.95,1.8594,1.9140104554345896,-0.054610455434589644,0.050000000000000044,asymmetric_power_lambda_1
20.0,2000.0,1.0,1.9584,1.9962502656900598,-0.03785026569005989,0.0,asymmetric_power_lambda_1
40.0,5.0,0.05,0.5,0.7710304101681853,-0.2710304101681853,0.95,asymmetric_power_lambda_1
40.0,5.0,0.1,0.5,0.8367016848422231,-0.33670168484222307,0.9,asymmetric_power_lambda_1
40.0,5.0,0.2,0.5,0.9762202171857812,-0.4762202171857812,0.8,asymmetric_power_lambda_1
40.0,5.0,0.3,0.5852,1.122232020484657,-0.5370320204846569,0.7,asymmetric_power_lambda_1
40.0,5.0,0.4,0.867,1.2726271464545966,-0.40562714645459663,0.6,asymmetric_power_lambda_1
40.0,5.0,0.5,1.1797,1.4263680902167422,-0.2466680902167422,0.5,asymmetric_power_lambda_1
40.0,5.0,0.6,1.4673,1.5828290208998474,-0.1155290208998474,0.4,asymmetric_power_lambda_1
40.0,5.0,0.7,1.664,1.7415887194546114,-0.07758871945461143,0.30000000000000004,asymmetric_power_lambda_1
40.0,5.0,0.8,2.0255,1.9023432583057769,0.12315674169422319,0.19999999999999996,asymmetric_power_lambda_1
40.0,5.0,0.9,2.2617,2.064862464737033,0.19683753526296677,0.09999999999999998,asymmetric_power_lambda_1
40.0,5.0,0.95,2.4282,2.146725870734724,0.28147412926527604,0.050000000000000044,asymmetric_power_lambda_1
40.0,5.0,1.0,2.5961,2.228965680990194,0.36713431900980575,0.0,asymmetric_power_lambda_1
40.0,10.0,0.05,0.5,0.7096532419685158,-0.20965324196851576,0.95,asymmetric_power_lambda_1
40.0,10.0,0.1,0.5,0.7753245166425535,-0.27532451664255353,0.9,asymmetric_power_lambda_1
40.0,10.0,0.2,0.5,0.9148430489861117,-0.4148430489861117,0.8,asymmetric_power_lambda_1
40.0,10.0,0.3,0.5768,1.0608548522849874,-0.48405485228498746,0.7,asymmetric_power_lambda_1
40.0,10.0,0.4,0.8237,1.211249978254927,-0.3875499782549271,0.6,asymmetric_power_lambda_1
40.0,10.0,0.5,1.0791,1.3649909220170726,-0.28589092201707267,0.5,asymmetric_power_lambda_1
40.0,10.0,0.6,1.3525,1.521451852700178,-0.16895185270017787,0.4,asymmetric_power_lambda_1
40.0,10.0,0.7,1.6241,1.6802115512549418,-0.056111551254941716,0.30000000000000004,asymmetric_power_lambda_1
40.0,10.0,0.8,1.9251,1.8409660901061073,0.08413390989389269,0.19999999999999996,asymmetric_power_lambda_1
40.0,10.0,0.9,2.2087,2.0034852965373635,0.20521470346263637,0.09999999999999998,asymmetric_power_lambda_1
40.0,10.0,0.95,2.253,2.0853487025350543,0.16765129746494578,0.050000000000000044,asymmetric_power_lambda_1
40.0,10.0,1.0,2.4636,2.1675885127905246,0.29601148720947545,0.0,asymmetric_power_lambda_1
40.0,20.0,0.05,0.5,0.6584545851516341,-0.15845458515163413,0.95,asymmetric_power_lambda_1
40.0,20.0,0.1,0.5,0.7241258598256719,-0.2241258598256719,0.9,asymmetric_power_lambda_1
40.0,20.0,0.2,0.5,0.8636443921692301,-0.36364439216923006,0.8,asymmetric_power_lambda_1
40.0,20.0,0.3,0.5362,1.0096561954681058,-0.4734561954681058,0.7,asymmetric_power_lambda_1
40.0,20.0,0.4,0.7886,1.1600513214380455,-0.3714513214380455,0.6,asymmetric_power_lambda_1
40.0,20.0,0.5,1.0198,1.313792265200191,-0.29399226520019095,0.5,asymmetric_power_lambda_1
40.0,20.0,0.6,1.3092,1.4702531958832963,-0.16105319588329636,0.4,asymmetric_power_lambda_1
40.0,20.0,0.7,1.562,1.6290128944380602,-0.06701289443806013,0.30000000000000004,asymmetric_power_lambda_1
40.0,20.0,0.8,1.7885,1.7897674332892257,-0.001267433289225739,0.19999999999999996,asymmetric_power_lambda_1
40.0,20.0,0.9,2.0261,1.9522866397204819,0.07381336027951813,0.09999999999999998,asymmetric_power_lambda_1
40.0,20.0,0.95,2.1982,2.0341500457181727,0.16404995428182723,0.050000000000000044,asymmetric_power_lambda_1
40.0,20.0,1.0,2.3679,2.116389855973643,0.2515101440263572,0.0,asymmetric_power_lambda_1
40.0,50.0,0.05,0.5,0.6035653888147836,-0.10356538881478361,0.95,asymmetric_power_lambda_1
40.0,50.0,0.1,0.5,0.6692366634888214,-0.16923666348882138,0.9,asymmetric_power_lambda_1
40.0,50.0,0.2,0.5,0.8087551958323795,-0.30875519583237954,0.8,asymmetric_power_lambda_1
40.0,50.0,0.3,0.5011,0.9547669991312553,-0.4536669991312553,0.7,asymmetric_power_lambda_1
40.0,50.0,0.4,0.7348,1.105162125101195,-0.37036212510119493,0.6,asymmetric_power_lambda_1
40.0,50.0,0.5,1.0179,1.2589030688633405,-0.24100306886334044,0.5,asymmetric_power_lambda_1
40.0,50.0,0.6,1.2307,1.4153639995464458,-0.18466399954644586,0.4,asymmetric_power_lambda_1
40.0,50.0,0.7,1.4863,1.5741236981012097,-0.08782369810120971,0.30000000000000004,asymmetric_power_lambda_1
40.0,50.0,0.8,1.6999,1.7348782369523752,-0.03497823695237523,0.19999999999999996,asymmetric_power_lambda_1
40.0,50.0,0.9,1.9707,1.8973974433836314,0.07330255661636853,0.09999999999999998,asymmetric_power_lambda_1
40.0,50.0,0.95,2.0827,1.9792608493813222,0.10343915061867781,0.050000000000000044,asymmetric_power_lambda_1
40.0,50.0,1.0,2.262,2.0615006596367924,0.2004993403632076,0.0,asymmetric_power_lambda_1
40.0,100.0,0.05,0.5,0.5699598607227069,-0.06995986072270688,0.95,asymmetric_power_lambda_1
40.0,100.0,0.1,0.5,0.6356311353967448,-0.13563113539674476,0.9,asymmetric_power_lambda_1
40.0,100.0,0.2,0.5,0.7751496677403028,-0.2751496677403028,0.8,asymmetric_power_lambda_1
40.0,100.0,0.3,0.5,0.9211614710391787,-0.42116147103917867,0.7,asymmetric_power_lambda_1
40.0,100.0,0.4,0.7481,1.0715565970091183,-0.32345659700911833,0.6,asymmetric_power_lambda_1
40.0,100.0,0.5,0.9344,1.2252975407712636,-0.2908975407712636,0.5,asymmetric_power_lambda_1
40.0,100.0,0.6,1.1814,1.3817584714543691,-0.20035847145436914,0.4,asymmetric_power_lambda_1
40.0,100.0,0.7,1.417,1.540518170009133,-0.12351817000913301,0.30000000000000004,asymmetric_power_lambda_1
40.0,100.0,0.8,1.6703,1.7012727088602984,-0.03097270886029846,0.19999999999999996,asymmetric_power_lambda_1
40.0,100.0,0.9,1.9207,1.8637919152915545,0.05690808470844555,0.09999999999999998,asymmetric_power_lambda_1
40.0,100.0,0.95,2.0172,1.9456553212892453,0.07154467871075454,0.050000000000000044,asymmetric_power_lambda_1
40.0,100.0,1.0,2.1214,2.0278951315447156,0.09350486845528438,0.0,asymmetric_power_lambda_1
40.0,150.0,0.05,0.5,0.5529484243685804,-0.05294842436858038,0.95,asymmetric_power_lambda_1
40.0,150.0,0.1,0.5,0.6186196990426183,-0.11861969904261827,0.9,asymmetric_power_lambda_1
40.0,150.0,0.2,0.5,0.7581382313861763,-0.2581382313861763,0.8,asymmetric_power_lambda_1
40.0,150.0,0.3,0.5,0.9041500346850522,-0.4041500346850522,0.7,asymmetric_power_lambda_1
40.0,150.0,0.4,0.7164,1.0545451606549916,-0.33814516065499156,0.6,asymmetric_power_lambda_1
40.0,150.0,0.5,0.9445,1.2082861044171371,-0.2637861044171371,0.5,asymmetric_power_lambda_1
40.0,150.0,0.6,1.2004,1.3647470351002426,-0.16434703510024273,0.4,asymmetric_power_lambda_1
40.0,150.0,0.7,1.4026,1.5235067336550063,-0.12090673365500626,0.30000000000000004,asymmetric_power_lambda_1
40.0,150.0,0.8,1.6463,1.684261272506172,-0.037961272506171984,0.19999999999999996,asymmetric_power_lambda_1
40.0,150.0,0.9,1.8339,1.8467804789374282,-0.012880478937428164,0.09999999999999998,asymmetric_power_lambda_1
40.0,150.0,0.95,1.9979,1.928643884935119,0.06925611506488094,0.050000000000000044,asymmetric_power_lambda_1
40.0,150.0,1.0,2.0917,2.0108836951905893,0.0808163048094106,0.0,asymmetric_power_lambda_1
40.0,300.0,0.05,0.5,0.5277369842393403,-0.027736984239340345,0.95,asymmetric_power_lambda_1
40.0,300.0,0.1,0.5,0.5934082589133781,-0.09340825891337812,0.9,asymmetric_power_lambda_1
40.0,300.0,0.2,0.5,0.7329267912569362,-0.23292679125693616,0.8,asymmetric_power_lambda_1
40.0,300.0,0.3,0.5,0.878938594555812,-0.378938594555812,0.7,asymmetric_power_lambda_1
40.0,300.0,0.4,0.6864,1.0293337205257516,-0.34293372052575155,0.6,asymmetric_power_lambda_1
40.0,300.0,0.5,0.9212,1.183074664287897,-0.2618746642878971,0.5,asymmetric_power_lambda_1
40.0,300.0,0.6,1.1336,1.3395355949710026,-0.20593559497100267,0.4,asymmetric_power_lambda_1
40.0,300.0,0.7,1.3816,1.4982952935257663,-0.11669529352576635,0.30000000000000004,asymmetric_power_lambda_1
40.0,300.0,0.8,1.5375,1.6590498323769318,-0.12154983237693173,0.19999999999999996,asymmetric_power_lambda_1
40.0,300.0,0.9,1.8101,1.821569038808188,-0.011469038808187948,0.09999999999999998,asymmetric_power_lambda_1
40.0,300.0,0.95,1.9054,1.9034324448058788,0.0019675551941211733,0.050000000000000044,asymmetric_power_lambda_1
40.0,300.0,1.0,2.0147,1.985672255061349,0.0290277449386509,0.0,asymmetric_power_lambda_1
40.0,500.0,0.05,0.5,0.5118741191683245,-0.011874119168324482,0.95,asymmetric_power_lambda_1
40.0,500.0,0.1,0.5,0.5775453938423623,-0.07754539384236225,0.9,asymmetric_power_lambda_1
40.0,500.0,0.2,0.5,0.7170639261859204,-0.2170639261859204,0.8,asymmetric_power_lambda_1
40.0,500.0,0.3,0.5,0.8630757294847962,-0.36307572948479616,0.7,asymmetric_power_lambda_1
40.0,500.0,0.4,0.7035,1.0134708554547358,-0.3099708554547358,0.6,asymmetric_power_lambda_1
40.0,500.0,0.5,0.8866,1.1672117992168811,-0.28061179921688106,0.5,asymmetric_power_lambda_1
40.0,500.0,0.6,1.1238,1.3236727298999869,-0.19987272989998695,0.4,asymmetric_power_lambda_1
40.0,500.0,0.7,1.351,1.4824324284547505,-0.13143242845475056,0.30000000000000004,asymmetric_power_lambda_1
40.0,500.0,0.8,1.5771,1.643186967305916,-0.06608696730591612,0.19999999999999996,asymmetric_power_lambda_1
40.0,500.0,0.9,1.7729,1.8057061737371722,-0.03280617373717232,0.09999999999999998,asymmetric_power_lambda_1
40.0,500.0,0.95,1.8226,1.887569579734863,-0.06496957973486306,0.050000000000000044,asymmetric_power_lambda_1
40.0,500.0,1.0,2.0298,1.9698093899903333,0.059990610009666545,0.0,asymmetric_power_lambda_1
40.0,1000.0,0.05,0.5,0.49347425564458774,0.006525744355412255,0.95,asymmetric_power_lambda_1
40.0,1000.0,0.1,0.5,0.5591455303186255,-0.05914553031862546,0.9,asymmetric_power_lambda_1
40.0,1000.0,0.2,0.5,0.6986640626621836,-0.19866406266218362,0.8,asymmetric_power_lambda_1
40.0,1000.0,0.3,0.5,0.8446758659610594,-0.34467586596105937,0.7,asymmetric_power_lambda_1
40.0,1000.0,0.4,0.6682,0.995070991930999,-0.326870991930999,0.6,asymmetric_power_lambda_1
40.0,1000.0,0.5,0.8929,1.1488119356931445,-0.2559119356931445,0.5,asymmetric_power_lambda_1
40.0,1000.0,0.6,1.1087,1.3052728663762498,-0.19657286637624982,0.4,asymmetric_power_lambda_1
40.0,1000.0,0.7,1.3121,1.4640325649310137,-0.1519325649310137,0.30000000000000004,asymmetric_power_lambda_1
40.0,1000.0,0.8,1.5165,1.6247871037821793,-0.10828710378217932,0.19999999999999996,asymmetric_power_lambda_1
40.0,1000.0,0.9,1.7375,1.7873063102134354,-0.0498063102134354,0.09999999999999998,asymmetric_power_lambda_1
40.0,1000.0,0.95,1.8219,1.8691697162111263,-0.04726971621112619,0.050000000000000044,asymmetric_power_lambda_1
40.0,1000.0,1.0,1.9394,1.9514095264665965,-0.012009526466596476,0.0,asymmetric_power_lambda_1
40.0,2000.0,0.05,0.5,0.47812574209041675,0.02187425790958325,0.95,asymmetric_power_lambda_1
40.0,2000.0,0.1,0.5,0.5437970167644546,-0.04379701676445458,0.9,asymmetric_power_lambda_1
40.0,2000.0,0.2,0.5,0.6833155491080126,-0.18331554910801262,0.8,asymmetric_power_lambda_1
40.0,2000.0,0.3,0.5,0.8293273524068885,-0.3293273524068885,0.7,asymmetric_power_lambda_1
40.0,2000.0,0.4,0.6377,0.979722478376828,-0.342022478376828,0.6,asymmetric_power_lambda_1
40.0,2000.0,0.5,0.8589,1.1334634221389734,-0.27456342213897345,0.5,asymmetric_power_lambda_1
40.0,2000.0,0.6,1.0771,1.289924352822079,-0.212824352822079,0.4,asymmetric_power_lambda_1
40.0,2000.0,0.7,1.3187,1.4486840513768429,-0.12998405137684288,0.30000000000000004,asymmetric_power_lambda_1
40.0,2000.0,0.8,1.5044,1.6094385902280082,-0.10503859022800821,0.19999999999999996,asymmetric_power_lambda_1
40.0,2000.0,0.9,1.7336,1.7719577966592643,-0.03835779665926431,0.09999999999999998,asymmetric_power_lambda_1
40.0,2000.0,0.95,1.7276,1.8538212026569552,-0.12622120265695513,0.050000000000000044,asymmetric_power_lambda_1
40.0,2000.0,1.0,1.9275,1.9360610129124254,-0.008561012912425392,0.0,asymmetric_power_lambda_1
70.0,5.0,0.05,0.5,0.7290656320289697,-0.22906563202896968,0.95,asymmetric_power_lambda_1
70.0,5.0,0.1,0.5,0.7947369067030075,-0.29473690670300745,0.9,asymmetric_power_lambda_1
70.0,5.0,0.2,0.5,0.9342554390465656,-0.4342554390465656,0.8,asymmetric_power_lambda_1
70.0,5.0,0.3,0.5039,1.0802672423454414,-0.5763672423454413,0.7,asymmetric_power_lambda_1
70.0,5.0,0.4,0.8232,1.230662368315381,-0.40746236831538096,0.6,asymmetric_power_lambda_1
70.0,5.0,0.5,1.1008,1.3844033120775263,-0.2836033120775263,0.5,asymmetric_power_lambda_1
70.0,5.0,0.6,1.4166,1.540864242760632,-0.12426424276063197,0.4,asymmetric_power_lambda_1
70.0,5.0,0.7,1.6785,1.6996239413153957,-0.021123941315395633,0.30000000000000004,asymmetric_power_lambda_1
70.0,5.0,0.8,2.0006,1.8603784801665613,0.14022151983343867,0.19999999999999996,asymmetric_power_lambda_1
70.0,5.0,0.9,2.2782,2.022897686597817,0.2553023134021828,0.09999999999999998,asymmetric_power_lambda_1
70.0,5.0,0.95,2.4175,2.104761092595508,0.31273890740449195,0.050000000000000044,asymmetric_power_lambda_1
70.0,5.0,1.0,2.6033,2.1870009028509783,0.4162990971490217,0.0,asymmetric_power_lambda_1
70.0,10.0,0.05,0.5,0.6676884638293002,-0.16768846382930025,0.95,asymmetric_power_lambda_1
70.0,10.0,0.1,0.5,0.7333597385033381,-0.23335973850333813,0.9,asymmetric_power_lambda_1
70.0,10.0,0.2,0.5,0.8728782708468962,-0.3728782708468962,0.8,asymmetric_power_lambda_1
70.0,10.0,0.3,0.5,1.018890074145772,-0.518890074145772,0.7,asymmetric_power_lambda_1
70.0,10.0,0.4,0.7647,1.1692852001157115,-0.4045852001157114,0.6,asymmetric_power_lambda_1
70.0,10.0,0.5,1.0531,1.323026143877857,-0.26992614387785707,0.5,asymmetric_power_lambda_1
70.0,10.0,0.6,1.3151,1.4794870745609625,-0.16438707456096258,0.4,asymmetric_power_lambda_1
70.0,10.0,0.7,1.6283,1.6382467731157262,-0.009946773115726115,0.30000000000000004,asymmetric_power_lambda_1
70.0,10.0,0.8,1.8614,1.799001311966892,0.062398688033107996,0.19999999999999996,asymmetric_power_lambda_1
70.0,10.0,0.9,2.1283,1.9615205183981481,0.16677948160185174,0.09999999999999998,asymmetric_power_lambda_1
70.0,10.0,0.95,2.2749,2.043383924395839,0.2315160756041612,0.050000000000000044,asymmetric_power_lambda_1
70.0,10.0,1.0,2.4186,2.125623734651309,0.2929762653486909,0.0,asymmetric_power_lambda_1
70.0,20.0,0.05,0.5,0.6164898070124186,-0.11648980701241862,0.95,asymmetric_power_lambda_1
70.0,20.0,0.1,0.5,0.6821610816864565,-0.1821610816864565,0.9,asymmetric_power_lambda_1
70.0,20.0,0.2,0.5,0.8216796140300145,-0.32167961403001455,0.8,asymmetric_power_lambda_1
70.0,20.0,0.3,0.5,0.9676914173288904,-0.4676914173288904,0.7,asymmetric_power_lambda_1
70.0,20.0,0.4,0.7217,1.1180865432988298,-0.39638654329882983,0.6,asymmetric_power_lambda_1
70.0,20.0,0.5,0.9839,1.2718274870609754,-0.2879274870609754,0.5,asymmetric_power_lambda_1
70.0,20.0,0.6,1.2611,1.4282884177440809,-0.16718841774408078,0.4,asymmetric_power_lambda_1
70.0,20.0,0.7,1.5062,1.5870481162988446,-0.08084811629884459,0.30000000000000004,asymmetric_power_lambda_1
70.0,20.0,0.8,1.7756,1.7478026551500103,0.027797344849989747,0.19999999999999996,asymmetric_power_lambda_1
70.0,20.0,0.9,2.0434,1.9103218615812665,0.13307813841873362,0.09999999999999998,asymmetric_power_lambda_1
70.0,20.0,0.95,2.1901,1.9921852675789573,0.19791473242104285,0.050000000000000044,asymmetric_power_lambda_1
70.0,20.0,1.0,2.3369,2.0744250778344275,0.26247492216557244,0.0,asymmetric_power_lambda_1
70.0,50.0,0.05,0.5,0.5616006106755681,-0.0616006106755681,0.95,asymmetric_power_lambda_1
70.0,50.0,0.1,0.5,0.627271885349606,-0.12727188534960598,0.9,asymmetric_power_lambda_1
70.0,50.0,0.2,0.5,0.766790417693164,-0.26679041769316403,0.8,asymmetric_power_lambda_1
70.0,50.0,0.3,0.5,0.9128022209920399,-0.4128022209920399,0.7,asymmetric_power_lambda_1
70.0,50.0,0.4,0.7053,1.0631973469619793,-0.3578973469619793,0.6,asymmetric_power_lambda_1
70.0,50.0,0.5,0.9448,1.2169382907241248,-0.2721382907241249,0.5,asymmetric_power_lambda_1
70.0,50.0,0.6,1.1924,1.3733992214072304,-0.18099922140723046,0.4,asymmetric_power_lambda_1
70.0,50.0,0.7,1.4475,1.532158919961994,-0.08465891996199404,0.30000000000000004,asymmetric_power_lambda_1
70.0,50.0,0.8,1.6973,1.6929134588131598,0.0043865411868402315,0.19999999999999996,asymmetric_power_lambda_1
70.0,50.0,0.9,1.9752,1.855432665244416,0.1197673347555841,0.09999999999999998,asymmetric_power_lambda_1
70.0,50.0,0.95,2.1097,1.9372960712421068,0.17240392875789334,0.050000000000000044,asymmetric_power_lambda_1
70.0,50.0,1.0,2.2162,2.019535881497577,0.19666411850242316,0.0,asymmetric_power_lambda_1
70.0,100.0,0.05,0.5,0.5279950825834914,-0.02799508258349137,0.95,asymmetric_power_lambda_1
70.0,100.0,0.1,0.5,0.5936663572575291,-0.09366635725752914,0.9,asymmetric_power_lambda_1
70.0,100.0,0.2,0.5,0.7331848896010873,-0.2331848896010873,0.8,asymmetric_power_lambda_1
70.0,100.0,0.3,0.5,0.879196692899963,-0.37919669289996305,0.7,asymmetric_power_lambda_1
70.0,100.0,0.4,0.6765,1.0295918188699027,-0.3530918188699027,0.6,asymmetric_power_lambda_1
70.0,100.0,0.5,0.9072,1.1833327626320482,-0.2761327626320482,0.5,asymmetric_power_lambda_1
70.0,100.0,0.6,1.1486,1.3397936933151535,-0.19119369331515346,0.4,asymmetric_power_lambda_1
70.0,100.0,0.7,1.3726,1.4985533918699174,-0.12595339186991739,0.30000000000000004,asymmetric_power_lambda_1
70.0,100.0,0.8,1.6395,1.659307930721083,-0.019807930721083,0.19999999999999996,asymmetric_power_lambda_1
70.0,100.0,0.9,1.905,1.8218271371523391,0.0831728628476609,0.09999999999999998,asymmetric_power_lambda_1
70.0,100.0,0.95,1.9747,1.90369054315003,0.07100945684996995,0.050000000000000044,asymmetric_power_lambda_1
70.0,100.0,1.0,2.1223,1.9859303534055002,0.1363696465944999,0.0,asymmetric_power_lambda_1
70.0,150.0,0.05,0.5,0.5109836462293648,-0.010983646229364763,0.95,asymmetric_power_lambda_1
70.0,150.0,0.1,0.5,0.5766549209034026,-0.07665492090340265,0.9,asymmetric_power_lambda_1
70.0,150.0,0.2,0.5,0.7161734532469607,-0.2161734532469607,0.8,asymmetric_power_lambda_1
70.0,150.0,0.3,0.5,0.8621852565458366,-0.36218525654583655,0.7,asymmetric_power_lambda_1
70.0,150.0,0.4,0.6507,1.0125803825157762,-0.36188038251577626,0.6,asymmetric_power_lambda_1
70.0,150.0,0.5,0.8903,1.1663213262779215,-0.27602132627792153,0.5,asymmetric_power_lambda_1
70.0,150.0,0.6,1.1506,1.322782256961027,-0.17218225696102696,0.4,asymmetric_power_lambda_1
70.0,150.0,0.7,1.3601,1.481541955515791,-0.12144195551579084,0.30000000000000004,asymmetric_power_lambda_1
70.0,150.0,0.8,1.5779,1.6422964943669562,-0.06439649436695616,0.19999999999999996,asymmetric_power_lambda_1
70.0,150.0,0.9,1.8604,1.8048157007982124,0.055584299201787646,0.09999999999999998,asymmetric_power_lambda_1
70.0,150.0,0.95,1.9377,1.8866791067959032,0.05102089320409675,0.050000000000000044,asymmetric_power_lambda_1
70.0,150.0,1.0,2.0817,1.9689189170513735,0.11278108294862665,0.0,asymmetric_power_lambda_1
70.0,300.0,0.05,0.5,0.4857722061001248,0.014227793899875218,0.95,asymmetric_power_lambda_1
70.0,300.0,0.1,0.5,0.5514434807741626,-0.05144348077416261,0.9,asymmetric_power_lambda_1
70.0,300.0,0.2,0.5,0.6909620131177207,-0.19096201311772065,0.8,asymmetric_power_lambda_1
70.0,300.0,0.3,0.5,0.8369738164165965,-0.3369738164165965,0.7,asymmetric_power_lambda_1
70.0,300.0,0.4,0.6571,0.987368942386536,-0.33026894238653604,0.6,asymmetric_power_lambda_1
70.0,300.0,0.5,0.8554,1.1411098861486815,-0.2857098861486814,0.5,asymmetric_power_lambda_1
70.0,300.0,0.6,1.1181,1.297570816831787,-0.1794708168317869,0.4,asymmetric_power_lambda_1
70.0,300.0,0.7,1.3754,1.4563305153865507,-0.08093051538655072,0.30000000000000004,asymmetric_power_lambda_1
70.0,300.0,0.8,1.5736,1.6170850542377164,-0.043485054237716314,0.19999999999999996,asymmetric_power_lambda_1
70.0,300.0,0.9,1.7826,1.7796042606689726,0.0029957393310273694,0.09999999999999998,asymmetric_power_lambda_1
70.0,300.0,0.95,1.9317,1.8614676666666634,0.07023233333333656,0.050000000000000044,asymmetric_power_lambda_1
70.0,300.0,1.0,2.0225,1.9437074769221336,0.07879252307786633,0.0,asymmetric_power_lambda_1
70.0,500.0,0.05,0.5,0.46990934102910903,0.03009065897089097,0.95,asymmetric_power_lambda_1
70.0,500.0,0.1,0.5,0.5355806157031469,-0.035580615703146856,0.9,asymmetric_power_lambda_1
70.0,500.0,0.2,0.5,0.6750991480467049,-0.1750991480467049,0.8,asymmetric_power_lambda_1
70.0,500.0,0.3,0.5,0.8211109513455808,-0.32111095134558076,0.7,asymmetric_power_lambda_1
70.0,500.0,0.4,0.6398,0.9715060773155203,-0.33170607731552026,0.6,asymmetric_power_lambda_1
70.0,500.0,0.5,0.8696,1.1252470210776657,-0.2556470210776657,0.5,asymmetric_power_lambda_1
70.0,500.0,0.6,1.0654,1.2817079517607712,-0.21630795176077133,0.4,asymmetric_power_lambda_1
70.0,500.0,0.7,1.3269,1.4404676503155351,-0.11356765031553517,0.30000000000000004,asymmetric_power_lambda_1
70.0,500.0,0.8,1.552,1.6012221891667004,-0.0492221891667004,0.19999999999999996,asymmetric_power_lambda_1
70.0,500.0,0.9,1.7856,1.7637413955979566,0.021858604402043458,0.09999999999999998,asymmetric_power_lambda_1
70.0,500.0,0.95,1.8785,1.8456048015956474,0.03289519840435262,0.050000000000000044,asymmetric_power_lambda_1
70.0,500.0,1.0,2.0232,1.9278446118511177,0.09535538814888245,0.0,asymmetric_power_lambda_1
70.0,1000.0,0.05,0.5,0.4515094775053722,0.04849052249462782,0.95,asymmetric_power_lambda_1
70.0,1000.0,0.1,0.5,0.51718075217941,-0.017180752179409953,0.9,asymmetric_power_lambda_1
70.0,1000.0,0.2,0.5,0.656699284522968,-0.156699284522968,0.8,asymmetric_power_lambda_1
70.0,1000.0,0.3,0.5,0.8027110878218439,-0.30271108782184386,0.7,asymmetric_power_lambda_1
70.0,1000.0,0.4,0.6331,0.9531062137917834,-0.3200062137917834,0.6,asymmetric_power_lambda_1
70.0,1000.0,0.5,0.8268,1.106847157553929,-0.28004715755392895,0.5,asymmetric_power_lambda_1
70.0,1000.0,0.6,1.0717,1.2633080882370344,-0.19160808823703435,0.4,asymmetric_power_lambda_1
70.0,1000.0,0.7,1.3056,1.4220677867917981,-0.11646778679179803,0.30000000000000004,asymmetric_power_lambda_1
70.0,1000.0,0.8,1.5113,1.5828223256429637,-0.07152232564296357,0.19999999999999996,asymmetric_power_lambda_1
70.0,1000.0,0.9,1.7324,1.7453415320742198,-0.012941532074219886,0.09999999999999998,asymmetric_power_lambda_1
70.0,1000.0,0.95,1.8305,1.8272049380719106,0.003295061928089371,0.050000000000000044,asymmetric_power_lambda_1
70.0,1000.0,1.0,1.9314,1.9094447483273809,0.021955251672619136,0.0,asymmetric_power_lambda_1
70.0,2000.0,0.05,0.5,0.43616096395120113,0.06383903604879887,0.95,asymmetric_power_lambda_1
70.0,2000.0,0.1,0.5,0.501832238625239,-0.0018322386252389578,0.9,asymmetric_power_lambda_1
70.0,2000.0,0.2,0.5,0.641350770968797,-0.141350770968797,0.8,asymmetric_power_lambda_1
70.0,2000.0,0.3,0.5,0.7873625742676729,-0.28736257426767287,0.7,asymmetric_power_lambda_1
70.0,2000.0,0.4,0.6095,0.9377577002376124,-0.32825770023761236,0.6,asymmetric_power_lambda_1
70.0,2000.0,0.5,0.8205,1.0914986439997578,-0.2709986439997578,0.5,asymmetric_power_lambda_1
70.0,2000.0,0.6,1.0279,1.2479595746828633,-0.2200595746828633,0.4,asymmetric_power_lambda_1
70.0,2000.0,0.7,1.2745,1.406719273237627,-0.13221927323762706,0.30000000000000004,asymmetric_power_lambda_1
70.0,2000.0,0.8,1.4713,1.5674738120887928,-0.09617381208879272,0.19999999999999996,asymmetric_power_lambda_1
70.0,2000.0,0.9,1.7312,1.729993018520049,0.0012069814799511303,0.09999999999999998,asymmetric_power_lambda_1
70.0,2000.0,0.95,1.7959,1.8118564245177398,-0.01595642451773971,0.050000000000000044,asymmetric_power_lambda_1
70.0,2000.0,1.0,1.9285,1.89409623477321,0.03440376522679012,0.0,asymmetric_power_lambda_1
120.0,5.0,0.05,0.5,0.6935153701732701,-0.19351537017327014,0.95,asymmetric_power_lambda_1
120.0,5.0,0.1,0.5,0.7591866448473079,-0.2591866448473079,0.9,asymmetric_power_lambda_1
120.0,5.0,0.2,0.5,0.8987051771908661,-0.39870517719086607,0.8,asymmetric_power_lambda_1
120.0,5.0,0.3,0.5,1.0447169804897418,-0.5447169804897418,0.7,asymmetric_power_lambda_1
120.0,5.0,0.4,0.759,1.1951121064596815,-0.43611210645968146,0.6,asymmetric_power_lambda_1
120.0,5.0,0.5,1.0383,1.3488530502218268,-0.3105530502218268,0.5,asymmetric_power_lambda_1
120.0,5.0,0.6,1.3529,1.5053139809049325,-0.15241398090493252,0.4,asymmetric_power_lambda_1
120.0,5.0,0.7,1.6294,1.6640736794596962,-0.03467367945969624,0.30000000000000004,asymmetric_power_lambda_1
120.0,5.0,0.8,1.8929,1.8248282183108617,0.0680717816891383,0.19999999999999996,asymmetric_power_lambda_1
120.0,5.0,0.9,2.2776,1.987347424742118,0.2902525752578822,0.09999999999999998,asymmetric_power_lambda_1
120.0,5.0,0.95,2.3327,2.0692108307398085,0.2634891692601915,0.050000000000000044,asymmetric_power_lambda_1
120.0,5.0,1.0,2.5753,2.1514506409952787,0.4238493590047212,0.0,asymmetric_power_lambda_1
120.0,10.0,0.05,0.5,0.6321382019736006,-0.1321382019736006,0.95,asymmetric_power_lambda_1
120.0,10.0,0.1,0.5,0.6978094766476384,-0.19780947664763837,0.9,asymmetric_power_lambda_1
120.0,10.0,0.2,0.5,0.8373280089911965,-0.3373280089911965,0.8,asymmetric_power_lambda_1
120.0,10.0,0.3,0.5,0.9833398122900723,-0.4833398122900723,0.7,asymmetric_power_lambda_1
120.0,10.0,0.4,0.7123,1.133734938260012,-0.4214349382600119,0.6,asymmetric_power_lambda_1
120.0,10.0,0.5,0.9953,1.2874758820221572,-0.2921758820221573,0.5,asymmetric_power_lambda_1
120.0,10.0,0.6,1.2815,1.443936812705263,-0.1624368127052629,0.4,asymmetric_power_lambda_1
120.0,10.0,0.7,1.5384,1.6026965112600267,-0.06429651126002667,0.30000000000000004,asymmetric_power_lambda_1
120.0,10.0,0.8,1.8585,1.7634510501111922,0.09504894988880785,0.19999999999999996,asymmetric_power_lambda_1
120.0,10.0,0.9,2.1465,1.9259702565424484,0.22052974345755172,0.09999999999999998,asymmetric_power_lambda_1
120.0,10.0,0.95,2.2588,2.007833662540139,0.25096633745986097,0.050000000000000044,asymmetric_power_lambda_1
120.0,10.0,1.0,2.4219,2.090073472795609,0.33182652720439076,0.0,asymmetric_power_lambda_1
120.0,20.0,0.05,0.5,0.580939545156719,-0.08093954515671897,0.95,asymmetric_power_lambda_1
120.0,20.0,0.1,0.5,0.6466108198307567,-0.14661081983075674,0.9,asymmetric_power_lambda_1
120.0,20.0,0.2,0.5,0.7861293521743149,-0.2861293521743149,0.8,asymmetric_power_lambda_1
120.0,20.0,0.3,0.5,0.9321411554731907,-0.43214115547319065,0.7,asymmetric_power_lambda_1
120.0,20.0,0.4,0.686,1.0825362814431303,-0.39653628144313025,0.6,asymmetric_power_lambda_1
120.0,20.0,0.5,0.9324,1.2362772252052756,-0.3038772252052756,0.5,asymmetric_power_lambda_1
120.0,20.0,0.6,1.2186,1.3927381558883813,-0.17413815588838144,0.4,asymmetric_power_lambda_1
120.0,20.0,0.7,1.4699,1.551497854443145,-0.08159785444314505,0.30000000000000004,asymmetric_power_lambda_1
120.0,20.0,0.8,1.7489,1.7122523932943106,0.03664760670568934,0.19999999999999996,asymmetric_power_lambda_1
120.0,20.0,0.9,2.0566,1.8747715997255667,0.18182840027443326,0.09999999999999998,asymmetric_power_lambda_1
120.0,20.0,0.95,2.1247,1.9566350057232575,0.16806499427674226,0.050000000000000044,asymmetric_power_lambda_1
120.0,20.0,1.0,2.2493,2.038874815978728,0.21042518402127186,0.0,asymmetric_power_lambda_1
120.0,50.0,0.05,0.5,0.5260503488198685,-0.026050348819868452,0.95,asymmetric_power_lambda_1
120.0,50.0,0.1,0.5,0.5917216234939062,-0.09172162349390622,0.9,asymmetric_power_lambda_1
120.0,50.0,0.2,0.5,0.7312401558374644,-0.23124015583746438,0.8,asymmetric_power_lambda_1
120.0,50.0,0.3,0.5,0.8772519591363401,-0.37725195913634013,0.7,asymmetric_power_lambda_1
120.0,50.0,0.4,0.6689,1.0276470851062798,-0.35874708510627973,0.6,asymmetric_power_lambda_1
120.0,50.0,0.5,0.9237,1.181388028868425,-0.2576880288684251,0.5,asymmetric_power_lambda_1
120.0,50.0,0.6,1.1614,1.3378489595515308,-0.17644895955153084,0.4,asymmetric_power_lambda_1
120.0,50.0,0.7,1.3938,1.4966086581062945,-0.10280865810629458,0.30000000000000004,asymmetric_power_lambda_1
120.0,50.0,0.8,1.682,1.65736319695746,0.0246368030425399,0.19999999999999996,asymmetric_power_lambda_1
120.0,50.0,0.9,1.9395,1.8198824033887162,0.1196175966112838,0.09999999999999998,asymmetric_power_lambda_1
120.0,50.0,0.95,2.0853,1.901745809386407,0.18355419061359313,0.050000000000000044,asymmetric_power_lambda_1
120.0,50.0,1.0,2.2004,1.9839856196418773,0.21641438035812288,0.0,asymmetric_power_lambda_1
120.0,100.0,0.05,0.5,0.4924448207277918,0.007555179272208223,0.95,asymmetric_power_lambda_1
120.0,100.0,0.1,0.5,0.5581160954018296,-0.058116095401829604,0.9,asymmetric_power_lambda_1
120.0,100.0,0.2,0.5,0.6976346277453876,-0.19763462774538765,0.8,asymmetric_power_lambda_1
120.0,100.0,0.3,0.5,0.8436464310442635,-0.3436464310442635,0.7,asymmetric_power_lambda_1
120.0,100.0,0.4,0.6206,0.994041557014203,-0.373441557014203,0.6,asymmetric_power_lambda_1
120.0,100.0,0.5,0.8829,1.1477825007763485,-0.26488250077634845,0.5,asymmetric_power_lambda_1
120.0,100.0,0.6,1.1099,1.304243431459454,-0.19434343145945387,0.4,asymmetric_power_lambda_1
120.0,100.0,0.7,1.3531,1.4630031300142177,-0.1099031300142177,0.30000000000000004,asymmetric_power_lambda_1
120.0,100.0,0.8,1.5774,1.6237576688653834,-0.046357668865383506,0.19999999999999996,asymmetric_power_lambda_1
120.0,100.0,0.9,1.8321,1.7862768752966396,0.045823124703360474,0.09999999999999998,asymmetric_power_lambda_1
120.0,100.0,0.95,1.9432,1.8681402812943304,0.07505971870566963,0.050000000000000044,asymmetric_power_lambda_1
120.0,100.0,1.0,2.1521,1.9503800915498006,0.20171990845019927,0.0,asymmetric_power_lambda_1
120.0,150.0,0.05,0.5,0.4754333843736653,0.02456661562633472,0.95,asymmetric_power_lambda_1
120.0,150.0,0.1,0.5,0.5411046590477031,-0.04110465904770311,0.9,asymmetric_power_lambda_1
120.0,150.0,0.2,0.5,0.6806231913912612,-0.18062319139126115,0.8,asymmetric_power_lambda_1
120.0,150.0,0.3,0.5,0.826634994690137,-0.326634994690137,0.7,asymmetric_power_lambda_1
120.0,150.0,0.4,0.6188,0.9770301206600766,-0.35823012066007653,0.6,asymmetric_power_lambda_1
120.0,150.0,0.5,0.8572,1.130771064422222,-0.273571064422222,0.5,asymmetric_power_lambda_1
120.0,150.0,0.6,1.0887,1.2872319951053275,-0.19853199510532749,0.4,asymmetric_power_lambda_1
120.0,150.0,0.7,1.3605,1.4459916936600914,-0.08549169366009135,0.30000000000000004,asymmetric_power_lambda_1
120.0,150.0,0.8,1.5564,1.6067462325112567,-0.050346232511256694,0.19999999999999996,asymmetric_power_lambda_1
120.0,150.0,0.9,1.8816,1.7692654389425129,0.11233456105748707,0.09999999999999998,asymmetric_power_lambda_1
120.0,150.0,0.95,1.9557,1.8511288449402037,0.1045711550597963,0.050000000000000044,asymmetric_power_lambda_1
120.0,150.0,1.0,2.0881,1.933368655195674,0.15473134480432593,0.0,asymmetric_power_lambda_1
120.0,300.0,0.05,0.5,0.4502219442444252,0.04977805575557481,0.95,asymmetric_power_lambda_1
120.0,300.0,0.1,0.5,0.515893218918463,-0.01589321891846296,0.9,asymmetric_power_lambda_1
120.0,300.0,0.2,0.5,0.655411751262021,-0.155411751262021,0.8,asymmetric_power_lambda_1
120.0,300.0,0.3,0.5,0.8014235545608969,-0.30142355456089687,0.7,asymmetric_power_lambda_1
120.0,300.0,0.4,0.6045,0.9518186805308364,-0.34731868053083637,0.6,asymmetric_power_lambda_1
120.0,300.0,0.5,0.8569,1.105559624292982,-0.24865962429298194,0.5,asymmetric_power_lambda_1
120.0,300.0,0.6,1.092,1.2620205549760874,-0.17002055497608737,0.4,asymmetric_power_lambda_1
120.0,300.0,0.7,1.2863,1.4207802535308511,-0.13448025353085113,0.30000000000000004,asymmetric_power_lambda_1
120.0,300.0,0.8,1.5302,1.5815347923820167,-0.05133479238201666,0.19999999999999996,asymmetric_power_lambda_1
120.0,300.0,0.9,1.7838,1.7440539988132728,0.03974600118672722,0.09999999999999998,asymmetric_power_lambda_1
120.0,300.0,0.95,1.9031,1.8259174048109637,0.07718259518903636,0.050000000000000044,asymmetric_power_lambda_1
120.0,300.0,1.0,2.0619,1.9081572150664339,0.1537427849335662,0.0,asymmetric_power_lambda_1
120.0,500.0,0.05,0.5,0.4343590791734094,0.06564092082659062,0.95,asymmetric_power_lambda_1
120.0,500.0,0.1,0.5,0.5000303538474471,-3.035384744709546e-05,0.9,asymmetric_power_lambda_1
120.0,500.0,0.2,0.5,0.6395488861910053,-0.13954888619100525,0.8,asymmetric_power_lambda_1
120.0,500.0,0.3,0.5,0.785560689489881,-0.285560689489881,0.7,asymmetric_power_lambda_1
120.0,500.0,0.4,0.5807,0.9359558154598207,-0.35525581545982066,0.6,asymmetric_power_lambda_1
120.0,500.0,0.5,0.8175,1.0896967592219662,-0.2721967592219662,0.5,asymmetric_power_lambda_1
120.0,500.0,0.6,1.0547,1.2461576899050715,-0.1914576899050715,0.4,asymmetric_power_lambda_1
120.0,500.0,0.7,1.2832,1.4049173884598354,-0.12171738845983548,0.30000000000000004,asymmetric_power_lambda_1
120.0,500.0,0.8,1.5164,1.565671927311001,-0.04927192731100094,0.19999999999999996,asymmetric_power_lambda_1
120.0,500.0,0.9,1.7304,1.728191133742257,0.0022088662577428586,0.09999999999999998,asymmetric_power_lambda_1
120.0,500.0,0.95,1.8749,1.810054539739948,0.06484546026005211,0.050000000000000044,asymmetric_power_lambda_1
120.0,500.0,1.0,2.0294,1.8922943499954181,0.13710565000458175,0.0,asymmetric_power_lambda_1
120.0,1000.0,0.05,0.5,0.4159592156496726,0.08404078435032741,0.95,asymmetric_power_lambda_1
120.0,1000.0,0.1,0.5,0.48163049032371036,0.01836950967628964,0.9,asymmetric_power_lambda_1
120.0,1000.0,0.2,0.5,0.6211490226672685,-0.12114902266726846,0.8,asymmetric_power_lambda_1
120.0,1000.0,0.3,0.5,0.7671608259661442,-0.2671608259661442,0.7,asymmetric_power_lambda_1
120.0,1000.0,0.4,0.5785,0.9175559519360839,-0.33905595193608384,0.6,asymmetric_power_lambda_1
120.0,1000.0,0.5,0.7972,1.0712968956982292,-0.27409689569822915,0.5,asymmetric_power_lambda_1
120.0,1000.0,0.6,1.0412,1.227757826381335,-0.186557826381335,0.4,asymmetric_power_lambda_1
120.0,1000.0,0.7,1.2562,1.3865175249360986,-0.1303175249360986,0.30000000000000004,asymmetric_power_lambda_1
120.0,1000.0,0.8,1.485,1.5472720637872641,-0.06227206378726402,0.19999999999999996,asymmetric_power_lambda_1
120.0,1000.0,0.9,1.7223,1.7097912702185203,0.012508729781479655,0.09999999999999998,asymmetric_power_lambda_1
120.0,1000.0,0.95,1.8568,1.791654676216211,0.0651453237837889,0.050000000000000044,asymmetric_power_lambda_1
120.0,1000.0,1.0,1.9082,1.8738944864716813,0.034305513528318565,0.0,asymmetric_power_lambda_1
120.0,2000.0,0.05,0.5,0.4006107020955016,0.09938929790449841,0.95,asymmetric_power_lambda_1
120.0,2000.0,0.1,0.5,0.46628197676953936,0.033718023230460636,0.9,asymmetric_power_lambda_1
120.0,2000.0,0.2,0.5,0.6058005091130975,-0.10580050911309746,0.8,asymmetric_power_lambda_1
120.0,2000.0,0.3,0.5,0.7518123124119733,-0.2518123124119733,0.7,asymmetric_power_lambda_1
120.0,2000.0,0.4,0.5772,0.9022074383819129,-0.3250074383819128,0.6,asymmetric_power_lambda_1
120.0,2000.0,0.5,0.7936,1.0559483821440583,-0.2623483821440583,0.5,asymmetric_power_lambda_1
120.0,2000.0,0.6,1.0107,1.2124093128271638,-0.20170931282716387,0.4,asymmetric_power_lambda_1
120.0,2000.0,0.7,1.2063,1.3711690113819275,-0.16486901138192755,0.30000000000000004,asymmetric_power_lambda_1
120.0,2000.0,0.8,1.4677,1.5319235502330932,-0.06422355023309323,0.19999999999999996,asymmetric_power_lambda_1
120.0,2000.0,0.9,1.6316,1.6944427566643494,-0.06284275666434946,0.09999999999999998,asymmetric_power_lambda_1
120.0,2000.0,0.95,1.8387,1.7763061626620402,0.06239383733795978,0.050000000000000044,asymmetric_power_lambda_1
120.0,2000.0,1.0,1.9249,1.8585459729175104,0.06635402708248961,0.0,asymmetric_power_lambda_1
300.0,5.0,0.05,0.5,0.6424616479899244,-0.14246164798992444,0.95,asymmetric_power_lambda_1
300.0,5.0,0.1,0.5,0.7081329226639623,-0.20813292266396233,0.9,asymmetric_power_lambda_1
300.0,5.0,0.2,0.5,0.8476514550075204,-0.34765145500752037,0.8,asymmetric_power_lambda_1
300.0,5.0,0.3,0.5,0.9936632583063962,-0.49366325830639624,0.7,asymmetric_power_lambda_1
300.0,5.0,0.4,0.6853,1.1440583842763359,-0.45875838427633586,0.6,asymmetric_power_lambda_1
300.0,5.0,0.5,0.9862,1.2977993280384812,-0.3115993280384812,0.5,asymmetric_power_lambda_1
300.0,5.0,0.6,1.3009,1.4542602587215867,-0.15336025872158676,0.4,asymmetric_power_lambda_1
300.0,5.0,0.7,1.6208,1.6130199572763506,0.007780042723649405,0.30000000000000004,asymmetric_power_lambda_1
300.0,5.0,0.8,1.8604,1.773774496127516,0.08662550387248413,0.19999999999999996,asymmetric_power_lambda_1
300.0,5.0,0.9,2.2235,1.936293702558772,0.28720629744122794,0.09999999999999998,asymmetric_power_lambda_1
300.0,5.0,0.95,2.4307,2.018157108556463,0.41254289144353695,0.050000000000000044,asymmetric_power_lambda_1
300.0,5.0,1.0,2.478,2.100396918811933,0.37760308118806707,0.0,asymmetric_power_lambda_1
300.0,10.0,0.05,0.5,0.581084479790255,-0.08108447979025502,0.95,asymmetric_power_lambda_1
300.0,10.0,0.1,0.5,0.6467557544642928,-0.1467557544642928,0.9,asymmetric_power_lambda_1
300.0,10.0,0.2,0.5,0.7862742868078509,-0.28627428680785094,0.8,asymmetric_power_lambda_1
300.0,10.0,0.3,0.5,0.9322860901067267,-0.4322860901067267,0.7,asymmetric_power_lambda_1
300.0,10.0,0.4,0.6257,1.0826812160766663,-0.4569812160766663,0.6,asymmetric_power_lambda_1
300.0,10.0,0.5,0.9294,1.2364221598388117,-0.30702215983881165,0.5,asymmetric_power_lambda_1
300.0,10.0,0.6,1.2357,1.3928830905219174,-0.15718309052191737,0.4,asymmetric_power_lambda_1
300.0,10.0,0.7,1.5156,1.551642789076681,-0.036042789076681014,0.30000000000000004,asymmetric_power_lambda_1
300.0,10.0,0.8,1.8333,1.7123973279278466,0.12090267207215333,0.19999999999999996,asymmetric_power_lambda_1
300.0,10.0,0.9,2.1073,1.8749165343591028,0.23238346564089718,0.09999999999999998,asymmetric_power_lambda_1
300.0,10.0,0.95,2.2727,1.9567799403567936,0.31592005964320635,0.050000000000000044,asymmetric_power_lambda_1
300.0,10.0,1.0,2.4246,2.0390197506122636,0.3855802493877363,0.0,asymmetric_power_lambda_1
300.0,20.0,0.05,0.5,0.5298858229733734,-0.029885822973373388,0.95,asymmetric_power_lambda_1
300.0,20.0,0.1,0.5,0.5955570976474112,-0.09555709764741116,0.9,asymmetric_power_lambda_1
300.0,20.0,0.2,0.5,0.7350756299909693,-0.23507562999096931,0.8,asymmetric_power_lambda_1
300.0,20.0,0.3,0.5,0.8810874332898451,-0.38108743328984507,0.7,asymmetric_power_lambda_1
300.0,20.0,0.4,0.6087,1.0314825592597847,-0.4227825592597847,0.6,asymmetric_power_lambda_1
300.0,20.0,0.5,0.8857,1.18522350302193,-0.29952350302193,0.5,asymmetric_power_lambda_1
300.0,20.0,0.6,1.1745,1.3416844337050358,-0.16718443370503566,0.4,asymmetric_power_lambda_1
300.0,20.0,0.7,1.445,1.5004441322597994,-0.055444132259799384,0.30000000000000004,asymmetric_power_lambda_1
300.0,20.0,0.8,1.7275,1.661198671110965,0.06630132888903506,0.19999999999999996,asymmetric_power_lambda_1
300.0,20.0,0.9,1.993,1.8237178775422211,0.16928212245777896,0.09999999999999998,asymmetric_power_lambda_1
300.0,20.0,0.95,2.1129,1.905581283539912,0.20731871646008782,0.050000000000000044,asymmetric_power_lambda_1
300.0,20.0,1.0,2.3267,1.9878210937953822,0.338878906204618,0.0,asymmetric_power_lambda_1
300.0,50.0,0.05,0.5,0.4749966266365229,0.025003373363477077,0.95,asymmetric_power_lambda_1
300.0,50.0,0.1,0.5,0.5406679013105606,-0.04066790131056064,0.9,asymmetric_power_lambda_1
300.0,50.0,0.2,0.5,0.6801864336541188,-0.1801864336541188,0.8,asymmetric_power_lambda_1
300.0,50.0,0.3,0.5,0.8261982369529945,-0.32619823695299455,0.7,asymmetric_power_lambda_1
300.0,50.0,0.4,0.5737,0.9765933629229342,-0.4028933629229342,0.6,asymmetric_power_lambda_1
300.0,50.0,0.5,0.8188,1.1303343066850795,-0.31153430668507953,0.5,asymmetric_power_lambda_1
300.0,50.0,0.6,1.0844,1.2867952373681852,-0.2023952373681852,0.4,asymmetric_power_lambda_1
300.0,50.0,0.7,1.3817,1.445554935922949,-0.063854935922949,0.30000000000000004,asymmetric_power_lambda_1
300.0,50.0,0.8,1.6524,1.6063094747741145,0.04609052522588564,0.19999999999999996,asymmetric_power_lambda_1
300.0,50.0,0.9,1.917,1.7688286812053706,0.14817131879462941,0.09999999999999998,asymmetric_power_lambda_1
300.0,50.0,0.95,2.0545,1.8506920872030614,0.20380791279693855,0.050000000000000044,asymmetric_power_lambda_1
300.0,50.0,1.0,2.1404,1.9329318974585317,0.2074681025414684,0.0,asymmetric_power_lambda_1
300.0,100.0,0.05,0.5,0.4413910985444462,0.05860890145555381,0.95,asymmetric_power_lambda_1
300.0,100.0,0.1,0.5,0.507062373218484,-0.007062373218484019,0.9,asymmetric_power_lambda_1
300.0,100.0,0.2,0.5,0.6465809055620421,-0.14658090556204206,0.8,asymmetric_power_lambda_1
300.0,100.0,0.3,0.5,0.7925927088609179,-0.2925927088609179,0.7,asymmetric_power_lambda_1
300.0,100.0,0.4,0.5656,0.9429878348308575,-0.37738783483085747,0.6,asymmetric_power_lambda_1
300.0,100.0,0.5,0.7851,1.0967287785930029,-0.31162877859300286,0.5,asymmetric_power_lambda_1
300.0,100.0,0.6,1.0582,1.2531897092761084,-0.19498970927610837,0.4,asymmetric_power_lambda_1
300.0,100.0,0.7,1.2974,1.411949407830872,-0.11454940783087197,0.30000000000000004,asymmetric_power_lambda_1
300.0,100.0,0.8,1.6239,1.5727039466820378,0.051196053317962065,0.19999999999999996,asymmetric_power_lambda_1
300.0,100.0,0.9,1.7981,1.735223153113294,0.06287684688670603,0.09999999999999998,asymmetric_power_lambda_1
300.0,100.0,0.95,1.9909,1.8170865591109848,0.17381344088901507,0.050000000000000044,asymmetric_power_lambda_1
300.0,100.0,1.0,2.018,1.899326369366455,0.11867363063354475,0.0,asymmetric_power_lambda_1
300.0,150.0,0.05,0.5,0.4243796621903196,0.07562033780968042,0.95,asymmetric_power_lambda_1
300.0,150.0,0.1,0.5,0.49005093686435736,0.009949063135642644,0.9,asymmetric_power_lambda_1
300.0,150.0,0.2,0.5,0.6295694692079155,-0.12956946920791546,0.8,asymmetric_power_lambda_1
300.0,150.0,0.3,0.5,0.7755812725067912,-0.2755812725067912,0.7,asymmetric_power_lambda_1
300.0,150.0,0.4,0.5498,0.9259763984767309,-0.3761763984767309,0.6,asymmetric_power_lambda_1
300.0,150.0,0.5,0.7913,1.0797173422388764,-0.2884173422388764,0.5,asymmetric_power_lambda_1
300.0,150.0,0.6,1.0259,1.2361782729219817,-0.21027827292198165,0.4,asymmetric_power_lambda_1
300.0,150.0,0.7,1.3071,1.3949379714767456,-0.08783797147674566,0.30000000000000004,asymmetric_power_lambda_1
300.0,150.0,0.8,1.5543,1.5556925103279111,-0.0013925103279111006,0.19999999999999996,asymmetric_power_lambda_1
300.0,150.0,0.9,1.8567,1.7182117167591673,0.13848828324083273,0.09999999999999998,asymmetric_power_lambda_1
300.0,150.0,0.95,1.9405,1.800075122756858,0.1404248772431418,0.050000000000000044,asymmetric_power_lambda_1
300.0,150.0,1.0,2.0823,1.8823149330123283,0.1999850669876717,0.0,asymmetric_power_lambda_1
300.0,300.0,0.05,0.5,0.39916822206107955,0.10083177793892045,0.95,asymmetric_power_lambda_1
300.0,300.0,0.1,0.5,0.4648394967351173,0.03516050326488268,0.9,asymmetric_power_lambda_1
300.0,300.0,0.2,0.5,0.6043580290786754,-0.10435802907867542,0.8,asymmetric_power_lambda_1
300.0,300.0,0.3,0.5,0.7503698323775512,-0.25036983237755117,0.7,asymmetric_power_lambda_1
300.0,300.0,0.4,0.5355,0.9007649583474908,-0.36526495834749084,0.6,asymmetric_power_lambda_1
300.0,300.0,0.5,0.7618,1.0545059021096361,-0.2927059021096361,0.5,asymmetric_power_lambda_1
300.0,300.0,0.6,1.0191,1.2109668327927419,-0.19186683279274197,0.4,asymmetric_power_lambda_1
300.0,300.0,0.7,1.2421,1.3697265313475055,-0.12762653134750557,0.30000000000000004,asymmetric_power_lambda_1
300.0,300.0,0.8,1.5064,1.530481070198671,-0.024081070198671117,0.19999999999999996,asymmetric_power_lambda_1
300.0,300.0,0.9,1.708,1.6930002766299272,0.014999723370072715,0.09999999999999998,asymmetric_power_lambda_1
300.0,300.0,0.95,1.8785,1.774863682627618,0.10363631737238199,0.050000000000000044,asymmetric_power_lambda_1
300.0,300.0,1.0,1.9949,1.8571034928830883,0.1377965071169116,0.0,asymmetric_power_lambda_1
300.0,500.0,0.05,0.5,0.3833053569900638,0.1166946430099362,0.95,asymmetric_power_lambda_1
300.0,500.0,0.1,0.5,0.44897663166410157,0.051023368335898434,0.9,asymmetric_power_lambda_1
300.0,500.0,0.2,0.5,0.5884951640076597,-0.08849516400765967,0.8,asymmetric_power_lambda_1
300.0,500.0,0.3,0.5,0.7345069673065354,-0.23450696730653542,0.7,asymmetric_power_lambda_1
300.0,500.0,0.4,0.5242,0.8849020932764751,-0.36070209327647507,0.6,asymmetric_power_lambda_1
300.0,500.0,0.5,0.764,1.0386430370386206,-0.2746430370386206,0.5,asymmetric_power_lambda_1
300.0,500.0,0.6,1.004,1.195103967721726,-0.1911039677217259,0.4,asymmetric_power_lambda_1
300.0,500.0,0.7,1.2386,1.3538636662764898,-0.11526366627648987,0.30000000000000004,asymmetric_power_lambda_1
300.0,500.0,0.8,1.4481,1.5146182051276553,-0.06651820512765538,0.19999999999999996,asymmetric_power_lambda_1
300.0,500.0,0.9,1.7684,1.6771374115589115,0.09126258844108848,0.09999999999999998,asymmetric_power_lambda_1
300.0,500.0,0.95,1.8116,1.7590008175566023,0.052599182443397785,0.050000000000000044,asymmetric_power_lambda_1
300.0,500.0,1.0,1.92,1.8412406278120725,0.07875937218792739,0.0,asymmetric_power_lambda_1
300.0,1000.0,0.05,0.5,0.36490549346632695,0.13509450653367305,0.95,asymmetric_power_lambda_1
300.0,1000.0,0.1,0.5,0.4305767681403647,0.06942323185963528,0.9,asymmetric_power_lambda_1
300.0,1000.0,0.2,0.5,0.5700953004839229,-0.07009530048392287,0.8,asymmetric_power_lambda_1
300.0,1000.0,0.3,0.5,0.7161071037827986,-0.21610710378279863,0.7,asymmetric_power_lambda_1
300.0,1000.0,0.4,0.5189,0.8665022297527383,-0.34760222975273825,0.6,asymmetric_power_lambda_1
300.0,1000.0,0.5,0.7381,1.0202431735148836,-0.2821431735148836,0.5,asymmetric_power_lambda_1
300.0,1000.0,0.6,1.0017,1.176704104197989,-0.17500410419798906,0.4,asymmetric_power_lambda_1
300.0,1000.0,0.7,1.2048,1.335463802752753,-0.1306638027527529,0.30000000000000004,asymmetric_power_lambda_1
300.0,1000.0,0.8,1.4767,1.4962183416039185,-0.019518341603918632,0.19999999999999996,asymmetric_power_lambda_1
300.0,1000.0,0.9,1.6646,1.6587375480351747,0.005862451964825377,0.09999999999999998,asymmetric_power_lambda_1
300.0,1000.0,0.95,1.8451,1.7406009540328655,0.10449904596713444,0.050000000000000044,asymmetric_power_lambda_1
300.0,1000.0,1.0,1.9425,1.8228407642883357,0.11965923571166415,0.0,asymmetric_power_lambda_1
300.0,2000.0,0.05,0.5,0.3495569799121559,0.1504430200878441,0.95,asymmetric_power_lambda_1
300.0,2000.0,0.1,0.5,0.41522825458619367,0.08477174541380633,0.9,asymmetric_power_lambda_1
300.0,2000.0,0.2,0.5,0.5547467869297518,-0.05474678692975177,0.8,asymmetric_power_lambda_1
300.0,2000.0,0.3,0.5,0.7007585902286275,-0.20075859022862752,0.7,asymmetric_power_lambda_1
300.0,2000.0,0.4,0.5,0.8511537161985672,-0.35115371619856717,0.6,asymmetric_power_lambda_1
300.0,2000.0,0.5,0.7402,1.0048946599607125,-0.2646946599607125,0.5,asymmetric_power_lambda_1
300.0,2000.0,0.6,0.9783,1.1613555906438182,-0.18305559064381827,0.4,asymmetric_power_lambda_1
300.0,2000.0,0.7,1.1809,1.320115289198582,-0.13921528919858184,0.30000000000000004,asymmetric_power_lambda_1
300.0,2000.0,0.8,1.4119,1.4808698280497474,-0.0689698280497475,0.19999999999999996,asymmetric_power_lambda_1
300.0,2000.0,0.9,1.6756,1.6433890344810036,0.03221096551899638,0.09999999999999998,asymmetric_power_lambda_1
300.0,2000.0,0.95,1.7414,1.7252524404786944,0.016147559521305643,0.050000000000000044,asymmetric_power_lambda_1
300.0,2000.0,1.0,1.8777,1.8074922507341646,0.07020774926583528,0.0,asymmetric_power_lambda_1
700.0,5.0,0.05,0.5,0.6040493404613593,-0.10404934046135927,0.95,asymmetric_power_lambda_1
700.0,5.0,0.1,0.5,0.6697206151353972,-0.16972061513539716,0.9,asymmetric_power_lambda_1
700.0,5.0,0.2,0.5,0.8092391474789552,-0.3092391474789552,0.8,asymmetric_power_lambda_1
700.0,5.0,0.3,0.5,0.9552509507778311,-0.45525095077783106,0.7,asymmetric_power_lambda_1
700.0,5.0,0.4,0.5981,1.1056460767477705,-0.5075460767477705,0.6,asymmetric_power_lambda_1
700.0,5.0,0.5,0.9159,1.259387020509916,-0.343487020509916,0.5,asymmetric_power_lambda_1
700.0,5.0,0.6,1.2092,1.4158479511930215,-0.20664795119302148,0.4,asymmetric_power_lambda_1
700.0,5.0,0.7,1.587,1.5746076497477852,0.012392350252214746,0.30000000000000004,asymmetric_power_lambda_1
700.0,5.0,0.8,1.8853,1.735362188598951,0.149937811401049,0.19999999999999996,asymmetric_power_lambda_1
700.0,5.0,0.9,2.2108,1.8978813950302071,0.31291860496979274,0.09999999999999998,asymmetric_power_lambda_1
700.0,5.0,0.95,2.4127,1.979744801027898,0.4329551989721021,0.050000000000000044,asymmetric_power_lambda_1
700.0,5.0,1.0,2.5391,2.061984611283368,0.4771153887166317,0.0,asymmetric_power_lambda_1
700.0,10.0,0.05,0.5,0.5426721722616898,-0.042672172261689845,0.95,asymmetric_power_lambda_1
700.0,10.0,0.1,0.5,0.6083434469357276,-0.10834344693572762,0.9,asymmetric_power_lambda_1
700.0,10.0,0.2,0.5,0.7478619792792858,-0.24786197927928577,0.8,asymmetric_power_lambda_1
700.0,10.0,0.3,0.5,0.8938737825781615,-0.3938737825781615,0.7,asymmetric_power_lambda_1
700.0,10.0,0.4,0.5653,1.0442689085481012,-0.47896890854810115,0.6,asymmetric_power_lambda_1
700.0,10.0,0.5,0.8604,1.1980098523102467,-0.33760985231024665,0.5,asymmetric_power_lambda_1
700.0,10.0,0.6,1.1538,1.354470782993352,-0.20067078299335206,0.4,asymmetric_power_lambda_1
700.0,10.0,0.7,1.4868,1.513230481548116,-0.026430481548116003,0.30000000000000004,asymmetric_power_lambda_1
700.0,10.0,0.8,1.7512,1.6739850203992814,0.07721497960071866,0.19999999999999996,asymmetric_power_lambda_1
700.0,10.0,0.9,2.0469,1.8365042268305376,0.21039577316946234,0.09999999999999998,asymmetric_power_lambda_1
700.0,10.0,0.95,2.2272,1.9183676328282284,0.3088323671717714,0.050000000000000044,asymmetric_power_lambda_1
700.0,10.0,1.0,2.4033,2.0006074430836986,0.40269255691630157,0.0,asymmetric_power_lambda_1
700.0,20.0,0.05,0.5,0.4914735154448083,0.008526484555191727,0.95,asymmetric_power_lambda_1
700.0,20.0,0.1,0.5,0.557144790118846,-0.05714479011884599,0.9,asymmetric_power_lambda_1
700.0,20.0,0.2,0.5,0.6966633224624041,-0.19666332246240414,0.8,asymmetric_power_lambda_1
700.0,20.0,0.3,0.5,0.8426751257612799,-0.3426751257612799,0.7,asymmetric_power_lambda_1
700.0,20.0,0.4,0.5501,0.9930702517312195,-0.4429702517312195,0.6,asymmetric_power_lambda_1
700.0,20.0,0.5,0.8411,1.146811195493365,-0.3057111954933651,0.5,asymmetric_power_lambda_1
700.0,20.0,0.6,1.1236,1.3032721261764704,-0.17967212617647044,0.4,asymmetric_power_lambda_1
700.0,20.0,0.7,1.4239,1.4620318247312343,-0.03813182473123433,0.30000000000000004,asymmetric_power_lambda_1
700.0,20.0,0.8,1.6984,1.6227863635823998,0.0756136364176001,0.19999999999999996,asymmetric_power_lambda_1
700.0,20.0,0.9,1.9239,1.785305570013656,0.13859442998634397,0.09999999999999998,asymmetric_power_lambda_1
700.0,20.0,0.95,2.0927,1.8671689760113468,0.225531023988653,0.050000000000000044,asymmetric_power_lambda_1
700.0,20.0,1.0,2.2974,1.949408786266817,0.3479912137331831,0.0,asymmetric_power_lambda_1
700.0,50.0,0.05,0.5,0.43658431910795775,0.06341568089204225,0.95,asymmetric_power_lambda_1
700.0,50.0,0.1,0.5,0.5022555937819955,-0.0022555937819954686,0.9,asymmetric_power_lambda_1
700.0,50.0,0.2,0.5,0.6417741261255536,-0.14177412612555362,0.8,asymmetric_power_lambda_1
700.0,50.0,0.3,0.5,0.7877859294244294,-0.2877859294244294,0.7,asymmetric_power_lambda_1
700.0,50.0,0.4,0.515,0.938181055394369,-0.423181055394369,0.6,asymmetric_power_lambda_1
700.0,50.0,0.5,0.7581,1.0919219991565146,-0.33382199915651456,0.5,asymmetric_power_lambda_1
700.0,50.0,0.6,1.0355,1.2483829298396198,-0.21288292983961976,0.4,asymmetric_power_lambda_1
700.0,50.0,0.7,1.3068,1.4071426283943838,-0.10034262839438379,0.30000000000000004,asymmetric_power_lambda_1
700.0,50.0,0.8,1.584,1.5678971672455493,0.01610283275445079,0.19999999999999996,asymmetric_power_lambda_1
700.0,50.0,0.9,1.9143,1.7304163736768055,0.18388362632319444,0.09999999999999998,asymmetric_power_lambda_1
700.0,50.0,0.95,2.0439,1.8122797796744963,0.23162022032550356,0.050000000000000044,asymmetric_power_lambda_1
700.0,50.0,1.0,2.071,1.8945195899299665,0.17648041007003368,0.0,asymmetric_power_lambda_1
700.0,100.0,0.05,0.5,0.402978791015881,0.09702120898411898,0.95,asymmetric_power_lambda_1
700.0,100.0,0.1,0.5,0.4686500656899188,0.03134993431008121,0.9,asymmetric_power_lambda_1
700.0,100.0,0.2,0.5,0.6081685980334769,-0.10816859803347689,0.8,asymmetric_power_lambda_1
700.0,100.0,0.3,0.5,0.7541804013323528,-0.25418040133235276,0.7,asymmetric_power_lambda_1
700.0,100.0,0.4,0.5,0.9045755273022923,-0.4045755273022923,0.6,asymmetric_power_lambda_1
700.0,100.0,0.5,0.7348,1.0583164710644377,-0.3235164710644377,0.5,asymmetric_power_lambda_1
700.0,100.0,0.6,0.9905,1.2147774017475432,-0.22427740174754318,0.4,asymmetric_power_lambda_1
700.0,100.0,0.7,1.2988,1.3735371003023071,-0.07473710030230718,0.30000000000000004,asymmetric_power_lambda_1
700.0,100.0,0.8,1.5329,1.5342916391534724,-0.0013916391534725125,0.19999999999999996,asymmetric_power_lambda_1
700.0,100.0,0.9,1.7971,1.6968108455847286,0.10028915441527131,0.09999999999999998,asymmetric_power_lambda_1
700.0,100.0,0.95,1.9362,1.7786742515824194,0.1575257484175805,0.050000000000000044,asymmetric_power_lambda_1
700.0,100.0,1.0,2.0708,1.8609140618378897,0.20988593816211054,0.0,asymmetric_power_lambda_1
700.0,150.0,0.05,0.5,0.38596735466175447,0.11403264533824553,0.95,asymmetric_power_lambda_1
700.0,150.0,0.1,0.5,0.45163862933579224,0.04836137066420776,0.9,asymmetric_power_lambda_1
700.0,150.0,0.2,0.5,0.5911571616793503,-0.09115716167935028,0.8,asymmetric_power_lambda_1
700.0,150.0,0.3,0.5,0.7371689649782261,-0.23716896497822615,0.7,asymmetric_power_lambda_1
700.0,150.0,0.4,0.5,0.8875640909481657,-0.3875640909481657,0.6,asymmetric_power_lambda_1
700.0,150.0,0.5,0.7523,1.0413050347103112,-0.28900503471031125,0.5,asymmetric_power_lambda_1
700.0,150.0,0.6,0.9957,1.1977659653934167,-0.2020659653934167,0.4,asymmetric_power_lambda_1
700.0,150.0,0.7,1.2155,1.3565256639481804,-0.1410256639481804,0.30000000000000004,asymmetric_power_lambda_1
700.0,150.0,0.8,1.4766,1.517280202799346,-0.04068020279934603,0.19999999999999996,asymmetric_power_lambda_1
700.0,150.0,0.9,1.7601,1.6797994092306021,0.08030059076939788,0.09999999999999998,asymmetric_power_lambda_1
700.0,150.0,0.95,1.8874,1.761662815228293,0.12573718477170703,0.050000000000000044,asymmetric_power_lambda_1
700.0,150.0,1.0,2.0154,1.8439026254837632,0.17149737451623692,0.0,asymmetric_power_lambda_1
700.0,300.0,0.05,0.5,0.3607559145325144,0.13924408546748562,0.95,asymmetric_power_lambda_1
700.0,300.0,0.1,0.5,0.42642718920655215,0.07357281079344785,0.9,asymmetric_power_lambda_1
700.0,300.0,0.2,0.5,0.5659457215501102,-0.06594572155011025,0.8,asymmetric_power_lambda_1
700.0,300.0,0.3,0.5,0.711957524848986,-0.211957524848986,0.7,asymmetric_power_lambda_1
700.0,300.0,0.4,0.5,0.8623526508189256,-0.36235265081892565,0.6,asymmetric_power_lambda_1
700.0,300.0,0.5,0.7304,1.0160935945810712,-0.28569359458107113,0.5,asymmetric_power_lambda_1
700.0,300.0,0.6,0.9707,1.1725545252641765,-0.20185452526417647,0.4,asymmetric_power_lambda_1
700.0,300.0,0.7,1.208,1.3313142238189404,-0.12331422381894042,0.30000000000000004,asymmetric_power_lambda_1
700.0,300.0,0.8,1.4829,1.492068762670106,-0.009168762670105801,0.19999999999999996,asymmetric_power_lambda_1
700.0,300.0,0.9,1.7289,1.654587969101362,0.07431203089863803,0.09999999999999998,asymmetric_power_lambda_1
700.0,300.0,0.95,1.8991,1.736451375099053,0.16264862490094711,0.050000000000000044,asymmetric_power_lambda_1
700.0,300.0,1.0,2.0155,1.8186911853545231,0.19680881464547673,0.0,asymmetric_power_lambda_1
700.0,500.0,0.05,0.5,0.3448930494614986,0.15510695053850138,0.95,asymmetric_power_lambda_1
700.0,500.0,0.1,0.5,0.4105643241355364,0.0894356758644636,0.9,asymmetric_power_lambda_1
700.0,500.0,0.2,0.5,0.5500828564790945,-0.050082856479094495,0.8,asymmetric_power_lambda_1
700.0,500.0,0.3,0.5,0.6960946597779702,-0.19609465977797025,0.7,asymmetric_power_lambda_1
700.0,500.0,0.4,0.5,0.8464897857479099,-0.3464897857479099,0.6,asymmetric_power_lambda_1
700.0,500.0,0.5,0.6974,1.0002307295100552,-0.3028307295100552,0.5,asymmetric_power_lambda_1
700.0,500.0,0.6,0.9578,1.156691660193161,-0.19889166019316096,0.4,asymmetric_power_lambda_1
700.0,500.0,0.7,1.2213,1.3154513587479246,-0.09415135874792457,0.30000000000000004,asymmetric_power_lambda_1
700.0,500.0,0.8,1.432,1.4762058975990902,-0.044205897599090216,0.19999999999999996,asymmetric_power_lambda_1
700.0,500.0,0.9,1.6736,1.6387251040303463,0.03487489596965365,0.09999999999999998,asymmetric_power_lambda_1
700.0,500.0,0.95,1.8314,1.7205885100280371,0.11081148997196277,0.050000000000000044,asymmetric_power_lambda_1
700.0,500.0,1.0,1.9675,1.8028283202835074,0.16467167971649266,0.0,asymmetric_power_lambda_1
700.0,1000.0,0.05,0.5,0.32649318593776183,0.17350681406223817,0.95,asymmetric_power_lambda_1
700.0,1000.0,0.1,0.5,0.3921644606117996,0.1078355393882004,0.9,asymmetric_power_lambda_1
700.0,1000.0,0.2,0.5,0.5316829929553577,-0.0316829929553577,0.8,asymmetric_power_lambda_1
700.0,1000.0,0.3,0.5,0.6776947962542335,-0.17769479625423346,0.7,asymmetric_power_lambda_1
700.0,1000.0,0.4,0.5,0.8280899222241731,-0.3280899222241731,0.6,asymmetric_power_lambda_1
700.0,1000.0,0.5,0.7003,0.9818308659863185,-0.2815308659863185,0.5,asymmetric_power_lambda_1
700.0,1000.0,0.6,0.9207,1.138291796669424,-0.21759179666942396,0.4,asymmetric_power_lambda_1
700.0,1000.0,0.7,1.1975,1.2970514952241878,-0.09955149522418782,0.30000000000000004,asymmetric_power_lambda_1
700.0,1000.0,0.8,1.4235,1.4578060340753534,-0.034306034075353375,0.19999999999999996,asymmetric_power_lambda_1
700.0,1000.0,0.9,1.6964,1.6203252405066095,0.07607475949339038,0.09999999999999998,asymmetric_power_lambda_1
700.0,1000.0,0.95,1.818,1.7021886465043004,0.11581135349569971,0.050000000000000044,asymmetric_power_lambda_1
700.0,1000.0,1.0,1.882,1.7844284567597706,0.09757154324022932,0.0,asymmetric_power_lambda_1
700.0,2000.0,0.05,0.5,0.3111446723835908,0.18885532761640922,0.95,asymmetric_power_lambda_1
700.0,2000.0,0.1,0.5,0.37681594705762855,0.12318405294237145,0.9,asymmetric_power_lambda_1
700.0,2000.0,0.2,0.5,0.5163344794011866,-0.016334479401186597,0.8,asymmetric_power_lambda_1
700.0,2000.0,0.3,0.5,0.6623462827000625,-0.16234628270006246,0.7,asymmetric_power_lambda_1
700.0,2000.0,0.4,0.5,0.812741408670002,-0.312741408670002,0.6,asymmetric_power_lambda_1
700.0,2000.0,0.5,0.6792,0.9664823524321475,-0.2872823524321475,0.5,asymmetric_power_lambda_1
700.0,2000.0,0.6,0.8872,1.122943283115253,-0.23574328311525306,0.4,asymmetric_power_lambda_1
700.0,2000.0,0.7,1.1635,1.2817029816700167,-0.11820298167001675,0.30000000000000004,asymmetric_power_lambda_1
700.0,2000.0,0.8,1.3899,1.4424575205211823,-0.052557520521182344,0.19999999999999996,asymmetric_power_lambda_1
700.0,2000.0,0.9,1.6863,1.6049767269524384,0.08132327304756148,0.09999999999999998,asymmetric_power_lambda_1
700.0,2000.0,0.95,1.7351,1.6868401329501292,0.04825986704987084,0.050000000000000044,asymmetric_power_lambda_1
700.0,2000.0,1.0,1.8865,1.7690799432055995,0.1174200567944006,0.0,asymmetric_power_lambda_1
