draw,scale_coef,time_coef_per_month,variance_share_scale,variance_share_time,variance_share_residual
0,6.689351457107735,-0.07735284069228765,0.39421731157910306,0.014597650842084586,0.5911850375788124
1,6.478485985461966,0.2694180197105398,0.3755809560372289,0.00622479256109193,0.6181942514016792
2,7.127242967814001,0.16200297898146765,0.4075631853901791,0.0036531856794427275,0.5887836289303782
3,6.383695526648163,0.0995464829031345,0.3319247134732991,0.0013308663944175958,0.6667444201322833
4,5.446656521371274,-0.006075180928401203,0.31696859963421914,0.009732309794102612,0.6732990905716782
5,6.4946728443350334,0.26489580998231066,0.3692534231911771,0.00569786302056402,0.6250487137882589
6,6.035758877281024,0.24157875667095396,0.381513438506957,0.006126671949320983,0.612359889543722
7,5.652619691984824,0.020445832598403157,0.3331279699559146,0.010768234080106687,0.6561037959639787
8,5.450947965430407,-0.008489520881044044,0.33118379326569375,0.011640130033778007,0.6571760767005282
9,6.610255711233463,0.019017494794264067,0.3431131032884056,0.0037987420878596856,0.6530881546237347
10,5.936924397948418,0.00133261594194245,0.33379887115230805,0.011196618910141953,0.65500450993755
11,6.484400048980145,0.1592911179634573,0.3292303084648199,0.002872047920218057,0.6678976436149621
12,6.692435636377052,0.20380673564892238,0.3691229099373626,0.008884214529058798,0.6219928755335786
13,6.700603183889415,0.28036301508927064,0.4011611147881912,0.0076549737702808485,0.5911839114415279
14,5.942807175365812,0.1715463612987831,0.32559285972456564,0.007327389380774374,0.66707975089466
15,6.53852361026617,0.14331144386509198,0.4028229111588027,0.0052147405262713,0.591962348314926
16,6.582915277909802,0.0839699698803349,0.34228787973921454,0.0021695923741231193,0.6555425278866623
17,6.177073991527319,0.12051568912782162,0.345578705429134,0.003522931975223298,0.6508983625956427
18,6.796614464429492,-0.02034655125404594,0.3749281414167216,0.009110457929307425,0.615961400653971
19,6.062208603955782,0.1591063018543455,0.3876197904166502,0.004170226548453226,0.6082099830348966
20,5.821550374494107,-0.05069079700952006,0.2961527617573793,0.015908857945979682,0.687938380296641
21,6.09083959918233,-0.060836480526488046,0.3528162264705041,0.01181417793440026,0.6353695955950956
22,6.3361222999911195,0.019848925274051687,0.3605875005292381,0.011733656864310216,0.6276788426064517
23,5.49543063206429,-0.10534186191229278,0.3355829195497593,0.014893180248163551,0.6495239002020772
24,6.206999903541065,-0.04405290264804673,0.35251490381923856,0.015575928833770236,0.6319091673469912
25,6.386270560006814,0.12473985089523154,0.3512156538709974,0.0022870798100209644,0.6464972663189816
26,6.860233378024329,0.13662902547144906,0.3557496219412794,0.007178441891620813,0.6370719361670998
27,5.228880186536786,-0.06772749553021384,0.3170089836380257,0.011694810736604333,0.67129620562537
28,5.605058589455886,0.0660384748146905,0.3285888266857012,0.009812909226563082,0.6615982640877357
29,5.78238144703833,-0.07440745209030641,0.3209496469092413,0.013563992533717317,0.6654863605570414
30,6.35536562826971,-0.03990979811183948,0.39741872728238026,0.015042920483890665,0.5875383522337291
31,6.121568542776977,-0.012464155200897054,0.3280194968755301,0.014632822713529947,0.6573476804109399
32,6.748091708426344,0.16680301498445083,0.4085510491212589,0.005647294105826817,0.5858016567729143
33,5.686797665931271,0.02828316897721539,0.330772659965185,0.007537174869922447,0.6616901651648925
34,5.622872910213427,0.005636373557436514,0.3301891554924707,0.013079417730433807,0.6567314267770955
35,5.514685567938194,-0.04041341040677615,0.3281512562190277,0.010699483714512736,0.6611492600664596
36,6.319045358679518,0.12435611505227939,0.34954447621238033,0.006097452483928845,0.6443580713036908
37,5.5383488201832805,-0.047180269088666904,0.33000041223040594,0.011669001302439475,0.6583305864671546
38,6.217831254867391,0.1365888520922116,0.3496257847326917,0.009813564338541303,0.640560650928767
39,6.408947657374592,0.12180796426172513,0.36253583030044084,0.004315681705618413,0.6331484879939407
40,6.38615018582636,0.20855337490385661,0.3662480323118547,0.0056709769892572814,0.628080990698888
41,5.865718972365438,-0.015372467242221965,0.3208281934584699,0.007250746780508632,0.6719210597610215
42,6.429874416020883,-0.07404561669799214,0.37824197765723794,0.00871913040092126,0.6130388919418408
43,6.328103941570417,0.047048235365583224,0.3323771386376803,0.004729961828369322,0.6628928995339504
44,5.285678280982564,0.08761456518346833,0.29381627776868435,0.0025302739244624783,0.7036534483068532
45,6.1504757087503314,0.23743790460160064,0.33285370426541405,0.0042112978662358636,0.6629349978683501
46,5.6505755874356565,-0.006294219569809911,0.35630580662587413,0.010792238714264657,0.6329019546598612
47,5.965037706866624,0.10570527255064999,0.347637030432293,0.00372531199386239,0.6486376575738446
48,5.5013345813197745,0.0678962890343584,0.33566981968303855,0.0032987624611933164,0.6610314178557681
49,5.825748836697001,0.09419857059138081,0.3259597736880742,0.0008787151443235275,0.6731615111676023
50,6.243922880433828,0.11343011014646365,0.35000200760894873,0.0020423923304450087,0.6479556000606063
51,6.608399615787165,0.09132169566873571,0.38065057921278933,0.007422470874207443,0.6119269499130032
52,7.075408945182279,0.14524185864793715,0.40571428145450056,0.0037993536928146443,0.5904863648526848
53,7.171445356078964,0.2811357271876993,0.3886587179519847,0.006247956655929365,0.6050933253920859
54,6.025006863693651,0.13621981748354717,0.34012998941783146,0.0045292430216610224,0.6553407675605075
55,6.143533721334887,0.03577574637414127,0.34065410051130196,0.009297090228923777,0.6500488092597743
56,6.09205741222312,0.07407238113457737,0.3748794366796792,0.00967712770367507,0.6154434356166457
57,5.866211181090849,0.023413800977810872,0.3234499653749656,0.011350599248113324,0.665199435376921
58,5.77015510861161,0.09052434904288287,0.3547947911723682,0.010926208269861959,0.6342790005577699
59,5.770135204476107,0.08887193768516077,0.29615901198289335,0.0030401466307946046,0.700800841386312
60,6.0508527568659725,-0.12428428881466758,0.3638759085283797,0.021288671007402393,0.6148354204642179
61,6.235235514883652,-0.08801422694517935,0.3790011859277582,0.012883967217783843,0.6081148468544579
62,6.535264116595728,0.17312062123464056,0.3594881930924603,0.006672609804020957,0.6338391971035188
63,6.026201436848761,0.3650149542269574,0.3012807684429746,0.011577326569033208,0.6871419049879922
64,5.895558104474621,-0.05278689336528952,0.3218588998748785,0.012585794471584366,0.6655553056535372
65,6.428006947569662,0.08474500471861646,0.3663911936835576,0.012334720007045441,0.621274086309397
66,6.759052069639379,0.08477837586344261,0.37005071226314207,0.00572866717189241,0.6242206205649655
67,6.854998461157413,0.13370996912997324,0.3944158907109712,0.009478280658694771,0.596105828630334
68,5.9430185716915105,-0.07991470807619105,0.33492693855286215,0.01270628971145471,0.6523667717356831
69,6.505872895629623,-0.02713959535609245,0.3988815491119134,0.014104412972354985,0.5870140379157316
70,6.086004873380167,0.010671219487748296,0.3545941393439009,0.009457456615819704,0.6359484040402794
71,6.031423958350697,0.018541374683349154,0.3651261751261274,0.010286807961707833,0.6245870169121648
72,6.494577149352666,0.13889471193564695,0.3716166132714898,0.0046614863343842905,0.6237219003941259
73,5.989652534836267,0.09951592531417486,0.3559505207180766,0.003441576511663491,0.6406079027702599
74,6.246319337951089,0.2879482289425219,0.34420286798128874,0.007358489364372445,0.6484386426543388
75,5.711395995608824,0.12979558079551623,0.3154097302568895,0.0043649029273503115,0.6802253668157602
76,6.456714153743806,0.13129776996011522,0.39221757420072484,0.0068081045113354555,0.6009743212879397
77,6.098126820806019,0.2792013327458749,0.32878628918265307,0.0068965712740358676,0.6643171395433111
78,5.804187312301006,0.1056687756010346,0.34483704397811193,0.0071917689397408835,0.6479711870821472
79,6.083341068585872,0.09473156351225143,0.3655502349139106,0.006248607860473654,0.6282011572256158
80,6.3833664979609,-0.06138256652686902,0.3464565283366337,0.016507029031605225,0.6370364426317611
81,6.70021523035269,0.1364049701065584,0.3581705695399617,0.0035092674051401818,0.6383201630548981
82,6.204817636591267,0.11669205756621448,0.3559061865722455,0.005871364656158007,0.6382224487715965
83,6.57156818384964,0.05366275098786755,0.3249227345381826,0.0063771014203991006,0.6687001640414183
84,5.390914941346438,0.13306537301686916,0.2871638927115905,0.003020094458364264,0.7098160128300453
85,7.252028407450986,0.41575638195865405,0.3899990516540261,0.012572748382084276,0.5974281999638896
86,6.818515637476834,0.12060271115353505,0.39431297947980887,0.006104794516870904,0.5995822260033202
87,6.797559757036051,0.04038849086966234,0.3826076934662941,0.005173009716141208,0.6122192968175647
88,6.367490212673598,0.0898994888962763,0.3357315835687061,0.0059339531221716535,0.6583344633091223
89,6.672757596015536,0.24038870585753003,0.32996095535234093,0.004814613234530807,0.6652244314131283
90,5.3614110528634935,0.021782436634183888,0.28893169681407754,0.004573078056612945,0.7064952251293095
91,5.807170823454628,0.09444290971083724,0.32805612255093747,0.013797704283874557,0.658146173165188
92,6.634067449415826,0.0623496889132662,0.37060232757887174,0.0038885062586452857,0.625509166162483
93,7.009697027880372,0.17725502241649949,0.4016377371609016,0.00496711968550495,0.5933951431535934
94,6.315813959296279,0.1394395127280701,0.33457148613787846,0.004324754046318047,0.6611037598158035
95,6.413805003502917,0.07074864750121534,0.35534636196067376,0.00809757927022009,0.6365560587691061
96,7.121501433252684,-0.018346826346445688,0.4333842195894114,0.015530430955956964,0.5510853494546316
97,5.753154092823502,0.03268394956554843,0.34553325184815886,0.005420210420628679,0.6490465377312125
98,5.75478715698766,0.22696312036027777,0.3561509368592683,0.004848981510488792,0.6390000816302429
99,5.875668223614781,0.14391641442274494,0.32132575189466045,0.005726069906444697,0.6729481781988949
100,6.885582989457796,0.09810576161249074,0.3492989147014124,0.006881325587017262,0.6438197597115703
101,6.971726954922302,0.19257516482574388,0.4012515468322307,0.006554678116497736,0.5921937750512716
102,6.081875614482024,0.06800588314618139,0.3570403740222639,0.00463158675345271,0.6383280392242834
103,6.5193898946406,0.09830656946734972,0.37235615734794597,0.010236497214318574,0.6174073454377355
104,5.092286603625037,0.04357475541128242,0.2955831063759803,0.00787012785840413,0.6965467657656156
105,6.19505850357007,0.07432585559474969,0.37102355199501547,0.008754444126038763,0.6202220038789458
106,5.564996954494252,-0.14991638334506696,0.31297966556217155,0.01878740317460076,0.6682329312632277
107,6.774265438928448,-0.15928989602736543,0.34094126936138847,0.029020410979554656,0.6300383196590569
108,5.441375224588854,0.13316913453839163,0.34098536005343627,0.011998051742399873,0.6470165882041639
109,6.321982777956244,-0.11181174286864426,0.3446852312695185,0.018585556569890305,0.6367292121605912
110,5.55657223823233,-0.07903953832566035,0.287110452608004,0.011201292080265157,0.7016882553117308
111,5.479003586410546,-0.05510148654619851,0.35930160676741746,0.020202130371727522,0.620496262860855
112,5.91375657100365,-0.015020865165784159,0.33903827841301487,0.009339604049334593,0.6516221175376505
113,5.741986450912953,-0.02354442175771787,0.29143606288712226,0.011444531107943912,0.6971194060049338
114,4.997487406202481,-0.08289770874461233,0.30680339869802253,0.01646713261380206,0.6767294686881754
115,6.236431884112793,-0.0033186951711021706,0.387533131522082,0.008320986253971041,0.6041458822239469
116,6.456726881680197,0.1562857271211291,0.36491060754330934,0.006481708130990527,0.6286076843257001
117,7.0181946245845594,0.06320928989679775,0.3428565990264406,0.00805463640928783,0.6490887645642716
118,6.498420585562334,0.041405938398564324,0.346406933258888,0.007290576132438942,0.6463024906086731
119,6.310179587779926,0.03883583299474225,0.32836233568231393,0.002433335063428077,0.669204329254258
120,6.5815775687007845,0.04453126722070522,0.3998607385817007,0.010988769873049642,0.5891504915452497
121,5.811491770835538,0.14338273085936049,0.3755106992245233,0.008800092804075899,0.6156892079714008
122,5.947000444752936,0.049159712141571,0.31374083383094165,0.007629800481357973,0.6786293656877004
123,6.126193293246259,0.0580171667671463,0.3266773741433745,0.004977035925147977,0.6683455899314775
124,5.64275372888685,0.07655537998572459,0.30909687438439304,0.005983334898732928,0.684919790716874
125,7.414210404038445,0.2279072726425193,0.39468609384222986,0.010295368438486663,0.5950185377192835
126,6.256135166254982,0.06157170225720332,0.33387587949414504,0.005189607014947251,0.6609345134909077
127,6.405539488903794,0.3144175693972313,0.327788218886531,0.008128473301245664,0.6640833078122234
128,6.20117398124668,0.03862847275029235,0.30599119010791515,0.009118872457872407,0.6848899374342124
129,6.717780768638626,0.25009647490587916,0.377987900453506,0.006687567489815527,0.6153245320566785
130,6.017012471926623,0.06364053160241046,0.37926074795865533,0.011881430273183391,0.6088578217681613
131,6.539577734039633,-0.0822999759824583,0.3619442046408591,0.02543482571950395,0.612620969639637
132,6.135191948572453,0.08264500274643272,0.3287433868404566,0.0020788232463692657,0.6691777899131741
133,6.120031679775392,0.06871842056130095,0.33828419280428923,0.00551068418617473,0.656205123009536
134,6.496431866486026,0.08869733780336198,0.3489919294826522,0.007061276953358175,0.6439467935639897
135,5.556362216449288,0.05446701881876681,0.3187429232155998,0.006642318000083858,0.6746147587843163
136,5.713724239061683,0.012002407743811894,0.311180336961437,0.014008819665324523,0.6748108433732385
137,5.975247449959235,0.02641714495143077,0.3808729074088025,0.0107902776917847,0.6083368148994128
138,6.262377558760653,0.012850008480737252,0.38444776388116164,0.01354689731693337,0.602005338801905
139,5.933896846302464,-0.03570475228951775,0.33076359933831256,0.004815064294316218,0.6644213363673712
140,6.995190431984771,0.08658125427032726,0.3567733924909843,0.012071263914169683,0.631155343594846
141,5.771760617252795,-0.04641142036637458,0.3420996513380304,0.017126390743784803,0.6407739579181848
142,6.235336149475112,0.017894131466508867,0.39172291533402487,0.011341157675553715,0.5969359269904214
143,6.775526029448987,0.11252786925161118,0.37348362294246706,0.004927035336587671,0.6215893417209453
144,6.15057294845719,-0.07812979969300038,0.345165936180141,0.012188781478914112,0.6426452823409449
145,5.925702606552966,0.17672988529092315,0.30626189374312235,0.007628502819353844,0.6861096034375238
146,6.585841601790695,0.13168538067074564,0.3575433580465909,0.005565833888180882,0.6368908080652282
147,5.11792416191955,-0.028878521966789528,0.280102931794567,0.011210670595116157,0.7086863976103168
148,5.71633279551665,-0.03261839155820301,0.31032384205946895,0.01041848323228256,0.6792576747082485
149,5.961040967896314,-0.033819193787839374,0.32162109391094845,0.011256021838811858,0.6671228842502397
150,5.990907224134192,0.0015943695542839365,0.32524242817503374,0.012574149514194055,0.6621834223107722
151,6.431019930944404,0.015229021593277103,0.34765118559814867,0.00800080853742069,0.6443480058644306
152,6.168965438439601,0.059844446546970076,0.378235168439265,0.006376570733595044,0.6153882608271399
153,6.088939589581835,0.22455721863529643,0.33838860244733643,0.005791713950503319,0.6558196836021603
154,6.1690895817688505,0.06640406675399202,0.364299275513586,0.006130279783456483,0.6295704447029575
155,6.939158387818178,-0.0493556298604334,0.37418409787533047,0.004986552254370835,0.6208293498702987
156,6.956761209421436,0.020878368565091954,0.4236915683932568,0.00908885122360198,0.5672195803831412
157,5.217128430250947,0.06104353692799158,0.29901963558562444,0.007582077528468345,0.6933982868859072
158,6.040021255966664,0.01385165238188435,0.34060400835885585,0.006241173749855888,0.6531548178912883
159,5.822627629404307,0.09043950034432235,0.3630731725104674,0.01168902081807116,0.6252378066714614
160,6.190416148426925,0.040212645815152825,0.32582982128695714,0.009217263589880398,0.6649529151231625
161,6.565203558125274,0.16165679402554556,0.3577110696808813,0.004113115290989899,0.6381758150281288
162,5.359676625587031,-0.16559184220599832,0.2940541649411125,0.026616604987521164,0.6793292300713664
163,7.166505414809668,-0.044618882797216486,0.419452825286953,0.021801552417194003,0.558745622295853
164,5.972104985760597,0.11417822010880663,0.3317846919428492,0.005381168412517678,0.6628341396446331
165,6.121492343777171,0.04954089276885654,0.34730018758138187,0.010463900427919393,0.6422359119906987
166,5.807279027020554,-0.020901720170329874,0.35388090323835414,0.008027567102819988,0.6380915296588259
167,7.16926769154569,0.11827886401432419,0.41303033869683753,0.005564270932792492,0.58140539037037
168,6.169945164446148,0.06845767671333913,0.36954339944670156,0.00993826476903592,0.6205183357842625
169,6.715374869192902,0.08591906908215563,0.3598403868445265,0.01519396267776102,0.6249656504777125
170,5.304062458899016,0.070130794846051,0.26765108581194796,0.0006608003651422667,0.7316881138229098
171,5.633671538736869,-0.07420407845374566,0.341996779005031,0.017168800412568075,0.6408344205824009
172,6.730798613667917,0.09036370412557915,0.321258922483849,0.005720191667713093,0.6730208858484379
173,6.2360577322546895,0.2550093933718509,0.33288390728634837,0.007692320613657266,0.6594237720999944
174,6.439634245003965,0.16743987815488381,0.33280807283747776,0.0028413662617118862,0.6643505609008103
175,6.284738684626637,0.2437176884238772,0.32476142959709636,0.0051953754147687214,0.6700431949881349
176,6.150166871887992,-0.018858357719729213,0.35789070598236905,0.00769565237240788,0.6344136416452231
177,7.001034377954548,0.059739598793907334,0.4233671775028105,0.005766264843635849,0.5708665576535537
178,6.163264126279006,-0.12098262902728063,0.376976867874608,0.0256351752650697,0.5973879568603223
179,6.419298224229794,0.08099823781484794,0.3548994067394682,0.007858204202927266,0.6372423890576046
180,6.122894599169277,0.07053750798464087,0.3491502991303115,0.006534400483959035,0.6443153003857295
181,5.0762444494583,0.11196055205986966,0.27281222809713823,0.0015930976031474087,0.7255946742997144
182,7.464157845225702,0.12011074436981595,0.38586879169458715,0.010543288838252673,0.6035879194671602
183,6.207594735057471,0.04016299239315657,0.36473974271703574,0.005804568919572317,0.6294556883633919
184,7.323562870474489,0.13942581882536054,0.3369395748322518,0.003305293060654413,0.6597551321070938
185,6.119062063983074,0.08586519871069154,0.39386316100693275,0.007109588207415363,0.5990272507856519
186,5.5654266135622805,-0.08629991808252502,0.34181495153811614,0.017088678549617042,0.6410963699122668
187,5.74169869478603,0.13242866990515267,0.3258713462677264,0.004654771662877533,0.6694738820693961
188,5.791974204924305,0.12832021113651404,0.3470670729081562,0.0034680339265246163,0.6494648931653192
189,5.708624415731987,0.0697152733033839,0.36515786734677647,0.004273089430094967,0.6305690432231286
190,6.666767904801607,0.07905914511539347,0.36622868050866575,0.01068511059052657,0.6230862089008077
191,6.049581479727709,0.008829650020744317,0.3455119767516298,0.005962164525615932,0.6485258587227543
192,6.599646784400865,0.0594507716518482,0.3543073536379121,0.005240194419151134,0.6404524519429368
193,7.041648655975454,0.00438649008422054,0.36895358467380956,0.00907680632157426,0.6219696090046162
194,5.956013756582388,-0.08902225565600119,0.33386714737178963,0.017122814614598136,0.6490100380136122
195,5.289244786935969,0.12231908750697595,0.2637511647020535,0.0029583145548901513,0.7332905207430563
196,5.738934148856508,0.15037289845436774,0.35115753655440846,0.00510241671015671,0.6437400467354348
197,5.606866599104217,-0.013940602898543375,0.2971655974500605,0.007158474060023401,0.6956759284899161
198,6.637078323919288,0.09635147518152731,0.3696960817198899,0.010870390681572473,0.6194335275985376
199,5.417207218881603,-0.01731329574885887,0.3063350305505172,0.016429930853212482,0.6772350385962703
200,6.395558260034196,-0.10253465024936936,0.34395002568133654,0.014687724833749971,0.6413622494849135
201,6.5187145437449185,0.05501892173495726,0.3769145151571294,0.005910904852609644,0.6171745799902609
202,5.89939093392287,-0.2771528036810036,0.3812749877426139,0.04949102274304373,0.5692339895143423
203,6.392116445274588,0.0758017981040009,0.33167467801402545,0.005626177447576819,0.6626991445383977
204,6.728507196307693,0.20847977031122067,0.3605092082829503,0.004623307822332223,0.6348674838947175
205,6.963847836478229,0.2035670103192624,0.3707957197509763,0.010936368660203921,0.6182679115888198
206,5.7562078927989955,0.09538832526851504,0.29831531754616186,0.007989293129261832,0.6936953893245763
207,5.8335600503192735,0.052356940462848556,0.34757558841618147,0.006811206300289252,0.6456132052835293
208,5.925022609636972,-0.1773094961515289,0.3248868502947688,0.020813831167205032,0.6542993185380261
209,6.369505289622947,0.12598827145695868,0.3127828916348181,0.0020668411229352035,0.6851502672422467
210,5.728460887604725,0.08536196471894364,0.35380436908667723,0.0018423331636843177,0.6443532977496385
211,6.322206352687374,0.4818508157765944,0.32932844989141385,0.02091213908657019,0.649759411022016
212,5.726772208164583,0.11170895823787941,0.32461227596907644,0.003940371799997566,0.671447352230926
213,6.5188163912848385,0.05042003276716489,0.3879088828055613,0.004706967728864864,0.6073841494655738
214,6.805973469353917,0.16159834699175857,0.36365435907791954,0.002861858743427037,0.6334837821786534
215,6.186761289843115,-0.05812629171001227,0.348354728987685,0.011172608332642608,0.6404726626796724
216,6.518089961247175,0.0027869561971813894,0.3553920768068778,0.011776883600331245,0.632831039592791
217,6.45495974914169,0.18166545053640615,0.3514185432227525,0.006920856011825516,0.641660600765422
218,5.483252677944179,-0.04298257367754221,0.3059758917340781,0.017277156513201553,0.6767469517527204
219,6.450559307936417,0.1873155903161372,0.3440219954333676,0.005216442680082423,0.65076156188655
220,6.24150938370722,0.024370729712048345,0.38902990385714087,0.008837757117861278,0.6021323390249979
221,6.55384217605442,0.013572688520852694,0.3559062229619918,0.00909855641445989,0.6349952206235483
222,6.219850686839958,0.021516340707267823,0.3590281890725529,0.010581094248606593,0.6303907166788405
223,5.359877457237013,0.05220516737095071,0.3171368986127755,0.006737559839185003,0.6761255415480395
224,6.427516197160448,0.08386727658136017,0.33499856433683217,0.0035210570905555016,0.6614803785726123
225,6.313637541431875,0.1711360111200797,0.36651029458083584,0.00776816711143824,0.6257215383077259
226,6.8442371347263204,0.06775922133457613,0.3943326142801614,0.011791161909286418,0.5938762238105522
227,5.9483193688017,0.02872026540488104,0.3516172627057403,0.010299955176847841,0.6380827821174119
228,6.015345397514814,0.10918684312372395,0.3452529526750984,0.009497235507866797,0.6452498118170348
229,6.687807286410278,0.23873933439255612,0.3643764396587115,0.005058064305934085,0.6305654960353544
230,6.086146027987121,0.06607730978021742,0.3127173169691414,0.0058551376818096745,0.6814275453490489
231,6.468925455343871,0.1684357308337443,0.3498843428084156,0.007640257453695898,0.6424753997378885
232,5.82757325671567,0.029142498818896634,0.35143487916904237,0.004207848589644403,0.6443572722413132
233,6.057653617673905,0.09015704936148161,0.3503443082259071,0.0060789729288265315,0.6435767188452663
234,6.957734335091381,0.12289000823983542,0.3962303529535295,0.008810261558009347,0.5949593854884612
235,6.03313833618889,0.045231104669500866,0.3473519566779948,0.0029941207544523785,0.6496539225675528
236,5.940527568222898,0.15688846885943963,0.3514887481524085,0.005548311003646833,0.6429629408439447
237,6.327733836580813,0.10340874902721442,0.357322052407192,0.006756232387062633,0.6359217152057454
238,7.423969986571984,0.04834247755449983,0.4200005655455839,0.013543649844057815,0.5664557846103583
239,6.682948007163644,0.02313344700618991,0.36427251842334313,0.011903525863818654,0.6238239557128382
240,5.838748809280282,0.10448432371171634,0.34288711574392583,0.009533639700308294,0.6475792445557659
241,6.751321097029656,0.1899987259997511,0.34916575787207027,0.007300251608013619,0.6435339905199161
242,5.60925614583871,0.1073365621802056,0.30131253298672606,0.0019228936057222312,0.6967645734075517
243,5.95480721159513,0.019465625575461054,0.3404607165180786,0.0076907751342447095,0.6518485083476767
244,5.563729911227921,0.204188728135545,0.3353307378250939,0.006067476872845479,0.6586017853020606
245,5.843864642711702,-0.08991467509377937,0.32864270989783645,0.009252910395431913,0.6621043797067316
246,6.025555814239721,0.10531860527155601,0.3725115238839154,0.008849566827080602,0.618638909289004
247,6.272448299576384,0.1157984513743111,0.38109070215142615,0.013360096810345556,0.6055492010382283
248,6.054024948944655,0.25789506254173755,0.3056260680316825,0.0056498553733775325,0.68872407659494
249,6.443897404913359,0.08479590951391014,0.3606220495721017,0.007414129657742408,0.6319638207701559
250,6.001106104826787,0.1815027575836643,0.3698863186033668,0.003633845457937712,0.6264798359386955
251,6.4438202624305525,0.13637250143827462,0.34407691592502937,0.006529070729872355,0.6493940133450983
252,6.209122588917315,0.09284767021577434,0.3397084049536041,0.004149886563389438,0.6561417084830065
253,6.8510167024126645,0.19131454872345177,0.3493369507808967,0.0033329932761095304,0.6473300559429938
254,5.981042273508914,0.09288773870212186,0.3144135700646705,0.00805522503146383,0.6775312049038656
255,6.699993786254152,0.03262993529534697,0.33521934011645005,0.003285219585067445,0.6614954402984825
256,4.88751525747214,0.12480563085495167,0.29314207459238495,0.004366467344847691,0.7024914580627674
257,5.990320589856207,0.1955769342917586,0.3149291596263354,0.004223410766919011,0.6808474296067456
258,7.005430450779602,0.058638817455207715,0.4300559322126349,0.004989827668012536,0.5649542401193526
259,6.47800051514432,0.15635422091406959,0.3894766386164826,0.007450899773060071,0.6030724616104574
260,5.1050086564385975,-0.10630219228310178,0.28981485591545764,0.019381231784852293,0.6908039122996901
261,7.179362261301218,0.05505555784584981,0.4147798260977385,0.001392037038339844,0.5838281368639217
262,7.023185504424384,0.19944911983583058,0.33626423853656173,0.003922354804188899,0.6598134066592494
263,6.602304856331551,0.26512177758632216,0.3767734065622677,0.008039945780851154,0.6151866476568811
264,5.054433130648365,0.017273759691008195,0.2908738326469099,0.006761170472293743,0.7023649968807963
265,6.056002272254732,0.010473075063991644,0.3353675057418624,0.009466459872709054,0.6551660343854285
266,6.122992857548688,0.07034388927235202,0.3418548637366343,0.006688402980568275,0.6514567332827974
267,6.042684786711102,0.0728376253691545,0.35212046153866416,0.004048014930217336,0.6438315235311185
268,5.82462456645757,0.18834312200515857,0.34357542059328827,0.005880501262051641,0.6505440781446601
269,6.523558331890666,0.1770116380094695,0.34902153073398634,0.0069846740700136856,0.643993795196
270,6.1961699222271855,0.28864388840237254,0.3734614143284052,0.008975141621120342,0.6175634440504745
271,5.7190323948943735,0.30417601213559387,0.2786911915809015,0.010436664102825177,0.7108721443162733
272,5.548826648571289,0.003892659744626492,0.3321089720986772,0.0115934876138446,0.6562975402874782
273,7.0259939601376695,0.16573589969384894,0.43370340271169217,0.008943806163862034,0.5573527911244458
274,6.456559663000688,-0.08102754651539712,0.35378496349884964,0.014920192180231162,0.6312948443209192
275,6.660375702653813,0.18511701456956153,0.3898329210672073,0.0050155044325385645,0.6051515745002541
276,6.6005287839442826,0.20465067075405408,0.322667209097477,0.005986890638998987,0.671345900263524
277,7.090395535046209,0.1932235051220701,0.3845355430563706,0.003921696625992177,0.6115427603176372
278,6.081576348680741,0.018906398061180774,0.3666262139930397,0.009702256273820764,0.6236715297331396
279,6.956303147169521,0.1104307437520653,0.3881370501848926,0.004073529988474378,0.607789419826633
280,6.3984961028084975,0.12180075303418914,0.3559178511356335,0.0035212755750449465,0.6405608732893215
281,6.187716974917778,-0.11039677756783206,0.3462196220297892,0.021842948797141215,0.6319374291730696
282,7.1550279125803,0.1818330914485502,0.38387526487656354,0.005473891107290574,0.6106508440161459
283,6.286061126019357,0.03381540660677462,0.3832704972943806,0.012501531461958038,0.6042279712436613
284,6.462938609538609,0.05819669059695176,0.34811328994464125,0.010748784427006053,0.6411379256283527
285,5.280962670433185,0.02692493333122936,0.3102685057454107,0.008637439692595172,0.6810940545619941
286,5.9051799334583865,0.055670168093666206,0.3407734902688588,0.011095631501372438,0.6481308782297688
287,6.082973826313352,-0.024423738789399074,0.3640645289914957,0.01496148694572913,0.6209739840627752
288,6.312601940346981,-0.1286346088661734,0.3757237306919331,0.024343177678173067,0.5999330916298938
289,5.741399728973248,0.13777212538639194,0.3038937023536338,0.003938220916227975,0.6921680767301382
290,5.516069392343957,0.09348606721876696,0.3367699877370528,0.005609733641738557,0.6576202786212086
291,6.951703012647918,0.16641926382987826,0.35364968073828407,0.0031392825795698576,0.6432110366821461
292,5.001707199773201,-0.009528825842604505,0.2890154424899092,0.010577385228935254,0.7004071722811556
293,5.642517236519979,0.017262947277216334,0.34972183701662896,0.017568352603845483,0.6327098103795256
294,6.767007167267952,0.10652892594709318,0.39378282653082647,0.003186115548863999,0.6030310579203095
295,6.9969862734323405,0.3068529084506322,0.3702397672387238,0.008314522492619603,0.6214457102686566
296,6.067190457012408,0.03235947174441911,0.32335928378791673,0.01620389890580959,0.6604368173062737
297,6.530790599400604,0.023009363772401592,0.39256407012766403,0.008533579815331094,0.5989023500570049
298,5.2462050224033785,0.11051672692289127,0.2883087038762257,0.0032609884285213497,0.708430307695253
299,6.924714183779982,-0.005935548025959747,0.3427807353883237,0.01324835962434584,0.6439709049873305
300,5.985361725510537,-0.007135257563391839,0.3151970984016307,0.004223877861925351,0.680579023736444
301,7.171672509145892,0.018509617405802814,0.386367008269518,0.010874409663320983,0.602758582067161
302,5.766223308527584,0.17570183512229942,0.3394304835801752,0.006689070012245335,0.6538804464075795
303,6.286597004168798,0.08153243321660497,0.3551547324263265,0.005832262281599665,0.6390130052920738
304,6.128735358075093,0.08530507335655102,0.3546604671306966,0.015183901862117322,0.6301556310071861
305,6.360689033553329,-0.013109724505421028,0.3329268614287335,0.009633523578783443,0.657439614992483
306,6.049339262837579,0.19492291640422543,0.3284038338568555,0.00375712668722733,0.6678390394559172
307,5.769975254654786,-0.04278025176060396,0.3678803957899326,0.021241527693937834,0.6108780765161296
308,5.60436778111418,-0.06740627937845467,0.31450523887957105,0.010095573377762679,0.6753991877426663
309,6.7875816117330485,0.21427694367322037,0.3774773873107869,0.006938115786750798,0.6155844969024623
310,6.797719663442945,-0.11281587318569031,0.3640812714079621,0.017990777682562742,0.6179279509094752
311,6.505554075648568,-0.14699299800727328,0.41245221881232885,0.0187058890700339,0.5688418921176372
312,5.578109311274822,0.014121697495642849,0.3246428756625971,0.010063025236119127,0.6652940991012838
313,7.447927898113693,0.0773145559837296,0.4149675167965339,0.010659483721332297,0.5743729994821338
314,6.167151896296508,0.02234373638855125,0.35434669446940475,0.011844232895353246,0.633809072635242
315,6.638933195896035,0.13318584796535138,0.35219760106539294,0.011360419726812065,0.636441979207795
316,5.867647826766127,-0.0948444588050803,0.3519720977796131,0.010011458226233783,0.6380164439941531
317,5.424086596718134,-0.08069889140924769,0.31097438129024846,0.018716704952230212,0.6703089137575213
318,5.592500800682977,-0.17524283100182103,0.33960134979944046,0.025477582359267115,0.6349210678412924
319,5.90007343172184,0.17669474224444226,0.3380673501026097,0.005690958314016004,0.6562416915833743
320,6.513029313567937,0.16890092645198518,0.36250783539926196,0.008848812088735947,0.6286433525120021
321,6.118006237994558,-0.02420367351213759,0.3768697394028354,0.008642085880999129,0.6144881747161655
322,6.623192841781173,0.30050864353637863,0.3741634925721243,0.008169887641802098,0.6176666197860736
323,5.683102520430337,-0.030018380612549578,0.344317879644261,0.011024246926710057,0.6446578734290289
324,6.44437186825953,0.15233014488038954,0.3822206703064225,0.013220640259208771,0.6045586894343687
325,6.562615459224848,0.18500865083063722,0.38489034970777314,0.00411028313530204,0.6109993671569248
326,6.094306382897489,-0.10516519901013588,0.35556628581217486,0.01609953916767537,0.6283341750201498
327,6.499147954219229,-0.046017109684945545,0.3484406403115329,0.013568339904840854,0.6379910197836263
328,6.755077090455019,0.17452624239697023,0.4045611970821307,0.004178625549594028,0.5912601773682753
329,5.532437185170506,0.11584612487540458,0.2532236419141192,0.001417429641774548,0.7453589284441062
330,5.935735663054965,0.056015397284639334,0.31108936430221107,0.007863296495665806,0.6810473392021231
331,6.824137758365864,0.21352161442993634,0.3759400931992989,0.004459786716525471,0.6196001200841756
332,6.460795293305917,0.16682708646221922,0.3333263958079137,0.005526108924612361,0.661147495267474
333,7.0433067589403,0.25332028666605577,0.44065400591147014,0.007901720198518258,0.5514442738900116
334,6.89613192864384,0.1497263017791184,0.3828979699451296,0.004069588073388863,0.6130324419814815
335,6.964894900602133,0.13465129139921306,0.39803621802134587,0.005697804972942866,0.5962659770057113
336,5.464756438809945,-0.04256820656734206,0.2864238024230533,0.009232600987866157,0.7043435965890805
337,6.836280867888715,0.1050612078421187,0.3888986087596411,0.008814051101569076,0.6022873401387898
338,5.69905204424667,-0.04069555229410948,0.3349597582074866,0.007150904045057804,0.6578893377474556
339,6.081841014456195,0.006457480351959255,0.3179026973032818,0.0072162757934790545,0.6748810269032391
340,6.247859801652941,-0.04602494759978626,0.4014762363036266,0.013401244651863653,0.5851225190445097
341,6.405021280038516,0.07929167946614957,0.3512027693494659,0.0026280487669663177,0.6461691818835678
342,5.633331173719316,0.09442994511555902,0.30493515083245265,0.005851561168494779,0.6892132879990526
343,5.8535501739267515,-0.029016386322100907,0.3414642692877481,0.011259096609452013,0.6472766341027999
344,5.447615810747152,0.042990242925897704,0.3467275295514655,0.012417296263251776,0.6408551741852827
345,6.52303931884285,0.07411601636992948,0.36104597591341353,0.006531295373970181,0.6324227287126163
346,6.028673527049906,0.014862622751889987,0.36962432300810383,0.004781357829828081,0.6255943191620681
347,5.621334372741542,0.21679811416259565,0.3147210482029908,0.006524877225400683,0.6787540745716085
348,6.917845013656548,-0.042390749300945885,0.37123271267171026,0.01601267048469529,0.6127546168435944
349,5.73003088129335,0.029286664859109024,0.3132719644006377,0.005844625091312616,0.6808834105080497
350,5.424137595714486,-0.030261293995765826,0.31909643740619503,0.020442940931780618,0.6604606216620243
351,5.877417886957916,0.2230877831194631,0.32334005856080006,0.004962193370808499,0.6716977480683914
352,6.964061200987876,-0.10413437061976616,0.3066319533125122,0.015013643373489816,0.678354403313998
353,5.613139387689739,-0.015005178877192549,0.331527988256055,0.00961058910620316,0.6588614226377418
354,6.011706243182907,0.10176918633572107,0.3683764461624869,0.006191452056364621,0.6254321017811485
355,6.01618171214919,-0.0752739612257507,0.31396131304729624,0.01031926609797107,0.6757194208547327
356,6.621057632416226,0.2779020013878366,0.33798012320121407,0.0068813674464889285,0.655138509352297
357,6.491139464858362,0.2098881456457038,0.33739836678753243,0.009907639455876915,0.6526939937565907
358,5.740710288115255,-0.046180905530144756,0.3848015745973498,0.0128427808454607,0.6023556445571895
359,6.407570093488202,-0.10484442941173544,0.3194310234163068,0.021493620841178007,0.6590753557425152
360,6.8971904959024615,0.07459710387646545,0.38524244117339623,0.006672753075093851,0.6080848057515099
361,5.898142421823897,0.0732200011139783,0.32342741195024927,0.005123093829539682,0.671449494220211
362,6.369931474728834,0.10874629436402472,0.38060219953121005,0.007832714908901528,0.6115650855598884
363,5.992089434655955,0.13221768385908028,0.38288921554787153,0.00503803745872905,0.6120727469933994
364,5.41657544973565,-0.11706845398761523,0.3018820877303649,0.01436117544650678,0.6837567368231283
365,6.287599315044823,0.00704417690511594,0.348783572096778,0.006262461804785402,0.6449539660984366
366,6.234459022908197,-0.017214174094237755,0.35992779428659144,0.009300721757723729,0.6307714839556848
367,6.1804002277595895,0.041985195203229964,0.34434912667150974,0.011349606886652652,0.6443012664418376
368,6.856569054412325,0.2786012821014019,0.37618524819716254,0.00708802195785746,0.61672672984498
369,5.89243634897354,0.04559478245716253,0.32010651642450816,0.007144276825635898,0.6727492067498559
370,6.3474292045432605,0.17933191560502326,0.32896229761612955,0.005933601740811312,0.6651041006430591
371,6.7070795029325545,0.07778702468843068,0.37201833059922956,0.00940543695280266,0.6185762324479678
372,6.5175832857877785,0.1586543391941433,0.38060108245361285,0.00954693206561269,0.6098519854807745
373,5.2446274377343025,-0.10759166485055349,0.30485683824808246,0.017313736544482927,0.6778294252074346
374,6.1804281778668795,-0.08692217064715457,0.34610953987980353,0.016102153544906628,0.6377883065752898
375,7.205470161577926,0.06541574018519736,0.358087060797699,0.005082261210814509,0.6368306779914865
376,6.980297731951553,0.17714484669490194,0.37291760815475755,0.006677289016345178,0.6204051028288973
377,6.061529959007407,0.06427840588030431,0.36753949446075485,0.009690357997884647,0.6227701475413605
378,5.847381097501197,-0.06731495743613714,0.3332577025802089,0.016895485652540954,0.6498468117672501
379,6.552020911750861,0.09023009356018541,0.38598221023395424,0.006456490851386831,0.6075612989146589
380,6.180889841348392,-0.05240630628197085,0.2984227967595523,0.010086896447497273,0.6914903067929504
381,5.302888036238158,-0.04290524694773534,0.2653230392874532,0.0065781755374133,0.7280987851751335
382,5.849526641982052,0.061214300478948935,0.33393143878968495,0.006597835287007581,0.6594707259233075
383,6.478355266362005,0.10418682540728419,0.38179325685778986,0.011487490396157263,0.6067192527460529
384,5.9847077940219675,-0.06350908799287058,0.36394032029698486,0.012457808083944144,0.623601871619071
385,6.10463258317124,0.04417174520056033,0.31905553889357174,0.005205841962762192,0.6757386191436661
386,6.234380829761104,0.1802669332558544,0.3470698277897928,0.0038106924566039257,0.6491194797536033
387,7.220857238012746,0.27049110013853994,0.383719244670573,0.006238030282483098,0.6100427250469439
388,5.43919268020644,-0.06841036264276035,0.35618843116280613,0.021171108813432926,0.6226404600237609
389,6.506715899052266,-0.020379027561481244,0.3821426879388052,0.013059199408759825,0.604798112652435
390,6.597023502512027,0.18177354003591528,0.3591603395178722,0.004110477036769478,0.6367291834453583
391,6.158322400103204,0.1567793441110119,0.36854638430734377,0.005184546985207428,0.6262690687074488
392,6.937495326675901,0.03906448635825743,0.3980149149891727,0.008618223099579658,0.5933668619112477
393,6.137065188620813,-0.06901807229994716,0.37236746986356534,0.016337130976845138,0.6112953991595895
394,6.120219927160083,0.006418242889569825,0.3385256842267481,0.005412418097016869,0.656061897676235
395,7.4916274719087665,0.26199866779474945,0.400560912494493,0.00673967150861543,0.5926994159968916
396,7.03289508848707,0.16789310065834417,0.3903811905261358,0.005617258691236804,0.6040015507826274
397,6.014256173539314,0.1242827734723777,0.2865977942049286,0.0041982772457253015,0.7092039285493461
398,6.068623632558611,0.03893520262984129,0.3157891774974444,0.007206153303517704,0.6770046691990379
399,6.449265718663659,0.10074625552959482,0.32894719172541964,0.0031290844258464734,0.6679237238487339
400,7.25862299572302,0.10755055500775956,0.4328178077058658,0.003785811002192274,0.5633963812919419
401,5.92029996429475,-0.002312238726553062,0.3146482993699356,0.008161017628505907,0.6771906830015585
402,5.401099446822778,-0.014837192096091023,0.3551257943249013,0.012832455579194435,0.6320417500959042
403,5.584662189673572,0.20752405601092505,0.2960077260271878,0.004768874789475908,0.6992233991833363
404,6.009963374681414,0.08472292727928288,0.35331131453309916,0.002807989667579447,0.6438806957993214
405,5.611937598430785,0.03310431194524455,0.3089777449031013,0.0066772751329280955,0.6843449799639706
406,5.5255461688517755,-0.03752298628820672,0.31823242170212585,0.014208686571754003,0.6675588917261202
407,5.6104874448448605,0.020304631290096964,0.34875795437245427,0.0048169477217728796,0.6464250979057728
408,5.623874983432016,0.12788561022082945,0.32500361077870327,0.005596327444389593,0.6694000617769071
409,6.357394436949272,-0.03993567933325348,0.3545565654641715,0.011308731713215059,0.6341347028226134
410,7.369633024853261,0.07625968663601412,0.4083701792719198,0.0077318690955168745,0.5838979516325633
411,5.992002216594217,-0.037380075434692905,0.32233235727438786,0.005904806393856987,0.6717628363317552
412,6.837466166795019,0.14193125594541467,0.40217437346815244,0.005699397787494953,0.5921262287443526
413,5.602887457225418,0.049824022266042434,0.33306226061230904,0.0072678859229340365,0.6596698534647569
414,6.1389739201935365,-0.1371312564644409,0.32660814048836945,0.02630216170167804,0.6470896978099525
415,6.438158410183769,0.035621087853311195,0.33447157804079336,0.0043468681492052075,0.6611815538100014
416,5.876066467509206,-0.20977133027826778,0.36096660203260506,0.03921608772291757,0.5998173102444774
417,6.60877304484901,0.28493344245600394,0.33232982860284294,0.006515375981880289,0.6611547954152768
418,6.5947062497368725,0.09170585295200873,0.3551728739206715,0.013200291058280966,0.6316268350210476
419,5.497609552048849,-0.0495463044381097,0.3424733187777574,0.014294678240711678,0.6432320029815309
420,5.298404168017623,0.14515313529076757,0.3088699481080457,0.005447737419649434,0.6856823144723049
421,5.530808410036277,0.05374066728883076,0.29793085440557066,0.00839158953148067,0.6936775560629487
422,6.922873250128319,0.04650983986148294,0.3492968066388463,0.010226072871370562,0.6404771204897831
423,5.725796328509541,-0.10846790064138023,0.31266474849324716,0.01770238651040673,0.6696328649963461
424,6.210163261439571,0.21821318910716503,0.32245055389388916,0.0038419679464159473,0.6737074781596949
425,5.109966734987692,0.14001203279973407,0.28174290522883894,0.0054509500276284095,0.7128061447435327
426,6.351726198749633,0.12108760377934491,0.35649302058460847,0.004901901258754837,0.6386050781566367
427,6.372342757789826,0.09175445944311988,0.34112600828314116,0.009262073945506988,0.6496119177713519
428,5.653966978978458,0.0615713261240769,0.28105844300233135,0.0035397184172101803,0.7154018385804585
429,5.763367958225589,0.02807176094662278,0.32487590495429697,0.008569230798285865,0.6665548642474172
430,6.573617253481123,0.22082748426951326,0.31841214424125414,0.005039667598115083,0.6765481881606308
431,5.930102891468677,0.0924289333308721,0.28248721728682147,0.009964248655330854,0.7075485340578477
432,5.953189367360628,0.2618308503688658,0.36122846900451305,0.006987906102432329,0.6317836248930546
433,5.811401948534876,-0.01045130845187181,0.3647901924179352,0.019824484278836874,0.6153853233032279
434,5.71684359479735,-0.11077258448292948,0.33594149005935753,0.019578369846437405,0.6444801400942051
435,6.616153443147331,0.18206849581862805,0.3648426635593423,0.0055535344681360566,0.6296038019725216
436,5.646312838987094,0.013815813353954098,0.35759676498877235,0.009691277325219017,0.6327119576860086
437,5.967101620011157,-0.06855045717137553,0.3169616117924216,0.007257925077234495,0.6757804631303439
438,6.004140687049497,0.2947692247645559,0.32068978542526755,0.00820548606001964,0.6711047285147128
439,6.2203071059831005,0.055850970705873415,0.37911193576642555,0.007513242239543749,0.6133748219940307
440,5.718531252520724,-0.08738583625590213,0.33605802671112783,0.012473903041950396,0.6514680702469218
441,6.748330089507462,0.0668010604705529,0.37233279211738013,0.009261543817846274,0.6184056640647736
442,6.286414478905238,0.07775920426164529,0.3463868372957393,0.009897924476618358,0.6437152382276423
443,6.337538875432107,0.14076080825065063,0.36129084756741947,0.004489580794738823,0.6342195716378417
444,6.116481389139517,0.053722140838158516,0.34079764503408544,0.010754539212784742,0.6484478157531298
445,6.196813406638232,-0.10576228777727081,0.3408226919267218,0.019697276849631906,0.6394800312236463
446,7.0083435934869005,0.14642752621947164,0.40042723517829054,0.010174724366770416,0.589398040454939
447,6.272205940081596,0.09101686830116673,0.3365517320276167,0.003848753780730574,0.6595995141916527
448,6.366583139560263,0.1158425553988538,0.35867580226835416,0.01079426010738982,0.630529937624256
449,7.377565032364249,0.3081785247167419,0.37669824768285143,0.00868671502685825,0.6146150372902903
450,6.530831483406619,0.18372826912733142,0.3860840716942729,0.010133948180603813,0.6037819801251233
451,6.198929563352841,0.012574341836905312,0.33570449584657036,0.007220755253609434,0.6570747488998202
452,5.7192212201440205,-0.03911425541129532,0.31514955203878237,0.012207673592502188,0.6726427743687154
453,6.073360616621171,0.05498472807593746,0.37451121339021376,0.006224679462939475,0.6192641071468468
454,7.12413942850937,0.07852095661727887,0.3499370906276628,0.005307059867590336,0.6447558495047468
455,6.372736639765225,0.04113627888540616,0.36316742704522437,0.013030909330898177,0.6238016636238775
456,6.732856600054422,0.018826137069056337,0.37288745239866855,0.0070068899362720205,0.6201056576650594
457,5.853097451314428,0.03456893250372062,0.31811856679051564,0.005657855538511725,0.6762235776709726
458,6.097905047724474,0.0787334485484692,0.37714172442068505,0.004973180125779408,0.6178850954535355
459,5.696028583075843,-0.022185708895229972,0.32191723476384104,0.011796314633702454,0.6662864506024565
460,6.167175290564778,0.002267077373377724,0.3217816547643685,0.006522468502876966,0.6716958767327545
461,6.196824264444556,0.12615861204405032,0.36304987529414934,0.00345385024469147,0.6334962744611592
462,6.781749921883916,0.04982827309229432,0.3687681105030869,0.006056963347578992,0.6251749261493341
463,6.490927113055541,0.20628483503199746,0.3742261050797873,0.004285267957132632,0.62148862696308
464,6.858068552723095,0.042118104277017565,0.40175851403893725,0.008353786913698147,0.5898876990473646
465,6.488997577892236,-0.0183642756430773,0.3693337737089668,0.006992650271693601,0.6236735760193396
466,7.00721683879396,0.1481747044152808,0.40142634569744967,0.011939733658287655,0.5866339206442627
467,5.75896737531759,0.1595441194653997,0.3017671615557775,0.0025985048100996555,0.6956343336341229
468,5.068792418679004,-0.050897244421248544,0.3295175376263297,0.011308747093584148,0.6591737152800862
469,6.000095647671454,0.054316041107539625,0.30856995113090074,0.007719118363568034,0.6837109305055312
470,6.043549355578956,0.12019506065621499,0.3047189614046815,0.0034484463372206897,0.6918325922580978
471,5.6141700363384155,-0.1187977686609143,0.3185931504362019,0.01995413212232694,0.6614527174414712
472,6.769015606190595,0.15282778365864758,0.3466213855532468,0.0058156851643877405,0.6475629292823655
473,6.53954721632846,0.16175198785337752,0.3620387667441775,0.004102587532994362,0.6338586457228281
474,7.391887320722272,0.12444322998005042,0.3925746527654023,0.00994535693001447,0.5974799903045832
475,5.903144057783796,0.019407375959698214,0.3525957317079281,0.011733054280745614,0.6356712140113263
476,6.40018812108478,0.09089315180868773,0.37437223532666386,0.014417530172737947,0.6112102345005982
477,6.142445384561496,-0.07034022759078429,0.35000162800340295,0.019204112171763987,0.6307942598248331
478,5.963994780386047,-0.12801729245284754,0.3204859357954029,0.021501016958953845,0.6580130472456432
479,5.220731199125083,0.07221746893328174,0.2981983940019144,0.009660991253878204,0.6921406147442074
480,6.044007792957253,0.061739529434910345,0.35809071010970467,0.006224107976774251,0.6356851819135211
481,5.680935642535656,0.09089455465964313,0.3260052442798405,0.006949044925211256,0.6670457107949482
482,6.138499132778919,0.1622682519809615,0.3336368045846162,0.0063264365744925,0.6600367588408913
483,6.394378888377077,0.07801515127932124,0.37097440052845426,0.006425297709808431,0.6226003017617373
484,6.613524639312454,0.04781860665473925,0.3599749215264272,0.007136263153408207,0.6328888153201646
485,5.081113111485617,-0.005750026005666875,0.3142119643195201,0.016337853427032922,0.669450182253447
486,6.430376814018483,0.24046883219551507,0.4057644199708939,0.010435115707429332,0.5838004643216768
487,6.371034193545431,0.17280459745425159,0.3237907621365176,0.0041458107032662506,0.6720634271602162
488,6.258816324860167,0.08430639477227952,0.3367526004921955,0.005883734335907886,0.6573636651718966
489,7.323315388748351,0.4299516370398875,0.40962151215758535,0.014507397856256543,0.5758710899861581
490,6.961404489120876,0.11504394926741401,0.38712410771951217,0.0059458602033153896,0.6069300320771724
491,6.624028087660584,-0.007209438924082434,0.4014014043953605,0.007348438456270812,0.5912501571483687
492,6.778953809296456,0.22535544758202786,0.33427656834120106,0.006511355347287029,0.6592120763115119
493,6.060492293527208,-0.09764831175557731,0.3696513369528119,0.018029280637534673,0.6123193824096534
494,5.292194714685367,-0.15043380089308656,0.3260318824103618,0.026941069637728632,0.6470270479519096
495,5.726740228989648,0.022262745912428272,0.29770707754834885,0.004322719010203369,0.6979702034414478
496,5.8298788452835115,-0.1509331373952829,0.3130203903145013,0.020664111674276453,0.6663154980112223
497,5.915626947979939,0.07873580030561733,0.30854001897028965,0.00194425413229532,0.689515726897415
498,5.918744229412843,-0.0694322557648066,0.3198162669285223,0.0136460479548417,0.666537685116636
499,5.1474998076624905,0.0281562689346595,0.28175359031950054,0.009334017069468903,0.7089123926110306
500,5.3525983778338215,0.07376191171052682,0.3094650377181521,0.006030894102933726,0.6845040681789142
501,6.759674071148349,0.018797211964512783,0.3735119827473173,0.013280685131793757,0.613207332120889
502,6.523188109688104,-0.024724885568739197,0.3573047448976619,0.007255061642797822,0.6354401934595403
503,6.905053775759009,0.0433441329930595,0.3485942726080613,0.006788197649019501,0.6446175297429192
504,6.2906148380721625,0.15819241166375964,0.37283215817611076,0.0056206395814792365,0.62154720224241
505,6.52374740458219,0.18872325858670802,0.36620839123949245,0.0038180785387478267,0.6299735302217597
506,6.9691601360656135,0.030226807249675858,0.36783525592922545,0.016333174331312816,0.6158315697394617
507,6.191986763209122,0.09274247892645615,0.37726463377888625,0.007522852387925882,0.6152125138331879
508,6.783452394943864,0.10316661344702727,0.37207812541250734,0.005311895025931268,0.6226099795615614
509,6.781407568473758,0.08251069700291591,0.3861717782211083,0.009468156343268863,0.6043600654356228
510,6.229761524128058,-0.036225466903128556,0.3569711293231063,0.01011162451976616,0.6329172461571275
511,5.7320571520057975,0.0013324283483031607,0.2930229523923807,0.009516607632445162,0.6974604399751742
512,6.226650054694655,-0.0562514625197883,0.35406319550870247,0.016561743156303432,0.6293750613349941
513,6.643114799742184,0.14777732728346216,0.37962304274790115,0.005990138750473939,0.6143868185016249
514,5.566958477272683,-0.04317915515410409,0.36048623318539214,0.018202547666382574,0.6213112191482253
515,6.980463585800032,0.176521945512774,0.3296705227930999,0.006895063183662453,0.6634344140232377
516,6.91483377407838,0.12317586269368075,0.3792638643573424,0.010619501409871557,0.6101166342327861
517,6.174198345573966,0.04213485401774264,0.38105725661936624,0.011633387874743162,0.6073093555058906
518,6.145394613803386,0.16790311251996748,0.37302404744242523,0.005659563401893997,0.6213163891556808
519,7.474241769381719,0.2052985684546389,0.3850306294634401,0.006534666842311243,0.6084347036942487
520,6.164635799666762,0.09937909581859738,0.35839754048754746,0.008456091124239062,0.6331463683882135
521,6.909266662197072,-0.02532062099770549,0.37609962460992696,0.014211120086169537,0.6096892553039035
522,5.966665189352669,0.16762704725545508,0.30661736261896194,0.003265422805039442,0.6901172145759986
523,7.427869040736305,0.1654489453734609,0.38679679364340513,0.0034358270626435594,0.6097673792939513
524,5.636426397448077,0.13896833656504448,0.34173324364926855,0.009509004745310079,0.6487577516054214
525,6.028919112733914,0.049226177196780796,0.34178346267877346,0.005349455889363419,0.6528670814318631
526,6.028738402967147,-0.04445704991988819,0.3083647633179617,0.00866800438527593,0.6829672322967624
527,5.059787696901685,-0.21049996680894267,0.33637337122907407,0.027007449355435753,0.6366191794154902
528,6.20019329841928,0.07852132337002526,0.35366308093667687,0.009664206011062326,0.6366727130522608
529,5.8838048358845345,0.029575065374943144,0.3357399469336002,0.008220122710960953,0.6560399303554388
530,6.732912715863213,0.25707128351161046,0.3557957991456144,0.005666395071622088,0.6385378057827635
531,6.313027724301468,0.016330505157760022,0.34398827926666214,0.01724367167909041,0.6387680490542474
532,6.238501733002087,0.021663620487197832,0.3440869193801753,0.0106253416582347,0.64528773896159
533,7.092143385662931,0.18544840412163666,0.3588023938623567,0.0072713078703180445,0.6339262982673253
534,7.009682208209907,0.17244166869205557,0.3675843089966674,0.00981731306214173,0.6225983779411909
535,6.81404604849272,0.2227592503589877,0.36005664639936014,0.005438310147254655,0.6345050434533852
536,6.10529420574457,0.038945746929258895,0.30798471877879463,0.007666299508613195,0.6843489817125922
537,6.00797244817168,0.008068189531413417,0.3185460471450927,0.008222403185746852,0.6732315496691604
538,5.688729846988158,0.03366871517466308,0.35751930889158345,0.011997747445528728,0.6304829436628878
539,5.8692498430535744,0.0018541159966511955,0.393374246153169,0.009978795076562796,0.5966469587702682
540,6.304299982461245,0.024143019612283823,0.3286919499354484,0.010104235198886868,0.6612038148656647
541,6.326395903172122,-0.07336210602885629,0.36671658762993575,0.013109620493447105,0.6201737918766171
542,7.299054305161647,0.18917687512231485,0.3782082354141913,0.005570989930563319,0.6162207746552454
543,5.850813544166534,-0.0024198905889578626,0.3248798106089348,0.012449500770454258,0.662670688620611
544,6.502407066339172,0.033590809990717396,0.3471578913068282,0.0075357706192336615,0.6453063380739381
545,5.177149940152518,-0.17482967715581843,0.3201331846612128,0.02944012400881385,0.6504266913299733
546,6.297873762874138,0.0021028799410922616,0.370837762025682,0.007439829931306041,0.6217224080430119
547,5.696342869088944,-0.012106982917200249,0.3742509080739147,0.013249483860341527,0.6124996080657438
548,5.731906727639386,0.2731573175409787,0.323182533490142,0.007323521648685494,0.6694939448611725
549,5.308966175052633,-0.03152530538229659,0.31836215631923487,0.010625511333214044,0.6710123323475511
550,6.957392470213891,0.18572631337467183,0.41837648249865766,0.004381294455572671,0.5772422230457697
551,6.206428440729403,-0.007023515186414642,0.4126518840070817,0.01750299384212245,0.5698451221507959
552,6.022822228823649,0.07379303861364495,0.342850572472118,0.009005727557317489,0.6481436999705645
553,6.464775738749724,0.036969255543886526,0.3803736070306237,0.006471869686750786,0.6131545232826255
554,6.1424431250060465,-0.016115413409002244,0.3304122001151965,0.010886298854377474,0.658701501030426
555,5.970696857833588,0.13316100341949344,0.3732590406205768,0.006740791680824532,0.6200001676985987
556,5.028842738130685,-0.10310851144940347,0.32664970813288985,0.022890415023393285,0.6504598768437169
557,5.838218035557446,0.0384551690396977,0.3504503758675981,0.0057743780102551545,0.6437752461221468
558,6.56534806996023,-0.00038765037209920195,0.3582415777372642,0.010366435730959023,0.6313919865317767
559,5.7258494980528045,0.10451737884128143,0.32860511081480304,0.006972237465503572,0.6644226517196934
560,5.710529164248414,0.16333531817243774,0.28824788741546836,0.005317531046162727,0.7064345815383689
561,6.500335552424919,-0.02067978570580653,0.35463321040154283,0.013382094806377087,0.6319846947920801
562,6.451544358979729,0.13734729287092318,0.35725438570760815,0.003676419432630973,0.6390691948597609
563,6.463190739420924,0.3936561855243097,0.384933557777149,0.012433052652856325,0.6026333895699947
564,6.368520982809681,-0.09837067152542289,0.3487474412105721,0.019304385662106016,0.6319481731273219
565,5.992118757411829,0.011590845111850712,0.35957125628717457,0.011212746596147127,0.6292159971166783
566,6.2436189124982056,0.060515487842064175,0.3098802493783072,0.00677211269275374,0.683347637928939
567,6.689409756688212,-0.06471493093399161,0.4230945106903837,0.01673291260327009,0.5601725767063462
568,6.070557388323301,-0.01596024368652138,0.3803374083135382,0.010744614275659037,0.6089179774108028
569,5.80454467463942,-0.19919896770858703,0.33564466810860666,0.030857537521270684,0.6334977943701227
570,5.677339018266828,0.020369957324219534,0.3608759563658131,0.013990585540700817,0.6251334580934861
571,6.153150997091662,-0.027632133575306916,0.3486460471437844,0.01773316746605108,0.6336207853901645
572,7.155532939763695,0.1556011369392829,0.4038823712973629,0.005265811814545718,0.5908518168880914
573,6.223251929145794,0.02386180534182447,0.3768751983050998,0.006048648239204868,0.6170761534556953
574,5.958881396820084,0.21065080246753976,0.33081699883967525,0.00655533884608922,0.6626276623142355
575,6.042230301745031,0.1936190335349668,0.3176950170002823,0.0043718380798216105,0.6779331449198961
576,5.50949643842637,0.04161893946364703,0.27689807025434576,0.005211164146508351,0.7178907655991459
577,6.04630301647636,-0.016569176879322356,0.33985977608487117,0.007841979185363779,0.652298244729765
578,6.1378996324884465,0.05240313903043248,0.34421323236781054,0.006279218797351049,0.6495075488348384
579,6.22915860350246,0.19870451061879635,0.3346635796391332,0.004276554472508742,0.6610598658883581
580,5.980796921244354,0.0451473626143013,0.3329720583167129,0.004775309641677106,0.66225263204161
581,6.017513310800122,0.043838060378690535,0.33886252966503017,0.0036199290341797363,0.6575175413007901
582,6.150277728262499,0.20279453589779362,0.37330138421271936,0.0061342839554401896,0.6205643318318405
583,6.486226764308352,0.027634112670614996,0.34719634233014124,0.010316618521810261,0.6424870391480485
584,6.777563272443986,0.0661810378971488,0.40484852745524047,0.013067723800472608,0.5820837487442869
585,5.712212614952321,-0.20444962356477347,0.3629600146186299,0.025785093920396185,0.6112548914609739
586,5.874291153236362,0.1144642774933331,0.35099399482128035,0.00483527471277434,0.6441707304659453
587,6.048758813502954,-0.016956904119089344,0.32280969000227094,0.01554383580394475,0.6616464741937843
588,6.286884881548884,0.13642596193384282,0.3314032557164251,0.006064862842871277,0.6625318814407036
589,6.414896490677574,0.1311986922407531,0.33665915246856515,0.0054890521183017515,0.6578517954131331
590,6.515314821985399,0.10006285480713295,0.35100043925043745,0.012531436902080695,0.6364681238474819
591,6.421389405989879,0.07751957918648422,0.35570413600353634,0.009248631141465458,0.6350472328549982
592,6.502295500399047,0.14559678755733962,0.36958327739410063,0.003754910334777539,0.6266618122711218
593,6.097742530042365,0.08163688468226393,0.3427503923486152,0.00610898474944227,0.6511406229019425
594,6.006660334002135,0.2095892897835121,0.33219359472347876,0.005634992353501289,0.66217141292302
595,6.748361822723344,-0.030341079900185086,0.3942402431890197,0.015339221836069117,0.5904205349749112
596,5.83322011192409,0.26562711188338106,0.3694858948758731,0.006854251897107921,0.623659853227019
597,6.386476259371054,0.3253745511028283,0.3901134209615484,0.00940411506266775,0.6004824639757839
598,6.3158092139380795,0.09605119560329722,0.35616016302244646,0.00548764994591433,0.6383521870316392
599,6.208612317983235,0.03995576547701507,0.3990196596742852,0.013667147813696712,0.5873131925120181
600,5.804729087990228,-0.15804490003915728,0.2738952279561471,0.02090712057202443,0.7051976514718284
601,6.387672849549257,0.04810241740836663,0.339604721422544,0.014151526236779455,0.6462437523406765
602,6.417544756909434,0.03420431777098898,0.382265598918786,0.007030814232120708,0.6107035868490933
603,6.466929758021341,0.10890214626479278,0.32144024193381054,0.0025460886063677912,0.6760136694598217
604,6.497456925743892,0.10760831414651406,0.4003501845497266,0.010598911170810243,0.5890509042794632
605,6.218370821381466,0.22372649448916437,0.3790886148689614,0.008561640817806193,0.6123497443132324
606,6.717181263766363,0.23363400595070338,0.349841541120516,0.0046029951506622035,0.6455554637288218
607,6.20136230359646,-0.05000209535966693,0.3210843247918113,0.012020082182084335,0.6668955930261043
608,6.52866754319091,0.10671507923532886,0.3406313618912269,0.004180308485530193,0.6551883296232429
609,6.498964118169892,0.1679545363134558,0.3521216743455514,0.0040672944614909,0.6438110311929577
610,5.911509483843819,0.02864459251655216,0.3358460491207468,0.004126923143013217,0.66002702773624
611,5.1633097604876275,-0.1041332198452265,0.2666966195922955,0.014147355250354487,0.71915602515735
612,4.565809981270063,-0.15643961076728186,0.2807827785354718,0.028941970459350264,0.690275251005178
613,5.540966159735652,-0.012483306100349978,0.3196614337981632,0.010562301360616255,0.6697762648412205
614,6.267393704574458,-0.05179823670080275,0.3394570043550852,0.008468438986833027,0.6520745566580818
615,5.569249613022307,0.026013646105526256,0.3318885502314961,0.015762976765878345,0.6523484730026256
616,6.298621758519352,0.03560327741013669,0.36286116695328596,0.01024358332585018,0.6268952497208639
617,6.813150465699028,0.14913276510794482,0.4074163529645354,0.007321071367114018,0.5852625756683506
618,6.094742399996992,-0.033979931928906026,0.35722213993654983,0.012755229873030793,0.6300226301904194
619,4.728192548100702,-0.012028921133921955,0.2688519384980105,0.012603198595277143,0.7185448629067124
620,7.246553412199084,0.06763796147745982,0.37329405229547097,0.015923799456085463,0.6107821482484436
621,6.200899015027869,0.18720198962248524,0.38598119784189167,0.00429807414169503,0.6097207280164133
622,5.948705661342355,0.019048627346055724,0.33856285217784354,0.007062576075794524,0.6543745717463619
623,6.145306543150466,0.2542406580291754,0.39817442049815005,0.006060311727196843,0.5957652677746531
624,6.892747497724688,0.33712195652913124,0.3808076500023749,0.011003199522301055,0.6081891504753241
625,7.626824235301609,-0.003418662695539254,0.36752403600068057,0.008998275351389362,0.6234776886479301
626,6.600137141722591,0.016237726211431713,0.38456744772730506,0.014240982906809807,0.6011915693658851
627,6.982133295539284,0.050263681023416495,0.3633677273364014,0.006106557863191864,0.6305257148004068
628,6.6118721705416545,0.21074878243395379,0.3534716238521244,0.005136097727047262,0.6413922784208284
629,6.587862953210682,-0.007995858523829114,0.3400909775992256,0.007981730778463758,0.6519272916223107
630,6.694162641722815,-0.023829700189948788,0.38300891986182023,0.009534648308931304,0.6074564318292485
631,6.560207847959288,0.14882059147971116,0.3360588822903445,0.007546742445184995,0.6563943752644705
632,6.127278259533875,0.13503857786599838,0.3148498547057307,0.0040361580550996035,0.6811139872391697
633,6.382404175439504,-0.09477623832043491,0.39439147238381694,0.009414737523984085,0.596193790092199
634,5.628046421609365,-0.04234985106017142,0.3337946204574446,0.01484553597472088,0.6513598435678345
635,6.054321759073344,0.11636845172454446,0.3732130319228836,0.00725916960324946,0.619527798473867
636,6.840142560248354,0.18476468304580074,0.38228393590374116,0.008029946621795403,0.6096861174744634
637,6.348764378438441,0.16410662352556393,0.3425664298023277,0.007923314927343161,0.6495102552703291
638,6.24178109840091,0.21075886859336634,0.35284521872147384,0.005564697905436844,0.6415900833730893
639,5.64403389428348,-0.07676483794200717,0.31262225841550983,0.007819080638016396,0.6795586609464738
640,7.032173066926393,0.08129397278226236,0.3860540488898386,0.008142052598913818,0.6058038985112476
641,5.841629263799289,0.021899657807820105,0.3324641486393898,0.01417234404208334,0.6533635073185269
642,6.411334537300046,0.0731953578883866,0.36863197162602596,0.003607405906560557,0.6277606224674135
643,5.8362760509461555,0.15258231242087206,0.31893451663452005,0.010248880867027743,0.6708166024984522
644,6.375361010495415,0.10860311807407896,0.36619315322546153,0.0035615560084620856,0.6302452907660764
645,6.829818989635448,-0.050439849941835035,0.38252028931654475,0.016247419314662837,0.6012322913687924
646,6.760089441373426,0.018488915632186576,0.4091422357012811,0.013942865748062971,0.5769148985506559
647,6.207820513308825,0.047212057138758645,0.36880922469072325,0.008804266287869955,0.6223865090214068
648,5.668718251753808,-0.02077957604565217,0.31554331374731553,0.016675856634690345,0.6677808296179941
649,7.784882626612968,0.15686818398712266,0.4170602954357933,0.0025338415550358317,0.5804058630091709
650,6.440731078571838,0.24680892141963184,0.37515196988826705,0.010268234189011793,0.6145797959227212
651,5.972111256292307,-0.006233546814804036,0.34667107256422014,0.008406234563392734,0.6449226928723871
652,5.562357061837023,0.04822733463463624,0.3274157503981731,0.008188372185632342,0.6643958774161945
653,5.614789859658014,0.25857395065908584,0.3197762774192231,0.006873122745552851,0.673350599835224
654,7.563563185138139,0.2848887517231269,0.4184523286151401,0.00812321805662003,0.5734244533282399
655,6.311010036571881,-0.0021115250469945224,0.32126342316775314,0.007861430493594002,0.6708751463386529
656,6.347018173394881,0.042864082823173,0.37318869811528077,0.00932221731863847,0.6174890845660808
657,6.173322943269745,0.1705078089895844,0.33653184762499555,0.004643846280647179,0.6588243060943573
658,6.7941084013795585,0.09744072297901596,0.3649335190683267,0.006601856058926048,0.6284646248727472
659,6.58733697649032,0.2742985407535157,0.3965409075497675,0.009314733337867975,0.5941443591123645
660,6.310599953622835,-0.07530539620409726,0.3963297385154143,0.025548423777941975,0.5781218377066437
661,6.0733789877932125,-0.037040093877212854,0.34451215331649665,0.010965251758717653,0.6445225949247857
662,5.441851500800159,-0.02671103888794768,0.3443286968233539,0.013699982364417496,0.6419713208122286
663,6.389670403727328,0.0434751534511717,0.3867158761345316,0.015116368057892404,0.598167755807576
664,6.997986977835218,0.06402634783867711,0.39582067669006743,0.01230528756792254,0.59187403574201
665,6.8195292515159105,0.2090104934456054,0.3603984780094736,0.004340002245497632,0.6352615197450288
666,6.304892183737459,0.12521094145187117,0.36570638331992855,0.0059462324322508975,0.6283473842478206
667,6.873697462672084,0.03786347158983627,0.3985384558493164,0.008811322738800753,0.5926502214118828
668,6.642652757654622,0.18361968455877697,0.3863745994509389,0.007359889999996705,0.6062655105490644
669,5.8804022821270685,0.09791414096283368,0.3633076461912134,0.0038335863783537927,0.6328587674304328
670,6.535787135428352,0.2456488126939771,0.35200783990147066,0.006161922934186492,0.6418302371643428
671,6.042348195622864,0.09440759062410109,0.3181499015034672,0.004208495075048391,0.6776416034214844
672,6.044188978657296,0.13356063900587412,0.3830499597395115,0.007512211072385644,0.6094378291881029
673,6.429404398823635,0.14675821158967484,0.3459540960842472,0.005180201448613531,0.6488657024671393
674,6.891674798928182,0.2694468324534727,0.368544369941532,0.007000330020654533,0.6244553000378135
675,6.1122285721730085,0.13267128356666458,0.3629875711389047,0.011041084562637304,0.625971344298458
676,6.106587086546271,0.023408958155700432,0.33976598301972394,0.009072991312077283,0.6511610256681988
677,5.209150521137169,-0.07124270279295608,0.303245726949167,0.0108428648494025,0.6859114082014305
678,6.62931717379681,0.06364361249468953,0.39277952807989125,0.012623821569194615,0.5945966503509141
679,6.446331535548672,-0.013401688314839788,0.3800888669906455,0.019047823870987912,0.6008633091383666
680,6.231980434844512,0.11776511987076166,0.3119782214726269,0.0026050864119657735,0.6854166921154073
681,5.496972994373021,-0.08336940934220483,0.2525615322109575,0.012977151206269466,0.734461316582773
682,6.262663511540139,0.036601019761984155,0.3614066773763742,0.012411508123863713,0.6261818144997621
683,5.957696482364922,0.006363942925961652,0.30112644785641407,0.01054457143563825,0.6883289807079477
684,6.317511861645985,0.2961825656013266,0.33227268802987614,0.007849711224393097,0.6598776007457308
685,5.4395089471333264,0.008702802587762903,0.30580966096621676,0.009462247547506575,0.6847280914862767
686,5.59638788102645,0.10465456870861178,0.3224184744984026,0.0061047420033286115,0.6714767834982688
687,8.252426410176163,0.24994720725749353,0.4277987249880429,0.007742972431284356,0.5644583025806728
688,6.322312582786376,0.040260943884443456,0.3812511050155325,0.006394299006424853,0.6123545959780426
689,7.011135077418348,0.19529585368147107,0.4177512964290056,0.006458185620113299,0.5757905179508811
690,6.027803430747761,-0.04856762324072861,0.36293523084450796,0.010754660605494126,0.6263101085499979
691,5.777318072591429,0.010762814218125527,0.3055730144833889,0.007130219900497559,0.6872967656161135
692,5.780197143460935,-0.04721267861806844,0.32261849479688903,0.013563225253660882,0.6638182799494501
693,5.676579655514271,0.14292890797292923,0.3151052523930535,0.0033868419530260208,0.6815079056539205
694,5.536645885435048,0.10762001830664403,0.32042638594336914,0.00656906172036098,0.6730045523362699
695,6.4405411165673705,0.12470548772831425,0.3689106155647457,0.004608970791175948,0.6264804136440784
696,5.5943137551437,-0.012299454396140774,0.333618439271082,0.015725255094485913,0.6506563056344321
697,5.175804552931102,0.06256797335125075,0.24090036967972434,0.006927487625876305,0.7521721426943994
698,6.656213481851064,0.1476280462137316,0.34331708524947263,0.005047138077051094,0.6516357766734763
699,5.586426060465265,-0.04421429758826001,0.3803090259035747,0.011478044550087219,0.6082129295463381
700,5.885612346692482,0.028033706675991255,0.3299583964592069,0.008608555442717658,0.6614330480980755
701,5.8090905846835765,0.060308935971138844,0.3375256467204297,0.0059874789344679935,0.6564868743451023
702,7.148124603995407,0.12814120545682162,0.3630340322171483,0.003726793730756517,0.6332391740520952
703,6.14141618431224,0.16194108224882342,0.3506683068924184,0.007490719049223549,0.641840974058358
704,6.524362668235899,0.09507113624004582,0.40221777274119236,0.004639006999381079,0.5931432202594266
705,6.431261254901217,-0.04052115472468554,0.3660362800796615,0.028172044623858472,0.60579167529648
706,5.499736847199741,0.035248086461717065,0.3401647314389044,0.00495278041873165,0.6548824881423639
707,6.652017959420823,0.1283414718474818,0.35198453783646283,0.004610867227049453,0.6434045949364877
708,6.064686554053903,-0.11957550689199437,0.3347857468915512,0.028462377324551424,0.6367518757838974
709,6.678694783350382,0.030274364399533127,0.3750120440214054,0.01921352922057773,0.6057744267580168
710,6.058433112632582,-0.031262173226887846,0.3262718285817514,0.01169690784818922,0.6620312635700594
711,5.934200019804161,0.017920332603734046,0.35282095950971404,0.011914198662419495,0.6352648418278665
712,6.859107181474813,0.14762402803584607,0.38553260147074986,0.008368563033092191,0.606098835496158
713,6.188477565816212,-0.051071829762862286,0.3766132822031295,0.006781129180122858,0.6166055886167476
714,6.743733689332955,0.10629616510842244,0.3788696849940662,0.006100694737662671,0.6150296202682711
715,6.92068194285617,0.11282559961240679,0.3434216944651595,0.006393043536911336,0.6501852619979291
716,7.693525248017733,0.054575777182304996,0.39314479107949485,0.006355886022398893,0.6004993228981063
717,7.268817675784144,0.23590740221729245,0.4018336563669843,0.004361035372795086,0.5938053082602206
718,6.1115855371637196,0.06710464367492985,0.34624917700944674,0.011014269156734702,0.6427365538338186
719,6.2786156051949655,0.031318311595989634,0.3666268684651144,0.01229793696558834,0.6210751945692973
720,6.630771238685935,0.03513931440049056,0.3953008102006357,0.013859921937671937,0.5908392678616924
721,6.205909402233207,0.04769362276210831,0.34062422876685766,0.014890031861813313,0.644485739371329
722,6.045701523273575,-0.0035597986226783007,0.3486887287211685,0.016076675985923994,0.6352345952929075
723,5.629360200746696,0.09158909450531905,0.3353714680653856,0.006281918280910015,0.6583466136537044
724,6.8027613237401265,0.07878645249793337,0.40022483977187456,0.013361306176660703,0.5864138540514647
725,6.409144583523379,-0.04253230677263442,0.3527681067827864,0.01288948923129457,0.634342403985919
726,5.512607239023815,0.12888842241041853,0.3304312179076708,0.0037177570712020325,0.6658510250211271
727,5.5551469035239585,0.21226389786380118,0.32991762816743797,0.010209424690789226,0.6598729471417728
728,5.5789652803006735,0.043307184888133676,0.319906246523223,0.00529545489077371,0.6747982985860033
729,6.659035140107912,0.062138465763422523,0.3789466874736498,0.014716161521051374,0.6063371510052988
730,6.119894945366233,-0.029921751894958604,0.345094421553837,0.012599369398573812,0.6423062090475892
731,6.188335221230253,-0.021734084704643664,0.3497160552706985,0.008745893298559126,0.6415380514307424
732,6.475249147418904,0.06072733887982018,0.3660557153547448,0.006535194400005828,0.6274090902452494
733,6.335418329472859,0.09763660802861107,0.3368595045102438,0.008964248370689987,0.6541762471190662
734,6.912283018830391,0.20702732743509333,0.39912477515400996,0.010451838980254535,0.5904233858657355
735,5.549997090599822,-0.15097876618970485,0.3052988672728011,0.0290353003263073,0.6656658324008916
736,6.486053726976389,0.22618634019649697,0.40641933018100024,0.008409944630448585,0.5851707251885512
737,6.335743635121005,0.060361196357662905,0.3514669086041603,0.007649664592583538,0.6408834268032562
738,6.007151036904677,0.29864339215563085,0.3683258824053625,0.00814861242661219,0.6235255051680253
739,5.710936848784045,-0.07451629967771556,0.33523339135223873,0.01313344342727607,0.6516331652204852
740,6.009656181286294,-0.04496188578061844,0.36262973928898506,0.020551495968553823,0.6168187647424611
741,6.176687920667304,0.11655331762986787,0.3648896682455671,0.009761896496190303,0.6253484352582426
742,5.540156547868033,-0.026260227089337285,0.30149953060352963,0.006971694519193328,0.691528774877277
743,5.738611853621308,-0.019396472755703442,0.31687670344181423,0.020743672519983825,0.6623796240382019
744,6.259740092593883,-0.059606321079121116,0.38270020169648716,0.011253251798540698,0.6060465465049721
745,5.583896827335868,-0.10582043197252311,0.3123423892010315,0.016604243813543307,0.6710533669854252
746,6.741329523893351,0.08769126209235534,0.36341766800504294,0.006555492426360443,0.6300268395685966
747,6.67129608764187,0.13681637158404847,0.37168894456979884,0.0023787480833019625,0.6259323073468992
748,6.008260478392777,0.07095964369855068,0.3384641856655338,0.011338985308039784,0.6501968290264264
749,7.449949105809926,0.13580597947433493,0.4003074082710202,0.004604343935525557,0.5950882477934543
750,6.255368842945889,0.04219881095792832,0.3411948058496899,0.0015504209543379388,0.6572547731959721
751,5.700983962501888,0.09864709536843641,0.30702606563632506,0.0073283263147377875,0.6856456080489371
752,6.347058078528399,0.09971420150045507,0.3457503470564792,0.005280806130727234,0.6489688468127935
753,6.822042537211516,0.06877715510096394,0.36291527542399277,0.005907395602236132,0.6311773289737711
754,6.095577998097174,0.09473869092605369,0.3185494959814535,0.005026709509995453,0.6764237945085511
755,5.832846016886148,-0.013140663460319502,0.3424553024229904,0.005075493113710028,0.6524692044632996
756,5.474395367031651,0.010251500973208039,0.30818915470041747,0.01483420495456561,0.6769766403450169
757,6.903697597039092,0.19034630957815413,0.3475429142882717,0.0036587599611764277,0.6487983257505519
758,5.045296163482793,-0.12592824174153527,0.2826013633122378,0.02776919133831318,0.689629445349449
759,7.009210031256588,0.0063727355312961365,0.35453484228247223,0.008391082869359412,0.6370740748481684
760,7.00220632660871,0.21259771606646538,0.3949497406748869,0.006148565514013382,0.5989016938110997
761,5.713226469805299,0.19345932666437005,0.3323952433851451,0.004473856396954468,0.6631309002179004
762,6.152954581279229,0.09303625468043286,0.3721196735087802,0.013970019868730865,0.6139103066224889
763,5.885308794014839,-0.002041429739097822,0.32684013247828847,0.013256147940490348,0.6599037195812212
764,6.148647409812544,0.19963027690664958,0.3709681489319606,0.005343907817325411,0.623687943250714
765,5.795776755525807,0.11937108965615284,0.33252197731417893,0.002739845195672108,0.664738177490149
766,7.426784064583832,0.22674671212655095,0.40742487041174863,0.007491153490395697,0.5850839760978557
767,6.458290496321034,0.0694228312195726,0.3853584711567002,0.005354713141246248,0.6092868157020536
768,5.8362943000824075,-0.021255142841678065,0.30336372137909684,0.007228755457393987,0.6894075231635092
769,6.8281881002391165,-0.10147169875573958,0.37922699242868685,0.01876855082397566,0.6020044567473375
770,5.474399351370858,0.05043803920079437,0.31800960601362915,0.0029357202501382185,0.6790546737362326
771,7.77966343099709,0.26361208892182386,0.3899689917872453,0.006153950860389168,0.6038770573523655
772,6.226708651332294,0.1263224418004274,0.3282296442376418,0.006562615864182164,0.665207739898176
773,6.58054741202189,-0.14321482425018672,0.37609569249073455,0.017926992726723656,0.6059773147825418
774,6.244968795592687,-0.10063242794259875,0.33356143625037016,0.016527718928919466,0.6499108448207104
775,5.820962815421167,0.13142359009130367,0.3511701595747876,0.004863003257647214,0.6439668371675652
776,5.94784991828903,-0.11383773914982953,0.33220609942859586,0.013933479647463554,0.6538604209239406
777,6.1051479635102845,0.05010733500676601,0.3429030054488388,0.004641687584118648,0.6524553069670426
778,6.6275879652020855,-0.004013341576105667,0.3602249989799624,0.010623374738797264,0.6291516262812403
779,5.211605144544368,-0.0006848533851790961,0.29433306121908975,0.013159479960568432,0.6925074588203418
780,5.877764925227258,0.14942750815492456,0.36512313195253887,0.007043559146722389,0.6278333089007387
781,6.336221895727774,0.19543478381906,0.3526402456979195,0.0032643073208914464,0.644095446981189
782,6.184302549500358,0.0414071098238491,0.3190749395958987,0.008413050006822909,0.6725120103972784
783,6.349586223822972,0.28040883336139455,0.3744348563129656,0.007012851249703189,0.6185522924373312
784,5.884013303874374,0.019003106186964658,0.34303070302494487,0.013819233616542026,0.6431500633585131
785,6.595788952666841,0.18864960662129793,0.35961712297828513,0.004042430362459382,0.6363404466592555
786,6.3527125891498315,0.007713528113927559,0.3496184422054609,0.003950861403004158,0.6464306963915349
787,4.932416073665656,0.19566143769601219,0.3002909120207449,0.005473513575954769,0.6942355744033003
788,5.533306906047997,-0.05330579384531031,0.34067254640668065,0.015916792604609542,0.6434106609887098
789,6.775207969248953,-0.008641544940044987,0.40401792695047567,0.009536087926172332,0.586445985123352
790,6.459582738657924,0.12293454204382392,0.3603851821782737,0.005484971141541617,0.6341298466801847
791,6.618066106978007,0.1066928538069929,0.389178406186452,0.005650794686184846,0.6051707991273632
792,5.001416092173439,0.03998769352669029,0.28653008229829335,0.005806059201368896,0.7076638585003378
793,6.214840652674264,-0.01835579538964094,0.3436561542313453,0.021058820876411644,0.635285024892243
794,6.628213478113286,0.11050618373419585,0.3898358647971427,0.01180168405115023,0.598362451151707
795,6.060136199322539,-0.02578218008627342,0.3675294226245148,0.007443216628167049,0.6250273607473181
796,5.890757545700476,0.15073217586212095,0.3773742106376215,0.007488735969171156,0.6151370533932073
797,6.285613034588352,0.015309453381249227,0.32748183968509575,0.007109483526719307,0.6654086767881849
798,5.828871707682457,-0.04740292245725186,0.3285522019317606,0.011019939695821046,0.6604278583724184
799,5.835568962149509,0.21234525418623829,0.3431124271967229,0.0070352056059864165,0.6498523671972907
800,6.31266414616436,0.13867342687583228,0.393481565777329,0.008912957681383504,0.5976054765412875
801,5.508993205317206,0.015748458432053525,0.3230241744972123,0.005941295680729208,0.6710345298220585
802,6.441919723476049,-0.2153787135245917,0.3992560077793937,0.027242989640499593,0.5735010025801067
803,6.56451265088373,0.16705107735895375,0.34849997976899055,0.004124742767774137,0.6473752774632353
804,6.547916980018907,-0.025514206845842047,0.3428356619923687,0.008414052236058622,0.6487502857715727
805,6.8116653950973785,0.18208772257632067,0.36193923174175213,0.005554220125389531,0.6325065481328583
806,5.875439526495451,0.007851977649964148,0.28760026168895614,0.013441129915902295,0.6989586083951416
807,6.167552142040398,0.02477929007747104,0.3849669804456734,0.017661304485399987,0.5973717150689266
808,5.64696496398634,0.0846136191979161,0.3246688949363864,0.004094760907441208,0.6712363441561724
809,5.999528407756521,0.2571325107895577,0.349495807448962,0.006298951377451845,0.6442052411735861
810,6.358709575994262,0.01786444272634302,0.33306208289571343,0.004317236313408468,0.6626206807908781
811,6.80769010002505,0.006267752036398733,0.3777912981345275,0.010733999044468145,0.6114747028210044
812,6.59340062315475,-0.03645109721288975,0.3371369508452759,0.01319053099229378,0.6496725181624303
813,6.4799671831336,0.19868030160075367,0.39307725727030773,0.004512379572728209,0.6024103631569641
814,6.8760967973131795,0.016429598687047076,0.3680263150677608,0.009842906304698362,0.6221307786275408
815,5.696375769507554,0.09873055751735738,0.3374680694271056,0.005707865446862748,0.6568240651260316
816,7.097744154323806,0.23722679229000754,0.3703056029781288,0.005537795497634168,0.624156601524237
817,6.4814628872073135,0.038734253423457154,0.3556991503813759,0.008711595781755177,0.6355892538368689
818,5.994724513381616,-0.07653917972531321,0.30690673874349883,0.021267597469426303,0.6718256637870749
819,6.446391069455811,0.06321442926101817,0.3437902390275069,0.0076699525925206236,0.6485398083799725
820,5.9712380726894985,0.16027489024029595,0.3655866445575417,0.0068738897650311714,0.6275394656774271
821,5.164746501554508,-0.034032009288925025,0.29274797833140537,0.009375639180965567,0.6978763824876291
822,7.108886740489819,-0.007857225206421958,0.37665997147457214,0.011179893124663332,0.6121601354007645
823,5.5690694134054155,-0.005056979159356878,0.32236631412615907,0.0024854516505185553,0.6751482342233224
824,5.57109143425581,0.055164817802161537,0.3112150395634746,0.006801709697649483,0.6819832507388759
825,5.57829507624809,-0.16527580234933126,0.3219025898061885,0.0298757614436162,0.6482216487501953
826,6.507594720385798,0.16959704042854717,0.3777576180977536,0.007354839062404583,0.6148875428398418
827,5.955494512301296,0.14956595043096055,0.3335947723941729,0.00432227352882808,0.662082954076999
828,6.1792334469513825,-0.06777797731802515,0.37467627204474363,0.021144049771453233,0.6041796781838031
829,6.206167107644544,0.1456934875291731,0.32883584271028055,0.008028755509751795,0.6631354017799677
830,6.468394186173745,0.0974324777983906,0.3458443679379406,0.0022701336405535066,0.6518854984215059
831,6.301090077351329,0.05163893133693698,0.35847518012702445,0.010359069498704077,0.6311657503742715
832,6.121496144803533,0.1310934684903753,0.3231297658878354,0.0036382530129337454,0.6732319810992309
833,6.79695889263647,0.0639918610406891,0.3789427403151599,0.00932054064217297,0.6117367190426671
834,6.242476202873491,-0.05841450349997235,0.345518468469412,0.025902206512848858,0.6285793250177392
835,5.760756682022931,-0.07676811126746941,0.37951843182348544,0.01711667589416055,0.603364892282354
836,5.773784876957467,0.050729491386023895,0.32314242660835635,0.005809663418046784,0.6710479099735969
837,6.1783193176629565,0.18921025515768886,0.36698002492910686,0.0082617791254046,0.6247581959454885
838,5.8670023038574035,-0.04411811466121662,0.35249734680900247,0.010392089083696265,0.6371105641073013
839,7.073086182161367,0.10637618176265207,0.3870140042320639,0.0089550477577226,0.6040309480102135
840,5.347601782966667,-0.06549038746829527,0.30460772580908335,0.016009499276454675,0.679382774914462
841,6.023947019625059,0.17368543847940376,0.3757244231962754,0.0051670481744457986,0.6191085286292788
842,6.188720758637832,0.25688759545168693,0.3328386634013626,0.005469298521975752,0.6616920380766617
843,5.683067554099347,-0.025336805190995904,0.355035620995915,0.006242362018010872,0.6387220169860741
844,5.980287339379077,0.26230891144309965,0.3465038686375509,0.007813001839697686,0.6456831295227514
845,5.8652477092101565,0.07306910457021498,0.34280503438918264,0.00403766262238392,0.6531573029884334
846,6.091714010496891,-0.05572171260282843,0.38916926498344223,0.016901426809390274,0.5939293082071675
847,5.7732001643329935,-0.058770220739739365,0.3199495053045186,0.004608727910956123,0.6754417667845253
848,6.3271465401458995,-0.002300607159556378,0.37564798842693836,0.012475533505918124,0.6118764780671435
849,6.9335625127405835,0.22331884165261684,0.3560154170282762,0.004331082636453321,0.6396535003352705
850,5.711115781891932,-0.008763599342781703,0.32228139049022647,0.007436668133257218,0.6702819413765163
851,6.760929515409526,0.16653123174581363,0.36060005107181936,0.0036415570705625733,0.6357583918576181
852,6.580971268761895,0.04464274028067994,0.3914535522012435,0.021036297294640793,0.5875101505041157
853,6.997984883599905,0.20776674788059069,0.429199177668456,0.004275772676637091,0.5665250496549069
854,7.121454349324811,0.2530925008620226,0.363472405866405,0.009917172571131283,0.6266104215624637
855,5.752053526172999,-0.06434224139925337,0.32245530288643015,0.011741578948171016,0.6658031181653988
856,5.831861045579033,0.07732572121557535,0.3261000145280196,0.006457277671147121,0.6674427078008333
857,6.4786123750895195,0.16264145676169228,0.3810557173084852,0.007915018709325317,0.6110292639821895
858,5.570582970150479,0.22177627262609434,0.35991720774392555,0.008308010176913072,0.6317747820791614
859,6.691669582617111,-0.06832593606690107,0.3637990398794783,0.014122945427265832,0.6220780146932559
860,6.555648559857816,0.19476436292272137,0.37272324821384234,0.0038742410684666218,0.623402510717691
861,5.6909111914212245,0.07912311115801707,0.2953733703200655,0.008088511694667844,0.6965381179852667
862,7.07101951647885,0.1111116151650311,0.3782063092033657,0.0036819750640876836,0.6181117157325466
863,6.7173312694082075,0.1980969686230516,0.3458682439374138,0.007696783982241939,0.6464349720803443
864,6.1368917050781455,0.24919924251052095,0.30308291582045194,0.0054691359395291905,0.6914479482400189
865,6.043938970016283,-0.07472927704665011,0.3297866565123271,0.014507602128156827,0.6557057413595161
866,5.956281220096394,0.06807356292960076,0.32588296954715024,0.007524119959201769,0.666592910493648
867,5.575567721758183,0.009374732480869952,0.3252119669237917,0.014997620149265145,0.6597904129269432
868,5.900838999137732,0.09011595905106429,0.32667443501415383,0.004550513377635568,0.6687750516082106
869,5.956760371709504,-0.07056600361570187,0.3360065757399974,0.019816891068512865,0.6441765331914897
870,6.379418024388237,-0.026905425661081672,0.36505941701324923,0.01650138953914343,0.6184391934476073
871,7.420706300117093,0.16744800364447165,0.40881999121261686,0.003922266073946135,0.587257742713437
872,5.8535995817071065,0.14100288516471515,0.30574377169106837,0.0025977108283702366,0.6916585174805614
873,6.491042494407471,-0.011771982828774341,0.35626119603832573,0.023802142174987884,0.6199366617866864
874,6.500343561697351,0.16551738668464377,0.35064520252657494,0.003105315911366535,0.6462494815620585
875,5.545296146216669,0.03889169593353703,0.30659847223716924,0.008880267147934273,0.6845212606148965
876,6.4842490181495585,-0.012954810456541566,0.39813174638330356,0.01472464058041073,0.5871436130362857
877,5.114352474588547,-0.3125732858603465,0.30766317488134315,0.048809444147298986,0.6435273809713579
878,6.147432806208025,0.1640883386126779,0.3826883925779504,0.013527199188613004,0.6037844082334366
879,6.642490699219311,0.03981143653644725,0.3549777031072618,0.003935214652637964,0.6410870822401002
880,6.581500503501556,0.0776399364298328,0.4046255281150922,0.010297325296476645,0.5850771465884311
881,6.724551589905538,0.07636956522027827,0.36384313255052886,0.008162346782684737,0.6279945206667864
882,7.394549740109301,0.12277311585335582,0.37502275378069133,0.0040517588807957305,0.6209254873385129
883,5.722215038409363,0.2226948989028319,0.35352937430392345,0.008917510891609914,0.6375531148044666
884,6.004757109028806,0.09465548888228259,0.34266005449481307,0.006092979272776411,0.6512469662324105
885,6.066349898856483,0.031216640398229245,0.3556064270497742,0.006333367680149804,0.638060205270076
886,5.716542265317466,0.1642212566776724,0.30751712188228497,0.0030742855062847463,0.6894085926114303
887,6.725942454275368,0.1332698163248791,0.3541933923374484,0.004438995009754754,0.6413676126527968
888,5.9027698582117285,0.19711449140836912,0.3330453595440904,0.004653077880050427,0.6623015625758591
889,6.003125041506826,0.05735915038153472,0.33172100498459317,0.007697828758458092,0.6605811662569487
890,6.373540731583881,-0.019602025688805647,0.3305262258740964,0.013533223034342345,0.6559405510915612
891,5.951359840228002,0.08081474486541396,0.3375637938697442,0.012188038990746941,0.6502481671395088
892,5.698654231562973,0.08045300664147526,0.30619485747129727,0.007370258255449014,0.6864348842732537
893,6.798028966316945,0.19918527294583033,0.3742003154549017,0.009901860457726508,0.6158978240873718
894,6.029691972565764,0.039947938347575374,0.3564652552415139,0.01117631112441514,0.632358433634071
895,5.606462402517563,0.08076617023173771,0.27669121354939313,0.003907067774880202,0.7194017186757267
896,6.303043196478277,0.004396506129756617,0.40713624976798524,0.006961651101753952,0.5859020991302608
897,6.586832464132774,0.056146927868588214,0.36422536926243554,0.002256351399309131,0.6335182793382553
898,5.85367289626183,0.05967035976453694,0.30847774130027816,0.008085666206490871,0.683436592493231
899,7.071024694661295,0.08755611464920143,0.42500465263606135,0.008017908512174987,0.5669774388517637
900,6.109591238243993,0.022862409438340947,0.3241652553438445,0.004599109748310848,0.6712356349078447
901,6.477341844617458,0.17057071982487937,0.35094799297518575,0.013427415485821603,0.6356245915389926
902,5.087447915297028,0.1024972885133506,0.2656126226122088,0.0037357772680104984,0.7306516001197807
903,6.801889612554525,0.3052299275045751,0.3843767932420047,0.008563044804713149,0.6070601619532822
904,6.373780074404572,0.1571333459174209,0.35365841103281875,0.012360745935951545,0.6339808430312297
905,5.075863762275848,-0.10783288484177422,0.304403878059271,0.012436516025758626,0.6831596059149704
906,5.176000882240281,-0.002379427203974771,0.3061151803870751,0.007754846886255606,0.6861299727266693
907,6.124131953464471,0.1678964379932335,0.3758403686137001,0.0050388483182667865,0.6191207830680331
908,6.495356104982814,0.0710597118808094,0.3510750341223017,0.01173624009767349,0.6371887257800248
909,5.83128452320247,-0.045891204314349565,0.33077840216001597,0.017207471906217076,0.652014125933767
910,6.86300583592889,0.13817912341628436,0.3837128986049867,0.004226914836509166,0.6120601865585041
911,5.178831877263142,-0.04400052797830156,0.29387081063392206,0.007514930374981299,0.6986142589910966
912,6.497721458064788,0.1154257047981666,0.3717295591091775,0.00569448941609918,0.6225759514747233
913,6.783160725969752,0.08575706529416571,0.39886869489439003,0.01148776002459595,0.589643545081014
914,5.902145882831172,-0.11516462991155052,0.35087865405044094,0.017083191850204682,0.6320381540993544
915,5.7403359073808415,-0.10182708281852104,0.32465107646374425,0.009362690652954808,0.6659862328833009
916,6.537131860689382,0.09354184755021144,0.36453509384501664,0.011496853857618172,0.6239680522973652
917,5.054996350471073,-0.053996866189132575,0.31096613742094825,0.01875029400261574,0.670283568576436
918,6.374373408301676,0.16896789771608312,0.34941997499152055,0.005462300279413745,0.6451177247290657
919,5.8835530826066895,-0.02421403226878649,0.27066465102602777,0.00940699466863415,0.7199283543053381
920,5.666257937769973,-0.08237180839810865,0.3518802095047327,0.018689292879606467,0.6294304976156608
921,5.134605530299333,-0.031633700238882234,0.32299645972727414,0.015575977709509636,0.6614275625632162
922,6.444109866784604,0.23199576969856928,0.3469549012095647,0.010559890368576907,0.6424852084218584
923,6.314229881881618,0.09438014832014652,0.3570295712566683,0.012239101572088129,0.6307313271712436
924,6.479447712123632,0.10245829644231286,0.3883365113495747,0.006909532995445833,0.6047539556549795
925,6.247973501624154,-0.16903841292360866,0.330154570208002,0.03350541703293641,0.6363400127590616
926,6.059410892516365,-0.06676553896595472,0.3839477644231889,0.015201208646136943,0.6008510269306742
927,5.654411069221373,-0.09725606196187453,0.31144947823104807,0.01328442531943197,0.67526609644952
928,6.475842601164188,0.2119580080736343,0.36271193511798033,0.005772202656348868,0.6315158622256708
929,6.726000560757878,0.013409494368743502,0.4038269137940602,0.016075593676364575,0.5800974925295752
930,7.043640527330516,0.0872734963943902,0.3445775356170069,0.007950520558644203,0.6474719438243489
931,6.3413871329832325,0.052531339103049746,0.3396673288942806,0.00434228044162438,0.655990390664095
932,7.223783001725422,0.4277941688436373,0.37653933089255825,0.012648334816698859,0.6108123342907429
933,6.659279399337445,0.06894232214110119,0.3882586158696093,0.0031033397546910146,0.6086380443756997
934,5.163108249788332,-0.08472630848540597,0.32996143673412165,0.020032471656331763,0.6500060916095466
935,6.030751582145852,0.04237408510254781,0.35352973536570037,0.006756567020258231,0.6397136976140414
936,5.903985259398181,-0.08987422276212786,0.31545721038651015,0.012120802056448221,0.6724219875570416
937,5.848526000268215,0.24115874261502235,0.3259516216813266,0.0058027042840696486,0.6682456740346038
938,6.264290108324509,0.2761086601653533,0.32084763121575277,0.006961343286350563,0.6721910254978967
939,5.970481412556339,0.09695214915706352,0.31993467604122366,0.002812430181341752,0.6772528937774346
940,6.142491150337621,0.015131246642800633,0.36557133544454506,0.01961199253958995,0.614816672015865
941,5.564799717132756,-0.10246767496345388,0.31938752313666946,0.01227277916199726,0.6683396977013333
942,7.503823033544803,0.2916660551862744,0.3523008781148959,0.01129696648560402,0.6364021553995001
943,5.310916003728689,-0.08276675697335367,0.3294947972591153,0.013278626035929053,0.6572265767049557
944,7.0989588930561505,0.10251949305806107,0.3756254332938032,0.004899885483988509,0.6194746812222083
945,5.938740530895683,0.19096893739078613,0.3093530858895057,0.003984811709144664,0.6866621024013496
946,7.007082368211782,0.12070517068907805,0.4035268485062649,0.010761727763820284,0.5857114237299148
947,7.2207199035045555,0.08152730202175373,0.3925321934447679,0.01513353264219136,0.5923342739130407
948,6.1815329899845874,0.04986858476955547,0.36995727489315927,0.0031286198593552528,0.6269141052474855
949,6.868041082134912,0.15158120322753454,0.3745072479398455,0.005434279735222647,0.6200584723249318
950,6.961333982350546,0.05181850103933261,0.37585867426474184,0.007686263728173159,0.616455062007085
951,5.435937567609345,0.10254032145849301,0.2810885004533557,0.0026282781013235446,0.7162832214453208
952,5.457017740402208,0.0019136555037402303,0.3396471571867865,0.012655034990020742,0.6476978078231928
953,6.059425732931064,-0.07083313967645388,0.3785355037486402,0.017921992275415244,0.6035425039759446
954,5.76711856520123,0.1512798415599308,0.3404840851836766,0.0029690708730655824,0.6565468439432578
955,6.555019189032854,-0.09332396890225869,0.33954382196512983,0.01716764326395176,0.6432885347709184
956,5.556604969628563,0.10269344110915757,0.32372954506413765,0.006748193097512067,0.6695222618383503
957,6.275531146742684,0.07023223181269866,0.3723169835134481,0.006529077992962096,0.6211539384935898
958,5.7636944644300305,0.14483054578482157,0.2886595678500853,0.0022696241019969365,0.7090708080479178
959,6.485961518554525,0.407906168449367,0.35978459401856555,0.01424078437234233,0.6259746216090921
960,5.731836421191102,-0.08312747963417877,0.33370254473227645,0.02480075484193911,0.6414967004257844
961,6.024096106678101,0.02640313929928162,0.3308742193545754,0.003384525008475414,0.6657412556369492
962,5.579653157303119,-0.028151020041193853,0.296254146576104,0.006952928660351965,0.696792924763544
963,6.038498539228854,0.11905073686885981,0.3419999305100307,0.0038386155723021953,0.6541614539176671
964,5.348012800515741,-0.12377485056699822,0.32563998547881,0.01540239397049914,0.6589576205506908
965,6.364078323897904,0.24892898290098042,0.34381534439988676,0.006031415880914215,0.650153239719199
966,6.379933264856977,0.13631219295747599,0.38744860811428067,0.004856036783016993,0.6076953551027023
967,5.991281091668991,0.02013815861092283,0.3130020715374243,0.011518533602185133,0.6754793948603905
968,5.57376927786291,-0.03550317726738239,0.3368421068398648,0.013217979003137037,0.6499399141569981
969,6.315773322698376,0.014874548157387757,0.35650541522227325,0.009766948828919209,0.6337276359488075
970,6.300465373467028,0.11626961437412842,0.3849229968978385,0.007079532968743085,0.6079974701334184
971,6.471092643794735,-0.05078444515730851,0.38361731001665417,0.015266513652982316,0.6011161763303635
972,7.266758573097,0.27107005704465337,0.3818859878664745,0.005930342946936451,0.6121836691865891
973,5.884501544221905,0.037331980454972324,0.3405031634961932,0.007477147805414364,0.6520196886983924
974,6.124235410950278,0.09486735312020755,0.3014379762329751,0.00449895884334528,0.6940630649236796
975,5.676381144762871,0.07390100104052522,0.3158955659973693,0.0049525087711556615,0.679151925231475
976,6.65633385417915,0.13471455057072657,0.41060602178962824,0.007511270641457957,0.5818827075689138
977,6.499413849335118,-0.0029988855907481238,0.3654734802390106,0.011037009843959389,0.62348950991703
978,6.6839578734646885,0.1438246029814767,0.36218674816539037,0.007106649449851676,0.630706602384758
979,7.1959812279659845,0.20784848243504062,0.3802626863383194,0.006107833238023219,0.6136294804236574
980,6.297755692191933,0.06525922451063781,0.34427569599536584,0.007353022616140181,0.648371281388494
981,6.834634130144595,-0.031978290587758806,0.37342909387731194,0.010744852389413917,0.6158260537332741
982,6.375275518752103,0.000541710537295792,0.3953036794056483,0.0054103688468709055,0.5992859517474808
983,5.766722488703876,-0.1304207360943579,0.34609138692664093,0.020305472960081616,0.6336031401132775
984,5.292168603922339,-0.045654038821290044,0.29000752640299904,0.012957925874023057,0.6970345477229779
985,6.7492669862148285,0.07746624350759035,0.36701077414516614,0.0054580085698886505,0.6275312172849452
986,6.1089581613069885,0.13939968457079477,0.3168843218834328,0.005340951023897478,0.6777747270926697
987,6.185126267044125,0.038580170200697594,0.35196117709771824,0.007367507073189339,0.6406713158290924
988,6.112683372735928,0.13266086028765134,0.3417429563403098,0.004894875945323451,0.6533621677143667
989,6.666537023945789,0.14441646162655886,0.38917355276311894,0.0056720888286448945,0.6051543584082362
990,6.160013794663831,-0.008433236676257394,0.3317988130777057,0.004511101422214725,0.6636900855000796
991,6.9554577458750835,0.1984464125763612,0.37543687629362715,0.005884732645242641,0.6186783910611302
992,6.359641904171549,0.12848662643744024,0.32748748207787154,0.008577004048305359,0.6639355138738231
993,6.095256651817208,0.15185141741244745,0.3170597725978614,0.0038750451371685757,0.67906518226497
994,6.331123347192132,-0.06965022031953882,0.34004825936204586,0.014592266420765942,0.6453594742171882
995,5.861946996246052,-0.07572359905190229,0.3120510206080919,0.011331378531126701,0.6766176008607814
996,5.486858205121812,-0.02569001022374362,0.321277539583401,0.009388636872333378,0.6693338235442656
997,6.504606935856685,-0.028331117422856877,0.37020206361040325,0.007219329965848009,0.6225786064237487
998,5.852675097383801,-0.07308334791222215,0.35799732718770727,0.020793781735776395,0.6212088910765163
999,6.301422512525433,-0.06620125433207669,0.34551122396946876,0.017161263979148078,0.6373275120513832
1000,6.036913198414789,0.0581927205123387,0.3574202893322567,0.004811286242266843,0.6377684244254764
1001,5.868456817088527,0.009381588581663713,0.2834304328863392,0.0025795149913571125,0.7139900521223037
1002,6.79522493502998,-0.02865446786399506,0.3693402333214956,0.009290665659105912,0.6213691010193985
1003,5.731706361206647,0.0887450127562266,0.3306468018608213,0.003301173033135818,0.6660520251060429
1004,7.915303545664189,0.3079926322938009,0.40084041365163964,0.008719014452672924,0.5904405718956874
1005,5.0221147015353935,0.007067968797227486,0.3026258539888634,0.011070619839512241,0.6863035261716244
1006,6.124979329907351,-0.01684046475447154,0.33595044142484803,0.001441759595524561,0.6626077989796274
1007,6.4198830245551015,0.12771355076486213,0.35136306603788336,0.003945247946529951,0.6446916860155867
1008,6.356646608632554,0.11397861208907312,0.37080274035801875,0.002594842550294074,0.6266024170916872
1009,5.803303110361268,0.037176639979278114,0.3555527376009214,0.016275267692374473,0.6281719947067042
1010,5.632727523314529,0.16110042632991917,0.35218604432345485,0.005643527488625011,0.6421704281879201
1011,6.531089266483788,0.08964138304876723,0.35255491404923767,0.009265396376544555,0.6381796895742178
1012,5.660408223640862,0.06751109780371412,0.3472162613053776,0.008858653383826576,0.6439250853107958
1013,5.730933780646804,0.041170285560186315,0.3038438930925323,0.005468612527419092,0.6906874943800486
1014,6.064571952564826,0.03158146871564149,0.3359655642906828,0.009630131756870441,0.6544043039524468
1015,5.736685499822001,0.04420031430314353,0.3426218655204744,0.012384320710628172,0.6449938137688974
1016,6.630376860434095,0.15959895308326466,0.38126381927854897,0.003681593362271751,0.6150545873591793
1017,5.6129194569996,0.02380999357971625,0.3216380471000608,0.009738508617241293,0.6686234442826979
1018,5.849667269714295,0.06966871219345627,0.3310742703697732,0.00651718338067242,0.6624085462495544
1019,6.448114511631951,0.021080522234967702,0.3843534098649568,0.009082157067782592,0.6065644330672606
1020,6.474911199614467,0.007297293204340249,0.3907857784991739,0.004778429479328439,0.6044357920214977
1021,6.320990759929169,-0.07001600926900231,0.3538833127155382,0.01731913324318657,0.6287975540412752
1022,5.5722521588453935,0.036150720747390785,0.35985091913726636,0.012707338315272765,0.6274417425474609
1023,6.3030325355761825,0.05065430437737817,0.35846993504925545,0.012233210562343111,0.6292968543884014
1024,6.406605302166897,0.09002931877909148,0.37336629585563647,0.009893405057613658,0.6167402990867499
1025,5.469244600075318,-0.08379360261284585,0.3162122472477767,0.013443049884221014,0.6703447028680023
1026,6.703847253699575,0.07631946319133753,0.38778757147435255,0.009334838879742569,0.6028775896459049
1027,5.024735132459387,0.14058650279314477,0.28404140933175465,0.005864579507061152,0.7100940111611842
1028,6.593472613029648,0.19592779276042904,0.36768603040655073,0.007252039066700411,0.6250619305267489
1029,5.869386987082585,0.02902529599204584,0.31980499464165973,0.006978375991396113,0.6732166293669442
1030,6.866847625026039,0.10726051240687173,0.4126239125272362,0.007993982316168102,0.5793821051565957
1031,5.919685326862753,-0.11147212416834229,0.32305147328193534,0.013333525736578034,0.6636150009814866
1032,6.302890939233415,0.12426191901179173,0.3207506203688659,0.0042571512130693545,0.6749922284180647
1033,6.203912364180338,-0.08052313460688865,0.361934425553546,0.023977277172065714,0.6140882972743883
1034,6.069314157599041,0.035786804498116886,0.3126994308103917,0.004928887830826512,0.6823716813587818
1035,6.278246251559406,-0.03410926993297014,0.3454970311931016,0.012847003720586891,0.6416559650863115
1036,6.930361380078487,0.21864975732132041,0.3679416371747099,0.004376279626664037,0.6276820831986261
1037,6.6274437931360906,-0.03736941416023143,0.3698112959415417,0.009732474656068635,0.6204562294023896
1038,5.343095777682551,-0.04826711152496621,0.3226512537184806,0.010965779588228974,0.6663829666932904
1039,5.422731568842262,0.05781667137227231,0.29675322086223854,0.0042555939981774316,0.698991185139584
1040,5.563168676728865,-0.11653007714612507,0.32466650497998667,0.00991815588566286,0.6654153391343505
1041,5.383182119538057,0.08161126714797451,0.295080460247486,0.005269279959363993,0.69965025979315
1042,6.734974267399806,0.08369027621725333,0.37040312519210544,0.006417001461037353,0.6231798733468572
1043,6.297802138646931,0.3157765714153147,0.3063071930947195,0.009915439909841728,0.6837773669954388
1044,6.576989990122357,0.1723490218368955,0.35313175840603145,0.0037398469342517227,0.6431283946597168
1045,6.168966704242718,-0.027848764743609422,0.36227032178317653,0.002863346321563265,0.6348663318952602
1046,7.229830907940704,0.1415213768488286,0.41293506914657585,0.006330384891607088,0.5807345459618171
1047,6.808761811385748,0.1710530868150144,0.4021497187000358,0.005705546870526712,0.5921447344294375
1048,6.346259535194135,0.027576333689807164,0.3364362094375619,0.009470771276323897,0.6540930192861142
1049,6.546330731051734,0.08758627256522189,0.3545662240582864,0.008257544423349472,0.6371762315183641
1050,5.805945088369755,-0.07542880089612503,0.364036381256807,0.0192201866782879,0.6167434320649051
1051,6.171293119785839,-0.0728851270612596,0.34163310558713444,0.0117361642140823,0.6466307301987833
1052,5.736121193912966,0.15350189859965546,0.32703700248012396,0.005030484016890158,0.6679325135029859
1053,6.985667378500139,0.1771388441024886,0.3641732854506331,0.004225933862955444,0.6316007806864115
1054,6.317333007308621,0.15638558334121022,0.3656753889832726,0.0025145752897690055,0.6318100357269584
1055,5.850239387298079,0.15117650666786098,0.32084199121447243,0.006840642359411397,0.6723173664261162
1056,6.173061485156732,-0.07961083503536326,0.31752854437767497,0.00939144943778436,0.6730800061845407
1057,5.617084489343719,-0.03904475339853608,0.28554822701481464,0.011412060107171884,0.7030397128780135
1058,6.18616567218969,0.19018509509072778,0.3726934353960747,0.005307290437047363,0.621999274166878
1059,6.0341256775556875,0.18743977211272433,0.3657969800980674,0.004696100895649757,0.6295069190062829
1060,6.329464052576238,0.2102897966919519,0.38339067943999583,0.004825916605204594,0.6117834039547996
1061,6.218386123188196,0.10873425466599063,0.35482723652958703,0.006802158843983608,0.6383706046264294
1062,5.6558160502862735,-0.07442756185196409,0.34397944065419156,0.014438472689305704,0.6415820866565027
1063,5.524314027828038,0.042507566903966065,0.29045696058279685,0.00805318564599472,0.7014898537712084
1064,6.7216352232120515,0.37635590519356565,0.34616268720224624,0.011914726067793369,0.6419225867299604
1065,5.613105377956712,0.09677935724258635,0.30447827680546097,0.012337566186309268,0.6831841570082298
1066,7.451261244478205,0.18234069341019232,0.37565771340390136,0.0037128627588142726,0.6206294238372844
1067,6.619310973225741,0.07355326572601228,0.4090672822988518,0.0024178394561715777,0.5885148782449766
1068,6.395438103108924,0.005351420278109309,0.3530986279080293,0.019079119405446876,0.6278222526865238
1069,5.718057281895607,0.14509542544595,0.3205040059592869,0.0040028512418230355,0.6754931427988901
1070,6.061167962149312,0.19361647982923547,0.3091925921030691,0.0029307624375454755,0.6878766454593854
1071,5.774521663167602,-0.006872166614924069,0.33650599714588614,0.009530379711043091,0.6539636231430708
1072,6.80288606876562,0.15462613683219306,0.38378805772869834,0.009009389459893102,0.6072025528114086
1073,6.61771089454659,0.17599348995368835,0.33270891622409293,0.008645539806575231,0.6586455439693318
1074,5.973865950453343,0.017069995170589713,0.3661143491193869,0.009355078659943339,0.6245305722206698
1075,6.0848412017680555,0.04674581181071158,0.3464239238138086,0.003813423795152704,0.6497626523910387
1076,6.693753702825556,-0.055496953610997046,0.347772223541806,0.01020599057795829,0.6420217858802357
1077,5.297148545558394,0.10238600932339637,0.30159102085230716,0.0049530204769443475,0.6934559586707485
1078,5.928688905853813,-0.015708588748031715,0.320848117971819,0.00998612853418146,0.6691657534939995
1079,7.095395550991186,-0.04187372968556691,0.3648559892406887,0.007520265814016935,0.6276237449452944
1080,5.359194627366761,-0.011119076168025543,0.3199004197540271,0.009801300213182873,0.67029828003279
1081,6.106665843810224,0.08621958012941366,0.3085615924539511,0.00679107226629716,0.6846473352797517
1082,6.067922701183081,-0.14162289455339128,0.32661853296439214,0.018862057393178477,0.6545194096424294
1083,6.678015934054305,-0.13011296479625578,0.3830222681642396,0.021698744050911933,0.5952789877848484
1084,6.018346644900893,-0.04580577325527191,0.32251179959359183,0.012173185139279286,0.6653150152671289
1085,7.209393322376479,0.1517097222104029,0.38046154516959146,0.004786688970970732,0.6147517658594378
1086,5.97019840517355,0.07054980187011939,0.30627546970308195,0.004834571446408087,0.68888995885051
1087,7.380072756519553,0.13362594264161842,0.43757175415791566,0.0075599661323780265,0.5548682797097063
1088,7.848010992309515,0.14578808392611986,0.4020301884018695,0.0061201993894192674,0.5918496122087112
1089,5.745778464760675,-0.00601302973634521,0.3153081523465103,0.011031667517105215,0.6736601801363845
1090,6.256461200705013,0.11185180774714798,0.3502155616483951,0.005492051847223733,0.6442923865043811
1091,5.76347191287225,-0.06846013599871181,0.3088763247683224,0.014339350859891575,0.676784324371786
1092,5.534460703292092,0.06568701760845208,0.3103411575308083,0.01400471333048564,0.675654129138706
1093,7.356394160824508,0.03937297268345041,0.39359442474762113,0.012981746619067536,0.5934238286333113
1094,5.247810758466815,-0.04581955487718137,0.27040057010354485,0.007565911149551241,0.7220335187469039
1095,6.055012357882365,0.05667559123805521,0.3735658424358943,0.015607835521476598,0.6108263220426291
1096,6.112198184474684,0.10279570850561548,0.358333088714165,0.006961234390025606,0.6347056768958094
1097,6.622815456486856,-0.00960216629153976,0.3249547244125393,0.006882841819856933,0.6681624337676038
1098,5.70133074425857,0.02066059580891988,0.36079527102409914,0.013505679680448246,0.6256990492954526
1099,6.588631000972031,0.1185234749664632,0.3791044007809435,0.002689629639676727,0.6182059695793798
1100,6.049836051063158,0.07306685371338961,0.33679880436463855,0.0063242353110997684,0.6568769603242617
1101,6.012161861039769,0.07481472497678343,0.3279926222031015,0.007361325962581267,0.6646460518343172
1102,7.172312571961703,0.10437060378766105,0.3704117002818788,0.007832200255458333,0.6217560994626629
1103,6.621929166626693,0.21640871230286418,0.3451584377085608,0.006831773110541284,0.6480097891808979
1104,7.230125988850482,0.04466497947721049,0.4117741150496575,0.011779082400774132,0.5764468025495684
1105,6.662410187698027,0.27699133566162626,0.3277355339924981,0.006658469012359225,0.6656059969951427
1106,7.160785599006363,0.047142667215792855,0.3526211874567194,0.003980470900194766,0.6433983416430858
1107,6.541647047907189,0.2920503024939407,0.30338923828676684,0.006370699356860465,0.6902400623563727
1108,5.1214085482753315,0.07145270723981678,0.32015540347036786,0.0030352498169213815,0.6768093467127108
1109,5.973379732860995,-0.13553212190704134,0.31938901604697106,0.016182968225851913,0.664428015727177
1110,6.291830921993451,0.08025413869335019,0.3508338737707034,0.004835021177470589,0.644331105051826
1111,7.295933113515675,0.048149502750813866,0.3846791365157793,0.006689784049024705,0.608631079435196
1112,6.752529685744718,-0.008332612121051852,0.37567157220594655,0.008281189442711778,0.6160472383513417
1113,6.46141383603573,0.006197305422389832,0.3687856151026702,0.018372739130750937,0.6128416457665788
1114,6.4188671714265695,0.14067367413326615,0.3125097724334448,0.0037141966786178315,0.6837760308879374
1115,5.633031785994126,0.1159145229942471,0.31873546041317524,0.004612142594635382,0.6766523969921894
1116,5.786448969437087,-0.1733979539573589,0.3235238854209988,0.030738140741128406,0.6457379738378728
1117,5.9637537364754625,0.024124858179920494,0.3169459388730671,0.011623488227315182,0.6714305728996177
1118,5.734224798635553,0.08246699234651533,0.31465179803237253,0.004086834973091147,0.6812613669945363
1119,6.8182846065302165,0.013222021150381735,0.31403815356413883,0.008365584132148662,0.6775962623037125
1120,6.505291584766803,0.024375233048846034,0.3307546915795713,0.008240703890041001,0.6610046045303877
1121,5.920909688316494,0.10251289449067702,0.33046134871147,0.00511618069273595,0.6644224705957941
1122,6.020761088361299,0.0030757012124595917,0.3343761373792488,0.012436217700517005,0.6531876449202342
1123,6.094399671570738,-0.10905067935765,0.32488184233545014,0.017191190968872117,0.6579269666956777
1124,6.875920708820772,0.12338374808633112,0.39210341617825134,0.005300635587971503,0.6025959482337772
1125,6.006063345120601,0.13879140553790492,0.3194352418395549,0.00472963146323685,0.6758351266972082
1126,6.010435931967719,0.06789298445258574,0.3272667894428625,0.001596780311750201,0.6711364302453873
1127,6.235424807386798,0.11926740315482931,0.30124380449334753,0.006710559204705424,0.692045636301947
1128,5.972527979337749,-0.11406190530332871,0.32996160915669276,0.014541340264044245,0.655497050579263
1129,6.182311363390361,0.1583527201110151,0.30235247504578117,0.003684557546851319,0.6939629674073675
1130,5.84462284568032,-0.03854979623389898,0.3670171286707949,0.02240654457776864,0.6105763267514365
1131,5.997295968942943,0.21101533829506813,0.33047482439686365,0.006546128520866279,0.6629790470822701
1132,6.191641720754932,0.07853853714734349,0.37290958682184594,0.011470477000957824,0.6156199361771962
1133,6.070698139394316,0.1270605344674678,0.3598396685417967,0.003826481912296731,0.6363338495459065
1134,6.161170901104068,0.31685889795589706,0.3019747509977513,0.008550158777047678,0.689475090225201
1135,5.53449804473611,-0.03858817292680161,0.3430437243588326,0.014246817431707692,0.6427094582094597
1136,6.4695922635782015,-0.08857450486321383,0.361278293151748,0.02675778511054072,0.6119639217377113
1137,5.948813798031328,0.24495367519661748,0.2986359886139168,0.005083527821876377,0.6962804835642068
1138,5.986862242389179,0.05012727850343435,0.3649566219370438,0.007986008764114816,0.6270573692988414
1139,7.28286400328653,0.11703143370475733,0.38275059545864887,0.008615781495014185,0.608633623046337
1140,6.512935163787243,0.1623627223454287,0.34256248155795754,0.007476028429013293,0.6499614900130292
1141,6.778388278250689,0.19811249497185113,0.3807068210346808,0.010894689067982744,0.6083984898973365
1142,5.394525970350347,-0.053870579983385625,0.32049358254204974,0.010510773499979753,0.6689956439579705
1143,6.29102133469262,0.06819869746931762,0.40030233479399113,0.014026282882893426,0.5856713823231154
1144,6.371803670493368,0.02370672828824194,0.3425156619528736,0.0066945094328937915,0.6507898286142326
1145,6.380390369324085,0.08501917644168966,0.3756124297904674,0.0038898542203420483,0.6204977159891906
1146,6.013106459919044,0.18768446773415803,0.3277583571221862,0.012890841056249991,0.6593508018215638
1147,6.386323639495683,0.10669091226681271,0.34736836119311143,0.0025806815733835364,0.650050957233505
1148,5.926120329301706,0.01334623870382945,0.35156176010065904,0.006519935598111981,0.641918304301229
1149,6.383361659751751,0.13823827684453516,0.35952743981531227,0.00995574318191289,0.6305168170027748
1150,5.903657801043757,-0.10876617464628513,0.3679087439511276,0.017140770101443215,0.6149504859474292
1151,5.430920660695537,0.04210547758544614,0.31473508526910265,0.011506267750232335,0.673758646980665
1152,5.767704900865917,-0.02363645896397415,0.3454152558378839,0.010808426418844275,0.6437763177432718
1153,5.341840703647919,-0.08272009320292728,0.2896045485102419,0.014241002843798756,0.6961544486459593
1154,6.630664637624608,0.10030455113738679,0.36970148660967406,0.011906333873737296,0.6183921795165886
1155,6.339203731350002,0.10722675469916965,0.372156464446881,0.004012470790429545,0.6238310647626895
1156,7.103242402531715,-0.005937615680609909,0.37679998217031224,0.0148389074226844,0.6083611104070034
1157,6.602838609807039,0.11371742286171838,0.3696543321911343,0.002549459320602243,0.6277962084882635
1158,6.5235483889992265,0.0694880498936934,0.41192777679589954,0.011065004143705592,0.5770072190603949
1159,6.0745695029129845,0.02794464965964316,0.3587939546062555,0.014342143989868439,0.626863901403876
1160,6.945315984186667,0.18383224935534415,0.38122985874883203,0.0046403492176240735,0.6141297920335439
1161,6.735316791400836,-0.02963229974034398,0.41260574986289883,0.007605083885403208,0.579789166251698
1162,5.751852453827769,0.16918596544738662,0.33117876867135654,0.0054901188015181734,0.6633311125271253
1163,5.401125954400761,-0.1604482282513917,0.317630389798282,0.019937637943627295,0.6624319722580907
1164,6.259765753872145,0.19682111958483528,0.3517961276159422,0.005850578971769604,0.6423532934122882
1165,6.857997886669915,0.35448087899945957,0.42926687989878776,0.011293063356035415,0.5594400567451768
1166,6.592037465485885,0.0015352858085710963,0.3776571273821178,0.011208801447803729,0.6111340711700785
1167,6.747557236908005,0.1729488705843618,0.4015604991573433,0.005586085189612955,0.5928534156530437
1168,6.785174128589173,0.14977565957258854,0.3339322583092758,0.00391975959912122,0.662147982091603
1169,6.008701874333778,0.1560585046539078,0.3193634350424643,0.0037802943149836676,0.676856270642552
1170,6.23250749844501,-0.0008191876773642193,0.3775265556038166,0.015085776704138631,0.6073876676920448
1171,6.576443889850418,0.1286423451242582,0.4004093082024323,0.008760389638910293,0.5908303021586574
1172,6.474495281025484,0.08836392657636871,0.41160159810494473,0.008731137894411212,0.5796672640006441
1173,6.608318203446743,0.29978239644584814,0.3720896182529344,0.00670454987718061,0.621205831869885
1174,6.755612439849282,0.17869946371841916,0.37720899287965826,0.005829655126439182,0.6169613519939026
1175,6.6286130539737425,0.220650631144502,0.35094209446737806,0.011181839170966767,0.6378760663616552
1176,6.274082530517177,0.12957175441612456,0.3268509618708159,0.011564339491586806,0.6615846986375973
1177,6.380132071543384,0.049762372915601816,0.34026893403998354,0.004295847941100217,0.6554352180189162
1178,6.894058968143718,0.06398824974682871,0.39128121940863053,0.006657659192776222,0.6020611213985932
1179,5.675003604847539,0.16211096998380725,0.33454953198139775,0.005745648796211034,0.6597048192223912
1180,6.798291396658194,0.25827198318768296,0.37060810984236436,0.005420640661218945,0.6239712494964167
1181,6.091380521099209,0.17685066879141687,0.32563298666455714,0.003667586595320682,0.6706994267401222
1182,6.286272773634205,0.0035415304591523977,0.37579893162706146,0.003383970371211187,0.6208170980017274
1183,6.251368768882444,-0.13895360387974787,0.39985712081221597,0.019761939804823492,0.5803809393829605
1184,4.966583250207343,-0.06508240017837963,0.2784344026010673,0.012158766084910677,0.709406831314022
1185,5.296640492542559,-0.05863816270279543,0.3384009170253722,0.019096752179392662,0.6425023307952351
1186,6.932632656554981,0.1721029080947245,0.382137068199023,0.005799994946230347,0.6120629368547467
1187,6.630240130069437,0.2826711647963345,0.3463656698413266,0.006226464768137874,0.6474078653905355
1188,6.544849937251227,-0.007632385389063856,0.4007906874343575,0.011197130372483544,0.588012182193159
1189,5.669333950688406,0.06486360258652546,0.31872864990218175,0.009802947757562408,0.6714684023402558
1190,6.15628549277677,0.08824790178107644,0.31899055388177266,0.005837793516050738,0.6751716526021766
1191,5.876250328656436,-0.06581074967072453,0.326420509451447,0.014215815689172462,0.6593636748593805
1192,5.9608450469212695,-0.017099913766601915,0.3041770135988542,0.010784013158246952,0.6850389732428989
1193,6.339881563450666,0.1966427065387526,0.31938006965046084,0.007031283222162399,0.6735886471273768
1194,5.893321816346826,-0.06164331585274674,0.3186106339621085,0.009221372988354404,0.6721679930495371
1195,6.123435978739708,0.0012039726311048327,0.3328178163659556,0.01509587568943943,0.652086307944605
1196,6.287549806333639,0.3145331042657693,0.2900420315271782,0.008098310894831373,0.7018596575779904
1197,7.499457532330265,0.37231191578680534,0.3967999458766306,0.010865576016722,0.5923344781066474
1198,6.399239323253154,0.18862028288736266,0.3719569026044707,0.004414800614659042,0.6236282967808703
1199,6.407551754438558,0.01799932667068127,0.36672608232367526,0.009728948037730334,0.6235449696385944
1200,6.307520614409679,0.012945616853306419,0.398207016767936,0.011591986764787565,0.5902009964672764
1201,5.824370842306628,0.2564220849626233,0.3562602525621426,0.006953116528404857,0.6367866309094525
1202,6.060103529447367,-0.04896512891831506,0.353896388147309,0.015570172997498355,0.6305334388551926
1203,6.005256290525173,0.15449958526320628,0.35160854147451837,0.002736281451336975,0.6456551770741447
1204,5.131309955206441,-0.011997595514918302,0.2729887425503538,0.0076252946117763565,0.7193859628378698
1205,6.534496141484649,0.015098220786121885,0.3503784748571181,0.007292127414691818,0.6423293977281901
1206,6.195972991529608,0.24994322758771492,0.33987104038706717,0.007691841193625204,0.6524371184193076
1207,7.234571122806439,0.1395115787785297,0.39103318523320024,0.005875751223479442,0.6030910635433203
1208,6.0295503031681585,0.030665187047409503,0.3544430045760983,0.012756866186195925,0.6328001292377058
1209,6.420513820818073,-0.10122515532238463,0.37643044254149016,0.017469089094349965,0.6061004683641599
1210,5.791256365400342,0.1910450514322477,0.3553675699665898,0.004555784539623353,0.6400766454937868
1211,6.699863738223066,0.1268325804829855,0.3086590611216331,0.008216891109405822,0.6831240477689611
1212,6.402855148060194,0.06097541080154656,0.3512418526892799,0.004485436274079935,0.6442727110366402
1213,6.1815769911648175,0.004615858864013056,0.3800518875552939,0.007741536186865072,0.612206576257841
1214,5.875186973274799,0.05734683073120017,0.3239272017746707,0.004865392427308657,0.6712074057980206
1215,6.9034245844009865,-0.16715709556456204,0.3710431800368817,0.019980456045990247,0.6089763639171281
1216,6.53803948555958,0.027231741284396094,0.34252975725451723,0.007627357640979382,0.6498428851045034
1217,7.107329166991894,0.1658793554516702,0.37152209426197075,0.004598702241720487,0.6238792034963088
1218,5.942775231351984,0.05126476339556518,0.3329788265940193,0.004885076712309255,0.6621360966936715
1219,5.768112839944931,-0.0809335794136059,0.35836371724905136,0.014709975297380051,0.6269263074535686
1220,6.044166473551506,-0.035837704962198735,0.35552810742063995,0.011300935753537578,0.6331709568258225
1221,6.824263445009997,0.04276213902748527,0.3813848865237075,0.004094651812632022,0.6145204616636605
1222,7.250826820222329,-0.047265281093489264,0.3778135002349513,0.013486469704924842,0.6087000300601239
1223,6.518154960530005,0.10360937059662945,0.38965690716546897,0.008221585476676951,0.6021215073578541
1224,6.732076204111376,0.025131067069308344,0.35275399590496515,0.0071739587281873796,0.6400720453668475
1225,6.105198160488206,0.010516546803755134,0.4038040233013078,0.020281655797687814,0.5759143209010044
1226,6.241826660357011,-0.06299576235881421,0.31144799790310157,0.012487169094050732,0.6760648330028477
1227,6.807805870416271,0.1666048238001041,0.36374099741140714,0.0048931297415147346,0.6313658728470781
1228,5.849765584431631,-0.012675812191691449,0.3296622782141775,0.012999942156587618,0.6573377796292349
1229,6.542652771072417,0.012871868871021874,0.4063654254488076,0.014021651543640323,0.5796129230075521
1230,6.21191047043834,-0.025913893362651486,0.33994272665016356,0.016755251397843063,0.6433020219519934
1231,6.204283925361474,0.12828161057201104,0.3859405003136805,0.00572561904926866,0.6083338806370509
1232,5.840360705672278,0.14484908592133827,0.38050997896556193,0.007121000164813651,0.6123690208696244
1233,6.066466434545468,-0.1393867393357926,0.3233910359520607,0.01807189232746148,0.6585370717204778
1234,5.679458284189614,-0.02268535385752557,0.31499687092611595,0.013766761919924653,0.6712363671539594
1235,5.374062095338931,0.010814697839681031,0.3372485241191882,0.009374418784562966,0.6533770570962488
1236,7.035641287345177,0.29313090668627684,0.36863016794787007,0.013197480215419,0.6181723518367109
1237,5.470567752185444,-0.02597528482968503,0.33647867981946805,0.018727840543074803,0.6447934796374571
1238,5.436813680907664,0.03904192412951524,0.3274194351833813,0.004613619627234333,0.6679669451893844
1239,5.9770662786394375,0.1443438437671949,0.31019871914124114,0.005900611160752411,0.6839006696980064
1240,6.222797487229165,-0.02721773602211286,0.3528251540358009,0.009507909677476889,0.6376669362867222
1241,6.032184238074567,-0.031862774049167264,0.3095508459432641,0.010660462963635542,0.6797886910931004
1242,6.6524808671802305,0.18858706174659634,0.3614111126377659,0.006097988209437577,0.6324908991527965
1243,6.114104232608889,0.033583956460768505,0.3750330258045198,0.005884552843229862,0.6190824213522503
1244,5.227132422891589,0.03656218937186573,0.2980953725295933,0.00428229145522474,0.697622336015182
1245,5.151256439109698,0.07981524083872849,0.30164048671808297,0.0042629408162973,0.6940965724656197
1246,6.715853916685197,0.09476115576328059,0.37485210458391927,0.007961276798574057,0.6171866186175067
1247,6.171834039966493,-0.04911823990594044,0.3279893805043759,0.011071935049034531,0.6609386844465895
1248,6.014021242543297,0.1251131465955151,0.34028574883106777,0.004571141910802656,0.6551431092581296
1249,6.777360784385283,0.1315146464062078,0.34854386193594533,0.004888625297914562,0.6465675127661401
1250,6.0534289718294,-0.004070502228834982,0.37768818157324263,0.005835648316647346,0.61647617011011
1251,6.569015329082293,0.14949454813923158,0.36819580127241,0.004311880900704279,0.6274923178268857
1252,6.8370095823082195,0.22996210516894244,0.3871583864262726,0.009678792496298605,0.6031628210774288
1253,6.458050400514367,0.16485277118575858,0.36735025927466014,0.00467092190283791,0.627978818822502
1254,5.750330102151038,0.09663121793484919,0.30385667789881793,0.003833473545785948,0.6923098485553961
1255,6.377316049419806,-0.021647873677109963,0.33598352785359753,0.009324639368346266,0.6546918327780562
1256,6.105261821577886,0.13851551036462517,0.34363901867306046,0.007213643156692595,0.649147338170247
1257,5.911487406250944,0.0588015715734409,0.34810469578149517,0.00995335813450915,0.6419419460839957
1258,6.076707675232047,0.019344133640524674,0.3685772465243811,0.00311680524308916,0.6283059482325297
1259,6.52239795736724,0.07498500205564618,0.3464031839403234,0.008193071558443343,0.6454037445012333
1260,6.131831330610382,0.08900344460582854,0.328934982001792,0.006391277273522122,0.6646737407246859
1261,6.329297894990152,0.14839869229609182,0.35461273881643,0.004235491382018675,0.6411517698015513
1262,5.430554444017872,0.07290111441027225,0.3302695868952771,0.010071109721381033,0.6596593033833419
1263,7.300976757341188,0.07988347083765657,0.4291531754136565,0.008617721843446002,0.5622291027428975
1264,6.316259781857074,0.02403808600401902,0.342903385333104,0.013574546947322796,0.6435220677195732
1265,6.749563110965611,-0.02199185068931442,0.3639450189799206,0.006958864940501686,0.6290961160795777
1266,6.419494053183237,0.2562983169664266,0.32759754499046406,0.005616744408361851,0.6667857106011741
1267,6.38811702861026,0.07056564262125331,0.37331172077372793,0.0051089691095276835,0.6215793101167444
1268,5.932480659157281,0.08347111039167565,0.33474788868524147,0.007807836927778922,0.6574442743869796
1269,6.641881281097025,0.07239660294519723,0.39171401475301515,0.007834646038278326,0.6004513392087065
1270,6.338981039495745,0.11845889517543817,0.33722719624000785,0.007459756422102837,0.6553130473378893
1271,6.711656798164876,0.11471514758750168,0.3212084750227023,0.00803543056912498,0.6707560944081727
1272,6.361700943255944,0.16162223790201935,0.37051185731490416,0.006975517513547025,0.6225126251715488
1273,6.008821360912756,0.06362531459029519,0.3849122599871232,0.007756609372366552,0.6073311306405103
1274,6.719188381324917,-0.03138412221058573,0.3720682164592127,0.013395303001440262,0.6145364805393471
1275,6.383234659275779,0.04559572978401061,0.3981015090079107,0.0058651749142596965,0.5960333160778296
1276,6.397605747884194,0.3245731826796243,0.3630126333082597,0.010369838619644356,0.6266175280720959
1277,5.683240087707689,0.11384093860028965,0.27188901505407476,0.0071358049013351965,0.72097518004459
1278,5.591438628877029,-0.02289545366997725,0.31886573283795916,0.00956247409288713,0.6715717930691537
1279,6.9777274842622585,0.18478290460688385,0.41960823213967685,0.006281317575288103,0.574110450285035
1280,5.617742829724062,0.05926013090002069,0.3131095643018054,0.0033061154578917784,0.6835843202403028
1281,5.540279587165682,-0.040078050871551696,0.3321252929794311,0.008713036036970434,0.6591616709835985
1282,6.329411598214127,0.18208500266293104,0.3693668844116025,0.005021873608529792,0.6256112419798677
1283,6.644434423372914,0.3577430509572883,0.3474073909626629,0.011504660559699398,0.6410879484776377
1284,6.205382618549835,-0.0013790291205104666,0.3677201973306327,0.013250784188838127,0.6190290184805292
1285,6.50683396208408,0.06822172465280385,0.343558401668167,0.005516839909834315,0.6509247584219987
1286,6.164512771564693,0.05973707975379661,0.36438418067036876,0.013051397195366243,0.622564422134265
1287,6.008118182260387,0.03081717128411743,0.35363556920008127,0.00573099622455614,0.6406334345753626
1288,5.506860265243391,0.04151329051610553,0.3040406766850053,0.003801546177113202,0.6921577771378815
1289,5.928250647687691,-0.01973702491562701,0.34471563672853955,0.011896836562995783,0.6433875267084647
1290,6.462977437508252,-0.04787082227250927,0.38274698466615953,0.020017072285918647,0.5972359430479218
1291,6.3150530668499885,-0.019048731505779237,0.3722704061983803,0.013583973933930904,0.6141456198676888
1292,5.758861002764558,0.024074714136387065,0.31830487718439227,0.00980771489927823,0.6718874079163295
1293,5.893209704957301,0.02261758692273208,0.3511737405846978,0.005944571634102391,0.6428816877811998
1294,6.084093347778607,0.1490711818855628,0.36796162548913025,0.006554017127355927,0.6254843573835138
1295,6.06589554573657,0.05657625921674736,0.34558558046216603,0.008798563139441273,0.6456158563983927
1296,6.056312266459822,0.22429701968874216,0.3575781143748748,0.006277389237357711,0.6361444963877675
1297,5.3160305942120685,0.09999308212094071,0.33452867068216174,0.004672001664898673,0.6607993276529396
1298,5.7339421507568185,-0.03482312466540716,0.3284233715146379,0.018097335343363274,0.6534792931419988
1299,6.009142833258007,0.12491190990549139,0.3305956005796538,0.0036438286781356743,0.6657605707422105
1300,6.919503002001157,0.15104536090566523,0.3709661199899352,0.004833501122577688,0.6242003788874871
1301,6.909389918272514,-0.049157915436017774,0.3749508524661246,0.011245329498203893,0.6138038180356715
1302,6.576546925296246,-0.16429198524761812,0.3896090762389863,0.0210410443343107,0.589349879426703
1303,6.953879865628377,0.040437210000107804,0.369480719606385,0.0016444146696054651,0.6288748657240095
1304,6.672623254715929,0.24696001659045486,0.38697798059004174,0.00838695062523398,0.6046350687847243
1305,5.820657840105093,0.1592240387157231,0.3186127908533466,0.006821291758988712,0.6745659173876647
1306,6.108926275565082,-0.04321800662101971,0.3527495162835126,0.015215821467468471,0.6320346622490189
1307,6.298610542641094,0.04827296865920516,0.33961259556148665,0.004957078784375402,0.655430325654138
1308,6.418829836968326,0.21228376161425366,0.3090918883827797,0.006732276226921963,0.6841758353902984
1309,6.028672827090619,0.0740905742166662,0.33066574780600616,0.0051389367855065315,0.6641953154084873
1310,5.872094338496685,0.009098656452468212,0.34926028561332023,0.009740634858905084,0.6409990795277747
1311,6.938420531427292,-0.051745420756589944,0.4186426004302091,0.019885170684714792,0.5614722288850761
1312,6.365239154783344,-0.06715484168145025,0.3602475993844479,0.01325816384569628,0.6264942367698558
1313,6.734068176932071,0.01812513475480948,0.4168053651027076,0.013365334457332345,0.56982930043996
1314,6.0737707260646925,-0.055472287319493496,0.3371617498653391,0.017711127032555174,0.6451271231021057
1315,6.103306291755505,-0.18279247000873955,0.33719859183504725,0.021860878073801382,0.6409405300911514
1316,6.2631294065693215,0.041141473124442385,0.33964048328712493,0.007569773892774356,0.6527897428201007
1317,5.157185669349729,-0.06936529790756474,0.31991030286492805,0.02325444375689023,0.6568352533781817
1318,5.9722296067215535,0.3620311124538196,0.2987953535989835,0.012315356487556717,0.6888892899134598
1319,6.427764982798488,0.008306150987495542,0.3021246201226769,0.007774560790682783,0.6901008190866403
1320,6.112016593393565,0.16507360690450223,0.35563930288716006,0.007205347033108489,0.6371553500797315
1321,6.179356253848191,-0.021498220759207598,0.3605032393710813,0.004589927781454395,0.6349068328474643
1322,5.436744797852368,-0.11445497399645888,0.29707154025514837,0.019145731499956686,0.6837827282448949
1323,5.4684186114958955,-0.002589603759483694,0.31023207020084337,0.013581413323533298,0.6761865164756233
1324,6.505417952336627,0.24872314929516293,0.39376724425363885,0.005501656972363489,0.6007310987739977
1325,7.219380563024454,0.04367234251109586,0.421117086875225,0.009767197405509798,0.5691157157192652
1326,6.570370274751865,-0.035713433932905936,0.36740588379150724,0.007338645365176755,0.625255470843316
1327,5.204326301142164,-0.0125423056344518,0.3069512827564571,0.008094947009787301,0.6849537702337556
1328,6.335263800358005,0.1070593971852638,0.35061440057730925,0.01051051797830066,0.6388750814443901
1329,5.908814228591308,0.056902836125996004,0.3190383156806517,0.0034077825473590173,0.6775539017719893
1330,7.128262889922411,0.10981524789913699,0.38723639134857524,0.00514345691362228,0.6076201517378025
1331,6.255335116008752,0.14094429255128205,0.3534060352157861,0.004798116762726845,0.641795848021487
1332,5.971545940720064,-0.08175686073963107,0.3631989572423044,0.02199023190861199,0.6148108108490836
1333,6.548877196486026,0.062452906304214295,0.3938144800021434,0.013114065705756295,0.5930714542921003
1334,6.22836500745477,0.03316543000192951,0.3350274861336126,0.00478890417548633,0.6601836096909011
1335,5.836179490159191,-0.016332813608436858,0.3453731106918347,0.013714852495208263,0.640912036812957
1336,5.772014657272666,-0.0037934520934337357,0.35171048986692705,0.002377525171004702,0.6459119849620683
1337,6.50056105919812,0.05654063326847769,0.37327073868009286,0.0057436476506267375,0.6209856136692804
1338,6.105997514474988,0.055355837341179104,0.33351049020790213,0.006731739244755008,0.6597577705473429
1339,6.650716560900631,0.08197745070479812,0.4141224060589371,0.005282191426687455,0.5805954025143755
1340,5.877652792306832,0.11993202397536695,0.32161712606973264,0.0016845744563193654,0.676698299473948
1341,6.1779964014422,-0.03881739952113161,0.36067221570420416,0.015409263297689657,0.6239185209981062
1342,7.477272123770125,0.266724663852437,0.46392300055744523,0.005643983198540925,0.5304330162440138
1343,6.174476827307208,0.051732806286415745,0.3767817019575374,0.012881657847026051,0.6103366401954365
1344,5.3885040364027725,0.1269334202253125,0.30734243248674015,0.0032126720287966593,0.6894448954844632
1345,5.149518496406244,0.21169950764242085,0.2763035011740384,0.007138773486436267,0.7165577253395253
1346,6.344213330163837,0.01450113052761548,0.3580990655391924,0.008777090963646261,0.6331238434971613
1347,6.471624690155095,0.10647994032191033,0.39022000232555026,0.007891384065005835,0.6018886136094439
1348,5.9332262597708665,0.17382622898240285,0.32745148006193836,0.005893408871342931,0.6666551110667187
1349,7.127695292451312,0.22408417510995804,0.37270895880206806,0.005835698445425919,0.621455342752506
1350,6.296523159532613,0.0543932041177948,0.3638817572939061,0.007427596938478331,0.6286906457676156
1351,6.433642894592814,-0.08891942036777856,0.36155262264513677,0.015156606792056104,0.6232907705628071
1352,5.247653961242036,0.1513484056586476,0.30813208639417805,0.00287820995962923,0.6889897036461927
1353,6.425642288804825,0.005589200773849612,0.33275116879759087,0.0070100673549870485,0.6602387638474221
1354,6.863474451831788,0.1588012060739734,0.4098686604233134,0.0046158866845763535,0.5855154528921103
1355,6.030158247113121,0.09966505567288397,0.35132943812217166,0.008721366732503122,0.6399491951453252
1356,6.137245601369424,-0.1265360254400134,0.363677365084555,0.014930119987694945,0.62139251492775
1357,5.455311378917465,-0.0999608518618702,0.3129723523408412,0.02312807268345518,0.6638995749757036
1358,6.440446569383156,0.1537671516750443,0.31036439128933263,0.007130983958949455,0.6825046247517179
1359,6.019837125579515,0.1428939809593741,0.30350760839672547,0.007802945799798622,0.6886894458034759
1360,5.880708635716077,0.18787359106516188,0.3021639860335674,0.003653854259213607,0.694182159707219
1361,6.325482659055769,0.028782835811123952,0.3647184106851762,0.00908594056994061,0.6261956487448832
1362,7.320595834059313,0.12442653605196252,0.422713972582772,0.010113149524736631,0.5671728778924914
1363,6.159457050373595,-0.08845505022490752,0.362604992546452,0.02937121432807549,0.6080237931254725
1364,6.78284714432066,-0.06490737714100536,0.41111692223606205,0.017102199968449583,0.5717808777954884
1365,6.21043024129719,0.09206807111607418,0.3411606401075769,0.007674362442641247,0.6511649974497818
1366,6.361272679845404,0.1929932854905223,0.37439062260966915,0.006425261124770043,0.6191841162655608
1367,5.764109690788352,-0.002246891149106922,0.34205893676521776,0.003839557643090019,0.6541015055916922
1368,5.337112553447959,0.11668171747600464,0.2959293315906001,0.003609162774373287,0.7004615056350266
1369,5.949492509428063,0.0034050902314790576,0.3422066599024992,0.018958492517562764,0.638834847579938
1370,6.160537901100417,0.028728152409589924,0.3200472623047364,0.002316457416119133,0.6776362802791445
1371,7.054493357584267,0.14986516584072174,0.4055125502035018,0.006751948426870824,0.5877355013696274
1372,5.898511187129967,0.08986957098203963,0.30667596797946906,0.012758371984973538,0.6805656600355574
1373,6.720746723435112,0.1496920423631538,0.3388881656426914,0.003609451103783634,0.657502383253525
1374,5.849589120829046,-0.008027861736006336,0.3326901228434457,0.014990640422221646,0.6523192367343327
1375,5.87369591327734,-0.02107649429208891,0.3390263611964702,0.011332798138105282,0.6496408406654245
1376,5.094240837083375,-0.04287106213287384,0.3144300445165767,0.012624722172555003,0.6729452333108683
1377,7.4669902449673895,-0.07731513496008358,0.39528272183706803,0.011981861471228927,0.592735416691703
1378,7.313649648926652,0.015007878540646225,0.4102947513760116,0.012071222459312858,0.5776340261646755
1379,6.0432440618611185,0.13255368142038026,0.3693148920503049,0.006967467138595973,0.6237176408110991
1380,5.4724667374282365,0.040050920467927575,0.303192350973687,0.0034594555605377275,0.6933481934657753
1381,6.202646142648907,0.15226323060131097,0.3755159867137033,0.005846240019324156,0.6186377732669726
1382,5.882253904752238,0.15092970091093605,0.36130109524001547,0.0075311698198133326,0.6311677349401712
1383,5.940812991631138,-0.03984883285007168,0.3336642708597329,0.015533602978599015,0.6508021261616681
1384,6.877620462124986,0.03577207560185158,0.4050581216651703,0.0076948583336022836,0.5872470200012274
1385,6.1014442803012585,0.05729904201433289,0.3641922730301159,0.006437695713188862,0.6293700312566952
1386,6.561253265794464,0.2434110789625743,0.35436495294301573,0.0068123474380265,0.6388226996189578
1387,6.625397536815527,0.0723094128665327,0.352550972166899,0.005544906323995513,0.6419041215091055
1388,8.136670512023818,0.1919451930835514,0.4375834775487487,0.006262316707548288,0.556154205743703
1389,7.046785062864638,0.0677842116513343,0.37804164839595045,0.007919705072059413,0.6140386465319901
1390,6.768635027069836,0.04612957082795344,0.34527626244431914,0.011806136596371808,0.642917600959309
1391,6.30420691026434,0.04323451135991796,0.3526203268608939,0.007332190969469632,0.6400474821696365
1392,5.100964322407542,-0.04797812574209015,0.31056162189880754,0.011544343393123935,0.6778940347080685
1393,6.700750120773467,0.06377843171371733,0.3627639714638883,0.010768337291287011,0.6264676912448247
1394,6.246421877695131,-0.048049883194391185,0.33562031536006676,0.00632647468885128,0.658053209951082
1395,6.5326433025636055,0.20926254365914865,0.38671023198999516,0.006681182409372488,0.6066085856006324
1396,5.878923586661051,0.014235528645442308,0.3183142856730871,0.010337808194517406,0.6713479061323955
1397,5.893453082631319,-0.09645784217861131,0.3676213254265755,0.015433017472214317,0.6169456571012102
1398,6.067333166577121,0.22354528234559634,0.3410460323604486,0.005214057975497233,0.6537399096640542
1399,6.039714097186537,0.027394664885552977,0.3538828306588638,0.0062990504203809805,0.6398181189207552
1400,5.4142762358639,-0.017692191794579593,0.288630989611927,0.012947371577651356,0.6984216388104216
1401,6.126543117058068,0.019577888406718813,0.3441269073576126,0.006029833054286227,0.6498432595881012
1402,6.491906129805495,-0.019353549078400256,0.34209976935995273,0.0075701389741978375,0.6503300916658494
1403,5.392678990476047,-0.006912861384779312,0.2927318908844547,0.010730696660655403,0.6965374124548899
1404,6.685232562954965,0.009654587010197169,0.36497812956694825,0.0080138460984433,0.6270080243346084
1405,5.954161913600349,-0.13236675054166813,0.3439452772878027,0.019502704058122877,0.6365520186540744
1406,6.235349441300417,0.06505939904997327,0.3911816447288482,0.011191488656926318,0.5976268666142255
1407,6.595757817311935,0.12301246225503792,0.3819651828456197,0.007835300302316217,0.6101995168520641
1408,6.381412138215859,0.11170834320995127,0.3514622203618104,0.0076390104668043746,0.6408987691713852
1409,5.469869520142517,0.038790506964497595,0.3143441132278368,0.005344598944414802,0.6803112878277484
1410,5.993728538482037,0.09307884483461759,0.34728003613689323,0.0037436772242204763,0.6489762866388863
1411,6.0757707087221045,0.18941976442452546,0.3099268420840083,0.003448711178966557,0.6866244467370252
1412,6.265816386348449,-0.036041885291849596,0.38442555818401636,0.015181393278953403,0.6003930485370302
1413,6.024883189118302,0.11537053133808506,0.3446704429770669,0.006582084840493552,0.6487474721824396
1414,5.224318165102667,0.12808646290828207,0.2932699689434663,0.005058748949600844,0.7016712821069329
1415,6.118264093223835,-0.06482974483346471,0.3786902069389373,0.01003978243469128,0.6112700106263714
1416,5.837087275455668,-0.07849062982088739,0.3629189714318602,0.015986637303083417,0.6210943912650564
1417,6.301650314394444,0.1102558209063833,0.35027209893206535,0.008456823209247122,0.6412710778586875
1418,6.326847170470333,0.058764457584721264,0.34455821986257906,0.0064128008756711985,0.6490289792617497
1419,6.8464626662614725,0.07102996108073789,0.36652706405375113,0.005296862747997455,0.6281760731982514
1420,6.09415834962683,0.06776581142436289,0.356408107980914,0.006332116340218963,0.637259775678867
1421,6.341236503476552,0.029068709674701765,0.3925990953645209,0.009852400396228422,0.5975485042392507
1422,6.218680227392436,0.10571151911024135,0.3961748808126178,0.0075310833314548575,0.5962940358559273
1423,6.071010504077419,0.1388294663830374,0.3440461053512288,0.006909780752457961,0.6490441138963132
1424,5.385584966504378,0.03233044936798901,0.31181881961435903,0.009367823884085247,0.6788133565015557
1425,6.513162353575095,0.18602230933814212,0.36915236343935,0.005585200471545204,0.6252624360891048
1426,5.9227953730776,-0.18222031879333933,0.3752029812328878,0.01771193649621855,0.6070850822708936
1427,6.419939506234625,0.06702803954734549,0.3891302507365671,0.003292805625729367,0.6075769436377035
1428,7.240816028294624,0.2898555882512648,0.4087668278664238,0.006668967565722772,0.5845642045678534
1429,7.409837808111686,0.2222341403407917,0.36743586410865386,0.008259607118220325,0.6243045287731258
1430,5.774623980623321,0.03099727908056593,0.3572631554179975,0.007899033322595284,0.6348378112594072
1431,6.128081858469881,0.20894824166133308,0.3465189697780204,0.005501048156834332,0.6479799820651453
1432,5.997335300161079,-0.019896048159914415,0.35721356200014664,0.00811729543320694,0.6346691425666464
1433,5.163443336851656,0.14715845435745134,0.33779102604435585,0.007265784983224499,0.6549431889724197
1434,6.281420729511982,0.09104756150449678,0.34925381867663646,0.006673052638467014,0.6440731286848965
1435,5.981725096358719,0.23301851095097348,0.36366873080198864,0.004960917311286284,0.6313703518867251
1436,7.2686035145757,0.10091713633112143,0.4279882143138435,0.006611493128798274,0.5654002925573582
1437,6.845287272803405,0.03420544430082284,0.3940992150007199,0.006311610175301852,0.5995891748239782
1438,6.618288107017929,0.09301439293855918,0.3909793606115145,0.0031763622486259413,0.6058442771398596
1439,5.964249466221278,0.026473704385137964,0.31296106850375716,0.0035854045966543513,0.6834535268995885
1440,7.088812334504148,0.21337459179417806,0.41009157049563216,0.00692435743090325,0.5829840720734646
1441,6.775986395915288,0.047469036986733215,0.39484803189652057,0.007963363297198767,0.5971886048062807
1442,6.199926821161826,-0.053341125374889664,0.3721827350766612,0.01104115977747766,0.6167761051458611
1443,5.154733549971924,0.07615855944335159,0.2808564496859918,0.0037859498439585804,0.7153576004700496
1444,6.91574973954169,0.054602776984210344,0.4034434763680631,0.006224015311605213,0.5903325083203317
1445,5.459093047909909,-0.11300169709214458,0.3202058026787638,0.016546389182566068,0.6632478081386701
1446,5.802961427841747,0.07658559043546376,0.3353030660039411,0.004625283846159012,0.6600716501498999
1447,5.6592839687504215,-0.03296537107126962,0.34764810289834114,0.0163752768375639,0.635976620264095
1448,6.446704595245976,-0.1138678758154894,0.38089126496155207,0.012866257960633731,0.6062424770778142
1449,5.810671595115267,0.07597666317906082,0.3560107529016499,0.008280880045367478,0.6357083670529826
1450,5.699788872519563,0.052447725494303654,0.3240885679235559,0.006816022113766973,0.6690954099626771
1451,6.6624958616703935,-0.11972661644930582,0.36492732367621566,0.022052705854491095,0.6130199704692932
1452,6.100110310588193,0.18482569608964639,0.38328058747978233,0.008933751590552763,0.6077856609296649
1453,6.320478985035191,0.0618125883180074,0.3244804936789827,0.0035638872848103853,0.6719556190362069
1454,6.381761868390334,-0.014937156241043859,0.3704082496223645,0.006043518412223392,0.6235482319654121
1455,6.44501740626319,0.18603221666897607,0.35434533505829435,0.01395085291015441,0.6317038120315512
1456,6.026353988134593,0.07326059754746872,0.3453655302115494,0.002104692136104369,0.6525297776523462
1457,5.870186117070421,0.1482117616247205,0.32431070870959117,0.007493519131458737,0.6681957721589501
1458,6.566281045236035,0.03355125904373235,0.3735044565044909,0.011476596626774083,0.615018946868735
1459,6.72454729965635,0.07828126270251623,0.38106437582094,0.004346146256068217,0.6145894779229918
1460,5.136729607247452,-0.0856957563115559,0.3059551172990723,0.022296526228604452,0.6717483564723232
1461,6.49342038904229,0.09824167543823048,0.4116898447392691,0.006917621897908399,0.5813925333628225
1462,6.151684393648051,0.17152953123352788,0.33864376085559794,0.0045555620664989305,0.6568006770779031
1463,6.646374443872887,0.09040131055909928,0.37601611325141093,0.00686264711147766,0.6171212396371114
1464,5.484017077051517,0.07467783896415092,0.2988363121263554,0.01123583255303573,0.6899278553206089
1465,5.197051409952234,-0.012399943206758302,0.26457196441088915,0.006700251977019178,0.7287277836120917
1466,6.430170470808813,0.08055609354638182,0.34646183932024177,0.01130443855949903,0.6422337221202592
1467,5.370006636736754,-0.04357659213026288,0.3099287133693982,0.013900025689056461,0.6761712609415453
1468,5.201815888577731,0.07125456322644741,0.28926768344219167,0.007763730382916667,0.7029685861748917
1469,6.11841212239041,0.10951614958197364,0.3783897812233105,0.01047129615955028,0.6111389226171392
1470,5.628351379004926,-0.1316991107259744,0.32512464607367314,0.02789412737638247,0.6469812265499444
1471,6.512314445434953,0.06183623714735287,0.33782615647825154,0.004662853013382762,0.6575109905083657
1472,5.771014984360473,-0.026407525092793982,0.33018162167085363,0.005587711882633184,0.6642306664465132
1473,6.108351130729317,-0.08469036072415914,0.3263976882217043,0.016305474826665056,0.6572968369516307
1474,6.16450218023447,-0.026757098959259373,0.34217189295224487,0.01595331072620526,0.6418747963215499
1475,5.866886513055112,-0.07921023637631297,0.35262795180599077,0.008515589958598191,0.638856458235411
1476,6.688502921294917,-0.18091327181980255,0.3744698484159433,0.02501523922076937,0.6005149123632874
1477,6.568459365123654,0.1836796943029393,0.3963576625015172,0.006817817406256588,0.5968245200922262
1478,6.919794975545596,0.0634172298029343,0.36348992287292303,0.013684664274664637,0.6228254128524123
1479,6.718877505670244,0.14357218661470839,0.4012432825571174,0.012934105033181487,0.5858226124097011
1480,6.852465025913106,0.18511556979691424,0.38122693439683125,0.010676042265754304,0.6080970233374144
1481,7.085454522892491,0.01118816521950361,0.4021114636971975,0.013541690202875434,0.584346846099927
1482,6.579250420110083,-0.03483726524481057,0.3258781693013012,0.007987654198018612,0.6661341765006802
1483,5.727817582891263,0.13783298946245548,0.30992709988115225,0.005149769690335815,0.6849231304285119
1484,5.880226243216494,-0.014247582449852025,0.34493447557111684,0.010257839371465127,0.644807685057418
1485,6.542442213484178,0.3318864547675524,0.3362841903943911,0.010927271794111959,0.6527885378114969
1486,6.167660853685369,-0.05018470988884616,0.35739553249655903,0.012165088112970734,0.6304393793904702
1487,6.09896188418558,-0.1248077876215472,0.322769460798025,0.020135250075795696,0.6570952891261793
1488,5.869000574785467,0.07384018979677798,0.3706708545049745,0.010351592721126623,0.6189775527738989
1489,6.194548607199734,0.14538378901422,0.36063720716717546,0.005476622318843216,0.6338861705139813
1490,5.80326719784617,0.1661165487025471,0.33780728341968413,0.005379725144571856,0.656812991435744
1491,6.206470949659472,-0.03085929659594111,0.33384510932097566,0.00764376693096136,0.658511123748063
1492,6.894483112375374,0.20584935487962852,0.4038096104455752,0.00553058245097382,0.590659807103451
1493,6.275722251863545,0.023416447884219593,0.32719987831649583,0.007777874887921976,0.6650222467955822
1494,6.714826926289849,0.03840019674233819,0.3781434359227881,0.01481206945268132,0.6070444946245306
1495,6.015720657502197,0.19853766509741,0.32523170837797477,0.0040842463918358,0.6706840452301894
1496,6.090961889119864,0.026534674543693626,0.35535704591941336,0.011859759972640826,0.6327831941079458
1497,5.9491408624637785,0.03747167345652702,0.3527857580649985,0.01140348261363383,0.6358107593213677
1498,6.278483438587545,0.23442715499172628,0.3756648040488718,0.005425338829342152,0.618909857121786
1499,5.359239074907013,-0.055551343228416705,0.36485221612469515,0.02725545080745767,0.6078923330678472
1500,6.374025555095639,0.21886207563372917,0.3308486086365228,0.009938055969800852,0.6592133353936763
1501,6.300846375997705,0.07367831130357416,0.351888512082138,0.005950360373154662,0.6421611275447073
1502,6.242221590457141,0.1677871964986819,0.3570377086370545,0.003495989504029462,0.6394663018589161
1503,7.402350523399408,0.044554331510958,0.4083532857770349,0.009160569555912379,0.5824861446670527
1504,6.320576387981757,-0.11734317250765969,0.40156879669691536,0.025215229146258955,0.5732159741568257
1505,6.266895431758341,0.1443840170009265,0.36241677983001563,0.0048548918849674605,0.6327283282850169
1506,6.286455181893436,0.22962758454910315,0.3319730085941465,0.005001615026757833,0.6630253763790956
1507,5.716170940648034,-0.14497426469992725,0.3244565289470758,0.01807826375056365,0.6574652073023606
1508,5.560636703707081,-0.07371527170904724,0.3075765074622737,0.017062503727836353,0.6753609888098899
1509,5.7518350636238935,0.23361501365211268,0.3361673489909897,0.00747708386753948,0.6563555671414708
1510,5.441557036728158,-0.12218362254167126,0.32309177765753366,0.0185949300409593,0.658313292301507
1511,6.031194050457125,0.09138168907565891,0.35345493076266465,0.00399498003342702,0.6425500892039083
1512,6.677204834920253,0.035742017607755194,0.36908422514795375,0.011432268850661675,0.6194835060013846
1513,6.242049366902299,0.05296162983990893,0.3926154839312359,0.019391354144091433,0.5879931619246727
1514,5.942698685380235,0.057108022858240126,0.31745080503198164,0.008026239535954494,0.6745229554320639
1515,6.613013785538753,-0.01907361476762759,0.38946694195399806,0.00931678889225801,0.6012162691537439
1516,6.113265600744014,0.15407867797162744,0.3568711141427683,0.008883962650377497,0.6342449232068542
1517,5.003376116945026,0.002797839667704416,0.2943754018259875,0.0036975105781864026,0.7019270875958261
1518,6.453906545162328,-0.030955626394028712,0.3171963200092782,0.008343438413142668,0.6744602415775791
1519,5.788617792158821,-0.026263085358206872,0.341944410607221,0.00289603960661855,0.6551595497861604
1520,6.729204358402097,0.3372518026305684,0.36571133580202164,0.01250825165791214,0.6217804125400662
1521,6.333071397611774,-0.13814804512062295,0.34971214572505155,0.031836474342109955,0.6184513799328385
1522,6.225764333995622,0.20745181811865532,0.3571318586438367,0.005703164704052965,0.6371649766521104
1523,5.984670545907045,0.059231819004664565,0.33380761664757713,0.007547474405528554,0.6586449089468943
1524,6.30459113538897,0.029474651302773935,0.3494861996982927,0.01577542720261954,0.6347383730990878
1525,6.182902404905651,0.09578609600727006,0.3710222105263116,0.009164535632699089,0.6198132538409893
1526,6.218427425216265,0.0029329273150251467,0.30980778192595243,0.008240756955116335,0.6819514611189312
1527,6.239937102928244,-0.12626989063096428,0.34864181780129117,0.02055785430315188,0.630800327895557
1528,5.880143505210421,0.08311346372008988,0.27671698811768425,0.007904673094368542,0.7153783387879472
1529,6.906863163920478,0.3750045855787887,0.34631578702203253,0.010969751740126654,0.6427144612378408
1530,5.910505028105391,-0.19439598673862069,0.3576383713415778,0.03341982554948181,0.6089418031089404
1531,5.915924868284862,-0.018071800651295433,0.34899724951380345,0.013887080707104593,0.637115669779092
1532,6.488741900176791,0.1866404161367745,0.352883275175898,0.0051690597679137085,0.6419476650561883
1533,6.148719002227065,0.23385592982754488,0.36223676682729594,0.00965340397866471,0.6281098291940393
1534,5.916485168079647,-0.027397660155138226,0.3568082430437799,0.0057665575023703175,0.6374251994538498
1535,6.3014361816779125,0.12385783958917784,0.32163548451296337,0.007081061800165267,0.6712834536868714
1536,6.638779030697419,0.04918094426462094,0.4025340976566336,0.008669693429477654,0.5887962089138887
1537,5.76706220281665,0.10414411028420556,0.3476693098430607,0.008804382760332186,0.6435263073966071
1538,6.078310897174446,-0.03154793392695243,0.3629750819321344,0.0064357156078024835,0.6305892024600631
1539,6.700958829852366,0.08538372052275278,0.41109970879100455,0.008691131588431045,0.5802091596205644
1540,6.622234135235743,0.2743576579476157,0.4092272158867538,0.007555534056567947,0.5832172500566782
1541,6.242040038351146,-0.06962877935987066,0.3508890034056134,0.013658679355609993,0.6354523172387766
1542,6.523427354614916,0.15176363050226893,0.3524452159163983,0.0076476319462654985,0.6399071521373362
1543,5.567633428343358,0.04929335409816549,0.3044767991960601,0.009192250919757172,0.6863309498841828
1544,6.533828616715204,0.1897165463615389,0.3413530134167348,0.006486843864297709,0.6521601427189675
1545,5.7464931416571225,0.06552169944875708,0.3629626921845873,0.01027441059541001,0.6267628972200027
1546,6.645094309032568,0.1440869548979853,0.36949224087308097,0.013712165661678877,0.6167955934652402
1547,6.434071415022373,0.055659483410352095,0.3255998807874685,0.009038377608826642,0.6653617416037049
1548,6.756228767156287,-0.013908330368876953,0.3911247532616145,0.01433769096317844,0.5945375557752071
1549,6.003840582569642,-0.04182611694013083,0.3355663507200939,0.008852155119670635,0.6555814941602355
1550,5.6362106902862585,0.24304797290352376,0.33120736396795136,0.0071181862694065234,0.6616744497626421
1551,6.178675423834894,0.18254797619299712,0.33816146493498955,0.005704221782869112,0.6561343132821413
1552,6.2757896959097375,-0.031209716760420392,0.3475628123255142,0.007550320481206296,0.6448868671932795
1553,6.426977586626337,0.16864916041336642,0.3867963681899865,0.0027545383170092808,0.6104490934930042
1554,6.321313607598354,0.21302864738168914,0.40472162794932015,0.006585082997763891,0.588693289052916
1555,6.641971824343187,0.1510015333022059,0.33854336673090835,0.007022924723871782,0.6544337085452199
1556,5.361222383432901,-0.06929703718943347,0.3307599026834093,0.017013423139685846,0.6522266741769048
1557,6.5453547537366665,0.2702234573862725,0.39218489855277733,0.006931292071228945,0.6008838093759937
1558,6.112068126830935,0.07811262148860276,0.316385368169813,0.0062663538678856545,0.6773482779623013
1559,5.836503703682138,0.015223466859725754,0.3451984181927748,0.003466327194554364,0.6513352546126708
1560,6.779664360159959,0.03619077017056771,0.40152362321423796,0.00456910931514698,0.5939072674706151
1561,6.38415208826499,0.05923319076914613,0.38151270610499616,0.007945769326290153,0.6105415245687137
1562,6.033914308117732,0.12136540494383041,0.3381777414799541,0.004286183933495058,0.6575360745865508
1563,6.390792140567984,0.14020540283509408,0.35389848271038454,0.00638540252807368,0.6397161147615418
1564,6.549582051272774,-0.006818012125335393,0.3711380577586683,0.016349786374519726,0.612512155866812
1565,6.4490432973684335,0.17474873584354,0.327797899933263,0.005604996059687561,0.6665971040070494
1566,4.995248741936768,-0.08759852099656484,0.2858131699911545,0.014012652147860905,0.7001741778609846
1567,7.242619382306575,0.1765783280576807,0.4117011335763619,0.006617952600035559,0.5816809138236025
1568,6.572819888982011,-0.017782075479352066,0.3829577452663339,0.012923730595100602,0.6041185241385655
1569,5.891405110330691,-0.01725817208801228,0.3381469097589746,0.011373096912150327,0.6504799933288751
1570,6.6374240246577765,0.25524362940829093,0.3654359585830495,0.0057503101639255205,0.628813731253025
1571,7.568236866879612,0.18343758243441588,0.4183010028651896,0.0028695348779742003,0.5788294622568362
1572,6.162242307945613,0.06291839438049163,0.33130700702164906,0.009431501873761183,0.6592614911045898
1573,6.340705483903365,0.03180720729255171,0.3350089304421981,0.005253180845627703,0.6597378887121742
1574,6.474285196276419,-0.1107286123181277,0.3617490033211612,0.015662598877830836,0.6225883978010079
1575,6.131465240813913,-0.03565895758251969,0.32278573409040945,0.013452843691893368,0.6637614222176972
1576,5.864622986223969,0.07890835798372109,0.34325877242151515,0.00628850873301301,0.6504527188454718
1577,5.935127999954057,0.10541472225342652,0.3181633940801251,0.006809667742828152,0.6750269381770467
1578,5.807965423582765,-0.058722170007750485,0.3301875159903879,0.01430384041840077,0.6555086435912113
1579,6.855667795547903,0.14999069647625873,0.3765940728444432,0.006713466023452408,0.6166924611321044
1580,6.3410185020788,0.03418821379343839,0.36486461525468966,0.010971556588454223,0.6241638281568561
1581,7.311070965133698,0.27846553170836774,0.3653688945683853,0.006356026155748151,0.6282750792758666
1582,5.529495956379153,0.09862892409464408,0.30540150744283917,0.003302209729774852,0.691296282827386
1583,5.9428717870302465,0.05911329320890513,0.3115185182484008,0.013648907865591142,0.674832573886008
1584,5.577396861888065,0.1223979039981078,0.295047987443034,0.003073768672961663,0.7018782438840043
1585,5.454835105388565,0.09944288484194619,0.3451260548333806,0.004647806267216337,0.6502261388994031
1586,5.71139438101216,-0.06359929368195782,0.3066155625629865,0.014370132565442395,0.6790143048715711
1587,7.284798110980037,0.24719084325543061,0.39396139620596193,0.006677115209844819,0.5993614885841932
1588,6.394995602562697,0.19057496244506122,0.3355591556862896,0.006367380088876939,0.6580734642248335
1589,5.977561130439212,0.13353490356522446,0.294664127234205,0.0028870958320712514,0.7024487769337238
1590,6.014368793809805,-0.017903938603443414,0.33802360696343947,0.00987048733119289,0.6521059057053676
1591,6.1322875605763905,0.03739446156620474,0.35793657236969406,0.01072053295656844,0.6313428946737375
1592,6.311984075474405,0.06169276580940686,0.31108168842626444,0.004326018215978833,0.6845922933577567
1593,6.1239242581465705,-0.08190231476184007,0.35995494525696253,0.016544832593962056,0.6235002221490754
1594,6.653262266694178,-0.024539965842680367,0.3815085573021708,0.010862091112004646,0.6076293515858245
1595,6.974353015485501,0.26391771713524736,0.36873933648947116,0.009366700080525925,0.6218939634300029
1596,6.190459600613579,-0.11967647615526289,0.33707089769320314,0.016677578702185947,0.6462515236046109
1597,6.097377535035399,0.13829932751917617,0.33622668724871985,0.010246379878112166,0.653526932873168
1598,6.344757117290061,0.10662069699243482,0.4073521546644804,0.004985719531047095,0.5876621258044725
1599,6.061259557402053,0.03918570979657954,0.35457616759157357,0.006028305061576533,0.6393955273468499
1600,5.92245815752488,-0.04511109948157621,0.3121448426796512,0.011288509635377142,0.6765666476849717
1601,7.0051474644576555,0.18640107423111907,0.40552075701452533,0.0032869802627047418,0.5911922627227699
1602,6.520540659748574,0.16005146128304393,0.34406763251560085,0.006806894917794681,0.6491254725666045
1603,5.115748221053401,0.022898494990744034,0.292601575777372,0.005851613810781697,0.7015468104118463
1604,6.0357574411723744,0.1565178432191372,0.34665546500213046,0.006668704137564319,0.6466758308603052
1605,6.302651448222102,0.2718251715863449,0.34972765997352806,0.011159699137083923,0.639112640889388
1606,6.727359988377437,0.25981836568247196,0.3800410118336194,0.007747422995344366,0.6122115651710363
1607,5.8150654142153515,0.08533700442323866,0.3152591149072151,0.003072949435566741,0.6816679356572182
1608,5.654373269150868,-0.07688010302412618,0.3383149625383313,0.015058930711860874,0.6466261067498078
1609,5.750673571209824,0.24832673925132998,0.35576447143678924,0.005775261219173933,0.6384602673440368
1610,6.299440778557775,0.09812692467014106,0.3169171733851178,0.009960796980474584,0.6731220296344076
1611,7.002679822684533,0.21254825472764605,0.35575552015237816,0.004239367233151492,0.6400051126144704
1612,6.084255229791946,0.007227407176253031,0.35762259032179283,0.013556026206616167,0.628821383471591
1613,6.181720427868944,0.137503286691536,0.36715376200486455,0.00542015432213766,0.6274260836729978
1614,5.948905751329969,0.1941446746247788,0.3911895731339762,0.004914011633624926,0.6038964152323989
1615,6.622151228332737,0.17288365651925464,0.4369799008079479,0.005388254447695862,0.5576318447443562
1616,6.5512373440735345,0.07439154125829983,0.3893740743990353,0.0066137084039597505,0.6040122171970049
1617,5.876778397120438,0.18552488341196405,0.2879284030754539,0.004369129638154334,0.7077024672863917
1618,5.189609972994739,-0.0502706748156827,0.3267367877934273,0.021663512332186108,0.6515996998743866
1619,6.877881972225732,0.24650741393767284,0.37088517719801045,0.009084421284970945,0.6200304015170186
1620,6.4143113709240716,0.17468503892348064,0.3421046501398664,0.0059579356258736005,0.65193741423426
1621,6.259681469089915,0.07280970188813374,0.3655561233306543,0.016302898641245622,0.6181409780281001
1622,7.018841423677168,0.23372049969918773,0.39600935491274564,0.007360520528365944,0.5966301245588884
1623,5.569974252294983,0.03379690042715744,0.303705137569747,0.01349426249650193,0.6828005999337511
1624,6.871812244804252,0.176262743260426,0.37992501016728353,0.004344052332943327,0.6157309374997731
1625,6.991923737479968,0.025862479028298857,0.4124946954583971,0.009322537915183449,0.5781827666264194
1626,6.916768228620613,0.17574886402272138,0.36239532336744706,0.00560614739997789,0.631998529232575
1627,6.233001944086323,0.131893446003148,0.36894337142248335,0.007890522930467547,0.6231661056470491
1628,6.5706428104446815,0.01575011493806855,0.3770837265485123,0.00952467805956314,0.6133915953919246
1629,5.9410196652166585,0.19495774915218167,0.3316292325372918,0.0048736822993172835,0.6634970851633909
1630,5.661135316999681,0.22538576969405533,0.3390467873780932,0.008347544577336163,0.6526056680445707
1631,5.645160436538435,0.02211278089137636,0.3118349886984646,0.011912301096084987,0.6762527102054504
1632,6.8839604178471925,0.023841449289840888,0.3821680654333092,0.020076291670724056,0.5977556428959667
1633,4.812722419573111,-0.0985034444739954,0.26696196036236497,0.013277362411200366,0.7197606772264347
1634,5.405681608634918,0.009553910290188483,0.3853494256049418,0.0059043072642135375,0.6087462671308447
1635,5.937656958457341,-0.003319028551072911,0.3275807375512424,0.009235456981133039,0.6631838054676246
1636,6.088270648777013,0.01928022435014931,0.3362950083955255,0.006057751545578083,0.6576472400588964
1637,5.548531442338373,0.0039006869496764907,0.34136013975124896,0.016981880096549495,0.6416579801522015
1638,5.971871360577923,-0.12203585930777816,0.3491409138835989,0.017473636903440837,0.6333854492129602
1639,6.872372385353305,0.15842509885037526,0.3529929255569306,0.002423853104273177,0.6445832213387962
1640,6.674265257559173,-0.005269154073768156,0.367773451928013,0.006731512844109944,0.6254950352278771
1641,6.524711371482849,0.0751870607683669,0.33610444396430517,0.010001002598005848,0.653894553437689
1642,6.007121879119919,0.18547904372017143,0.35331309420721113,0.006460496885400957,0.6402264089073879
1643,6.236634675720391,0.10675939157600833,0.377602339769109,0.007610810666467904,0.6147868495644231
1644,6.912872253420385,0.26306348732822116,0.3721117059695369,0.007826303702253345,0.6200619903282097
1645,6.514623442891887,0.16638897331401115,0.3803190012915401,0.004860451156214529,0.6148205475522454
1646,5.886121288937428,0.08329753004003848,0.32733403629491487,0.002872902429277735,0.6697930612758074
1647,6.21251114469151,0.00864559992823466,0.4111938039262221,0.01769449451940569,0.5711117015543722
1648,6.853428077893919,0.06084021346499657,0.3526975094797165,0.007962634575228222,0.6393398559450553
1649,6.474129755412944,0.003748571182788929,0.3246784980273511,0.006854393411714732,0.6684671085609342
1650,6.2165175046683885,-0.024214383353684532,0.35504184178932297,0.014673880450607468,0.6302842777600696
1651,6.665624398371634,0.12783149702866758,0.38353270487535895,0.0038804224268980114,0.612586872697743
1652,5.47123656074503,-0.1462083484478871,0.2888889470849734,0.021935017126137935,0.6891760357888886
1653,6.783865754046229,-0.03269983509867824,0.40962030768000657,0.014127881123363828,0.5762518111966296
1654,6.017152711005238,0.1214815432462828,0.35142118590984445,0.007578072733515462,0.6410007413566401
1655,6.799015355995985,0.12110291598054435,0.36623215217335653,0.008420544751017445,0.625347303075626
1656,5.928772689024379,-0.0355872881594248,0.3572948737537415,0.008786686427715129,0.6339184398185433
1657,5.60836240669444,0.02788321267095739,0.31131558929192504,0.006021306980140695,0.6826631037279343
1658,6.2066751849923385,0.0643812163209656,0.3441498500788932,0.007768899175022326,0.6480812507460845
1659,5.574793099457034,-0.012155186254728001,0.3652655966450675,0.01962456374848487,0.6151098396064476
1660,6.804705754608135,0.1353599481529706,0.3534162134840144,0.0036936681921467818,0.6428901183238388
1661,6.293574794136912,-0.028316895475305692,0.40630209625739183,0.013837315302816233,0.5798605884397919
1662,6.953476368623123,0.14034451387459157,0.38969426055837764,0.007955958655850748,0.6023497807857716
1663,6.591339691048225,0.04018933011411985,0.404610393677631,0.0072659050681145865,0.5881237012542544
1664,6.629556274805886,0.1530538290472947,0.36285517945182993,0.004051316834955576,0.6330935037132145
1665,6.1857148717592585,-0.023269252207448687,0.3516947216215718,0.00683635825492912,0.6414689201234991
1666,5.565224782131377,0.1302661966989902,0.2792006440727021,0.0022764751307807196,0.7185228807965172
1667,6.019392542801986,0.17308712027927609,0.3375894446070655,0.005556502539907582,0.6568540528530269
1668,6.115745577092818,-0.031512573027487,0.33174738182079144,0.012882039626915809,0.6553705785522927
1669,6.546774401992019,0.042224896312822224,0.3796893696506037,0.014637718982006886,0.6056729113673894
1670,5.880547777421926,0.052278794575891574,0.3236272896955445,0.012814757011118949,0.6635579532933366
1671,5.937870587965069,0.20309274951151668,0.3365761097520756,0.004035598111405803,0.6593882921365186
1672,5.931894951929684,0.14627670877179533,0.3502438312524012,0.0033417829934767607,0.646414385754122
1673,5.897298229740183,0.0657672637262845,0.3299636058988555,0.0049419007462732645,0.6650944933548713
1674,6.450517800054703,-0.02622065494442616,0.33489091138059407,0.008319681817203606,0.6567894068022023
1675,6.537944890248464,0.2513770796224222,0.3732214097798308,0.00834680056041942,0.6184317896597498
1676,5.659985096965632,0.13531571207593007,0.29855174553623476,0.003821463196346353,0.6976267912674189
1677,6.232500973634679,0.11079056144323207,0.30142497702979293,0.011176513121438358,0.6873985098487687
1678,6.528002138414534,0.26978809514220714,0.3665732271206706,0.007580960206255927,0.6258458126730735
1679,6.055439047395926,0.06209936820797424,0.3195895268905421,0.011421797338597273,0.6689886757708606
1680,5.993361429832614,-0.12138107630146333,0.33523713207631245,0.013466408196127655,0.6512964597275599
1681,6.3120913531429155,0.0025996301792456933,0.3591716664232685,0.007852822053962205,0.6329755115227693
1682,6.427737848959981,-0.03037877465043959,0.360424216112744,0.012125568352878147,0.6274502155343779
1683,7.772129083189498,0.1737045844123184,0.4014314137215505,0.006734357666545343,0.5918342286119042
1684,6.046494465856131,0.08679073538034832,0.3369036869281817,0.004799577476268857,0.6582967355955495
1685,6.223756638228532,-0.05558351554384533,0.3850812177102726,0.009211200242731032,0.6057075820469964
1686,5.674498418906264,0.13190666283054941,0.3333215003996652,0.006937212545658655,0.6597412870546762
1687,5.476600403442131,-0.08317264986694806,0.32021276518492287,0.017603832765912764,0.6621834020491644
1688,6.625575382162623,0.2371683461989349,0.3518310203889119,0.007123337717530487,0.6410456418935576
1689,5.919011378256443,0.03185259205228874,0.3562094555398254,0.006463111749249628,0.637327432710925
1690,6.886018641472026,0.1308473247826809,0.3734900671182201,0.002990707060567366,0.6235192258212126
1691,7.23013113954378,0.20865929823236584,0.4281181122843873,0.005055260770162329,0.5668266269454504
1692,6.448509970229473,0.12400876299554575,0.34903776417732757,0.0023405469357627995,0.6486216888869096
1693,5.410667059767148,-0.015979604515933943,0.3239438185850336,0.0020656827534260014,0.6739904986615404
1694,5.715957866817945,-0.03614297344475048,0.31742367255854675,0.01808704867735056,0.6644892787641027
1695,5.917560506234766,-0.06534920484157158,0.324697055027938,0.010665840233599067,0.6646371047384629
1696,6.462729030840638,0.21738808762722073,0.34300876689402826,0.006554754137646723,0.650436478968325
1697,5.727897392619803,-0.0037126905080491213,0.33456287223315895,0.00869072255825376,0.6567464052085873
1698,6.3367788352315015,0.0885212504638826,0.364990818340797,0.010158308848033426,0.6248508728111696
1699,6.742826716840553,0.11174174266848613,0.36320527604001807,0.010864006530492576,0.6259307174294894
1700,6.218827677926145,0.05566478663050045,0.3488403709970647,0.010235077029973338,0.6409245519729619
1701,6.710488790666278,0.13224378989054397,0.36247488337712014,0.0049403329922118044,0.6325847836306681
1702,5.212321648609814,-0.17540496957765672,0.33928754381258963,0.02715533164926498,0.6335571245381454
1703,5.7958700089874515,0.11578090397650875,0.31930687593862894,0.003111828647357595,0.6775812954140135
1704,6.906010442273618,0.1922109016052751,0.39445137030460986,0.009702332387527157,0.595846297307863
1705,5.431043991287055,-0.03756670286635888,0.31713868158650194,0.013928701936697152,0.6689326164768009
1706,6.658080396433412,0.2317771292497106,0.35843095379472917,0.007955595588049313,0.6336134506172215
1707,7.09919253558977,-0.10750531426711785,0.4021902397702718,0.019481412506663798,0.5783283477230644
1708,6.405660385386755,-0.06741875759337379,0.3925874029453851,0.022534826957022802,0.5848777700975921
1709,5.75952911673351,-0.08471726498557697,0.344856661969316,0.017215382187932782,0.6379279558427512
1710,6.0590760402912025,0.18842255269250074,0.33705821171878975,0.004884447539340087,0.6580573407418702
1711,6.337192486928971,0.08885648872839003,0.35607551752930516,0.015031632166926323,0.6288928503037685
1712,6.497714870256436,0.035799856899929594,0.3715715739356753,0.013233272260044449,0.6151951538042802
1713,5.353090439301864,-0.03612257770391114,0.2642994595388387,0.018689331145126387,0.7170112093160349
1714,6.01056005273576,0.016923107925506997,0.33374264632357675,0.012085591594140799,0.6541717620822824
1715,5.895243538031465,0.3088277840721103,0.31923247775503416,0.00988727045992277,0.6708802517850431
1716,6.2653438849653895,0.04146230828300279,0.3649854690651217,0.0058661041994435,0.6291484267354348
1717,5.365012287907461,-0.09155086220255715,0.31351494993382667,0.0292685427270738,0.6572165073390995
1718,6.153117036913544,0.024146949191390377,0.3237726137034391,0.005775818245185249,0.6704515680513756
1719,6.750385529799779,-0.00399804737080256,0.3996404212254529,0.012714350994512291,0.5876452277800348
1720,6.439444347751226,0.22211081311831116,0.3618108532209927,0.007880660496936587,0.6303084862820707
1721,5.989543049781746,-0.0016785541708363994,0.30335095244658083,0.00789228442709633,0.6887567631263228
1722,6.466761373929843,0.09380209230860359,0.3499350900291089,0.007089334823948967,0.6429755751469421
1723,6.163814772174913,0.11298064329723267,0.343147780142239,0.009763505078771995,0.647088714778989
1724,6.678319365409634,0.24813883221736077,0.3440084871149971,0.005788305477186562,0.6502032074078163
1725,6.603482851976881,0.12426549098001516,0.3475070475600126,0.007364863339021199,0.6451280891009662
1726,6.487938998910262,0.1507169085517921,0.36649105466005033,0.006797175293686453,0.6267117700462632
1727,6.481355920834827,-0.027547036598620345,0.33414816858088914,0.009264412091907093,0.6565874193272038
1728,6.906321050865246,0.09184516873705828,0.39463641408205513,0.01398865073339689,0.591374935184548
1729,7.088535289872741,0.0007010193080079219,0.3974717560102178,0.0073746296256068655,0.5951536143641754
1730,6.041769100627746,0.024314179058606555,0.3510760500284441,0.0053111937542915655,0.6436127562172643
1731,6.513158330615803,0.11415732854176852,0.3692299303896272,0.004780256738234845,0.625989812872138
1732,7.165689883466887,0.2774701923634737,0.3997778111144024,0.0071189479696450175,0.5931032409159526
1733,6.075701488159493,0.11041898476464596,0.3393429459525134,0.013825200938524185,0.6468318531089624
1734,6.810999735644456,0.2774127726285629,0.36256510191361435,0.008537467729638037,0.6288974303567476
1735,5.96765222186148,-0.011048497366580534,0.30876952373073285,0.008098580500210284,0.6831318957690569
1736,6.436566499723549,0.2894817011645987,0.3298617696411957,0.007431920012728577,0.6627063103460757
1737,6.321576188032861,0.2118732664074967,0.37318817043991886,0.005591055088041308,0.6212207744720398
1738,6.545905407222341,0.11554613413271309,0.35438780996314306,0.0037358379800171426,0.6418763520568398
1739,6.09184454915979,0.06143836397054425,0.3409936184262624,0.007249887753115969,0.6517564938206216
1740,6.610730590125566,0.25531230272321004,0.357451412553141,0.007401347109224854,0.6351472403376341
1741,6.902863135987625,0.15721567050855434,0.3722227171363489,0.004618650424836668,0.6231586324388144
1742,5.984592493902893,0.1672269207091137,0.3690757059559303,0.007508684967457935,0.6234156090766118
1743,6.9836792985198315,0.10554179846248068,0.36959716243618806,0.012067307964975182,0.6183355295988368
1744,7.098916022823033,0.09593843584439998,0.410072366722012,0.011674831747913117,0.5782528015300749
1745,6.3557343745310275,0.10220018325593117,0.3408899992676503,0.0023321590548510684,0.6567778416774986
1746,6.116347285487879,0.1602223901486246,0.3630791966033724,0.0049915880709580085,0.6319292153256696
1747,6.052824542241248,-0.1315992522877396,0.3608317263941688,0.028570682135730163,0.6105975914701011
1748,6.62252916596701,0.042581525266956355,0.37362116392836253,0.0051101272089358885,0.6212687088627016
1749,6.032752653224731,-0.12089516041367787,0.33655163316403763,0.01837466258825965,0.6450737042477027
1750,6.636789441043643,0.152764370848268,0.4035739438858511,0.007169564493494041,0.5892564916206549
1751,4.789533712457928,0.01769616780490857,0.27112298864252216,0.007456199645654138,0.7214208117118237
1752,7.333850110843504,0.21823624789980567,0.3841630127398162,0.005577963731133229,0.6102590235290506
1753,5.734543408050486,0.028616443189131147,0.33083370991372085,0.012723855408830365,0.6564424346774488
1754,6.965760156309838,0.24516209707878733,0.37885119500250186,0.009773918583382057,0.6113748864141161
1755,7.268806933247687,0.2304831488062744,0.3850691192608614,0.005454515412746441,0.6094763653263922
1756,6.784807457412503,0.03037581684083257,0.34745939664521575,0.005454921778029975,0.6470856815767543
1757,5.652422593024792,0.14117933705246521,0.278844585846227,0.0027580162843302003,0.7183973978694428
1758,6.750874538918573,0.06612989224709143,0.3840137297874955,0.010590951006483662,0.6053953192060209
1759,5.849968073878226,-0.039310636339441984,0.37874572141167934,0.015063589511561337,0.6061906890767593
1760,5.944829953192179,0.1241522295093862,0.29642150228424546,0.003319756773521254,0.7002587409422333
1761,6.75978445580591,0.09081989776370403,0.3674307918008503,0.0071114528074634475,0.6254577553916862
1762,6.398138852712806,0.15152319008642134,0.3706815225752854,0.0024835333948003413,0.6268349440299142
1763,6.289577038833887,0.042069981667165024,0.3579129403274106,0.013941408070965333,0.628145651601624
1764,6.038421521665337,-0.14696238068418221,0.3384577286088562,0.023989149547611166,0.6375531218435326
1765,6.0285789291895,0.0147996711674665,0.33286886740528554,0.011461071807684187,0.6556700607870303
1766,6.190598053783236,0.24226579267320858,0.3637824969008774,0.006639082427481124,0.6295784206716415
1767,5.68044118514579,-0.05474233521692007,0.33333870090390916,0.017977003936095137,0.6486842951599957
1768,6.962647834468534,0.30897766199009613,0.346597639419313,0.00906450444755924,0.6443378561331278
1769,6.113322957483832,-0.1993561960208048,0.368095568965588,0.018971197727817024,0.612933233306595
1770,6.714293448338458,-0.020151357629428546,0.3686324264473558,0.017133814869324582,0.6142337586833196
1771,6.041004519313726,0.07875880548182845,0.32961892102778323,0.0029890960231619967,0.6673919829490548
1772,5.978295404069496,-0.03701996285495568,0.34229647152250664,0.006881338275335214,0.6508221902021581
1773,6.732578908436106,0.01172485756103292,0.3842196096327814,0.02321314983413686,0.5925672405330817
1774,5.902319598562943,-0.03458386468437169,0.32146331345683504,0.008722151878234607,0.6698145346649303
1775,5.719037654350238,0.12543857273814485,0.3360632848844741,0.00815134480297297,0.6557853703125529
1776,6.636496274818169,-0.14368795582199212,0.32721233301858443,0.019616734652651124,0.6531709323287644
1777,7.5124806102249515,0.19064672214066913,0.4009794443230043,0.003590380079253108,0.5954301755977426
1778,6.336036965781233,0.0580420735734295,0.35361608220814245,0.01145661291634159,0.634927304875516
1779,6.312896863015461,0.15403363041868268,0.32529215835879555,0.0031186663856739294,0.6715891752555305
1780,6.498988664040061,-0.018781855251463142,0.3439910369621555,0.010957243710117637,0.6450517193277269
1781,6.10166345518156,-0.1606221667503691,0.3788709687433172,0.035572308151011145,0.5855567231056716
1782,6.7905349260422545,-0.17734591366776709,0.34590546749955436,0.027226335385079847,0.6268681971153658
1783,5.768240109990286,0.11853920682357977,0.33276408341767016,0.003280648209830761,0.6639552683724991
1784,6.166984945233073,0.15348652459370626,0.37617668921674424,0.005510612389454217,0.6183126983938015
1785,5.572509252849606,0.06621578965043007,0.361395144228426,0.008550647109757836,0.6300542086618162
1786,7.203203242880429,0.2296748421418151,0.4065354493760943,0.006747960659217678,0.586716589964688
1787,6.085450965613468,0.1278774623963903,0.35220725281197074,0.00635220160799943,0.6414405455800298
1788,6.622759396990282,0.12867613857569715,0.34710630266675924,0.0032801912074312822,0.6496135061258095
1789,5.9813366403750345,-0.07962088648702004,0.38017361269660255,0.014965986757384475,0.604860400546013
1790,6.731244719061033,0.14169404582698064,0.34251792964966504,0.006038246157052007,0.651443824193283
1791,5.52925865579643,0.005863689377414438,0.3458618915307289,0.008370827429502015,0.6457672810397691
1792,6.608246925313794,0.20950147330277868,0.33447456001225545,0.0038820098904109313,0.6616434300973336
1793,5.878507654477612,-0.10488485572149475,0.38441714763030865,0.022849182717952332,0.592733669651739
1794,5.987227647994029,0.20677856831591068,0.3093159630048484,0.004904260882045763,0.6857797761131058
1795,6.29674443144401,0.09854401041778793,0.3850708860700045,0.010776014812796109,0.6041530991171994
1796,5.901205079458682,0.11422682095259429,0.34208628307129285,0.004691214553731338,0.6532225023749758
1797,6.236165841895709,0.018265026182796795,0.38597128595258823,0.011337732311132553,0.6026909817362792
1798,5.414481034504919,0.15422225914099297,0.2954282529302393,0.0042023809452229055,0.7003693661245378
1799,6.420383319473032,0.11325335828181338,0.3572472772154322,0.007235201853855566,0.6355175209307122
1800,5.805730065451209,0.1986174801888012,0.3562841682796139,0.005624705697383436,0.6380911260230027
1801,6.534630506468448,0.17385896713393478,0.3786982903264742,0.0073424768619375635,0.6139592328115883
1802,6.418718734695172,0.16975718240703586,0.35952023184448495,0.003932187452839575,0.6365475807026755
1803,6.703785351403731,0.22691827465013414,0.36378169751825534,0.006155395430142041,0.6300629070516026
1804,6.164023782188816,-0.12205729840896495,0.3733951876975277,0.02270548291408342,0.6038993293883889
1805,5.593229135348063,0.15645524718630544,0.35297354899595274,0.005628506222138896,0.6413979447819084
1806,6.567140108668005,0.044789816873954,0.3824858627565673,0.022009827135792415,0.5955043101076403
1807,6.684785649111071,0.09532333697261919,0.4011879006904733,0.005484637595735253,0.5933274617137915
1808,6.81277572078248,0.2209064363194546,0.3914346999114336,0.008242772387543285,0.6003225277010231
1809,6.459020003518139,0.20340719435868415,0.3787764827533848,0.004360263388450969,0.6168632538581642
1810,6.010948363568016,-0.06822489923382324,0.3981577623347321,0.012900175965574467,0.5889420616996934
1811,5.59593357826911,0.036919267684201174,0.3275537511814261,0.011491407384519314,0.6609548414340546
1812,5.913347203326703,0.11575819080462058,0.3304644762082698,0.004166079579425608,0.6653694442123046
1813,6.6601990154583515,0.2792623108031913,0.354931852588697,0.007802420016989442,0.6372657273943135
1814,7.247495539652443,0.1999200565505621,0.369055596625335,0.0066490228725193945,0.6242953805021456
1815,5.165573229755588,0.07376805960486799,0.2956051598077922,0.002460145679833603,0.7019346945123742
1816,6.986627535531747,0.23755784634649135,0.4046783939860039,0.007323989249433782,0.5879976167645623
1817,5.994843902850309,0.1884248418159986,0.33484995457290234,0.003410903011376254,0.6617391424157214
1818,5.953456874416541,-0.017009663204730963,0.33968738430183265,0.007904882399009328,0.652407733299158
1819,5.8407828291278925,-0.11119767350100673,0.36331776857005593,0.02200679136085315,0.6146754400690909
1820,5.8762221213293575,-0.053308320260133435,0.3496660777474235,0.01131215669423885,0.6390217655583377
1821,6.800632509085667,0.08305928315090849,0.3533778952630202,0.006487427160080106,0.6401346775768997
1822,5.726853395004069,0.19377743815306037,0.2866522765655372,0.003922023092672811,0.70942570034179
1823,5.581052542132854,0.005142785902835456,0.2990054046585146,0.012274628030089885,0.6887199673113955
1824,6.160686052646722,0.14555831620284732,0.2924550154101547,0.00620408031435532,0.70134090427549
1825,6.0294234732314775,0.0898356628064585,0.36899341381484324,0.004438982201260988,0.6265676039838958
1826,6.500335429229339,0.02197112905108689,0.3490010557688715,0.010754222827765392,0.6402447214033631
1827,6.0979639920833,-0.015158870376598799,0.39108090697293807,0.006911789475865349,0.6020073035511966
1828,6.655358029686807,0.29640813350087836,0.3728287064452187,0.006402053981509059,0.6207692395732722
1829,7.1634660779604244,0.28099278693555263,0.3961766730847655,0.00659951144078158,0.5972238154744529
1830,5.8303434143383255,0.0012287937991262154,0.2978641726044313,0.013341148476845865,0.6887946789187228
1831,6.358212493283899,-0.14552656159516442,0.3419813429440528,0.023546028288805254,0.6344726287671419
1832,6.329773251061243,0.09463132893580806,0.34401426686426895,0.00654867562418282,0.6494370575115482
1833,5.469101191245658,0.06560179815819644,0.3581254028270259,0.003794762227741888,0.6380798349452322
1834,6.000719991993499,0.05770053027206856,0.3402032937625364,0.004606363885647113,0.6551903423518165
1835,7.018089790554291,0.09065324443756761,0.4093752900508421,0.006284880092895129,0.5843398298562628
1836,6.2560486174965675,0.10452293839309768,0.3493624222827565,0.001254065979674146,0.6493835117375694
1837,5.684745570075154,0.16494647927336814,0.3158177816377354,0.007340297484282832,0.6768419208779818
1838,5.631448232000719,0.007166734362557214,0.3659043511058207,0.01590028657473591,0.6181953623194434
1839,6.775873980036442,0.10042748989230699,0.3923045081588418,0.006483581003585648,0.6012119108375725
1840,6.417093235138484,0.030567430733386303,0.3665382221194274,0.004667665347730832,0.6287941125328418
1841,6.405696052399214,0.022499520433398423,0.35835982226327556,0.007650530467013694,0.6339896472697107
1842,6.640121072425145,0.1204409721508588,0.4191535123506957,0.0036397704966218414,0.5772067171526825
1843,5.12332483366178,0.12301668861609283,0.319529896111659,0.004611417504303994,0.675858686384037
1844,6.802023306412738,0.1942479830778776,0.35252389207428814,0.005895198605696206,0.6415809093200157
1845,6.520079834669281,-0.013723138936154733,0.3551641641154862,0.0037354506943631516,0.6411003851901507
1846,6.923138860260903,0.40078884321272756,0.4202267183081267,0.012484063884553864,0.5672892178073194
1847,5.743224816976817,-0.0773896641439773,0.3406108080045401,0.013090122218681055,0.6462990697767789
1848,5.160156650996928,-0.1012895802207785,0.34109586777499884,0.02630982171527968,0.6325943105097215
1849,5.828603009177753,-0.07204746964111397,0.3522174104730178,0.011660399462172788,0.6361221900648094
1850,5.8194378939608775,-0.08276236668648274,0.3443586310255796,0.02011501567817342,0.635526353296247
1851,5.907012202062697,0.16372393477139902,0.34658035612035676,0.005249328562509814,0.6481703153171334
1852,7.4883719024500435,0.09190727416765565,0.37407797836703444,0.006554000095158552,0.619368021537807
1853,6.095429850037953,0.17612797214715314,0.40421190660913187,0.009466911938125433,0.5863211814527427
1854,6.3643146016642715,0.004362195263256652,0.3772251047610139,0.005977242782072123,0.616797652456914
1855,7.213719423347122,0.27874384049516365,0.37317156078628555,0.009076841174079586,0.6177515980396349
1856,6.566840762700482,0.12995531789359482,0.3359630730828043,0.0033707880564793347,0.6606661388607163
1857,6.305219424435163,0.17762297673820182,0.35881886119999357,0.004943292399669674,0.6362378464003368
1858,6.231235688909819,0.21291647060290764,0.3306689356198828,0.004427083700442813,0.6649039806796744
1859,6.178908193049371,0.054253751900546376,0.3235784383235835,0.008093973507420416,0.6683275881689961
1860,6.887228873380935,0.11198068221355051,0.3528171557629727,0.006558323551690393,0.6406245206853369
1861,6.5005188282989135,0.32852466170120387,0.3767958477602603,0.008668913244304743,0.6145352389954349
1862,6.469881578045453,0.09147331502498446,0.3465001397772071,0.005707642430118287,0.6477922177926746
1863,5.751915940425445,0.11452726378575129,0.31869450941327476,0.007875352787372447,0.6734301377993528
1864,6.011349994715103,0.0927923250806435,0.3646255362433897,0.00834966157924294,0.6270248021773673
1865,6.468680188517367,0.10862796104361472,0.3415561515713041,0.0059049657127406285,0.6525388827159553
1866,7.02674573145034,0.0451446978964114,0.42757674540232915,0.014301137248096452,0.5581221173495744
1867,7.036910994289872,0.34444532039293296,0.38491200501742145,0.009874969827318558,0.60521302515526
1868,5.467568854546242,0.13263222176457923,0.29117671556387253,0.0035092453417979175,0.7053140390943295
1869,5.94656391726957,-0.021373393972505816,0.33845016889764634,0.01863071549600781,0.6429191156063458
1870,6.727554181591739,0.06897688030920879,0.3612761003228155,0.008776733203620324,0.6299471664735642
1871,6.437337300142679,0.0919628705264337,0.3781398286422421,0.007428976273631871,0.614431195084126
1872,7.226887674973568,0.23086973679984535,0.36848730242940275,0.0066512334367986314,0.6248614641337986
1873,6.183508859458058,0.055534341031779455,0.34229006209046,0.01039070693962496,0.6473192309699151
1874,6.921723010845184,0.04315063393217056,0.3885126943836185,0.005000222254841591,0.6064870833615399
1875,5.587802578348337,0.042631586091635754,0.33219397696714215,0.004863005935185516,0.6629430170976723
1876,6.81007716624953,0.13510138141063166,0.3666061834566275,0.004214951156373992,0.6291788653869985
1877,6.72322353033911,0.11784169451024251,0.3810356288586818,0.004579913116071754,0.6143844580252464
1878,6.827371656712348,-0.019159399434029112,0.35937278184473903,0.007281530837461914,0.633345687317799
1879,6.334023659324987,-0.012548738875862497,0.35642134057896635,0.008033405368395918,0.6355452540526377
1880,5.977829297343779,0.15148992888936963,0.3043484697565462,0.007124497563907928,0.6885270326795458
1881,6.021371273194475,0.2970021139728738,0.2990538812856297,0.007598057357441013,0.6933480613569293
1882,6.835720346000253,0.24042997911872366,0.3965402620468483,0.00576801446565528,0.5976917234874964
1883,5.216638477902585,0.04279441447852239,0.33024382571764255,0.006430550251531386,0.6633256240308261
1884,6.249469816591273,0.060368635211581534,0.3519088164264755,0.013701432468439967,0.6343897511050846
1885,5.809919307547874,-0.013675672804096095,0.3550568819142569,0.006519815164697684,0.6384233029210454
1886,6.430381489251773,0.13301215405942646,0.3401782389113767,0.007514640507368553,0.6523071205812547
1887,5.218404168680593,0.14390593499999227,0.2965150971844312,0.005291373382532216,0.6981935294330366
1888,5.9902639544907075,0.13199506632857627,0.36176352815638607,0.0037344188691173508,0.6345020529744966
1889,6.946029273794624,0.23371012163494154,0.38337513876122375,0.01054861245030636,0.6060762487884699
1890,6.925865286446524,0.10120236055595022,0.38768051273767606,0.004729009265162454,0.6075904779971615
1891,7.080786368572697,0.0189856855160766,0.4132661239367215,0.007217895391001761,0.5795159806722767
1892,6.552215131558632,-0.10067477996581875,0.35040043328913273,0.011772256132384973,0.6378273105784823
1893,6.930977124535222,0.09091312871891866,0.39201125315602053,0.01234981367661564,0.5956389331673638
1894,5.966340953949226,-0.1150762378076795,0.2939660053884468,0.011343748065925141,0.694690246545628
1895,6.231419820167547,0.0007913636635885624,0.3530777599697955,0.01382006051336171,0.6331021795168428
1896,6.9126712265032,0.09929994029807787,0.35166513504968505,0.0028858535363141535,0.6454490114140008
1897,5.7267721049491875,-0.09278668312341765,0.3213912632532302,0.026920417396399388,0.6516883193503704
1898,6.447835901144907,0.13728068375226954,0.32918438355302293,0.005219141359234403,0.6655964750877427
1899,6.702771661773807,0.21423571595987312,0.3772318229273185,0.008439406057746845,0.6143287710149347
1900,7.435649653240289,-0.03980918668698674,0.3897215915449497,0.013482200528414645,0.5967962079266357
1901,6.0532893492469,-0.006863864901167638,0.32273287056374556,0.014116374185440983,0.6631507552508135
1902,5.784629935716838,0.11483152137410269,0.33631332654495205,0.011176519192952705,0.6525101542620952
1903,5.903026036943625,0.03984892993627387,0.39423493805256987,0.010549298468549517,0.5952157634788806
1904,5.9997411115828125,0.2105421787069437,0.33154744570292377,0.0043733876909387015,0.6640791666061375
1905,6.325094025277925,0.0750308935583659,0.37116364202154517,0.0037551844490952835,0.6250811735293595
1906,6.636961577185483,0.24395064713432024,0.32337777402099394,0.008007194548992735,0.6686150314300133
1907,5.695459098394147,0.11223761615254979,0.3295791461352877,0.0024735916051916718,0.6679472622595206
1908,6.50180288593991,0.18403569528603203,0.3206987580699059,0.004258223799533445,0.6750430181305607
1909,5.77844795251945,-0.14917553475723633,0.3475920578778397,0.019665030723902854,0.6327429113982574
1910,5.8698932072450125,0.1855668018749146,0.32688882059799484,0.0039039438057857367,0.6692072355962194
1911,5.798063495584023,0.01642734191954176,0.32115247104750505,0.0186070822859285,0.6602404466665664
1912,6.490225973608314,0.3137440858153919,0.339058522408107,0.009125411152909713,0.6518160664389833
1913,6.404422353268517,0.047826237965532314,0.34259516096028486,0.009114987707966704,0.6482898513317484
1914,5.973613335531057,0.030813158992076595,0.34396777755722086,0.006218684965278443,0.6498135374775007
1915,6.039265281355921,0.0646870909951005,0.3382468480890663,0.004317562734560243,0.6574355891763735
1916,6.9775275957727505,0.39997183374868417,0.39170392712973756,0.013758229999349059,0.5945378428709134
1917,6.362362871124195,-0.07980839521275307,0.3469477700261613,0.021976328899157793,0.6310759010746809
1918,5.976224375241762,0.06114826357224512,0.3662819466192503,0.011534038451255446,0.6221840149294943
1919,6.17619391237538,0.14183716898023313,0.39385391498045486,0.009746094664762728,0.5963999903547824
1920,6.585747818084717,0.04556754553106224,0.40898230346091463,0.010421816646958015,0.5805958798921274
1921,5.938634803498041,0.059942929809078116,0.3289394967495043,0.004503195042505181,0.6665573082079905
1922,5.735695458628797,-0.02228067925983712,0.34343846994932103,0.007921302669618435,0.6486402273810605
1923,6.711024516466291,0.1780491161455906,0.3522691599174018,0.006225184179036725,0.6415056559035615
1924,5.698252917882865,0.04396619604680296,0.3353574522140795,0.007548508192191605,0.6570940395937289
1925,5.552566372369545,-0.09017558892887045,0.30022639737691365,0.022981383314775894,0.6767922193083105
1926,6.265264754962447,0.08845196115869047,0.3391091641793555,0.007773070249013692,0.6531177655716308
1927,5.831397343841783,-0.052904621937586604,0.2894203048014961,0.00854663715283116,0.7020330580456727
1928,6.572634094590269,0.03414660670395886,0.3661526238086719,0.008025757006218048,0.62582161918511
1929,6.379232312652967,-0.03367196570272579,0.3141912214459455,0.011173760166880153,0.6746350183871743
1930,6.086460910587773,0.07936398131507971,0.3349676096308821,0.00514462450951636,0.6598877658596015
1931,6.740662221588473,0.05059346885784333,0.36759223811452457,0.010552061848868144,0.6218557000366073
1932,6.61699046994108,0.1842760794826921,0.3624683920019333,0.004564264421155817,0.6329673435769109
1933,6.143685153433944,-0.13827066806694166,0.3599669573873228,0.019095351617360146,0.620937690995317
1934,5.719073826926263,0.1300146050833737,0.34322991594534447,0.00958196413066692,0.6471881199239886
1935,5.318121370546447,-0.10399687322540085,0.3254534484708573,0.020983466637828407,0.6535630848913143
1936,6.759257557427373,0.039419125380457665,0.3589824890604714,0.005172801405655847,0.6358447095338727
1937,5.289960731800296,-0.005301484793021061,0.28200510623506697,0.010096801590224025,0.707898092174709
1938,7.546806351091697,0.27889895909448903,0.4315241034054464,0.009603081949611403,0.5588728146449422
1939,6.659535813322864,0.19474829082516454,0.35589365835254533,0.004503639017666983,0.6396027026297877
1940,6.664047601579401,-0.01547343011358926,0.36742341256070327,0.00940119159130165,0.6231753958479951
1941,7.031751786645476,0.2139315660531924,0.3453737677958201,0.0037089737133902956,0.6509172584907896
1942,7.1716316759396745,0.06519127510469325,0.3826439589256099,0.0026915531697238038,0.6146644879046663
1943,5.908419733090312,0.13085727309391704,0.35849148490057137,0.006540445701839315,0.6349680693975893
1944,5.948947399663677,0.03402550081341982,0.3798246576591247,0.013175441962959,0.6069999003779163
1945,6.678439850257849,-0.03259235097284652,0.3994643493025573,0.019784760595376982,0.5807508901020657
1946,6.5003481007329,0.08398943527554614,0.38051243687588665,0.012380853031099481,0.6071067100930139
1947,6.30639118247999,-0.01261566229098765,0.3249845384778637,0.009053606303596529,0.6659618552185398
1948,7.062126934157518,0.04502412189318239,0.40957617606773444,0.010343429934137616,0.5800803939981279
1949,5.4079805911894026,-0.048706740060834086,0.2888016427338957,0.009472396376685788,0.7017259608894185
1950,5.81052258491926,-0.05055183396214513,0.3718533939139777,0.01723697389730877,0.6109096321887135
1951,6.1346798246171135,-0.14946907870412574,0.33822628575335556,0.014183903903811301,0.6475898103428331
1952,6.529309960543228,0.12902403344168256,0.3939817850545662,0.013285547128537079,0.5927326678168967
1953,6.407521809840411,-0.11917544807082958,0.3307017733525668,0.019403641757773427,0.6498945848896598
1954,6.866549843395783,0.06155972860265724,0.4001890737730214,0.018504809694772306,0.5813061165322063
1955,6.75141019400071,0.1905941964688358,0.3496721012684482,0.004208719033498898,0.6461191796980529
1956,6.042844294567766,0.07549339139445355,0.3535658080133029,0.010807807849214479,0.6356263841374826
1957,5.574520540139048,-0.11377852952321987,0.29337282368555706,0.024867690182292734,0.6817594861321502
1958,7.005111563412598,-0.14160656303520192,0.3829852953236239,0.031705690116594965,0.5853090145597811
1959,6.0238682953821385,0.03741835129998439,0.34565106901128945,0.007656810571208317,0.6466921204175022
1960,7.015471823071331,0.2953189196499437,0.3498066198964342,0.007245201739505214,0.6429481783640606
1961,6.193131106935553,0.03995010068958926,0.36040046986977137,0.015938732100097552,0.6236607980301311
1962,5.604669434421849,0.024426805692684184,0.28928754920998756,0.005025052949311215,0.7056873978407012
1963,6.187516687734237,0.06555440594728967,0.3305401796636002,0.004695351275060433,0.6647644690613393
1964,6.038178912979874,-0.017164961805309353,0.3291370748331942,0.01951096262979035,0.6513519625370154
1965,6.2457245549013845,-0.06434290279018384,0.3226167630059672,0.017726083238915225,0.6596571537551176
1966,5.727433475649363,-0.05026342282530116,0.36760437232026266,0.01618906420934929,0.616206563470388
1967,6.37593677753608,0.1214087223091278,0.41241227179411827,0.00613964671756656,0.5814480814883152
1968,6.569677905112745,0.10307043100691704,0.35085665234191293,0.009002177277410428,0.6401411703806766
1969,6.370884767524957,0.02976642023764242,0.3617657114983081,0.003569283817329072,0.6346650046843628
1970,5.898368642624459,-0.07975046389964646,0.3640292375380716,0.018039280839979632,0.6179314816219488
1971,7.084831223113912,0.11068486751263418,0.4313925345459705,0.0037959240598053334,0.5648115413942242
1972,5.855320290206795,0.14011196651340807,0.33512926301894225,0.00756724968966177,0.657303487291396
1973,6.033809710964989,-0.059051700590954326,0.3564720730863079,0.015823681586969784,0.6277042453267223
1974,5.200835931191113,-0.059637074729939066,0.3153239659948447,0.013468721127333994,0.6712073128778213
1975,6.049123205291346,-0.05170792247582767,0.37266155855649674,0.01953067149570875,0.6078077699477945
1976,5.800325943120701,0.004910269559882607,0.3305409369664322,0.005471007738697076,0.6639880552948707
1977,6.189248775502403,-0.06362401040567534,0.3576374325563037,0.02310125250952605,0.6192613149341702
1978,5.432239532843333,-0.061326776589266885,0.3027779047956117,0.012974949464276408,0.6842471457401119
1979,6.155343144070628,-0.15048023395401078,0.3827234885307754,0.024788303998696914,0.5924882074705277
1980,6.151627270313644,-0.022911029981219855,0.345308608874618,0.014174203112505057,0.6405171880128769
1981,5.622471376149071,-0.06617893743215486,0.3070048267268708,0.013442971961917238,0.679552201311212
1982,5.8882626398477145,0.18211909572265306,0.3307747499347366,0.0078362294749314,0.661389020590332
1983,6.146087644342869,-0.0006126741905356781,0.34546629146263,0.007821366019758302,0.6467123425176117
1984,6.5598237015571375,0.2757115691330938,0.3807491394077111,0.009019881933862772,0.6102309786584261
1985,5.636927499743452,0.011217745095865261,0.2983063923298464,0.004137262841961531,0.6975563448281921
1986,5.990272147495829,-0.0203091195210785,0.36939659459258345,0.00826033611646182,0.6223430692909547
1987,5.5198023285507505,-0.054961517026993256,0.3446944378301609,0.0065861843581246915,0.6487193778117144
1988,6.226260144088269,0.0898178206629936,0.3804559632131787,0.008581746571086069,0.6109622902157352
1989,6.065418995917556,-0.14717352709690434,0.36983991680028455,0.031076719433284328,0.5990833637664311
1990,6.974271344916917,0.09171996479831712,0.4041177272166563,0.009197701283361392,0.5866845714999823
1991,6.29200864011545,0.03614339787386367,0.36604457172731636,0.010774774380327534,0.6231806538923561
1992,6.245883060449255,0.051956725169525875,0.3421261474518124,0.011833321201921432,0.6460405313462662
1993,6.6376613547121925,0.04038434002061475,0.37797437043237553,0.012685115081328135,0.6093405144862963
1994,6.287316071056304,-0.10360961791099577,0.34973318534642944,0.020735680116662658,0.6295311345369079
1995,5.4171842148247284,0.008493357914129973,0.32898320637301687,0.022515804982581156,0.648500988644402
1996,5.974470822170025,0.014735841349110324,0.33803664960542557,0.014357685648971552,0.6476056647456029
1997,6.681888092657804,0.11133696447625319,0.4131889686389252,0.007518819492518203,0.5792922118685566
1998,6.606172320582415,0.16291632522604438,0.40181816709430584,0.006092366355234358,0.5920894665504598
1999,5.411157578987408,-0.08554568961316278,0.27493481579163737,0.00944320584714664,0.715621978361216
