Model,#Params (B),Submission Date,Hub License,Type,Average ⬆️,IFEval,BBH,MATH Lvl 5,GPQA,MUSR,MMLU-PRO,params_b,average,date,is_pretrained,months,predicted,scale_contribution,time_contribution
01-ai/Yi-1.5-34B,34.389,2024-06-12,apache-2.0,🟢 pretrained,25.64649419429311,28.411725333226947,42.74936268839652,15.332326283987916,15.436241610738255,11.217187500000003,40.732121749408975,34.389,25.64649419429311,2024-06-12,True,0.13141683778234087,17.5096369961549,6.573025068067498,-0.25850717223152364
01-ai/Yi-1.5-34B-32K,34.389,2024-06-12,apache-2.0,🟢 pretrained,26.72791290850813,31.186917379220468,43.38184666762572,15.40785498489426,15.100671140939594,14.07786458333333,41.21232269503546,34.389,26.72791290850813,2024-06-12,True,0.13141683778234087,17.5096369961549,6.573025068067498,-0.25850717223152364
01-ai/Yi-1.5-6B,6.061,2024-08-10,apache-2.0,🟢 pretrained,16.745698054972127,26.166017278598567,22.027904536694773,6.646525679758309,8.501118568232664,13.309114583333336,23.823507683215126,6.061,16.745698054972127,2024-08-10,True,2.0698151950718686,12.947104594287376,1.8805986163561716,-0.1286131223877184
01-ai/Yi-1.5-9B,8.829,2024-06-12,apache-2.0,🟢 pretrained,22.153901514184795,29.35843561749492,30.50071699492122,11.404833836858003,17.225950782997764,12.030989583333332,32.402482269503544,8.829,22.153901514184795,2024-06-12,True,0.13141683778234087,13.834074689059179,2.8974627609717785,-0.25850717223152364
01-ai/Yi-1.5-9B-32K,8.829,2024-06-12,apache-2.0,🟢 pretrained,19.809786285875365,23.031113002389212,28.937011582169664,10.80060422960725,14.5413870246085,10.82682291666667,30.72177895981088,8.829,19.809786285875365,2024-06-12,True,0.13141683778234087,13.834074689059179,2.8974627609717785,-0.25850717223152364
01-ai/Yi-34B,34.389,2024-06-12,apache-2.0,🟢 pretrained,22.373127018936653,30.45751938190668,35.542431259008794,5.13595166163142,15.548098434004473,9.648437500000004,37.90632387706855,34.389,22.373127018936653,2024-06-12,True,0.13141683778234087,17.5096369961549,6.573025068067498,-0.25850717223152364
01-ai/Yi-34B-200K,34.389,2024-06-12,apache-2.0,🟢 pretrained,20.01347533597433,15.424850507763844,36.02211028900003,5.740181268882175,14.205816554809845,9.414843749999998,39.27304964539008,34.389,20.01347533597433,2024-06-12,True,0.13141683778234087,17.5096369961549,6.573025068067498,-0.25850717223152364
01-ai/Yi-6B,6.061,2024-06-12,apache-2.0,🟢 pretrained,13.611617485376058,28.93378458046871,19.408504737915056,1.5861027190332326,2.572706935123044,7.044270833333335,22.12433510638298,6.061,13.611617485376058,2024-06-12,True,0.13141683778234087,12.817210544443572,1.8805986163561716,-0.25850717223152364
01-ai/Yi-6B-200K,6.061,2024-06-12,apache-2.0,🟢 pretrained,11.99609829883284,8.433068702154728,20.148020103768047,1.812688821752266,4.250559284116329,16.842447916666668,20.489804964539008,6.061,11.99609829883284,2024-06-12,True,0.13141683778234087,12.817210544443572,1.8805986163561716,-0.25850717223152364
01-ai/Yi-9B,8.829,2024-06-12,apache-2.0,🟢 pretrained,17.811867367746064,27.08779372066118,27.62695611207793,5.589123867069486,9.060402684563762,8.909114583333334,28.59781323877068,8.829,17.811867367746064,2024-06-12,True,0.13141683778234087,13.834074689059179,2.8974627609717785,-0.25850717223152364
01-ai/Yi-9B-200K,8.829,2024-06-12,apache-2.0,🟢 pretrained,17.72955178611439,23.270921155866432,26.49249509714754,6.646525679758309,8.7248322147651,12.109114583333332,29.1334219858156,8.829,17.72955178611439,2024-06-12,True,0.13141683778234087,13.834074689059179,2.8974627609717785,-0.25850717223152364
AI-Sweden-Models/gpt-sw3-40b,39.927,2024-06-26,other,🟢 pretrained,4.872902485288683,14.702988071649887,6.894934050796576,1.7371601208459215,0.0,2.83828125,3.064051418439715,39.927,4.872902485288683,2024-06-26,True,0.5913757700205339,17.944094258353402,6.976660013353912,-0.2276848553194343
AI4free/Dhanishtha,1.777,2025-02-19,apache-2.0,🟩 continuously pretrained,11.247711953182252,24.51240486353985,7.93648440557281,25.604229607250755,0.3355704697986553,1.951822916666666,7.145759456264774,1.777,11.247711953182252,2025-02-19,True,8.410677618069816,10.055294312408268,-1.4361193200967408,0.29629453218608526
BEE-spoke-data/smol_llama-101M-GQA,0.101,2024-07-06,apache-2.0,🟢 pretrained,4.019599868138451,13.843712460715349,3.1980040943527936,0.6042296072507553,1.0067114093959737,4.275520833333334,1.1894208037825047,0.101,4.019599868138451,2024-07-06,True,0.919917864476386,1.8016657030819636,-9.187784482569018,-0.20566891466794188
BEE-spoke-data/smol_llama-220M-GQA,0.218,2024-06-26,apache-2.0,🟢 pretrained,6.577800964187134,23.860468002677344,3.03784275772053,1.0574018126888218,0.7829977628635317,9.067708333333334,1.6603871158392434,0.218,6.577800964187134,2024-06-26,True,0.5913757700205339,3.859442735360885,-7.1079915096386035,-0.2276848553194343
BEE-spoke-data/smol_llama-220M-GQA-fineweb_edu,0.218,2024-06-26,apache-2.0,🟩 continuously pretrained,6.629850832257909,19.88124842085666,2.314902449149024,0.6797583081570997,1.230425055928408,14.261718750000002,1.4110520094562635,0.218,6.629850832257909,2024-06-26,True,0.5913757700205339,3.859442735360885,-7.1079915096386035,-0.2276848553194343
BSC-LT/salamandra-7b,7.768,2024-11-22,apache-2.0,🟢 pretrained,5.704911444345451,13.673829882489574,10.157421990520298,0.3776435045317221,2.684563758389265,1.86171875,5.474290780141842,7.768,5.704911444345451,2024-11-22,True,5.486652977412731,13.846843177815582,2.5513714171088564,0.10035266038780268
BSC-LT/salamandra-7b-instruct,7.768,2024-11-22,apache-2.0,🟢 pretrained,10.181243697003833,24.507418095098785,14.688128545731288,0.8308157099697886,1.9015659955257265,10.213020833333337,8.946513002364064,7.768,10.181243697003833,2024-11-22,True,5.486652977412731,13.846843177815582,2.5513714171088564,0.10035266038780268
BramVanroy/fietje-2,2.78,2024-10-28,mit,🟩 continuously pretrained,9.140300477810824,20.980332185268423,15.603676192567876,1.5861027190332326,0.5592841163310973,5.161979166666666,10.950428486997636,2.78,9.140300477810824,2024-10-28,True,4.6652977412731005,11.01407194816978,-0.22635996090821403,0.04531280875907165
CYFRAGOVPL/Llama-PLLuM-8B-base,8.03,2025-02-28,llama3.1,🟩 continuously pretrained,14.51887667865397,28.98874985039695,20.21873797779148,3.625377643504532,4.697986577181204,10.062239583333335,19.52016843971631,8.03,14.51887667865397,2025-02-28,True,8.706365503080082,14.152270247153501,2.641042268062149,0.31610887877242844
CYFRAGOVPL/PLLuM-12B-base,12.248,2025-02-28,apache-2.0,🟩 continuously pretrained,14.667469455106152,28.20937335159599,21.240801542833136,2.8700906344410875,5.369127516778524,10.979947916666667,19.335475768321512,12.248,14.667469455106152,2025-02-28,True,8.706365503080082,15.293512979381248,3.7822850002898956,0.31610887877242844
CYFRAGOVPL/PLLuM-12B-nc-base,12.248,2025-02-28,cc-by-nc-4.0,🟩 continuously pretrained,11.421222164941392,24.045310886226325,19.387664951963902,2.190332326283988,2.684563758389265,2.897135416666666,17.322325650118206,12.248,11.421222164941392,2025-02-28,True,8.706365503080082,15.293512979381248,3.7822850002898956,0.31610887877242844
CortexLM/btlm-7b-base-v0.2,6.885,2024-06-26,mit,🟢 pretrained,8.920254930681883,14.832865685270637,16.19327709708517,1.5105740181268883,0.4474272930648763,5.542187500000001,14.995197990543732,6.885,8.920254930681883,2024-06-26,True,0.5913757700205339,13.192613919238903,2.225179674239414,-0.2276848553194343
Deci/DeciLM-7B,7.044,2024-06-12,apache-2.0,🟢 pretrained,15.023477940437225,28.129474239462404,21.252729791067395,2.8700906344410875,6.040268456375841,13.0484375,18.799867021276597,7.044,15.023477940437225,2024-06-12,True,0.13141683778234087,13.22350910414165,2.286897176054249,-0.25850717223152364
EleutherAI/gpt-j-6b,6.0,2024-08-19,apache-2.0,🟢 pretrained,6.570411768928537,25.221855787089368,4.912818068323685,1.3595166163141994,0.0,5.252083333333334,2.6761968085106376,6.0,6.570411768928537,2024-08-19,True,2.3655030800821355,12.939574911695248,1.8532545871776995,-0.10879877580137526
EleutherAI/gpt-neo-1.3B,1.366,2024-06-12,mit,🟢 pretrained,5.391090848825532,20.790502533278367,3.024569180930987,1.0574018126888218,0.7829977628635317,4.873697916666666,1.8173758865248215,1.366,5.391090848825532,2024-06-12,True,0.13141683778234087,8.789436717703458,-2.147175210383943,-0.25850717223152364
EleutherAI/gpt-neo-125m,0.15,2024-08-10,mit,🟢 pretrained,4.407321907614049,19.054442213327302,3.436738951426704,0.6042296072507553,0.4474272930648763,2.6166666666666654,0.2844267139479898,0.15,4.407321907614049,2024-08-10,True,2.0698151950718686,2.9478871686451416,-8.118618809286064,-0.1286131223877184
EleutherAI/gpt-neo-2.7B,2.718,2024-06-12,mit,🟢 pretrained,6.431047800987447,25.896288514474925,4.178602667081014,1.0574018126888218,2.1252796420581683,3.5205729166666675,1.8081412529550824,2.718,6.431047800987447,2024-06-12,True,0.13141683778234087,10.649281762566993,-0.2873301655204069,-0.25850717223152364
EleutherAI/gpt-neox-20b,20.739,2024-06-09,apache-2.0,🟢 pretrained,6.1165221524743325,25.86880587951081,4.929114201526899,1.3595166163141994,0.0,2.816666666666666,1.725029550827422,20.739,6.1165221524743325,2024-06-09,True,0.03285420944558522,16.135954905767107,5.2059477598751585,-0.2651119544269714
EleutherAI/pythia-1.4b,1.515,2025-01-28,apache-2.0,🟢 pretrained,6.008531439497028,23.708094522533543,3.878989478987103,1.5105740181268883,1.5659955257270708,4.02265625,1.3648788416075646,1.515,6.008531439497028,2025-01-28,True,7.687885010266941,9.57566472546876,-1.8673138376029652,0.2478594627528019
EleutherAI/pythia-12b,12.0,2024-06-12,apache-2.0,🟢 pretrained,6.059841492942702,24.71475684517081,4.987531038290507,1.6616314199395772,0.0,3.787239583333335,1.2078900709219855,12.0,6.059841492942702,2024-06-12,True,0.13141683778234087,14.663599722228849,3.7269877941414475,-0.25850717223152364
EleutherAI/pythia-160m,0.213,2024-06-09,apache-2.0,🟢 pretrained,5.730394616916023,18.15516163778773,2.198832279508135,0.906344410876133,1.1185682326621946,10.675520833333332,1.3279403073286051,0.213,5.730394616916023,2024-06-09,True,0.03285420944558522,3.759292970742674,-7.1707141751492784,-0.2651119544269714
EleutherAI/pythia-1b,1.079,2025-01-27,apache-2.0,🟢 pretrained,5.07026822083096,22.079415949680183,2.2939863995762866,0.906344410876133,0.8948545861297527,2.734375,1.512632978723403,1.079,5.07026822083096,2025-01-27,True,7.655030800821355,8.65604039068474,-2.784736578321836,0.24565786868765263
EleutherAI/pythia-2.8b,2.909,2024-06-12,apache-2.0,🟢 pretrained,5.554946281603011,21.73222604910526,5.077786161905462,1.3595166163141994,0.0,3.63828125,1.521867612293143,2.909,5.554946281603011,2024-06-12,True,0.13141683778234087,10.832866095545368,-0.10374583254203211,-0.25850717223152364
EleutherAI/pythia-410m,0.506,2024-06-09,apache-2.0,🟢 pretrained,5.227072311484412,21.954525104500505,2.7154281203357478,0.9818731117824772,1.230425055928408,3.0598958333333326,1.4202866430260035,0.506,5.227072311484412,2024-06-09,True,0.03285420944558522,6.098244067950272,-4.831763077941681,-0.2651119544269714
EleutherAI/pythia-6.9b,6.9,2024-06-12,apache-2.0,🟢 pretrained,5.966546774741993,22.811362739752745,5.88163197981621,1.4350453172205435,0.2237136465324418,3.81484375,1.632683215130022,6.9,5.966546774741993,2024-06-12,True,0.13141683778234087,13.167674576586993,2.231062648499592,-0.25850717223152364
FlofloB/100k_fineweb_continued_pretraining_Qwen2.5-0.5B-Instruct_Unsloth_merged_16bit,0.5,2024-11-29,apache-2.0,🟩 continuously pretrained,8.550830451075553,30.83219191744571,7.347825006715015,4.078549848942599,2.572706935123044,0.9440104166666662,5.529698581560284,0.5,8.550830451075553,2024-11-29,True,5.716632443531828,6.446874223019444,-4.864008696143327,0.11576381884384741
FlofloB/10k_continued_pretraining_Phi-3-mini-4k-instruct_Unsloth_merged_16bit,16.0,2024-11-22,apache-2.0,🟩 continuously pretrained,24.04356389387962,50.9730847484674,32.60779983085876,9.743202416918429,6.599552572706939,13.569791666666662,30.76795212765957,16.0,24.04356389387962,2024-11-22,True,5.486652977412731,15.800129099382135,4.504657338675409,0.10035266038780268
FlofloB/10k_continued_pretraining_Qwen2.5-0.5B-Instruct_Unsloth_merged_16bit,0.5,2024-11-25,apache-2.0,🟩 continuously pretrained,8.363924265648496,28.154408081667757,7.530228683558659,3.096676737160121,3.9149888143176734,1.47734375,6.009899527186761,0.5,8.363924265648496,2024-11-25,True,5.585215605749487,6.438067846758847,-4.864008696143327,0.10695744258325043
FlofloB/40k_continued_pretraining_Qwen2.5-0.5B-Instruct_Unsloth_merged_16bit,0.5,2024-11-25,apache-2.0,🟩 continuously pretrained,8.381580312764262,30.157759190060155,7.532089563374818,3.3232628398791544,2.348993288590602,1.5361979166666664,5.391179078014184,0.5,8.381580312764262,2024-11-25,True,5.585215605749487,6.438067846758847,-4.864008696143327,0.10695744258325043
FlofloB/83k_continued_pretraining_Qwen2.5-0.5B-Instruct_Unsloth_merged_16bit,0.5,2024-11-26,apache-2.0,🟩 continuously pretrained,8.427461121141809,28.69397642699149,8.132273330945772,3.0211480362537766,3.1319910514541416,1.4184895833333335,6.166888297872341,0.5,8.427461121141809,2024-11-26,True,5.618069815195072,6.440269440823997,-4.864008696143327,0.10915903664839964
FlofloB/smollm2-135M_pretrained_1000k_fineweb,0.135,2025-01-14,apache-2.0,🟢 pretrained,4.20780841481479,14.845388014911546,2.708743994249611,0.906344410876133,1.6778523489932915,3.2911458333333328,1.8173758865248215,0.135,4.20780841481479,2025-01-14,True,7.227926078028747,3.008724193124369,-8.403432053035267,0.2170371458407125
FlofloB/smollm2-135M_pretrained_1000k_fineweb_uncovai_human_removed,0.135,2025-01-27,apache-2.0,🟢 pretrained,4.06134991308063,15.537329840379083,3.2742669103063946,0.6042296072507553,0.1118568232662209,3.2539062500000004,1.5865100472813234,0.135,4.06134991308063,2025-01-27,True,7.655030800821355,3.037344915971309,-8.403432053035267,0.24565786868765263
FlofloB/smollm2-135M_pretrained_1000k_fineweb_uncovai_selected,0.135,2025-01-12,apache-2.0,🟢 pretrained,5.055842764583344,14.67805422944454,2.113413506540018,0.6797583081570997,2.1252796420581683,8.995052083333334,1.7434988179669018,0.135,5.055842764583344,2025-01-12,True,7.162217659137577,3.0043210049940705,-8.403432053035267,0.212633957710414
FlofloB/smollm2-135M_pretrained_1200k_fineweb,0.135,2025-01-12,apache-2.0,🟢 pretrained,4.188312239003598,15.809607397261487,2.2372961213751537,0.6797583081570997,1.9015659955257265,3.65390625,0.8477393617021267,0.135,4.188312239003598,2025-01-12,True,7.162217659137577,3.0043210049940705,-8.403432053035267,0.212633957710414
FlofloB/smollm2-135M_pretrained_1200k_fineweb_uncovai_human_removed,0.135,2025-01-27,apache-2.0,🟢 pretrained,4.280291147523802,15.7771379938563,2.849419191919192,0.0755287009063444,2.0134228187919474,3.416666666666666,1.549571513002364,0.135,4.280291147523802,2025-01-27,True,7.655030800821355,3.037344915971309,-8.403432053035267,0.24565786868765263
FlofloB/smollm2-135M_pretrained_1200k_fineweb_uncovai_selected,0.135,2025-01-14,apache-2.0,🟢 pretrained,4.03050468089069,15.847063569107746,2.206545314818884,0.7552870090634441,1.789709172259505,1.7578124999999991,1.8266105200945613,0.135,4.03050468089069,2025-01-14,True,7.227926078028747,3.008724193124369,-8.403432053035267,0.2170371458407125
FlofloB/smollm2-135M_pretrained_1400k_fineweb,0.135,2025-01-13,apache-2.0,🟢 pretrained,4.992957353487976,17.638089158987043,2.1601002436397274,1.1329305135951662,2.1252796420581683,6.016666666666666,0.8846778959810875,0.135,4.992957353487976,2025-01-13,True,7.195071868583162,3.00652259905922,-8.403432053035267,0.21483555177556327
FlofloB/smollm2-135M_pretrained_1400k_fineweb_uncovai_human_removed,0.135,2025-01-28,apache-2.0,🟢 pretrained,5.063032045008573,17.066051410258115,2.630029274903698,1.0574018126888218,1.45413870246085,7.008854166666666,1.1617169030732852,0.135,5.063032045008573,2025-01-28,True,7.687885010266941,3.0395465100364585,-8.403432053035267,0.2478594627528019
FlofloB/smollm2-135M_pretrained_1400k_fineweb_uncovai_selected,0.135,2025-01-13,apache-2.0,🟢 pretrained,4.624639622707802,15.384956360235286,2.631616005839404,1.0574018126888218,2.460850111856823,4.691145833333335,1.521867612293143,0.135,4.624639622707802,2025-01-13,True,7.195071868583162,3.00652259905922,-8.403432053035267,0.21483555177556327
FlofloB/smollm2-135M_pretrained_200k_fineweb_uncovai_human_removed,0.135,2025-01-17,apache-2.0,🟢 pretrained,3.8819679158721776,14.747979804695984,2.8225402293478967,0.3776435045317221,1.1185682326621946,2.897135416666666,1.3279403073286051,0.135,3.8819679158721776,2025-01-17,True,7.326488706365503,3.0153289753198167,-8.403432053035267,0.22364192803616023
FlofloB/smollm2-135M_pretrained_200k_fineweb_uncovai_selected,0.135,2025-01-08,apache-2.0,🟢 pretrained,3.4920262751647098,13.45153082709433,2.3223515642593,0.7552870090634441,0.1118568232662209,2.853906249999999,1.457225177304964,0.135,3.4920262751647098,2025-01-08,True,7.030800821355236,2.9955146287334737,-8.403432053035267,0.20382758144981708
FlofloB/smollm2-135M_pretrained_400k_fineweb,0.135,2025-01-10,apache-2.0,🟢 pretrained,4.224944649553536,15.112678803352882,1.889766073379756,1.2084592145015105,0.3355704697986553,4.995052083333334,1.8081412529550824,0.135,4.224944649553536,2025-01-10,True,7.096509240246407,2.999917816863772,-8.403432053035267,0.20823076958011555
FlofloB/smollm2-135M_pretrained_400k_fineweb_uncovai_human_removed,0.135,2025-01-18,apache-2.0,🟢 pretrained,4.710926533341115,15.5648124753432,3.575492461700485,0.906344410876133,0.6711409395973182,6.016666666666666,1.5311022458628842,0.135,4.710926533341115,2025-01-18,True,7.359342915811088,3.017530569384966,-8.403432053035267,0.22584352210130945
FlofloB/smollm2-135M_pretrained_400k_fineweb_uncovai_selected,0.135,2025-01-09,apache-2.0,🟢 pretrained,4.38733089603933,15.842076800666677,2.073466032877798,0.6797583081570997,0.5592841163310973,5.416666666666668,1.7527334515366433,0.135,4.38733089603933,2025-01-09,True,7.063655030800821,2.9977162227986227,-8.403432053035267,0.20602917551496627
FlofloB/smollm2-135M_pretrained_600k_fineweb,0.135,2025-01-11,apache-2.0,🟢 pretrained,4.886739290130319,16.391618682872554,3.4240529327139213,0.6042296072507553,2.1252796420581683,5.373437499999999,1.4018173758865236,0.135,4.886739290130319,2025-01-11,True,7.129363449691992,3.002119410928921,-8.403432053035267,0.21043236364526477
FlofloB/smollm2-135M_pretrained_600k_fineweb_uncovai_human_removed,0.135,2025-01-19,apache-2.0,🟢 pretrained,4.644401741390064,16.414114549395602,2.418749257278669,0.906344410876133,1.6778523489932915,4.816666666666667,1.632683215130022,0.135,4.644401741390064,2025-01-19,True,7.392197125256674,3.019732163450115,-8.403432053035267,0.22804511616645873
FlofloB/smollm2-135M_pretrained_600k_fineweb_uncovai_selected,0.135,2025-01-09,apache-2.0,🟢 pretrained,4.657606376854525,16.059389087620847,2.165156425929996,0.7552870090634441,1.45413870246085,5.712760416666669,1.798906619385342,0.135,4.657606376854525,2025-01-09,True,7.063655030800821,2.9977162227986227,-8.403432053035267,0.20602917551496627
FlofloB/smollm2-135M_pretrained_800k_fineweb,0.135,2025-01-14,apache-2.0,🟢 pretrained,4.17450578103981,16.414114549395602,2.348388410325006,0.8308157099697886,0.0,3.765625,1.6880910165484628,0.135,4.17450578103981,2025-01-14,True,7.227926078028747,3.008724193124369,-8.403432053035267,0.2170371458407125
FlofloB/smollm2-135M_pretrained_800k_fineweb_uncovai_human_removed,0.135,2025-01-19,apache-2.0,🟢 pretrained,5.03254333671229,16.22927166584662,3.210703163941808,0.6797583081570997,0.3355704697986553,8.208854166666667,1.5311022458628842,0.135,5.03254333671229,2025-01-19,True,7.392197125256674,3.019732163450115,-8.403432053035267,0.22804511616645873
FlofloB/smollm2-135M_pretrained_800k_fineweb_uncovai_selected,0.135,2025-01-14,apache-2.0,🟢 pretrained,4.118739390912178,14.742993036254914,1.9228579509844617,0.4531722054380665,1.5659955257270708,4.579427083333333,1.4479905437352243,0.135,4.118739390912178,2025-01-14,True,7.227926078028747,3.008724193124369,-8.403432053035267,0.2170371458407125
FlofloB/smollm2_pretrained_200k_fineweb,0.135,2025-01-08,apache-2.0,🟢 pretrained,4.00559929596115,15.270039051937747,2.872523000621309,0.3776435045317221,0.0,3.7421875,1.7712027186761226,0.135,4.00559929596115,2025-01-08,True,7.030800821355236,2.9955146287334737,-8.403432053035267,0.20382758144981708
FlofloB/test_continued_pretraining_Phi-3-mini-4k-instruct_Unsloth_merged_16bit,16.0,2024-11-21,apache-2.0,🟩 continuously pretrained,24.48570245546706,52.15461641777151,32.882433170322564,11.027190332326285,8.165548098434002,12.452083333333327,30.232343380614655,16.0,24.48570245546706,2024-11-21,True,5.453798767967146,15.797927505316986,4.504657338675409,0.09815106632265345
GreenNode/GreenNode-small-9B-it,9.242,2024-10-14,,🟩 continuously pretrained,31.194506347689323,74.36125037123722,41.899925635193455,17.447129909365557,9.284116331096197,11.652083333333335,32.52253250591017,9.242,31.194506347689323,2024-10-14,True,4.205338809034908,14.23065451394091,3.021044921775004,0.014490491846982286
HelpingAI/Priya-10B,10.211,2024-12-18,other,🟩 continuously pretrained,14.14328407509064,40.429283190822574,19.96679684299346,1.8882175226586104,0.7829977628635317,5.208854166666668,16.583554964539008,10.211,14.14328407509064,2024-12-18,True,6.3408624229979464,14.643289341407709,3.290576135007101,0.15759410608168298
HelpingAI/Priya-3B,2.81,2024-12-14,other,🟩 continuously pretrained,13.429592166190526,45.25780484669566,14.335273409626751,1.4350453172205435,0.8948545861297527,3.779427083333333,14.875147754137116,2.81,13.429592166190526,2024-12-14,True,6.209445585215605,11.146562091685762,-0.19734473845424788,0.14878772982108598
HuggingFaceTB/SmolLM-1.7B,1.71,2024-07-18,apache-2.0,🟢 pretrained,5.576455936269043,23.61567308075905,4.4111278515492005,1.6616314199395772,0.0,2.1283854166666667,1.6419178486997636,1.71,5.576455936269043,2024-07-18,True,1.3141683778234086,9.475856441681906,-1.5400128727508666,-0.17924978588615098
HuggingFaceTB/SmolLM-135M,0.13,2024-07-18,apache-2.0,🟢 pretrained,6.951489892134872,21.24762297370976,3.2853998220852616,1.3595166163141994,1.1185682326621946,13.3421875,1.3556442080378246,0.13,6.951489892134872,2024-07-18,True,1.3141683778234086,2.510416640429189,-8.505452674003584,-0.17924978588615098
HuggingFaceTB/SmolLM-360M,0.36,2024-07-18,apache-2.0,🟢 pretrained,6.260888857386585,21.33505764704318,3.284915303246592,1.1329305135951662,2.348993288590602,8.089322916666665,1.374113475177304,0.36,6.260888857386585,2024-07-18,True,1.3141683778234086,5.263840012895215,-5.752029301537557,-0.17924978588615098
HuggingFaceTB/SmolLM2-1.7B,1.71,2024-11-06,apache-2.0,🟢 pretrained,9.5836210417532,24.40003634800108,9.301788459551682,2.643504531722054,3.9149888143176734,4.601041666666668,12.640366430260045,1.71,9.5836210417532,2024-11-06,True,4.960985626283367,9.720233382913472,-1.5400128727508666,0.06512715534541481
HuggingFaceTB/SmolLM2-135M,0.135,2024-11-06,apache-2.0,🟢 pretrained,5.695927392648112,18.177657504310783,3.70807758683998,1.2084592145015105,0.0,10.03046875,1.0509013002364058,0.135,5.695927392648112,2024-11-06,True,4.960985626283367,2.8568142026290713,-8.403432053035267,0.06512715534541481
HuggingFaceTB/SmolLM2-360M,0.36,2024-11-06,apache-2.0,🟢 pretrained,6.251282350517303,21.145227995053123,5.543603155369513,1.2084592145015105,0.0,7.728385416666666,1.8820183215130024,0.36,6.251282350517303,2024-11-06,True,4.960985626283367,5.508216954126781,-5.752029301537557,0.06512715534541481
INSAIT-Institute/BgGPT-Gemma-2-27B-IT-v1.0,27.227,2024-12-15,gemma,🟩 continuously pretrained,1.6780628068086922,0.0,2.3470409575204094,0.0,1.342281879194629,4.524739583333332,1.854314420803781,27.227,1.6780628068086922,2024-12-15,True,6.242299794661191,17.287855656243686,5.941747232038529,0.15098932388623526
IntervitensInc/internlm2_5-20b-llamafied,19.861,2024-11-11,apache-2.0,🟢 pretrained,29.216880819026148,34.099522600034575,63.47057952429436,17.14501510574018,11.74496644295302,14.942708333333329,33.89849290780142,19.861,29.216880819026148,2024-11-11,True,5.125256673511293,16.360265917995296,5.089011692005212,0.07613512567116101
JackFram/llama-160m,0.162,2024-11-30,apache-2.0,🟢 pretrained,4.738129846796396,17.91036671586945,2.033606152852728,0.8308157099697886,1.5659955257270708,4.667708333333334,1.4202866430260035,0.162,4.738129846796396,2024-11-30,True,5.749486652977413,3.4025087609774127,-7.910575752250508,0.11796541290899662
JackFram/llama-68m,0.068,2024-11-30,apache-2.0,🟢 pretrained,4.963339700174584,17.26341662344801,2.5910478068354776,0.6042296072507553,1.1185682326621946,6.607031250000001,1.595744680851063,0.068,4.963339700174584,2024-11-30,True,5.749486652977413,1.055869348248178,-10.257215164979742,0.11796541290899662
KingNish/qwen-1b-continued,1.277,2025-03-07,apache-2.0,🟩 continuously pretrained,4.792600271519794,12.547263483113692,4.387464099020609,0.906344410876133,2.348993288590602,5.667708333333335,2.897828014184398,1.277,4.792600271519794,2025-03-07,True,8.936344969199178,9.197339010776009,-2.3293001267713866,0.331520037228473
KingNish/qwen-1b-continued-v2,1.277,2025-03-07,apache-2.0,🟩 continuously pretrained,4.4416424249765365,15.787111530738445,4.989232311632899,1.0574018126888218,0.0,2.675520833333333,2.14058806146572,1.277,4.4416424249765365,2025-03-07,True,8.936344969199178,9.197339010776009,-2.3293001267713866,0.331520037228473
KingNish/qwen-1b-continued-v2.1,1.277,2025-03-08,apache-2.0,🟩 continuously pretrained,5.461814579103264,11.26832360359402,4.197658352409889,0.906344410876133,2.348993288590602,10.957812500000005,3.0917553191489344,1.277,5.461814579103264,2025-03-08,True,8.969199178644764,9.19954060484116,-2.3293001267713866,0.33372163129362237
KingNish/qwen-1b-continued-v2.2,1.277,2025-03-09,apache-2.0,🟩 continuously pretrained,4.441641963318088,14.12596355447989,4.956068589848116,1.5105740181268883,0.8948545861297527,2.24609375,2.916297281323877,1.277,4.441641963318088,2025-03-09,True,9.00205338809035,9.201742198906308,-2.3293001267713866,0.33592322535877156
LLM360/K2,65.286,2024-06-26,apache-2.0,🟢 pretrained,14.643753289939289,22.52157608478836,28.220402834201128,2.719033232628399,3.5794183445190177,8.550000000000004,22.27208924349881,65.286,14.643753289939289,2024-06-26,True,0.5913757700205339,19.27333741358668,8.305903168587188,-0.2276848553194343
Locutusque/TinyMistral-248M-v2.5,0.248,2024-09-17,apache-2.0,🟩 continuously pretrained,4.035439468453137,13.36409615376091,3.181881126755549,0.9818731117824772,0.1118568232662209,5.069531250000002,1.5033983451536632,0.248,4.035439468453137,2024-09-17,True,3.3182751540041067,4.390711877098896,-6.759454675307981,-0.04495254791204725
M4-ai/TinyMistral-248M-v3,0.248,2024-10-18,apache-2.0,🟢 pretrained,4.20563631018843,16.386631914431486,1.7775539303863237,0.4531722054380665,0.0,5.150000000000001,1.466459810874704,0.248,4.20563631018843,2024-10-18,True,4.336755646817249,4.458961293118523,-6.759454675307981,0.023296868107579263
NYTK/PULI-GPTrio,7.673,2024-08-24,cc-by-nc-4.0,🟢 pretrained,5.833727911056492,21.79716485591564,3.015221141570497,1.2084592145015105,2.1252796420581683,5.3343750000000005,1.521867612293143,7.673,5.833727911056492,2024-08-24,True,2.529774127310062,13.615436364645948,2.5181080698026537,-0.09779080547562903
NYTK/PULI-LlumiX-32K,6.738,2024-08-24,llama2,🟩 continuously pretrained,6.519109356715034,16.99612583500667,5.107047129907727,1.283987915407855,0.4474272930648763,7.718750000000001,7.561317966903072,6.738,6.519109356715034,2024-08-24,True,2.529774127310062,13.264166988673287,2.1668386938299933,-0.09779080547562903
NousResearch/Yarn-Llama-2-13b-128k,13.0,2024-06-13,,🟩 continuously pretrained,8.494146676691704,16.546430138698653,13.505319085673955,1.7371601208459215,1.1185682326621946,3.385416666666666,14.671985815602836,13.0,8.494146676691704,2024-06-13,True,0.16427104722792607,14.882174813221503,3.9433612910689533,-0.2563055781663744
NousResearch/Yarn-Llama-2-7b-128k,7.0,2024-06-13,,🟩 continuously pretrained,6.814800680431223,14.847825990593847,6.1446917129934855,1.5105740181268883,1.342281879194629,8.253906250000004,8.789524231678488,7.0,6.814800680431223,2024-06-13,True,0.16427104722792607,13.208772174165425,2.269958652012875,-0.2563055781663744
NousResearch/Yarn-Llama-2-7b-64k,7.0,2024-06-13,,🟩 continuously pretrained,7.222883145587748,16.99856381068897,7.0440554144724175,1.5861027190332326,1.9015659955257265,6.934374999999998,8.872635933806146,7.0,7.222883145587748,2024-06-13,True,0.16427104722792607,13.208772174165425,2.269958652012875,-0.2563055781663744
NousResearch/Yarn-Mistral-7b-128k,7.0,2024-06-12,apache-2.0,🟩 continuously pretrained,13.268755393260784,19.33669330709185,20.633112436478672,3.1722054380664653,6.487695749440718,8.948177083333333,21.034648345153663,7.0,13.268755393260784,2024-06-12,True,0.13141683778234087,13.206570580100276,2.269958652012875,-0.25850717223152364
NousResearch/Yarn-Mistral-7b-64k,7.0,2024-06-12,apache-2.0,🟩 continuously pretrained,13.540457995525928,20.79548930171944,20.23020020918289,3.700906344410876,5.369127516778524,9.881510416666666,21.26551418439716,7.0,13.540457995525928,2024-06-12,True,0.13141683778234087,13.206570580100276,2.269958652012875,-0.25850717223152364
NousResearch/Yarn-Solar-10b-32k,10.0,2024-06-12,apache-2.0,🟩 continuously pretrained,15.721261422706204,19.421579187666502,28.99482436025671,3.0211480362537766,7.046979865771815,10.597395833333332,25.24564125295508,10.0,15.721261422706204,2024-06-12,True,0.13141683778234087,14.17074342144409,3.234131493356689,-0.25850717223152364
NousResearch/Yarn-Solar-10b-64k,10.0,2024-06-12,apache-2.0,🟩 continuously pretrained,15.162050446653282,19.88867316498003,28.395714153595826,2.8700906344410875,6.935123042505594,9.013020833333336,23.869680851063837,10.0,15.162050446653282,2024-06-12,True,0.13141683778234087,14.17074342144409,3.234131493356689,-0.25850717223152364
NucleusAI/nucleus-22B-token-500B,21.828,2024-06-26,mit,🟢 pretrained,1.6334163485881146,2.5654153202391874,1.8879990685708252,0.0,0.0,3.5481770833333326,1.798906619385342,21.828,1.6334163485881146,2024-06-26,True,0.5913757700205339,16.31172650548293,5.3442922604834395,-0.2276848553194343
OEvortex/HelpingAI-15B,15.323,2024-07-13,other,🟢 pretrained,4.515495603660534,20.30091268944179,1.8153805514942332,0.0,1.0067114093959737,2.734375,1.2355939716312052,15.323,4.515495603660534,2024-07-13,True,1.1498973305954825,15.392648090201705,4.38778674609468,-0.1902577562118972
OEvortex/HelpingAI-3B-reloaded,2.81,2024-10-31,other,🟩 continuously pretrained,14.768420533149955,46.466819150963886,16.98574044907848,1.3595166163141994,1.789709172259505,4.289322916666667,17.719414893617017,2.81,14.768420533149955,2024-10-31,True,4.763860369609857,11.049691952819195,-0.19734473845424788,0.051917590954519414
OEvortex/HelpingAI2-9B,8.903,2024-10-11,other,🟢 pretrained,17.606927062260286,44.131238447319774,27.073241609173305,5.8912386706948645,1.1185682326621946,6.318750000000001,21.108525413711583,8.903,17.606927062260286,2024-10-11,True,4.1067761806981515,14.123030153405505,2.9200253434350474,0.007885709651534524
OEvortex/HelpingAI2.5-10B,10.211,2024-11-19,other,🟩 continuously pretrained,13.711774162686112,32.76561745058666,21.135366144659056,2.0392749244712998,2.572706935123044,6.259895833333336,17.49778368794326,10.211,13.711774162686112,2024-11-19,True,5.388090349075975,14.57944311351838,3.290576135007101,0.09374787819235497
OpenLLM-France/Lucie-7B,6.707,2025-01-14,apache-2.0,🟢 pretrained,8.611731815760395,24.96453853553017,9.91394298206345,1.4350453172205435,3.0201342281879207,6.807031250000001,5.529698581560284,6.707,8.611731815760395,2025-01-14,True,7.227926078028747,13.566529318230684,2.1543730720710474,0.2170371458407125
Pinkstack/Superthoughts-lite-1.8B-experimental-o1,1.812,2025-01-31,apache-2.0,🟩 continuously pretrained,5.104091175053128,3.7519337579843706,9.132472807581593,3.1722054380664653,3.355704697986576,1.7578124999999991,9.454417848699762,1.812,5.104091175053128,2025-01-31,True,7.786447638603696,10.06618951731698,-1.383393827950192,0.2544642449482496
PrimeIntellect/INTELLECT-1,10.211,2024-11-29,apache-2.0,🟢 pretrained,3.806301801901869,17.57315035217667,1.043500157895444,0.0,0.4474272930648763,2.408854166666666,1.3648788416075646,10.211,3.806301801901869,2024-11-29,True,5.716632443531828,14.601459054169872,3.290576135007101,0.11576381884384741
PrimeIntellect/INTELLECT-1,10.211,2024-12-03,apache-2.0,🟢 pretrained,4.016002158495076,17.57315035217667,1.043500157895444,0.0,0.0,4.1421875,1.337174940898345,10.211,4.016002158495076,2024-12-03,True,5.848049281314168,14.61026543043047,3.290576135007101,0.12457019510444432
Qwen/Qwen1.5-0.5B,0.62,2024-06-13,other,🟢 pretrained,5.3510150735736985,17.056077873375976,5.035475836799366,1.7371601208459215,0.5592841163310973,4.303125,3.4149674940898342,0.62,5.3510150735736985,2024-06-13,True,0.16427104722792607,6.6562994154533435,-4.282514106699207,-0.2563055781663744
Qwen/Qwen1.5-1.8B,1.837,2024-06-13,other,🟢 pretrained,9.269492522098927,21.54239639711521,9.759901587727937,3.1722054380664653,7.38255033557047,3.963802083333334,9.79609929078014,1.837,9.269492522098927,2024-06-13,True,0.16427104722792607,9.592460909634605,-1.346352612517944,-0.2563055781663744
Qwen/Qwen1.5-110B,111.21,2024-06-13,other,🟢 pretrained,29.83367750486893,34.21942667677318,44.28047655387545,24.69788519637462,13.646532438478744,13.70546875,48.45227541371159,111.21,29.83367750486893,2024-06-13,True,0.16427104722792607,20.68457004260603,9.745756520453481,-0.2563055781663744
Qwen/Qwen1.5-14B,14.167,2024-06-13,other,🟢 pretrained,20.854080062460586,29.05368865720732,30.063103282917453,20.241691842900305,5.92841163310962,10.464062500000002,29.37352245862884,14.167,20.854080062460586,2024-06-13,True,0.16427104722792607,15.11456019462944,4.175746672476892,-0.2563055781663744
Qwen/Qwen1.5-32B,32.512,2024-06-13,other,🟢 pretrained,27.2987558571606,32.97295620065869,38.980351633108974,30.28700906344411,10.626398210290828,12.040625000000004,38.88519503546098,32.512,27.2987558571606,2024-06-13,True,0.16427104722792607,17.36011331167818,6.421299789525634,-0.2563055781663744
Qwen/Qwen1.5-4B,3.95,2024-06-13,other,🟢 pretrained,11.76818275851784,24.447466056729475,16.249142581095292,5.287009063444108,3.5794183445190177,4.8226562500000005,16.22340425531915,3.95,11.76818275851784,2024-06-13,True,0.16427104722792607,11.662001160751167,0.723187638598617,-0.2563055781663744
Qwen/Qwen1.5-7B,7.721,2024-06-09,other,🟢 pretrained,16.024674155407357,26.842998798742894,23.075768754340448,9.290030211480364,6.487695749440718,9.158333333333331,21.293218085106385,7.721,16.024674155407357,2024-06-09,True,0.03285420944558522,13.464973114822609,2.534965968930657,-0.2651119544269714
Qwen/Qwen1.5-MoE-A2.7B,14.316,2024-06-13,other,🟢 pretrained,13.945920112290064,26.59820387682461,18.837858500547185,9.290030211480364,1.230425055928408,7.967968750000003,19.751034278959807,14.316,13.945920112290064,2024-06-13,True,0.16427104722792607,15.14284262902035,4.204029106867801,-0.2563055781663744
Qwen/Qwen2-0.5B,0.494,2024-11-30,apache-2.0,🟢 pretrained,7.224121473565234,18.73218615495773,7.918512040903256,2.643504531722054,1.45413870246085,4.601041666666668,7.99534574468085,0.494,7.224121473565234,2024-11-30,True,5.749486652977413,6.4164409063660015,-4.896643606861919,0.11796541290899662
Qwen/Qwen2-1.5B,1.544,2024-06-09,apache-2.0,🟢 pretrained,10.445452935561454,21.132705665412217,11.781833653483533,7.02416918429003,1.9015659955257265,3.5932291666666667,17.239213947990542,1.544,10.445452935561454,2024-06-09,True,0.03285420944558522,9.113949203169598,-1.8160579427223529,-0.2651119544269714
Qwen/Qwen2-57B-A14B,57.409,2024-06-13,apache-2.0,🟢 pretrained,25.0338731324107,31.126965340851164,38.87598905034189,18.65558912386707,7.494407158836691,10.538541666666667,43.51174645390071,57.409,25.0338731324107,2024-06-13,True,0.16427104722792607,18.897145315160476,7.9583317930079245,-0.2563055781663744
Qwen/Qwen2-72B,72.706,2024-06-26,other,🟢 pretrained,35.45667093247413,38.23610243044012,51.85613118695519,31.1178247734139,19.239373601789712,19.728906250000005,52.56168735224587,72.706,35.45667093247413,2024-06-26,True,0.5913757700205339,19.564329631571514,8.596895386572022,-0.2276848553194343
Qwen/Qwen2-7B,7.616,2024-06-09,apache-2.0,🟢 pretrained,23.9251621404824,31.48667757106699,34.711136202753416,20.39274924471299,7.270693512304249,14.322916666666666,35.366799645390074,7.616,23.9251621404824,2024-06-09,True,0.03285420944558522,13.427958949959653,2.497951804067701,-0.2651119544269714
Qwen/Qwen2.5-0.5B,0.5,2024-09-19,apache-2.0,🟢 pretrained,6.550067614297009,16.271714606133948,6.953961634882263,3.927492447129909,0.0,2.0833333333333326,10.0639036643026,0.5,6.550067614297009,2024-09-19,True,3.383983572895277,6.290561044393848,-4.864008696143327,-0.04054935978174876
Qwen/Qwen2.5-1.5B,1.5,2024-09-19,apache-2.0,🟢 pretrained,13.852701161320264,26.74304179576856,16.660465167691854,9.138972809667674,4.697986577181204,5.265885416666666,20.609855200945624,1.5,13.852701161320264,2024-09-19,True,3.383983572895277,9.260357913787379,-1.8942118267497947,-0.04054935978174876
Qwen/Qwen2.5-14B,14.77,2024-09-19,apache-2.0,🟢 pretrained,31.951062693148973,36.94464022127954,45.078312404984935,29.003021148036257,17.561521252796418,15.913281249999995,47.20559988179669,14.77,31.951062693148973,2024-09-19,True,3.383983572895277,15.442994371619013,4.288424631081839,-0.04054935978174876
Qwen/Qwen2.5-32B,32.764,2024-09-19,apache-2.0,🟢 pretrained,38.00796730514634,40.76649955451536,53.954752851332,35.64954682779456,21.588366890380318,22.69583333333333,53.39280437352246,32.764,38.00796730514634,2024-09-19,True,3.383983572895277,17.59674140446832,6.442171663931146,-0.04054935978174876
Qwen/Qwen2.5-3B,3.086,2024-09-27,other,🟢 pretrained,18.102770217683677,26.89541527591236,24.30424172637169,14.803625377643504,6.375838926174497,11.758333333333336,24.479166666666664,3.086,18.102770217683677,2024-09-27,True,3.646817248459959,11.228106396301907,0.05592390324353753,-0.02293660726055484
Qwen/Qwen2.5-72B,72.706,2024-09-19,other,🟢 pretrained,38.441143572535815,41.37100670664947,54.61505780163693,39.12386706948641,20.69351230425056,19.640625,55.20279255319149,72.706,38.441143572535815,2024-09-19,True,3.383983572895277,19.7514651271092,8.596895386572022,-0.04054935978174876
Qwen/Qwen2.5-7B,7.616,2024-09-19,apache-2.0,🟢 pretrained,26.019159924095096,33.74479713825982,35.81347328754777,25.075528700906347,9.955257270693512,14.13671875,37.38918439716312,7.616,26.019159924095096,2024-09-19,True,3.383983572895277,13.652521544604875,2.497951804067701,-0.04054935978174876
Qwen/Qwen2.5-Coder-14B,14.77,2024-11-12,apache-2.0,🟢 pretrained,24.82905228038836,34.72652561869174,40.52300211536303,22.507552870090635,5.7046979865771785,6.387239583333336,39.12529550827424,14.77,24.82905228038836,2024-11-12,True,5.158110882956879,15.561880451137073,4.288424631081839,0.07833671973631029
Qwen/Qwen2.5-Coder-32B,32.764,2024-12-10,apache-2.0,🟢 pretrained,33.2623633375386,43.63411304228336,48.51121340614174,30.891238670694865,12.863534675615217,15.868229166666664,47.80585106382979,32.764,33.2623633375386,2024-12-10,True,6.078028747433265,17.777272117810558,6.442171663931146,0.13998135356048907
Qwen/Qwen2.5-Coder-7B,7.616,2024-09-21,apache-2.0,🟢 pretrained,19.20949053896225,34.4592348302504,28.43894411525553,19.18429003021148,1.230425055928408,2.1734375000000004,29.770611702127653,7.616,19.20949053896225,2024-09-21,True,3.4496919917864477,13.656924732735174,2.497951804067701,-0.03614617165145027
Qwen/Qwen2.5-Math-7B,7.616,2024-09-21,apache-2.0,🟩 continuously pretrained,17.836657156289718,24.59983953687328,22.00876067958663,30.513595166163142,5.8165548098434,4.995052083333334,19.086140661938536,7.616,17.836657156289718,2024-09-21,True,3.4496919917864477,13.656924732735174,2.497951804067701,-0.03614617165145027
THUDM/glm-4-9b,9.0,2024-07-04,other,🟢 pretrained,18.006731731716215,14.260827936541707,35.811283581208905,0.0,8.83668903803132,14.189583333333331,34.94200650118203,9.0,18.006731731716215,2024-07-04,True,0.8542094455852156,13.934365247128166,2.949318249607485,-0.21007210279824037
TinyLlama/TinyLlama-1.1B-intermediate-step-1431k-3T,1.1,2024-11-27,apache-2.0,🟢 pretrained,5.230318100791095,22.76637100670665,3.547093389508079,1.2084592145015105,0.3355704697986553,2.187239583333333,1.337174940898345,1.1,5.230318100791095,2024-11-27,True,5.650924024640657,8.573849160377675,-2.7326305706547984,0.11136063071354892
TinyLlama/TinyLlama_v1.1,1.1,2024-06-12,apache-2.0,🟢 pretrained,4.824553844580785,20.00613926603634,3.2103010497128146,1.2084592145015105,0.0,3.979427083333333,0.542996453900708,1.1,4.824553844580785,2024-06-12,True,0.13141683778234087,8.203981357432603,-2.7326305706547984,-0.25850717223152364
Wladastic/Mini-Think-Base-1B,1.236,2025-02-22,llama3.2,🟩 continuously pretrained,14.3485600949955,55.88405430923284,9.377987524324114,7.326283987915408,1.789709172259505,3.136197916666668,8.577127659574469,1.236,14.3485600949955,2025-02-22,True,8.509240246406572,9.080503337396895,-2.4175150773035607,0.302899314381533
Yash21/TinyYi-7B-Test,6.061,2024-07-03,apache-2.0,🟢 pretrained,4.495167294967694,18.56485236949073,2.267966388832264,0.0,1.9015659955257265,3.22265625,1.0139627659574466,6.061,4.495167294967694,2024-07-03,True,0.8213552361396304,12.863444019811705,1.8805986163561716,-0.2122736968633896
ai21labs/Jamba-v0.1,51.57,2024-09-16,apache-2.0,🟢 pretrained,9.218365089520882,20.2559209563957,10.722058918870276,1.5861027190332326,2.460850111856823,3.7109375,16.574320330969268,51.57,9.218365089520882,2024-09-16,True,3.2854209445585214,18.816346130765176,7.668381172423452,-0.0471541419771965
allenai/OLMo-1B-hf,1.177,2024-06-12,apache-2.0,🟢 pretrained,6.633923959022838,21.819660722438684,3.1965463124303173,1.7371601208459215,1.5659955257270708,9.555989583333334,1.9281914893617007,1.177,6.633923959022838,2024-06-12,True,0.13141683778234087,8.386877948429715,-2.5497339796576863,-0.25850717223152364
allenai/OLMo-7B-hf,6.888,2024-06-27,apache-2.0,🟢 pretrained,6.864268027495356,27.19273749207658,5.761987041080832,1.2084592145015105,3.0201342281879207,2.0833333333333326,1.9189568557919612,6.888,6.864268027495356,2024-06-27,True,0.6242299794661191,13.195993132841577,2.2263572937769376,-0.22548326125428506
allenai/OLMoE-1B-7B-0125-Instruct,6.919,2025-02-18,apache-2.0,🟢 pretrained,17.50987629325843,67.57436934001782,14.007956498913387,8.987915407854985,1.342281879194629,2.9812500000000006,10.16548463356974,6.919,17.50987629325843,2025-02-18,True,8.37782340862423,13.72770812190169,2.2384960834618304,0.294092938120936
allenai/OLMoE-1B-7B-0924,6.919,2024-09-30,apache-2.0,🟢 pretrained,7.266580603765461,21.847143357402803,8.308106894895777,1.6616314199395772,0.0,3.565625000000001,8.216976950354608,6.919,7.266580603765461,2024-09-30,True,3.7453798767967146,13.417283358715647,2.2384960834618304,-0.016331825065107105
amd/AMD-Llama-135m,0.134,2024-10-01,apache-2.0,🟢 pretrained,5.228976558960189,19.18431982694805,2.537952680477511,0.7552870090634441,1.1185682326621946,5.904947916666668,1.8727836879432624,0.134,5.228976558960189,2024-10-01,True,3.7782340862423,2.7574583920588913,-8.423530477260075,-0.014130230999957862
apple/DCLM-7B,7.0,2024-08-16,apple-ascl,🟢 pretrained,14.112858289728544,21.727239280664197,19.760934974772244,3.700906344410876,8.7248322147651,7.309114583333334,23.45412234042553,7.0,14.112858289728544,2024-08-16,True,2.2669404517453797,13.349674194334977,2.269958652012875,-0.11540355799682299
awnr/Mistral-7B-v0.1-signtensors-1-over-2,7.242,2024-07-30,apache-2.0,🟢 pretrained,14.370486963136566,21.792178087474564,22.40015255970937,3.3987915407854987,7.606263982102905,8.80885416666667,22.21668144208038,7.242,14.370486963136566,2024-07-30,True,1.7084188911704312,13.404122332910182,2.361833889695617,-0.15283065710436008
awnr/Mistral-7B-v0.1-signtensors-1-over-4,7.0,2024-07-29,apache-2.0,🟢 pretrained,8.747197547964134,21.330070878602108,9.22769372478478,2.492447129909366,2.684563758389265,2.187239583333333,14.561170212765957,7.0,8.747197547964134,2024-07-29,True,1.675564681724846,13.310045501162291,2.269958652012875,-0.15503225116950933
awnr/Mistral-7B-v0.1-signtensors-3-over-8,7.242,2024-07-29,apache-2.0,🟢 pretrained,13.813468900343905,23.94291590756969,20.435230589690025,3.3232628398791544,7.158836689038028,5.785416666666667,22.23515070921986,7.242,13.813468900343905,2024-07-29,True,1.675564681724846,13.401920738845034,2.361833889695617,-0.15503225116950933
awnr/Mistral-7B-v0.1-signtensors-5-over-16,7.242,2024-07-29,apache-2.0,🟢 pretrained,12.28452908669469,21.18268416689938,17.543031293477835,2.9456193353474323,4.138702460850116,6.142187500000003,21.75494976359338,7.242,12.28452908669469,2024-07-29,True,1.675564681724846,13.401920738845034,2.361833889695617,-0.15503225116950933
awnr/Mistral-7B-v0.1-signtensors-7-over-16,7.242,2024-07-29,apache-2.0,🟢 pretrained,14.246704735704872,22.936253584932423,21.040436509874464,3.8519637462235647,7.158836689038028,7.934375000000003,22.55836288416076,7.242,14.246704735704872,2024-07-29,True,1.675564681724846,13.401920738845034,2.361833889695617,-0.15503225116950933
beomi/gemma-mling-7b,8.538,2024-07-17,other,🟩 continuously pretrained,11.392173694644192,20.29093915255965,17.631391012223656,5.438066465256798,0.0,6.848437499999999,18.144208037825056,8.538,11.392173694644192,2024-07-17,True,1.2813141683778233,13.820531957388715,2.8068642370210903,-0.18145137995130023
bigcode/starcoder2-15b,15.958,2024-06-09,bigcode-openrail-m,🟢 pretrained,12.539175421645837,27.802231412651764,20.373540752678547,5.966767371601208,3.1319910514541416,2.9283854166666674,15.032136524822691,15.958,12.539175421645837,2024-06-09,True,0.03285420944558522,15.427559187564892,4.497552041672941,-0.2651119544269714
bigcode/starcoder2-3b,3.03,2024-06-09,bigcode-openrail-m,🟢 pretrained,6.549147626379535,20.370838264693237,8.909299421083569,1.5105740181268883,0.0,1.432291666666666,7.071882387706856,3.03,6.549147626379535,2024-06-09,True,0.03285420944558522,10.936426515252734,0.006419369360781734,-0.2651119544269714
bigcode/starcoder2-7b,7.174,2024-06-09,bigcode-openrail-m,🟢 pretrained,8.2934383764798,22.09193827932109,11.395110106503443,3.096676737160121,0.2237136465324418,5.8166666666666655,7.1365248226950335,7.174,8.2934383764798,2024-06-09,True,0.03285420944558522,13.266338718089962,2.3363315721980102,-0.2651119544269714
bigscience/bloom-1b1,1.065,2024-06-13,bigscience-bloom-rail-1.0,🟢 pretrained,4.025155876068456,13.733781920858878,4.042705269260129,0.5287009063444109,1.230425055928408,3.416666666666666,1.198655437352245,1.065,4.025155876068456,2024-06-13,True,0.16427104722792607,8.118773122575792,-2.820040399576757,-0.2563055781663744
bigscience/bloom-1b7,1.722,2024-06-13,bigscience-bloom-rail-1.0,🟢 pretrained,4.046754480742192,10.438968603305897,4.39745292760164,0.5287009063444109,1.1185682326621946,6.838281250000001,0.958554964539006,1.722,4.046754480742192,2024-06-13,True,0.16427104722792607,9.417704402001993,-1.5211091201505564,-0.2563055781663744
bigscience/bloom-3b,3.003,2024-06-13,bigscience-bloom-rail-1.0,🟢 pretrained,4.387894128649155,12.709610500139627,3.4200982840077354,0.8308157099697886,0.0,7.891145833333333,1.4756944444444438,3.003,4.387894128649155,2024-06-13,True,0.16427104722792607,10.921036777259735,-0.017776744892814667,-0.2563055781663744
bigscience/bloom-560m,0.559,2024-06-13,bigscience-bloom-rail-1.0,🟢 pretrained,3.50724359916236,6.202431769926019,2.885363608028119,0.3776435045317221,1.5659955257270708,8.185416666666667,1.8266105200945613,0.559,3.50724359916236,2024-06-13,True,0.16427104722792607,6.37632632627501,-4.562487195877538,-0.2563055781663744
bigscience/bloom-7b1,7.069,2024-06-13,bigscience-bloom-rail-1.0,🟢 pretrained,3.795510241848182,13.221696210499251,4.038808518979752,0.5287009063444109,1.9015659955257265,1.920572916666666,1.1617169030732852,7.069,3.795510241848182,2024-06-13,True,0.16427104722792607,13.235287784698471,2.296474262545921,-0.2563055781663744
braindao/Qwen2.5-14B,14.77,2025-03-06,apache-2.0,🟢 pretrained,32.436238941896505,54.085493158153696,41.26351364432166,29.229607250755286,16.442953020134222,10.444270833333336,43.15159574468085,14.77,32.436238941896505,2025-03-06,True,8.903490759753593,15.812862174564087,4.288424631081839,0.3293184431633238
cckm/tinymistral_950m,0.955,2025-01-13,mit,🟢 pretrained,5.219822920055284,23.952889444451834,2.371788472964944,0.5287009063444109,1.342281879194629,2.053906250000001,1.0693705673758855,0.955,5.219822920055284,2025-01-13,True,7.195071868583162,8.295212009373595,-3.114742642720892,0.21483555177556327
cjvt/GaMS-1B,1.54,2025-02-13,apache-2.0,🟩 continuously pretrained,4.621759796234088,16.3541625110263,3.861742268465667,1.3595166163141994,1.1185682326621946,3.385416666666666,1.6511524822695034,1.54,4.621759796234088,2025-02-13,True,8.213552361396303,9.65513386307925,-1.823070205034865,0.2830849677951897
cpayne1303/cp2024,0.031,2024-11-26,apache-2.0,🟢 pretrained,3.702132658945494,16.58144833486261,2.7391414141414145,0.5287009063444109,0.7829977628635317,0.4557291666666662,1.124778368794326,0.031,3.702132658945494,2024-11-26,True,5.618069815195072,-1.0763761592318988,-12.380654296199221,0.10915903664839964
cpayne1303/cp2024-instruct,0.031,2024-11-27,apache-2.0,🟩 continuously pretrained,4.319731373654743,17.061064641817044,2.481300216779669,0.0,1.342281879194629,3.179427083333332,1.854314420803781,0.031,4.319731373654743,2024-11-27,True,5.650924024640657,-1.0741745651667496,-12.380654296199221,0.11136063071354892
cpayne1303/llama-43m-beta,0.043,2024-11-30,apache-2.0,🟩 continuously pretrained,5.288331692594867,19.156837191983936,2.482040957520409,0.0,2.460850111856823,6.163802083333335,1.466459810874704,0.043,5.288331692594867,2024-11-30,True,5.749486652977413,-0.1830394628981519,-11.496123976126073,0.11796541290899662
cpayne1303/llama-43m-beta,0.043,2024-12-04,apache-2.0,🟩 continuously pretrained,5.422628758277313,19.489066787235643,2.496047806835478,0.4531722054380665,2.460850111856823,6.401041666666668,1.2355939716312052,0.043,5.422628758277313,2024-12-04,True,5.880903490759754,-0.1742330866375549,-11.496123976126073,0.1267717891695936
cpayne1303/smallcp2024,0.002,2024-11-27,apache-2.0,🟢 pretrained,3.543848434170488,15.819580934143628,3.118177558861132,0.5287009063444109,0.0,0.5333333333333328,1.263297872340425,0.002,3.543848434170488,2024-11-27,True,5.650924024640657,-8.483283498792167,-19.789763229824636,0.11136063071354892
crestf411/MN-Slush,12.248,2025-01-04,,🟩 continuously pretrained,22.136982895446007,40.77148632295642,33.156422079931886,12.68882175226586,9.843400447427292,8.493489583333334,27.868277186761222,12.248,22.136982895446007,2025-01-04,True,6.899383983572895,15.17242530579804,3.7822850002898956,0.1950212051892201
databricks/dolly-v1-6b,6.0,2024-06-12,cc-by-nc-4.0,🟢 pretrained,6.981231710564127,22.244311759464885,4.7813091701327,1.8882175226586104,1.9015659955257265,8.118750000000002,2.953235815602837,6.0,6.981231710564127,2024-06-12,True,0.13141683778234087,12.7898665152651,1.8532545871776995,-0.25850717223152364
deepseek-ai/deepseek-llm-7b-base,7.0,2024-06-12,other,🟢 pretrained,8.227098434870664,21.787191319033496,9.76792479590425,1.9637462235649543,3.1319910514541416,3.755989583333332,8.955747635933804,7.0,8.227098434870664,2024-06-12,True,0.13141683778234087,13.206570580100276,2.269958652012875,-0.25850717223152364
deepseek-ai/deepseek-moe-16b-base,16.376,2024-06-12,other,🟢 pretrained,7.466333791660237,24.49744455821664,8.355555779389382,2.416918429003021,0.5592841163310973,3.355989583333334,5.612810283687943,16.376,7.466333791660237,2024-06-12,True,0.13141683778234087,15.504060132059182,4.567448203971781,-0.25850717223152364
dicta-il/dictalm2.0,7.251,2024-07-31,apache-2.0,🟩 continuously pretrained,11.895185345587594,24.132745559559744,16.48984561578202,1.812688821752266,5.592841163310966,5.512760416666668,17.830230496453904,7.251,11.895185345587594,2024-07-31,True,1.7412731006160165,13.409681276534156,2.365191239254444,-0.15062906303921084
distilbert/distilgpt2,0.088,2024-06-12,apache-2.0,🟢 pretrained,4.002273827220365,6.110010328151527,2.835219845513963,0.6042296072507553,1.230425055928408,11.1578125,2.0759456264775418,0.088,4.002273827220365,2024-06-12,True,0.13141683778234087,1.3763670132513062,-9.560244914836094,-0.25850717223152364
dnhkng/RYS-Medium,18.731,2024-07-17,mit,🟩 continuously pretrained,26.44775194883569,44.06131287206833,47.73420132486152,10.80060422960725,10.402684563758392,8.732552083333331,36.95515661938535,18.731,26.44775194883569,2024-07-17,True,1.2813141683778233,15.944329580351003,4.930661859983379,-0.18145137995130023
dnhkng/RYS-Phi-3-medium-4k-instruct,17.709,2024-08-07,mit,🟢 pretrained,29.093689949569903,43.913926160365605,46.748970518349154,16.08761329305136,13.982102908277405,11.093489583333332,42.73603723404255,17.709,29.093689949569903,2024-08-07,True,1.9712525667351128,15.838893391875388,4.778992196139631,-0.13521790458316615
ehristoforu/Falcon3-MoE-2x7B-Insruct,13.401,2024-12-22,other,🟢 pretrained,36.66765115739224,76.42954028643999,38.0671542210182,41.23867069486405,8.277404921700223,21.605208333333334,34.38792848699764,13.401,36.66765115739224,2024-12-22,True,6.4722792607802875,15.387004796200833,4.025485213539628,0.16640048234227994
ell44ot/gemma-2b-def,1.546,2024-11-28,apache-2.0,🟢 pretrained,8.12291928068411,26.93043347207632,4.586419628734295,2.416918429003021,3.1319910514541416,5.3109375000000005,6.3608156028368805,1.546,8.12291928068411,2024-11-28,True,5.683778234086242,9.496122704036273,-1.8125586210613502,0.11356222477869814
facebook/opt-1.3b,1.3,2024-06-12,other,🟢 pretrained,5.276689334204645,23.83298536771322,3.6480520895226793,0.906344410876133,0.0,2.0833333333333326,1.1894208037825047,1.3,5.276689334204645,2024-06-12,True,0.13141683778234087,8.655566236620086,-2.281045691467315,-0.25850717223152364
facebook/opt-30b,30.0,2024-06-12,other,🟢 pretrained,6.276874107966858,24.52991396162183,3.4984293851759607,1.0574018126888218,2.572706935123044,4.185416666666667,1.8173758865248215,30.0,6.276874107966858,2024-06-12,True,0.13141683778234087,17.140540290837624,6.203928362750221,-0.25850717223152364
fblgit/pancho-v1-qw25-3B-UNAMGS,3.397,2024-11-12,other,🟩 continuously pretrained,23.860634894188152,53.6134124123991,28.66965021792132,15.709969788519636,6.263982102908276,8.17578125,30.73101359338061,3.397,23.860634894188152,2024-11-12,True,5.158110882956879,11.588935161207374,0.3154793411521398,0.07833671973631029
frameai/Loxa-4B,4.018,2025-01-14,,🟢 pretrained,17.545787467583636,47.648350820268,18.307902854016177,10.95166163141994,4.4742729306487705,3.873697916666666,20.01883865248227,4.018,17.545787467583636,2025-01-14,True,7.227926078028747,12.181484397808003,0.7693281516483661,0.2170371458407125
google/codegemma-1.1-2b,2.506,2024-08-12,gemma,🟢 pretrained,7.133867903047553,22.936253584932423,7.551225280004151,1.283987915407855,2.0134228187919474,5.9265625,3.0917553191489344,2.506,7.133867903047553,2024-08-12,True,2.135523613963039,10.564054214088564,-0.5068549519729401,-0.12420993425741993
google/flan-t5-base,0.248,2024-08-14,apache-2.0,🟢 pretrained,6.415642124982084,18.907055501624576,11.33769367730488,1.0574018126888218,0.0,3.22265625,3.969045508274229,0.248,6.415642124982084,2024-08-14,True,2.2012320328542097,4.315857678883822,-6.759454675307981,-0.11980674612712144
google/flan-t5-large,0.783,2024-08-14,apache-2.0,🟢 pretrained,9.658122925542836,22.009490374428736,17.510018280067285,1.4350453172205435,0.1118568232662209,9.007031249999999,7.87529550827423,0.783,9.658122925542836,2024-08-14,True,2.2012320328542097,7.4237668349533354,-3.6515455192384665,-0.11980674612712144
google/flan-t5-small,0.077,2024-06-27,apache-2.0,🟢 pretrained,6.129661810537869,15.24255641697363,6.36311196167965,0.7552870090634441,1.45413870246085,10.36979166666667,2.5930851063829774,0.077,6.129661810537869,2024-06-27,True,0.6242299794661191,1.048425444529758,-9.92121039453488,-0.22548326125428506
google/flan-t5-xl,2.85,2024-08-07,apache-2.0,🟢 pretrained,11.70507257989283,22.374189373085635,22.6950558112154,0.7552870090634441,0.3355704697986553,11.328385416666668,12.741947399527188,2.85,11.70507257989283,2024-08-07,True,1.9712525667351128,10.90076522916388,-0.15913596657187748,-0.13521790458316615
google/flan-t5-xl,2.85,2024-08-07,apache-2.0,🟢 pretrained,11.58716743755607,22.06944241279804,22.837587663523298,0.0755287009063444,0.0,11.85390625,12.686539598108748,2.85,11.58716743755607,2024-08-07,True,1.9712525667351128,10.90076522916388,-0.15913596657187748,-0.13521790458316615
google/flan-ul2,19.46,2024-08-07,apache-2.0,🟢 pretrained,13.675998692966036,23.925406809487715,30.02029012567709,0.906344410876133,5.033557046979867,5.577604166666667,16.592789598108748,19.46,13.675998692966036,2024-08-07,True,1.9712525667351128,16.093775376019998,5.033874180284242,-0.13521790458316615
google/gemma-2-27b,27.227,2024-08-24,gemma,🟢 pretrained,23.926167340782825,24.75221301701707,37.390737454186464,16.61631419939577,13.422818791946312,13.921093749999995,37.4538268321513,27.227,23.926167340782825,2024-08-24,True,2.529774127310062,17.03907552688182,5.941747232038529,-0.09779080547562903
google/gemma-2-2b,2.614,2024-07-31,gemma,🟢 pretrained,10.129463155055184,19.931226922343825,11.755807532236112,2.8700906344410875,1.6778523489932915,11.43046875,13.111332742316788,2.614,10.129463155055184,2024-07-31,True,1.7412731006160165,10.651694334298726,-0.39279570298098543,-0.15062906303921084
google/gemma-2-2b,2.614,2024-07-31,gemma,🟢 pretrained,10.359615568466916,20.176021844262117,12.497306228573644,3.0211480362537766,1.6778523489932915,11.267708333333331,13.51765661938534,2.614,10.359615568466916,2024-07-31,True,1.7412731006160165,10.651694334298726,-0.39279570298098543,-0.15062906303921084
google/gemma-2-2b-jpn-it,2.614,2024-10-11,gemma,🟢 pretrained,17.11540570593849,50.77826832803628,18.525626449832732,3.474320241691843,4.697986577181204,7.681510416666669,17.53472222222222,2.614,17.11540570593849,2024-10-11,True,4.1067761806981515,10.810209106989472,-0.39279570298098543,0.007885709651534524
google/gemma-2-9b,9.0,2024-07-11,gemma,🟢 pretrained,21.20528677610069,20.39832089965736,34.09681853589784,13.444108761329304,10.514541387024613,14.29765625,34.48027482269504,9.0,21.20528677610069,2024-07-11,True,1.0841889117043122,13.949776405584212,2.949318249607485,-0.19466094434219566
google/gemma-2b,2.506,2024-06-12,gemma,🟢 pretrained,7.321959810488082,20.375825033134305,8.246263426638125,3.0211480362537766,0.6711409395973182,7.555989583333336,4.061391843971631,2.506,7.321959810488082,2024-06-12,True,0.13141683778234087,10.429756976114462,-0.5068549519729401,-0.25850717223152364
google/gemma-7b,8.538,2024-06-08,gemma,🟢 pretrained,15.442818570272308,26.59321710838353,21.11609932329174,7.401812688821751,4.921700223713646,10.979947916666667,21.644134160756497,8.538,15.442818570272308,2024-06-08,True,0.0,13.734669788847894,2.8068642370210903,-0.26731354849212063
google/recurrentgemma-2b,2.683,2024-06-13,gemma,🟢 pretrained,7.01512699699078,30.170281519701057,4.8203622310347365,2.0392749244712998,0.0,3.1049479166666667,1.9558953900709208,2.683,7.01512699699078,2024-06-13,True,0.16427104722792607,10.616447540811578,-0.3223659813409706,-0.2563055781663744
google/recurrentgemma-9b,9.0,2024-07-04,gemma,🟢 pretrained,13.709460856107864,31.15943474425635,15.323368888997411,6.646525679758309,4.697986577181204,6.599218750000001,17.830230496453904,9.0,13.709460856107864,2024-07-04,True,0.8542094455852156,13.934365247128166,2.949318249607485,-0.21007210279824037
gpt2,0.137,2024-06-26,mit,🟢 pretrained,6.39102973137443,19.34168007553292,2.714297847387736,0.3021148036253776,1.342281879194629,12.985416666666667,1.6603871158392434,0.137,6.39102973137443,2024-06-26,True,0.5913757700205339,2.6037562261482985,-8.363678018851191,-0.2276848553194343
gpt2,0.137,2024-06-26,mit,🟢 pretrained,5.977736928104574,8.333333333333332,9.199754901960786,0.0,0.0,18.33333333333333,0.0,0.137,5.977736928104574,2024-06-26,True,0.5913757700205339,2.6037562261482985,-8.363678018851191,-0.2276848553194343
h2oai/h2o-danube3-4b-base,3.962,2024-08-10,apache-2.0,🟩 continuously pretrained,10.0908487494014,23.380851695722903,10.564444044561542,2.2658610271903323,5.480984340044745,6.526562500000002,12.326388888888888,3.962,10.0908487494014,2024-08-10,True,2.0698151950718686,11.797893498264122,0.7313875203329177,-0.1286131223877184
hon9kon9ize/CantoneseLLMChat-v0.5,6.069,2024-07-07,apache-2.0,🟩 continuously pretrained,15.959800818271107,32.30849701015528,20.761385180655164,4.154078549848943,3.691275167785232,18.13072916666667,16.712839834515364,6.069,15.959800818271107,2024-07-07,True,0.9527720739219713,12.87581606927603,1.8841642895598982,-0.20346732060279266
huggyllama/llama-65b,65.286,2024-06-26,other,🟢 pretrained,13.688031554930518,25.259311958935623,25.254277114598622,3.096676737160121,3.467561521252797,1.9656249999999984,23.084736997635936,65.286,13.688031554930518,2024-06-26,True,0.5913757700205339,19.27333741358668,8.305903168587188,-0.2276848553194343
huu-ontocord/wide_3b_orpo_stage1.1-ss1-orpo3,3.759,2025-03-03,,🟢 pretrained,4.271382904426972,15.05272676498358,2.6258625470390182,0.9818731117824772,1.1185682326621946,4.02265625,1.8266105200945613,3.759,4.271382904426972,2025-03-03,True,8.804928131416839,12.107041471743646,0.5892087104568452,0.3227136609678762
ibm/PowerLM-3b,3.512,2025-01-07,apache-2.0,🟢 pretrained,11.5240792202122,33.21276435413591,12.02206036323482,3.625377643504532,3.355704697986576,5.636458333333335,11.292109929078013,3.512,11.5240792202122,2025-01-07,True,6.997946611909651,11.802222882705859,0.40547779500226716,0.2016259873846678
ibm-granite/granite-3.0-8b-base,8.171,2024-10-20,apache-2.0,🟢 pretrained,21.690924398799496,45.83482936386566,27.974358298982427,10.120845921450153,10.067114093959727,10.450260416666664,25.69813829787234,8.171,21.690924398799496,2024-10-20,True,4.402464065708419,13.910915857600774,2.6880967010439716,0.027700056237877753
ibm-granite/granite-3.1-1b-a400m-base,1.335,2024-12-16,apache-2.0,🟢 pretrained,6.312391508281799,25.194373152125248,6.429845005402345,2.719033232628399,0.2237136465324418,1.7578124999999991,1.549571513002364,1.335,6.312391508281799,2024-12-16,True,6.275154004106776,9.139080995494995,-2.209229022775314,0.15319091795138448
ibm-granite/granite-3.1-2b-base,2.534,2024-12-16,apache-2.0,🟢 pretrained,13.202826259598206,35.216115462528315,16.843689846888516,5.664652567975831,3.691275167785232,3.9049479166666674,13.89627659574468,2.534,13.202826259598206,2024-12-16,True,6.275154004106776,10.871491215376409,-0.4768188028938997,0.15319091795138448
ibm-granite/granite-3.1-3b-a800m-base,3.299,2024-12-16,apache-2.0,🟢 pretrained,10.00105158723934,29.96294276962903,11.905605199489822,4.531722054380665,3.691275167785232,1.1067708333333328,8.807993498817966,3.299,10.00105158723934,2024-12-16,True,6.275154004106776,11.584657033594487,0.23634701532417762,0.15319091795138448
ibm-granite/granite-3.1-8b-base,8.171,2024-12-16,apache-2.0,🟢 pretrained,20.05719991900457,42.21033524381973,26.01958867101177,9.441087613293051,9.50782997762864,8.36197916666667,24.802378841607563,8.171,20.05719991900457,2024-12-16,True,6.275154004106776,14.03640671931428,2.6880967010439716,0.15319091795138448
ibm-granite/granite-7b-base,6.738,2024-06-12,apache-2.0,🟢 pretrained,7.908701929835419,24.142719096441887,9.050800002899097,1.5861027190332326,0.0,3.402864583333334,9.269725177304965,6.738,7.908701929835419,2024-06-12,True,0.13141683778234087,13.103450621917393,2.1668386938299933,-0.25850717223152364
instruction-pretrain/InstructLM-500M,0.5,2024-06-27,apache-2.0,🟢 pretrained,2.8543503197666724,10.27662158627996,2.317053716048478,0.0,0.8948545861297527,2.0695312500000003,1.5680407801418434,0.5,2.8543503197666724,2024-06-27,True,0.6242299794661191,6.105627142921311,-4.864008696143327,-0.22548326125428506
internlm/internlm2-1_8b,8.0,2024-06-12,other,🟢 pretrained,8.748129853272754,21.97702097102355,13.63385796590672,2.114803625377644,0.0,8.226822916666668,6.536273640661936,8.0,8.748129853272754,2024-06-12,True,0.13141683778234087,13.567536059799062,2.6309241317116614,-0.25850717223152364
jebish7/Llama-3-Nanda-10B-Chat,9.985,2025-02-08,,🟢 pretrained,18.064509209714284,29.52831819572069,29.600465622828253,5.589123867069486,6.823266219239373,12.883854166666667,23.96202718676123,9.985,18.064509209714284,2025-02-08,True,8.049281314168377,14.697269708563242,3.230073610774875,0.2720769974694435
jebish7/Llama-3.1-8B-Instruct,8.03,2025-02-06,llama3.1,🟢 pretrained,24.02231249174472,50.58345190760515,29.191619249410262,15.483383685800604,9.50782997762864,8.507291666666667,30.860298463356976,8.03,24.02231249174472,2025-02-06,True,7.983572895277208,14.103835177720217,2.641042268062149,0.2676738093391451
jebish7/Nemotron-4-Mini-Hindi-4B-Base,4.191,2025-02-06,,🟢 pretrained,12.020294543391651,22.848818911599004,14.862755734528111,2.719033232628399,4.4742729306487705,10.51328125,16.703605200945624,4.191,12.020294543391651,2025-02-06,True,7.983572895277208,12.346075813928307,0.8832829042702379,0.2676738093391451
jebish7/Nemotron-4-Mini-Hindi-4B-Instruct,4.191,2025-02-06,,🟢 pretrained,14.629004135847651,33.452572507613134,16.39051081744601,2.8700906344410875,7.829977628635347,9.511458333333332,17.719414893617017,4.191,14.629004135847651,2025-02-06,True,7.983572895277208,12.346075813928307,0.8832829042702379,0.2676738093391451
jebish7/Nemotron-Mini-4B-Instruct,4.191,2025-02-06,,🟢 pretrained,16.90052524850467,37.09202693298226,19.43287640077525,3.2477341389728096,3.467561521252797,18.35651041666667,19.806442080378247,4.191,16.90052524850467,2025-02-06,True,7.983572895277208,12.346075813928307,0.8832829042702379,0.2676738093391451
jebish7/aya-expanse-8b,8.028,2025-02-06,cc-by-nc-4.0,🟢 pretrained,18.10730460297795,37.911408396388246,28.243958088217383,8.157099697885197,4.4742729306487705,6.495312500000001,23.361776004728128,8.028,18.10730460297795,2025-02-06,True,7.983572895277208,14.103161812265089,2.6403689026070207,0.2676738093391451
jebish7/gemma-2-2b-it,2.614,2025-02-06,gemma,🟢 pretrained,12.36333618408293,12.717035244263,20.91911520531148,3.3987915407854987,6.263982102908276,11.82265625,19.05843676122932,2.614,12.36333618408293,2025-02-06,True,7.983572895277208,11.069997206677083,-0.39279570298098543,0.2676738093391451
jebish7/gemma-2-9b-it,9.242,2025-02-06,gemma,🟢 pretrained,21.76298915231794,15.57467519514887,42.41412690099088,8.459214501510575,12.975391498881436,16.23098958333333,34.92353723404255,9.242,21.76298915231794,2025-02-06,True,7.983572895277208,14.483837831433073,3.021044921775004,0.2676738093391451
keeeeenw/MicroLlama,0.305,2024-09-15,apache-2.0,🟢 pretrained,5.266088341806957,19.85376578589254,2.831363636363637,1.1329305135951662,1.45413870246085,4.793229166666666,1.5311022458628842,0.305,5.266088341806957,2024-09-15,True,3.252566735112936,4.945560194232057,-6.200203170044523,-0.04935573604234574
kyutai/helium-1-preview-2b,2.173,2025-01-14,cc-by-4.0,🟢 pretrained,9.329143600411902,26.136096667952145,10.945139672307278,1.3595166163141994,3.803131991051453,4.036458333333333,9.694518321513002,2.173,9.329143600411902,2025-01-14,True,7.227926078028747,10.519877671021293,-0.8922785751383432,0.2170371458407125
macadeliccc/magistrate-3.2-3b-base,3.213,2024-10-01,llama3.2,🟩 continuously pretrained,6.046097363125316,11.59301763764589,6.910280939116192,1.1329305135951662,1.45413870246085,7.532552083333333,7.65366430260047,3.213,6.046097363125316,2024-10-01,True,3.7782340862423,11.345932039784781,0.16494317046581508,-0.014130230999957862
meta-llama/Llama-2-13b-hf,13.016,2024-06-12,llama2,🟢 pretrained,11.065185981273997,24.82468738502728,17.222559825058127,1.5105740181268883,4.138702460850116,3.385416666666666,15.309175531914892,13.016,11.065185981273997,2024-06-12,True,0.13141683778234087,14.883298220320501,3.9466862922331,-0.25850717223152364
meta-llama/Llama-2-70b-hf,68.977,2024-06-12,llama2,🟢 pretrained,18.372598605703004,24.06780675274937,35.900061863721675,3.2477341389728096,7.046979865771815,9.777604166666668,30.1954048463357,68.977,18.372598605703004,2024-06-12,True,0.13141683778234087,19.3911803337088,8.454568405621401,-0.25850717223152364
meta-llama/Llama-2-7b-chat-hf,6.738,2024-08-30,llama2,🟢 pretrained,9.609483264152257,39.86478100329349,4.459171645959485,1.9637462235649543,0.4474272930648763,3.27734375,7.644429669030731,6.738,9.609483264152257,2024-08-30,True,2.726899383983573,13.277376553064181,2.1668386938299933,-0.0845812410847336
meta-llama/Llama-2-7b-hf,6.738,2024-06-12,llama2,🟢 pretrained,8.806357596540016,25.18938638368418,10.35141665784897,1.7371601208459215,2.2371364653243813,3.7578125,9.56523345153664,6.738,8.806357596540016,2024-06-12,True,0.13141683778234087,13.103450621917393,2.1668386938299933,-0.25850717223152364
meta-llama/Llama-3.1-70B,70.554,2024-07-23,llama3.1,🟢 pretrained,26.200215843375947,16.843752354862875,46.39941295581887,18.42900302114804,18.34451901565996,16.581770833333337,40.602836879432616,70.554,26.200215843375947,2024-07-23,True,1.4784394250513346,19.542552803636664,8.515675518878146,-0.16824181556040477
meta-llama/Llama-3.1-8B-Instruct,8.03,2025-02-06,llama3.1,🟢 pretrained,23.763729445470883,49.217077354752064,29.379192497334035,15.55891238670695,8.7248322147651,8.611197916666667,31.091164302600465,8.03,23.763729445470883,2025-02-06,True,7.983572895277208,14.103835177720217,2.641042268062149,0.2676738093391451
meta-llama/Llama-3.2-1B,1.24,2024-09-23,llama3.2,🟢 pretrained,4.195140014045501,14.7779004153424,4.366029656556756,1.2084592145015105,0.0,2.5578125000000003,2.2606382978723394,1.24,4.195140014045501,2024-09-23,True,3.515400410677618,8.754595217062313,-2.4087808997354587,-0.031742983521151784
meta-llama/Llama-3.2-3B,3.213,2024-09-27,llama3.2,🟢 pretrained,8.697822716562822,13.374069690643047,14.232664884364109,1.8882175226586104,2.348993288590602,3.81484375,16.528147163120565,3.213,8.697822716562822,2024-09-27,True,3.646817248459959,11.337125663524185,0.16494317046581508,-0.02293660726055484
meta-llama/Meta-Llama-3-70B,70.554,2024-06-12,llama3,🟢 pretrained,26.705350171613343,16.031906452656727,48.709812647505885,18.580060422960727,19.686800894854585,16.011197916666664,41.21232269503546,70.554,26.705350171613343,2024-06-12,True,0.13141683778234087,19.452287446965546,8.515675518878146,-0.25850717223152364
meta-llama/Meta-Llama-3-8B,8.03,2024-06-12,llama3,🟢 pretrained,13.626857071686077,14.550614591506092,24.50076379676797,4.531722054380665,7.38255033557047,6.242447916666666,24.553043735224584,8.03,13.626857071686077,2024-06-12,True,0.13141683778234087,13.577654196149549,2.641042268062149,-0.25850717223152364
microsoft/phi-1,1.418,2024-06-13,mit,🟢 pretrained,5.574318195377169,20.6805719934219,4.273999212214679,0.9818731117824772,2.0134228187919474,3.697135416666667,1.798906619385342,1.418,5.574318195377169,2024-06-13,True,0.16427104722792607,8.892632623342116,-2.0461808988104333,-0.2563055781663744
microsoft/phi-1_5,1.418,2024-06-09,mit,🟢 pretrained,7.170966845799231,20.32839532440591,7.468938770070243,1.812688821752266,2.348993288590602,3.385416666666666,7.681368203309693,1.418,7.170966845799231,2024-06-09,True,0.03285420944558522,8.883826247081519,-2.0461808988104333,-0.2651119544269714
microsoft/phi-2,2.78,2024-06-09,mit,🟢 pretrained,15.5342915582149,27.3875539125077,28.038519293439304,2.9456193353474323,2.9082774049217,13.83697916666666,18.088800236406616,2.78,15.5342915582149,2024-06-09,True,0.03285420944558522,10.703647184983737,-0.22635996090821403,-0.2651119544269714
microsoft/phi-4,14.66,2025-01-08,mit,🟢 pretrained,29.48341679122318,4.878500157360248,52.57567157258284,27.870090634441087,20.134228187919465,23.71927083333333,47.722739361702125,14.66,29.48341679122318,2025-01-08,True,7.030800821355236,15.667163619929024,4.2682169381602835,0.20382758144981708
mistral-community/Mistral-7B-v0.2,7.242,2024-06-12,apache-2.0,🟢 pretrained,14.215362442692104,22.663976028050016,23.950865383029598,3.0211480362537766,5.592841163310966,8.363802083333333,21.699541962174944,7.242,14.215362442692104,2024-06-12,True,0.13141683778234087,13.29844581778302,2.361833889695617,-0.25850717223152364
mistral-community/mixtral-8x22B-v0.3,140.63,2024-06-13,apache-2.0,🟢 pretrained,25.80199472534573,25.82636293922349,45.73104089763324,18.35347432024169,17.00223713646532,7.462239583333335,40.4366134751773,140.63,25.80199472534573,2024-06-13,True,0.16427104722792607,21.319049590565893,10.38023606841334,-0.2563055781663744
mistralai/Codestral-22B-v0.1,22.247,2024-09-28,other,🟢 pretrained,23.27991740686463,57.71752283939946,30.737634411945635,10.045317220543806,6.487695749440718,10.738541666666668,23.95279255319149,22.247,23.27991740686463,2024-09-28,True,3.679671457905544,16.57007444863264,5.39569036150912,-0.020735013195405595
mistralai/Mistral-7B-v0.1,7.242,2024-06-12,apache-2.0,🟢 pretrained,14.575358924083137,23.855481234236272,22.0182553990746,2.9456193353474323,5.592841163310966,10.675520833333335,22.36443557919621,7.242,14.575358924083137,2024-06-12,True,0.13141683778234087,13.29844581778302,2.361833889695617,-0.25850717223152364
mistralai/Mistral-7B-v0.3,7.248,2024-06-12,apache-2.0,🟢 pretrained,14.229760590840252,22.663976028050016,24.03725427191849,3.0211480362537766,5.592841163310966,8.363802083333333,21.699541962174944,7.248,14.229760590840252,2024-06-12,True,0.13141683778234087,13.300684514064702,2.3640725859773024,-0.25850717223152364
mistralai/Mistral-Nemo-Base-2407,11.58,2024-07-19,apache-2.0,🟢 pretrained,15.239356042755924,16.299197241098064,29.374736440966878,5.966767371601208,5.8165548098434,6.516927083333336,27.46195330969267,11.58,15.239356042755924,2024-07-19,True,1.3470225872689938,14.648750403777877,3.6306794952799533,-0.17704819182100173
mistralai/Mistral-Small-24B-Base-2501,23.572,2025-01-30,apache-2.0,🟢 pretrained,27.195130187978368,16.723848278124265,48.53757597081616,19.71299093655589,18.34451901565996,10.891666666666667,48.96018026004729,23.572,27.195130187978368,2025-01-30,True,7.753593429158111,16.999460198804723,5.5520784476027,0.2522626508831004
mistralai/Mixtral-8x22B-v0.1,140.621,2024-06-12,apache-2.0,🟢 pretrained,25.74093627522265,25.82636293922349,45.58840384342722,18.35347432024169,16.778523489932887,7.462239583333335,40.4366134751773,140.621,25.74093627522265,2024-06-12,True,0.13141683778234087,21.316674990677054,10.380063062589654,-0.25850717223152364
mistralai/Mixtral-8x7B-v0.1,46.703,2024-08-20,apache-2.0,🟢 pretrained,19.56528101279984,24.152692633324023,30.294194918961484,10.196374622356496,8.501118568232664,12.58359375,31.663711583924343,46.703,19.56528101279984,2024-08-20,True,2.3983572895277208,18.48892772603678,7.400405807454081,-0.10659718173622601
mosaicml/mpt-7b,7.0,2024-06-08,apache-2.0,🟢 pretrained,6.032029339143736,21.51990053059216,6.550600790794161,1.5861027190332326,1.342281879194629,2.904947916666668,2.288342198581559,7.0,6.032029339143736,2024-06-08,True,0.0,13.197764203839679,2.269958652012875,-0.26731354849212063
nazimali/Mistral-Nemo-Kurdish,12.248,2024-10-14,apache-2.0,🟩 continuously pretrained,19.48223781673813,34.01208792670116,29.855897080399064,9.59214501510574,6.823266219239373,11.77994791666667,24.830082742316783,12.248,19.48223781673813,2024-10-14,True,4.205338809034908,14.991894592455802,3.7822850002898956,0.014490491846982286
nlpguy/Mistral-NeMo-Minitron-Upscale-v1,12.451,2024-09-29,other,🟢 pretrained,10.990222795976974,16.484040124647045,22.06890968577206,1.4350453172205435,4.026845637583895,4.844270833333336,17.082225177304963,12.451,10.990222795976974,2024-09-29,True,3.7125256673511293,15.003307067955815,3.8267213867671486,-0.01853341913025635
nlpguy/Mistral-NeMo-Minitron-Upscale-v2,12.451,2024-09-29,other,🟢 pretrained,8.345444097364796,15.727159492369136,14.382673288078204,1.283987915407855,3.1319910514541416,5.252083333333334,10.2947695035461,12.451,8.345444097364796,2024-09-29,True,3.7125256673511293,15.003307067955815,3.8267213867671486,-0.01853341913025635
nlpguy/Mistral-NeMo-Minitron-Upscale-v3,12.451,2024-10-04,other,🟢 pretrained,5.202259190321894,14.120976786038822,3.3982664477164874,1.1329305135951662,1.230425055928408,9.43046875,1.9004875886524817,12.451,5.202259190321894,2024-10-04,True,3.8767967145790556,15.01431503828156,3.8267213867671486,-0.007525448804510128
nvidia/Hymba-1.5B-Base,1.523,2024-12-06,other,🟢 pretrained,8.035282134433706,22.95121389025563,7.689941118138137,1.3595166163141994,0.7829977628635317,5.179427083333335,10.248596335697398,1.523,8.035282134433706,2024-12-06,True,5.946611909650924,9.4732171424728,-1.8530769351460157,0.13117497729989208
nvidia/Minitron-4B-Base,4.0,2024-09-25,other,🟢 pretrained,11.977737055629914,22.17937295265451,17.215600655061085,1.9637462235649543,2.572706935123044,9.938541666666667,17.99645390070922,4.0,11.977737055629914,2024-09-25,True,3.5811088295687883,11.924970229675985,0.7571909247479144,-0.02733979539085333
nvidia/Minitron-8B-Base,7.22,2024-09-25,other,🟢 pretrained,14.21649076588472,24.24267609941621,22.04079297000523,2.56797583081571,3.1319910514541416,9.085677083333335,24.229831560283685,7.22,14.21649076588472,2024-09-25,True,3.5811088295687883,13.521388743068073,2.3536094381400012,-0.02733979539085333
ontocord/merged_0.2_expert_0.8,3.759,2025-03-10,,🟢 pretrained,4.808386541486368,17.425763640473946,3.2883157460305967,2.643504531722054,1.5659955257270708,2.691145833333332,1.2355939716312052,3.759,4.808386541486368,2025-03-10,True,9.034907597535934,12.12245263019969,0.5892087104568452,0.3381248194239208
ontocord/merged_0.2_expert_0.8-stack_2x,6.512,2025-03-10,,🟢 pretrained,4.697285033470183,17.960345217356615,2.818672035294685,2.492447129909366,1.6778523489932915,2.091145833333335,1.1432476359338055,6.512,4.697285033470183,2025-03-10,True,9.034907597535934,13.607857973178517,2.0746140534356714,0.3381248194239208
ontocord/merged_0.5_expert_0.5,3.759,2025-03-10,,🟢 pretrained,4.592377750754853,17.872910544023192,3.102804970729669,1.9637462235649543,1.9015659955257265,1.5145833333333325,1.198655437352245,3.759,4.592377750754853,2025-03-10,True,9.034907597535934,12.12245263019969,0.5892087104568452,0.3381248194239208
ontocord/ontocord_wide_3b-stage1_shuf_sample1_jsonl-pretrained-autoredteam_helpful-0.25_helpful,3.759,2025-02-27,,🟢 pretrained,4.00101442542838,13.184240038652996,2.34885308225961,1.0574018126888218,2.348993288590602,3.489322916666666,1.5772754137115832,3.759,4.00101442542838,2025-02-27,True,8.673511293634498,12.098235095483048,0.5892087104568452,0.3139072847072792
ontocord/ontocord_wide_7b-stacked-stage1,7.888,2025-02-27,,🟢 pretrained,3.907682384845091,14.845388014911546,1.5650455535749657,0.906344410876133,0.4474272930648763,4.5109375,1.1709515366430252,7.888,3.907682384845091,2025-02-27,True,8.673511293634498,14.101837943343275,2.5928115583170728,0.3139072847072792
ontocord/ontocord_wide_7b-stacked-stage1-instruct,7.888,2025-02-27,,🟢 pretrained,3.6656823104305456,15.302508455342934,1.4889344424638544,0.6797583081570997,0.0,3.22265625,1.300236406619384,7.888,3.6656823104305456,2025-02-27,True,8.673511293634498,14.101837943343275,2.5928115583170728,0.3139072847072792
ontocord/wide_3b-merge_test,3.759,2025-03-06,,🟢 pretrained,3.9416429369423778,17.628115622104904,2.934818240684116,0.0,0.0,2.35,0.7369237588652473,3.759,3.9416429369423778,2025-03-06,True,8.903490759753593,12.113646253939093,0.5892087104568452,0.3293184431633238
ontocord/wide_3b-stage1_shuf_sample1_jsonl-pretrained,3.759,2025-02-27,,🟢 pretrained,4.323686258344847,13.946107439371977,2.582584568793929,1.6616314199395772,2.1252796420581683,4.067708333333334,1.5588061465721037,3.759,4.323686258344847,2025-02-27,True,8.673511293634498,12.098235095483048,0.5892087104568452,0.3139072847072792
ontocord/wide_3b_sft_stag1.2-lyrical_law_news_software_howto_formattedtext_math_wiki-merge,3.759,2025-03-06,,🟢 pretrained,4.866410642270219,16.636413604790846,3.1835355510761367,1.1329305135951662,1.342281879194629,5.667708333333334,1.2355939716312052,3.759,4.866410642270219,2025-03-06,True,8.903490759753593,12.113646253939093,0.5892087104568452,0.3293184431633238
ontocord/wide_3b_sft_stag1.2-lyrical_news_software_howto_formattedtext-merge,3.759,2025-03-06,,🟢 pretrained,4.700634702140898,16.973629968483625,2.551802473439225,1.3595166163141994,1.342281879194629,4.593229166666666,1.383348108747044,3.759,4.700634702140898,2025-03-06,True,8.903490759753593,12.113646253939093,0.5892087104568452,0.3293184431633238
ontocord/wide_3b_sft_stage1.1-ss1-no_redteam_skg_poem.no_issue,3.759,2025-03-06,,🟢 pretrained,4.6361259036379225,14.800396281865453,3.3516775197492783,2.0392749244712998,2.684563758389265,3.7421875,1.198655437352245,3.759,4.6361259036379225,2025-03-06,True,8.903490759753593,12.113646253939093,0.5892087104568452,0.3293184431633238
ontocord/wide_3b_sft_stage1.1-ss1-with_generics_intr.no_issue,3.759,2025-03-06,,🟢 pretrained,4.124470876297795,12.367407368005782,3.3670533974072723,1.0574018126888218,3.243847874720355,3.475520833333334,1.2355939716312052,3.759,4.124470876297795,2025-03-06,True,8.903490759753593,12.113646253939093,0.5892087104568452,0.3293184431633238
ontocord/wide_3b_sft_stage1.1-ss1-with_generics_intr_math.no_issue,3.759,2025-03-06,,🟢 pretrained,3.633703566106593,11.91527369601546,2.2297571883124263,0.6797583081570997,1.9015659955257265,3.0460937500000003,2.0297724586288406,3.759,3.633703566106593,2025-03-06,True,8.903490759753593,12.113646253939093,0.5892087104568452,0.3293184431633238
ontocord/wide_3b_sft_stage1.1-ss1-with_generics_intr_math_stories.no_issue,3.759,2025-03-02,,🟢 pretrained,3.8641325845274888,11.283283908917229,4.415068812630222,1.1329305135951662,2.460850111856831,2.45390625,1.4387559101654843,3.759,3.8641325845274888,2025-03-02,True,8.772073921971252,12.104839877678495,0.5892087104568452,0.3205120669027268
ontocord/wide_3b_sft_stage1.1-ss1-with_generics_intr_math_stories.no_issue,3.759,2025-03-06,,🟢 pretrained,3.712730535219289,11.61551350416894,4.554520467313206,0.7552870090634441,1.789709172259505,2.187239583333333,1.374113475177304,3.759,3.712730535219289,2025-03-06,True,8.903490759753593,12.113646253939093,0.5892087104568452,0.3293184431633238
ontocord/wide_3b_sft_stage1.1-ss1-with_generics_intr_math_stories_no_orig_instr.no_issue,3.759,2025-03-06,,🟢 pretrained,4.284721666227881,13.169279733329788,2.93878288661528,0.906344410876133,2.0134228187919474,5.075520833333335,1.6049793144208029,3.759,4.284721666227881,2025-03-06,True,8.903490759753593,12.113646253939093,0.5892087104568452,0.3293184431633238
ontocord/wide_3b_sft_stage1.1-ss1-with_generics_intr_stories.no_issue,3.759,2025-03-06,,🟢 pretrained,3.670762265147779,11.8178654857999,2.9977998836734763,0.8308157099697886,2.1252796420581683,2.45390625,1.798906619385342,3.759,3.670762265147779,2025-03-06,True,8.903490759753593,12.113646253939093,0.5892087104568452,0.3293184431633238
ontocord/wide_3b_sft_stage1.1-ss1-with_generics_math.no_issue,3.759,2025-03-06,,🟢 pretrained,3.5261580781434336,12.399876771410966,3.275690229364662,0.7552870090634441,1.1185682326621946,2.187239583333333,1.4202866430260035,3.759,3.5261580781434336,2025-03-06,True,8.903490759753593,12.113646253939093,0.5892087104568452,0.3293184431633238
ontocord/wide_3b_sft_stage1.1-ss1-with_math.no_issue,3.759,2025-03-06,,🟢 pretrained,4.767499605566051,12.981888057022037,3.133656346349717,1.5861027190332326,1.342281879194629,7.928385416666669,1.632683215130022,3.759,4.767499605566051,2025-03-06,True,8.903490759753593,12.113646253939093,0.5892087104568452,0.3293184431633238
ontocord/wide_3b_sft_stage1.1-ss1-with_r1_generics_intr_math_stories.no_issue,3.759,2025-03-02,,🟢 pretrained,5.093186530380667,20.490742341431847,2.3470409575204094,0.0,1.342281879194629,4.524739583333332,1.854314420803781,3.759,5.093186530380667,2025-03-02,True,8.772073921971252,12.104839877678495,0.5892087104568452,0.3205120669027268
ontocord/wide_3b_sft_stage1.2-ss1-expert_fictional_lyrical,3.759,2025-03-05,,🟢 pretrained,4.837021332568196,14.610566629875397,2.477490056885344,1.3595166163141994,1.9015659955257265,7.10494791666667,1.5680407801418434,3.759,4.837021332568196,2025-03-05,True,8.870636550308008,12.111444659873944,0.5892087104568452,0.3271168490981746
ontocord/wide_3b_sft_stage1.2-ss1-expert_formatted_text,3.759,2025-03-06,,🟢 pretrained,4.304343127317076,14.872870649875662,3.7308056255712647,1.2084592145015105,1.5659955257270708,2.824479166666667,1.6234485815602824,3.759,4.304343127317076,2025-03-06,True,8.903490759753593,12.113646253939093,0.5892087104568452,0.3293184431633238
ontocord/wide_3b_sft_stage1.2-ss1-expert_how-to,3.759,2025-03-06,apache-2.0,🟢 pretrained,4.2152701749908585,12.454842041339202,3.814087152005469,1.4350453172205435,1.230425055928408,4.659895833333335,1.6973256501182026,3.759,4.2152701749908585,2025-03-06,True,8.903490759753593,12.113646253939093,0.5892087104568452,0.3293184431633238
ontocord/wide_3b_sft_stage1.2-ss1-expert_math,3.759,2025-03-06,,🟢 pretrained,5.136738708504239,19.151850423542868,3.1664911884922264,2.794561933534743,1.230425055928408,3.4539062499999997,1.0231973995271864,3.759,5.136738708504239,2025-03-06,True,8.903490759753593,12.113646253939093,0.5892087104568452,0.3293184431633238
ontocord/wide_3b_sft_stage1.2-ss1-expert_news,3.759,2025-03-05,,🟢 pretrained,4.449975118096195,16.58144833486261,1.9437982768865123,1.6616314199395772,2.348993288590602,2.9283854166666674,1.2355939716312052,3.759,4.449975118096195,2025-03-05,True,8.870636550308008,12.111444659873944,0.5892087104568452,0.3271168490981746
ontocord/wide_3b_sft_stage1.2-ss1-expert_software,3.759,2025-03-05,,🟢 pretrained,4.290233092582329,17.33832896714052,2.499488323419256,1.5861027190332326,1.1185682326621946,1.6401041666666656,1.5588061465721037,3.759,4.290233092582329,2025-03-05,True,8.870636550308008,12.111444659873944,0.5892087104568452,0.3271168490981746
ontocord/wide_6.6b_sft_stag1.2-lyrical_law_news_software_howto_formattedtext_math_wiki-merge-stacked,7.888,2025-03-07,,🟢 pretrained,3.97781016722033,12.439881736015993,3.014694718783778,1.4350453172205435,2.1252796420581683,3.579427083333334,1.2725325059101646,7.888,3.97781016722033,2025-03-07,True,8.936344969199178,14.119450695864469,2.5928115583170728,0.331520037228473
oopere/pruned10-llama-3.2-3B,3.001,2024-12-22,llama3.2,🟢 pretrained,6.919943456537481,17.76298000416672,7.759477124183007,1.9637462235649543,2.2371364653243813,4.687499999999999,7.108820921985815,3.001,6.919943456537481,2024-12-22,True,6.4722792607802875,11.341941887931199,-0.0195776947300047,0.16640048234227994
oopere/pruned20-llama-3.2-3b,2.79,2024-12-12,llama3.2,🟢 pretrained,5.656559779770029,17.887870849346402,6.3327454652272905,1.5861027190332326,2.1252796420581683,2.897135416666666,3.1102245862884166,2.79,5.656559779770029,2024-12-12,True,6.143737166324435,11.122850067133822,-0.21665357487588852,0.1443845416907875
oopere/pruned40-llama-1b,0.914,2024-11-26,llama3.2,🟢 pretrained,6.608357202270273,22.843832143157933,2.6553089313766187,0.7552870090634441,0.0,12.483333333333334,0.912381796690307,0.914,6.608357202270273,2024-11-26,True,5.618069815195072,8.070915875818798,-3.2333622611485247,0.10915903664839964
oopere/pruned40-llama-3.2-1B,0.914,2025-02-19,llama3.2,🟢 pretrained,6.877693765654211,22.663976028050016,2.7012729836642007,0.8308157099697886,0.5592841163310973,13.238281250000002,1.2725325059101646,0.914,6.877693765654211,2025-02-19,True,8.410677618069816,8.258051371356485,-3.2333622611485247,0.29629453218608526
oopere/pruned40-llama-3.2-3b,2.367,2024-12-12,llama3.2,🟢 pretrained,5.371284651830273,21.829634259320827,4.740101545945625,1.283987915407855,0.0,2.408854166666666,1.965130023640662,2.367,5.371284651830273,2024-12-12,True,6.143737166324435,10.678390402336822,-0.6611132396728898,0.1443845416907875
oopere/pruned60-llama-1b,0.753,2024-11-25,llama3.2,🟢 pretrained,5.46756672622325,18.285039251408485,2.9425264807533544,0.2265861027190332,0.0,9.432291666666666,1.9189568557919612,0.753,5.46756672622325,2024-11-25,True,5.585215605749487,7.544922843302688,-3.757153699599486,0.10695744258325043
oopere/pruned60-llama-3.2-3b,1.944,2024-12-13,llama3.2,🟢 pretrained,5.128680683633621,18.247583079562222,3.9884019153468855,0.3776435045317221,2.684563758389265,4.016666666666667,1.457225177304964,1.944,5.128680683633621,2024-12-13,True,6.176591375770021,10.14839276714538,-1.1933124689294818,0.14658613575593676
openai-community/gpt2,0.137,2024-06-12,mit,🟢 pretrained,6.510807087761722,17.925327021192658,2.674981367986987,0.2265861027190332,1.1185682326621946,15.348177083333336,1.7712027186761226,0.137,6.510807087761722,2024-06-12,True,0.13141683778234087,2.572933909236209,-8.363678018851191,-0.25850717223152364
openai-community/gpt2,0.137,2024-08-12,mit,🟢 pretrained,6.33423541829189,17.795449407571912,2.8159113095085133,0.5287009063444109,1.1185682326621946,13.9109375,1.8358451536643017,0.137,6.33423541829189,2024-08-12,True,2.135523613963039,2.707231147210313,-8.363678018851191,-0.12420993425741993
openai-community/gpt2-large,0.812,2024-06-12,mit,🟢 pretrained,5.567707192929642,20.47822001179094,3.2537905449787403,1.2084592145015105,1.230425055928408,5.658072916666665,1.5772754137115832,0.812,5.567707192929642,2024-06-12,True,0.13141683778234087,7.383376355788285,-3.5532355722991142,-0.25850717223152364
openai-community/gpt2-medium,0.38,2024-06-12,mit,🟢 pretrained,5.902340287154445,22.08440271812125,2.719972238356244,0.7552870090634441,1.6778523489932915,6.155989583333335,2.020537825059101,0.38,5.902340287154445,2024-06-12,True,0.13141683778234087,5.330738523513216,-5.605873404574184,-0.25850717223152364
openai-community/gpt2-xl,1.608,2024-06-12,mit,🟢 pretrained,5.093480678758688,20.385798570016444,2.580960647452716,0.9818731117824772,1.1185682326621946,4.036458333333333,1.457225177304964,1.608,5.093480678758688,2024-06-12,True,0.13141683778234087,9.230344734148353,-1.7062671939390484,-0.25850717223152364
orai-nlp/Llama-eus-8B,8.03,2024-09-30,,🟩 continuously pretrained,13.943754358263163,21.61232197236665,20.96137115221118,4.682779456193353,5.257270693512303,8.285677083333335,22.86310579196217,8.03,13.943754358263163,2024-09-30,True,3.7453798767967146,13.819829543315965,2.641042268062149,-0.016331825065107105
pints-ai/1.5-Pints-16K-v0.1,1.566,2024-09-09,mit,🟢 pretrained,4.250927888464816,16.35914927946737,3.658292060342125,1.4350453172205435,0.0,2.734375,1.3187056737588652,1.566,4.250927888464816,2024-09-09,True,3.055441478439425,9.354741487610962,-1.7778123122747191,-0.06256530043324118
pints-ai/1.5-Pints-2K-v0.1,1.566,2024-09-09,mit,🟢 pretrained,4.044439684591542,17.615593292463995,2.3744704635071923,1.283987915407855,0.0,1.8401041666666655,1.1524822695035457,1.566,4.044439684591542,2024-09-09,True,3.055441478439425,9.354741487610962,-1.7778123122747191,-0.06256530043324118
postbot/gpt2-medium-emailgen,0.38,2024-11-17,apache-2.0,🟩 continuously pretrained,4.743048119298616,14.92030035860406,3.673700346196318,0.0,1.342281879194629,6.889322916666669,1.632683215130022,0.38,4.743048119298616,2024-11-17,True,5.322381930184805,5.678590385806796,-5.605873404574184,0.08934469006205648
princeton-nlp/Llama-3-8B-ProLong-512k-Base,8.03,2024-10-16,llama3,🟩 continuously pretrained,21.67904493201005,53.221230778778086,29.847246369144035,6.873111782477341,1.5659955257270708,12.683854166666665,25.882830969267133,8.03,21.67904493201005,2024-10-16,True,4.271047227926078,13.855055048358352,2.641042268062149,0.018893679977280774
princeton-nlp/Llama-3-8B-ProLong-64k-Base,8.03,2024-10-16,llama3,🟩 continuously pretrained,21.65219829915355,52.007229706068784,28.687899000980178,6.495468277945619,2.0134228187919474,14.62317708333333,26.08599290780142,8.03,21.65219829915355,2024-10-16,True,4.271047227926078,13.855055048358352,2.641042268062149,0.018893679977280774
princeton-nlp/Sheared-LLaMA-1.3B,1.3,2024-07-29,apache-2.0,🟢 pretrained,5.580925572139816,21.97702097102355,4.744629874421679,1.283987915407855,0.0,3.5794270833333326,1.9004875886524817,1.3,5.580925572139816,2024-07-29,True,1.675564681724846,8.7590411576821,-2.281045691467315,-0.15503225116950933
princeton-nlp/Sheared-LLaMA-2.7B,2.7,2024-07-29,apache-2.0,🟢 pretrained,6.437920061018112,24.16521496296493,5.655521329938437,1.283987915407855,3.355704697986576,2.091145833333335,2.0759456264775418,2.7,6.437920061018112,2024-07-29,True,1.675564681724846,10.734794985614164,-0.3052918635352509,-0.15503225116950933
pszemraj/Llama-3-6.3b-v0.1,6.3,2024-06-26,llama3,🟩 continuously pretrained,10.384306670382523,10.438968603305897,18.67999639960586,2.114803625377644,4.4742729306487705,6.154166666666666,20.44363179669031,6.3,10.384306670382523,2024-06-26,True,0.5913757700205339,12.95257965326316,1.9851454082636713,-0.2276848553194343
pszemraj/Mistral-v0.3-6B,5.939,2024-06-26,apache-2.0,🟩 continuously pretrained,10.122379227914848,24.537449522821667,13.51509134454944,1.3595166163141994,2.0134228187919474,6.613020833333334,12.695774231678486,5.939,10.122379227914848,2024-06-26,True,0.5913757700205339,12.793065380155559,1.8256311351560686,-0.2276848553194343
qingy2024/Falcon3-2x10B-MoE-Instruct,18.799,2024-12-25,apache-2.0,🟩 continuously pretrained,35.53368391277467,78.49783020164276,45.07385265905592,27.945619335347438,10.738255033557047,12.910937499999996,38.03560874704491,18.799,35.53368391277467,2024-12-25,True,6.570841889117043,16.30858209706697,4.940457732210319,0.17300526453772763
qingy2024/Qwarkstar-4B,4.473,2025-01-10,,🟩 continuously pretrained,14.167330731742462,19.941200459225964,16.574205111821954,8.610271903323262,9.955257270693512,14.0875,15.83554964539007,4.473,14.167330731742462,2025-01-10,True,7.096509240246407,12.462666705335748,1.0593168354367086,0.20823076958011555
qingy2024/Qwen2.5-4B,4.168,2025-01-16,,🟢 pretrained,14.27535656814343,21.58483933740253,19.977752146023,5.13595166163142,5.480984340044745,16.528906250000002,16.943705673758867,4.168,14.27535656814343,2025-01-16,True,7.293634496919918,12.28496631371629,0.868406879426355,0.22144033397101096
shivam9980/NEPALI-LLM,10.273,2024-09-24,apache-2.0,🟩 continuously pretrained,6.93055339969496,4.166611258128433,13.12524427731519,0.906344410876133,1.5659955257270708,9.991406250000002,11.827718676122933,10.273,6.93055339969496,2024-09-24,True,3.5482546201232035,14.472517886034014,3.3069401751710954,-0.029541389456002543
speakleash/Bielik-11B-v2,11.169,2024-10-16,apache-2.0,🟩 continuously pretrained,15.989069166924798,23.810489501190176,27.817906537862157,7.854984894259818,5.145413870246088,7.555989583333338,23.749630614657207,11.169,15.989069166924798,2024-10-16,True,4.271047227926078,14.747004761429249,3.5329919811330446,0.018893679977280774
stabilityai/stablelm-2-12b,12.143,2024-06-12,other,🟢 pretrained,13.998663061157224,15.69214129620518,22.685797482043984,4.305135951661631,3.803131991051453,14.485677083333334,23.02009456264776,12.143,13.998663061157224,2024-06-12,True,0.13141683778234087,14.695622733636146,3.7590108055487463,-0.25850717223152364
stabilityai/stablelm-2-1_6b,1.645,2024-06-12,other,🟢 pretrained,5.316831473392678,11.570521771122843,8.632695204968835,0.7552870090634441,0.0,5.791406249999999,5.1510786052009445,1.645,5.316831473392678,2024-06-12,True,0.13141683778234087,9.29184099048301,-1.6447709376043915,-0.25850717223152364
stabilityai/stablelm-3b-4e1t,2.795,2024-08-10,cc-by-sa-4.0,🟢 pretrained,7.3261912916856,22.031986240951785,9.01307034954628,1.0574018126888218,0.0,4.422656249999999,7.432033096926712,2.795,7.3261912916856,2024-08-10,True,2.0698151950718686,10.854692557626187,-0.21181342030501787,-0.1286131223877184
tensoropera/Fox-1-1.6B,1.665,2024-06-29,apache-2.0,🟢 pretrained,7.764365648440015,27.659831469390102,7.399760932518088,1.7371601208459215,1.789709172259505,3.873697916666666,4.12603427895981,1.665,7.764365648440015,2024-06-29,True,0.6899383983572895,9.361935866074155,-1.6121031611207812,-0.22108007312398656
tiiuae/Falcon3-10B-Base,10.306,2024-12-12,other,🟢 pretrained,27.61785087949368,36.47754624396601,41.37546218651794,24.924471299093657,12.751677852348994,14.173958333333331,36.003989361702125,10.306,27.61785087949368,2024-12-12,True,6.143737166324435,14.655113482514361,3.315609840504651,0.1443845416907875
tiiuae/Falcon3-1B-Base,1.669,2024-12-16,other,🟢 pretrained,9.8880961034972,24.280132271262477,11.343173265854867,3.3232628398791544,3.9149888143176734,9.709114583333331,6.757904846335696,1.669,9.8880961034972,2024-12-16,True,6.275154004106776,9.74269330442647,-1.6056167138438375,0.15319091795138448
tiiuae/Falcon3-3B-Base,3.228,2024-12-13,other,🟢 pretrained,15.738743193619,27.64985793250797,21.584784293773264,11.782477341389727,6.263982102908276,6.273697916666667,20.877659574468087,3.228,15.738743193619,2024-12-13,True,6.176591375770021,11.51923914008791,0.1775339040130483,0.14658613575593676
tiiuae/Falcon3-7B-Base,7.456,2024-12-12,other,🟢 pretrained,24.745725360383613,34.15947463840388,31.55991854750336,19.410876132930515,12.863534675615217,18.14270833333333,32.337839834515364,7.456,24.745725360383613,2024-12-12,True,6.143737166324435,13.780059965022993,2.440556323013282,0.1443845416907875
tiiuae/Falcon3-Mamba-7B-Base,7.273,2024-12-12,other,🟢 pretrained,18.138791975781,28.911288713945662,25.53404880295316,19.410876132930515,7.941834451901568,4.393229166666667,22.64147458628841,7.273,18.138791975781,2024-12-12,True,6.143737166324435,13.712884224256145,2.3733805822464333,0.1443845416907875
tiiuae/falcon-11B,11.103,2024-06-09,unknown,🟢 pretrained,13.851902586180216,32.613243970442866,21.937999462890275,2.794561933534743,2.796420581655479,7.530729166666667,15.438460401891252,11.103,13.851902586180216,2024-06-09,True,0.03285420944558522,14.446977807680542,3.5169706617885903,-0.2651119544269714
tiiuae/falcon-40b,40.0,2024-06-09,apache-2.0,🟢 pretrained,11.40130446230009,24.96453853553017,16.583304730312175,1.812688821752266,3.1319910514541416,5.193229166666668,16.722074468085104,40.0,11.40130446230009,2024-06-09,True,0.03285420944558522,17.91160505317613,6.981597907284183,-0.2651119544269714
tiiuae/falcon-7b,7.0,2024-06-09,apache-2.0,🟢 pretrained,5.17344472031948,18.205140139274903,5.963936911876051,0.9818731117824772,0.0,4.497135416666667,1.392582742316784,7.0,5.17344472031948,2024-06-09,True,0.03285420944558522,13.199965797904827,2.269958652012875,-0.2651119544269714
tiiuae/falcon-mamba-7b,7.0,2024-07-23,other,🟢 pretrained,15.179238027611218,33.35760227307987,19.87687780354344,4.45619335347432,8.05369127516779,10.862239583333334,14.468823877068557,7.0,15.179238027611218,2024-07-23,True,1.4784394250513346,13.296835936771394,2.269958652012875,-0.16824181556040477
tinycompany/ShawtyIsBad-bgem3,1.436,2025-03-08,apache-2.0,🟢 pretrained,12.610397878155718,26.08113139802391,13.857811570359898,4.833836858006042,7.38255033557047,5.916927083333333,17.59013002364066,1.436,12.610397878155718,2025-03-08,True,8.969199178644764,9.5167584355222,-2.0120822960903446,0.33372163129362237
tinycompany/ShawtyIsBad-e5-large,1.436,2025-03-08,mit,🟢 pretrained,12.316339936795012,24.682287441765624,14.177224162496438,4.531722054380665,6.935123042505594,6.138541666666666,17.433141252955085,1.436,12.316339936795012,2025-03-08,True,8.969199178644764,9.5167584355222,-2.0120822960903446,0.33372163129362237
tinycompany/ShawtyIsBad-ib,1.436,2025-03-08,apache-2.0,🟢 pretrained,12.35455968391428,25.65149359255664,14.236689579644496,4.909365558912387,6.487695749440718,5.279687499999999,17.56242612293144,1.436,12.35455968391428,2025-03-08,True,8.969199178644764,9.5167584355222,-2.0120822960903446,0.33372163129362237
tinycompany/ShawtyIsBad-nomic-moe,1.436,2025-03-09,mit,🟢 pretrained,12.741407000136505,26.07614462958284,14.318942650237616,4.305135951661631,7.606263982102905,6.671875,17.47007978723404,1.436,12.741407000136505,2025-03-09,True,9.00205338809035,9.51896002958735,-2.0120822960903446,0.33592322535877156
tinycompany/ShawtyIsBad-nomic1.5,1.436,2025-03-08,mit,🟢 pretrained,12.504999335501656,25.439168074043536,14.217971903055156,4.305135951661631,8.165548098434002,5.4875,17.414671985815602,1.436,12.504999335501656,2025-03-08,True,8.969199178644764,9.5167584355222,-2.0120822960903446,0.33372163129362237
tinycompany/SigmaBoi-base,2.943,2025-03-09,mit,🟢 pretrained,15.2508076506235,24.469961923252527,20.769956753887325,7.779456193353475,5.8165548098434,12.483854166666667,20.18506205673759,2.943,15.2508076506235,2025-03-09,True,9.00205338809035,11.458708217255941,-0.07233410842175418,0.33592322535877156
tinycompany/SigmaBoi-bge-m3,2.943,2025-03-08,mit,🟢 pretrained,15.455458242923893,24.502431326657717,21.20631466545509,7.628398791540786,5.92841163310962,13.254427083333336,20.212765957446805,2.943,15.455458242923893,2025-03-08,True,8.969199178644764,11.456506623190792,-0.07233410842175418,0.33372163129362237
tinycompany/SigmaBoi-ib,2.943,2025-03-08,mit,🟢 pretrained,14.968209771816907,24.774708883540114,21.07657916936113,7.401812688821751,5.033557046979867,11.254427083333336,20.268173758865245,2.943,14.968209771816907,2025-03-08,True,8.969199178644764,11.456506623190792,-0.07233410842175418,0.33372163129362237
tinycompany/SigmaBoi-nomic-moe,2.943,2025-03-09,mit,🟢 pretrained,15.186432252407451,24.74223948013493,20.96864244921853,7.175226586102719,5.7046979865771785,12.121093750000002,20.40669326241135,2.943,15.186432252407451,2025-03-09,True,9.00205338809035,11.458708217255941,-0.07233410842175418,0.33592322535877156
tinycompany/SigmaBoi-nomic1.5,2.943,2025-03-08,mit,🟢 pretrained,15.473023890881102,24.469961923252527,21.43784511243409,8.308157099697885,6.152125279642054,12.0171875,20.45286643026005,2.943,15.473023890881102,2025-03-08,True,8.969199178644764,11.456506623190792,-0.07233410842175418,0.33372163129362237
tinycompany/SigmaBoi-nomic1.5-fp32,2.943,2025-03-08,mit,🟢 pretrained,15.498419470905068,24.62233540339632,21.43784511243409,8.308157099697885,6.152125279642054,12.0171875,20.45286643026005,2.943,15.498419470905068,2025-03-08,True,8.969199178644764,11.456506623190792,-0.07233410842175418,0.33372163129362237
tklohj/WindyFloLLM,13.016,2024-07-10,,🟢 pretrained,14.243655403588258,26.685638550158025,24.39876319785054,1.5861027190332326,3.355704697986576,11.864062500000005,17.57166075650118,13.016,14.243655403588258,2024-07-10,True,1.051334702258727,14.94494285414468,3.9466862922331,-0.1968625384073449
togethercomputer/RedPajama-INCITE-7B-Base,7.0,2024-06-12,apache-2.0,🟢 pretrained,5.56181429403527,20.822971936683555,5.087242272916432,1.5861027190332326,0.6711409395973182,3.0166666666666657,2.186761229314421,7.0,5.56181429403527,2024-06-12,True,0.13141683778234087,13.206570580100276,2.269958652012875,-0.25850717223152364
togethercomputer/RedPajama-INCITE-Base-3B-v1,3.0,2024-06-12,apache-2.0,🟢 pretrained,5.521090384654182,22.936253584932423,3.518607767474259,1.4350453172205435,0.0,4.001041666666667,1.2355939716312052,3.0,5.521090384654182,2024-06-12,True,0.13141683778234087,10.916133308301353,-0.020478619786047557,-0.25850717223152364
upstage/SOLAR-10.7B-v1.0,10.732,2024-06-12,apache-2.0,🟢 pretrained,16.8549748598855,24.21264467169333,29.78935808901913,2.643504531722054,4.138702460850116,13.67786458333333,26.667774822695037,10.732,16.8549748598855,2024-06-12,True,0.13141683778234087,14.361712360673923,3.425100432586524,-0.25850717223152364
vonjack/MobileLLM-125M-HF,0.125,2024-11-15,cc-by-nc-4.0,🟢 pretrained,5.565351724961825,21.072753627042918,3.146583712799116,0.906344410876133,1.342281879194629,5.106770833333335,1.8173758865248215,0.125,5.565351724961825,2024-11-15,True,5.256673511293634,2.6685854921798606,-8.61147511007082,0.08494150193175799
yam-peleg/Hebrew-Mistral-7B-200K,7.504,2024-08-06,apache-2.0,🟩 continuously pretrained,8.386669075864491,17.698041197356346,7.671323719331375,3.096676737160121,0.4474272930648763,4.416666666666667,16.989878841607567,7.504,8.386669075864491,2024-08-06,True,1.9383983572895278,13.51560288649423,2.457903284823621,-0.1374194986483154
