loss_domain,gain_domain,replaced_domain,delta_log_excess_loss_per_unit_share,interpretation
metric/the_pile_arxiv_val_loss,arxiv,freelaw,-28.284271247344858,increase gain_domain share by replacing replaced_domain share; conditional association
metric/the_pile_arxiv_val_loss,arxiv,nih_exporter,-29.082660516535796,increase gain_domain share by replacing replaced_domain share; conditional association
metric/the_pile_arxiv_val_loss,arxiv,pubmed_central,-27.1680599136672,increase gain_domain share by replacing replaced_domain share; conditional association
metric/the_pile_arxiv_val_loss,arxiv,wikipedia_en,-28.111321528328496,increase gain_domain share by replacing replaced_domain share; conditional association
metric/the_pile_arxiv_val_loss,arxiv,dm_mathematics,-27.189397193338873,increase gain_domain share by replacing replaced_domain share; conditional association
metric/the_pile_arxiv_val_loss,arxiv,github,-27.915746387786754,increase gain_domain share by replacing replaced_domain share; conditional association
metric/the_pile_arxiv_val_loss,arxiv,philpapers,-24.424358895338436,increase gain_domain share by replacing replaced_domain share; conditional association
metric/the_pile_arxiv_val_loss,arxiv,stackexchange,-26.338276881864655,increase gain_domain share by replacing replaced_domain share; conditional association
metric/the_pile_arxiv_val_loss,arxiv,enron_emails,-31.232939655547312,increase gain_domain share by replacing replaced_domain share; conditional association
metric/the_pile_arxiv_val_loss,arxiv,gutenberg_pg_19,-27.914749843008444,increase gain_domain share by replacing replaced_domain share; conditional association
metric/the_pile_arxiv_val_loss,arxiv,pile_cc,-27.995514682915346,increase gain_domain share by replacing replaced_domain share; conditional association
metric/the_pile_arxiv_val_loss,arxiv,ubuntu_irc,-27.729241966490736,increase gain_domain share by replacing replaced_domain share; conditional association
metric/the_pile_arxiv_val_loss,arxiv,europarl,-26.364077233474415,increase gain_domain share by replacing replaced_domain share; conditional association
metric/the_pile_arxiv_val_loss,arxiv,hackernews,-27.960247587686844,increase gain_domain share by replacing replaced_domain share; conditional association
metric/the_pile_arxiv_val_loss,arxiv,pubmed_abstracts,-27.84475574965874,increase gain_domain share by replacing replaced_domain share; conditional association
metric/the_pile_arxiv_val_loss,arxiv,uspto_backgrounds,-27.90382204610905,increase gain_domain share by replacing replaced_domain share; conditional association
metric/the_pile_arxiv_val_loss,freelaw,nih_exporter,-0.7983892691909382,increase gain_domain share by replacing replaced_domain share; conditional association
metric/the_pile_arxiv_val_loss,freelaw,pubmed_central,1.1162113336776573,increase gain_domain share by replacing replaced_domain share; conditional association
metric/the_pile_arxiv_val_loss,freelaw,wikipedia_en,0.1729497190163607,increase gain_domain share by replacing replaced_domain share; conditional association
metric/the_pile_arxiv_val_loss,freelaw,dm_mathematics,1.0948740540059836,increase gain_domain share by replacing replaced_domain share; conditional association
metric/the_pile_arxiv_val_loss,freelaw,github,0.36852485955810454,increase gain_domain share by replacing replaced_domain share; conditional association
metric/the_pile_arxiv_val_loss,freelaw,philpapers,3.859912352006421,increase gain_domain share by replacing replaced_domain share; conditional association
metric/the_pile_arxiv_val_loss,freelaw,stackexchange,1.945994365480203,increase gain_domain share by replacing replaced_domain share; conditional association
metric/the_pile_arxiv_val_loss,freelaw,enron_emails,-2.9486684082024555,increase gain_domain share by replacing replaced_domain share; conditional association
metric/the_pile_arxiv_val_loss,freelaw,gutenberg_pg_19,0.3695214043364137,increase gain_domain share by replacing replaced_domain share; conditional association
metric/the_pile_arxiv_val_loss,freelaw,pile_cc,0.2887565644295125,increase gain_domain share by replacing replaced_domain share; conditional association
metric/the_pile_arxiv_val_loss,freelaw,ubuntu_irc,0.5550292808541208,increase gain_domain share by replacing replaced_domain share; conditional association
metric/the_pile_arxiv_val_loss,freelaw,europarl,1.9201940138704412,increase gain_domain share by replacing replaced_domain share; conditional association
metric/the_pile_arxiv_val_loss,freelaw,hackernews,0.32402365965801416,increase gain_domain share by replacing replaced_domain share; conditional association
metric/the_pile_arxiv_val_loss,freelaw,pubmed_abstracts,0.4395154976861164,increase gain_domain share by replacing replaced_domain share; conditional association
metric/the_pile_arxiv_val_loss,freelaw,uspto_backgrounds,0.3804492012358085,increase gain_domain share by replacing replaced_domain share; conditional association
metric/the_pile_arxiv_val_loss,nih_exporter,pubmed_central,1.9146006028685956,increase gain_domain share by replacing replaced_domain share; conditional association
metric/the_pile_arxiv_val_loss,nih_exporter,wikipedia_en,0.9713389882072989,increase gain_domain share by replacing replaced_domain share; conditional association
metric/the_pile_arxiv_val_loss,nih_exporter,dm_mathematics,1.8932633231969218,increase gain_domain share by replacing replaced_domain share; conditional association
metric/the_pile_arxiv_val_loss,nih_exporter,github,1.1669141287490428,increase gain_domain share by replacing replaced_domain share; conditional association
metric/the_pile_arxiv_val_loss,nih_exporter,philpapers,4.658301621197359,increase gain_domain share by replacing replaced_domain share; conditional association
metric/the_pile_arxiv_val_loss,nih_exporter,stackexchange,2.7443836346711414,increase gain_domain share by replacing replaced_domain share; conditional association
metric/the_pile_arxiv_val_loss,nih_exporter,enron_emails,-2.1502791390115172,increase gain_domain share by replacing replaced_domain share; conditional association
metric/the_pile_arxiv_val_loss,nih_exporter,gutenberg_pg_19,1.167910673527352,increase gain_domain share by replacing replaced_domain share; conditional association
metric/the_pile_arxiv_val_loss,nih_exporter,pile_cc,1.0871458336204507,increase gain_domain share by replacing replaced_domain share; conditional association
metric/the_pile_arxiv_val_loss,nih_exporter,ubuntu_irc,1.353418550045059,increase gain_domain share by replacing replaced_domain share; conditional association
metric/the_pile_arxiv_val_loss,nih_exporter,europarl,2.7185832830613794,increase gain_domain share by replacing replaced_domain share; conditional association
metric/the_pile_arxiv_val_loss,nih_exporter,hackernews,1.1224129288489524,increase gain_domain share by replacing replaced_domain share; conditional association
metric/the_pile_arxiv_val_loss,nih_exporter,pubmed_abstracts,1.2379047668770546,increase gain_domain share by replacing replaced_domain share; conditional association
metric/the_pile_arxiv_val_loss,nih_exporter,uspto_backgrounds,1.1788384704267467,increase gain_domain share by replacing replaced_domain share; conditional association
metric/the_pile_arxiv_val_loss,pubmed_central,wikipedia_en,-0.9432616146612967,increase gain_domain share by replacing replaced_domain share; conditional association
metric/the_pile_arxiv_val_loss,pubmed_central,dm_mathematics,-0.02133727967167376,increase gain_domain share by replacing replaced_domain share; conditional association
metric/the_pile_arxiv_val_loss,pubmed_central,github,-0.7476864741195528,increase gain_domain share by replacing replaced_domain share; conditional association
metric/the_pile_arxiv_val_loss,pubmed_central,philpapers,2.7437010183287636,increase gain_domain share by replacing replaced_domain share; conditional association
metric/the_pile_arxiv_val_loss,pubmed_central,stackexchange,0.8297830318025456,increase gain_domain share by replacing replaced_domain share; conditional association
metric/the_pile_arxiv_val_loss,pubmed_central,enron_emails,-4.064879741880112,increase gain_domain share by replacing replaced_domain share; conditional association
metric/the_pile_arxiv_val_loss,pubmed_central,gutenberg_pg_19,-0.7466899293412437,increase gain_domain share by replacing replaced_domain share; conditional association
metric/the_pile_arxiv_val_loss,pubmed_central,pile_cc,-0.8274547692481449,increase gain_domain share by replacing replaced_domain share; conditional association
metric/the_pile_arxiv_val_loss,pubmed_central,ubuntu_irc,-0.5611820528235365,increase gain_domain share by replacing replaced_domain share; conditional association
metric/the_pile_arxiv_val_loss,pubmed_central,europarl,0.8039826801927838,increase gain_domain share by replacing replaced_domain share; conditional association
metric/the_pile_arxiv_val_loss,pubmed_central,hackernews,-0.7921876740196432,increase gain_domain share by replacing replaced_domain share; conditional association
metric/the_pile_arxiv_val_loss,pubmed_central,pubmed_abstracts,-0.6766958359915409,increase gain_domain share by replacing replaced_domain share; conditional association
metric/the_pile_arxiv_val_loss,pubmed_central,uspto_backgrounds,-0.7357621324418488,increase gain_domain share by replacing replaced_domain share; conditional association
metric/the_pile_arxiv_val_loss,wikipedia_en,dm_mathematics,0.9219243349896229,increase gain_domain share by replacing replaced_domain share; conditional association
metric/the_pile_arxiv_val_loss,wikipedia_en,github,0.19557514054174385,increase gain_domain share by replacing replaced_domain share; conditional association
metric/the_pile_arxiv_val_loss,wikipedia_en,philpapers,3.68696263299006,increase gain_domain share by replacing replaced_domain share; conditional association
metric/the_pile_arxiv_val_loss,wikipedia_en,stackexchange,1.7730446464638423,increase gain_domain share by replacing replaced_domain share; conditional association
metric/the_pile_arxiv_val_loss,wikipedia_en,enron_emails,-3.121618127218816,increase gain_domain share by replacing replaced_domain share; conditional association
metric/the_pile_arxiv_val_loss,wikipedia_en,gutenberg_pg_19,0.19657168532005298,increase gain_domain share by replacing replaced_domain share; conditional association
metric/the_pile_arxiv_val_loss,wikipedia_en,pile_cc,0.11580684541315178,increase gain_domain share by replacing replaced_domain share; conditional association
metric/the_pile_arxiv_val_loss,wikipedia_en,ubuntu_irc,0.38207956183776015,increase gain_domain share by replacing replaced_domain share; conditional association
metric/the_pile_arxiv_val_loss,wikipedia_en,europarl,1.7472442948540805,increase gain_domain share by replacing replaced_domain share; conditional association
metric/the_pile_arxiv_val_loss,wikipedia_en,hackernews,0.15107394064165347,increase gain_domain share by replacing replaced_domain share; conditional association
metric/the_pile_arxiv_val_loss,wikipedia_en,pubmed_abstracts,0.2665657786697557,increase gain_domain share by replacing replaced_domain share; conditional association
metric/the_pile_arxiv_val_loss,wikipedia_en,uspto_backgrounds,0.2074994822194478,increase gain_domain share by replacing replaced_domain share; conditional association
metric/the_pile_arxiv_val_loss,dm_mathematics,github,-0.726349194447879,increase gain_domain share by replacing replaced_domain share; conditional association
metric/the_pile_arxiv_val_loss,dm_mathematics,philpapers,2.7650382980004373,increase gain_domain share by replacing replaced_domain share; conditional association
metric/the_pile_arxiv_val_loss,dm_mathematics,stackexchange,0.8511203114742194,increase gain_domain share by replacing replaced_domain share; conditional association
metric/the_pile_arxiv_val_loss,dm_mathematics,enron_emails,-4.043542462208439,increase gain_domain share by replacing replaced_domain share; conditional association
metric/the_pile_arxiv_val_loss,dm_mathematics,gutenberg_pg_19,-0.7253526496695699,increase gain_domain share by replacing replaced_domain share; conditional association
metric/the_pile_arxiv_val_loss,dm_mathematics,pile_cc,-0.8061174895764711,increase gain_domain share by replacing replaced_domain share; conditional association
metric/the_pile_arxiv_val_loss,dm_mathematics,ubuntu_irc,-0.5398447731518627,increase gain_domain share by replacing replaced_domain share; conditional association
metric/the_pile_arxiv_val_loss,dm_mathematics,europarl,0.8253199598644576,increase gain_domain share by replacing replaced_domain share; conditional association
metric/the_pile_arxiv_val_loss,dm_mathematics,hackernews,-0.7708503943479694,increase gain_domain share by replacing replaced_domain share; conditional association
metric/the_pile_arxiv_val_loss,dm_mathematics,pubmed_abstracts,-0.6553585563198672,increase gain_domain share by replacing replaced_domain share; conditional association
metric/the_pile_arxiv_val_loss,dm_mathematics,uspto_backgrounds,-0.7144248527701751,increase gain_domain share by replacing replaced_domain share; conditional association
metric/the_pile_arxiv_val_loss,github,philpapers,3.4913874924483164,increase gain_domain share by replacing replaced_domain share; conditional association
metric/the_pile_arxiv_val_loss,github,stackexchange,1.5774695059220984,increase gain_domain share by replacing replaced_domain share; conditional association
metric/the_pile_arxiv_val_loss,github,enron_emails,-3.31719326776056,increase gain_domain share by replacing replaced_domain share; conditional association
metric/the_pile_arxiv_val_loss,github,gutenberg_pg_19,0.0009965447783091275,increase gain_domain share by replacing replaced_domain share; conditional association
metric/the_pile_arxiv_val_loss,github,pile_cc,-0.07976829512859207,increase gain_domain share by replacing replaced_domain share; conditional association
metric/the_pile_arxiv_val_loss,github,ubuntu_irc,0.1865044212960163,increase gain_domain share by replacing replaced_domain share; conditional association
metric/the_pile_arxiv_val_loss,github,europarl,1.5516691543123367,increase gain_domain share by replacing replaced_domain share; conditional association
metric/the_pile_arxiv_val_loss,github,hackernews,-0.04450119990009038,increase gain_domain share by replacing replaced_domain share; conditional association
metric/the_pile_arxiv_val_loss,github,pubmed_abstracts,0.07099063812801187,increase gain_domain share by replacing replaced_domain share; conditional association
metric/the_pile_arxiv_val_loss,github,uspto_backgrounds,0.011924341677703953,increase gain_domain share by replacing replaced_domain share; conditional association
metric/the_pile_arxiv_val_loss,philpapers,stackexchange,-1.913917986526218,increase gain_domain share by replacing replaced_domain share; conditional association
metric/the_pile_arxiv_val_loss,philpapers,enron_emails,-6.808580760208876,increase gain_domain share by replacing replaced_domain share; conditional association
metric/the_pile_arxiv_val_loss,philpapers,gutenberg_pg_19,-3.490390947670007,increase gain_domain share by replacing replaced_domain share; conditional association
metric/the_pile_arxiv_val_loss,philpapers,pile_cc,-3.5711557875769087,increase gain_domain share by replacing replaced_domain share; conditional association
metric/the_pile_arxiv_val_loss,philpapers,ubuntu_irc,-3.3048830711523003,increase gain_domain share by replacing replaced_domain share; conditional association
metric/the_pile_arxiv_val_loss,philpapers,europarl,-1.9397183381359797,increase gain_domain share by replacing replaced_domain share; conditional association
metric/the_pile_arxiv_val_loss,philpapers,hackernews,-3.535888692348407,increase gain_domain share by replacing replaced_domain share; conditional association
metric/the_pile_arxiv_val_loss,philpapers,pubmed_abstracts,-3.4203968543203045,increase gain_domain share by replacing replaced_domain share; conditional association
metric/the_pile_arxiv_val_loss,philpapers,uspto_backgrounds,-3.4794631507706124,increase gain_domain share by replacing replaced_domain share; conditional association
metric/the_pile_arxiv_val_loss,stackexchange,enron_emails,-4.894662773682659,increase gain_domain share by replacing replaced_domain share; conditional association
metric/the_pile_arxiv_val_loss,stackexchange,gutenberg_pg_19,-1.5764729611437893,increase gain_domain share by replacing replaced_domain share; conditional association
metric/the_pile_arxiv_val_loss,stackexchange,pile_cc,-1.6572378010506905,increase gain_domain share by replacing replaced_domain share; conditional association
metric/the_pile_arxiv_val_loss,stackexchange,ubuntu_irc,-1.3909650846260821,increase gain_domain share by replacing replaced_domain share; conditional association
metric/the_pile_arxiv_val_loss,stackexchange,europarl,-0.02580035160976174,increase gain_domain share by replacing replaced_domain share; conditional association
metric/the_pile_arxiv_val_loss,stackexchange,hackernews,-1.6219707058221888,increase gain_domain share by replacing replaced_domain share; conditional association
metric/the_pile_arxiv_val_loss,stackexchange,pubmed_abstracts,-1.5064788677940866,increase gain_domain share by replacing replaced_domain share; conditional association
metric/the_pile_arxiv_val_loss,stackexchange,uspto_backgrounds,-1.5655451642443945,increase gain_domain share by replacing replaced_domain share; conditional association
metric/the_pile_arxiv_val_loss,enron_emails,gutenberg_pg_19,3.3181898125388694,increase gain_domain share by replacing replaced_domain share; conditional association
metric/the_pile_arxiv_val_loss,enron_emails,pile_cc,3.2374249726319677,increase gain_domain share by replacing replaced_domain share; conditional association
metric/the_pile_arxiv_val_loss,enron_emails,ubuntu_irc,3.503697689056576,increase gain_domain share by replacing replaced_domain share; conditional association
metric/the_pile_arxiv_val_loss,enron_emails,europarl,4.868862422072897,increase gain_domain share by replacing replaced_domain share; conditional association
metric/the_pile_arxiv_val_loss,enron_emails,hackernews,3.2726920678604694,increase gain_domain share by replacing replaced_domain share; conditional association
metric/the_pile_arxiv_val_loss,enron_emails,pubmed_abstracts,3.388183905888572,increase gain_domain share by replacing replaced_domain share; conditional association
metric/the_pile_arxiv_val_loss,enron_emails,uspto_backgrounds,3.329117609438264,increase gain_domain share by replacing replaced_domain share; conditional association
metric/the_pile_arxiv_val_loss,gutenberg_pg_19,pile_cc,-0.0807648399069012,increase gain_domain share by replacing replaced_domain share; conditional association
metric/the_pile_arxiv_val_loss,gutenberg_pg_19,ubuntu_irc,0.18550787651770717,increase gain_domain share by replacing replaced_domain share; conditional association
metric/the_pile_arxiv_val_loss,gutenberg_pg_19,europarl,1.5506726095340275,increase gain_domain share by replacing replaced_domain share; conditional association
metric/the_pile_arxiv_val_loss,gutenberg_pg_19,hackernews,-0.04549774467839951,increase gain_domain share by replacing replaced_domain share; conditional association
metric/the_pile_arxiv_val_loss,gutenberg_pg_19,pubmed_abstracts,0.06999409334970275,increase gain_domain share by replacing replaced_domain share; conditional association
metric/the_pile_arxiv_val_loss,gutenberg_pg_19,uspto_backgrounds,0.010927796899394826,increase gain_domain share by replacing replaced_domain share; conditional association
metric/the_pile_arxiv_val_loss,pile_cc,ubuntu_irc,0.26627271642460837,increase gain_domain share by replacing replaced_domain share; conditional association
metric/the_pile_arxiv_val_loss,pile_cc,europarl,1.6314374494409287,increase gain_domain share by replacing replaced_domain share; conditional association
metric/the_pile_arxiv_val_loss,pile_cc,hackernews,0.03526709522850169,increase gain_domain share by replacing replaced_domain share; conditional association
metric/the_pile_arxiv_val_loss,pile_cc,pubmed_abstracts,0.15075893325660394,increase gain_domain share by replacing replaced_domain share; conditional association
metric/the_pile_arxiv_val_loss,pile_cc,uspto_backgrounds,0.09169263680629602,increase gain_domain share by replacing replaced_domain share; conditional association
metric/the_pile_arxiv_val_loss,ubuntu_irc,europarl,1.3651647330163204,increase gain_domain share by replacing replaced_domain share; conditional association
metric/the_pile_arxiv_val_loss,ubuntu_irc,hackernews,-0.23100562119610668,increase gain_domain share by replacing replaced_domain share; conditional association
metric/the_pile_arxiv_val_loss,ubuntu_irc,pubmed_abstracts,-0.11551378316800442,increase gain_domain share by replacing replaced_domain share; conditional association
metric/the_pile_arxiv_val_loss,ubuntu_irc,uspto_backgrounds,-0.17458007961831234,increase gain_domain share by replacing replaced_domain share; conditional association
metric/the_pile_arxiv_val_loss,europarl,hackernews,-1.596170354212427,increase gain_domain share by replacing replaced_domain share; conditional association
metric/the_pile_arxiv_val_loss,europarl,pubmed_abstracts,-1.4806785161843248,increase gain_domain share by replacing replaced_domain share; conditional association
metric/the_pile_arxiv_val_loss,europarl,uspto_backgrounds,-1.5397448126346327,increase gain_domain share by replacing replaced_domain share; conditional association
metric/the_pile_arxiv_val_loss,hackernews,pubmed_abstracts,0.11549183802810226,increase gain_domain share by replacing replaced_domain share; conditional association
metric/the_pile_arxiv_val_loss,hackernews,uspto_backgrounds,0.056425541577794336,increase gain_domain share by replacing replaced_domain share; conditional association
metric/the_pile_arxiv_val_loss,pubmed_abstracts,uspto_backgrounds,-0.05906629645030792,increase gain_domain share by replacing replaced_domain share; conditional association
metric/the_pile_dm_mathematics_val_loss,arxiv,freelaw,-0.0002963511062827884,increase gain_domain share by replacing replaced_domain share; conditional association
metric/the_pile_dm_mathematics_val_loss,arxiv,nih_exporter,3.0580275690365837,increase gain_domain share by replacing replaced_domain share; conditional association
metric/the_pile_dm_mathematics_val_loss,arxiv,pubmed_central,0.05333480824209236,increase gain_domain share by replacing replaced_domain share; conditional association
metric/the_pile_dm_mathematics_val_loss,arxiv,wikipedia_en,0.028068185607024176,increase gain_domain share by replacing replaced_domain share; conditional association
metric/the_pile_dm_mathematics_val_loss,arxiv,dm_mathematics,22.53672914256253,increase gain_domain share by replacing replaced_domain share; conditional association
metric/the_pile_dm_mathematics_val_loss,arxiv,github,0.04081064800548395,increase gain_domain share by replacing replaced_domain share; conditional association
metric/the_pile_dm_mathematics_val_loss,arxiv,philpapers,3.4408305200514206,increase gain_domain share by replacing replaced_domain share; conditional association
metric/the_pile_dm_mathematics_val_loss,arxiv,stackexchange,0.25559828315932664,increase gain_domain share by replacing replaced_domain share; conditional association
metric/the_pile_dm_mathematics_val_loss,arxiv,enron_emails,3.3538736018309274,increase gain_domain share by replacing replaced_domain share; conditional association
metric/the_pile_dm_mathematics_val_loss,arxiv,gutenberg_pg_19,0.2709115041063821,increase gain_domain share by replacing replaced_domain share; conditional association
metric/the_pile_dm_mathematics_val_loss,arxiv,pile_cc,0.02596330321167306,increase gain_domain share by replacing replaced_domain share; conditional association
metric/the_pile_dm_mathematics_val_loss,arxiv,ubuntu_irc,1.0009990469738752,increase gain_domain share by replacing replaced_domain share; conditional association
metric/the_pile_dm_mathematics_val_loss,arxiv,europarl,0.3122190170363499,increase gain_domain share by replacing replaced_domain share; conditional association
metric/the_pile_dm_mathematics_val_loss,arxiv,hackernews,1.1992980954237251,increase gain_domain share by replacing replaced_domain share; conditional association
metric/the_pile_dm_mathematics_val_loss,arxiv,pubmed_abstracts,0.023185745066944374,increase gain_domain share by replacing replaced_domain share; conditional association
metric/the_pile_dm_mathematics_val_loss,arxiv,uspto_backgrounds,0.06485939908113636,increase gain_domain share by replacing replaced_domain share; conditional association
metric/the_pile_dm_mathematics_val_loss,freelaw,nih_exporter,3.0583239201428665,increase gain_domain share by replacing replaced_domain share; conditional association
metric/the_pile_dm_mathematics_val_loss,freelaw,pubmed_central,0.053631159348375146,increase gain_domain share by replacing replaced_domain share; conditional association
metric/the_pile_dm_mathematics_val_loss,freelaw,wikipedia_en,0.028364536713306965,increase gain_domain share by replacing replaced_domain share; conditional association
metric/the_pile_dm_mathematics_val_loss,freelaw,dm_mathematics,22.537025493668814,increase gain_domain share by replacing replaced_domain share; conditional association
metric/the_pile_dm_mathematics_val_loss,freelaw,github,0.04110699911176674,increase gain_domain share by replacing replaced_domain share; conditional association
metric/the_pile_dm_mathematics_val_loss,freelaw,philpapers,3.4411268711577034,increase gain_domain share by replacing replaced_domain share; conditional association
metric/the_pile_dm_mathematics_val_loss,freelaw,stackexchange,0.25589463426560943,increase gain_domain share by replacing replaced_domain share; conditional association
metric/the_pile_dm_mathematics_val_loss,freelaw,enron_emails,3.35416995293721,increase gain_domain share by replacing replaced_domain share; conditional association
metric/the_pile_dm_mathematics_val_loss,freelaw,gutenberg_pg_19,0.2712078552126649,increase gain_domain share by replacing replaced_domain share; conditional association
metric/the_pile_dm_mathematics_val_loss,freelaw,pile_cc,0.02625965431795585,increase gain_domain share by replacing replaced_domain share; conditional association
metric/the_pile_dm_mathematics_val_loss,freelaw,ubuntu_irc,1.001295398080158,increase gain_domain share by replacing replaced_domain share; conditional association
metric/the_pile_dm_mathematics_val_loss,freelaw,europarl,0.3125153681426327,increase gain_domain share by replacing replaced_domain share; conditional association
metric/the_pile_dm_mathematics_val_loss,freelaw,hackernews,1.199594446530008,increase gain_domain share by replacing replaced_domain share; conditional association
metric/the_pile_dm_mathematics_val_loss,freelaw,pubmed_abstracts,0.023482096173227163,increase gain_domain share by replacing replaced_domain share; conditional association
metric/the_pile_dm_mathematics_val_loss,freelaw,uspto_backgrounds,0.06515575018741915,increase gain_domain share by replacing replaced_domain share; conditional association
metric/the_pile_dm_mathematics_val_loss,nih_exporter,pubmed_central,-3.0046927607944913,increase gain_domain share by replacing replaced_domain share; conditional association
metric/the_pile_dm_mathematics_val_loss,nih_exporter,wikipedia_en,-3.0299593834295595,increase gain_domain share by replacing replaced_domain share; conditional association
metric/the_pile_dm_mathematics_val_loss,nih_exporter,dm_mathematics,19.478701573525946,increase gain_domain share by replacing replaced_domain share; conditional association
metric/the_pile_dm_mathematics_val_loss,nih_exporter,github,-3.0172169210310997,increase gain_domain share by replacing replaced_domain share; conditional association
metric/the_pile_dm_mathematics_val_loss,nih_exporter,philpapers,0.38280295101483686,increase gain_domain share by replacing replaced_domain share; conditional association
metric/the_pile_dm_mathematics_val_loss,nih_exporter,stackexchange,-2.802429285877257,increase gain_domain share by replacing replaced_domain share; conditional association
metric/the_pile_dm_mathematics_val_loss,nih_exporter,enron_emails,0.2958460327943436,increase gain_domain share by replacing replaced_domain share; conditional association
metric/the_pile_dm_mathematics_val_loss,nih_exporter,gutenberg_pg_19,-2.787116064930202,increase gain_domain share by replacing replaced_domain share; conditional association
metric/the_pile_dm_mathematics_val_loss,nih_exporter,pile_cc,-3.0320642658249106,increase gain_domain share by replacing replaced_domain share; conditional association
metric/the_pile_dm_mathematics_val_loss,nih_exporter,ubuntu_irc,-2.0570285220627085,increase gain_domain share by replacing replaced_domain share; conditional association
metric/the_pile_dm_mathematics_val_loss,nih_exporter,europarl,-2.7458085520002338,increase gain_domain share by replacing replaced_domain share; conditional association
metric/the_pile_dm_mathematics_val_loss,nih_exporter,hackernews,-1.8587294736128588,increase gain_domain share by replacing replaced_domain share; conditional association
metric/the_pile_dm_mathematics_val_loss,nih_exporter,pubmed_abstracts,-3.0348418239696393,increase gain_domain share by replacing replaced_domain share; conditional association
metric/the_pile_dm_mathematics_val_loss,nih_exporter,uspto_backgrounds,-2.9931681699554473,increase gain_domain share by replacing replaced_domain share; conditional association
metric/the_pile_dm_mathematics_val_loss,pubmed_central,wikipedia_en,-0.02526662263506818,increase gain_domain share by replacing replaced_domain share; conditional association
metric/the_pile_dm_mathematics_val_loss,pubmed_central,dm_mathematics,22.483394334320437,increase gain_domain share by replacing replaced_domain share; conditional association
metric/the_pile_dm_mathematics_val_loss,pubmed_central,github,-0.012524160236608406,increase gain_domain share by replacing replaced_domain share; conditional association
metric/the_pile_dm_mathematics_val_loss,pubmed_central,philpapers,3.3874957118093283,increase gain_domain share by replacing replaced_domain share; conditional association
metric/the_pile_dm_mathematics_val_loss,pubmed_central,stackexchange,0.2022634749172343,increase gain_domain share by replacing replaced_domain share; conditional association
metric/the_pile_dm_mathematics_val_loss,pubmed_central,enron_emails,3.300538793588835,increase gain_domain share by replacing replaced_domain share; conditional association
metric/the_pile_dm_mathematics_val_loss,pubmed_central,gutenberg_pg_19,0.21757669586428974,increase gain_domain share by replacing replaced_domain share; conditional association
metric/the_pile_dm_mathematics_val_loss,pubmed_central,pile_cc,-0.027371505030419296,increase gain_domain share by replacing replaced_domain share; conditional association
metric/the_pile_dm_mathematics_val_loss,pubmed_central,ubuntu_irc,0.9476642387317828,increase gain_domain share by replacing replaced_domain share; conditional association
metric/the_pile_dm_mathematics_val_loss,pubmed_central,europarl,0.25888420879425755,increase gain_domain share by replacing replaced_domain share; conditional association
metric/the_pile_dm_mathematics_val_loss,pubmed_central,hackernews,1.1459632871816328,increase gain_domain share by replacing replaced_domain share; conditional association
metric/the_pile_dm_mathematics_val_loss,pubmed_central,pubmed_abstracts,-0.030149063175147983,increase gain_domain share by replacing replaced_domain share; conditional association
metric/the_pile_dm_mathematics_val_loss,pubmed_central,uspto_backgrounds,0.011524590839044002,increase gain_domain share by replacing replaced_domain share; conditional association
metric/the_pile_dm_mathematics_val_loss,wikipedia_en,dm_mathematics,22.508660956955506,increase gain_domain share by replacing replaced_domain share; conditional association
metric/the_pile_dm_mathematics_val_loss,wikipedia_en,github,0.012742462398459775,increase gain_domain share by replacing replaced_domain share; conditional association
metric/the_pile_dm_mathematics_val_loss,wikipedia_en,philpapers,3.4127623344443965,increase gain_domain share by replacing replaced_domain share; conditional association
metric/the_pile_dm_mathematics_val_loss,wikipedia_en,stackexchange,0.22753009755230247,increase gain_domain share by replacing replaced_domain share; conditional association
metric/the_pile_dm_mathematics_val_loss,wikipedia_en,enron_emails,3.3258054162239032,increase gain_domain share by replacing replaced_domain share; conditional association
metric/the_pile_dm_mathematics_val_loss,wikipedia_en,gutenberg_pg_19,0.24284331849935792,increase gain_domain share by replacing replaced_domain share; conditional association
metric/the_pile_dm_mathematics_val_loss,wikipedia_en,pile_cc,-0.0021048823953511153,increase gain_domain share by replacing replaced_domain share; conditional association
metric/the_pile_dm_mathematics_val_loss,wikipedia_en,ubuntu_irc,0.972930861366851,increase gain_domain share by replacing replaced_domain share; conditional association
metric/the_pile_dm_mathematics_val_loss,wikipedia_en,europarl,0.28415083142932573,increase gain_domain share by replacing replaced_domain share; conditional association
metric/the_pile_dm_mathematics_val_loss,wikipedia_en,hackernews,1.171229909816701,increase gain_domain share by replacing replaced_domain share; conditional association
metric/the_pile_dm_mathematics_val_loss,wikipedia_en,pubmed_abstracts,-0.004882440540079802,increase gain_domain share by replacing replaced_domain share; conditional association
metric/the_pile_dm_mathematics_val_loss,wikipedia_en,uspto_backgrounds,0.03679121347411218,increase gain_domain share by replacing replaced_domain share; conditional association
metric/the_pile_dm_mathematics_val_loss,dm_mathematics,github,-22.495918494557046,increase gain_domain share by replacing replaced_domain share; conditional association
metric/the_pile_dm_mathematics_val_loss,dm_mathematics,philpapers,-19.095898622511108,increase gain_domain share by replacing replaced_domain share; conditional association
metric/the_pile_dm_mathematics_val_loss,dm_mathematics,stackexchange,-22.281130859403202,increase gain_domain share by replacing replaced_domain share; conditional association
metric/the_pile_dm_mathematics_val_loss,dm_mathematics,enron_emails,-19.1828555407316,increase gain_domain share by replacing replaced_domain share; conditional association
metric/the_pile_dm_mathematics_val_loss,dm_mathematics,gutenberg_pg_19,-22.26581763845615,increase gain_domain share by replacing replaced_domain share; conditional association
metric/the_pile_dm_mathematics_val_loss,dm_mathematics,pile_cc,-22.510765839350857,increase gain_domain share by replacing replaced_domain share; conditional association
metric/the_pile_dm_mathematics_val_loss,dm_mathematics,ubuntu_irc,-21.535730095588654,increase gain_domain share by replacing replaced_domain share; conditional association
metric/the_pile_dm_mathematics_val_loss,dm_mathematics,europarl,-22.22451012552618,increase gain_domain share by replacing replaced_domain share; conditional association
metric/the_pile_dm_mathematics_val_loss,dm_mathematics,hackernews,-21.337431047138804,increase gain_domain share by replacing replaced_domain share; conditional association
metric/the_pile_dm_mathematics_val_loss,dm_mathematics,pubmed_abstracts,-22.513543397495585,increase gain_domain share by replacing replaced_domain share; conditional association
metric/the_pile_dm_mathematics_val_loss,dm_mathematics,uspto_backgrounds,-22.471869743481392,increase gain_domain share by replacing replaced_domain share; conditional association
metric/the_pile_dm_mathematics_val_loss,github,philpapers,3.4000198720459367,increase gain_domain share by replacing replaced_domain share; conditional association
metric/the_pile_dm_mathematics_val_loss,github,stackexchange,0.2147876351538427,increase gain_domain share by replacing replaced_domain share; conditional association
metric/the_pile_dm_mathematics_val_loss,github,enron_emails,3.3130629538254435,increase gain_domain share by replacing replaced_domain share; conditional association
metric/the_pile_dm_mathematics_val_loss,github,gutenberg_pg_19,0.23010085610089814,increase gain_domain share by replacing replaced_domain share; conditional association
metric/the_pile_dm_mathematics_val_loss,github,pile_cc,-0.01484734479381089,increase gain_domain share by replacing replaced_domain share; conditional association
metric/the_pile_dm_mathematics_val_loss,github,ubuntu_irc,0.9601883989683913,increase gain_domain share by replacing replaced_domain share; conditional association
metric/the_pile_dm_mathematics_val_loss,github,europarl,0.27140836903086596,increase gain_domain share by replacing replaced_domain share; conditional association
metric/the_pile_dm_mathematics_val_loss,github,hackernews,1.1584874474182412,increase gain_domain share by replacing replaced_domain share; conditional association
metric/the_pile_dm_mathematics_val_loss,github,pubmed_abstracts,-0.017624902938539577,increase gain_domain share by replacing replaced_domain share; conditional association
metric/the_pile_dm_mathematics_val_loss,github,uspto_backgrounds,0.024048751075652408,increase gain_domain share by replacing replaced_domain share; conditional association
metric/the_pile_dm_mathematics_val_loss,philpapers,stackexchange,-3.185232236892094,increase gain_domain share by replacing replaced_domain share; conditional association
metric/the_pile_dm_mathematics_val_loss,philpapers,enron_emails,-0.08695691822049323,increase gain_domain share by replacing replaced_domain share; conditional association
metric/the_pile_dm_mathematics_val_loss,philpapers,gutenberg_pg_19,-3.1699190159450383,increase gain_domain share by replacing replaced_domain share; conditional association
metric/the_pile_dm_mathematics_val_loss,philpapers,pile_cc,-3.4148672168397476,increase gain_domain share by replacing replaced_domain share; conditional association
metric/the_pile_dm_mathematics_val_loss,philpapers,ubuntu_irc,-2.4398314730775454,increase gain_domain share by replacing replaced_domain share; conditional association
metric/the_pile_dm_mathematics_val_loss,philpapers,europarl,-3.1286115030150707,increase gain_domain share by replacing replaced_domain share; conditional association
metric/the_pile_dm_mathematics_val_loss,philpapers,hackernews,-2.2415324246276955,increase gain_domain share by replacing replaced_domain share; conditional association
metric/the_pile_dm_mathematics_val_loss,philpapers,pubmed_abstracts,-3.4176447749844763,increase gain_domain share by replacing replaced_domain share; conditional association
metric/the_pile_dm_mathematics_val_loss,philpapers,uspto_backgrounds,-3.3759711209702843,increase gain_domain share by replacing replaced_domain share; conditional association
metric/the_pile_dm_mathematics_val_loss,stackexchange,enron_emails,3.0982753186716008,increase gain_domain share by replacing replaced_domain share; conditional association
metric/the_pile_dm_mathematics_val_loss,stackexchange,gutenberg_pg_19,0.01531322094705545,increase gain_domain share by replacing replaced_domain share; conditional association
metric/the_pile_dm_mathematics_val_loss,stackexchange,pile_cc,-0.22963497994765358,increase gain_domain share by replacing replaced_domain share; conditional association
metric/the_pile_dm_mathematics_val_loss,stackexchange,ubuntu_irc,0.7454007638145486,increase gain_domain share by replacing replaced_domain share; conditional association
metric/the_pile_dm_mathematics_val_loss,stackexchange,europarl,0.056620733877023266,increase gain_domain share by replacing replaced_domain share; conditional association
metric/the_pile_dm_mathematics_val_loss,stackexchange,hackernews,0.9436998122643984,increase gain_domain share by replacing replaced_domain share; conditional association
metric/the_pile_dm_mathematics_val_loss,stackexchange,pubmed_abstracts,-0.23241253809238227,increase gain_domain share by replacing replaced_domain share; conditional association
metric/the_pile_dm_mathematics_val_loss,stackexchange,uspto_backgrounds,-0.19073888407819029,increase gain_domain share by replacing replaced_domain share; conditional association
metric/the_pile_dm_mathematics_val_loss,enron_emails,gutenberg_pg_19,-3.082962097724545,increase gain_domain share by replacing replaced_domain share; conditional association
metric/the_pile_dm_mathematics_val_loss,enron_emails,pile_cc,-3.3279102986192544,increase gain_domain share by replacing replaced_domain share; conditional association
metric/the_pile_dm_mathematics_val_loss,enron_emails,ubuntu_irc,-2.352874554857052,increase gain_domain share by replacing replaced_domain share; conditional association
metric/the_pile_dm_mathematics_val_loss,enron_emails,europarl,-3.0416545847945775,increase gain_domain share by replacing replaced_domain share; conditional association
metric/the_pile_dm_mathematics_val_loss,enron_emails,hackernews,-2.1545755064072023,increase gain_domain share by replacing replaced_domain share; conditional association
metric/the_pile_dm_mathematics_val_loss,enron_emails,pubmed_abstracts,-3.330687856763983,increase gain_domain share by replacing replaced_domain share; conditional association
metric/the_pile_dm_mathematics_val_loss,enron_emails,uspto_backgrounds,-3.289014202749791,increase gain_domain share by replacing replaced_domain share; conditional association
metric/the_pile_dm_mathematics_val_loss,gutenberg_pg_19,pile_cc,-0.24494820089470903,increase gain_domain share by replacing replaced_domain share; conditional association
metric/the_pile_dm_mathematics_val_loss,gutenberg_pg_19,ubuntu_irc,0.7300875428674931,increase gain_domain share by replacing replaced_domain share; conditional association
metric/the_pile_dm_mathematics_val_loss,gutenberg_pg_19,europarl,0.041307512929967816,increase gain_domain share by replacing replaced_domain share; conditional association
metric/the_pile_dm_mathematics_val_loss,gutenberg_pg_19,hackernews,0.9283865913173429,increase gain_domain share by replacing replaced_domain share; conditional association
metric/the_pile_dm_mathematics_val_loss,gutenberg_pg_19,pubmed_abstracts,-0.24772575903943772,increase gain_domain share by replacing replaced_domain share; conditional association
metric/the_pile_dm_mathematics_val_loss,gutenberg_pg_19,uspto_backgrounds,-0.20605210502524574,increase gain_domain share by replacing replaced_domain share; conditional association
metric/the_pile_dm_mathematics_val_loss,pile_cc,ubuntu_irc,0.9750357437622021,increase gain_domain share by replacing replaced_domain share; conditional association
metric/the_pile_dm_mathematics_val_loss,pile_cc,europarl,0.28625571382467685,increase gain_domain share by replacing replaced_domain share; conditional association
metric/the_pile_dm_mathematics_val_loss,pile_cc,hackernews,1.173334792212052,increase gain_domain share by replacing replaced_domain share; conditional association
metric/the_pile_dm_mathematics_val_loss,pile_cc,pubmed_abstracts,-0.002777558144728687,increase gain_domain share by replacing replaced_domain share; conditional association
metric/the_pile_dm_mathematics_val_loss,pile_cc,uspto_backgrounds,0.0388960958694633,increase gain_domain share by replacing replaced_domain share; conditional association
metric/the_pile_dm_mathematics_val_loss,ubuntu_irc,europarl,-0.6887800299375253,increase gain_domain share by replacing replaced_domain share; conditional association
metric/the_pile_dm_mathematics_val_loss,ubuntu_irc,hackernews,0.1982990484498498,increase gain_domain share by replacing replaced_domain share; conditional association
metric/the_pile_dm_mathematics_val_loss,ubuntu_irc,pubmed_abstracts,-0.9778133019069308,increase gain_domain share by replacing replaced_domain share; conditional association
metric/the_pile_dm_mathematics_val_loss,ubuntu_irc,uspto_backgrounds,-0.9361396478927388,increase gain_domain share by replacing replaced_domain share; conditional association
metric/the_pile_dm_mathematics_val_loss,europarl,hackernews,0.8870790783873751,increase gain_domain share by replacing replaced_domain share; conditional association
metric/the_pile_dm_mathematics_val_loss,europarl,pubmed_abstracts,-0.28903327196940554,increase gain_domain share by replacing replaced_domain share; conditional association
metric/the_pile_dm_mathematics_val_loss,europarl,uspto_backgrounds,-0.24735961795521355,increase gain_domain share by replacing replaced_domain share; conditional association
metric/the_pile_dm_mathematics_val_loss,hackernews,pubmed_abstracts,-1.1761123503567807,increase gain_domain share by replacing replaced_domain share; conditional association
metric/the_pile_dm_mathematics_val_loss,hackernews,uspto_backgrounds,-1.1344386963425888,increase gain_domain share by replacing replaced_domain share; conditional association
metric/the_pile_dm_mathematics_val_loss,pubmed_abstracts,uspto_backgrounds,0.041673654014191985,increase gain_domain share by replacing replaced_domain share; conditional association
metric/the_pile_freelaw_val_loss,arxiv,freelaw,28.284271247419053,increase gain_domain share by replacing replaced_domain share; conditional association
metric/the_pile_freelaw_val_loss,arxiv,nih_exporter,2.0477001409393,increase gain_domain share by replacing replaced_domain share; conditional association
metric/the_pile_freelaw_val_loss,arxiv,pubmed_central,0.022180860294581883,increase gain_domain share by replacing replaced_domain share; conditional association
metric/the_pile_freelaw_val_loss,arxiv,wikipedia_en,0.510421749844171,increase gain_domain share by replacing replaced_domain share; conditional association
metric/the_pile_freelaw_val_loss,arxiv,dm_mathematics,0.020852396611270585,increase gain_domain share by replacing replaced_domain share; conditional association
metric/the_pile_freelaw_val_loss,arxiv,github,-0.06483118644093988,increase gain_domain share by replacing replaced_domain share; conditional association
metric/the_pile_freelaw_val_loss,arxiv,philpapers,1.6351810146962404,increase gain_domain share by replacing replaced_domain share; conditional association
metric/the_pile_freelaw_val_loss,arxiv,stackexchange,0.02882397131226977,increase gain_domain share by replacing replaced_domain share; conditional association
metric/the_pile_freelaw_val_loss,arxiv,enron_emails,3.8431095894334146,increase gain_domain share by replacing replaced_domain share; conditional association
metric/the_pile_freelaw_val_loss,arxiv,gutenberg_pg_19,0.5872021767312541,increase gain_domain share by replacing replaced_domain share; conditional association
metric/the_pile_freelaw_val_loss,arxiv,pile_cc,0.8548902945191696,increase gain_domain share by replacing replaced_domain share; conditional association
metric/the_pile_freelaw_val_loss,arxiv,ubuntu_irc,0.26951769885930155,increase gain_domain share by replacing replaced_domain share; conditional association
metric/the_pile_freelaw_val_loss,arxiv,europarl,0.5323602601425668,increase gain_domain share by replacing replaced_domain share; conditional association
metric/the_pile_freelaw_val_loss,arxiv,hackernews,0.7747706967796724,increase gain_domain share by replacing replaced_domain share; conditional association
metric/the_pile_freelaw_val_loss,arxiv,pubmed_abstracts,0.055005974120980294,increase gain_domain share by replacing replaced_domain share; conditional association
metric/the_pile_freelaw_val_loss,arxiv,uspto_backgrounds,0.15553631908492038,increase gain_domain share by replacing replaced_domain share; conditional association
metric/the_pile_freelaw_val_loss,freelaw,nih_exporter,-26.23657110647975,increase gain_domain share by replacing replaced_domain share; conditional association
metric/the_pile_freelaw_val_loss,freelaw,pubmed_central,-28.26209038712447,increase gain_domain share by replacing replaced_domain share; conditional association
metric/the_pile_freelaw_val_loss,freelaw,wikipedia_en,-27.77384949757488,increase gain_domain share by replacing replaced_domain share; conditional association
metric/the_pile_freelaw_val_loss,freelaw,dm_mathematics,-28.26341885080778,increase gain_domain share by replacing replaced_domain share; conditional association
metric/the_pile_freelaw_val_loss,freelaw,github,-28.34910243385999,increase gain_domain share by replacing replaced_domain share; conditional association
metric/the_pile_freelaw_val_loss,freelaw,philpapers,-26.649090232722813,increase gain_domain share by replacing replaced_domain share; conditional association
metric/the_pile_freelaw_val_loss,freelaw,stackexchange,-28.255447276106782,increase gain_domain share by replacing replaced_domain share; conditional association
metric/the_pile_freelaw_val_loss,freelaw,enron_emails,-24.44116165798564,increase gain_domain share by replacing replaced_domain share; conditional association
metric/the_pile_freelaw_val_loss,freelaw,gutenberg_pg_19,-27.697069070687796,increase gain_domain share by replacing replaced_domain share; conditional association
metric/the_pile_freelaw_val_loss,freelaw,pile_cc,-27.429380952899884,increase gain_domain share by replacing replaced_domain share; conditional association
metric/the_pile_freelaw_val_loss,freelaw,ubuntu_irc,-28.01475354855975,increase gain_domain share by replacing replaced_domain share; conditional association
metric/the_pile_freelaw_val_loss,freelaw,europarl,-27.751910987276485,increase gain_domain share by replacing replaced_domain share; conditional association
metric/the_pile_freelaw_val_loss,freelaw,hackernews,-27.50950055063938,increase gain_domain share by replacing replaced_domain share; conditional association
metric/the_pile_freelaw_val_loss,freelaw,pubmed_abstracts,-28.229265273298072,increase gain_domain share by replacing replaced_domain share; conditional association
metric/the_pile_freelaw_val_loss,freelaw,uspto_backgrounds,-28.128734928334133,increase gain_domain share by replacing replaced_domain share; conditional association
metric/the_pile_freelaw_val_loss,nih_exporter,pubmed_central,-2.025519280644718,increase gain_domain share by replacing replaced_domain share; conditional association
metric/the_pile_freelaw_val_loss,nih_exporter,wikipedia_en,-1.5372783910951289,increase gain_domain share by replacing replaced_domain share; conditional association
metric/the_pile_freelaw_val_loss,nih_exporter,dm_mathematics,-2.0268477443280295,increase gain_domain share by replacing replaced_domain share; conditional association
metric/the_pile_freelaw_val_loss,nih_exporter,github,-2.11253132738024,increase gain_domain share by replacing replaced_domain share; conditional association
metric/the_pile_freelaw_val_loss,nih_exporter,philpapers,-0.4125191262430594,increase gain_domain share by replacing replaced_domain share; conditional association
metric/the_pile_freelaw_val_loss,nih_exporter,stackexchange,-2.0188761696270303,increase gain_domain share by replacing replaced_domain share; conditional association
metric/the_pile_freelaw_val_loss,nih_exporter,enron_emails,1.7954094484941148,increase gain_domain share by replacing replaced_domain share; conditional association
metric/the_pile_freelaw_val_loss,nih_exporter,gutenberg_pg_19,-1.4604979642080458,increase gain_domain share by replacing replaced_domain share; conditional association
metric/the_pile_freelaw_val_loss,nih_exporter,pile_cc,-1.1928098464201302,increase gain_domain share by replacing replaced_domain share; conditional association
metric/the_pile_freelaw_val_loss,nih_exporter,ubuntu_irc,-1.7781824420799983,increase gain_domain share by replacing replaced_domain share; conditional association
metric/the_pile_freelaw_val_loss,nih_exporter,europarl,-1.515339880796733,increase gain_domain share by replacing replaced_domain share; conditional association
metric/the_pile_freelaw_val_loss,nih_exporter,hackernews,-1.2729294441596275,increase gain_domain share by replacing replaced_domain share; conditional association
metric/the_pile_freelaw_val_loss,nih_exporter,pubmed_abstracts,-1.9926941668183196,increase gain_domain share by replacing replaced_domain share; conditional association
metric/the_pile_freelaw_val_loss,nih_exporter,uspto_backgrounds,-1.8921638218543795,increase gain_domain share by replacing replaced_domain share; conditional association
metric/the_pile_freelaw_val_loss,pubmed_central,wikipedia_en,0.4882408895495891,increase gain_domain share by replacing replaced_domain share; conditional association
metric/the_pile_freelaw_val_loss,pubmed_central,dm_mathematics,-0.0013284636833112984,increase gain_domain share by replacing replaced_domain share; conditional association
metric/the_pile_freelaw_val_loss,pubmed_central,github,-0.08701204673552176,increase gain_domain share by replacing replaced_domain share; conditional association
metric/the_pile_freelaw_val_loss,pubmed_central,philpapers,1.6130001544016586,increase gain_domain share by replacing replaced_domain share; conditional association
metric/the_pile_freelaw_val_loss,pubmed_central,stackexchange,0.006643111017687886,increase gain_domain share by replacing replaced_domain share; conditional association
metric/the_pile_freelaw_val_loss,pubmed_central,enron_emails,3.8209287291388327,increase gain_domain share by replacing replaced_domain share; conditional association
metric/the_pile_freelaw_val_loss,pubmed_central,gutenberg_pg_19,0.5650213164366722,increase gain_domain share by replacing replaced_domain share; conditional association
metric/the_pile_freelaw_val_loss,pubmed_central,pile_cc,0.8327094342245878,increase gain_domain share by replacing replaced_domain share; conditional association
metric/the_pile_freelaw_val_loss,pubmed_central,ubuntu_irc,0.24733683856471966,increase gain_domain share by replacing replaced_domain share; conditional association
metric/the_pile_freelaw_val_loss,pubmed_central,europarl,0.5101793998479849,increase gain_domain share by replacing replaced_domain share; conditional association
metric/the_pile_freelaw_val_loss,pubmed_central,hackernews,0.7525898364850905,increase gain_domain share by replacing replaced_domain share; conditional association
metric/the_pile_freelaw_val_loss,pubmed_central,pubmed_abstracts,0.03282511382639841,increase gain_domain share by replacing replaced_domain share; conditional association
metric/the_pile_freelaw_val_loss,pubmed_central,uspto_backgrounds,0.1333554587903385,increase gain_domain share by replacing replaced_domain share; conditional association
metric/the_pile_freelaw_val_loss,wikipedia_en,dm_mathematics,-0.4895693532329004,increase gain_domain share by replacing replaced_domain share; conditional association
metric/the_pile_freelaw_val_loss,wikipedia_en,github,-0.5752529362851109,increase gain_domain share by replacing replaced_domain share; conditional association
metric/the_pile_freelaw_val_loss,wikipedia_en,philpapers,1.1247592648520695,increase gain_domain share by replacing replaced_domain share; conditional association
metric/the_pile_freelaw_val_loss,wikipedia_en,stackexchange,-0.4815977785319012,increase gain_domain share by replacing replaced_domain share; conditional association
metric/the_pile_freelaw_val_loss,wikipedia_en,enron_emails,3.3326878395892434,increase gain_domain share by replacing replaced_domain share; conditional association
metric/the_pile_freelaw_val_loss,wikipedia_en,gutenberg_pg_19,0.07678042688708309,increase gain_domain share by replacing replaced_domain share; conditional association
metric/the_pile_freelaw_val_loss,wikipedia_en,pile_cc,0.34446854467499866,increase gain_domain share by replacing replaced_domain share; conditional association
metric/the_pile_freelaw_val_loss,wikipedia_en,ubuntu_irc,-0.24090405098486944,increase gain_domain share by replacing replaced_domain share; conditional association
metric/the_pile_freelaw_val_loss,wikipedia_en,europarl,0.021938510298395775,increase gain_domain share by replacing replaced_domain share; conditional association
metric/the_pile_freelaw_val_loss,wikipedia_en,hackernews,0.26434894693550137,increase gain_domain share by replacing replaced_domain share; conditional association
metric/the_pile_freelaw_val_loss,wikipedia_en,pubmed_abstracts,-0.4554157757231907,increase gain_domain share by replacing replaced_domain share; conditional association
metric/the_pile_freelaw_val_loss,wikipedia_en,uspto_backgrounds,-0.3548854307592506,increase gain_domain share by replacing replaced_domain share; conditional association
metric/the_pile_freelaw_val_loss,dm_mathematics,github,-0.08568358305221047,increase gain_domain share by replacing replaced_domain share; conditional association
metric/the_pile_freelaw_val_loss,dm_mathematics,philpapers,1.6143286180849699,increase gain_domain share by replacing replaced_domain share; conditional association
metric/the_pile_freelaw_val_loss,dm_mathematics,stackexchange,0.007971574700999184,increase gain_domain share by replacing replaced_domain share; conditional association
metric/the_pile_freelaw_val_loss,dm_mathematics,enron_emails,3.822257192822144,increase gain_domain share by replacing replaced_domain share; conditional association
metric/the_pile_freelaw_val_loss,dm_mathematics,gutenberg_pg_19,0.5663497801199835,increase gain_domain share by replacing replaced_domain share; conditional association
metric/the_pile_freelaw_val_loss,dm_mathematics,pile_cc,0.8340378979078991,increase gain_domain share by replacing replaced_domain share; conditional association
metric/the_pile_freelaw_val_loss,dm_mathematics,ubuntu_irc,0.24866530224803096,increase gain_domain share by replacing replaced_domain share; conditional association
metric/the_pile_freelaw_val_loss,dm_mathematics,europarl,0.5115078635312962,increase gain_domain share by replacing replaced_domain share; conditional association
metric/the_pile_freelaw_val_loss,dm_mathematics,hackernews,0.7539183001684018,increase gain_domain share by replacing replaced_domain share; conditional association
metric/the_pile_freelaw_val_loss,dm_mathematics,pubmed_abstracts,0.03415357750970971,increase gain_domain share by replacing replaced_domain share; conditional association
metric/the_pile_freelaw_val_loss,dm_mathematics,uspto_backgrounds,0.1346839224736498,increase gain_domain share by replacing replaced_domain share; conditional association
metric/the_pile_freelaw_val_loss,github,philpapers,1.7000122011371803,increase gain_domain share by replacing replaced_domain share; conditional association
metric/the_pile_freelaw_val_loss,github,stackexchange,0.09365515775320965,increase gain_domain share by replacing replaced_domain share; conditional association
metric/the_pile_freelaw_val_loss,github,enron_emails,3.9079407758743545,increase gain_domain share by replacing replaced_domain share; conditional association
metric/the_pile_freelaw_val_loss,github,gutenberg_pg_19,0.652033363172194,increase gain_domain share by replacing replaced_domain share; conditional association
metric/the_pile_freelaw_val_loss,github,pile_cc,0.9197214809601095,increase gain_domain share by replacing replaced_domain share; conditional association
metric/the_pile_freelaw_val_loss,github,ubuntu_irc,0.3343488853002414,increase gain_domain share by replacing replaced_domain share; conditional association
metric/the_pile_freelaw_val_loss,github,europarl,0.5971914465835066,increase gain_domain share by replacing replaced_domain share; conditional association
metric/the_pile_freelaw_val_loss,github,hackernews,0.8396018832206122,increase gain_domain share by replacing replaced_domain share; conditional association
metric/the_pile_freelaw_val_loss,github,pubmed_abstracts,0.11983716056192018,increase gain_domain share by replacing replaced_domain share; conditional association
metric/the_pile_freelaw_val_loss,github,uspto_backgrounds,0.22036750552586026,increase gain_domain share by replacing replaced_domain share; conditional association
metric/the_pile_freelaw_val_loss,philpapers,stackexchange,-1.6063570433839707,increase gain_domain share by replacing replaced_domain share; conditional association
metric/the_pile_freelaw_val_loss,philpapers,enron_emails,2.207928574737174,increase gain_domain share by replacing replaced_domain share; conditional association
metric/the_pile_freelaw_val_loss,philpapers,gutenberg_pg_19,-1.0479788379649864,increase gain_domain share by replacing replaced_domain share; conditional association
metric/the_pile_freelaw_val_loss,philpapers,pile_cc,-0.7802907201770708,increase gain_domain share by replacing replaced_domain share; conditional association
metric/the_pile_freelaw_val_loss,philpapers,ubuntu_irc,-1.365663315836939,increase gain_domain share by replacing replaced_domain share; conditional association
metric/the_pile_freelaw_val_loss,philpapers,europarl,-1.1028207545536737,increase gain_domain share by replacing replaced_domain share; conditional association
metric/the_pile_freelaw_val_loss,philpapers,hackernews,-0.8604103179165681,increase gain_domain share by replacing replaced_domain share; conditional association
metric/the_pile_freelaw_val_loss,philpapers,pubmed_abstracts,-1.5801750405752601,increase gain_domain share by replacing replaced_domain share; conditional association
metric/the_pile_freelaw_val_loss,philpapers,uspto_backgrounds,-1.47964469561132,increase gain_domain share by replacing replaced_domain share; conditional association
metric/the_pile_freelaw_val_loss,stackexchange,enron_emails,3.814285618121145,increase gain_domain share by replacing replaced_domain share; conditional association
metric/the_pile_freelaw_val_loss,stackexchange,gutenberg_pg_19,0.5583782054189843,increase gain_domain share by replacing replaced_domain share; conditional association
metric/the_pile_freelaw_val_loss,stackexchange,pile_cc,0.8260663232068999,increase gain_domain share by replacing replaced_domain share; conditional association
metric/the_pile_freelaw_val_loss,stackexchange,ubuntu_irc,0.24069372754703178,increase gain_domain share by replacing replaced_domain share; conditional association
metric/the_pile_freelaw_val_loss,stackexchange,europarl,0.503536288830297,increase gain_domain share by replacing replaced_domain share; conditional association
metric/the_pile_freelaw_val_loss,stackexchange,hackernews,0.7459467254674026,increase gain_domain share by replacing replaced_domain share; conditional association
metric/the_pile_freelaw_val_loss,stackexchange,pubmed_abstracts,0.026182002808710525,increase gain_domain share by replacing replaced_domain share; conditional association
metric/the_pile_freelaw_val_loss,stackexchange,uspto_backgrounds,0.1267123477726506,increase gain_domain share by replacing replaced_domain share; conditional association
metric/the_pile_freelaw_val_loss,enron_emails,gutenberg_pg_19,-3.2559074127021606,increase gain_domain share by replacing replaced_domain share; conditional association
metric/the_pile_freelaw_val_loss,enron_emails,pile_cc,-2.988219294914245,increase gain_domain share by replacing replaced_domain share; conditional association
metric/the_pile_freelaw_val_loss,enron_emails,ubuntu_irc,-3.573591890574113,increase gain_domain share by replacing replaced_domain share; conditional association
metric/the_pile_freelaw_val_loss,enron_emails,europarl,-3.310749329290848,increase gain_domain share by replacing replaced_domain share; conditional association
metric/the_pile_freelaw_val_loss,enron_emails,hackernews,-3.0683388926537423,increase gain_domain share by replacing replaced_domain share; conditional association
metric/the_pile_freelaw_val_loss,enron_emails,pubmed_abstracts,-3.7881036153124343,increase gain_domain share by replacing replaced_domain share; conditional association
metric/the_pile_freelaw_val_loss,enron_emails,uspto_backgrounds,-3.6875732703484942,increase gain_domain share by replacing replaced_domain share; conditional association
metric/the_pile_freelaw_val_loss,gutenberg_pg_19,pile_cc,0.26768811778791557,increase gain_domain share by replacing replaced_domain share; conditional association
metric/the_pile_freelaw_val_loss,gutenberg_pg_19,ubuntu_irc,-0.31768447787195253,increase gain_domain share by replacing replaced_domain share; conditional association
metric/the_pile_freelaw_val_loss,gutenberg_pg_19,europarl,-0.05484191658868731,increase gain_domain share by replacing replaced_domain share; conditional association
metric/the_pile_freelaw_val_loss,gutenberg_pg_19,hackernews,0.18756852004841829,increase gain_domain share by replacing replaced_domain share; conditional association
metric/the_pile_freelaw_val_loss,gutenberg_pg_19,pubmed_abstracts,-0.5321962026102738,increase gain_domain share by replacing replaced_domain share; conditional association
metric/the_pile_freelaw_val_loss,gutenberg_pg_19,uspto_backgrounds,-0.4316658576463337,increase gain_domain share by replacing replaced_domain share; conditional association
metric/the_pile_freelaw_val_loss,pile_cc,ubuntu_irc,-0.5853725956598681,increase gain_domain share by replacing replaced_domain share; conditional association
metric/the_pile_freelaw_val_loss,pile_cc,europarl,-0.3225300343766029,increase gain_domain share by replacing replaced_domain share; conditional association
metric/the_pile_freelaw_val_loss,pile_cc,hackernews,-0.08011959773949728,increase gain_domain share by replacing replaced_domain share; conditional association
metric/the_pile_freelaw_val_loss,pile_cc,pubmed_abstracts,-0.7998843203981894,increase gain_domain share by replacing replaced_domain share; conditional association
metric/the_pile_freelaw_val_loss,pile_cc,uspto_backgrounds,-0.6993539754342493,increase gain_domain share by replacing replaced_domain share; conditional association
metric/the_pile_freelaw_val_loss,ubuntu_irc,europarl,0.2628425612832652,increase gain_domain share by replacing replaced_domain share; conditional association
metric/the_pile_freelaw_val_loss,ubuntu_irc,hackernews,0.5052529979203708,increase gain_domain share by replacing replaced_domain share; conditional association
metric/the_pile_freelaw_val_loss,ubuntu_irc,pubmed_abstracts,-0.21451172473832125,increase gain_domain share by replacing replaced_domain share; conditional association
metric/the_pile_freelaw_val_loss,ubuntu_irc,uspto_backgrounds,-0.11398137977438116,increase gain_domain share by replacing replaced_domain share; conditional association
metric/the_pile_freelaw_val_loss,europarl,hackernews,0.2424104366371056,increase gain_domain share by replacing replaced_domain share; conditional association
metric/the_pile_freelaw_val_loss,europarl,pubmed_abstracts,-0.47735428602158647,increase gain_domain share by replacing replaced_domain share; conditional association
metric/the_pile_freelaw_val_loss,europarl,uspto_backgrounds,-0.3768239410576464,increase gain_domain share by replacing replaced_domain share; conditional association
metric/the_pile_freelaw_val_loss,hackernews,pubmed_abstracts,-0.7197647226586921,increase gain_domain share by replacing replaced_domain share; conditional association
metric/the_pile_freelaw_val_loss,hackernews,uspto_backgrounds,-0.619234377694752,increase gain_domain share by replacing replaced_domain share; conditional association
metric/the_pile_freelaw_val_loss,pubmed_abstracts,uspto_backgrounds,0.10053034496394009,increase gain_domain share by replacing replaced_domain share; conditional association
metric/the_pile_github_val_loss,arxiv,freelaw,-0.10354556261141568,increase gain_domain share by replacing replaced_domain share; conditional association
metric/the_pile_github_val_loss,arxiv,nih_exporter,3.0773894119618297,increase gain_domain share by replacing replaced_domain share; conditional association
metric/the_pile_github_val_loss,arxiv,pubmed_central,-0.18415490079149688,increase gain_domain share by replacing replaced_domain share; conditional association
metric/the_pile_github_val_loss,arxiv,wikipedia_en,0.24232535621743878,increase gain_domain share by replacing replaced_domain share; conditional association
metric/the_pile_github_val_loss,arxiv,dm_mathematics,-0.17575926783243112,increase gain_domain share by replacing replaced_domain share; conditional association
metric/the_pile_github_val_loss,arxiv,github,22.07851150085019,increase gain_domain share by replacing replaced_domain share; conditional association
metric/the_pile_github_val_loss,arxiv,philpapers,2.8089997019883763,increase gain_domain share by replacing replaced_domain share; conditional association
metric/the_pile_github_val_loss,arxiv,stackexchange,4.600616039595549,increase gain_domain share by replacing replaced_domain share; conditional association
metric/the_pile_github_val_loss,arxiv,enron_emails,5.48024478386459,increase gain_domain share by replacing replaced_domain share; conditional association
metric/the_pile_github_val_loss,arxiv,gutenberg_pg_19,-0.007857715863285542,increase gain_domain share by replacing replaced_domain share; conditional association
metric/the_pile_github_val_loss,arxiv,pile_cc,0.23207671314165168,increase gain_domain share by replacing replaced_domain share; conditional association
metric/the_pile_github_val_loss,arxiv,ubuntu_irc,1.5570096163924574,increase gain_domain share by replacing replaced_domain share; conditional association
metric/the_pile_github_val_loss,arxiv,europarl,0.6281258863254873,increase gain_domain share by replacing replaced_domain share; conditional association
metric/the_pile_github_val_loss,arxiv,hackernews,1.1917767790010152,increase gain_domain share by replacing replaced_domain share; conditional association
metric/the_pile_github_val_loss,arxiv,pubmed_abstracts,0.11522761063836606,increase gain_domain share by replacing replaced_domain share; conditional association
metric/the_pile_github_val_loss,arxiv,uspto_backgrounds,-0.05684470754289084,increase gain_domain share by replacing replaced_domain share; conditional association
metric/the_pile_github_val_loss,freelaw,nih_exporter,3.1809349745732454,increase gain_domain share by replacing replaced_domain share; conditional association
metric/the_pile_github_val_loss,freelaw,pubmed_central,-0.0806093381800812,increase gain_domain share by replacing replaced_domain share; conditional association
metric/the_pile_github_val_loss,freelaw,wikipedia_en,0.34587091882885446,increase gain_domain share by replacing replaced_domain share; conditional association
metric/the_pile_github_val_loss,freelaw,dm_mathematics,-0.07221370522101545,increase gain_domain share by replacing replaced_domain share; conditional association
metric/the_pile_github_val_loss,freelaw,github,22.182057063461606,increase gain_domain share by replacing replaced_domain share; conditional association
metric/the_pile_github_val_loss,freelaw,philpapers,2.912545264599792,increase gain_domain share by replacing replaced_domain share; conditional association
metric/the_pile_github_val_loss,freelaw,stackexchange,4.704161602206964,increase gain_domain share by replacing replaced_domain share; conditional association
metric/the_pile_github_val_loss,freelaw,enron_emails,5.583790346476006,increase gain_domain share by replacing replaced_domain share; conditional association
metric/the_pile_github_val_loss,freelaw,gutenberg_pg_19,0.09568784674813013,increase gain_domain share by replacing replaced_domain share; conditional association
metric/the_pile_github_val_loss,freelaw,pile_cc,0.33562227575306736,increase gain_domain share by replacing replaced_domain share; conditional association
metric/the_pile_github_val_loss,freelaw,ubuntu_irc,1.660555179003873,increase gain_domain share by replacing replaced_domain share; conditional association
metric/the_pile_github_val_loss,freelaw,europarl,0.731671448936903,increase gain_domain share by replacing replaced_domain share; conditional association
metric/the_pile_github_val_loss,freelaw,hackernews,1.2953223416124309,increase gain_domain share by replacing replaced_domain share; conditional association
metric/the_pile_github_val_loss,freelaw,pubmed_abstracts,0.21877317324978174,increase gain_domain share by replacing replaced_domain share; conditional association
metric/the_pile_github_val_loss,freelaw,uspto_backgrounds,0.04670085506852484,increase gain_domain share by replacing replaced_domain share; conditional association
metric/the_pile_github_val_loss,nih_exporter,pubmed_central,-3.2615443127533266,increase gain_domain share by replacing replaced_domain share; conditional association
metric/the_pile_github_val_loss,nih_exporter,wikipedia_en,-2.835064055744391,increase gain_domain share by replacing replaced_domain share; conditional association
metric/the_pile_github_val_loss,nih_exporter,dm_mathematics,-3.253148679794261,increase gain_domain share by replacing replaced_domain share; conditional association
metric/the_pile_github_val_loss,nih_exporter,github,19.001122088888362,increase gain_domain share by replacing replaced_domain share; conditional association
metric/the_pile_github_val_loss,nih_exporter,philpapers,-0.26838970997345324,increase gain_domain share by replacing replaced_domain share; conditional association
metric/the_pile_github_val_loss,nih_exporter,stackexchange,1.5232266276337194,increase gain_domain share by replacing replaced_domain share; conditional association
metric/the_pile_github_val_loss,nih_exporter,enron_emails,2.4028553719027603,increase gain_domain share by replacing replaced_domain share; conditional association
metric/the_pile_github_val_loss,nih_exporter,gutenberg_pg_19,-3.0852471278251152,increase gain_domain share by replacing replaced_domain share; conditional association
metric/the_pile_github_val_loss,nih_exporter,pile_cc,-2.845312698820178,increase gain_domain share by replacing replaced_domain share; conditional association
metric/the_pile_github_val_loss,nih_exporter,ubuntu_irc,-1.520379795569372,increase gain_domain share by replacing replaced_domain share; conditional association
metric/the_pile_github_val_loss,nih_exporter,europarl,-2.449263525636342,increase gain_domain share by replacing replaced_domain share; conditional association
metric/the_pile_github_val_loss,nih_exporter,hackernews,-1.8856126329608145,increase gain_domain share by replacing replaced_domain share; conditional association
metric/the_pile_github_val_loss,nih_exporter,pubmed_abstracts,-2.9621618013234636,increase gain_domain share by replacing replaced_domain share; conditional association
metric/the_pile_github_val_loss,nih_exporter,uspto_backgrounds,-3.1342341195047205,increase gain_domain share by replacing replaced_domain share; conditional association
metric/the_pile_github_val_loss,pubmed_central,wikipedia_en,0.42648025700893566,increase gain_domain share by replacing replaced_domain share; conditional association
metric/the_pile_github_val_loss,pubmed_central,dm_mathematics,0.008395632959065757,increase gain_domain share by replacing replaced_domain share; conditional association
metric/the_pile_github_val_loss,pubmed_central,github,22.262666401641688,increase gain_domain share by replacing replaced_domain share; conditional association
metric/the_pile_github_val_loss,pubmed_central,philpapers,2.993154602779873,increase gain_domain share by replacing replaced_domain share; conditional association
metric/the_pile_github_val_loss,pubmed_central,stackexchange,4.784770940387046,increase gain_domain share by replacing replaced_domain share; conditional association
metric/the_pile_github_val_loss,pubmed_central,enron_emails,5.664399684656087,increase gain_domain share by replacing replaced_domain share; conditional association
metric/the_pile_github_val_loss,pubmed_central,gutenberg_pg_19,0.17629718492821134,increase gain_domain share by replacing replaced_domain share; conditional association
metric/the_pile_github_val_loss,pubmed_central,pile_cc,0.41623161393314856,increase gain_domain share by replacing replaced_domain share; conditional association
metric/the_pile_github_val_loss,pubmed_central,ubuntu_irc,1.7411645171839543,increase gain_domain share by replacing replaced_domain share; conditional association
metric/the_pile_github_val_loss,pubmed_central,europarl,0.8122807871169841,increase gain_domain share by replacing replaced_domain share; conditional association
metric/the_pile_github_val_loss,pubmed_central,hackernews,1.375931679792512,increase gain_domain share by replacing replaced_domain share; conditional association
metric/the_pile_github_val_loss,pubmed_central,pubmed_abstracts,0.29938251142986294,increase gain_domain share by replacing replaced_domain share; conditional association
metric/the_pile_github_val_loss,pubmed_central,uspto_backgrounds,0.12731019324860604,increase gain_domain share by replacing replaced_domain share; conditional association
metric/the_pile_github_val_loss,wikipedia_en,dm_mathematics,-0.4180846240498699,increase gain_domain share by replacing replaced_domain share; conditional association
metric/the_pile_github_val_loss,wikipedia_en,github,21.83618614463275,increase gain_domain share by replacing replaced_domain share; conditional association
metric/the_pile_github_val_loss,wikipedia_en,philpapers,2.5666743457709376,increase gain_domain share by replacing replaced_domain share; conditional association
metric/the_pile_github_val_loss,wikipedia_en,stackexchange,4.35829068337811,increase gain_domain share by replacing replaced_domain share; conditional association
metric/the_pile_github_val_loss,wikipedia_en,enron_emails,5.237919427647151,increase gain_domain share by replacing replaced_domain share; conditional association
metric/the_pile_github_val_loss,wikipedia_en,gutenberg_pg_19,-0.2501830720807243,increase gain_domain share by replacing replaced_domain share; conditional association
metric/the_pile_github_val_loss,wikipedia_en,pile_cc,-0.0102486430757871,increase gain_domain share by replacing replaced_domain share; conditional association
metric/the_pile_github_val_loss,wikipedia_en,ubuntu_irc,1.3146842601750186,increase gain_domain share by replacing replaced_domain share; conditional association
metric/the_pile_github_val_loss,wikipedia_en,europarl,0.3858005301080485,increase gain_domain share by replacing replaced_domain share; conditional association
metric/the_pile_github_val_loss,wikipedia_en,hackernews,0.9494514227835764,increase gain_domain share by replacing replaced_domain share; conditional association
metric/the_pile_github_val_loss,wikipedia_en,pubmed_abstracts,-0.12709774557907272,increase gain_domain share by replacing replaced_domain share; conditional association
metric/the_pile_github_val_loss,wikipedia_en,uspto_backgrounds,-0.2991700637603296,increase gain_domain share by replacing replaced_domain share; conditional association
metric/the_pile_github_val_loss,dm_mathematics,github,22.254270768682623,increase gain_domain share by replacing replaced_domain share; conditional association
metric/the_pile_github_val_loss,dm_mathematics,philpapers,2.9847589698208075,increase gain_domain share by replacing replaced_domain share; conditional association
metric/the_pile_github_val_loss,dm_mathematics,stackexchange,4.77637530742798,increase gain_domain share by replacing replaced_domain share; conditional association
metric/the_pile_github_val_loss,dm_mathematics,enron_emails,5.656004051697021,increase gain_domain share by replacing replaced_domain share; conditional association
metric/the_pile_github_val_loss,dm_mathematics,gutenberg_pg_19,0.16790155196914558,increase gain_domain share by replacing replaced_domain share; conditional association
metric/the_pile_github_val_loss,dm_mathematics,pile_cc,0.4078359809740828,increase gain_domain share by replacing replaced_domain share; conditional association
metric/the_pile_github_val_loss,dm_mathematics,ubuntu_irc,1.7327688842248885,increase gain_domain share by replacing replaced_domain share; conditional association
metric/the_pile_github_val_loss,dm_mathematics,europarl,0.8038851541579184,increase gain_domain share by replacing replaced_domain share; conditional association
metric/the_pile_github_val_loss,dm_mathematics,hackernews,1.3675360468334463,increase gain_domain share by replacing replaced_domain share; conditional association
metric/the_pile_github_val_loss,dm_mathematics,pubmed_abstracts,0.2909868784707972,increase gain_domain share by replacing replaced_domain share; conditional association
metric/the_pile_github_val_loss,dm_mathematics,uspto_backgrounds,0.11891456028954028,increase gain_domain share by replacing replaced_domain share; conditional association
metric/the_pile_github_val_loss,github,philpapers,-19.269511798861814,increase gain_domain share by replacing replaced_domain share; conditional association
metric/the_pile_github_val_loss,github,stackexchange,-17.47789546125464,increase gain_domain share by replacing replaced_domain share; conditional association
metric/the_pile_github_val_loss,github,enron_emails,-16.5982667169856,increase gain_domain share by replacing replaced_domain share; conditional association
metric/the_pile_github_val_loss,github,gutenberg_pg_19,-22.086369216713475,increase gain_domain share by replacing replaced_domain share; conditional association
metric/the_pile_github_val_loss,github,pile_cc,-21.84643478770854,increase gain_domain share by replacing replaced_domain share; conditional association
metric/the_pile_github_val_loss,github,ubuntu_irc,-20.521501884457734,increase gain_domain share by replacing replaced_domain share; conditional association
metric/the_pile_github_val_loss,github,europarl,-21.450385614524702,increase gain_domain share by replacing replaced_domain share; conditional association
metric/the_pile_github_val_loss,github,hackernews,-20.886734721849177,increase gain_domain share by replacing replaced_domain share; conditional association
metric/the_pile_github_val_loss,github,pubmed_abstracts,-21.963283890211823,increase gain_domain share by replacing replaced_domain share; conditional association
metric/the_pile_github_val_loss,github,uspto_backgrounds,-22.13535620839308,increase gain_domain share by replacing replaced_domain share; conditional association
metric/the_pile_github_val_loss,philpapers,stackexchange,1.7916163376071728,increase gain_domain share by replacing replaced_domain share; conditional association
metric/the_pile_github_val_loss,philpapers,enron_emails,2.6712450818762137,increase gain_domain share by replacing replaced_domain share; conditional association
metric/the_pile_github_val_loss,philpapers,gutenberg_pg_19,-2.816857417851662,increase gain_domain share by replacing replaced_domain share; conditional association
metric/the_pile_github_val_loss,philpapers,pile_cc,-2.5769229888467247,increase gain_domain share by replacing replaced_domain share; conditional association
metric/the_pile_github_val_loss,philpapers,ubuntu_irc,-1.251990085595919,increase gain_domain share by replacing replaced_domain share; conditional association
metric/the_pile_github_val_loss,philpapers,europarl,-2.1808738156628893,increase gain_domain share by replacing replaced_domain share; conditional association
metric/the_pile_github_val_loss,philpapers,hackernews,-1.6172229229873611,increase gain_domain share by replacing replaced_domain share; conditional association
metric/the_pile_github_val_loss,philpapers,pubmed_abstracts,-2.6937720913500103,increase gain_domain share by replacing replaced_domain share; conditional association
metric/the_pile_github_val_loss,philpapers,uspto_backgrounds,-2.865844409531267,increase gain_domain share by replacing replaced_domain share; conditional association
metric/the_pile_github_val_loss,stackexchange,enron_emails,0.8796287442690409,increase gain_domain share by replacing replaced_domain share; conditional association
metric/the_pile_github_val_loss,stackexchange,gutenberg_pg_19,-4.608473755458835,increase gain_domain share by replacing replaced_domain share; conditional association
metric/the_pile_github_val_loss,stackexchange,pile_cc,-4.368539326453897,increase gain_domain share by replacing replaced_domain share; conditional association
metric/the_pile_github_val_loss,stackexchange,ubuntu_irc,-3.0436064232030917,increase gain_domain share by replacing replaced_domain share; conditional association
metric/the_pile_github_val_loss,stackexchange,europarl,-3.972490153270062,increase gain_domain share by replacing replaced_domain share; conditional association
metric/the_pile_github_val_loss,stackexchange,hackernews,-3.408839260594534,increase gain_domain share by replacing replaced_domain share; conditional association
metric/the_pile_github_val_loss,stackexchange,pubmed_abstracts,-4.485388428957183,increase gain_domain share by replacing replaced_domain share; conditional association
metric/the_pile_github_val_loss,stackexchange,uspto_backgrounds,-4.65746074713844,increase gain_domain share by replacing replaced_domain share; conditional association
metric/the_pile_github_val_loss,enron_emails,gutenberg_pg_19,-5.488102499727876,increase gain_domain share by replacing replaced_domain share; conditional association
metric/the_pile_github_val_loss,enron_emails,pile_cc,-5.248168070722938,increase gain_domain share by replacing replaced_domain share; conditional association
metric/the_pile_github_val_loss,enron_emails,ubuntu_irc,-3.9232351674721326,increase gain_domain share by replacing replaced_domain share; conditional association
metric/the_pile_github_val_loss,enron_emails,europarl,-4.8521188975391025,increase gain_domain share by replacing replaced_domain share; conditional association
metric/the_pile_github_val_loss,enron_emails,hackernews,-4.288468004863574,increase gain_domain share by replacing replaced_domain share; conditional association
metric/the_pile_github_val_loss,enron_emails,pubmed_abstracts,-5.365017173226224,increase gain_domain share by replacing replaced_domain share; conditional association
metric/the_pile_github_val_loss,enron_emails,uspto_backgrounds,-5.537089491407481,increase gain_domain share by replacing replaced_domain share; conditional association
metric/the_pile_github_val_loss,gutenberg_pg_19,pile_cc,0.23993442900493722,increase gain_domain share by replacing replaced_domain share; conditional association
metric/the_pile_github_val_loss,gutenberg_pg_19,ubuntu_irc,1.564867332255743,increase gain_domain share by replacing replaced_domain share; conditional association
metric/the_pile_github_val_loss,gutenberg_pg_19,europarl,0.6359836021887728,increase gain_domain share by replacing replaced_domain share; conditional association
metric/the_pile_github_val_loss,gutenberg_pg_19,hackernews,1.1996344948643007,increase gain_domain share by replacing replaced_domain share; conditional association
metric/the_pile_github_val_loss,gutenberg_pg_19,pubmed_abstracts,0.1230853265016516,increase gain_domain share by replacing replaced_domain share; conditional association
metric/the_pile_github_val_loss,gutenberg_pg_19,uspto_backgrounds,-0.048986991679605296,increase gain_domain share by replacing replaced_domain share; conditional association
metric/the_pile_github_val_loss,pile_cc,ubuntu_irc,1.3249329032508057,increase gain_domain share by replacing replaced_domain share; conditional association
metric/the_pile_github_val_loss,pile_cc,europarl,0.3960491731838356,increase gain_domain share by replacing replaced_domain share; conditional association
metric/the_pile_github_val_loss,pile_cc,hackernews,0.9597000658593635,increase gain_domain share by replacing replaced_domain share; conditional association
metric/the_pile_github_val_loss,pile_cc,pubmed_abstracts,-0.11684910250328562,increase gain_domain share by replacing replaced_domain share; conditional association
metric/the_pile_github_val_loss,pile_cc,uspto_backgrounds,-0.2889214206845425,increase gain_domain share by replacing replaced_domain share; conditional association
metric/the_pile_github_val_loss,ubuntu_irc,europarl,-0.9288837300669702,increase gain_domain share by replacing replaced_domain share; conditional association
metric/the_pile_github_val_loss,ubuntu_irc,hackernews,-0.3652328373914423,increase gain_domain share by replacing replaced_domain share; conditional association
metric/the_pile_github_val_loss,ubuntu_irc,pubmed_abstracts,-1.4417820057540913,increase gain_domain share by replacing replaced_domain share; conditional association
metric/the_pile_github_val_loss,ubuntu_irc,uspto_backgrounds,-1.6138543239353482,increase gain_domain share by replacing replaced_domain share; conditional association
metric/the_pile_github_val_loss,europarl,hackernews,0.5636508926755279,increase gain_domain share by replacing replaced_domain share; conditional association
metric/the_pile_github_val_loss,europarl,pubmed_abstracts,-0.5128982756871212,increase gain_domain share by replacing replaced_domain share; conditional association
metric/the_pile_github_val_loss,europarl,uspto_backgrounds,-0.6849705938683781,increase gain_domain share by replacing replaced_domain share; conditional association
metric/the_pile_github_val_loss,hackernews,pubmed_abstracts,-1.0765491683626491,increase gain_domain share by replacing replaced_domain share; conditional association
metric/the_pile_github_val_loss,hackernews,uspto_backgrounds,-1.248621486543906,increase gain_domain share by replacing replaced_domain share; conditional association
metric/the_pile_github_val_loss,pubmed_abstracts,uspto_backgrounds,-0.1720723181812569,increase gain_domain share by replacing replaced_domain share; conditional association
metric/the_pile_gutenberg_pg_19_val_loss,arxiv,freelaw,1.0094128538671858,increase gain_domain share by replacing replaced_domain share; conditional association
metric/the_pile_gutenberg_pg_19_val_loss,arxiv,nih_exporter,1.8718469150911405,increase gain_domain share by replacing replaced_domain share; conditional association
metric/the_pile_gutenberg_pg_19_val_loss,arxiv,pubmed_central,0.03683795293373349,increase gain_domain share by replacing replaced_domain share; conditional association
metric/the_pile_gutenberg_pg_19_val_loss,arxiv,wikipedia_en,0.8921779491392614,increase gain_domain share by replacing replaced_domain share; conditional association
metric/the_pile_gutenberg_pg_19_val_loss,arxiv,dm_mathematics,0.2167829939290944,increase gain_domain share by replacing replaced_domain share; conditional association
metric/the_pile_gutenberg_pg_19_val_loss,arxiv,github,0.021294351741351747,increase gain_domain share by replacing replaced_domain share; conditional association
metric/the_pile_gutenberg_pg_19_val_loss,arxiv,philpapers,2.441340551056354,increase gain_domain share by replacing replaced_domain share; conditional association
metric/the_pile_gutenberg_pg_19_val_loss,arxiv,stackexchange,0.22121261149522464,increase gain_domain share by replacing replaced_domain share; conditional association
metric/the_pile_gutenberg_pg_19_val_loss,arxiv,enron_emails,8.156906882134068,increase gain_domain share by replacing replaced_domain share; conditional association
metric/the_pile_gutenberg_pg_19_val_loss,arxiv,gutenberg_pg_19,22.462958269541694,increase gain_domain share by replacing replaced_domain share; conditional association
metric/the_pile_gutenberg_pg_19_val_loss,arxiv,pile_cc,2.0265048804285852,increase gain_domain share by replacing replaced_domain share; conditional association
metric/the_pile_gutenberg_pg_19_val_loss,arxiv,ubuntu_irc,0.23377302214312534,increase gain_domain share by replacing replaced_domain share; conditional association
metric/the_pile_gutenberg_pg_19_val_loss,arxiv,europarl,0.5462550499577294,increase gain_domain share by replacing replaced_domain share; conditional association
metric/the_pile_gutenberg_pg_19_val_loss,arxiv,hackernews,2.9331551871343384,increase gain_domain share by replacing replaced_domain share; conditional association
metric/the_pile_gutenberg_pg_19_val_loss,arxiv,pubmed_abstracts,0.15729453047651631,increase gain_domain share by replacing replaced_domain share; conditional association
metric/the_pile_gutenberg_pg_19_val_loss,arxiv,uspto_backgrounds,0.05337439088110596,increase gain_domain share by replacing replaced_domain share; conditional association
metric/the_pile_gutenberg_pg_19_val_loss,freelaw,nih_exporter,0.8624340612239547,increase gain_domain share by replacing replaced_domain share; conditional association
metric/the_pile_gutenberg_pg_19_val_loss,freelaw,pubmed_central,-0.9725749009334523,increase gain_domain share by replacing replaced_domain share; conditional association
metric/the_pile_gutenberg_pg_19_val_loss,freelaw,wikipedia_en,-0.11723490472792442,increase gain_domain share by replacing replaced_domain share; conditional association
metric/the_pile_gutenberg_pg_19_val_loss,freelaw,dm_mathematics,-0.7926298599380914,increase gain_domain share by replacing replaced_domain share; conditional association
metric/the_pile_gutenberg_pg_19_val_loss,freelaw,github,-0.9881185021258341,increase gain_domain share by replacing replaced_domain share; conditional association
metric/the_pile_gutenberg_pg_19_val_loss,freelaw,philpapers,1.4319276971891683,increase gain_domain share by replacing replaced_domain share; conditional association
metric/the_pile_gutenberg_pg_19_val_loss,freelaw,stackexchange,-0.7882002423719612,increase gain_domain share by replacing replaced_domain share; conditional association
metric/the_pile_gutenberg_pg_19_val_loss,freelaw,enron_emails,7.147494028266882,increase gain_domain share by replacing replaced_domain share; conditional association
metric/the_pile_gutenberg_pg_19_val_loss,freelaw,gutenberg_pg_19,21.45354541567451,increase gain_domain share by replacing replaced_domain share; conditional association
metric/the_pile_gutenberg_pg_19_val_loss,freelaw,pile_cc,1.0170920265613992,increase gain_domain share by replacing replaced_domain share; conditional association
metric/the_pile_gutenberg_pg_19_val_loss,freelaw,ubuntu_irc,-0.7756398317240605,increase gain_domain share by replacing replaced_domain share; conditional association
metric/the_pile_gutenberg_pg_19_val_loss,freelaw,europarl,-0.4631578039094564,increase gain_domain share by replacing replaced_domain share; conditional association
metric/the_pile_gutenberg_pg_19_val_loss,freelaw,hackernews,1.9237423332671528,increase gain_domain share by replacing replaced_domain share; conditional association
metric/the_pile_gutenberg_pg_19_val_loss,freelaw,pubmed_abstracts,-0.8521183233906695,increase gain_domain share by replacing replaced_domain share; conditional association
metric/the_pile_gutenberg_pg_19_val_loss,freelaw,uspto_backgrounds,-0.9560384629860799,increase gain_domain share by replacing replaced_domain share; conditional association
metric/the_pile_gutenberg_pg_19_val_loss,nih_exporter,pubmed_central,-1.835008962157407,increase gain_domain share by replacing replaced_domain share; conditional association
metric/the_pile_gutenberg_pg_19_val_loss,nih_exporter,wikipedia_en,-0.9796689659518791,increase gain_domain share by replacing replaced_domain share; conditional association
metric/the_pile_gutenberg_pg_19_val_loss,nih_exporter,dm_mathematics,-1.6550639211620461,increase gain_domain share by replacing replaced_domain share; conditional association
metric/the_pile_gutenberg_pg_19_val_loss,nih_exporter,github,-1.8505525633497888,increase gain_domain share by replacing replaced_domain share; conditional association
metric/the_pile_gutenberg_pg_19_val_loss,nih_exporter,philpapers,0.5694936359652136,increase gain_domain share by replacing replaced_domain share; conditional association
metric/the_pile_gutenberg_pg_19_val_loss,nih_exporter,stackexchange,-1.650634303595916,increase gain_domain share by replacing replaced_domain share; conditional association
metric/the_pile_gutenberg_pg_19_val_loss,nih_exporter,enron_emails,6.285059967042928,increase gain_domain share by replacing replaced_domain share; conditional association
metric/the_pile_gutenberg_pg_19_val_loss,nih_exporter,gutenberg_pg_19,20.59111135445055,increase gain_domain share by replacing replaced_domain share; conditional association
metric/the_pile_gutenberg_pg_19_val_loss,nih_exporter,pile_cc,0.15465796533744447,increase gain_domain share by replacing replaced_domain share; conditional association
metric/the_pile_gutenberg_pg_19_val_loss,nih_exporter,ubuntu_irc,-1.6380738929480152,increase gain_domain share by replacing replaced_domain share; conditional association
metric/the_pile_gutenberg_pg_19_val_loss,nih_exporter,europarl,-1.325591865133411,increase gain_domain share by replacing replaced_domain share; conditional association
metric/the_pile_gutenberg_pg_19_val_loss,nih_exporter,hackernews,1.061308272043198,increase gain_domain share by replacing replaced_domain share; conditional association
metric/the_pile_gutenberg_pg_19_val_loss,nih_exporter,pubmed_abstracts,-1.7145523846146242,increase gain_domain share by replacing replaced_domain share; conditional association
metric/the_pile_gutenberg_pg_19_val_loss,nih_exporter,uspto_backgrounds,-1.8184725242100346,increase gain_domain share by replacing replaced_domain share; conditional association
metric/the_pile_gutenberg_pg_19_val_loss,pubmed_central,wikipedia_en,0.8553399962055279,increase gain_domain share by replacing replaced_domain share; conditional association
metric/the_pile_gutenberg_pg_19_val_loss,pubmed_central,dm_mathematics,0.1799450409953609,increase gain_domain share by replacing replaced_domain share; conditional association
metric/the_pile_gutenberg_pg_19_val_loss,pubmed_central,github,-0.01554360119238174,increase gain_domain share by replacing replaced_domain share; conditional association
metric/the_pile_gutenberg_pg_19_val_loss,pubmed_central,philpapers,2.4045025981226207,increase gain_domain share by replacing replaced_domain share; conditional association
metric/the_pile_gutenberg_pg_19_val_loss,pubmed_central,stackexchange,0.18437465856149116,increase gain_domain share by replacing replaced_domain share; conditional association
metric/the_pile_gutenberg_pg_19_val_loss,pubmed_central,enron_emails,8.120068929200334,increase gain_domain share by replacing replaced_domain share; conditional association
metric/the_pile_gutenberg_pg_19_val_loss,pubmed_central,gutenberg_pg_19,22.42612031660796,increase gain_domain share by replacing replaced_domain share; conditional association
metric/the_pile_gutenberg_pg_19_val_loss,pubmed_central,pile_cc,1.9896669274948515,increase gain_domain share by replacing replaced_domain share; conditional association
metric/the_pile_gutenberg_pg_19_val_loss,pubmed_central,ubuntu_irc,0.19693506920939186,increase gain_domain share by replacing replaced_domain share; conditional association
metric/the_pile_gutenberg_pg_19_val_loss,pubmed_central,europarl,0.509417097023996,increase gain_domain share by replacing replaced_domain share; conditional association
metric/the_pile_gutenberg_pg_19_val_loss,pubmed_central,hackernews,2.896317234200605,increase gain_domain share by replacing replaced_domain share; conditional association
metric/the_pile_gutenberg_pg_19_val_loss,pubmed_central,pubmed_abstracts,0.12045657754278283,increase gain_domain share by replacing replaced_domain share; conditional association
metric/the_pile_gutenberg_pg_19_val_loss,pubmed_central,uspto_backgrounds,0.016536437947372473,increase gain_domain share by replacing replaced_domain share; conditional association
metric/the_pile_gutenberg_pg_19_val_loss,wikipedia_en,dm_mathematics,-0.675394955210167,increase gain_domain share by replacing replaced_domain share; conditional association
metric/the_pile_gutenberg_pg_19_val_loss,wikipedia_en,github,-0.8708835973979097,increase gain_domain share by replacing replaced_domain share; conditional association
metric/the_pile_gutenberg_pg_19_val_loss,wikipedia_en,philpapers,1.5491626019170928,increase gain_domain share by replacing replaced_domain share; conditional association
metric/the_pile_gutenberg_pg_19_val_loss,wikipedia_en,stackexchange,-0.6709653376440368,increase gain_domain share by replacing replaced_domain share; conditional association
metric/the_pile_gutenberg_pg_19_val_loss,wikipedia_en,enron_emails,7.264728932994807,increase gain_domain share by replacing replaced_domain share; conditional association
metric/the_pile_gutenberg_pg_19_val_loss,wikipedia_en,gutenberg_pg_19,21.57078032040243,increase gain_domain share by replacing replaced_domain share; conditional association
metric/the_pile_gutenberg_pg_19_val_loss,wikipedia_en,pile_cc,1.1343269312893236,increase gain_domain share by replacing replaced_domain share; conditional association
metric/the_pile_gutenberg_pg_19_val_loss,wikipedia_en,ubuntu_irc,-0.6584049269961361,increase gain_domain share by replacing replaced_domain share; conditional association
metric/the_pile_gutenberg_pg_19_val_loss,wikipedia_en,europarl,-0.34592289918153196,increase gain_domain share by replacing replaced_domain share; conditional association
metric/the_pile_gutenberg_pg_19_val_loss,wikipedia_en,hackernews,2.0409772379950772,increase gain_domain share by replacing replaced_domain share; conditional association
metric/the_pile_gutenberg_pg_19_val_loss,wikipedia_en,pubmed_abstracts,-0.7348834186627451,increase gain_domain share by replacing replaced_domain share; conditional association
metric/the_pile_gutenberg_pg_19_val_loss,wikipedia_en,uspto_backgrounds,-0.8388035582581554,increase gain_domain share by replacing replaced_domain share; conditional association
metric/the_pile_gutenberg_pg_19_val_loss,dm_mathematics,github,-0.19548864218774265,increase gain_domain share by replacing replaced_domain share; conditional association
metric/the_pile_gutenberg_pg_19_val_loss,dm_mathematics,philpapers,2.2245575571272598,increase gain_domain share by replacing replaced_domain share; conditional association
metric/the_pile_gutenberg_pg_19_val_loss,dm_mathematics,stackexchange,0.004429617566130251,increase gain_domain share by replacing replaced_domain share; conditional association
metric/the_pile_gutenberg_pg_19_val_loss,dm_mathematics,enron_emails,7.940123888204974,increase gain_domain share by replacing replaced_domain share; conditional association
metric/the_pile_gutenberg_pg_19_val_loss,dm_mathematics,gutenberg_pg_19,22.246175275612597,increase gain_domain share by replacing replaced_domain share; conditional association
metric/the_pile_gutenberg_pg_19_val_loss,dm_mathematics,pile_cc,1.8097218864994906,increase gain_domain share by replacing replaced_domain share; conditional association
metric/the_pile_gutenberg_pg_19_val_loss,dm_mathematics,ubuntu_irc,0.01699002821403095,increase gain_domain share by replacing replaced_domain share; conditional association
metric/the_pile_gutenberg_pg_19_val_loss,dm_mathematics,europarl,0.32947205602863505,increase gain_domain share by replacing replaced_domain share; conditional association
metric/the_pile_gutenberg_pg_19_val_loss,dm_mathematics,hackernews,2.716372193205244,increase gain_domain share by replacing replaced_domain share; conditional association
metric/the_pile_gutenberg_pg_19_val_loss,dm_mathematics,pubmed_abstracts,-0.05948846345257808,increase gain_domain share by replacing replaced_domain share; conditional association
metric/the_pile_gutenberg_pg_19_val_loss,dm_mathematics,uspto_backgrounds,-0.16340860304798843,increase gain_domain share by replacing replaced_domain share; conditional association
metric/the_pile_gutenberg_pg_19_val_loss,github,philpapers,2.4200461993150024,increase gain_domain share by replacing replaced_domain share; conditional association
metric/the_pile_gutenberg_pg_19_val_loss,github,stackexchange,0.1999182597538729,increase gain_domain share by replacing replaced_domain share; conditional association
metric/the_pile_gutenberg_pg_19_val_loss,github,enron_emails,8.135612530392716,increase gain_domain share by replacing replaced_domain share; conditional association
metric/the_pile_gutenberg_pg_19_val_loss,github,gutenberg_pg_19,22.44166391780034,increase gain_domain share by replacing replaced_domain share; conditional association
metric/the_pile_gutenberg_pg_19_val_loss,github,pile_cc,2.0052105286872335,increase gain_domain share by replacing replaced_domain share; conditional association
metric/the_pile_gutenberg_pg_19_val_loss,github,ubuntu_irc,0.2124786704017736,increase gain_domain share by replacing replaced_domain share; conditional association
metric/the_pile_gutenberg_pg_19_val_loss,github,europarl,0.5249606982163777,increase gain_domain share by replacing replaced_domain share; conditional association
metric/the_pile_gutenberg_pg_19_val_loss,github,hackernews,2.9118608353929867,increase gain_domain share by replacing replaced_domain share; conditional association
metric/the_pile_gutenberg_pg_19_val_loss,github,pubmed_abstracts,0.13600017873516457,increase gain_domain share by replacing replaced_domain share; conditional association
metric/the_pile_gutenberg_pg_19_val_loss,github,uspto_backgrounds,0.03208003913975421,increase gain_domain share by replacing replaced_domain share; conditional association
metric/the_pile_gutenberg_pg_19_val_loss,philpapers,stackexchange,-2.2201279395611295,increase gain_domain share by replacing replaced_domain share; conditional association
metric/the_pile_gutenberg_pg_19_val_loss,philpapers,enron_emails,5.715566331077714,increase gain_domain share by replacing replaced_domain share; conditional association
metric/the_pile_gutenberg_pg_19_val_loss,philpapers,gutenberg_pg_19,20.021617718485338,increase gain_domain share by replacing replaced_domain share; conditional association
metric/the_pile_gutenberg_pg_19_val_loss,philpapers,pile_cc,-0.4148356706277692,increase gain_domain share by replacing replaced_domain share; conditional association
metric/the_pile_gutenberg_pg_19_val_loss,philpapers,ubuntu_irc,-2.207567528913229,increase gain_domain share by replacing replaced_domain share; conditional association
metric/the_pile_gutenberg_pg_19_val_loss,philpapers,europarl,-1.8950855010986247,increase gain_domain share by replacing replaced_domain share; conditional association
metric/the_pile_gutenberg_pg_19_val_loss,philpapers,hackernews,0.49181463607798437,increase gain_domain share by replacing replaced_domain share; conditional association
metric/the_pile_gutenberg_pg_19_val_loss,philpapers,pubmed_abstracts,-2.284046020579838,increase gain_domain share by replacing replaced_domain share; conditional association
metric/the_pile_gutenberg_pg_19_val_loss,philpapers,uspto_backgrounds,-2.387966160175248,increase gain_domain share by replacing replaced_domain share; conditional association
metric/the_pile_gutenberg_pg_19_val_loss,stackexchange,enron_emails,7.935694270638844,increase gain_domain share by replacing replaced_domain share; conditional association
metric/the_pile_gutenberg_pg_19_val_loss,stackexchange,gutenberg_pg_19,22.24174565804647,increase gain_domain share by replacing replaced_domain share; conditional association
metric/the_pile_gutenberg_pg_19_val_loss,stackexchange,pile_cc,1.8052922689333604,increase gain_domain share by replacing replaced_domain share; conditional association
metric/the_pile_gutenberg_pg_19_val_loss,stackexchange,ubuntu_irc,0.0125604106479007,increase gain_domain share by replacing replaced_domain share; conditional association
metric/the_pile_gutenberg_pg_19_val_loss,stackexchange,europarl,0.3250424384625048,increase gain_domain share by replacing replaced_domain share; conditional association
metric/the_pile_gutenberg_pg_19_val_loss,stackexchange,hackernews,2.711942575639114,increase gain_domain share by replacing replaced_domain share; conditional association
metric/the_pile_gutenberg_pg_19_val_loss,stackexchange,pubmed_abstracts,-0.06391808101870833,increase gain_domain share by replacing replaced_domain share; conditional association
metric/the_pile_gutenberg_pg_19_val_loss,stackexchange,uspto_backgrounds,-0.16783822061411868,increase gain_domain share by replacing replaced_domain share; conditional association
metric/the_pile_gutenberg_pg_19_val_loss,enron_emails,gutenberg_pg_19,14.306051387407624,increase gain_domain share by replacing replaced_domain share; conditional association
metric/the_pile_gutenberg_pg_19_val_loss,enron_emails,pile_cc,-6.130402001705483,increase gain_domain share by replacing replaced_domain share; conditional association
metric/the_pile_gutenberg_pg_19_val_loss,enron_emails,ubuntu_irc,-7.923133859990942,increase gain_domain share by replacing replaced_domain share; conditional association
metric/the_pile_gutenberg_pg_19_val_loss,enron_emails,europarl,-7.610651832176339,increase gain_domain share by replacing replaced_domain share; conditional association
metric/the_pile_gutenberg_pg_19_val_loss,enron_emails,hackernews,-5.22375169499973,increase gain_domain share by replacing replaced_domain share; conditional association
metric/the_pile_gutenberg_pg_19_val_loss,enron_emails,pubmed_abstracts,-7.999612351657552,increase gain_domain share by replacing replaced_domain share; conditional association
metric/the_pile_gutenberg_pg_19_val_loss,enron_emails,uspto_backgrounds,-8.103532491252963,increase gain_domain share by replacing replaced_domain share; conditional association
metric/the_pile_gutenberg_pg_19_val_loss,gutenberg_pg_19,pile_cc,-20.436453389113108,increase gain_domain share by replacing replaced_domain share; conditional association
metric/the_pile_gutenberg_pg_19_val_loss,gutenberg_pg_19,ubuntu_irc,-22.22918524739857,increase gain_domain share by replacing replaced_domain share; conditional association
metric/the_pile_gutenberg_pg_19_val_loss,gutenberg_pg_19,europarl,-21.91670321958396,increase gain_domain share by replacing replaced_domain share; conditional association
metric/the_pile_gutenberg_pg_19_val_loss,gutenberg_pg_19,hackernews,-19.529803082407355,increase gain_domain share by replacing replaced_domain share; conditional association
metric/the_pile_gutenberg_pg_19_val_loss,gutenberg_pg_19,pubmed_abstracts,-22.305663739065174,increase gain_domain share by replacing replaced_domain share; conditional association
metric/the_pile_gutenberg_pg_19_val_loss,gutenberg_pg_19,uspto_backgrounds,-22.409583878660587,increase gain_domain share by replacing replaced_domain share; conditional association
metric/the_pile_gutenberg_pg_19_val_loss,pile_cc,ubuntu_irc,-1.7927318582854597,increase gain_domain share by replacing replaced_domain share; conditional association
metric/the_pile_gutenberg_pg_19_val_loss,pile_cc,europarl,-1.4802498304708556,increase gain_domain share by replacing replaced_domain share; conditional association
metric/the_pile_gutenberg_pg_19_val_loss,pile_cc,hackernews,0.9066503067057536,increase gain_domain share by replacing replaced_domain share; conditional association
metric/the_pile_gutenberg_pg_19_val_loss,pile_cc,pubmed_abstracts,-1.8692103499520687,increase gain_domain share by replacing replaced_domain share; conditional association
metric/the_pile_gutenberg_pg_19_val_loss,pile_cc,uspto_backgrounds,-1.973130489547479,increase gain_domain share by replacing replaced_domain share; conditional association
metric/the_pile_gutenberg_pg_19_val_loss,ubuntu_irc,europarl,0.3124820278146041,increase gain_domain share by replacing replaced_domain share; conditional association
metric/the_pile_gutenberg_pg_19_val_loss,ubuntu_irc,hackernews,2.699382164991213,increase gain_domain share by replacing replaced_domain share; conditional association
metric/the_pile_gutenberg_pg_19_val_loss,ubuntu_irc,pubmed_abstracts,-0.07647849166660903,increase gain_domain share by replacing replaced_domain share; conditional association
metric/the_pile_gutenberg_pg_19_val_loss,ubuntu_irc,uspto_backgrounds,-0.18039863126201938,increase gain_domain share by replacing replaced_domain share; conditional association
metric/the_pile_gutenberg_pg_19_val_loss,europarl,hackernews,2.386900137176609,increase gain_domain share by replacing replaced_domain share; conditional association
metric/the_pile_gutenberg_pg_19_val_loss,europarl,pubmed_abstracts,-0.38896051948121313,increase gain_domain share by replacing replaced_domain share; conditional association
metric/the_pile_gutenberg_pg_19_val_loss,europarl,uspto_backgrounds,-0.4928806590766235,increase gain_domain share by replacing replaced_domain share; conditional association
metric/the_pile_gutenberg_pg_19_val_loss,hackernews,pubmed_abstracts,-2.775860656657822,increase gain_domain share by replacing replaced_domain share; conditional association
metric/the_pile_gutenberg_pg_19_val_loss,hackernews,uspto_backgrounds,-2.8797807962532325,increase gain_domain share by replacing replaced_domain share; conditional association
metric/the_pile_gutenberg_pg_19_val_loss,pubmed_abstracts,uspto_backgrounds,-0.10392013959541035,increase gain_domain share by replacing replaced_domain share; conditional association
metric/the_pile_hackernews_val_loss,arxiv,freelaw,0.2958533394264662,increase gain_domain share by replacing replaced_domain share; conditional association
metric/the_pile_hackernews_val_loss,arxiv,nih_exporter,2.6359156923737355,increase gain_domain share by replacing replaced_domain share; conditional association
metric/the_pile_hackernews_val_loss,arxiv,pubmed_central,-0.029065509428950254,increase gain_domain share by replacing replaced_domain share; conditional association
metric/the_pile_hackernews_val_loss,arxiv,wikipedia_en,0.29766785428714293,increase gain_domain share by replacing replaced_domain share; conditional association
metric/the_pile_hackernews_val_loss,arxiv,dm_mathematics,0.2638110160239342,increase gain_domain share by replacing replaced_domain share; conditional association
metric/the_pile_hackernews_val_loss,arxiv,github,0.18106138712522624,increase gain_domain share by replacing replaced_domain share; conditional association
metric/the_pile_hackernews_val_loss,arxiv,philpapers,2.0141037883588604,increase gain_domain share by replacing replaced_domain share; conditional association
metric/the_pile_hackernews_val_loss,arxiv,stackexchange,0.6586958945009453,increase gain_domain share by replacing replaced_domain share; conditional association
metric/the_pile_hackernews_val_loss,arxiv,enron_emails,7.437220233512825,increase gain_domain share by replacing replaced_domain share; conditional association
metric/the_pile_hackernews_val_loss,arxiv,gutenberg_pg_19,0.8018512112091056,increase gain_domain share by replacing replaced_domain share; conditional association
metric/the_pile_hackernews_val_loss,arxiv,pile_cc,1.358107964195048,increase gain_domain share by replacing replaced_domain share; conditional association
metric/the_pile_hackernews_val_loss,arxiv,ubuntu_irc,1.6894186884483218,increase gain_domain share by replacing replaced_domain share; conditional association
metric/the_pile_hackernews_val_loss,arxiv,europarl,0.500151172577004,increase gain_domain share by replacing replaced_domain share; conditional association
metric/the_pile_hackernews_val_loss,arxiv,hackernews,21.995166261171313,increase gain_domain share by replacing replaced_domain share; conditional association
metric/the_pile_hackernews_val_loss,arxiv,pubmed_abstracts,0.3095150973106575,increase gain_domain share by replacing replaced_domain share; conditional association
metric/the_pile_hackernews_val_loss,arxiv,uspto_backgrounds,0.09771773232776315,increase gain_domain share by replacing replaced_domain share; conditional association
metric/the_pile_hackernews_val_loss,freelaw,nih_exporter,2.3400623529472693,increase gain_domain share by replacing replaced_domain share; conditional association
metric/the_pile_hackernews_val_loss,freelaw,pubmed_central,-0.32491884885541644,increase gain_domain share by replacing replaced_domain share; conditional association
metric/the_pile_hackernews_val_loss,freelaw,wikipedia_en,0.0018145148606767414,increase gain_domain share by replacing replaced_domain share; conditional association
metric/the_pile_hackernews_val_loss,freelaw,dm_mathematics,-0.03204232340253199,increase gain_domain share by replacing replaced_domain share; conditional association
metric/the_pile_hackernews_val_loss,freelaw,github,-0.11479195230123995,increase gain_domain share by replacing replaced_domain share; conditional association
metric/the_pile_hackernews_val_loss,freelaw,philpapers,1.7182504489323942,increase gain_domain share by replacing replaced_domain share; conditional association
metric/the_pile_hackernews_val_loss,freelaw,stackexchange,0.36284255507447916,increase gain_domain share by replacing replaced_domain share; conditional association
metric/the_pile_hackernews_val_loss,freelaw,enron_emails,7.141366894086358,increase gain_domain share by replacing replaced_domain share; conditional association
metric/the_pile_hackernews_val_loss,freelaw,gutenberg_pg_19,0.5059978717826394,increase gain_domain share by replacing replaced_domain share; conditional association
metric/the_pile_hackernews_val_loss,freelaw,pile_cc,1.0622546247685818,increase gain_domain share by replacing replaced_domain share; conditional association
metric/the_pile_hackernews_val_loss,freelaw,ubuntu_irc,1.3935653490218556,increase gain_domain share by replacing replaced_domain share; conditional association
metric/the_pile_hackernews_val_loss,freelaw,europarl,0.20429783315053784,increase gain_domain share by replacing replaced_domain share; conditional association
metric/the_pile_hackernews_val_loss,freelaw,hackernews,21.69931292174485,increase gain_domain share by replacing replaced_domain share; conditional association
metric/the_pile_hackernews_val_loss,freelaw,pubmed_abstracts,0.013661757884191328,increase gain_domain share by replacing replaced_domain share; conditional association
metric/the_pile_hackernews_val_loss,freelaw,uspto_backgrounds,-0.19813560709870304,increase gain_domain share by replacing replaced_domain share; conditional association
metric/the_pile_hackernews_val_loss,nih_exporter,pubmed_central,-2.6649812018026857,increase gain_domain share by replacing replaced_domain share; conditional association
metric/the_pile_hackernews_val_loss,nih_exporter,wikipedia_en,-2.3382478380865925,increase gain_domain share by replacing replaced_domain share; conditional association
metric/the_pile_hackernews_val_loss,nih_exporter,dm_mathematics,-2.3721046763498013,increase gain_domain share by replacing replaced_domain share; conditional association
metric/the_pile_hackernews_val_loss,nih_exporter,github,-2.4548543052485092,increase gain_domain share by replacing replaced_domain share; conditional association
metric/the_pile_hackernews_val_loss,nih_exporter,philpapers,-0.621811904014875,increase gain_domain share by replacing replaced_domain share; conditional association
metric/the_pile_hackernews_val_loss,nih_exporter,stackexchange,-1.9772197978727901,increase gain_domain share by replacing replaced_domain share; conditional association
metric/the_pile_hackernews_val_loss,nih_exporter,enron_emails,4.80130454113909,increase gain_domain share by replacing replaced_domain share; conditional association
metric/the_pile_hackernews_val_loss,nih_exporter,gutenberg_pg_19,-1.8340644811646298,increase gain_domain share by replacing replaced_domain share; conditional association
metric/the_pile_hackernews_val_loss,nih_exporter,pile_cc,-1.2778077281786875,increase gain_domain share by replacing replaced_domain share; conditional association
metric/the_pile_hackernews_val_loss,nih_exporter,ubuntu_irc,-0.9464970039254137,increase gain_domain share by replacing replaced_domain share; conditional association
metric/the_pile_hackernews_val_loss,nih_exporter,europarl,-2.1357645197967314,increase gain_domain share by replacing replaced_domain share; conditional association
metric/the_pile_hackernews_val_loss,nih_exporter,hackernews,19.359250568797577,increase gain_domain share by replacing replaced_domain share; conditional association
metric/the_pile_hackernews_val_loss,nih_exporter,pubmed_abstracts,-2.326400595063078,increase gain_domain share by replacing replaced_domain share; conditional association
metric/the_pile_hackernews_val_loss,nih_exporter,uspto_backgrounds,-2.5381979600459723,increase gain_domain share by replacing replaced_domain share; conditional association
metric/the_pile_hackernews_val_loss,pubmed_central,wikipedia_en,0.3267333637160932,increase gain_domain share by replacing replaced_domain share; conditional association
metric/the_pile_hackernews_val_loss,pubmed_central,dm_mathematics,0.29287652545288445,increase gain_domain share by replacing replaced_domain share; conditional association
metric/the_pile_hackernews_val_loss,pubmed_central,github,0.2101268965541765,increase gain_domain share by replacing replaced_domain share; conditional association
metric/the_pile_hackernews_val_loss,pubmed_central,philpapers,2.0431692977878106,increase gain_domain share by replacing replaced_domain share; conditional association
metric/the_pile_hackernews_val_loss,pubmed_central,stackexchange,0.6877614039298956,increase gain_domain share by replacing replaced_domain share; conditional association
metric/the_pile_hackernews_val_loss,pubmed_central,enron_emails,7.466285742941775,increase gain_domain share by replacing replaced_domain share; conditional association
metric/the_pile_hackernews_val_loss,pubmed_central,gutenberg_pg_19,0.8309167206380559,increase gain_domain share by replacing replaced_domain share; conditional association
metric/the_pile_hackernews_val_loss,pubmed_central,pile_cc,1.3871734736239982,increase gain_domain share by replacing replaced_domain share; conditional association
metric/the_pile_hackernews_val_loss,pubmed_central,ubuntu_irc,1.718484197877272,increase gain_domain share by replacing replaced_domain share; conditional association
metric/the_pile_hackernews_val_loss,pubmed_central,europarl,0.5292166820059543,increase gain_domain share by replacing replaced_domain share; conditional association
metric/the_pile_hackernews_val_loss,pubmed_central,hackernews,22.024231770600263,increase gain_domain share by replacing replaced_domain share; conditional association
metric/the_pile_hackernews_val_loss,pubmed_central,pubmed_abstracts,0.33858060673960777,increase gain_domain share by replacing replaced_domain share; conditional association
metric/the_pile_hackernews_val_loss,pubmed_central,uspto_backgrounds,0.1267832417567134,increase gain_domain share by replacing replaced_domain share; conditional association
metric/the_pile_hackernews_val_loss,wikipedia_en,dm_mathematics,-0.03385683826320873,increase gain_domain share by replacing replaced_domain share; conditional association
metric/the_pile_hackernews_val_loss,wikipedia_en,github,-0.1166064671619167,increase gain_domain share by replacing replaced_domain share; conditional association
metric/the_pile_hackernews_val_loss,wikipedia_en,philpapers,1.7164359340717175,increase gain_domain share by replacing replaced_domain share; conditional association
metric/the_pile_hackernews_val_loss,wikipedia_en,stackexchange,0.3610280402138024,increase gain_domain share by replacing replaced_domain share; conditional association
metric/the_pile_hackernews_val_loss,wikipedia_en,enron_emails,7.139552379225682,increase gain_domain share by replacing replaced_domain share; conditional association
metric/the_pile_hackernews_val_loss,wikipedia_en,gutenberg_pg_19,0.5041833569219627,increase gain_domain share by replacing replaced_domain share; conditional association
metric/the_pile_hackernews_val_loss,wikipedia_en,pile_cc,1.060440109907905,increase gain_domain share by replacing replaced_domain share; conditional association
metric/the_pile_hackernews_val_loss,wikipedia_en,ubuntu_irc,1.3917508341611788,increase gain_domain share by replacing replaced_domain share; conditional association
metric/the_pile_hackernews_val_loss,wikipedia_en,europarl,0.2024833182898611,increase gain_domain share by replacing replaced_domain share; conditional association
metric/the_pile_hackernews_val_loss,wikipedia_en,hackernews,21.697498406884172,increase gain_domain share by replacing replaced_domain share; conditional association
metric/the_pile_hackernews_val_loss,wikipedia_en,pubmed_abstracts,0.011847243023514586,increase gain_domain share by replacing replaced_domain share; conditional association
metric/the_pile_hackernews_val_loss,wikipedia_en,uspto_backgrounds,-0.19995012195937978,increase gain_domain share by replacing replaced_domain share; conditional association
metric/the_pile_hackernews_val_loss,dm_mathematics,github,-0.08274962889870796,increase gain_domain share by replacing replaced_domain share; conditional association
metric/the_pile_hackernews_val_loss,dm_mathematics,philpapers,1.7502927723349262,increase gain_domain share by replacing replaced_domain share; conditional association
metric/the_pile_hackernews_val_loss,dm_mathematics,stackexchange,0.39488487847701115,increase gain_domain share by replacing replaced_domain share; conditional association
metric/the_pile_hackernews_val_loss,dm_mathematics,enron_emails,7.17340921748889,increase gain_domain share by replacing replaced_domain share; conditional association
metric/the_pile_hackernews_val_loss,dm_mathematics,gutenberg_pg_19,0.5380401951851714,increase gain_domain share by replacing replaced_domain share; conditional association
metric/the_pile_hackernews_val_loss,dm_mathematics,pile_cc,1.0942969481711138,increase gain_domain share by replacing replaced_domain share; conditional association
metric/the_pile_hackernews_val_loss,dm_mathematics,ubuntu_irc,1.4256076724243876,increase gain_domain share by replacing replaced_domain share; conditional association
metric/the_pile_hackernews_val_loss,dm_mathematics,europarl,0.23634015655306984,increase gain_domain share by replacing replaced_domain share; conditional association
metric/the_pile_hackernews_val_loss,dm_mathematics,hackernews,21.73135524514738,increase gain_domain share by replacing replaced_domain share; conditional association
metric/the_pile_hackernews_val_loss,dm_mathematics,pubmed_abstracts,0.04570408128672332,increase gain_domain share by replacing replaced_domain share; conditional association
metric/the_pile_hackernews_val_loss,dm_mathematics,uspto_backgrounds,-0.16609328369617105,increase gain_domain share by replacing replaced_domain share; conditional association
metric/the_pile_hackernews_val_loss,github,philpapers,1.8330424012336342,increase gain_domain share by replacing replaced_domain share; conditional association
metric/the_pile_hackernews_val_loss,github,stackexchange,0.4776345073757191,increase gain_domain share by replacing replaced_domain share; conditional association
metric/the_pile_hackernews_val_loss,github,enron_emails,7.256158846387599,increase gain_domain share by replacing replaced_domain share; conditional association
metric/the_pile_hackernews_val_loss,github,gutenberg_pg_19,0.6207898240838794,increase gain_domain share by replacing replaced_domain share; conditional association
metric/the_pile_hackernews_val_loss,github,pile_cc,1.1770465770698217,increase gain_domain share by replacing replaced_domain share; conditional association
metric/the_pile_hackernews_val_loss,github,ubuntu_irc,1.5083573013230955,increase gain_domain share by replacing replaced_domain share; conditional association
metric/the_pile_hackernews_val_loss,github,europarl,0.3190897854517778,increase gain_domain share by replacing replaced_domain share; conditional association
metric/the_pile_hackernews_val_loss,github,hackernews,21.814104874046087,increase gain_domain share by replacing replaced_domain share; conditional association
metric/the_pile_hackernews_val_loss,github,pubmed_abstracts,0.12845371018543128,increase gain_domain share by replacing replaced_domain share; conditional association
metric/the_pile_hackernews_val_loss,github,uspto_backgrounds,-0.08334365479746308,increase gain_domain share by replacing replaced_domain share; conditional association
metric/the_pile_hackernews_val_loss,philpapers,stackexchange,-1.355407893857915,increase gain_domain share by replacing replaced_domain share; conditional association
metric/the_pile_hackernews_val_loss,philpapers,enron_emails,5.423116445153965,increase gain_domain share by replacing replaced_domain share; conditional association
metric/the_pile_hackernews_val_loss,philpapers,gutenberg_pg_19,-1.2122525771497548,increase gain_domain share by replacing replaced_domain share; conditional association
metric/the_pile_hackernews_val_loss,philpapers,pile_cc,-0.6559958241638124,increase gain_domain share by replacing replaced_domain share; conditional association
metric/the_pile_hackernews_val_loss,philpapers,ubuntu_irc,-0.3246850999105387,increase gain_domain share by replacing replaced_domain share; conditional association
metric/the_pile_hackernews_val_loss,philpapers,europarl,-1.5139526157818564,increase gain_domain share by replacing replaced_domain share; conditional association
metric/the_pile_hackernews_val_loss,philpapers,hackernews,19.981062472812454,increase gain_domain share by replacing replaced_domain share; conditional association
metric/the_pile_hackernews_val_loss,philpapers,pubmed_abstracts,-1.7045886910482029,increase gain_domain share by replacing replaced_domain share; conditional association
metric/the_pile_hackernews_val_loss,philpapers,uspto_backgrounds,-1.9163860560310972,increase gain_domain share by replacing replaced_domain share; conditional association
metric/the_pile_hackernews_val_loss,stackexchange,enron_emails,6.77852433901188,increase gain_domain share by replacing replaced_domain share; conditional association
metric/the_pile_hackernews_val_loss,stackexchange,gutenberg_pg_19,0.14315531670816029,increase gain_domain share by replacing replaced_domain share; conditional association
metric/the_pile_hackernews_val_loss,stackexchange,pile_cc,0.6994120696941026,increase gain_domain share by replacing replaced_domain share; conditional association
metric/the_pile_hackernews_val_loss,stackexchange,ubuntu_irc,1.0307227939473764,increase gain_domain share by replacing replaced_domain share; conditional association
metric/the_pile_hackernews_val_loss,stackexchange,europarl,-0.1585447219239413,increase gain_domain share by replacing replaced_domain share; conditional association
metric/the_pile_hackernews_val_loss,stackexchange,hackernews,21.33647036667037,increase gain_domain share by replacing replaced_domain share; conditional association
metric/the_pile_hackernews_val_loss,stackexchange,pubmed_abstracts,-0.34918079719028783,increase gain_domain share by replacing replaced_domain share; conditional association
metric/the_pile_hackernews_val_loss,stackexchange,uspto_backgrounds,-0.5609781621731822,increase gain_domain share by replacing replaced_domain share; conditional association
metric/the_pile_hackernews_val_loss,enron_emails,gutenberg_pg_19,-6.63536902230372,increase gain_domain share by replacing replaced_domain share; conditional association
metric/the_pile_hackernews_val_loss,enron_emails,pile_cc,-6.079112269317777,increase gain_domain share by replacing replaced_domain share; conditional association
metric/the_pile_hackernews_val_loss,enron_emails,ubuntu_irc,-5.747801545064503,increase gain_domain share by replacing replaced_domain share; conditional association
metric/the_pile_hackernews_val_loss,enron_emails,europarl,-6.937069060935821,increase gain_domain share by replacing replaced_domain share; conditional association
metric/the_pile_hackernews_val_loss,enron_emails,hackernews,14.557946027658488,increase gain_domain share by replacing replaced_domain share; conditional association
metric/the_pile_hackernews_val_loss,enron_emails,pubmed_abstracts,-7.1277051362021675,increase gain_domain share by replacing replaced_domain share; conditional association
metric/the_pile_hackernews_val_loss,enron_emails,uspto_backgrounds,-7.339502501185062,increase gain_domain share by replacing replaced_domain share; conditional association
metric/the_pile_hackernews_val_loss,gutenberg_pg_19,pile_cc,0.5562567529859423,increase gain_domain share by replacing replaced_domain share; conditional association
metric/the_pile_hackernews_val_loss,gutenberg_pg_19,ubuntu_irc,0.8875674772392161,increase gain_domain share by replacing replaced_domain share; conditional association
metric/the_pile_hackernews_val_loss,gutenberg_pg_19,europarl,-0.3017000386321016,increase gain_domain share by replacing replaced_domain share; conditional association
metric/the_pile_hackernews_val_loss,gutenberg_pg_19,hackernews,21.19331504996221,increase gain_domain share by replacing replaced_domain share; conditional association
metric/the_pile_hackernews_val_loss,gutenberg_pg_19,pubmed_abstracts,-0.4923361138984481,increase gain_domain share by replacing replaced_domain share; conditional association
metric/the_pile_hackernews_val_loss,gutenberg_pg_19,uspto_backgrounds,-0.7041334788813425,increase gain_domain share by replacing replaced_domain share; conditional association
metric/the_pile_hackernews_val_loss,pile_cc,ubuntu_irc,0.3313107242532738,increase gain_domain share by replacing replaced_domain share; conditional association
metric/the_pile_hackernews_val_loss,pile_cc,europarl,-0.857956791618044,increase gain_domain share by replacing replaced_domain share; conditional association
metric/the_pile_hackernews_val_loss,pile_cc,hackernews,20.637058296976264,increase gain_domain share by replacing replaced_domain share; conditional association
metric/the_pile_hackernews_val_loss,pile_cc,pubmed_abstracts,-1.0485928668843905,increase gain_domain share by replacing replaced_domain share; conditional association
metric/the_pile_hackernews_val_loss,pile_cc,uspto_backgrounds,-1.2603902318672848,increase gain_domain share by replacing replaced_domain share; conditional association
metric/the_pile_hackernews_val_loss,ubuntu_irc,europarl,-1.1892675158713177,increase gain_domain share by replacing replaced_domain share; conditional association
metric/the_pile_hackernews_val_loss,ubuntu_irc,hackernews,20.305747572722993,increase gain_domain share by replacing replaced_domain share; conditional association
metric/the_pile_hackernews_val_loss,ubuntu_irc,pubmed_abstracts,-1.3799035911376643,increase gain_domain share by replacing replaced_domain share; conditional association
metric/the_pile_hackernews_val_loss,ubuntu_irc,uspto_backgrounds,-1.5917009561205586,increase gain_domain share by replacing replaced_domain share; conditional association
metric/the_pile_hackernews_val_loss,europarl,hackernews,21.495015088594307,increase gain_domain share by replacing replaced_domain share; conditional association
metric/the_pile_hackernews_val_loss,europarl,pubmed_abstracts,-0.19063607526634652,increase gain_domain share by replacing replaced_domain share; conditional association
metric/the_pile_hackernews_val_loss,europarl,uspto_backgrounds,-0.4024334402492409,increase gain_domain share by replacing replaced_domain share; conditional association
metric/the_pile_hackernews_val_loss,hackernews,pubmed_abstracts,-21.685651163860655,increase gain_domain share by replacing replaced_domain share; conditional association
metric/the_pile_hackernews_val_loss,hackernews,uspto_backgrounds,-21.89744852884355,increase gain_domain share by replacing replaced_domain share; conditional association
metric/the_pile_hackernews_val_loss,pubmed_abstracts,uspto_backgrounds,-0.21179736498289436,increase gain_domain share by replacing replaced_domain share; conditional association
metric/the_pile_pile_cc_val_loss,arxiv,freelaw,0.4052424306695652,increase gain_domain share by replacing replaced_domain share; conditional association
metric/the_pile_pile_cc_val_loss,arxiv,nih_exporter,1.3505761404790455,increase gain_domain share by replacing replaced_domain share; conditional association
metric/the_pile_pile_cc_val_loss,arxiv,pubmed_central,0.15925295877968448,increase gain_domain share by replacing replaced_domain share; conditional association
metric/the_pile_pile_cc_val_loss,arxiv,wikipedia_en,1.872843444867922,increase gain_domain share by replacing replaced_domain share; conditional association
metric/the_pile_pile_cc_val_loss,arxiv,dm_mathematics,-0.0757257077202973,increase gain_domain share by replacing replaced_domain share; conditional association
metric/the_pile_pile_cc_val_loss,arxiv,github,-0.10858729345695362,increase gain_domain share by replacing replaced_domain share; conditional association
metric/the_pile_pile_cc_val_loss,arxiv,philpapers,3.4153739691138068,increase gain_domain share by replacing replaced_domain share; conditional association
metric/the_pile_pile_cc_val_loss,arxiv,stackexchange,0.4314878339159083,increase gain_domain share by replacing replaced_domain share; conditional association
metric/the_pile_pile_cc_val_loss,arxiv,enron_emails,3.9560093622249446,increase gain_domain share by replacing replaced_domain share; conditional association
metric/the_pile_pile_cc_val_loss,arxiv,gutenberg_pg_19,0.9375149546352284,increase gain_domain share by replacing replaced_domain share; conditional association
metric/the_pile_pile_cc_val_loss,arxiv,pile_cc,7.969112944682157,increase gain_domain share by replacing replaced_domain share; conditional association
metric/the_pile_pile_cc_val_loss,arxiv,ubuntu_irc,1.4792070741603975,increase gain_domain share by replacing replaced_domain share; conditional association
metric/the_pile_pile_cc_val_loss,arxiv,europarl,1.2967566522777594,increase gain_domain share by replacing replaced_domain share; conditional association
metric/the_pile_pile_cc_val_loss,arxiv,hackernews,2.3309172677669197,increase gain_domain share by replacing replaced_domain share; conditional association
metric/the_pile_pile_cc_val_loss,arxiv,pubmed_abstracts,0.3346814688039599,increase gain_domain share by replacing replaced_domain share; conditional association
metric/the_pile_pile_cc_val_loss,arxiv,uspto_backgrounds,0.2537803258680369,increase gain_domain share by replacing replaced_domain share; conditional association
metric/the_pile_pile_cc_val_loss,freelaw,nih_exporter,0.9453337098094804,increase gain_domain share by replacing replaced_domain share; conditional association
metric/the_pile_pile_cc_val_loss,freelaw,pubmed_central,-0.24598947188988074,increase gain_domain share by replacing replaced_domain share; conditional association
metric/the_pile_pile_cc_val_loss,freelaw,wikipedia_en,1.4676010141983569,increase gain_domain share by replacing replaced_domain share; conditional association
metric/the_pile_pile_cc_val_loss,freelaw,dm_mathematics,-0.4809681383898625,increase gain_domain share by replacing replaced_domain share; conditional association
metric/the_pile_pile_cc_val_loss,freelaw,github,-0.5138297241265188,increase gain_domain share by replacing replaced_domain share; conditional association
metric/the_pile_pile_cc_val_loss,freelaw,philpapers,3.0101315384442415,increase gain_domain share by replacing replaced_domain share; conditional association
metric/the_pile_pile_cc_val_loss,freelaw,stackexchange,0.026245403246343058,increase gain_domain share by replacing replaced_domain share; conditional association
metric/the_pile_pile_cc_val_loss,freelaw,enron_emails,3.5507669315553794,increase gain_domain share by replacing replaced_domain share; conditional association
metric/the_pile_pile_cc_val_loss,freelaw,gutenberg_pg_19,0.5322725239656632,increase gain_domain share by replacing replaced_domain share; conditional association
metric/the_pile_pile_cc_val_loss,freelaw,pile_cc,7.563870514012592,increase gain_domain share by replacing replaced_domain share; conditional association
metric/the_pile_pile_cc_val_loss,freelaw,ubuntu_irc,1.0739646434908323,increase gain_domain share by replacing replaced_domain share; conditional association
metric/the_pile_pile_cc_val_loss,freelaw,europarl,0.8915142216081942,increase gain_domain share by replacing replaced_domain share; conditional association
metric/the_pile_pile_cc_val_loss,freelaw,hackernews,1.9256748370973544,increase gain_domain share by replacing replaced_domain share; conditional association
metric/the_pile_pile_cc_val_loss,freelaw,pubmed_abstracts,-0.07056096186560534,increase gain_domain share by replacing replaced_domain share; conditional association
metric/the_pile_pile_cc_val_loss,freelaw,uspto_backgrounds,-0.15146210480152833,increase gain_domain share by replacing replaced_domain share; conditional association
metric/the_pile_pile_cc_val_loss,nih_exporter,pubmed_central,-1.191323181699361,increase gain_domain share by replacing replaced_domain share; conditional association
metric/the_pile_pile_cc_val_loss,nih_exporter,wikipedia_en,0.5222673043888765,increase gain_domain share by replacing replaced_domain share; conditional association
metric/the_pile_pile_cc_val_loss,nih_exporter,dm_mathematics,-1.4263018481993428,increase gain_domain share by replacing replaced_domain share; conditional association
metric/the_pile_pile_cc_val_loss,nih_exporter,github,-1.4591634339359991,increase gain_domain share by replacing replaced_domain share; conditional association
metric/the_pile_pile_cc_val_loss,nih_exporter,philpapers,2.0647978286347612,increase gain_domain share by replacing replaced_domain share; conditional association
metric/the_pile_pile_cc_val_loss,nih_exporter,stackexchange,-0.9190883065631373,increase gain_domain share by replacing replaced_domain share; conditional association
metric/the_pile_pile_cc_val_loss,nih_exporter,enron_emails,2.605433221745899,increase gain_domain share by replacing replaced_domain share; conditional association
metric/the_pile_pile_cc_val_loss,nih_exporter,gutenberg_pg_19,-0.41306118584381724,increase gain_domain share by replacing replaced_domain share; conditional association
metric/the_pile_pile_cc_val_loss,nih_exporter,pile_cc,6.618536804203112,increase gain_domain share by replacing replaced_domain share; conditional association
metric/the_pile_pile_cc_val_loss,nih_exporter,ubuntu_irc,0.12863093368135198,increase gain_domain share by replacing replaced_domain share; conditional association
metric/the_pile_pile_cc_val_loss,nih_exporter,europarl,-0.05381948820128621,increase gain_domain share by replacing replaced_domain share; conditional association
metric/the_pile_pile_cc_val_loss,nih_exporter,hackernews,0.9803411272878741,increase gain_domain share by replacing replaced_domain share; conditional association
metric/the_pile_pile_cc_val_loss,nih_exporter,pubmed_abstracts,-1.0158946716750856,increase gain_domain share by replacing replaced_domain share; conditional association
metric/the_pile_pile_cc_val_loss,nih_exporter,uspto_backgrounds,-1.0967958146110086,increase gain_domain share by replacing replaced_domain share; conditional association
metric/the_pile_pile_cc_val_loss,pubmed_central,wikipedia_en,1.7135904860882376,increase gain_domain share by replacing replaced_domain share; conditional association
metric/the_pile_pile_cc_val_loss,pubmed_central,dm_mathematics,-0.23497866649998178,increase gain_domain share by replacing replaced_domain share; conditional association
metric/the_pile_pile_cc_val_loss,pubmed_central,github,-0.2678402522366381,increase gain_domain share by replacing replaced_domain share; conditional association
metric/the_pile_pile_cc_val_loss,pubmed_central,philpapers,3.2561210103341223,increase gain_domain share by replacing replaced_domain share; conditional association
metric/the_pile_pile_cc_val_loss,pubmed_central,stackexchange,0.2722348751362238,increase gain_domain share by replacing replaced_domain share; conditional association
metric/the_pile_pile_cc_val_loss,pubmed_central,enron_emails,3.79675640344526,increase gain_domain share by replacing replaced_domain share; conditional association
metric/the_pile_pile_cc_val_loss,pubmed_central,gutenberg_pg_19,0.7782619958555439,increase gain_domain share by replacing replaced_domain share; conditional association
metric/the_pile_pile_cc_val_loss,pubmed_central,pile_cc,7.809859985902474,increase gain_domain share by replacing replaced_domain share; conditional association
metric/the_pile_pile_cc_val_loss,pubmed_central,ubuntu_irc,1.319954115380713,increase gain_domain share by replacing replaced_domain share; conditional association
metric/the_pile_pile_cc_val_loss,pubmed_central,europarl,1.137503693498075,increase gain_domain share by replacing replaced_domain share; conditional association
metric/the_pile_pile_cc_val_loss,pubmed_central,hackernews,2.171664308987235,increase gain_domain share by replacing replaced_domain share; conditional association
metric/the_pile_pile_cc_val_loss,pubmed_central,pubmed_abstracts,0.1754285100242754,increase gain_domain share by replacing replaced_domain share; conditional association
metric/the_pile_pile_cc_val_loss,pubmed_central,uspto_backgrounds,0.09452736708835241,increase gain_domain share by replacing replaced_domain share; conditional association
metric/the_pile_pile_cc_val_loss,wikipedia_en,dm_mathematics,-1.9485691525882194,increase gain_domain share by replacing replaced_domain share; conditional association
metric/the_pile_pile_cc_val_loss,wikipedia_en,github,-1.9814307383248757,increase gain_domain share by replacing replaced_domain share; conditional association
metric/the_pile_pile_cc_val_loss,wikipedia_en,philpapers,1.5425305242458849,increase gain_domain share by replacing replaced_domain share; conditional association
metric/the_pile_pile_cc_val_loss,wikipedia_en,stackexchange,-1.4413556109520138,increase gain_domain share by replacing replaced_domain share; conditional association
metric/the_pile_pile_cc_val_loss,wikipedia_en,enron_emails,2.0831659173570225,increase gain_domain share by replacing replaced_domain share; conditional association
metric/the_pile_pile_cc_val_loss,wikipedia_en,gutenberg_pg_19,-0.9353284902326937,increase gain_domain share by replacing replaced_domain share; conditional association
metric/the_pile_pile_cc_val_loss,wikipedia_en,pile_cc,6.096269499814236,increase gain_domain share by replacing replaced_domain share; conditional association
metric/the_pile_pile_cc_val_loss,wikipedia_en,ubuntu_irc,-0.3936363707075245,increase gain_domain share by replacing replaced_domain share; conditional association
metric/the_pile_pile_cc_val_loss,wikipedia_en,europarl,-0.5760867925901627,increase gain_domain share by replacing replaced_domain share; conditional association
metric/the_pile_pile_cc_val_loss,wikipedia_en,hackernews,0.4580738228989977,increase gain_domain share by replacing replaced_domain share; conditional association
metric/the_pile_pile_cc_val_loss,wikipedia_en,pubmed_abstracts,-1.5381619760639622,increase gain_domain share by replacing replaced_domain share; conditional association
metric/the_pile_pile_cc_val_loss,wikipedia_en,uspto_backgrounds,-1.6190631189998852,increase gain_domain share by replacing replaced_domain share; conditional association
metric/the_pile_pile_cc_val_loss,dm_mathematics,github,-0.03286158573665632,increase gain_domain share by replacing replaced_domain share; conditional association
metric/the_pile_pile_cc_val_loss,dm_mathematics,philpapers,3.4910996768341045,increase gain_domain share by replacing replaced_domain share; conditional association
metric/the_pile_pile_cc_val_loss,dm_mathematics,stackexchange,0.5072135416362056,increase gain_domain share by replacing replaced_domain share; conditional association
metric/the_pile_pile_cc_val_loss,dm_mathematics,enron_emails,4.031735069945242,increase gain_domain share by replacing replaced_domain share; conditional association
metric/the_pile_pile_cc_val_loss,dm_mathematics,gutenberg_pg_19,1.0132406623555257,increase gain_domain share by replacing replaced_domain share; conditional association
metric/the_pile_pile_cc_val_loss,dm_mathematics,pile_cc,8.044838652402454,increase gain_domain share by replacing replaced_domain share; conditional association
metric/the_pile_pile_cc_val_loss,dm_mathematics,ubuntu_irc,1.5549327818806948,increase gain_domain share by replacing replaced_domain share; conditional association
metric/the_pile_pile_cc_val_loss,dm_mathematics,europarl,1.3724823599980567,increase gain_domain share by replacing replaced_domain share; conditional association
metric/the_pile_pile_cc_val_loss,dm_mathematics,hackernews,2.406642975487217,increase gain_domain share by replacing replaced_domain share; conditional association
metric/the_pile_pile_cc_val_loss,dm_mathematics,pubmed_abstracts,0.4104071765242572,increase gain_domain share by replacing replaced_domain share; conditional association
metric/the_pile_pile_cc_val_loss,dm_mathematics,uspto_backgrounds,0.3295060335883342,increase gain_domain share by replacing replaced_domain share; conditional association
metric/the_pile_pile_cc_val_loss,github,philpapers,3.5239612625707606,increase gain_domain share by replacing replaced_domain share; conditional association
metric/the_pile_pile_cc_val_loss,github,stackexchange,0.5400751273728619,increase gain_domain share by replacing replaced_domain share; conditional association
metric/the_pile_pile_cc_val_loss,github,enron_emails,4.064596655681898,increase gain_domain share by replacing replaced_domain share; conditional association
metric/the_pile_pile_cc_val_loss,github,gutenberg_pg_19,1.046102248092182,increase gain_domain share by replacing replaced_domain share; conditional association
metric/the_pile_pile_cc_val_loss,github,pile_cc,8.077700238139112,increase gain_domain share by replacing replaced_domain share; conditional association
metric/the_pile_pile_cc_val_loss,github,ubuntu_irc,1.5877943676173512,increase gain_domain share by replacing replaced_domain share; conditional association
metric/the_pile_pile_cc_val_loss,github,europarl,1.405343945734713,increase gain_domain share by replacing replaced_domain share; conditional association
metric/the_pile_pile_cc_val_loss,github,hackernews,2.4395045612238735,increase gain_domain share by replacing replaced_domain share; conditional association
metric/the_pile_pile_cc_val_loss,github,pubmed_abstracts,0.4432687622609135,increase gain_domain share by replacing replaced_domain share; conditional association
metric/the_pile_pile_cc_val_loss,github,uspto_backgrounds,0.3623676193249905,increase gain_domain share by replacing replaced_domain share; conditional association
metric/the_pile_pile_cc_val_loss,philpapers,stackexchange,-2.9838861351978987,increase gain_domain share by replacing replaced_domain share; conditional association
metric/the_pile_pile_cc_val_loss,philpapers,enron_emails,0.5406353931111376,increase gain_domain share by replacing replaced_domain share; conditional association
metric/the_pile_pile_cc_val_loss,philpapers,gutenberg_pg_19,-2.477859014478579,increase gain_domain share by replacing replaced_domain share; conditional association
metric/the_pile_pile_cc_val_loss,philpapers,pile_cc,4.553738975568351,increase gain_domain share by replacing replaced_domain share; conditional association
metric/the_pile_pile_cc_val_loss,philpapers,ubuntu_irc,-1.9361668949534094,increase gain_domain share by replacing replaced_domain share; conditional association
metric/the_pile_pile_cc_val_loss,philpapers,europarl,-2.1186173168360476,increase gain_domain share by replacing replaced_domain share; conditional association
metric/the_pile_pile_cc_val_loss,philpapers,hackernews,-1.084456701346887,increase gain_domain share by replacing replaced_domain share; conditional association
metric/the_pile_pile_cc_val_loss,philpapers,pubmed_abstracts,-3.080692500309847,increase gain_domain share by replacing replaced_domain share; conditional association
metric/the_pile_pile_cc_val_loss,philpapers,uspto_backgrounds,-3.1615936432457703,increase gain_domain share by replacing replaced_domain share; conditional association
metric/the_pile_pile_cc_val_loss,stackexchange,enron_emails,3.5245215283090365,increase gain_domain share by replacing replaced_domain share; conditional association
metric/the_pile_pile_cc_val_loss,stackexchange,gutenberg_pg_19,0.5060271207193201,increase gain_domain share by replacing replaced_domain share; conditional association
metric/the_pile_pile_cc_val_loss,stackexchange,pile_cc,7.53762511076625,increase gain_domain share by replacing replaced_domain share; conditional association
metric/the_pile_pile_cc_val_loss,stackexchange,ubuntu_irc,1.0477192402444893,increase gain_domain share by replacing replaced_domain share; conditional association
metric/the_pile_pile_cc_val_loss,stackexchange,europarl,0.8652688183618511,increase gain_domain share by replacing replaced_domain share; conditional association
metric/the_pile_pile_cc_val_loss,stackexchange,hackernews,1.8994294338510116,increase gain_domain share by replacing replaced_domain share; conditional association
metric/the_pile_pile_cc_val_loss,stackexchange,pubmed_abstracts,-0.0968063651119484,increase gain_domain share by replacing replaced_domain share; conditional association
metric/the_pile_pile_cc_val_loss,stackexchange,uspto_backgrounds,-0.1777075080478714,increase gain_domain share by replacing replaced_domain share; conditional association
metric/the_pile_pile_cc_val_loss,enron_emails,gutenberg_pg_19,-3.018494407589716,increase gain_domain share by replacing replaced_domain share; conditional association
metric/the_pile_pile_cc_val_loss,enron_emails,pile_cc,4.013103582457213,increase gain_domain share by replacing replaced_domain share; conditional association
metric/the_pile_pile_cc_val_loss,enron_emails,ubuntu_irc,-2.476802288064547,increase gain_domain share by replacing replaced_domain share; conditional association
metric/the_pile_pile_cc_val_loss,enron_emails,europarl,-2.659252709947185,increase gain_domain share by replacing replaced_domain share; conditional association
metric/the_pile_pile_cc_val_loss,enron_emails,hackernews,-1.625092094458025,increase gain_domain share by replacing replaced_domain share; conditional association
metric/the_pile_pile_cc_val_loss,enron_emails,pubmed_abstracts,-3.6213278934209847,increase gain_domain share by replacing replaced_domain share; conditional association
metric/the_pile_pile_cc_val_loss,enron_emails,uspto_backgrounds,-3.7022290363569077,increase gain_domain share by replacing replaced_domain share; conditional association
metric/the_pile_pile_cc_val_loss,gutenberg_pg_19,pile_cc,7.031597990046929,increase gain_domain share by replacing replaced_domain share; conditional association
metric/the_pile_pile_cc_val_loss,gutenberg_pg_19,ubuntu_irc,0.5416921195251692,increase gain_domain share by replacing replaced_domain share; conditional association
metric/the_pile_pile_cc_val_loss,gutenberg_pg_19,europarl,0.359241697642531,increase gain_domain share by replacing replaced_domain share; conditional association
metric/the_pile_pile_cc_val_loss,gutenberg_pg_19,hackernews,1.3934023131316913,increase gain_domain share by replacing replaced_domain share; conditional association
metric/the_pile_pile_cc_val_loss,gutenberg_pg_19,pubmed_abstracts,-0.6028334858312685,increase gain_domain share by replacing replaced_domain share; conditional association
metric/the_pile_pile_cc_val_loss,gutenberg_pg_19,uspto_backgrounds,-0.6837346287671915,increase gain_domain share by replacing replaced_domain share; conditional association
metric/the_pile_pile_cc_val_loss,pile_cc,ubuntu_irc,-6.48990587052176,increase gain_domain share by replacing replaced_domain share; conditional association
metric/the_pile_pile_cc_val_loss,pile_cc,europarl,-6.672356292404398,increase gain_domain share by replacing replaced_domain share; conditional association
metric/the_pile_pile_cc_val_loss,pile_cc,hackernews,-5.638195676915238,increase gain_domain share by replacing replaced_domain share; conditional association
metric/the_pile_pile_cc_val_loss,pile_cc,pubmed_abstracts,-7.634431475878198,increase gain_domain share by replacing replaced_domain share; conditional association
metric/the_pile_pile_cc_val_loss,pile_cc,uspto_backgrounds,-7.715332618814121,increase gain_domain share by replacing replaced_domain share; conditional association
metric/the_pile_pile_cc_val_loss,ubuntu_irc,europarl,-0.18245042188263821,increase gain_domain share by replacing replaced_domain share; conditional association
metric/the_pile_pile_cc_val_loss,ubuntu_irc,hackernews,0.8517101936065222,increase gain_domain share by replacing replaced_domain share; conditional association
metric/the_pile_pile_cc_val_loss,ubuntu_irc,pubmed_abstracts,-1.1445256053564377,increase gain_domain share by replacing replaced_domain share; conditional association
metric/the_pile_pile_cc_val_loss,ubuntu_irc,uspto_backgrounds,-1.2254267482923606,increase gain_domain share by replacing replaced_domain share; conditional association
metric/the_pile_pile_cc_val_loss,europarl,hackernews,1.0341606154891605,increase gain_domain share by replacing replaced_domain share; conditional association
metric/the_pile_pile_cc_val_loss,europarl,pubmed_abstracts,-0.9620751834737995,increase gain_domain share by replacing replaced_domain share; conditional association
metric/the_pile_pile_cc_val_loss,europarl,uspto_backgrounds,-1.0429763264097225,increase gain_domain share by replacing replaced_domain share; conditional association
metric/the_pile_pile_cc_val_loss,hackernews,pubmed_abstracts,-1.9962357989629598,increase gain_domain share by replacing replaced_domain share; conditional association
metric/the_pile_pile_cc_val_loss,hackernews,uspto_backgrounds,-2.0771369418988828,increase gain_domain share by replacing replaced_domain share; conditional association
metric/the_pile_pile_cc_val_loss,pubmed_abstracts,uspto_backgrounds,-0.08090114293592299,increase gain_domain share by replacing replaced_domain share; conditional association
metric/the_pile_pubmed_abstracts_val_loss,arxiv,freelaw,-0.12293258931898565,increase gain_domain share by replacing replaced_domain share; conditional association
metric/the_pile_pubmed_abstracts_val_loss,arxiv,nih_exporter,10.52274189525393,increase gain_domain share by replacing replaced_domain share; conditional association
metric/the_pile_pubmed_abstracts_val_loss,arxiv,pubmed_central,3.4115652709734094,increase gain_domain share by replacing replaced_domain share; conditional association
metric/the_pile_pubmed_abstracts_val_loss,arxiv,wikipedia_en,0.2797465142362696,increase gain_domain share by replacing replaced_domain share; conditional association
metric/the_pile_pubmed_abstracts_val_loss,arxiv,dm_mathematics,-0.03561404542034641,increase gain_domain share by replacing replaced_domain share; conditional association
metric/the_pile_pubmed_abstracts_val_loss,arxiv,github,-0.32512926403535936,increase gain_domain share by replacing replaced_domain share; conditional association
metric/the_pile_pubmed_abstracts_val_loss,arxiv,philpapers,1.5133792435089108,increase gain_domain share by replacing replaced_domain share; conditional association
metric/the_pile_pubmed_abstracts_val_loss,arxiv,stackexchange,-0.18070613834623872,increase gain_domain share by replacing replaced_domain share; conditional association
metric/the_pile_pubmed_abstracts_val_loss,arxiv,enron_emails,-0.8516048496534219,increase gain_domain share by replacing replaced_domain share; conditional association
metric/the_pile_pubmed_abstracts_val_loss,arxiv,gutenberg_pg_19,-0.007950355654662289,increase gain_domain share by replacing replaced_domain share; conditional association
metric/the_pile_pubmed_abstracts_val_loss,arxiv,pile_cc,0.3734582334285066,increase gain_domain share by replacing replaced_domain share; conditional association
metric/the_pile_pubmed_abstracts_val_loss,arxiv,ubuntu_irc,0.13152598610821586,increase gain_domain share by replacing replaced_domain share; conditional association
metric/the_pile_pubmed_abstracts_val_loss,arxiv,europarl,0.10455195295153263,increase gain_domain share by replacing replaced_domain share; conditional association
metric/the_pile_pubmed_abstracts_val_loss,arxiv,hackernews,-0.7516280026008517,increase gain_domain share by replacing replaced_domain share; conditional association
metric/the_pile_pubmed_abstracts_val_loss,arxiv,pubmed_abstracts,19.60547426656968,increase gain_domain share by replacing replaced_domain share; conditional association
metric/the_pile_pubmed_abstracts_val_loss,arxiv,uspto_backgrounds,1.1732045813407455,increase gain_domain share by replacing replaced_domain share; conditional association
metric/the_pile_pubmed_abstracts_val_loss,freelaw,nih_exporter,10.645674484572915,increase gain_domain share by replacing replaced_domain share; conditional association
metric/the_pile_pubmed_abstracts_val_loss,freelaw,pubmed_central,3.534497860292395,increase gain_domain share by replacing replaced_domain share; conditional association
metric/the_pile_pubmed_abstracts_val_loss,freelaw,wikipedia_en,0.40267910355525527,increase gain_domain share by replacing replaced_domain share; conditional association
metric/the_pile_pubmed_abstracts_val_loss,freelaw,dm_mathematics,0.08731854389863924,increase gain_domain share by replacing replaced_domain share; conditional association
metric/the_pile_pubmed_abstracts_val_loss,freelaw,github,-0.2021966747163737,increase gain_domain share by replacing replaced_domain share; conditional association
metric/the_pile_pubmed_abstracts_val_loss,freelaw,philpapers,1.6363118328278965,increase gain_domain share by replacing replaced_domain share; conditional association
metric/the_pile_pubmed_abstracts_val_loss,freelaw,stackexchange,-0.05777354902725307,increase gain_domain share by replacing replaced_domain share; conditional association
metric/the_pile_pubmed_abstracts_val_loss,freelaw,enron_emails,-0.7286722603344362,increase gain_domain share by replacing replaced_domain share; conditional association
metric/the_pile_pubmed_abstracts_val_loss,freelaw,gutenberg_pg_19,0.11498223366432336,increase gain_domain share by replacing replaced_domain share; conditional association
metric/the_pile_pubmed_abstracts_val_loss,freelaw,pile_cc,0.49639082274749224,increase gain_domain share by replacing replaced_domain share; conditional association
metric/the_pile_pubmed_abstracts_val_loss,freelaw,ubuntu_irc,0.2544585754272015,increase gain_domain share by replacing replaced_domain share; conditional association
metric/the_pile_pubmed_abstracts_val_loss,freelaw,europarl,0.2274845422705183,increase gain_domain share by replacing replaced_domain share; conditional association
metric/the_pile_pubmed_abstracts_val_loss,freelaw,hackernews,-0.6286954132818661,increase gain_domain share by replacing replaced_domain share; conditional association
metric/the_pile_pubmed_abstracts_val_loss,freelaw,pubmed_abstracts,19.728406855888664,increase gain_domain share by replacing replaced_domain share; conditional association
metric/the_pile_pubmed_abstracts_val_loss,freelaw,uspto_backgrounds,1.296137170659731,increase gain_domain share by replacing replaced_domain share; conditional association
metric/the_pile_pubmed_abstracts_val_loss,nih_exporter,pubmed_central,-7.111176624280519,increase gain_domain share by replacing replaced_domain share; conditional association
metric/the_pile_pubmed_abstracts_val_loss,nih_exporter,wikipedia_en,-10.242995381017659,increase gain_domain share by replacing replaced_domain share; conditional association
metric/the_pile_pubmed_abstracts_val_loss,nih_exporter,dm_mathematics,-10.558355940674275,increase gain_domain share by replacing replaced_domain share; conditional association
metric/the_pile_pubmed_abstracts_val_loss,nih_exporter,github,-10.847871159289287,increase gain_domain share by replacing replaced_domain share; conditional association
metric/the_pile_pubmed_abstracts_val_loss,nih_exporter,philpapers,-9.009362651745018,increase gain_domain share by replacing replaced_domain share; conditional association
metric/the_pile_pubmed_abstracts_val_loss,nih_exporter,stackexchange,-10.703448033600168,increase gain_domain share by replacing replaced_domain share; conditional association
metric/the_pile_pubmed_abstracts_val_loss,nih_exporter,enron_emails,-11.374346744907351,increase gain_domain share by replacing replaced_domain share; conditional association
metric/the_pile_pubmed_abstracts_val_loss,nih_exporter,gutenberg_pg_19,-10.53069225090859,increase gain_domain share by replacing replaced_domain share; conditional association
metric/the_pile_pubmed_abstracts_val_loss,nih_exporter,pile_cc,-10.149283661825422,increase gain_domain share by replacing replaced_domain share; conditional association
metric/the_pile_pubmed_abstracts_val_loss,nih_exporter,ubuntu_irc,-10.391215909145712,increase gain_domain share by replacing replaced_domain share; conditional association
metric/the_pile_pubmed_abstracts_val_loss,nih_exporter,europarl,-10.418189942302396,increase gain_domain share by replacing replaced_domain share; conditional association
metric/the_pile_pubmed_abstracts_val_loss,nih_exporter,hackernews,-11.27436989785478,increase gain_domain share by replacing replaced_domain share; conditional association
metric/the_pile_pubmed_abstracts_val_loss,nih_exporter,pubmed_abstracts,9.08273237131575,increase gain_domain share by replacing replaced_domain share; conditional association
metric/the_pile_pubmed_abstracts_val_loss,nih_exporter,uspto_backgrounds,-9.349537313913183,increase gain_domain share by replacing replaced_domain share; conditional association
metric/the_pile_pubmed_abstracts_val_loss,pubmed_central,wikipedia_en,-3.1318187567371396,increase gain_domain share by replacing replaced_domain share; conditional association
metric/the_pile_pubmed_abstracts_val_loss,pubmed_central,dm_mathematics,-3.447179316393756,increase gain_domain share by replacing replaced_domain share; conditional association
metric/the_pile_pubmed_abstracts_val_loss,pubmed_central,github,-3.736694535008769,increase gain_domain share by replacing replaced_domain share; conditional association
metric/the_pile_pubmed_abstracts_val_loss,pubmed_central,philpapers,-1.8981860274644986,increase gain_domain share by replacing replaced_domain share; conditional association
metric/the_pile_pubmed_abstracts_val_loss,pubmed_central,stackexchange,-3.592271409319648,increase gain_domain share by replacing replaced_domain share; conditional association
metric/the_pile_pubmed_abstracts_val_loss,pubmed_central,enron_emails,-4.263170120626832,increase gain_domain share by replacing replaced_domain share; conditional association
metric/the_pile_pubmed_abstracts_val_loss,pubmed_central,gutenberg_pg_19,-3.4195156266280717,increase gain_domain share by replacing replaced_domain share; conditional association
metric/the_pile_pubmed_abstracts_val_loss,pubmed_central,pile_cc,-3.038107037544903,increase gain_domain share by replacing replaced_domain share; conditional association
metric/the_pile_pubmed_abstracts_val_loss,pubmed_central,ubuntu_irc,-3.2800392848651936,increase gain_domain share by replacing replaced_domain share; conditional association
metric/the_pile_pubmed_abstracts_val_loss,pubmed_central,europarl,-3.307013318021877,increase gain_domain share by replacing replaced_domain share; conditional association
metric/the_pile_pubmed_abstracts_val_loss,pubmed_central,hackernews,-4.163193273574262,increase gain_domain share by replacing replaced_domain share; conditional association
metric/the_pile_pubmed_abstracts_val_loss,pubmed_central,pubmed_abstracts,16.193908995596267,increase gain_domain share by replacing replaced_domain share; conditional association
metric/the_pile_pubmed_abstracts_val_loss,pubmed_central,uspto_backgrounds,-2.238360689632664,increase gain_domain share by replacing replaced_domain share; conditional association
metric/the_pile_pubmed_abstracts_val_loss,wikipedia_en,dm_mathematics,-0.315360559656616,increase gain_domain share by replacing replaced_domain share; conditional association
metric/the_pile_pubmed_abstracts_val_loss,wikipedia_en,github,-0.604875778271629,increase gain_domain share by replacing replaced_domain share; conditional association
metric/the_pile_pubmed_abstracts_val_loss,wikipedia_en,philpapers,1.233632729272641,increase gain_domain share by replacing replaced_domain share; conditional association
metric/the_pile_pubmed_abstracts_val_loss,wikipedia_en,stackexchange,-0.46045265258250834,increase gain_domain share by replacing replaced_domain share; conditional association
metric/the_pile_pubmed_abstracts_val_loss,wikipedia_en,enron_emails,-1.1313513638896915,increase gain_domain share by replacing replaced_domain share; conditional association
metric/the_pile_pubmed_abstracts_val_loss,wikipedia_en,gutenberg_pg_19,-0.2876968698909319,increase gain_domain share by replacing replaced_domain share; conditional association
metric/the_pile_pubmed_abstracts_val_loss,wikipedia_en,pile_cc,0.09371171919223698,increase gain_domain share by replacing replaced_domain share; conditional association
metric/the_pile_pubmed_abstracts_val_loss,wikipedia_en,ubuntu_irc,-0.14822052812805375,increase gain_domain share by replacing replaced_domain share; conditional association
metric/the_pile_pubmed_abstracts_val_loss,wikipedia_en,europarl,-0.17519456128473698,increase gain_domain share by replacing replaced_domain share; conditional association
metric/the_pile_pubmed_abstracts_val_loss,wikipedia_en,hackernews,-1.0313745168371213,increase gain_domain share by replacing replaced_domain share; conditional association
metric/the_pile_pubmed_abstracts_val_loss,wikipedia_en,pubmed_abstracts,19.32572775233341,increase gain_domain share by replacing replaced_domain share; conditional association
metric/the_pile_pubmed_abstracts_val_loss,wikipedia_en,uspto_backgrounds,0.8934580671044757,increase gain_domain share by replacing replaced_domain share; conditional association
metric/the_pile_pubmed_abstracts_val_loss,dm_mathematics,github,-0.28951521861501295,increase gain_domain share by replacing replaced_domain share; conditional association
metric/the_pile_pubmed_abstracts_val_loss,dm_mathematics,philpapers,1.5489932889292573,increase gain_domain share by replacing replaced_domain share; conditional association
metric/the_pile_pubmed_abstracts_val_loss,dm_mathematics,stackexchange,-0.1450920929258923,increase gain_domain share by replacing replaced_domain share; conditional association
metric/the_pile_pubmed_abstracts_val_loss,dm_mathematics,enron_emails,-0.8159908042330755,increase gain_domain share by replacing replaced_domain share; conditional association
metric/the_pile_pubmed_abstracts_val_loss,dm_mathematics,gutenberg_pg_19,0.02766368976568412,increase gain_domain share by replacing replaced_domain share; conditional association
metric/the_pile_pubmed_abstracts_val_loss,dm_mathematics,pile_cc,0.409072278848853,increase gain_domain share by replacing replaced_domain share; conditional association
metric/the_pile_pubmed_abstracts_val_loss,dm_mathematics,ubuntu_irc,0.16714003152856227,increase gain_domain share by replacing replaced_domain share; conditional association
metric/the_pile_pubmed_abstracts_val_loss,dm_mathematics,europarl,0.14016599837187904,increase gain_domain share by replacing replaced_domain share; conditional association
metric/the_pile_pubmed_abstracts_val_loss,dm_mathematics,hackernews,-0.7160139571805053,increase gain_domain share by replacing replaced_domain share; conditional association
metric/the_pile_pubmed_abstracts_val_loss,dm_mathematics,pubmed_abstracts,19.641088311990025,increase gain_domain share by replacing replaced_domain share; conditional association
metric/the_pile_pubmed_abstracts_val_loss,dm_mathematics,uspto_backgrounds,1.2088186267610919,increase gain_domain share by replacing replaced_domain share; conditional association
metric/the_pile_pubmed_abstracts_val_loss,github,philpapers,1.8385085075442702,increase gain_domain share by replacing replaced_domain share; conditional association
metric/the_pile_pubmed_abstracts_val_loss,github,stackexchange,0.14442312568912063,increase gain_domain share by replacing replaced_domain share; conditional association
metric/the_pile_pubmed_abstracts_val_loss,github,enron_emails,-0.5264755856180625,increase gain_domain share by replacing replaced_domain share; conditional association
metric/the_pile_pubmed_abstracts_val_loss,github,gutenberg_pg_19,0.31717890838069707,increase gain_domain share by replacing replaced_domain share; conditional association
metric/the_pile_pubmed_abstracts_val_loss,github,pile_cc,0.698587497463866,increase gain_domain share by replacing replaced_domain share; conditional association
metric/the_pile_pubmed_abstracts_val_loss,github,ubuntu_irc,0.4566552501435752,increase gain_domain share by replacing replaced_domain share; conditional association
metric/the_pile_pubmed_abstracts_val_loss,github,europarl,0.429681216986892,increase gain_domain share by replacing replaced_domain share; conditional association
metric/the_pile_pubmed_abstracts_val_loss,github,hackernews,-0.42649873856549236,increase gain_domain share by replacing replaced_domain share; conditional association
metric/the_pile_pubmed_abstracts_val_loss,github,pubmed_abstracts,19.930603530605037,increase gain_domain share by replacing replaced_domain share; conditional association
metric/the_pile_pubmed_abstracts_val_loss,github,uspto_backgrounds,1.4983338453761048,increase gain_domain share by replacing replaced_domain share; conditional association
metric/the_pile_pubmed_abstracts_val_loss,philpapers,stackexchange,-1.6940853818551496,increase gain_domain share by replacing replaced_domain share; conditional association
metric/the_pile_pubmed_abstracts_val_loss,philpapers,enron_emails,-2.3649840931623327,increase gain_domain share by replacing replaced_domain share; conditional association
metric/the_pile_pubmed_abstracts_val_loss,philpapers,gutenberg_pg_19,-1.5213295991635731,increase gain_domain share by replacing replaced_domain share; conditional association
metric/the_pile_pubmed_abstracts_val_loss,philpapers,pile_cc,-1.1399210100804043,increase gain_domain share by replacing replaced_domain share; conditional association
metric/the_pile_pubmed_abstracts_val_loss,philpapers,ubuntu_irc,-1.381853257400695,increase gain_domain share by replacing replaced_domain share; conditional association
metric/the_pile_pubmed_abstracts_val_loss,philpapers,europarl,-1.4088272905573782,increase gain_domain share by replacing replaced_domain share; conditional association
metric/the_pile_pubmed_abstracts_val_loss,philpapers,hackernews,-2.2650072461097626,increase gain_domain share by replacing replaced_domain share; conditional association
metric/the_pile_pubmed_abstracts_val_loss,philpapers,pubmed_abstracts,18.092095023060768,increase gain_domain share by replacing replaced_domain share; conditional association
metric/the_pile_pubmed_abstracts_val_loss,philpapers,uspto_backgrounds,-0.3401746621681654,increase gain_domain share by replacing replaced_domain share; conditional association
metric/the_pile_pubmed_abstracts_val_loss,stackexchange,enron_emails,-0.6708987113071831,increase gain_domain share by replacing replaced_domain share; conditional association
metric/the_pile_pubmed_abstracts_val_loss,stackexchange,gutenberg_pg_19,0.17275578269157643,increase gain_domain share by replacing replaced_domain share; conditional association
metric/the_pile_pubmed_abstracts_val_loss,stackexchange,pile_cc,0.5541643717747453,increase gain_domain share by replacing replaced_domain share; conditional association
metric/the_pile_pubmed_abstracts_val_loss,stackexchange,ubuntu_irc,0.3122321244544546,increase gain_domain share by replacing replaced_domain share; conditional association
metric/the_pile_pubmed_abstracts_val_loss,stackexchange,europarl,0.28525809129777135,increase gain_domain share by replacing replaced_domain share; conditional association
metric/the_pile_pubmed_abstracts_val_loss,stackexchange,hackernews,-0.570921864254613,increase gain_domain share by replacing replaced_domain share; conditional association
metric/the_pile_pubmed_abstracts_val_loss,stackexchange,pubmed_abstracts,19.786180404915918,increase gain_domain share by replacing replaced_domain share; conditional association
metric/the_pile_pubmed_abstracts_val_loss,stackexchange,uspto_backgrounds,1.3539107196869842,increase gain_domain share by replacing replaced_domain share; conditional association
metric/the_pile_pubmed_abstracts_val_loss,enron_emails,gutenberg_pg_19,0.8436544939987596,increase gain_domain share by replacing replaced_domain share; conditional association
metric/the_pile_pubmed_abstracts_val_loss,enron_emails,pile_cc,1.2250630830819285,increase gain_domain share by replacing replaced_domain share; conditional association
metric/the_pile_pubmed_abstracts_val_loss,enron_emails,ubuntu_irc,0.9831308357616377,increase gain_domain share by replacing replaced_domain share; conditional association
metric/the_pile_pubmed_abstracts_val_loss,enron_emails,europarl,0.9561568026049545,increase gain_domain share by replacing replaced_domain share; conditional association
metric/the_pile_pubmed_abstracts_val_loss,enron_emails,hackernews,0.09997684705257015,increase gain_domain share by replacing replaced_domain share; conditional association
metric/the_pile_pubmed_abstracts_val_loss,enron_emails,pubmed_abstracts,20.4570791162231,increase gain_domain share by replacing replaced_domain share; conditional association
metric/the_pile_pubmed_abstracts_val_loss,enron_emails,uspto_backgrounds,2.0248094309941673,increase gain_domain share by replacing replaced_domain share; conditional association
metric/the_pile_pubmed_abstracts_val_loss,gutenberg_pg_19,pile_cc,0.3814085890831689,increase gain_domain share by replacing replaced_domain share; conditional association
metric/the_pile_pubmed_abstracts_val_loss,gutenberg_pg_19,ubuntu_irc,0.13947634176287815,increase gain_domain share by replacing replaced_domain share; conditional association
metric/the_pile_pubmed_abstracts_val_loss,gutenberg_pg_19,europarl,0.11250230860619492,increase gain_domain share by replacing replaced_domain share; conditional association
metric/the_pile_pubmed_abstracts_val_loss,gutenberg_pg_19,hackernews,-0.7436776469461894,increase gain_domain share by replacing replaced_domain share; conditional association
metric/the_pile_pubmed_abstracts_val_loss,gutenberg_pg_19,pubmed_abstracts,19.61342462222434,increase gain_domain share by replacing replaced_domain share; conditional association
metric/the_pile_pubmed_abstracts_val_loss,gutenberg_pg_19,uspto_backgrounds,1.1811549369954077,increase gain_domain share by replacing replaced_domain share; conditional association
metric/the_pile_pubmed_abstracts_val_loss,pile_cc,ubuntu_irc,-0.24193224732029073,increase gain_domain share by replacing replaced_domain share; conditional association
metric/the_pile_pubmed_abstracts_val_loss,pile_cc,europarl,-0.26890628047697396,increase gain_domain share by replacing replaced_domain share; conditional association
metric/the_pile_pubmed_abstracts_val_loss,pile_cc,hackernews,-1.1250862360293583,increase gain_domain share by replacing replaced_domain share; conditional association
metric/the_pile_pubmed_abstracts_val_loss,pile_cc,pubmed_abstracts,19.23201603314117,increase gain_domain share by replacing replaced_domain share; conditional association
metric/the_pile_pubmed_abstracts_val_loss,pile_cc,uspto_backgrounds,0.7997463479122388,increase gain_domain share by replacing replaced_domain share; conditional association
metric/the_pile_pubmed_abstracts_val_loss,ubuntu_irc,europarl,-0.02697403315668323,increase gain_domain share by replacing replaced_domain share; conditional association
metric/the_pile_pubmed_abstracts_val_loss,ubuntu_irc,hackernews,-0.8831539887090676,increase gain_domain share by replacing replaced_domain share; conditional association
metric/the_pile_pubmed_abstracts_val_loss,ubuntu_irc,pubmed_abstracts,19.473948280461464,increase gain_domain share by replacing replaced_domain share; conditional association
metric/the_pile_pubmed_abstracts_val_loss,ubuntu_irc,uspto_backgrounds,1.0416785952325296,increase gain_domain share by replacing replaced_domain share; conditional association
metric/the_pile_pubmed_abstracts_val_loss,europarl,hackernews,-0.8561799555523844,increase gain_domain share by replacing replaced_domain share; conditional association
metric/the_pile_pubmed_abstracts_val_loss,europarl,pubmed_abstracts,19.500922313618148,increase gain_domain share by replacing replaced_domain share; conditional association
metric/the_pile_pubmed_abstracts_val_loss,europarl,uspto_backgrounds,1.0686526283892128,increase gain_domain share by replacing replaced_domain share; conditional association
metric/the_pile_pubmed_abstracts_val_loss,hackernews,pubmed_abstracts,20.35710226917053,increase gain_domain share by replacing replaced_domain share; conditional association
metric/the_pile_pubmed_abstracts_val_loss,hackernews,uspto_backgrounds,1.9248325839415972,increase gain_domain share by replacing replaced_domain share; conditional association
metric/the_pile_pubmed_abstracts_val_loss,pubmed_abstracts,uspto_backgrounds,-18.432269685228935,increase gain_domain share by replacing replaced_domain share; conditional association
metric/the_pile_pubmed_central_val_loss,arxiv,freelaw,-0.47802334639018906,increase gain_domain share by replacing replaced_domain share; conditional association
metric/the_pile_pubmed_central_val_loss,arxiv,nih_exporter,4.115540272761898,increase gain_domain share by replacing replaced_domain share; conditional association
metric/the_pile_pubmed_central_val_loss,arxiv,pubmed_central,24.30651640970863,increase gain_domain share by replacing replaced_domain share; conditional association
metric/the_pile_pubmed_central_val_loss,arxiv,wikipedia_en,-0.15844299713690924,increase gain_domain share by replacing replaced_domain share; conditional association
metric/the_pile_pubmed_central_val_loss,arxiv,dm_mathematics,0.06392798299117719,increase gain_domain share by replacing replaced_domain share; conditional association
metric/the_pile_pubmed_central_val_loss,arxiv,github,-0.4656938973075919,increase gain_domain share by replacing replaced_domain share; conditional association
metric/the_pile_pubmed_central_val_loss,arxiv,philpapers,0.374119926064409,increase gain_domain share by replacing replaced_domain share; conditional association
metric/the_pile_pubmed_central_val_loss,arxiv,stackexchange,-0.29213808317100765,increase gain_domain share by replacing replaced_domain share; conditional association
metric/the_pile_pubmed_central_val_loss,arxiv,enron_emails,-0.7480805802737753,increase gain_domain share by replacing replaced_domain share; conditional association
metric/the_pile_pubmed_central_val_loss,arxiv,gutenberg_pg_19,-0.2909104525513213,increase gain_domain share by replacing replaced_domain share; conditional association
metric/the_pile_pubmed_central_val_loss,arxiv,pile_cc,-0.3137034308579838,increase gain_domain share by replacing replaced_domain share; conditional association
metric/the_pile_pubmed_central_val_loss,arxiv,ubuntu_irc,0.30581257591471567,increase gain_domain share by replacing replaced_domain share; conditional association
metric/the_pile_pubmed_central_val_loss,arxiv,europarl,0.7140535277858915,increase gain_domain share by replacing replaced_domain share; conditional association
metric/the_pile_pubmed_central_val_loss,arxiv,hackernews,-0.2817489030331739,increase gain_domain share by replacing replaced_domain share; conditional association
metric/the_pile_pubmed_central_val_loss,arxiv,pubmed_abstracts,0.9912393463226601,increase gain_domain share by replacing replaced_domain share; conditional association
metric/the_pile_pubmed_central_val_loss,arxiv,uspto_backgrounds,0.08043204110921076,increase gain_domain share by replacing replaced_domain share; conditional association
metric/the_pile_pubmed_central_val_loss,freelaw,nih_exporter,4.5935636191520866,increase gain_domain share by replacing replaced_domain share; conditional association
metric/the_pile_pubmed_central_val_loss,freelaw,pubmed_central,24.78453975609882,increase gain_domain share by replacing replaced_domain share; conditional association
metric/the_pile_pubmed_central_val_loss,freelaw,wikipedia_en,0.3195803492532798,increase gain_domain share by replacing replaced_domain share; conditional association
metric/the_pile_pubmed_central_val_loss,freelaw,dm_mathematics,0.5419513293813663,increase gain_domain share by replacing replaced_domain share; conditional association
metric/the_pile_pubmed_central_val_loss,freelaw,github,0.012329449082597144,increase gain_domain share by replacing replaced_domain share; conditional association
metric/the_pile_pubmed_central_val_loss,freelaw,philpapers,0.8521432724545981,increase gain_domain share by replacing replaced_domain share; conditional association
metric/the_pile_pubmed_central_val_loss,freelaw,stackexchange,0.18588526321918142,increase gain_domain share by replacing replaced_domain share; conditional association
metric/the_pile_pubmed_central_val_loss,freelaw,enron_emails,-0.27005723388358627,increase gain_domain share by replacing replaced_domain share; conditional association
metric/the_pile_pubmed_central_val_loss,freelaw,gutenberg_pg_19,0.18711289383886776,increase gain_domain share by replacing replaced_domain share; conditional association
metric/the_pile_pubmed_central_val_loss,freelaw,pile_cc,0.16431991553220526,increase gain_domain share by replacing replaced_domain share; conditional association
metric/the_pile_pubmed_central_val_loss,freelaw,ubuntu_irc,0.7838359223049047,increase gain_domain share by replacing replaced_domain share; conditional association
metric/the_pile_pubmed_central_val_loss,freelaw,europarl,1.1920768741760805,increase gain_domain share by replacing replaced_domain share; conditional association
metric/the_pile_pubmed_central_val_loss,freelaw,hackernews,0.19627444335701516,increase gain_domain share by replacing replaced_domain share; conditional association
metric/the_pile_pubmed_central_val_loss,freelaw,pubmed_abstracts,1.4692626927128491,increase gain_domain share by replacing replaced_domain share; conditional association
metric/the_pile_pubmed_central_val_loss,freelaw,uspto_backgrounds,0.5584553874993998,increase gain_domain share by replacing replaced_domain share; conditional association
metric/the_pile_pubmed_central_val_loss,nih_exporter,pubmed_central,20.190976136946734,increase gain_domain share by replacing replaced_domain share; conditional association
metric/the_pile_pubmed_central_val_loss,nih_exporter,wikipedia_en,-4.273983269898807,increase gain_domain share by replacing replaced_domain share; conditional association
metric/the_pile_pubmed_central_val_loss,nih_exporter,dm_mathematics,-4.05161228977072,increase gain_domain share by replacing replaced_domain share; conditional association
metric/the_pile_pubmed_central_val_loss,nih_exporter,github,-4.581234170069489,increase gain_domain share by replacing replaced_domain share; conditional association
metric/the_pile_pubmed_central_val_loss,nih_exporter,philpapers,-3.7414203466974882,increase gain_domain share by replacing replaced_domain share; conditional association
metric/the_pile_pubmed_central_val_loss,nih_exporter,stackexchange,-4.407678355932905,increase gain_domain share by replacing replaced_domain share; conditional association
metric/the_pile_pubmed_central_val_loss,nih_exporter,enron_emails,-4.863620853035673,increase gain_domain share by replacing replaced_domain share; conditional association
metric/the_pile_pubmed_central_val_loss,nih_exporter,gutenberg_pg_19,-4.406450725313219,increase gain_domain share by replacing replaced_domain share; conditional association
metric/the_pile_pubmed_central_val_loss,nih_exporter,pile_cc,-4.429243703619881,increase gain_domain share by replacing replaced_domain share; conditional association
metric/the_pile_pubmed_central_val_loss,nih_exporter,ubuntu_irc,-3.809727696847182,increase gain_domain share by replacing replaced_domain share; conditional association
metric/the_pile_pubmed_central_val_loss,nih_exporter,europarl,-3.401486744976006,increase gain_domain share by replacing replaced_domain share; conditional association
metric/the_pile_pubmed_central_val_loss,nih_exporter,hackernews,-4.397289175795072,increase gain_domain share by replacing replaced_domain share; conditional association
metric/the_pile_pubmed_central_val_loss,nih_exporter,pubmed_abstracts,-3.124300926439237,increase gain_domain share by replacing replaced_domain share; conditional association
metric/the_pile_pubmed_central_val_loss,nih_exporter,uspto_backgrounds,-4.0351082316526865,increase gain_domain share by replacing replaced_domain share; conditional association
metric/the_pile_pubmed_central_val_loss,pubmed_central,wikipedia_en,-24.46495940684554,increase gain_domain share by replacing replaced_domain share; conditional association
metric/the_pile_pubmed_central_val_loss,pubmed_central,dm_mathematics,-24.242588426717454,increase gain_domain share by replacing replaced_domain share; conditional association
metric/the_pile_pubmed_central_val_loss,pubmed_central,github,-24.772210307016223,increase gain_domain share by replacing replaced_domain share; conditional association
metric/the_pile_pubmed_central_val_loss,pubmed_central,philpapers,-23.932396483644222,increase gain_domain share by replacing replaced_domain share; conditional association
metric/the_pile_pubmed_central_val_loss,pubmed_central,stackexchange,-24.59865449287964,increase gain_domain share by replacing replaced_domain share; conditional association
metric/the_pile_pubmed_central_val_loss,pubmed_central,enron_emails,-25.054596989982407,increase gain_domain share by replacing replaced_domain share; conditional association
metric/the_pile_pubmed_central_val_loss,pubmed_central,gutenberg_pg_19,-24.59742686225995,increase gain_domain share by replacing replaced_domain share; conditional association
metric/the_pile_pubmed_central_val_loss,pubmed_central,pile_cc,-24.620219840566616,increase gain_domain share by replacing replaced_domain share; conditional association
metric/the_pile_pubmed_central_val_loss,pubmed_central,ubuntu_irc,-24.000703833793914,increase gain_domain share by replacing replaced_domain share; conditional association
metric/the_pile_pubmed_central_val_loss,pubmed_central,europarl,-23.59246288192274,increase gain_domain share by replacing replaced_domain share; conditional association
metric/the_pile_pubmed_central_val_loss,pubmed_central,hackernews,-24.588265312741804,increase gain_domain share by replacing replaced_domain share; conditional association
metric/the_pile_pubmed_central_val_loss,pubmed_central,pubmed_abstracts,-23.31527706338597,increase gain_domain share by replacing replaced_domain share; conditional association
metric/the_pile_pubmed_central_val_loss,pubmed_central,uspto_backgrounds,-24.22608436859942,increase gain_domain share by replacing replaced_domain share; conditional association
metric/the_pile_pubmed_central_val_loss,wikipedia_en,dm_mathematics,0.22237098012808643,increase gain_domain share by replacing replaced_domain share; conditional association
metric/the_pile_pubmed_central_val_loss,wikipedia_en,github,-0.3072509001706827,increase gain_domain share by replacing replaced_domain share; conditional association
metric/the_pile_pubmed_central_val_loss,wikipedia_en,philpapers,0.5325629232013183,increase gain_domain share by replacing replaced_domain share; conditional association
metric/the_pile_pubmed_central_val_loss,wikipedia_en,stackexchange,-0.1336950860340984,increase gain_domain share by replacing replaced_domain share; conditional association
metric/the_pile_pubmed_central_val_loss,wikipedia_en,enron_emails,-0.5896375831368661,increase gain_domain share by replacing replaced_domain share; conditional association
metric/the_pile_pubmed_central_val_loss,wikipedia_en,gutenberg_pg_19,-0.13246745541441207,increase gain_domain share by replacing replaced_domain share; conditional association
metric/the_pile_pubmed_central_val_loss,wikipedia_en,pile_cc,-0.15526043372107456,increase gain_domain share by replacing replaced_domain share; conditional association
metric/the_pile_pubmed_central_val_loss,wikipedia_en,ubuntu_irc,0.4642555730516249,increase gain_domain share by replacing replaced_domain share; conditional association
metric/the_pile_pubmed_central_val_loss,wikipedia_en,europarl,0.8724965249228007,increase gain_domain share by replacing replaced_domain share; conditional association
metric/the_pile_pubmed_central_val_loss,wikipedia_en,hackernews,-0.12330590589626467,increase gain_domain share by replacing replaced_domain share; conditional association
metric/the_pile_pubmed_central_val_loss,wikipedia_en,pubmed_abstracts,1.1496823434595693,increase gain_domain share by replacing replaced_domain share; conditional association
metric/the_pile_pubmed_central_val_loss,wikipedia_en,uspto_backgrounds,0.23887503824612,increase gain_domain share by replacing replaced_domain share; conditional association
metric/the_pile_pubmed_central_val_loss,dm_mathematics,github,-0.5296218802987691,increase gain_domain share by replacing replaced_domain share; conditional association
metric/the_pile_pubmed_central_val_loss,dm_mathematics,philpapers,0.31019194307323184,increase gain_domain share by replacing replaced_domain share; conditional association
metric/the_pile_pubmed_central_val_loss,dm_mathematics,stackexchange,-0.35606606616218484,increase gain_domain share by replacing replaced_domain share; conditional association
metric/the_pile_pubmed_central_val_loss,dm_mathematics,enron_emails,-0.8120085632649525,increase gain_domain share by replacing replaced_domain share; conditional association
metric/the_pile_pubmed_central_val_loss,dm_mathematics,gutenberg_pg_19,-0.3548384355424985,increase gain_domain share by replacing replaced_domain share; conditional association
metric/the_pile_pubmed_central_val_loss,dm_mathematics,pile_cc,-0.377631413849161,increase gain_domain share by replacing replaced_domain share; conditional association
metric/the_pile_pubmed_central_val_loss,dm_mathematics,ubuntu_irc,0.24188459292353848,increase gain_domain share by replacing replaced_domain share; conditional association
metric/the_pile_pubmed_central_val_loss,dm_mathematics,europarl,0.6501255447947143,increase gain_domain share by replacing replaced_domain share; conditional association
metric/the_pile_pubmed_central_val_loss,dm_mathematics,hackernews,-0.3456768860243511,increase gain_domain share by replacing replaced_domain share; conditional association
metric/the_pile_pubmed_central_val_loss,dm_mathematics,pubmed_abstracts,0.9273113633314829,increase gain_domain share by replacing replaced_domain share; conditional association
metric/the_pile_pubmed_central_val_loss,dm_mathematics,uspto_backgrounds,0.01650405811803357,increase gain_domain share by replacing replaced_domain share; conditional association
metric/the_pile_pubmed_central_val_loss,github,philpapers,0.839813823372001,increase gain_domain share by replacing replaced_domain share; conditional association
metric/the_pile_pubmed_central_val_loss,github,stackexchange,0.17355581413658427,increase gain_domain share by replacing replaced_domain share; conditional association
metric/the_pile_pubmed_central_val_loss,github,enron_emails,-0.2823866829661834,increase gain_domain share by replacing replaced_domain share; conditional association
metric/the_pile_pubmed_central_val_loss,github,gutenberg_pg_19,0.1747834447562706,increase gain_domain share by replacing replaced_domain share; conditional association
metric/the_pile_pubmed_central_val_loss,github,pile_cc,0.15199046644960812,increase gain_domain share by replacing replaced_domain share; conditional association
metric/the_pile_pubmed_central_val_loss,github,ubuntu_irc,0.7715064732223076,increase gain_domain share by replacing replaced_domain share; conditional association
metric/the_pile_pubmed_central_val_loss,github,europarl,1.1797474250934834,increase gain_domain share by replacing replaced_domain share; conditional association
metric/the_pile_pubmed_central_val_loss,github,hackernews,0.18394499427441802,increase gain_domain share by replacing replaced_domain share; conditional association
metric/the_pile_pubmed_central_val_loss,github,pubmed_abstracts,1.456933243630252,increase gain_domain share by replacing replaced_domain share; conditional association
metric/the_pile_pubmed_central_val_loss,github,uspto_backgrounds,0.5461259384168027,increase gain_domain share by replacing replaced_domain share; conditional association
metric/the_pile_pubmed_central_val_loss,philpapers,stackexchange,-0.6662580092354167,increase gain_domain share by replacing replaced_domain share; conditional association
metric/the_pile_pubmed_central_val_loss,philpapers,enron_emails,-1.1222005063381844,increase gain_domain share by replacing replaced_domain share; conditional association
metric/the_pile_pubmed_central_val_loss,philpapers,gutenberg_pg_19,-0.6650303786157303,increase gain_domain share by replacing replaced_domain share; conditional association
metric/the_pile_pubmed_central_val_loss,philpapers,pile_cc,-0.6878233569223928,increase gain_domain share by replacing replaced_domain share; conditional association
metric/the_pile_pubmed_central_val_loss,philpapers,ubuntu_irc,-0.06830735014969336,increase gain_domain share by replacing replaced_domain share; conditional association
metric/the_pile_pubmed_central_val_loss,philpapers,europarl,0.33993360172148246,increase gain_domain share by replacing replaced_domain share; conditional association
metric/the_pile_pubmed_central_val_loss,philpapers,hackernews,-0.6558688290975829,increase gain_domain share by replacing replaced_domain share; conditional association
metric/the_pile_pubmed_central_val_loss,philpapers,pubmed_abstracts,0.6171194202582511,increase gain_domain share by replacing replaced_domain share; conditional association
metric/the_pile_pubmed_central_val_loss,philpapers,uspto_backgrounds,-0.29368788495519826,increase gain_domain share by replacing replaced_domain share; conditional association
metric/the_pile_pubmed_central_val_loss,stackexchange,enron_emails,-0.4559424971027677,increase gain_domain share by replacing replaced_domain share; conditional association
metric/the_pile_pubmed_central_val_loss,stackexchange,gutenberg_pg_19,0.0012276306196863374,increase gain_domain share by replacing replaced_domain share; conditional association
metric/the_pile_pubmed_central_val_loss,stackexchange,pile_cc,-0.021565347686976155,increase gain_domain share by replacing replaced_domain share; conditional association
metric/the_pile_pubmed_central_val_loss,stackexchange,ubuntu_irc,0.5979506590857233,increase gain_domain share by replacing replaced_domain share; conditional association
metric/the_pile_pubmed_central_val_loss,stackexchange,europarl,1.0061916109568991,increase gain_domain share by replacing replaced_domain share; conditional association
metric/the_pile_pubmed_central_val_loss,stackexchange,hackernews,0.010389180137833742,increase gain_domain share by replacing replaced_domain share; conditional association
metric/the_pile_pubmed_central_val_loss,stackexchange,pubmed_abstracts,1.2833774294936677,increase gain_domain share by replacing replaced_domain share; conditional association
metric/the_pile_pubmed_central_val_loss,stackexchange,uspto_backgrounds,0.3725701242802184,increase gain_domain share by replacing replaced_domain share; conditional association
metric/the_pile_pubmed_central_val_loss,enron_emails,gutenberg_pg_19,0.457170127722454,increase gain_domain share by replacing replaced_domain share; conditional association
metric/the_pile_pubmed_central_val_loss,enron_emails,pile_cc,0.43437714941579153,increase gain_domain share by replacing replaced_domain share; conditional association
metric/the_pile_pubmed_central_val_loss,enron_emails,ubuntu_irc,1.053893156188491,increase gain_domain share by replacing replaced_domain share; conditional association
metric/the_pile_pubmed_central_val_loss,enron_emails,europarl,1.4621341080596668,increase gain_domain share by replacing replaced_domain share; conditional association
metric/the_pile_pubmed_central_val_loss,enron_emails,hackernews,0.4663316772406014,increase gain_domain share by replacing replaced_domain share; conditional association
metric/the_pile_pubmed_central_val_loss,enron_emails,pubmed_abstracts,1.7393199265964354,increase gain_domain share by replacing replaced_domain share; conditional association
metric/the_pile_pubmed_central_val_loss,enron_emails,uspto_backgrounds,0.8285126213829861,increase gain_domain share by replacing replaced_domain share; conditional association
metric/the_pile_pubmed_central_val_loss,gutenberg_pg_19,pile_cc,-0.022792978306662492,increase gain_domain share by replacing replaced_domain share; conditional association
metric/the_pile_pubmed_central_val_loss,gutenberg_pg_19,ubuntu_irc,0.596723028466037,increase gain_domain share by replacing replaced_domain share; conditional association
metric/the_pile_pubmed_central_val_loss,gutenberg_pg_19,europarl,1.0049639803372128,increase gain_domain share by replacing replaced_domain share; conditional association
metric/the_pile_pubmed_central_val_loss,gutenberg_pg_19,hackernews,0.009161549518147405,increase gain_domain share by replacing replaced_domain share; conditional association
metric/the_pile_pubmed_central_val_loss,gutenberg_pg_19,pubmed_abstracts,1.2821497988739814,increase gain_domain share by replacing replaced_domain share; conditional association
metric/the_pile_pubmed_central_val_loss,gutenberg_pg_19,uspto_backgrounds,0.37134249366053207,increase gain_domain share by replacing replaced_domain share; conditional association
metric/the_pile_pubmed_central_val_loss,pile_cc,ubuntu_irc,0.6195160067726995,increase gain_domain share by replacing replaced_domain share; conditional association
metric/the_pile_pubmed_central_val_loss,pile_cc,europarl,1.0277569586438753,increase gain_domain share by replacing replaced_domain share; conditional association
metric/the_pile_pubmed_central_val_loss,pile_cc,hackernews,0.0319545278248099,increase gain_domain share by replacing replaced_domain share; conditional association
metric/the_pile_pubmed_central_val_loss,pile_cc,pubmed_abstracts,1.3049427771806439,increase gain_domain share by replacing replaced_domain share; conditional association
metric/the_pile_pubmed_central_val_loss,pile_cc,uspto_backgrounds,0.39413547196719456,increase gain_domain share by replacing replaced_domain share; conditional association
metric/the_pile_pubmed_central_val_loss,ubuntu_irc,europarl,0.4082409518711758,increase gain_domain share by replacing replaced_domain share; conditional association
metric/the_pile_pubmed_central_val_loss,ubuntu_irc,hackernews,-0.5875614789478896,increase gain_domain share by replacing replaced_domain share; conditional association
metric/the_pile_pubmed_central_val_loss,ubuntu_irc,pubmed_abstracts,0.6854267704079444,increase gain_domain share by replacing replaced_domain share; conditional association
metric/the_pile_pubmed_central_val_loss,ubuntu_irc,uspto_backgrounds,-0.2253805348055049,increase gain_domain share by replacing replaced_domain share; conditional association
metric/the_pile_pubmed_central_val_loss,europarl,hackernews,-0.9958024308190654,increase gain_domain share by replacing replaced_domain share; conditional association
metric/the_pile_pubmed_central_val_loss,europarl,pubmed_abstracts,0.2771858185367686,increase gain_domain share by replacing replaced_domain share; conditional association
metric/the_pile_pubmed_central_val_loss,europarl,uspto_backgrounds,-0.6336214866766807,increase gain_domain share by replacing replaced_domain share; conditional association
metric/the_pile_pubmed_central_val_loss,hackernews,pubmed_abstracts,1.272988249355834,increase gain_domain share by replacing replaced_domain share; conditional association
metric/the_pile_pubmed_central_val_loss,hackernews,uspto_backgrounds,0.36218094414238466,increase gain_domain share by replacing replaced_domain share; conditional association
metric/the_pile_pubmed_central_val_loss,pubmed_abstracts,uspto_backgrounds,-0.9108073052134493,increase gain_domain share by replacing replaced_domain share; conditional association
metric/the_pile_stackexchange_val_loss,arxiv,freelaw,-0.2641661318072508,increase gain_domain share by replacing replaced_domain share; conditional association
metric/the_pile_stackexchange_val_loss,arxiv,nih_exporter,2.04323621064698,increase gain_domain share by replacing replaced_domain share; conditional association
metric/the_pile_stackexchange_val_loss,arxiv,pubmed_central,-0.20310274744500179,increase gain_domain share by replacing replaced_domain share; conditional association
metric/the_pile_stackexchange_val_loss,arxiv,wikipedia_en,0.1089823190590038,increase gain_domain share by replacing replaced_domain share; conditional association
metric/the_pile_stackexchange_val_loss,arxiv,dm_mathematics,-0.17039645898055156,increase gain_domain share by replacing replaced_domain share; conditional association
metric/the_pile_stackexchange_val_loss,arxiv,github,3.0795995563278233,increase gain_domain share by replacing replaced_domain share; conditional association
metric/the_pile_stackexchange_val_loss,arxiv,philpapers,3.4070560031800436,increase gain_domain share by replacing replaced_domain share; conditional association
metric/the_pile_stackexchange_val_loss,arxiv,stackexchange,22.213354529469058,increase gain_domain share by replacing replaced_domain share; conditional association
metric/the_pile_stackexchange_val_loss,arxiv,enron_emails,1.6172006943403208,increase gain_domain share by replacing replaced_domain share; conditional association
metric/the_pile_stackexchange_val_loss,arxiv,gutenberg_pg_19,-0.1305592281563248,increase gain_domain share by replacing replaced_domain share; conditional association
metric/the_pile_stackexchange_val_loss,arxiv,pile_cc,0.3038034531412235,increase gain_domain share by replacing replaced_domain share; conditional association
metric/the_pile_stackexchange_val_loss,arxiv,ubuntu_irc,1.6785445488653739,increase gain_domain share by replacing replaced_domain share; conditional association
metric/the_pile_stackexchange_val_loss,arxiv,europarl,0.733803175138759,increase gain_domain share by replacing replaced_domain share; conditional association
metric/the_pile_stackexchange_val_loss,arxiv,hackernews,1.5417397561424901,increase gain_domain share by replacing replaced_domain share; conditional association
metric/the_pile_stackexchange_val_loss,arxiv,pubmed_abstracts,0.099592081225929,increase gain_domain share by replacing replaced_domain share; conditional association
metric/the_pile_stackexchange_val_loss,arxiv,uspto_backgrounds,-0.04077058710228121,increase gain_domain share by replacing replaced_domain share; conditional association
metric/the_pile_stackexchange_val_loss,freelaw,nih_exporter,2.307402342454231,increase gain_domain share by replacing replaced_domain share; conditional association
metric/the_pile_stackexchange_val_loss,freelaw,pubmed_central,0.06106338436224901,increase gain_domain share by replacing replaced_domain share; conditional association
metric/the_pile_stackexchange_val_loss,freelaw,wikipedia_en,0.3731484508662546,increase gain_domain share by replacing replaced_domain share; conditional association
metric/the_pile_stackexchange_val_loss,freelaw,dm_mathematics,0.09376967282669924,increase gain_domain share by replacing replaced_domain share; conditional association
metric/the_pile_stackexchange_val_loss,freelaw,github,3.343765688135074,increase gain_domain share by replacing replaced_domain share; conditional association
metric/the_pile_stackexchange_val_loss,freelaw,philpapers,3.6712221349872944,increase gain_domain share by replacing replaced_domain share; conditional association
metric/the_pile_stackexchange_val_loss,freelaw,stackexchange,22.47752066127631,increase gain_domain share by replacing replaced_domain share; conditional association
metric/the_pile_stackexchange_val_loss,freelaw,enron_emails,1.8813668261475716,increase gain_domain share by replacing replaced_domain share; conditional association
metric/the_pile_stackexchange_val_loss,freelaw,gutenberg_pg_19,0.13360690365092598,increase gain_domain share by replacing replaced_domain share; conditional association
metric/the_pile_stackexchange_val_loss,freelaw,pile_cc,0.5679695849484743,increase gain_domain share by replacing replaced_domain share; conditional association
metric/the_pile_stackexchange_val_loss,freelaw,ubuntu_irc,1.9427106806726246,increase gain_domain share by replacing replaced_domain share; conditional association
metric/the_pile_stackexchange_val_loss,freelaw,europarl,0.9979693069460098,increase gain_domain share by replacing replaced_domain share; conditional association
metric/the_pile_stackexchange_val_loss,freelaw,hackernews,1.805905887949741,increase gain_domain share by replacing replaced_domain share; conditional association
metric/the_pile_stackexchange_val_loss,freelaw,pubmed_abstracts,0.3637582130331798,increase gain_domain share by replacing replaced_domain share; conditional association
metric/the_pile_stackexchange_val_loss,freelaw,uspto_backgrounds,0.22339554470496958,increase gain_domain share by replacing replaced_domain share; conditional association
metric/the_pile_stackexchange_val_loss,nih_exporter,pubmed_central,-2.246338958091982,increase gain_domain share by replacing replaced_domain share; conditional association
metric/the_pile_stackexchange_val_loss,nih_exporter,wikipedia_en,-1.9342538915879763,increase gain_domain share by replacing replaced_domain share; conditional association
metric/the_pile_stackexchange_val_loss,nih_exporter,dm_mathematics,-2.2136326696275317,increase gain_domain share by replacing replaced_domain share; conditional association
metric/the_pile_stackexchange_val_loss,nih_exporter,github,1.0363633456808432,increase gain_domain share by replacing replaced_domain share; conditional association
metric/the_pile_stackexchange_val_loss,nih_exporter,philpapers,1.3638197925330635,increase gain_domain share by replacing replaced_domain share; conditional association
metric/the_pile_stackexchange_val_loss,nih_exporter,stackexchange,20.170118318822077,increase gain_domain share by replacing replaced_domain share; conditional association
metric/the_pile_stackexchange_val_loss,nih_exporter,enron_emails,-0.42603551630665926,increase gain_domain share by replacing replaced_domain share; conditional association
metric/the_pile_stackexchange_val_loss,nih_exporter,gutenberg_pg_19,-2.173795438803305,increase gain_domain share by replacing replaced_domain share; conditional association
metric/the_pile_stackexchange_val_loss,nih_exporter,pile_cc,-1.7394327575057567,increase gain_domain share by replacing replaced_domain share; conditional association
metric/the_pile_stackexchange_val_loss,nih_exporter,ubuntu_irc,-0.3646916617816063,increase gain_domain share by replacing replaced_domain share; conditional association
metric/the_pile_stackexchange_val_loss,nih_exporter,europarl,-1.309433035508221,increase gain_domain share by replacing replaced_domain share; conditional association
metric/the_pile_stackexchange_val_loss,nih_exporter,hackernews,-0.5014964545044901,increase gain_domain share by replacing replaced_domain share; conditional association
metric/the_pile_stackexchange_val_loss,nih_exporter,pubmed_abstracts,-1.9436441294210511,increase gain_domain share by replacing replaced_domain share; conditional association
metric/the_pile_stackexchange_val_loss,nih_exporter,uspto_backgrounds,-2.0840067977492613,increase gain_domain share by replacing replaced_domain share; conditional association
metric/the_pile_stackexchange_val_loss,pubmed_central,wikipedia_en,0.3120850665040056,increase gain_domain share by replacing replaced_domain share; conditional association
metric/the_pile_stackexchange_val_loss,pubmed_central,dm_mathematics,0.03270628846445023,increase gain_domain share by replacing replaced_domain share; conditional association
metric/the_pile_stackexchange_val_loss,pubmed_central,github,3.282702303772825,increase gain_domain share by replacing replaced_domain share; conditional association
metric/the_pile_stackexchange_val_loss,pubmed_central,philpapers,3.6101587506250454,increase gain_domain share by replacing replaced_domain share; conditional association
metric/the_pile_stackexchange_val_loss,pubmed_central,stackexchange,22.41645727691406,increase gain_domain share by replacing replaced_domain share; conditional association
metric/the_pile_stackexchange_val_loss,pubmed_central,enron_emails,1.8203034417853226,increase gain_domain share by replacing replaced_domain share; conditional association
metric/the_pile_stackexchange_val_loss,pubmed_central,gutenberg_pg_19,0.07254351928867697,increase gain_domain share by replacing replaced_domain share; conditional association
metric/the_pile_stackexchange_val_loss,pubmed_central,pile_cc,0.5069062005862253,increase gain_domain share by replacing replaced_domain share; conditional association
metric/the_pile_stackexchange_val_loss,pubmed_central,ubuntu_irc,1.8816472963103756,increase gain_domain share by replacing replaced_domain share; conditional association
metric/the_pile_stackexchange_val_loss,pubmed_central,europarl,0.9369059225837608,increase gain_domain share by replacing replaced_domain share; conditional association
metric/the_pile_stackexchange_val_loss,pubmed_central,hackernews,1.744842503587492,increase gain_domain share by replacing replaced_domain share; conditional association
metric/the_pile_stackexchange_val_loss,pubmed_central,pubmed_abstracts,0.3026948286709308,increase gain_domain share by replacing replaced_domain share; conditional association
metric/the_pile_stackexchange_val_loss,pubmed_central,uspto_backgrounds,0.16233216034272058,increase gain_domain share by replacing replaced_domain share; conditional association
metric/the_pile_stackexchange_val_loss,wikipedia_en,dm_mathematics,-0.27937877803955535,increase gain_domain share by replacing replaced_domain share; conditional association
metric/the_pile_stackexchange_val_loss,wikipedia_en,github,2.9706172372688195,increase gain_domain share by replacing replaced_domain share; conditional association
metric/the_pile_stackexchange_val_loss,wikipedia_en,philpapers,3.29807368412104,increase gain_domain share by replacing replaced_domain share; conditional association
metric/the_pile_stackexchange_val_loss,wikipedia_en,stackexchange,22.10437221041005,increase gain_domain share by replacing replaced_domain share; conditional association
metric/the_pile_stackexchange_val_loss,wikipedia_en,enron_emails,1.508218375281317,increase gain_domain share by replacing replaced_domain share; conditional association
metric/the_pile_stackexchange_val_loss,wikipedia_en,gutenberg_pg_19,-0.2395415472153286,increase gain_domain share by replacing replaced_domain share; conditional association
metric/the_pile_stackexchange_val_loss,wikipedia_en,pile_cc,0.19482113408221968,increase gain_domain share by replacing replaced_domain share; conditional association
metric/the_pile_stackexchange_val_loss,wikipedia_en,ubuntu_irc,1.56956222980637,increase gain_domain share by replacing replaced_domain share; conditional association
metric/the_pile_stackexchange_val_loss,wikipedia_en,europarl,0.6248208560797552,increase gain_domain share by replacing replaced_domain share; conditional association
metric/the_pile_stackexchange_val_loss,wikipedia_en,hackernews,1.4327574370834864,increase gain_domain share by replacing replaced_domain share; conditional association
metric/the_pile_stackexchange_val_loss,wikipedia_en,pubmed_abstracts,-0.0093902378330748,increase gain_domain share by replacing replaced_domain share; conditional association
metric/the_pile_stackexchange_val_loss,wikipedia_en,uspto_backgrounds,-0.149752906161285,increase gain_domain share by replacing replaced_domain share; conditional association
metric/the_pile_stackexchange_val_loss,dm_mathematics,github,3.249996015308375,increase gain_domain share by replacing replaced_domain share; conditional association
metric/the_pile_stackexchange_val_loss,dm_mathematics,philpapers,3.577452462160595,increase gain_domain share by replacing replaced_domain share; conditional association
metric/the_pile_stackexchange_val_loss,dm_mathematics,stackexchange,22.38375098844961,increase gain_domain share by replacing replaced_domain share; conditional association
metric/the_pile_stackexchange_val_loss,dm_mathematics,enron_emails,1.7875971533208723,increase gain_domain share by replacing replaced_domain share; conditional association
metric/the_pile_stackexchange_val_loss,dm_mathematics,gutenberg_pg_19,0.039837230824226744,increase gain_domain share by replacing replaced_domain share; conditional association
metric/the_pile_stackexchange_val_loss,dm_mathematics,pile_cc,0.47419991212177504,increase gain_domain share by replacing replaced_domain share; conditional association
metric/the_pile_stackexchange_val_loss,dm_mathematics,ubuntu_irc,1.8489410078459254,increase gain_domain share by replacing replaced_domain share; conditional association
metric/the_pile_stackexchange_val_loss,dm_mathematics,europarl,0.9041996341193106,increase gain_domain share by replacing replaced_domain share; conditional association
metric/the_pile_stackexchange_val_loss,dm_mathematics,hackernews,1.7121362151230417,increase gain_domain share by replacing replaced_domain share; conditional association
metric/the_pile_stackexchange_val_loss,dm_mathematics,pubmed_abstracts,0.26998854020648055,increase gain_domain share by replacing replaced_domain share; conditional association
metric/the_pile_stackexchange_val_loss,dm_mathematics,uspto_backgrounds,0.12962587187827035,increase gain_domain share by replacing replaced_domain share; conditional association
metric/the_pile_stackexchange_val_loss,github,philpapers,0.3274564468522203,increase gain_domain share by replacing replaced_domain share; conditional association
metric/the_pile_stackexchange_val_loss,github,stackexchange,19.133754973141233,increase gain_domain share by replacing replaced_domain share; conditional association
metric/the_pile_stackexchange_val_loss,github,enron_emails,-1.4623988619875026,increase gain_domain share by replacing replaced_domain share; conditional association
metric/the_pile_stackexchange_val_loss,github,gutenberg_pg_19,-3.210158784484148,increase gain_domain share by replacing replaced_domain share; conditional association
metric/the_pile_stackexchange_val_loss,github,pile_cc,-2.7757961031866,increase gain_domain share by replacing replaced_domain share; conditional association
metric/the_pile_stackexchange_val_loss,github,ubuntu_irc,-1.4010550074624495,increase gain_domain share by replacing replaced_domain share; conditional association
metric/the_pile_stackexchange_val_loss,github,europarl,-2.3457963811890643,increase gain_domain share by replacing replaced_domain share; conditional association
metric/the_pile_stackexchange_val_loss,github,hackernews,-1.5378598001853332,increase gain_domain share by replacing replaced_domain share; conditional association
metric/the_pile_stackexchange_val_loss,github,pubmed_abstracts,-2.9800074751018943,increase gain_domain share by replacing replaced_domain share; conditional association
metric/the_pile_stackexchange_val_loss,github,uspto_backgrounds,-3.1203701434301045,increase gain_domain share by replacing replaced_domain share; conditional association
metric/the_pile_stackexchange_val_loss,philpapers,stackexchange,18.806298526289012,increase gain_domain share by replacing replaced_domain share; conditional association
metric/the_pile_stackexchange_val_loss,philpapers,enron_emails,-1.7898553088397229,increase gain_domain share by replacing replaced_domain share; conditional association
metric/the_pile_stackexchange_val_loss,philpapers,gutenberg_pg_19,-3.5376152313363685,increase gain_domain share by replacing replaced_domain share; conditional association
metric/the_pile_stackexchange_val_loss,philpapers,pile_cc,-3.10325255003882,increase gain_domain share by replacing replaced_domain share; conditional association
metric/the_pile_stackexchange_val_loss,philpapers,ubuntu_irc,-1.7285114543146698,increase gain_domain share by replacing replaced_domain share; conditional association
metric/the_pile_stackexchange_val_loss,philpapers,europarl,-2.6732528280412846,increase gain_domain share by replacing replaced_domain share; conditional association
metric/the_pile_stackexchange_val_loss,philpapers,hackernews,-1.8653162470375535,increase gain_domain share by replacing replaced_domain share; conditional association
metric/the_pile_stackexchange_val_loss,philpapers,pubmed_abstracts,-3.3074639219541146,increase gain_domain share by replacing replaced_domain share; conditional association
metric/the_pile_stackexchange_val_loss,philpapers,uspto_backgrounds,-3.447826590282325,increase gain_domain share by replacing replaced_domain share; conditional association
metric/the_pile_stackexchange_val_loss,stackexchange,enron_emails,-20.596153835128735,increase gain_domain share by replacing replaced_domain share; conditional association
metric/the_pile_stackexchange_val_loss,stackexchange,gutenberg_pg_19,-22.34391375762538,increase gain_domain share by replacing replaced_domain share; conditional association
metric/the_pile_stackexchange_val_loss,stackexchange,pile_cc,-21.909551076327833,increase gain_domain share by replacing replaced_domain share; conditional association
metric/the_pile_stackexchange_val_loss,stackexchange,ubuntu_irc,-20.534809980603683,increase gain_domain share by replacing replaced_domain share; conditional association
metric/the_pile_stackexchange_val_loss,stackexchange,europarl,-21.479551354330297,increase gain_domain share by replacing replaced_domain share; conditional association
metric/the_pile_stackexchange_val_loss,stackexchange,hackernews,-20.671614773326567,increase gain_domain share by replacing replaced_domain share; conditional association
metric/the_pile_stackexchange_val_loss,stackexchange,pubmed_abstracts,-22.11376244824313,increase gain_domain share by replacing replaced_domain share; conditional association
metric/the_pile_stackexchange_val_loss,stackexchange,uspto_backgrounds,-22.254125116571338,increase gain_domain share by replacing replaced_domain share; conditional association
metric/the_pile_stackexchange_val_loss,enron_emails,gutenberg_pg_19,-1.7477599224966456,increase gain_domain share by replacing replaced_domain share; conditional association
metric/the_pile_stackexchange_val_loss,enron_emails,pile_cc,-1.3133972411990973,increase gain_domain share by replacing replaced_domain share; conditional association
metric/the_pile_stackexchange_val_loss,enron_emails,ubuntu_irc,0.06134385452505298,increase gain_domain share by replacing replaced_domain share; conditional association
metric/the_pile_stackexchange_val_loss,enron_emails,europarl,-0.8833975192015618,increase gain_domain share by replacing replaced_domain share; conditional association
metric/the_pile_stackexchange_val_loss,enron_emails,hackernews,-0.07546093819783084,increase gain_domain share by replacing replaced_domain share; conditional association
metric/the_pile_stackexchange_val_loss,enron_emails,pubmed_abstracts,-1.5176086131143918,increase gain_domain share by replacing replaced_domain share; conditional association
metric/the_pile_stackexchange_val_loss,enron_emails,uspto_backgrounds,-1.657971281442602,increase gain_domain share by replacing replaced_domain share; conditional association
metric/the_pile_stackexchange_val_loss,gutenberg_pg_19,pile_cc,0.4343626812975483,increase gain_domain share by replacing replaced_domain share; conditional association
metric/the_pile_stackexchange_val_loss,gutenberg_pg_19,ubuntu_irc,1.8091037770216987,increase gain_domain share by replacing replaced_domain share; conditional association
metric/the_pile_stackexchange_val_loss,gutenberg_pg_19,europarl,0.8643624032950838,increase gain_domain share by replacing replaced_domain share; conditional association
metric/the_pile_stackexchange_val_loss,gutenberg_pg_19,hackernews,1.672298984298815,increase gain_domain share by replacing replaced_domain share; conditional association
metric/the_pile_stackexchange_val_loss,gutenberg_pg_19,pubmed_abstracts,0.2301513093822538,increase gain_domain share by replacing replaced_domain share; conditional association
metric/the_pile_stackexchange_val_loss,gutenberg_pg_19,uspto_backgrounds,0.0897886410540436,increase gain_domain share by replacing replaced_domain share; conditional association
metric/the_pile_stackexchange_val_loss,pile_cc,ubuntu_irc,1.3747410957241504,increase gain_domain share by replacing replaced_domain share; conditional association
metric/the_pile_stackexchange_val_loss,pile_cc,europarl,0.42999972199753556,increase gain_domain share by replacing replaced_domain share; conditional association
metric/the_pile_stackexchange_val_loss,pile_cc,hackernews,1.2379363030012667,increase gain_domain share by replacing replaced_domain share; conditional association
metric/the_pile_stackexchange_val_loss,pile_cc,pubmed_abstracts,-0.20421137191529448,increase gain_domain share by replacing replaced_domain share; conditional association
metric/the_pile_stackexchange_val_loss,pile_cc,uspto_backgrounds,-0.3445740402435047,increase gain_domain share by replacing replaced_domain share; conditional association
metric/the_pile_stackexchange_val_loss,ubuntu_irc,europarl,-0.9447413737266148,increase gain_domain share by replacing replaced_domain share; conditional association
metric/the_pile_stackexchange_val_loss,ubuntu_irc,hackernews,-0.13680479272288382,increase gain_domain share by replacing replaced_domain share; conditional association
metric/the_pile_stackexchange_val_loss,ubuntu_irc,pubmed_abstracts,-1.5789524676394449,increase gain_domain share by replacing replaced_domain share; conditional association
metric/the_pile_stackexchange_val_loss,ubuntu_irc,uspto_backgrounds,-1.719315135967655,increase gain_domain share by replacing replaced_domain share; conditional association
metric/the_pile_stackexchange_val_loss,europarl,hackernews,0.807936581003731,increase gain_domain share by replacing replaced_domain share; conditional association
metric/the_pile_stackexchange_val_loss,europarl,pubmed_abstracts,-0.63421109391283,increase gain_domain share by replacing replaced_domain share; conditional association
metric/the_pile_stackexchange_val_loss,europarl,uspto_backgrounds,-0.7745737622410402,increase gain_domain share by replacing replaced_domain share; conditional association
metric/the_pile_stackexchange_val_loss,hackernews,pubmed_abstracts,-1.4421476749165612,increase gain_domain share by replacing replaced_domain share; conditional association
metric/the_pile_stackexchange_val_loss,hackernews,uspto_backgrounds,-1.5825103432447714,increase gain_domain share by replacing replaced_domain share; conditional association
metric/the_pile_stackexchange_val_loss,pubmed_abstracts,uspto_backgrounds,-0.1403626683282102,increase gain_domain share by replacing replaced_domain share; conditional association
metric/the_pile_ubuntu_irc_val_loss,arxiv,freelaw,-0.03715570301257198,increase gain_domain share by replacing replaced_domain share; conditional association
metric/the_pile_ubuntu_irc_val_loss,arxiv,nih_exporter,1.987892296503597,increase gain_domain share by replacing replaced_domain share; conditional association
metric/the_pile_ubuntu_irc_val_loss,arxiv,pubmed_central,-0.07441075907152994,increase gain_domain share by replacing replaced_domain share; conditional association
metric/the_pile_ubuntu_irc_val_loss,arxiv,wikipedia_en,-0.024173537605394646,increase gain_domain share by replacing replaced_domain share; conditional association
metric/the_pile_ubuntu_irc_val_loss,arxiv,dm_mathematics,0.13925236565296295,increase gain_domain share by replacing replaced_domain share; conditional association
metric/the_pile_ubuntu_irc_val_loss,arxiv,github,0.11869762241867798,increase gain_domain share by replacing replaced_domain share; conditional association
metric/the_pile_ubuntu_irc_val_loss,arxiv,philpapers,3.3952651836821746,increase gain_domain share by replacing replaced_domain share; conditional association
metric/the_pile_ubuntu_irc_val_loss,arxiv,stackexchange,0.18606755532197328,increase gain_domain share by replacing replaced_domain share; conditional association
metric/the_pile_ubuntu_irc_val_loss,arxiv,enron_emails,7.1567362679486575,increase gain_domain share by replacing replaced_domain share; conditional association
metric/the_pile_ubuntu_irc_val_loss,arxiv,gutenberg_pg_19,0.22617564507700827,increase gain_domain share by replacing replaced_domain share; conditional association
metric/the_pile_ubuntu_irc_val_loss,arxiv,pile_cc,0.1568635208126392,increase gain_domain share by replacing replaced_domain share; conditional association
metric/the_pile_ubuntu_irc_val_loss,arxiv,ubuntu_irc,21.91926086613867,increase gain_domain share by replacing replaced_domain share; conditional association
metric/the_pile_ubuntu_irc_val_loss,arxiv,europarl,2.0470754932190096,increase gain_domain share by replacing replaced_domain share; conditional association
metric/the_pile_ubuntu_irc_val_loss,arxiv,hackernews,1.1759194459910476,increase gain_domain share by replacing replaced_domain share; conditional association
metric/the_pile_ubuntu_irc_val_loss,arxiv,pubmed_abstracts,0.007510329962106876,increase gain_domain share by replacing replaced_domain share; conditional association
metric/the_pile_ubuntu_irc_val_loss,arxiv,uspto_backgrounds,0.03222209478876792,increase gain_domain share by replacing replaced_domain share; conditional association
metric/the_pile_ubuntu_irc_val_loss,freelaw,nih_exporter,2.025047999516169,increase gain_domain share by replacing replaced_domain share; conditional association
metric/the_pile_ubuntu_irc_val_loss,freelaw,pubmed_central,-0.03725505605895796,increase gain_domain share by replacing replaced_domain share; conditional association
metric/the_pile_ubuntu_irc_val_loss,freelaw,wikipedia_en,0.012982165407177337,increase gain_domain share by replacing replaced_domain share; conditional association
metric/the_pile_ubuntu_irc_val_loss,freelaw,dm_mathematics,0.17640806866553493,increase gain_domain share by replacing replaced_domain share; conditional association
metric/the_pile_ubuntu_irc_val_loss,freelaw,github,0.15585332543124997,increase gain_domain share by replacing replaced_domain share; conditional association
metric/the_pile_ubuntu_irc_val_loss,freelaw,philpapers,3.4324208866947465,increase gain_domain share by replacing replaced_domain share; conditional association
metric/the_pile_ubuntu_irc_val_loss,freelaw,stackexchange,0.22322325833454526,increase gain_domain share by replacing replaced_domain share; conditional association
metric/the_pile_ubuntu_irc_val_loss,freelaw,enron_emails,7.193891970961229,increase gain_domain share by replacing replaced_domain share; conditional association
metric/the_pile_ubuntu_irc_val_loss,freelaw,gutenberg_pg_19,0.26333134808958025,increase gain_domain share by replacing replaced_domain share; conditional association
metric/the_pile_ubuntu_irc_val_loss,freelaw,pile_cc,0.1940192238252112,increase gain_domain share by replacing replaced_domain share; conditional association
metric/the_pile_ubuntu_irc_val_loss,freelaw,ubuntu_irc,21.956416569151244,increase gain_domain share by replacing replaced_domain share; conditional association
metric/the_pile_ubuntu_irc_val_loss,freelaw,europarl,2.0842311962315816,increase gain_domain share by replacing replaced_domain share; conditional association
metric/the_pile_ubuntu_irc_val_loss,freelaw,hackernews,1.2130751490036196,increase gain_domain share by replacing replaced_domain share; conditional association
metric/the_pile_ubuntu_irc_val_loss,freelaw,pubmed_abstracts,0.04466603297467886,increase gain_domain share by replacing replaced_domain share; conditional association
metric/the_pile_ubuntu_irc_val_loss,freelaw,uspto_backgrounds,0.0693777978013399,increase gain_domain share by replacing replaced_domain share; conditional association
metric/the_pile_ubuntu_irc_val_loss,nih_exporter,pubmed_central,-2.062303055575127,increase gain_domain share by replacing replaced_domain share; conditional association
metric/the_pile_ubuntu_irc_val_loss,nih_exporter,wikipedia_en,-2.012065834108992,increase gain_domain share by replacing replaced_domain share; conditional association
metric/the_pile_ubuntu_irc_val_loss,nih_exporter,dm_mathematics,-1.848639930850634,increase gain_domain share by replacing replaced_domain share; conditional association
metric/the_pile_ubuntu_irc_val_loss,nih_exporter,github,-1.869194674084919,increase gain_domain share by replacing replaced_domain share; conditional association
metric/the_pile_ubuntu_irc_val_loss,nih_exporter,philpapers,1.4073728871785776,increase gain_domain share by replacing replaced_domain share; conditional association
metric/the_pile_ubuntu_irc_val_loss,nih_exporter,stackexchange,-1.8018247411816237,increase gain_domain share by replacing replaced_domain share; conditional association
metric/the_pile_ubuntu_irc_val_loss,nih_exporter,enron_emails,5.16884397144506,increase gain_domain share by replacing replaced_domain share; conditional association
metric/the_pile_ubuntu_irc_val_loss,nih_exporter,gutenberg_pg_19,-1.7617166514265887,increase gain_domain share by replacing replaced_domain share; conditional association
metric/the_pile_ubuntu_irc_val_loss,nih_exporter,pile_cc,-1.8310287756909578,increase gain_domain share by replacing replaced_domain share; conditional association
metric/the_pile_ubuntu_irc_val_loss,nih_exporter,ubuntu_irc,19.931368569635072,increase gain_domain share by replacing replaced_domain share; conditional association
metric/the_pile_ubuntu_irc_val_loss,nih_exporter,europarl,0.059183196715412695,increase gain_domain share by replacing replaced_domain share; conditional association
metric/the_pile_ubuntu_irc_val_loss,nih_exporter,hackernews,-0.8119728505125494,increase gain_domain share by replacing replaced_domain share; conditional association
metric/the_pile_ubuntu_irc_val_loss,nih_exporter,pubmed_abstracts,-1.9803819665414901,increase gain_domain share by replacing replaced_domain share; conditional association
metric/the_pile_ubuntu_irc_val_loss,nih_exporter,uspto_backgrounds,-1.955670201714829,increase gain_domain share by replacing replaced_domain share; conditional association
metric/the_pile_ubuntu_irc_val_loss,pubmed_central,wikipedia_en,0.050237221466135296,increase gain_domain share by replacing replaced_domain share; conditional association
metric/the_pile_ubuntu_irc_val_loss,pubmed_central,dm_mathematics,0.2136631247244929,increase gain_domain share by replacing replaced_domain share; conditional association
metric/the_pile_ubuntu_irc_val_loss,pubmed_central,github,0.19310838149020793,increase gain_domain share by replacing replaced_domain share; conditional association
metric/the_pile_ubuntu_irc_val_loss,pubmed_central,philpapers,3.4696759427537045,increase gain_domain share by replacing replaced_domain share; conditional association
metric/the_pile_ubuntu_irc_val_loss,pubmed_central,stackexchange,0.2604783143935032,increase gain_domain share by replacing replaced_domain share; conditional association
metric/the_pile_ubuntu_irc_val_loss,pubmed_central,enron_emails,7.231147027020187,increase gain_domain share by replacing replaced_domain share; conditional association
metric/the_pile_ubuntu_irc_val_loss,pubmed_central,gutenberg_pg_19,0.3005864041485382,increase gain_domain share by replacing replaced_domain share; conditional association
metric/the_pile_ubuntu_irc_val_loss,pubmed_central,pile_cc,0.23127427988416915,increase gain_domain share by replacing replaced_domain share; conditional association
metric/the_pile_ubuntu_irc_val_loss,pubmed_central,ubuntu_irc,21.9936716252102,increase gain_domain share by replacing replaced_domain share; conditional association
metric/the_pile_ubuntu_irc_val_loss,pubmed_central,europarl,2.1214862522905396,increase gain_domain share by replacing replaced_domain share; conditional association
metric/the_pile_ubuntu_irc_val_loss,pubmed_central,hackernews,1.2503302050625775,increase gain_domain share by replacing replaced_domain share; conditional association
metric/the_pile_ubuntu_irc_val_loss,pubmed_central,pubmed_abstracts,0.08192108903363682,increase gain_domain share by replacing replaced_domain share; conditional association
metric/the_pile_ubuntu_irc_val_loss,pubmed_central,uspto_backgrounds,0.10663285386029786,increase gain_domain share by replacing replaced_domain share; conditional association
metric/the_pile_ubuntu_irc_val_loss,wikipedia_en,dm_mathematics,0.1634259032583576,increase gain_domain share by replacing replaced_domain share; conditional association
metric/the_pile_ubuntu_irc_val_loss,wikipedia_en,github,0.14287116002407263,increase gain_domain share by replacing replaced_domain share; conditional association
metric/the_pile_ubuntu_irc_val_loss,wikipedia_en,philpapers,3.419438721287569,increase gain_domain share by replacing replaced_domain share; conditional association
metric/the_pile_ubuntu_irc_val_loss,wikipedia_en,stackexchange,0.21024109292736792,increase gain_domain share by replacing replaced_domain share; conditional association
metric/the_pile_ubuntu_irc_val_loss,wikipedia_en,enron_emails,7.180909805554052,increase gain_domain share by replacing replaced_domain share; conditional association
metric/the_pile_ubuntu_irc_val_loss,wikipedia_en,gutenberg_pg_19,0.2503491826824029,increase gain_domain share by replacing replaced_domain share; conditional association
metric/the_pile_ubuntu_irc_val_loss,wikipedia_en,pile_cc,0.18103705841803386,increase gain_domain share by replacing replaced_domain share; conditional association
metric/the_pile_ubuntu_irc_val_loss,wikipedia_en,ubuntu_irc,21.943434403744064,increase gain_domain share by replacing replaced_domain share; conditional association
metric/the_pile_ubuntu_irc_val_loss,wikipedia_en,europarl,2.0712490308244043,increase gain_domain share by replacing replaced_domain share; conditional association
metric/the_pile_ubuntu_irc_val_loss,wikipedia_en,hackernews,1.2000929835964422,increase gain_domain share by replacing replaced_domain share; conditional association
metric/the_pile_ubuntu_irc_val_loss,wikipedia_en,pubmed_abstracts,0.03168386756750152,increase gain_domain share by replacing replaced_domain share; conditional association
metric/the_pile_ubuntu_irc_val_loss,wikipedia_en,uspto_backgrounds,0.056395632394162565,increase gain_domain share by replacing replaced_domain share; conditional association
metric/the_pile_ubuntu_irc_val_loss,dm_mathematics,github,-0.020554743234284967,increase gain_domain share by replacing replaced_domain share; conditional association
metric/the_pile_ubuntu_irc_val_loss,dm_mathematics,philpapers,3.2560128180292116,increase gain_domain share by replacing replaced_domain share; conditional association
metric/the_pile_ubuntu_irc_val_loss,dm_mathematics,stackexchange,0.046815189669010326,increase gain_domain share by replacing replaced_domain share; conditional association
metric/the_pile_ubuntu_irc_val_loss,dm_mathematics,enron_emails,7.0174839022956945,increase gain_domain share by replacing replaced_domain share; conditional association
metric/the_pile_ubuntu_irc_val_loss,dm_mathematics,gutenberg_pg_19,0.08692327942404532,increase gain_domain share by replacing replaced_domain share; conditional association
metric/the_pile_ubuntu_irc_val_loss,dm_mathematics,pile_cc,0.01761115515967626,increase gain_domain share by replacing replaced_domain share; conditional association
metric/the_pile_ubuntu_irc_val_loss,dm_mathematics,ubuntu_irc,21.780008500485707,increase gain_domain share by replacing replaced_domain share; conditional association
metric/the_pile_ubuntu_irc_val_loss,dm_mathematics,europarl,1.9078231275660469,increase gain_domain share by replacing replaced_domain share; conditional association
metric/the_pile_ubuntu_irc_val_loss,dm_mathematics,hackernews,1.0366670803380846,increase gain_domain share by replacing replaced_domain share; conditional association
metric/the_pile_ubuntu_irc_val_loss,dm_mathematics,pubmed_abstracts,-0.13174203569085607,increase gain_domain share by replacing replaced_domain share; conditional association
metric/the_pile_ubuntu_irc_val_loss,dm_mathematics,uspto_backgrounds,-0.10703027086419503,increase gain_domain share by replacing replaced_domain share; conditional association
metric/the_pile_ubuntu_irc_val_loss,github,philpapers,3.2765675612634966,increase gain_domain share by replacing replaced_domain share; conditional association
metric/the_pile_ubuntu_irc_val_loss,github,stackexchange,0.0673699329032953,increase gain_domain share by replacing replaced_domain share; conditional association
metric/the_pile_ubuntu_irc_val_loss,github,enron_emails,7.038038645529979,increase gain_domain share by replacing replaced_domain share; conditional association
metric/the_pile_ubuntu_irc_val_loss,github,gutenberg_pg_19,0.10747802265833029,increase gain_domain share by replacing replaced_domain share; conditional association
metric/the_pile_ubuntu_irc_val_loss,github,pile_cc,0.03816589839396123,increase gain_domain share by replacing replaced_domain share; conditional association
metric/the_pile_ubuntu_irc_val_loss,github,ubuntu_irc,21.800563243719992,increase gain_domain share by replacing replaced_domain share; conditional association
metric/the_pile_ubuntu_irc_val_loss,github,europarl,1.9283778708003319,increase gain_domain share by replacing replaced_domain share; conditional association
metric/the_pile_ubuntu_irc_val_loss,github,hackernews,1.0572218235723696,increase gain_domain share by replacing replaced_domain share; conditional association
metric/the_pile_ubuntu_irc_val_loss,github,pubmed_abstracts,-0.11118729245657111,increase gain_domain share by replacing replaced_domain share; conditional association
metric/the_pile_ubuntu_irc_val_loss,github,uspto_backgrounds,-0.08647552762991007,increase gain_domain share by replacing replaced_domain share; conditional association
metric/the_pile_ubuntu_irc_val_loss,philpapers,stackexchange,-3.2091976283602013,increase gain_domain share by replacing replaced_domain share; conditional association
metric/the_pile_ubuntu_irc_val_loss,philpapers,enron_emails,3.7614710842664825,increase gain_domain share by replacing replaced_domain share; conditional association
metric/the_pile_ubuntu_irc_val_loss,philpapers,gutenberg_pg_19,-3.1690895386051663,increase gain_domain share by replacing replaced_domain share; conditional association
metric/the_pile_ubuntu_irc_val_loss,philpapers,pile_cc,-3.2384016628695353,increase gain_domain share by replacing replaced_domain share; conditional association
metric/the_pile_ubuntu_irc_val_loss,philpapers,ubuntu_irc,18.523995682456498,increase gain_domain share by replacing replaced_domain share; conditional association
metric/the_pile_ubuntu_irc_val_loss,philpapers,europarl,-1.3481896904631647,increase gain_domain share by replacing replaced_domain share; conditional association
metric/the_pile_ubuntu_irc_val_loss,philpapers,hackernews,-2.219345737691127,increase gain_domain share by replacing replaced_domain share; conditional association
metric/the_pile_ubuntu_irc_val_loss,philpapers,pubmed_abstracts,-3.3877548537200677,increase gain_domain share by replacing replaced_domain share; conditional association
metric/the_pile_ubuntu_irc_val_loss,philpapers,uspto_backgrounds,-3.3630430888934066,increase gain_domain share by replacing replaced_domain share; conditional association
metric/the_pile_ubuntu_irc_val_loss,stackexchange,enron_emails,6.970668712626684,increase gain_domain share by replacing replaced_domain share; conditional association
metric/the_pile_ubuntu_irc_val_loss,stackexchange,gutenberg_pg_19,0.04010808975503499,increase gain_domain share by replacing replaced_domain share; conditional association
metric/the_pile_ubuntu_irc_val_loss,stackexchange,pile_cc,-0.029204034509334065,increase gain_domain share by replacing replaced_domain share; conditional association
metric/the_pile_ubuntu_irc_val_loss,stackexchange,ubuntu_irc,21.7331933108167,increase gain_domain share by replacing replaced_domain share; conditional association
metric/the_pile_ubuntu_irc_val_loss,stackexchange,europarl,1.8610079378970366,increase gain_domain share by replacing replaced_domain share; conditional association
metric/the_pile_ubuntu_irc_val_loss,stackexchange,hackernews,0.9898518906690743,increase gain_domain share by replacing replaced_domain share; conditional association
metric/the_pile_ubuntu_irc_val_loss,stackexchange,pubmed_abstracts,-0.1785572253598664,increase gain_domain share by replacing replaced_domain share; conditional association
metric/the_pile_ubuntu_irc_val_loss,stackexchange,uspto_backgrounds,-0.15384546053320536,increase gain_domain share by replacing replaced_domain share; conditional association
metric/the_pile_ubuntu_irc_val_loss,enron_emails,gutenberg_pg_19,-6.930560622871649,increase gain_domain share by replacing replaced_domain share; conditional association
metric/the_pile_ubuntu_irc_val_loss,enron_emails,pile_cc,-6.999872747136018,increase gain_domain share by replacing replaced_domain share; conditional association
metric/the_pile_ubuntu_irc_val_loss,enron_emails,ubuntu_irc,14.762524598190014,increase gain_domain share by replacing replaced_domain share; conditional association
metric/the_pile_ubuntu_irc_val_loss,enron_emails,europarl,-5.109660774729647,increase gain_domain share by replacing replaced_domain share; conditional association
metric/the_pile_ubuntu_irc_val_loss,enron_emails,hackernews,-5.980816821957609,increase gain_domain share by replacing replaced_domain share; conditional association
metric/the_pile_ubuntu_irc_val_loss,enron_emails,pubmed_abstracts,-7.14922593798655,increase gain_domain share by replacing replaced_domain share; conditional association
metric/the_pile_ubuntu_irc_val_loss,enron_emails,uspto_backgrounds,-7.1245141731598896,increase gain_domain share by replacing replaced_domain share; conditional association
metric/the_pile_ubuntu_irc_val_loss,gutenberg_pg_19,pile_cc,-0.06931212426436906,increase gain_domain share by replacing replaced_domain share; conditional association
metric/the_pile_ubuntu_irc_val_loss,gutenberg_pg_19,ubuntu_irc,21.69308522106166,increase gain_domain share by replacing replaced_domain share; conditional association
metric/the_pile_ubuntu_irc_val_loss,gutenberg_pg_19,europarl,1.8208998481420016,increase gain_domain share by replacing replaced_domain share; conditional association
metric/the_pile_ubuntu_irc_val_loss,gutenberg_pg_19,hackernews,0.9497438009140393,increase gain_domain share by replacing replaced_domain share; conditional association
metric/the_pile_ubuntu_irc_val_loss,gutenberg_pg_19,pubmed_abstracts,-0.2186653151149014,increase gain_domain share by replacing replaced_domain share; conditional association
metric/the_pile_ubuntu_irc_val_loss,gutenberg_pg_19,uspto_backgrounds,-0.19395355028824035,increase gain_domain share by replacing replaced_domain share; conditional association
metric/the_pile_ubuntu_irc_val_loss,pile_cc,ubuntu_irc,21.762397345326033,increase gain_domain share by replacing replaced_domain share; conditional association
metric/the_pile_ubuntu_irc_val_loss,pile_cc,europarl,1.8902119724063706,increase gain_domain share by replacing replaced_domain share; conditional association
metric/the_pile_ubuntu_irc_val_loss,pile_cc,hackernews,1.0190559251784084,increase gain_domain share by replacing replaced_domain share; conditional association
metric/the_pile_ubuntu_irc_val_loss,pile_cc,pubmed_abstracts,-0.14935319085053234,increase gain_domain share by replacing replaced_domain share; conditional association
metric/the_pile_ubuntu_irc_val_loss,pile_cc,uspto_backgrounds,-0.1246414260238713,increase gain_domain share by replacing replaced_domain share; conditional association
metric/the_pile_ubuntu_irc_val_loss,ubuntu_irc,europarl,-19.87218537291966,increase gain_domain share by replacing replaced_domain share; conditional association
metric/the_pile_ubuntu_irc_val_loss,ubuntu_irc,hackernews,-20.743341420147623,increase gain_domain share by replacing replaced_domain share; conditional association
metric/the_pile_ubuntu_irc_val_loss,ubuntu_irc,pubmed_abstracts,-21.911750536176562,increase gain_domain share by replacing replaced_domain share; conditional association
metric/the_pile_ubuntu_irc_val_loss,ubuntu_irc,uspto_backgrounds,-21.887038771349903,increase gain_domain share by replacing replaced_domain share; conditional association
metric/the_pile_ubuntu_irc_val_loss,europarl,hackernews,-0.8711560472279621,increase gain_domain share by replacing replaced_domain share; conditional association
metric/the_pile_ubuntu_irc_val_loss,europarl,pubmed_abstracts,-2.0395651632569027,increase gain_domain share by replacing replaced_domain share; conditional association
metric/the_pile_ubuntu_irc_val_loss,europarl,uspto_backgrounds,-2.0148533984302417,increase gain_domain share by replacing replaced_domain share; conditional association
metric/the_pile_ubuntu_irc_val_loss,hackernews,pubmed_abstracts,-1.1684091160289407,increase gain_domain share by replacing replaced_domain share; conditional association
metric/the_pile_ubuntu_irc_val_loss,hackernews,uspto_backgrounds,-1.1436973512022797,increase gain_domain share by replacing replaced_domain share; conditional association
metric/the_pile_ubuntu_irc_val_loss,pubmed_abstracts,uspto_backgrounds,0.024711764826661042,increase gain_domain share by replacing replaced_domain share; conditional association
metric/the_pile_uspto_backgrounds_val_loss,arxiv,freelaw,-0.07002890838984621,increase gain_domain share by replacing replaced_domain share; conditional association
metric/the_pile_uspto_backgrounds_val_loss,arxiv,nih_exporter,1.4385285054273806,increase gain_domain share by replacing replaced_domain share; conditional association
metric/the_pile_uspto_backgrounds_val_loss,arxiv,pubmed_central,0.2845855489608098,increase gain_domain share by replacing replaced_domain share; conditional association
metric/the_pile_uspto_backgrounds_val_loss,arxiv,wikipedia_en,0.20084608527311176,increase gain_domain share by replacing replaced_domain share; conditional association
metric/the_pile_uspto_backgrounds_val_loss,arxiv,dm_mathematics,-0.038433889701456,increase gain_domain share by replacing replaced_domain share; conditional association
metric/the_pile_uspto_backgrounds_val_loss,arxiv,github,-0.3379828697025511,increase gain_domain share by replacing replaced_domain share; conditional association
metric/the_pile_uspto_backgrounds_val_loss,arxiv,philpapers,1.0135166248020242,increase gain_domain share by replacing replaced_domain share; conditional association
metric/the_pile_uspto_backgrounds_val_loss,arxiv,stackexchange,-0.07308700998972228,increase gain_domain share by replacing replaced_domain share; conditional association
metric/the_pile_uspto_backgrounds_val_loss,arxiv,enron_emails,0.6339190511228889,increase gain_domain share by replacing replaced_domain share; conditional association
metric/the_pile_uspto_backgrounds_val_loss,arxiv,gutenberg_pg_19,0.07192788288253582,increase gain_domain share by replacing replaced_domain share; conditional association
metric/the_pile_uspto_backgrounds_val_loss,arxiv,pile_cc,0.37092139486399467,increase gain_domain share by replacing replaced_domain share; conditional association
metric/the_pile_uspto_backgrounds_val_loss,arxiv,ubuntu_irc,0.07779022791545209,increase gain_domain share by replacing replaced_domain share; conditional association
metric/the_pile_uspto_backgrounds_val_loss,arxiv,europarl,0.24687442827510808,increase gain_domain share by replacing replaced_domain share; conditional association
metric/the_pile_uspto_backgrounds_val_loss,arxiv,hackernews,-0.25126281897608616,increase gain_domain share by replacing replaced_domain share; conditional association
metric/the_pile_uspto_backgrounds_val_loss,arxiv,pubmed_abstracts,0.7366120054278871,increase gain_domain share by replacing replaced_domain share; conditional association
metric/the_pile_uspto_backgrounds_val_loss,arxiv,uspto_backgrounds,19.380828916531954,increase gain_domain share by replacing replaced_domain share; conditional association
metric/the_pile_uspto_backgrounds_val_loss,freelaw,nih_exporter,1.5085574138172269,increase gain_domain share by replacing replaced_domain share; conditional association
metric/the_pile_uspto_backgrounds_val_loss,freelaw,pubmed_central,0.354614457350656,increase gain_domain share by replacing replaced_domain share; conditional association
metric/the_pile_uspto_backgrounds_val_loss,freelaw,wikipedia_en,0.270874993662958,increase gain_domain share by replacing replaced_domain share; conditional association
metric/the_pile_uspto_backgrounds_val_loss,freelaw,dm_mathematics,0.03159501868839021,increase gain_domain share by replacing replaced_domain share; conditional association
metric/the_pile_uspto_backgrounds_val_loss,freelaw,github,-0.2679539613127049,increase gain_domain share by replacing replaced_domain share; conditional association
metric/the_pile_uspto_backgrounds_val_loss,freelaw,philpapers,1.0835455331918704,increase gain_domain share by replacing replaced_domain share; conditional association
metric/the_pile_uspto_backgrounds_val_loss,freelaw,stackexchange,-0.003058101599876073,increase gain_domain share by replacing replaced_domain share; conditional association
metric/the_pile_uspto_backgrounds_val_loss,freelaw,enron_emails,0.7039479595127351,increase gain_domain share by replacing replaced_domain share; conditional association
metric/the_pile_uspto_backgrounds_val_loss,freelaw,gutenberg_pg_19,0.14195679127238203,increase gain_domain share by replacing replaced_domain share; conditional association
metric/the_pile_uspto_backgrounds_val_loss,freelaw,pile_cc,0.4409503032538409,increase gain_domain share by replacing replaced_domain share; conditional association
metric/the_pile_uspto_backgrounds_val_loss,freelaw,ubuntu_irc,0.1478191363052983,increase gain_domain share by replacing replaced_domain share; conditional association
metric/the_pile_uspto_backgrounds_val_loss,freelaw,europarl,0.3169033366649543,increase gain_domain share by replacing replaced_domain share; conditional association
metric/the_pile_uspto_backgrounds_val_loss,freelaw,hackernews,-0.18123391058623994,increase gain_domain share by replacing replaced_domain share; conditional association
metric/the_pile_uspto_backgrounds_val_loss,freelaw,pubmed_abstracts,0.8066409138177333,increase gain_domain share by replacing replaced_domain share; conditional association
metric/the_pile_uspto_backgrounds_val_loss,freelaw,uspto_backgrounds,19.450857824921798,increase gain_domain share by replacing replaced_domain share; conditional association
metric/the_pile_uspto_backgrounds_val_loss,nih_exporter,pubmed_central,-1.1539429564665709,increase gain_domain share by replacing replaced_domain share; conditional association
metric/the_pile_uspto_backgrounds_val_loss,nih_exporter,wikipedia_en,-1.2376824201542689,increase gain_domain share by replacing replaced_domain share; conditional association
metric/the_pile_uspto_backgrounds_val_loss,nih_exporter,dm_mathematics,-1.4769623951288366,increase gain_domain share by replacing replaced_domain share; conditional association
metric/the_pile_uspto_backgrounds_val_loss,nih_exporter,github,-1.7765113751299317,increase gain_domain share by replacing replaced_domain share; conditional association
metric/the_pile_uspto_backgrounds_val_loss,nih_exporter,philpapers,-0.4250118806253564,increase gain_domain share by replacing replaced_domain share; conditional association
metric/the_pile_uspto_backgrounds_val_loss,nih_exporter,stackexchange,-1.511615515417103,increase gain_domain share by replacing replaced_domain share; conditional association
metric/the_pile_uspto_backgrounds_val_loss,nih_exporter,enron_emails,-0.8046094543044917,increase gain_domain share by replacing replaced_domain share; conditional association
metric/the_pile_uspto_backgrounds_val_loss,nih_exporter,gutenberg_pg_19,-1.3666006225448448,increase gain_domain share by replacing replaced_domain share; conditional association
metric/the_pile_uspto_backgrounds_val_loss,nih_exporter,pile_cc,-1.067607110563386,increase gain_domain share by replacing replaced_domain share; conditional association
metric/the_pile_uspto_backgrounds_val_loss,nih_exporter,ubuntu_irc,-1.3607382775119286,increase gain_domain share by replacing replaced_domain share; conditional association
metric/the_pile_uspto_backgrounds_val_loss,nih_exporter,europarl,-1.1916540771522726,increase gain_domain share by replacing replaced_domain share; conditional association
metric/the_pile_uspto_backgrounds_val_loss,nih_exporter,hackernews,-1.6897913244034668,increase gain_domain share by replacing replaced_domain share; conditional association
metric/the_pile_uspto_backgrounds_val_loss,nih_exporter,pubmed_abstracts,-0.7019164999994936,increase gain_domain share by replacing replaced_domain share; conditional association
metric/the_pile_uspto_backgrounds_val_loss,nih_exporter,uspto_backgrounds,17.942300411104572,increase gain_domain share by replacing replaced_domain share; conditional association
metric/the_pile_uspto_backgrounds_val_loss,pubmed_central,wikipedia_en,-0.08373946368769802,increase gain_domain share by replacing replaced_domain share; conditional association
metric/the_pile_uspto_backgrounds_val_loss,pubmed_central,dm_mathematics,-0.3230194386622658,increase gain_domain share by replacing replaced_domain share; conditional association
metric/the_pile_uspto_backgrounds_val_loss,pubmed_central,github,-0.6225684186633609,increase gain_domain share by replacing replaced_domain share; conditional association
metric/the_pile_uspto_backgrounds_val_loss,pubmed_central,philpapers,0.7289310758412144,increase gain_domain share by replacing replaced_domain share; conditional association
metric/the_pile_uspto_backgrounds_val_loss,pubmed_central,stackexchange,-0.35767255895053207,increase gain_domain share by replacing replaced_domain share; conditional association
metric/the_pile_uspto_backgrounds_val_loss,pubmed_central,enron_emails,0.34933350216207915,increase gain_domain share by replacing replaced_domain share; conditional association
metric/the_pile_uspto_backgrounds_val_loss,pubmed_central,gutenberg_pg_19,-0.21265766607827397,increase gain_domain share by replacing replaced_domain share; conditional association
metric/the_pile_uspto_backgrounds_val_loss,pubmed_central,pile_cc,0.08633584590318488,increase gain_domain share by replacing replaced_domain share; conditional association
metric/the_pile_uspto_backgrounds_val_loss,pubmed_central,ubuntu_irc,-0.2067953210453577,increase gain_domain share by replacing replaced_domain share; conditional association
metric/the_pile_uspto_backgrounds_val_loss,pubmed_central,europarl,-0.037711120685701705,increase gain_domain share by replacing replaced_domain share; conditional association
metric/the_pile_uspto_backgrounds_val_loss,pubmed_central,hackernews,-0.5358483679368959,increase gain_domain share by replacing replaced_domain share; conditional association
metric/the_pile_uspto_backgrounds_val_loss,pubmed_central,pubmed_abstracts,0.4520264564670773,increase gain_domain share by replacing replaced_domain share; conditional association
metric/the_pile_uspto_backgrounds_val_loss,pubmed_central,uspto_backgrounds,19.096243367571144,increase gain_domain share by replacing replaced_domain share; conditional association
metric/the_pile_uspto_backgrounds_val_loss,wikipedia_en,dm_mathematics,-0.23927997497456777,increase gain_domain share by replacing replaced_domain share; conditional association
metric/the_pile_uspto_backgrounds_val_loss,wikipedia_en,github,-0.5388289549756629,increase gain_domain share by replacing replaced_domain share; conditional association
metric/the_pile_uspto_backgrounds_val_loss,wikipedia_en,philpapers,0.8126705395289124,increase gain_domain share by replacing replaced_domain share; conditional association
metric/the_pile_uspto_backgrounds_val_loss,wikipedia_en,stackexchange,-0.27393309526283405,increase gain_domain share by replacing replaced_domain share; conditional association
metric/the_pile_uspto_backgrounds_val_loss,wikipedia_en,enron_emails,0.43307296584977717,increase gain_domain share by replacing replaced_domain share; conditional association
metric/the_pile_uspto_backgrounds_val_loss,wikipedia_en,gutenberg_pg_19,-0.12891820239057594,increase gain_domain share by replacing replaced_domain share; conditional association
metric/the_pile_uspto_backgrounds_val_loss,wikipedia_en,pile_cc,0.1700753095908829,increase gain_domain share by replacing replaced_domain share; conditional association
metric/the_pile_uspto_backgrounds_val_loss,wikipedia_en,ubuntu_irc,-0.12305585735765967,increase gain_domain share by replacing replaced_domain share; conditional association
metric/the_pile_uspto_backgrounds_val_loss,wikipedia_en,europarl,0.04602834300199632,increase gain_domain share by replacing replaced_domain share; conditional association
metric/the_pile_uspto_backgrounds_val_loss,wikipedia_en,hackernews,-0.4521089042491979,increase gain_domain share by replacing replaced_domain share; conditional association
metric/the_pile_uspto_backgrounds_val_loss,wikipedia_en,pubmed_abstracts,0.5357659201547753,increase gain_domain share by replacing replaced_domain share; conditional association
metric/the_pile_uspto_backgrounds_val_loss,wikipedia_en,uspto_backgrounds,19.17998283125884,increase gain_domain share by replacing replaced_domain share; conditional association
metric/the_pile_uspto_backgrounds_val_loss,dm_mathematics,github,-0.2995489800010951,increase gain_domain share by replacing replaced_domain share; conditional association
metric/the_pile_uspto_backgrounds_val_loss,dm_mathematics,philpapers,1.0519505145034802,increase gain_domain share by replacing replaced_domain share; conditional association
metric/the_pile_uspto_backgrounds_val_loss,dm_mathematics,stackexchange,-0.03465312028826628,increase gain_domain share by replacing replaced_domain share; conditional association
metric/the_pile_uspto_backgrounds_val_loss,dm_mathematics,enron_emails,0.6723529408243449,increase gain_domain share by replacing replaced_domain share; conditional association
metric/the_pile_uspto_backgrounds_val_loss,dm_mathematics,gutenberg_pg_19,0.11036177258399182,increase gain_domain share by replacing replaced_domain share; conditional association
metric/the_pile_uspto_backgrounds_val_loss,dm_mathematics,pile_cc,0.40935528456545067,increase gain_domain share by replacing replaced_domain share; conditional association
metric/the_pile_uspto_backgrounds_val_loss,dm_mathematics,ubuntu_irc,0.1162241176169081,increase gain_domain share by replacing replaced_domain share; conditional association
metric/the_pile_uspto_backgrounds_val_loss,dm_mathematics,europarl,0.2853083179765641,increase gain_domain share by replacing replaced_domain share; conditional association
metric/the_pile_uspto_backgrounds_val_loss,dm_mathematics,hackernews,-0.21282892927463015,increase gain_domain share by replacing replaced_domain share; conditional association
metric/the_pile_uspto_backgrounds_val_loss,dm_mathematics,pubmed_abstracts,0.7750458951293431,increase gain_domain share by replacing replaced_domain share; conditional association
metric/the_pile_uspto_backgrounds_val_loss,dm_mathematics,uspto_backgrounds,19.41926280623341,increase gain_domain share by replacing replaced_domain share; conditional association
metric/the_pile_uspto_backgrounds_val_loss,github,philpapers,1.3514994945045753,increase gain_domain share by replacing replaced_domain share; conditional association
metric/the_pile_uspto_backgrounds_val_loss,github,stackexchange,0.2648958597128288,increase gain_domain share by replacing replaced_domain share; conditional association
metric/the_pile_uspto_backgrounds_val_loss,github,enron_emails,0.97190192082544,increase gain_domain share by replacing replaced_domain share; conditional association
metric/the_pile_uspto_backgrounds_val_loss,github,gutenberg_pg_19,0.4099107525850869,increase gain_domain share by replacing replaced_domain share; conditional association
metric/the_pile_uspto_backgrounds_val_loss,github,pile_cc,0.7089042645665458,increase gain_domain share by replacing replaced_domain share; conditional association
metric/the_pile_uspto_backgrounds_val_loss,github,ubuntu_irc,0.4157730976180032,increase gain_domain share by replacing replaced_domain share; conditional association
metric/the_pile_uspto_backgrounds_val_loss,github,europarl,0.5848572979776592,increase gain_domain share by replacing replaced_domain share; conditional association
metric/the_pile_uspto_backgrounds_val_loss,github,hackernews,0.08672005072646494,increase gain_domain share by replacing replaced_domain share; conditional association
metric/the_pile_uspto_backgrounds_val_loss,github,pubmed_abstracts,1.0745948751304382,increase gain_domain share by replacing replaced_domain share; conditional association
metric/the_pile_uspto_backgrounds_val_loss,github,uspto_backgrounds,19.718811786234504,increase gain_domain share by replacing replaced_domain share; conditional association
metric/the_pile_uspto_backgrounds_val_loss,philpapers,stackexchange,-1.0866036347917465,increase gain_domain share by replacing replaced_domain share; conditional association
metric/the_pile_uspto_backgrounds_val_loss,philpapers,enron_emails,-0.37959757367913527,increase gain_domain share by replacing replaced_domain share; conditional association
metric/the_pile_uspto_backgrounds_val_loss,philpapers,gutenberg_pg_19,-0.9415887419194884,increase gain_domain share by replacing replaced_domain share; conditional association
metric/the_pile_uspto_backgrounds_val_loss,philpapers,pile_cc,-0.6425952299380295,increase gain_domain share by replacing replaced_domain share; conditional association
metric/the_pile_uspto_backgrounds_val_loss,philpapers,ubuntu_irc,-0.9357263968865721,increase gain_domain share by replacing replaced_domain share; conditional association
metric/the_pile_uspto_backgrounds_val_loss,philpapers,europarl,-0.7666421965269161,increase gain_domain share by replacing replaced_domain share; conditional association
metric/the_pile_uspto_backgrounds_val_loss,philpapers,hackernews,-1.2647794437781104,increase gain_domain share by replacing replaced_domain share; conditional association
metric/the_pile_uspto_backgrounds_val_loss,philpapers,pubmed_abstracts,-0.27690461937413713,increase gain_domain share by replacing replaced_domain share; conditional association
metric/the_pile_uspto_backgrounds_val_loss,philpapers,uspto_backgrounds,18.367312291729927,increase gain_domain share by replacing replaced_domain share; conditional association
metric/the_pile_uspto_backgrounds_val_loss,stackexchange,enron_emails,0.7070060611126112,increase gain_domain share by replacing replaced_domain share; conditional association
metric/the_pile_uspto_backgrounds_val_loss,stackexchange,gutenberg_pg_19,0.1450148928722581,increase gain_domain share by replacing replaced_domain share; conditional association
metric/the_pile_uspto_backgrounds_val_loss,stackexchange,pile_cc,0.44400840485371695,increase gain_domain share by replacing replaced_domain share; conditional association
metric/the_pile_uspto_backgrounds_val_loss,stackexchange,ubuntu_irc,0.15087723790517438,increase gain_domain share by replacing replaced_domain share; conditional association
metric/the_pile_uspto_backgrounds_val_loss,stackexchange,europarl,0.31996143826483037,increase gain_domain share by replacing replaced_domain share; conditional association
metric/the_pile_uspto_backgrounds_val_loss,stackexchange,hackernews,-0.17817580898636387,increase gain_domain share by replacing replaced_domain share; conditional association
metric/the_pile_uspto_backgrounds_val_loss,stackexchange,pubmed_abstracts,0.8096990154176094,increase gain_domain share by replacing replaced_domain share; conditional association
metric/the_pile_uspto_backgrounds_val_loss,stackexchange,uspto_backgrounds,19.453915926521674,increase gain_domain share by replacing replaced_domain share; conditional association
metric/the_pile_uspto_backgrounds_val_loss,enron_emails,gutenberg_pg_19,-0.5619911682403531,increase gain_domain share by replacing replaced_domain share; conditional association
metric/the_pile_uspto_backgrounds_val_loss,enron_emails,pile_cc,-0.26299765625889426,increase gain_domain share by replacing replaced_domain share; conditional association
metric/the_pile_uspto_backgrounds_val_loss,enron_emails,ubuntu_irc,-0.5561288232074368,increase gain_domain share by replacing replaced_domain share; conditional association
metric/the_pile_uspto_backgrounds_val_loss,enron_emails,europarl,-0.38704462284778085,increase gain_domain share by replacing replaced_domain share; conditional association
metric/the_pile_uspto_backgrounds_val_loss,enron_emails,hackernews,-0.8851818700989751,increase gain_domain share by replacing replaced_domain share; conditional association
metric/the_pile_uspto_backgrounds_val_loss,enron_emails,pubmed_abstracts,0.10269295430499814,increase gain_domain share by replacing replaced_domain share; conditional association
metric/the_pile_uspto_backgrounds_val_loss,enron_emails,uspto_backgrounds,18.746909865409066,increase gain_domain share by replacing replaced_domain share; conditional association
metric/the_pile_uspto_backgrounds_val_loss,gutenberg_pg_19,pile_cc,0.29899351198145885,increase gain_domain share by replacing replaced_domain share; conditional association
metric/the_pile_uspto_backgrounds_val_loss,gutenberg_pg_19,ubuntu_irc,0.005862345032916272,increase gain_domain share by replacing replaced_domain share; conditional association
metric/the_pile_uspto_backgrounds_val_loss,gutenberg_pg_19,europarl,0.17494654539257226,increase gain_domain share by replacing replaced_domain share; conditional association
metric/the_pile_uspto_backgrounds_val_loss,gutenberg_pg_19,hackernews,-0.323190701858622,increase gain_domain share by replacing replaced_domain share; conditional association
metric/the_pile_uspto_backgrounds_val_loss,gutenberg_pg_19,pubmed_abstracts,0.6646841225453513,increase gain_domain share by replacing replaced_domain share; conditional association
metric/the_pile_uspto_backgrounds_val_loss,gutenberg_pg_19,uspto_backgrounds,19.308901033649416,increase gain_domain share by replacing replaced_domain share; conditional association
metric/the_pile_uspto_backgrounds_val_loss,pile_cc,ubuntu_irc,-0.2931311669485426,increase gain_domain share by replacing replaced_domain share; conditional association
metric/the_pile_uspto_backgrounds_val_loss,pile_cc,europarl,-0.12404696658888659,increase gain_domain share by replacing replaced_domain share; conditional association
metric/the_pile_uspto_backgrounds_val_loss,pile_cc,hackernews,-0.6221842138400808,increase gain_domain share by replacing replaced_domain share; conditional association
metric/the_pile_uspto_backgrounds_val_loss,pile_cc,pubmed_abstracts,0.3656906105638924,increase gain_domain share by replacing replaced_domain share; conditional association
metric/the_pile_uspto_backgrounds_val_loss,pile_cc,uspto_backgrounds,19.00990752166796,increase gain_domain share by replacing replaced_domain share; conditional association
metric/the_pile_uspto_backgrounds_val_loss,ubuntu_irc,europarl,0.169084200359656,increase gain_domain share by replacing replaced_domain share; conditional association
metric/the_pile_uspto_backgrounds_val_loss,ubuntu_irc,hackernews,-0.32905304689153825,increase gain_domain share by replacing replaced_domain share; conditional association
metric/the_pile_uspto_backgrounds_val_loss,ubuntu_irc,pubmed_abstracts,0.658821777512435,increase gain_domain share by replacing replaced_domain share; conditional association
metric/the_pile_uspto_backgrounds_val_loss,ubuntu_irc,uspto_backgrounds,19.3030386886165,increase gain_domain share by replacing replaced_domain share; conditional association
metric/the_pile_uspto_backgrounds_val_loss,europarl,hackernews,-0.49813724725119424,increase gain_domain share by replacing replaced_domain share; conditional association
metric/the_pile_uspto_backgrounds_val_loss,europarl,pubmed_abstracts,0.489737577152779,increase gain_domain share by replacing replaced_domain share; conditional association
metric/the_pile_uspto_backgrounds_val_loss,europarl,uspto_backgrounds,19.133954488256844,increase gain_domain share by replacing replaced_domain share; conditional association
metric/the_pile_uspto_backgrounds_val_loss,hackernews,pubmed_abstracts,0.9878748244039732,increase gain_domain share by replacing replaced_domain share; conditional association
metric/the_pile_uspto_backgrounds_val_loss,hackernews,uspto_backgrounds,19.63209173550804,increase gain_domain share by replacing replaced_domain share; conditional association
metric/the_pile_uspto_backgrounds_val_loss,pubmed_abstracts,uspto_backgrounds,18.644216911104067,increase gain_domain share by replacing replaced_domain share; conditional association
metric/the_pile_wikipedia_en_val_loss,arxiv,freelaw,0.2097269639324184,increase gain_domain share by replacing replaced_domain share; conditional association
metric/the_pile_wikipedia_en_val_loss,arxiv,nih_exporter,1.7162248849870225,increase gain_domain share by replacing replaced_domain share; conditional association
metric/the_pile_wikipedia_en_val_loss,arxiv,pubmed_central,0.1597607157149723,increase gain_domain share by replacing replaced_domain share; conditional association
metric/the_pile_wikipedia_en_val_loss,arxiv,wikipedia_en,20.818155140953582,increase gain_domain share by replacing replaced_domain share; conditional association
metric/the_pile_wikipedia_en_val_loss,arxiv,dm_mathematics,-0.05074012064327271,increase gain_domain share by replacing replaced_domain share; conditional association
metric/the_pile_wikipedia_en_val_loss,arxiv,github,-0.19924260501552804,increase gain_domain share by replacing replaced_domain share; conditional association
metric/the_pile_wikipedia_en_val_loss,arxiv,philpapers,2.4725945003057417,increase gain_domain share by replacing replaced_domain share; conditional association
metric/the_pile_wikipedia_en_val_loss,arxiv,stackexchange,0.09891620157939962,increase gain_domain share by replacing replaced_domain share; conditional association
metric/the_pile_wikipedia_en_val_loss,arxiv,enron_emails,2.5699993162271375,increase gain_domain share by replacing replaced_domain share; conditional association
metric/the_pile_wikipedia_en_val_loss,arxiv,gutenberg_pg_19,0.5973349484148038,increase gain_domain share by replacing replaced_domain share; conditional association
metric/the_pile_wikipedia_en_val_loss,arxiv,pile_cc,1.572786287628738,increase gain_domain share by replacing replaced_domain share; conditional association
metric/the_pile_wikipedia_en_val_loss,arxiv,ubuntu_irc,0.18906571315492404,increase gain_domain share by replacing replaced_domain share; conditional association
metric/the_pile_wikipedia_en_val_loss,arxiv,europarl,0.992545019820399,increase gain_domain share by replacing replaced_domain share; conditional association
metric/the_pile_wikipedia_en_val_loss,arxiv,hackernews,0.34210732469361615,increase gain_domain share by replacing replaced_domain share; conditional association
metric/the_pile_wikipedia_en_val_loss,arxiv,pubmed_abstracts,0.15498299056138776,increase gain_domain share by replacing replaced_domain share; conditional association
metric/the_pile_wikipedia_en_val_loss,arxiv,uspto_backgrounds,0.08076183498851375,increase gain_domain share by replacing replaced_domain share; conditional association
metric/the_pile_wikipedia_en_val_loss,freelaw,nih_exporter,1.5064979210546041,increase gain_domain share by replacing replaced_domain share; conditional association
metric/the_pile_wikipedia_en_val_loss,freelaw,pubmed_central,-0.04996624821744611,increase gain_domain share by replacing replaced_domain share; conditional association
metric/the_pile_wikipedia_en_val_loss,freelaw,wikipedia_en,20.608428177021164,increase gain_domain share by replacing replaced_domain share; conditional association
metric/the_pile_wikipedia_en_val_loss,freelaw,dm_mathematics,-0.2604670845756911,increase gain_domain share by replacing replaced_domain share; conditional association
metric/the_pile_wikipedia_en_val_loss,freelaw,github,-0.40896956894794645,increase gain_domain share by replacing replaced_domain share; conditional association
metric/the_pile_wikipedia_en_val_loss,freelaw,philpapers,2.2628675363733235,increase gain_domain share by replacing replaced_domain share; conditional association
metric/the_pile_wikipedia_en_val_loss,freelaw,stackexchange,-0.11081076235301879,increase gain_domain share by replacing replaced_domain share; conditional association
metric/the_pile_wikipedia_en_val_loss,freelaw,enron_emails,2.3602723522947193,increase gain_domain share by replacing replaced_domain share; conditional association
metric/the_pile_wikipedia_en_val_loss,freelaw,gutenberg_pg_19,0.3876079844823854,increase gain_domain share by replacing replaced_domain share; conditional association
metric/the_pile_wikipedia_en_val_loss,freelaw,pile_cc,1.3630593236963198,increase gain_domain share by replacing replaced_domain share; conditional association
metric/the_pile_wikipedia_en_val_loss,freelaw,ubuntu_irc,-0.020661250777494367,increase gain_domain share by replacing replaced_domain share; conditional association
metric/the_pile_wikipedia_en_val_loss,freelaw,europarl,0.7828180558879806,increase gain_domain share by replacing replaced_domain share; conditional association
metric/the_pile_wikipedia_en_val_loss,freelaw,hackernews,0.13238036076119775,increase gain_domain share by replacing replaced_domain share; conditional association
metric/the_pile_wikipedia_en_val_loss,freelaw,pubmed_abstracts,-0.05474397337103065,increase gain_domain share by replacing replaced_domain share; conditional association
metric/the_pile_wikipedia_en_val_loss,freelaw,uspto_backgrounds,-0.12896512894390466,increase gain_domain share by replacing replaced_domain share; conditional association
metric/the_pile_wikipedia_en_val_loss,nih_exporter,pubmed_central,-1.5564641692720502,increase gain_domain share by replacing replaced_domain share; conditional association
metric/the_pile_wikipedia_en_val_loss,nih_exporter,wikipedia_en,19.101930255966558,increase gain_domain share by replacing replaced_domain share; conditional association
metric/the_pile_wikipedia_en_val_loss,nih_exporter,dm_mathematics,-1.7669650056302952,increase gain_domain share by replacing replaced_domain share; conditional association
metric/the_pile_wikipedia_en_val_loss,nih_exporter,github,-1.9154674900025506,increase gain_domain share by replacing replaced_domain share; conditional association
metric/the_pile_wikipedia_en_val_loss,nih_exporter,philpapers,0.7563696153187194,increase gain_domain share by replacing replaced_domain share; conditional association
metric/the_pile_wikipedia_en_val_loss,nih_exporter,stackexchange,-1.617308683407623,increase gain_domain share by replacing replaced_domain share; conditional association
metric/the_pile_wikipedia_en_val_loss,nih_exporter,enron_emails,0.8537744312401152,increase gain_domain share by replacing replaced_domain share; conditional association
metric/the_pile_wikipedia_en_val_loss,nih_exporter,gutenberg_pg_19,-1.1188899365722187,increase gain_domain share by replacing replaced_domain share; conditional association
metric/the_pile_wikipedia_en_val_loss,nih_exporter,pile_cc,-0.14343859735828438,increase gain_domain share by replacing replaced_domain share; conditional association
metric/the_pile_wikipedia_en_val_loss,nih_exporter,ubuntu_irc,-1.5271591718320985,increase gain_domain share by replacing replaced_domain share; conditional association
metric/the_pile_wikipedia_en_val_loss,nih_exporter,europarl,-0.7236798651666234,increase gain_domain share by replacing replaced_domain share; conditional association
metric/the_pile_wikipedia_en_val_loss,nih_exporter,hackernews,-1.3741175602934064,increase gain_domain share by replacing replaced_domain share; conditional association
metric/the_pile_wikipedia_en_val_loss,nih_exporter,pubmed_abstracts,-1.5612418944256348,increase gain_domain share by replacing replaced_domain share; conditional association
metric/the_pile_wikipedia_en_val_loss,nih_exporter,uspto_backgrounds,-1.6354630499985088,increase gain_domain share by replacing replaced_domain share; conditional association
metric/the_pile_wikipedia_en_val_loss,pubmed_central,wikipedia_en,20.65839442523861,increase gain_domain share by replacing replaced_domain share; conditional association
metric/the_pile_wikipedia_en_val_loss,pubmed_central,dm_mathematics,-0.210500836358245,increase gain_domain share by replacing replaced_domain share; conditional association
metric/the_pile_wikipedia_en_val_loss,pubmed_central,github,-0.35900332073050034,increase gain_domain share by replacing replaced_domain share; conditional association
metric/the_pile_wikipedia_en_val_loss,pubmed_central,philpapers,2.3128337845907696,increase gain_domain share by replacing replaced_domain share; conditional association
metric/the_pile_wikipedia_en_val_loss,pubmed_central,stackexchange,-0.06084451413557268,increase gain_domain share by replacing replaced_domain share; conditional association
metric/the_pile_wikipedia_en_val_loss,pubmed_central,enron_emails,2.4102386005121654,increase gain_domain share by replacing replaced_domain share; conditional association
metric/the_pile_wikipedia_en_val_loss,pubmed_central,gutenberg_pg_19,0.43757423269983153,increase gain_domain share by replacing replaced_domain share; conditional association
metric/the_pile_wikipedia_en_val_loss,pubmed_central,pile_cc,1.4130255719137659,increase gain_domain share by replacing replaced_domain share; conditional association
metric/the_pile_wikipedia_en_val_loss,pubmed_central,ubuntu_irc,0.02930499743995174,increase gain_domain share by replacing replaced_domain share; conditional association
metric/the_pile_wikipedia_en_val_loss,pubmed_central,europarl,0.8327843041054267,increase gain_domain share by replacing replaced_domain share; conditional association
metric/the_pile_wikipedia_en_val_loss,pubmed_central,hackernews,0.18234660897864385,increase gain_domain share by replacing replaced_domain share; conditional association
metric/the_pile_wikipedia_en_val_loss,pubmed_central,pubmed_abstracts,-0.004777725153584544,increase gain_domain share by replacing replaced_domain share; conditional association
metric/the_pile_wikipedia_en_val_loss,pubmed_central,uspto_backgrounds,-0.07899888072645855,increase gain_domain share by replacing replaced_domain share; conditional association
metric/the_pile_wikipedia_en_val_loss,wikipedia_en,dm_mathematics,-20.868895261596855,increase gain_domain share by replacing replaced_domain share; conditional association
metric/the_pile_wikipedia_en_val_loss,wikipedia_en,github,-21.01739774596911,increase gain_domain share by replacing replaced_domain share; conditional association
metric/the_pile_wikipedia_en_val_loss,wikipedia_en,philpapers,-18.34556064064784,increase gain_domain share by replacing replaced_domain share; conditional association
metric/the_pile_wikipedia_en_val_loss,wikipedia_en,stackexchange,-20.719238939374183,increase gain_domain share by replacing replaced_domain share; conditional association
metric/the_pile_wikipedia_en_val_loss,wikipedia_en,enron_emails,-18.248155824726442,increase gain_domain share by replacing replaced_domain share; conditional association
metric/the_pile_wikipedia_en_val_loss,wikipedia_en,gutenberg_pg_19,-20.220820192538778,increase gain_domain share by replacing replaced_domain share; conditional association
metric/the_pile_wikipedia_en_val_loss,wikipedia_en,pile_cc,-19.245368853324845,increase gain_domain share by replacing replaced_domain share; conditional association
metric/the_pile_wikipedia_en_val_loss,wikipedia_en,ubuntu_irc,-20.629089427798657,increase gain_domain share by replacing replaced_domain share; conditional association
metric/the_pile_wikipedia_en_val_loss,wikipedia_en,europarl,-19.82561012113318,increase gain_domain share by replacing replaced_domain share; conditional association
metric/the_pile_wikipedia_en_val_loss,wikipedia_en,hackernews,-20.476047816259964,increase gain_domain share by replacing replaced_domain share; conditional association
metric/the_pile_wikipedia_en_val_loss,wikipedia_en,pubmed_abstracts,-20.663172150392192,increase gain_domain share by replacing replaced_domain share; conditional association
metric/the_pile_wikipedia_en_val_loss,wikipedia_en,uspto_backgrounds,-20.737393305965067,increase gain_domain share by replacing replaced_domain share; conditional association
metric/the_pile_wikipedia_en_val_loss,dm_mathematics,github,-0.14850248437225533,increase gain_domain share by replacing replaced_domain share; conditional association
metric/the_pile_wikipedia_en_val_loss,dm_mathematics,philpapers,2.5233346209490146,increase gain_domain share by replacing replaced_domain share; conditional association
metric/the_pile_wikipedia_en_val_loss,dm_mathematics,stackexchange,0.14965632222267233,increase gain_domain share by replacing replaced_domain share; conditional association
metric/the_pile_wikipedia_en_val_loss,dm_mathematics,enron_emails,2.6207394368704104,increase gain_domain share by replacing replaced_domain share; conditional association
metric/the_pile_wikipedia_en_val_loss,dm_mathematics,gutenberg_pg_19,0.6480750690580765,increase gain_domain share by replacing replaced_domain share; conditional association
metric/the_pile_wikipedia_en_val_loss,dm_mathematics,pile_cc,1.623526408272011,increase gain_domain share by replacing replaced_domain share; conditional association
metric/the_pile_wikipedia_en_val_loss,dm_mathematics,ubuntu_irc,0.23980583379819675,increase gain_domain share by replacing replaced_domain share; conditional association
metric/the_pile_wikipedia_en_val_loss,dm_mathematics,europarl,1.0432851404636718,increase gain_domain share by replacing replaced_domain share; conditional association
metric/the_pile_wikipedia_en_val_loss,dm_mathematics,hackernews,0.39284744533688887,increase gain_domain share by replacing replaced_domain share; conditional association
metric/the_pile_wikipedia_en_val_loss,dm_mathematics,pubmed_abstracts,0.20572311120466047,increase gain_domain share by replacing replaced_domain share; conditional association
metric/the_pile_wikipedia_en_val_loss,dm_mathematics,uspto_backgrounds,0.13150195563178646,increase gain_domain share by replacing replaced_domain share; conditional association
metric/the_pile_wikipedia_en_val_loss,github,philpapers,2.67183710532127,increase gain_domain share by replacing replaced_domain share; conditional association
metric/the_pile_wikipedia_en_val_loss,github,stackexchange,0.29815880659492766,increase gain_domain share by replacing replaced_domain share; conditional association
metric/the_pile_wikipedia_en_val_loss,github,enron_emails,2.7692419212426658,increase gain_domain share by replacing replaced_domain share; conditional association
metric/the_pile_wikipedia_en_val_loss,github,gutenberg_pg_19,0.7965775534303319,increase gain_domain share by replacing replaced_domain share; conditional association
metric/the_pile_wikipedia_en_val_loss,github,pile_cc,1.7720288926442662,increase gain_domain share by replacing replaced_domain share; conditional association
metric/the_pile_wikipedia_en_val_loss,github,ubuntu_irc,0.3883083181704521,increase gain_domain share by replacing replaced_domain share; conditional association
metric/the_pile_wikipedia_en_val_loss,github,europarl,1.1917876248359272,increase gain_domain share by replacing replaced_domain share; conditional association
metric/the_pile_wikipedia_en_val_loss,github,hackernews,0.5413499297091442,increase gain_domain share by replacing replaced_domain share; conditional association
metric/the_pile_wikipedia_en_val_loss,github,pubmed_abstracts,0.3542255955769158,increase gain_domain share by replacing replaced_domain share; conditional association
metric/the_pile_wikipedia_en_val_loss,github,uspto_backgrounds,0.2800044400040418,increase gain_domain share by replacing replaced_domain share; conditional association
metric/the_pile_wikipedia_en_val_loss,philpapers,stackexchange,-2.3736782987263423,increase gain_domain share by replacing replaced_domain share; conditional association
metric/the_pile_wikipedia_en_val_loss,philpapers,enron_emails,0.09740481592139583,increase gain_domain share by replacing replaced_domain share; conditional association
metric/the_pile_wikipedia_en_val_loss,philpapers,gutenberg_pg_19,-1.875259551890938,increase gain_domain share by replacing replaced_domain share; conditional association
metric/the_pile_wikipedia_en_val_loss,philpapers,pile_cc,-0.8998082126770037,increase gain_domain share by replacing replaced_domain share; conditional association
metric/the_pile_wikipedia_en_val_loss,philpapers,ubuntu_irc,-2.283528787150818,increase gain_domain share by replacing replaced_domain share; conditional association
metric/the_pile_wikipedia_en_val_loss,philpapers,europarl,-1.4800494804853428,increase gain_domain share by replacing replaced_domain share; conditional association
metric/the_pile_wikipedia_en_val_loss,philpapers,hackernews,-2.1304871756121257,increase gain_domain share by replacing replaced_domain share; conditional association
metric/the_pile_wikipedia_en_val_loss,philpapers,pubmed_abstracts,-2.317611509744354,increase gain_domain share by replacing replaced_domain share; conditional association
metric/the_pile_wikipedia_en_val_loss,philpapers,uspto_backgrounds,-2.391832665317228,increase gain_domain share by replacing replaced_domain share; conditional association
metric/the_pile_wikipedia_en_val_loss,stackexchange,enron_emails,2.471083114647738,increase gain_domain share by replacing replaced_domain share; conditional association
metric/the_pile_wikipedia_en_val_loss,stackexchange,gutenberg_pg_19,0.4984187468354042,increase gain_domain share by replacing replaced_domain share; conditional association
metric/the_pile_wikipedia_en_val_loss,stackexchange,pile_cc,1.4738700860493386,increase gain_domain share by replacing replaced_domain share; conditional association
metric/the_pile_wikipedia_en_val_loss,stackexchange,ubuntu_irc,0.09014951157552442,increase gain_domain share by replacing replaced_domain share; conditional association
metric/the_pile_wikipedia_en_val_loss,stackexchange,europarl,0.8936288182409994,increase gain_domain share by replacing replaced_domain share; conditional association
metric/the_pile_wikipedia_en_val_loss,stackexchange,hackernews,0.24319112311421653,increase gain_domain share by replacing replaced_domain share; conditional association
metric/the_pile_wikipedia_en_val_loss,stackexchange,pubmed_abstracts,0.056066788981988136,increase gain_domain share by replacing replaced_domain share; conditional association
metric/the_pile_wikipedia_en_val_loss,stackexchange,uspto_backgrounds,-0.018154366590885873,increase gain_domain share by replacing replaced_domain share; conditional association
metric/the_pile_wikipedia_en_val_loss,enron_emails,gutenberg_pg_19,-1.972664367812334,increase gain_domain share by replacing replaced_domain share; conditional association
metric/the_pile_wikipedia_en_val_loss,enron_emails,pile_cc,-0.9972130285983996,increase gain_domain share by replacing replaced_domain share; conditional association
metric/the_pile_wikipedia_en_val_loss,enron_emails,ubuntu_irc,-2.3809336030722137,increase gain_domain share by replacing replaced_domain share; conditional association
metric/the_pile_wikipedia_en_val_loss,enron_emails,europarl,-1.5774542964067386,increase gain_domain share by replacing replaced_domain share; conditional association
metric/the_pile_wikipedia_en_val_loss,enron_emails,hackernews,-2.2278919915335216,increase gain_domain share by replacing replaced_domain share; conditional association
metric/the_pile_wikipedia_en_val_loss,enron_emails,pubmed_abstracts,-2.41501632566575,increase gain_domain share by replacing replaced_domain share; conditional association
metric/the_pile_wikipedia_en_val_loss,enron_emails,uspto_backgrounds,-2.4892374812386238,increase gain_domain share by replacing replaced_domain share; conditional association
metric/the_pile_wikipedia_en_val_loss,gutenberg_pg_19,pile_cc,0.9754513392139342,increase gain_domain share by replacing replaced_domain share; conditional association
metric/the_pile_wikipedia_en_val_loss,gutenberg_pg_19,ubuntu_irc,-0.4082692352598798,increase gain_domain share by replacing replaced_domain share; conditional association
metric/the_pile_wikipedia_en_val_loss,gutenberg_pg_19,europarl,0.39521007140559516,increase gain_domain share by replacing replaced_domain share; conditional association
metric/the_pile_wikipedia_en_val_loss,gutenberg_pg_19,hackernews,-0.2552276237211877,increase gain_domain share by replacing replaced_domain share; conditional association
metric/the_pile_wikipedia_en_val_loss,gutenberg_pg_19,pubmed_abstracts,-0.4423519578534161,increase gain_domain share by replacing replaced_domain share; conditional association
metric/the_pile_wikipedia_en_val_loss,gutenberg_pg_19,uspto_backgrounds,-0.5165731134262901,increase gain_domain share by replacing replaced_domain share; conditional association
metric/the_pile_wikipedia_en_val_loss,pile_cc,ubuntu_irc,-1.3837205744738141,increase gain_domain share by replacing replaced_domain share; conditional association
metric/the_pile_wikipedia_en_val_loss,pile_cc,europarl,-0.5802412678083391,increase gain_domain share by replacing replaced_domain share; conditional association
metric/the_pile_wikipedia_en_val_loss,pile_cc,hackernews,-1.230678962935122,increase gain_domain share by replacing replaced_domain share; conditional association
metric/the_pile_wikipedia_en_val_loss,pile_cc,pubmed_abstracts,-1.4178032970673504,increase gain_domain share by replacing replaced_domain share; conditional association
metric/the_pile_wikipedia_en_val_loss,pile_cc,uspto_backgrounds,-1.4920244526402242,increase gain_domain share by replacing replaced_domain share; conditional association
metric/the_pile_wikipedia_en_val_loss,ubuntu_irc,europarl,0.803479306665475,increase gain_domain share by replacing replaced_domain share; conditional association
metric/the_pile_wikipedia_en_val_loss,ubuntu_irc,hackernews,0.1530416115386921,increase gain_domain share by replacing replaced_domain share; conditional association
metric/the_pile_wikipedia_en_val_loss,ubuntu_irc,pubmed_abstracts,-0.034082722593536285,increase gain_domain share by replacing replaced_domain share; conditional association
metric/the_pile_wikipedia_en_val_loss,ubuntu_irc,uspto_backgrounds,-0.1083038781664103,increase gain_domain share by replacing replaced_domain share; conditional association
metric/the_pile_wikipedia_en_val_loss,europarl,hackernews,-0.6504376951267828,increase gain_domain share by replacing replaced_domain share; conditional association
metric/the_pile_wikipedia_en_val_loss,europarl,pubmed_abstracts,-0.8375620292590112,increase gain_domain share by replacing replaced_domain share; conditional association
metric/the_pile_wikipedia_en_val_loss,europarl,uspto_backgrounds,-0.9117831848318853,increase gain_domain share by replacing replaced_domain share; conditional association
metric/the_pile_wikipedia_en_val_loss,hackernews,pubmed_abstracts,-0.1871243341322284,increase gain_domain share by replacing replaced_domain share; conditional association
metric/the_pile_wikipedia_en_val_loss,hackernews,uspto_backgrounds,-0.2613454897051024,increase gain_domain share by replacing replaced_domain share; conditional association
metric/the_pile_wikipedia_en_val_loss,pubmed_abstracts,uspto_backgrounds,-0.07422115557287401,increase gain_domain share by replacing replaced_domain share; conditional association
