loss_domain,donor_domain,recipient_1,recipient_2,transfer_each,n_test_recipes,mean_nonadditive_delta_loss,median_nonadditive_delta_loss,mean_absolute_nonadditive_delta_loss,sign_consistency,interpretation
metric/the_pile_arxiv_val_loss,wikipedia_en,uspto_backgrounds,freelaw,0.05,49,-0.02721428551364763,-0.01389579461849344,0.02721428551364763,1.0,"quadratic-model non-additivity; conditional association, not causal synergy"
metric/the_pile_arxiv_val_loss,wikipedia_en,uspto_backgrounds,stackexchange,0.05,49,-0.0666193310271462,-0.029433651638241187,0.0666193310271462,1.0,"quadratic-model non-additivity; conditional association, not causal synergy"
metric/the_pile_arxiv_val_loss,wikipedia_en,uspto_backgrounds,github,0.05,49,-0.053275186683663434,-0.03102076966533751,0.053275186683663434,1.0,"quadratic-model non-additivity; conditional association, not causal synergy"
metric/the_pile_arxiv_val_loss,wikipedia_en,uspto_backgrounds,arxiv,0.05,49,-0.044418219460216096,-0.01931979811099893,0.044418219460216096,1.0,"quadratic-model non-additivity; conditional association, not causal synergy"
metric/the_pile_arxiv_val_loss,wikipedia_en,uspto_backgrounds,pubmed_central,0.05,49,-0.037042444898899636,-0.01565601355231383,0.037042444898899636,1.0,"quadratic-model non-additivity; conditional association, not causal synergy"
metric/the_pile_arxiv_val_loss,wikipedia_en,uspto_backgrounds,pile_cc,0.05,49,-0.03265638253947133,-0.014823941541981078,0.03265638253947133,1.0,"quadratic-model non-additivity; conditional association, not causal synergy"
metric/the_pile_arxiv_val_loss,wikipedia_en,freelaw,stackexchange,0.05,49,-0.030094853845793183,-0.016354218521744013,0.030447854113881012,0.9795918367346939,"quadratic-model non-additivity; conditional association, not causal synergy"
metric/the_pile_arxiv_val_loss,wikipedia_en,freelaw,github,0.05,49,-0.03188691758802106,-0.017466952421007598,0.032003628374387694,0.9591836734693877,"quadratic-model non-additivity; conditional association, not causal synergy"
metric/the_pile_arxiv_val_loss,wikipedia_en,freelaw,arxiv,0.05,49,-0.0662084920620962,-0.020825974979828743,0.0662084920620962,1.0,"quadratic-model non-additivity; conditional association, not causal synergy"
metric/the_pile_arxiv_val_loss,wikipedia_en,freelaw,pubmed_central,0.05,49,-0.06537646223126599,-0.02076884083187558,0.06537646223126599,1.0,"quadratic-model non-additivity; conditional association, not causal synergy"
metric/the_pile_arxiv_val_loss,wikipedia_en,freelaw,pile_cc,0.05,49,-0.05041626757215718,-0.022934414767705746,0.05065366729160647,0.9795918367346939,"quadratic-model non-additivity; conditional association, not causal synergy"
metric/the_pile_arxiv_val_loss,wikipedia_en,stackexchange,github,0.05,49,0.028339908861991944,0.010095485529037163,0.030761115795366296,0.8775510204081632,"quadratic-model non-additivity; conditional association, not causal synergy"
metric/the_pile_arxiv_val_loss,wikipedia_en,stackexchange,arxiv,0.05,49,0.1446810407885247,0.047086343000607656,0.14609810269305695,0.8979591836734694,"quadratic-model non-additivity; conditional association, not causal synergy"
metric/the_pile_arxiv_val_loss,wikipedia_en,stackexchange,pubmed_central,0.05,49,0.023764930391739745,0.006007640166365569,0.034976507904880036,0.7142857142857143,"quadratic-model non-additivity; conditional association, not causal synergy"
metric/the_pile_arxiv_val_loss,wikipedia_en,stackexchange,pile_cc,0.05,49,-0.02157525530321766,-0.012775117496238053,0.021800972258177623,0.9591836734693877,"quadratic-model non-additivity; conditional association, not causal synergy"
metric/the_pile_arxiv_val_loss,wikipedia_en,github,arxiv,0.05,49,-0.006409836816396376,-0.003735547222757596,0.007238456561260712,0.8163265306122449,"quadratic-model non-additivity; conditional association, not causal synergy"
metric/the_pile_arxiv_val_loss,wikipedia_en,github,pubmed_central,0.05,49,-0.018611807289962784,-0.010532263767623284,0.01913535866880904,0.9387755102040817,"quadratic-model non-additivity; conditional association, not causal synergy"
metric/the_pile_arxiv_val_loss,wikipedia_en,github,pile_cc,0.05,49,-0.031328904487394046,-0.011286729229015968,0.031636385548532604,0.9591836734693877,"quadratic-model non-additivity; conditional association, not causal synergy"
metric/the_pile_arxiv_val_loss,wikipedia_en,arxiv,pubmed_central,0.05,49,0.06802150692431408,0.02782128904048342,0.07560122512845535,0.7959183673469388,"quadratic-model non-additivity; conditional association, not causal synergy"
metric/the_pile_arxiv_val_loss,wikipedia_en,arxiv,pile_cc,0.05,49,-0.031728797799131576,-0.011326939807439373,0.031993674301276594,0.9591836734693877,"quadratic-model non-additivity; conditional association, not causal synergy"
metric/the_pile_arxiv_val_loss,wikipedia_en,pubmed_central,pile_cc,0.05,49,-0.019291080273335988,-0.010576579487092452,0.01949412537111631,0.9795918367346939,"quadratic-model non-additivity; conditional association, not causal synergy"
metric/the_pile_arxiv_val_loss,uspto_backgrounds,wikipedia_en,freelaw,0.05,59,-0.029038404905699828,-0.01211591449261995,0.029038404905699828,1.0,"quadratic-model non-additivity; conditional association, not causal synergy"
metric/the_pile_arxiv_val_loss,uspto_backgrounds,wikipedia_en,stackexchange,0.05,59,-0.025424040628606377,-0.011752254540269291,0.025507029737487013,0.9661016949152542,"quadratic-model non-additivity; conditional association, not causal synergy"
metric/the_pile_arxiv_val_loss,uspto_backgrounds,wikipedia_en,github,0.05,59,-0.04978141421931507,-0.022899137368481703,0.049802984427741954,0.9830508474576272,"quadratic-model non-additivity; conditional association, not causal synergy"
metric/the_pile_arxiv_val_loss,uspto_backgrounds,wikipedia_en,arxiv,0.05,59,-0.03873027464046179,-0.015812093989303833,0.038748711028522134,0.9661016949152542,"quadratic-model non-additivity; conditional association, not causal synergy"
metric/the_pile_arxiv_val_loss,uspto_backgrounds,wikipedia_en,pubmed_central,0.05,59,-0.019866132546211574,-0.009041269913220518,0.019972549351176296,0.9491525423728814,"quadratic-model non-additivity; conditional association, not causal synergy"
metric/the_pile_arxiv_val_loss,uspto_backgrounds,wikipedia_en,pile_cc,0.05,59,-0.043520996474405146,-0.020617864637561212,0.043520996474405146,1.0,"quadratic-model non-additivity; conditional association, not causal synergy"
metric/the_pile_arxiv_val_loss,uspto_backgrounds,freelaw,stackexchange,0.05,59,-0.022630661560823714,-0.007885682643204106,0.023947530510140154,0.8135593220338984,"quadratic-model non-additivity; conditional association, not causal synergy"
metric/the_pile_arxiv_val_loss,uspto_backgrounds,freelaw,github,0.05,59,-0.028609484860850014,-0.016235281126690815,0.030104277513167913,0.864406779661017,"quadratic-model non-additivity; conditional association, not causal synergy"
metric/the_pile_arxiv_val_loss,uspto_backgrounds,freelaw,arxiv,0.05,59,-0.06811086302479935,-0.029987352762351982,0.06816891897925632,0.9661016949152542,"quadratic-model non-additivity; conditional association, not causal synergy"
metric/the_pile_arxiv_val_loss,uspto_backgrounds,freelaw,pubmed_central,0.05,59,-0.04985691104532047,-0.011230025245319908,0.05130286146032436,0.9322033898305084,"quadratic-model non-additivity; conditional association, not causal synergy"
metric/the_pile_arxiv_val_loss,uspto_backgrounds,freelaw,pile_cc,0.05,59,-0.05023344077286211,-0.016617142259303108,0.051419146527666465,0.9491525423728814,"quadratic-model non-additivity; conditional association, not causal synergy"
metric/the_pile_arxiv_val_loss,uspto_backgrounds,stackexchange,github,0.05,59,0.03205877040776788,0.014741870827068126,0.03494334792988983,0.8983050847457628,"quadratic-model non-additivity; conditional association, not causal synergy"
metric/the_pile_arxiv_val_loss,uspto_backgrounds,stackexchange,arxiv,0.05,59,0.1584609789048804,0.05404520576329119,0.16006562477650352,0.9322033898305084,"quadratic-model non-additivity; conditional association, not causal synergy"
metric/the_pile_arxiv_val_loss,uspto_backgrounds,stackexchange,pubmed_central,0.05,59,0.03479199202204602,0.011613740033842745,0.03651188057625154,0.8813559322033898,"quadratic-model non-additivity; conditional association, not causal synergy"
metric/the_pile_arxiv_val_loss,uspto_backgrounds,stackexchange,pile_cc,0.05,59,-0.014760079097198038,-0.0029700637703333754,0.018868579295384783,0.711864406779661,"quadratic-model non-additivity; conditional association, not causal synergy"
metric/the_pile_arxiv_val_loss,uspto_backgrounds,github,arxiv,0.05,59,-0.0013429458290849094,-0.0005271474510308849,0.010540707582397342,0.5423728813559322,"quadratic-model non-additivity; conditional association, not causal synergy"
metric/the_pile_arxiv_val_loss,uspto_backgrounds,github,pubmed_central,0.05,59,-0.014965176811418814,-0.005431128261847995,0.019467961074566945,0.6779661016949152,"quadratic-model non-additivity; conditional association, not causal synergy"
metric/the_pile_arxiv_val_loss,uspto_backgrounds,github,pile_cc,0.05,59,-0.022955482546879326,-0.006217810459251183,0.02612110212072708,0.8135593220338984,"quadratic-model non-additivity; conditional association, not causal synergy"
metric/the_pile_arxiv_val_loss,uspto_backgrounds,arxiv,pubmed_central,0.05,59,0.08249764791872134,0.023444240436278463,0.08452115377008597,0.9661016949152542,"quadratic-model non-additivity; conditional association, not causal synergy"
metric/the_pile_arxiv_val_loss,uspto_backgrounds,arxiv,pile_cc,0.05,59,-0.023315025680643073,-0.006901869395141702,0.02645464600670344,0.8813559322033898,"quadratic-model non-additivity; conditional association, not causal synergy"
metric/the_pile_arxiv_val_loss,uspto_backgrounds,pubmed_central,pile_cc,0.05,59,-0.020777133696930697,-0.007984770473817626,0.022305054421172126,0.8983050847457628,"quadratic-model non-additivity; conditional association, not causal synergy"
metric/the_pile_arxiv_val_loss,freelaw,wikipedia_en,uspto_backgrounds,0.05,47,0.02828841268791485,0.010674237439446621,0.05215381709206998,0.723404255319149,"quadratic-model non-additivity; conditional association, not causal synergy"
metric/the_pile_arxiv_val_loss,freelaw,wikipedia_en,stackexchange,0.05,47,-0.028688010233743257,-0.011070884413343585,0.028688010233743257,1.0,"quadratic-model non-additivity; conditional association, not causal synergy"
metric/the_pile_arxiv_val_loss,freelaw,wikipedia_en,github,0.05,47,-0.05339749246496699,-0.02768827970924015,0.05339749246496699,1.0,"quadratic-model non-additivity; conditional association, not causal synergy"
metric/the_pile_arxiv_val_loss,freelaw,wikipedia_en,arxiv,0.05,47,-0.03697092945963311,-0.014385150985541273,0.03708127653660678,0.9787234042553191,"quadratic-model non-additivity; conditional association, not causal synergy"
metric/the_pile_arxiv_val_loss,freelaw,wikipedia_en,pubmed_central,0.05,47,-0.0206028890842517,-0.009258237783350332,0.020793910663427513,0.9574468085106383,"quadratic-model non-additivity; conditional association, not causal synergy"
metric/the_pile_arxiv_val_loss,freelaw,wikipedia_en,pile_cc,0.05,47,-0.04527532524602616,-0.033922630090341244,0.04531752799807059,0.9787234042553191,"quadratic-model non-additivity; conditional association, not causal synergy"
metric/the_pile_arxiv_val_loss,freelaw,uspto_backgrounds,stackexchange,0.05,47,-0.05364957170578916,-0.021492226878905285,0.05364957170578916,1.0,"quadratic-model non-additivity; conditional association, not causal synergy"
metric/the_pile_arxiv_val_loss,freelaw,uspto_backgrounds,github,0.05,47,-0.0474175987968922,-0.016416326539225423,0.0474175987968922,1.0,"quadratic-model non-additivity; conditional association, not causal synergy"
metric/the_pile_arxiv_val_loss,freelaw,uspto_backgrounds,arxiv,0.05,47,-0.034533199013851434,-0.012086424197068624,0.034533199013851434,1.0,"quadratic-model non-additivity; conditional association, not causal synergy"
metric/the_pile_arxiv_val_loss,freelaw,uspto_backgrounds,pubmed_central,0.05,47,-0.029882509701723868,-0.011055144958442398,0.029906786666618074,0.9787234042553191,"quadratic-model non-additivity; conditional association, not causal synergy"
metric/the_pile_arxiv_val_loss,freelaw,uspto_backgrounds,pile_cc,0.05,47,-0.024716566309235573,-0.010241470771904737,0.025251515616864804,0.9148936170212766,"quadratic-model non-additivity; conditional association, not causal synergy"
metric/the_pile_arxiv_val_loss,freelaw,stackexchange,github,0.05,47,0.019154506447256556,0.005580265350935143,0.028048110984620525,0.723404255319149,"quadratic-model non-additivity; conditional association, not causal synergy"
metric/the_pile_arxiv_val_loss,freelaw,stackexchange,arxiv,0.05,47,0.1679782192350403,0.061793545335305566,0.17322418271053003,0.8936170212765957,"quadratic-model non-additivity; conditional association, not causal synergy"
metric/the_pile_arxiv_val_loss,freelaw,stackexchange,pubmed_central,0.05,47,0.029824674888978657,0.004764273094736815,0.04387879709836693,0.6808510638297872,"quadratic-model non-additivity; conditional association, not causal synergy"
metric/the_pile_arxiv_val_loss,freelaw,stackexchange,pile_cc,0.05,47,-0.02476047976543749,-0.00934503573409362,0.025078033772023414,0.9361702127659575,"quadratic-model non-additivity; conditional association, not causal synergy"
metric/the_pile_arxiv_val_loss,freelaw,github,arxiv,0.05,47,-0.009381044518000325,-0.002960500387084508,0.010256319742645915,0.851063829787234,"quadratic-model non-additivity; conditional association, not causal synergy"
metric/the_pile_arxiv_val_loss,freelaw,github,pubmed_central,0.05,47,-0.027482869164815342,-0.011855906087363977,0.02761245344399061,0.9574468085106383,"quadratic-model non-additivity; conditional association, not causal synergy"
metric/the_pile_arxiv_val_loss,freelaw,github,pile_cc,0.05,47,-0.03737326441949761,-0.010720604504151687,0.03820792247473444,0.9361702127659575,"quadratic-model non-additivity; conditional association, not causal synergy"
metric/the_pile_arxiv_val_loss,freelaw,arxiv,pubmed_central,0.05,47,0.06873519709250661,0.02535481400264583,0.07171222489155127,0.851063829787234,"quadratic-model non-additivity; conditional association, not causal synergy"
metric/the_pile_arxiv_val_loss,freelaw,arxiv,pile_cc,0.05,47,-0.03356159894409711,-0.01309895108758763,0.034065476930668644,0.8936170212765957,"quadratic-model non-additivity; conditional association, not causal synergy"
metric/the_pile_arxiv_val_loss,freelaw,pubmed_central,pile_cc,0.05,47,-0.02127088854924387,-0.007309528670213616,0.02283609345760635,0.8085106382978723,"quadratic-model non-additivity; conditional association, not causal synergy"
metric/the_pile_arxiv_val_loss,stackexchange,wikipedia_en,uspto_backgrounds,0.05,72,0.0815480426231058,0.04526305787674034,0.0815480426231058,1.0,"quadratic-model non-additivity; conditional association, not causal synergy"
metric/the_pile_arxiv_val_loss,stackexchange,wikipedia_en,freelaw,0.05,72,0.0027521152586461473,-5.4334744178818895e-05,0.027406625254490374,0.5,"quadratic-model non-additivity; conditional association, not causal synergy"
metric/the_pile_arxiv_val_loss,stackexchange,wikipedia_en,github,0.05,72,-0.02935627855288035,-0.008175304846583131,0.044004955545083664,0.75,"quadratic-model non-additivity; conditional association, not causal synergy"
metric/the_pile_arxiv_val_loss,stackexchange,wikipedia_en,arxiv,0.05,72,-0.030164963424495046,-0.010543050468017068,0.03327057122112739,0.8888888888888888,"quadratic-model non-additivity; conditional association, not causal synergy"
metric/the_pile_arxiv_val_loss,stackexchange,wikipedia_en,pubmed_central,0.05,72,0.0012169019616754232,-0.0018416065016211292,0.019259956694583278,0.6111111111111112,"quadratic-model non-additivity; conditional association, not causal synergy"
metric/the_pile_arxiv_val_loss,stackexchange,wikipedia_en,pile_cc,0.05,72,-0.011763649025825662,-0.000580566977094854,0.03451488933448783,0.5277777777777778,"quadratic-model non-additivity; conditional association, not causal synergy"
metric/the_pile_arxiv_val_loss,stackexchange,uspto_backgrounds,freelaw,0.05,72,0.01014064418314479,0.0006591152978474568,0.027853153163950404,0.5277777777777778,"quadratic-model non-additivity; conditional association, not causal synergy"
metric/the_pile_arxiv_val_loss,stackexchange,uspto_backgrounds,github,0.05,72,-0.02081848604076187,-0.009638202793269102,0.039424272302657985,0.6388888888888888,"quadratic-model non-additivity; conditional association, not causal synergy"
metric/the_pile_arxiv_val_loss,stackexchange,uspto_backgrounds,arxiv,0.05,72,-0.029930410740407937,-0.00889247063360532,0.03427820449355678,0.75,"quadratic-model non-additivity; conditional association, not causal synergy"
metric/the_pile_arxiv_val_loss,stackexchange,uspto_backgrounds,pubmed_central,0.05,72,-0.006317061896654498,-0.0014111171855635263,0.033841165198413146,0.5416666666666666,"quadratic-model non-additivity; conditional association, not causal synergy"
metric/the_pile_arxiv_val_loss,stackexchange,uspto_backgrounds,pile_cc,0.05,72,0.005198508725134098,0.002131820259856587,0.03210971136088189,0.5694444444444444,"quadratic-model non-additivity; conditional association, not causal synergy"
metric/the_pile_arxiv_val_loss,stackexchange,freelaw,github,0.05,72,-0.020678392172505975,-0.011665117770110589,0.03758474650905751,0.7083333333333334,"quadratic-model non-additivity; conditional association, not causal synergy"
metric/the_pile_arxiv_val_loss,stackexchange,freelaw,arxiv,0.05,72,-0.06974477603948868,-0.014737069586703067,0.07267977410758117,0.8888888888888888,"quadratic-model non-additivity; conditional association, not causal synergy"
metric/the_pile_arxiv_val_loss,stackexchange,freelaw,pubmed_central,0.05,72,-0.05124952075230136,-0.009820707693370956,0.07107013716916387,0.75,"quadratic-model non-additivity; conditional association, not causal synergy"
metric/the_pile_arxiv_val_loss,stackexchange,freelaw,pile_cc,0.05,72,-0.03885594697377722,-0.011898095315299173,0.05946920894507443,0.6805555555555556,"quadratic-model non-additivity; conditional association, not causal synergy"
metric/the_pile_arxiv_val_loss,stackexchange,github,arxiv,0.05,72,-0.019905904965835202,-0.012012074147437435,0.02099672586853478,0.9305555555555556,"quadratic-model non-additivity; conditional association, not causal synergy"
metric/the_pile_arxiv_val_loss,stackexchange,github,pubmed_central,0.05,72,-0.014351789103725587,-0.007240012231628956,0.024445979447315636,0.8055555555555556,"quadratic-model non-additivity; conditional association, not causal synergy"
metric/the_pile_arxiv_val_loss,stackexchange,github,pile_cc,0.05,72,-0.016138768776586487,-0.005747204837150743,0.03252110335723495,0.6944444444444444,"quadratic-model non-additivity; conditional association, not causal synergy"
metric/the_pile_arxiv_val_loss,stackexchange,arxiv,pubmed_central,0.05,72,0.06285244006905784,0.01081471457600025,0.07605511962542535,0.6805555555555556,"quadratic-model non-additivity; conditional association, not causal synergy"
metric/the_pile_arxiv_val_loss,stackexchange,arxiv,pile_cc,0.05,72,-0.03237974250560581,-0.010352813888903523,0.03560175217166057,0.875,"quadratic-model non-additivity; conditional association, not causal synergy"
metric/the_pile_arxiv_val_loss,stackexchange,pubmed_central,pile_cc,0.05,72,-0.009432386071590514,-0.004449251344988081,0.028575305254340138,0.6944444444444444,"quadratic-model non-additivity; conditional association, not causal synergy"
metric/the_pile_arxiv_val_loss,github,wikipedia_en,uspto_backgrounds,0.05,77,0.06631019363120189,0.026629510247601296,0.06688650287583366,0.935064935064935,"quadratic-model non-additivity; conditional association, not causal synergy"
metric/the_pile_arxiv_val_loss,github,wikipedia_en,freelaw,0.05,77,-0.018906019159618245,-0.008594026306767866,0.02100923395883496,0.8311688311688312,"quadratic-model non-additivity; conditional association, not causal synergy"
metric/the_pile_arxiv_val_loss,github,wikipedia_en,stackexchange,0.05,77,-0.02762954059971496,-0.014536144147327512,0.02762954059971496,1.0,"quadratic-model non-additivity; conditional association, not causal synergy"
metric/the_pile_arxiv_val_loss,github,wikipedia_en,arxiv,0.05,77,-0.0333849354920683,-0.014449179524899769,0.03471417111778371,0.8961038961038961,"quadratic-model non-additivity; conditional association, not causal synergy"
metric/the_pile_arxiv_val_loss,github,wikipedia_en,pubmed_central,0.05,77,-0.010075146677161221,-0.003840433938957055,0.01236657265174498,0.8571428571428571,"quadratic-model non-additivity; conditional association, not causal synergy"
metric/the_pile_arxiv_val_loss,github,wikipedia_en,pile_cc,0.05,77,-0.03824441185480298,-0.02095155512958069,0.04041689695475414,0.922077922077922,"quadratic-model non-additivity; conditional association, not causal synergy"
metric/the_pile_arxiv_val_loss,github,uspto_backgrounds,freelaw,0.05,77,-0.01247728702196235,-0.005081753117097243,0.014517509120471799,0.8441558441558441,"quadratic-model non-additivity; conditional association, not causal synergy"
metric/the_pile_arxiv_val_loss,github,uspto_backgrounds,stackexchange,0.05,77,-0.06632174570212365,-0.02623476068255881,0.06632174570212365,1.0,"quadratic-model non-additivity; conditional association, not causal synergy"
metric/the_pile_arxiv_val_loss,github,uspto_backgrounds,arxiv,0.05,77,-0.03584452397471757,-0.012305011799218946,0.03696066268576438,0.922077922077922,"quadratic-model non-additivity; conditional association, not causal synergy"
metric/the_pile_arxiv_val_loss,github,uspto_backgrounds,pubmed_central,0.05,77,-0.01790893487614005,-0.008729344876980072,0.01978823232856403,0.922077922077922,"quadratic-model non-additivity; conditional association, not causal synergy"
metric/the_pile_arxiv_val_loss,github,uspto_backgrounds,pile_cc,0.05,77,-0.018999941210340626,-0.008109047822243198,0.021244772125094513,0.8831168831168831,"quadratic-model non-additivity; conditional association, not causal synergy"
metric/the_pile_arxiv_val_loss,github,freelaw,stackexchange,0.05,77,-0.04749349429380473,-0.02192437977102024,0.04749349429380473,1.0,"quadratic-model non-additivity; conditional association, not causal synergy"
metric/the_pile_arxiv_val_loss,github,freelaw,arxiv,0.05,77,-0.07474452867179417,-0.04305102822522411,0.07527531220283215,0.961038961038961,"quadratic-model non-additivity; conditional association, not causal synergy"
metric/the_pile_arxiv_val_loss,github,freelaw,pubmed_central,0.05,77,-0.05773093738236898,-0.02776124222052534,0.0585678997022409,0.948051948051948,"quadratic-model non-additivity; conditional association, not causal synergy"
metric/the_pile_arxiv_val_loss,github,freelaw,pile_cc,0.05,77,-0.06704844538164755,-0.03297335907065868,0.06770259382043958,0.922077922077922,"quadratic-model non-additivity; conditional association, not causal synergy"
metric/the_pile_arxiv_val_loss,github,stackexchange,arxiv,0.05,77,0.16607046041655735,0.055394222925523984,0.17750833892023132,0.8701298701298701,"quadratic-model non-additivity; conditional association, not causal synergy"
metric/the_pile_arxiv_val_loss,github,stackexchange,pubmed_central,0.05,77,0.02203339697872142,0.007652888812857306,0.03994656569614507,0.7012987012987013,"quadratic-model non-additivity; conditional association, not causal synergy"
metric/the_pile_arxiv_val_loss,github,stackexchange,pile_cc,0.05,77,-0.030804374543751015,-0.01590124647399893,0.030804374543751015,1.0,"quadratic-model non-additivity; conditional association, not causal synergy"
metric/the_pile_arxiv_val_loss,github,arxiv,pubmed_central,0.05,77,0.06899369786494303,0.01607372825893183,0.08099104322290346,0.7662337662337663,"quadratic-model non-additivity; conditional association, not causal synergy"
metric/the_pile_arxiv_val_loss,github,arxiv,pile_cc,0.05,77,-0.03656496907284241,-0.015122098060809108,0.03772929088819285,0.948051948051948,"quadratic-model non-additivity; conditional association, not causal synergy"
metric/the_pile_arxiv_val_loss,github,pubmed_central,pile_cc,0.05,77,-0.02342684238563516,-0.008963183368266847,0.024961658208966068,0.922077922077922,"quadratic-model non-additivity; conditional association, not causal synergy"
metric/the_pile_arxiv_val_loss,arxiv,wikipedia_en,uspto_backgrounds,0.05,65,0.11197370829101837,0.08842085246037001,0.11197370829101837,1.0,"quadratic-model non-additivity; conditional association, not causal synergy"
metric/the_pile_arxiv_val_loss,arxiv,wikipedia_en,freelaw,0.05,65,0.029290815046591513,0.002089383571647563,0.04996957600139935,0.5692307692307692,"quadratic-model non-additivity; conditional association, not causal synergy"
metric/the_pile_arxiv_val_loss,arxiv,wikipedia_en,stackexchange,0.05,65,0.007892820490267826,-0.00040569322290018306,0.03590465279507609,0.5076923076923077,"quadratic-model non-additivity; conditional association, not causal synergy"
metric/the_pile_arxiv_val_loss,arxiv,wikipedia_en,github,0.05,65,-0.00020509200514366144,0.00011182153409095008,0.06299045840927572,0.5230769230769231,"quadratic-model non-additivity; conditional association, not causal synergy"
metric/the_pile_arxiv_val_loss,arxiv,wikipedia_en,pubmed_central,0.05,65,0.02053242905131673,0.0025685387959590855,0.03485117351159272,0.5384615384615384,"quadratic-model non-additivity; conditional association, not causal synergy"
metric/the_pile_arxiv_val_loss,arxiv,wikipedia_en,pile_cc,0.05,65,0.012605734266463359,0.001708481274249607,0.05346200200908529,0.5384615384615384,"quadratic-model non-additivity; conditional association, not causal synergy"
metric/the_pile_arxiv_val_loss,arxiv,uspto_backgrounds,freelaw,0.05,65,0.03652417359899203,0.01024983239645838,0.04874119469799853,0.6923076923076923,"quadratic-model non-additivity; conditional association, not causal synergy"
metric/the_pile_arxiv_val_loss,arxiv,uspto_backgrounds,stackexchange,0.05,65,-0.01967446845738528,-0.005105324941941269,0.06225204190709642,0.5692307692307692,"quadratic-model non-additivity; conditional association, not causal synergy"
metric/the_pile_arxiv_val_loss,arxiv,uspto_backgrounds,github,0.05,65,0.007321673260210047,0.0006106266122065662,0.06127054940950425,0.5076923076923077,"quadratic-model non-additivity; conditional association, not causal synergy"
metric/the_pile_arxiv_val_loss,arxiv,uspto_backgrounds,pubmed_central,0.05,65,0.008356894858756363,-0.0025099389089540125,0.045029214477806466,0.5384615384615384,"quadratic-model non-additivity; conditional association, not causal synergy"
metric/the_pile_arxiv_val_loss,arxiv,uspto_backgrounds,pile_cc,0.05,65,0.027482850226281746,0.007660462729567996,0.04990434014539735,0.6923076923076923,"quadratic-model non-additivity; conditional association, not causal synergy"
metric/the_pile_arxiv_val_loss,arxiv,freelaw,stackexchange,0.05,65,0.0023874517745169645,0.001063040333050047,0.05014410856003583,0.5230769230769231,"quadratic-model non-additivity; conditional association, not causal synergy"
metric/the_pile_arxiv_val_loss,arxiv,freelaw,github,0.05,65,0.014471416121736675,0.0076564793820370625,0.06451939206913018,0.5846153846153846,"quadratic-model non-additivity; conditional association, not causal synergy"
metric/the_pile_arxiv_val_loss,arxiv,freelaw,pubmed_central,0.05,65,-0.030746851712181614,-0.010171239669921395,0.08200950224651411,0.6,"quadratic-model non-additivity; conditional association, not causal synergy"
metric/the_pile_arxiv_val_loss,arxiv,freelaw,pile_cc,0.05,65,-0.019788302121548716,0.001152898812633918,0.08031819793439231,0.5384615384615384,"quadratic-model non-additivity; conditional association, not causal synergy"
metric/the_pile_arxiv_val_loss,arxiv,stackexchange,github,0.05,65,0.04394230694245098,0.02109303222352299,0.044747192839667944,0.9384615384615385,"quadratic-model non-additivity; conditional association, not causal synergy"
metric/the_pile_arxiv_val_loss,arxiv,stackexchange,pubmed_central,0.05,65,0.04733311270239221,0.01838287227603974,0.04834195879225593,0.9076923076923077,"quadratic-model non-additivity; conditional association, not causal synergy"
metric/the_pile_arxiv_val_loss,arxiv,stackexchange,pile_cc,0.05,65,0.009251350812824589,-0.0004569576339426007,0.035491475540781,0.5230769230769231,"quadratic-model non-additivity; conditional association, not causal synergy"
metric/the_pile_arxiv_val_loss,arxiv,github,pubmed_central,0.05,65,0.009002705559717215,0.001381631596281352,0.040729959350045544,0.5230769230769231,"quadratic-model non-additivity; conditional association, not causal synergy"
metric/the_pile_arxiv_val_loss,arxiv,github,pile_cc,0.05,65,0.016136038571372247,0.005731213437270455,0.0531345132101404,0.6153846153846154,"quadratic-model non-additivity; conditional association, not causal synergy"
metric/the_pile_arxiv_val_loss,arxiv,pubmed_central,pile_cc,0.05,65,0.011558756172704184,-0.0013829202187904954,0.03983085153022028,0.5230769230769231,"quadratic-model non-additivity; conditional association, not causal synergy"
metric/the_pile_arxiv_val_loss,pubmed_central,wikipedia_en,uspto_backgrounds,0.05,81,0.06371303623527975,0.029264025590360454,0.06426865273492534,0.9506172839506173,"quadratic-model non-additivity; conditional association, not causal synergy"
metric/the_pile_arxiv_val_loss,pubmed_central,wikipedia_en,freelaw,0.05,81,-0.010959692970405485,-0.0039597106836417595,0.021687711559174358,0.6790123456790124,"quadratic-model non-additivity; conditional association, not causal synergy"
metric/the_pile_arxiv_val_loss,pubmed_central,wikipedia_en,stackexchange,0.05,81,-0.01840840412329285,-0.008285082119799725,0.021177715856003306,0.9012345679012346,"quadratic-model non-additivity; conditional association, not causal synergy"
metric/the_pile_arxiv_val_loss,pubmed_central,wikipedia_en,github,0.05,81,-0.037333154668236335,-0.007581615558513555,0.04461231461978711,0.8395061728395061,"quadratic-model non-additivity; conditional association, not causal synergy"
metric/the_pile_arxiv_val_loss,pubmed_central,wikipedia_en,arxiv,0.05,81,-0.039497649186170616,-0.023781071764330974,0.03967426791217642,0.9876543209876543,"quadratic-model non-additivity; conditional association, not causal synergy"
metric/the_pile_arxiv_val_loss,pubmed_central,wikipedia_en,pile_cc,0.05,81,-0.023355088458149494,-0.009437241278260622,0.030726203804591682,0.8395061728395061,"quadratic-model non-additivity; conditional association, not causal synergy"
metric/the_pile_arxiv_val_loss,pubmed_central,uspto_backgrounds,freelaw,0.05,81,-0.001922226770403647,-0.0010597437843973267,0.015563152200981515,0.5802469135802469,"quadratic-model non-additivity; conditional association, not causal synergy"
metric/the_pile_arxiv_val_loss,pubmed_central,uspto_backgrounds,stackexchange,0.05,81,-0.05001436614511036,-0.013196358691862642,0.053469471651960095,0.8888888888888888,"quadratic-model non-additivity; conditional association, not causal synergy"
metric/the_pile_arxiv_val_loss,pubmed_central,uspto_backgrounds,github,0.05,81,-0.029484298879247074,-0.008136713991230948,0.036833163070501315,0.8024691358024691,"quadratic-model non-additivity; conditional association, not causal synergy"
metric/the_pile_arxiv_val_loss,pubmed_central,uspto_backgrounds,arxiv,0.05,81,-0.041611558644287804,-0.020417011080576586,0.04178144816520837,0.9876543209876543,"quadratic-model non-additivity; conditional association, not causal synergy"
metric/the_pile_arxiv_val_loss,pubmed_central,uspto_backgrounds,pile_cc,0.05,81,-0.015317912606974092,-0.005262509514424529,0.02330148395298387,0.7530864197530864,"quadratic-model non-additivity; conditional association, not causal synergy"
metric/the_pile_arxiv_val_loss,pubmed_central,freelaw,stackexchange,0.05,81,-0.025097555876340744,-0.006023745874619735,0.030422454347077143,0.7654320987654321,"quadratic-model non-additivity; conditional association, not causal synergy"
metric/the_pile_arxiv_val_loss,pubmed_central,freelaw,github,0.05,81,-0.025797621942813913,-0.0067454317034680855,0.03685120633203102,0.6666666666666666,"quadratic-model non-additivity; conditional association, not causal synergy"
metric/the_pile_arxiv_val_loss,pubmed_central,freelaw,arxiv,0.05,81,-0.06934505231369072,-0.03334086751127163,0.06990734834824007,0.9876543209876543,"quadratic-model non-additivity; conditional association, not causal synergy"
metric/the_pile_arxiv_val_loss,pubmed_central,freelaw,pile_cc,0.05,81,-0.045908479180417495,-0.016315718031312265,0.056679041441759524,0.7283950617283951,"quadratic-model non-additivity; conditional association, not causal synergy"
metric/the_pile_arxiv_val_loss,pubmed_central,stackexchange,github,0.05,81,0.02242833992586087,0.006358814685236247,0.02481371666197539,0.8395061728395061,"quadratic-model non-additivity; conditional association, not causal synergy"
metric/the_pile_arxiv_val_loss,pubmed_central,stackexchange,arxiv,0.05,81,0.15166177737351721,0.04794973316282469,0.15754259100887638,0.8024691358024691,"quadratic-model non-additivity; conditional association, not causal synergy"
metric/the_pile_arxiv_val_loss,pubmed_central,stackexchange,pile_cc,0.05,81,-0.01812391983329268,-0.006331344276732764,0.022191322271305217,0.8888888888888888,"quadratic-model non-additivity; conditional association, not causal synergy"
metric/the_pile_arxiv_val_loss,pubmed_central,github,arxiv,0.05,81,-0.01361602182153741,-0.009500176540663041,0.014053421792424928,0.9506172839506173,"quadratic-model non-additivity; conditional association, not causal synergy"
metric/the_pile_arxiv_val_loss,pubmed_central,github,pile_cc,0.05,81,-0.02270281802433501,-0.004091774031484086,0.030455289302847428,0.7777777777777778,"quadratic-model non-additivity; conditional association, not causal synergy"
metric/the_pile_arxiv_val_loss,pubmed_central,arxiv,pile_cc,0.05,81,-0.03847347851736793,-0.02381325554037428,0.03864344313623795,0.9876543209876543,"quadratic-model non-additivity; conditional association, not causal synergy"
metric/the_pile_arxiv_val_loss,pile_cc,wikipedia_en,uspto_backgrounds,0.05,68,0.04936546634543119,0.010753176088644789,0.053720299800606094,0.75,"quadratic-model non-additivity; conditional association, not causal synergy"
metric/the_pile_arxiv_val_loss,pile_cc,wikipedia_en,freelaw,0.05,68,-0.014589998211210164,-0.005409652642951457,0.016328404786262053,0.7941176470588235,"quadratic-model non-additivity; conditional association, not causal synergy"
metric/the_pile_arxiv_val_loss,pile_cc,wikipedia_en,stackexchange,0.05,68,-0.01827660952499713,-0.008411048152897393,0.018940482877190856,0.9411764705882353,"quadratic-model non-additivity; conditional association, not causal synergy"
metric/the_pile_arxiv_val_loss,pile_cc,wikipedia_en,github,0.05,68,-0.04183803064924062,-0.018014563581686627,0.04244228479380616,0.9558823529411765,"quadratic-model non-additivity; conditional association, not causal synergy"
metric/the_pile_arxiv_val_loss,pile_cc,wikipedia_en,arxiv,0.05,68,-0.028335874574133526,-0.007017277924074694,0.028801570751646265,0.9411764705882353,"quadratic-model non-additivity; conditional association, not causal synergy"
metric/the_pile_arxiv_val_loss,pile_cc,wikipedia_en,pubmed_central,0.05,68,-0.011813722552368474,-0.00492907377405194,0.012795540990934025,0.9117647058823529,"quadratic-model non-additivity; conditional association, not causal synergy"
metric/the_pile_arxiv_val_loss,pile_cc,uspto_backgrounds,freelaw,0.05,68,-0.012374666064205779,-0.005107684502371201,0.013909383753493898,0.8529411764705882,"quadratic-model non-additivity; conditional association, not causal synergy"
metric/the_pile_arxiv_val_loss,pile_cc,uspto_backgrounds,stackexchange,0.05,68,-0.047735475574920194,-0.015424642943172806,0.04785349552413948,0.9852941176470589,"quadratic-model non-additivity; conditional association, not causal synergy"
metric/the_pile_arxiv_val_loss,pile_cc,uspto_backgrounds,github,0.05,68,-0.03641234338245317,-0.012440883393142643,0.036600287023836636,0.9558823529411765,"quadratic-model non-additivity; conditional association, not causal synergy"
metric/the_pile_arxiv_val_loss,pile_cc,uspto_backgrounds,arxiv,0.05,68,-0.02872182584789559,-0.008690794702202576,0.029325690598578844,0.9558823529411765,"quadratic-model non-additivity; conditional association, not causal synergy"
metric/the_pile_arxiv_val_loss,pile_cc,uspto_backgrounds,pubmed_central,0.05,68,-0.02730606244513428,-0.011117841715535759,0.027531738870927486,0.9705882352941176,"quadratic-model non-additivity; conditional association, not causal synergy"
metric/the_pile_arxiv_val_loss,pile_cc,freelaw,stackexchange,0.05,68,-0.03140611210928222,-0.008448112155793996,0.032430708416402235,0.8823529411764706,"quadratic-model non-additivity; conditional association, not causal synergy"
metric/the_pile_arxiv_val_loss,pile_cc,freelaw,github,0.05,68,-0.029965955953573705,-0.017328597784827426,0.030669062057904064,0.9117647058823529,"quadratic-model non-additivity; conditional association, not causal synergy"
metric/the_pile_arxiv_val_loss,pile_cc,freelaw,arxiv,0.05,68,-0.0683777457083702,-0.022783655418679327,0.06865314607154549,0.9558823529411765,"quadratic-model non-additivity; conditional association, not causal synergy"
metric/the_pile_arxiv_val_loss,pile_cc,freelaw,pubmed_central,0.05,68,-0.056410258642254865,-0.014682242692021674,0.05703024555293675,0.9264705882352942,"quadratic-model non-additivity; conditional association, not causal synergy"
metric/the_pile_arxiv_val_loss,pile_cc,stackexchange,github,0.05,68,0.02916255757553135,0.009231748601083556,0.03350141613905167,0.75,"quadratic-model non-additivity; conditional association, not causal synergy"
metric/the_pile_arxiv_val_loss,pile_cc,stackexchange,arxiv,0.05,68,0.15771013611157128,0.04510953181723254,0.15908748925876748,0.8823529411764706,"quadratic-model non-additivity; conditional association, not causal synergy"
metric/the_pile_arxiv_val_loss,pile_cc,stackexchange,pubmed_central,0.05,68,0.041010891056400746,0.0076119108323835505,0.04657755565883796,0.7058823529411765,"quadratic-model non-additivity; conditional association, not causal synergy"
metric/the_pile_arxiv_val_loss,pile_cc,github,arxiv,0.05,68,-0.008460168782061305,-0.004500523936616929,0.009051681375022083,0.8676470588235294,"quadratic-model non-additivity; conditional association, not causal synergy"
metric/the_pile_arxiv_val_loss,pile_cc,github,pubmed_central,0.05,68,-0.023611695869345677,-0.011421850093324526,0.02397709072621125,0.9411764705882353,"quadratic-model non-additivity; conditional association, not causal synergy"
metric/the_pile_arxiv_val_loss,pile_cc,arxiv,pubmed_central,0.05,68,0.08522514389614863,0.024269548854849665,0.08632432409211367,0.8676470588235294,"quadratic-model non-additivity; conditional association, not causal synergy"
metric/the_pile_freelaw_val_loss,wikipedia_en,uspto_backgrounds,freelaw,0.05,49,-0.011350987471955773,-0.00607274707891392,0.011350987471955773,1.0,"quadratic-model non-additivity; conditional association, not causal synergy"
metric/the_pile_freelaw_val_loss,wikipedia_en,uspto_backgrounds,stackexchange,0.05,49,-0.029397038199467637,-0.011680436967138164,0.03187590197775755,0.9183673469387755,"quadratic-model non-additivity; conditional association, not causal synergy"
metric/the_pile_freelaw_val_loss,wikipedia_en,uspto_backgrounds,github,0.05,49,-0.020480158475042212,-0.006622576028012972,0.024441153664427142,0.8571428571428571,"quadratic-model non-additivity; conditional association, not causal synergy"
metric/the_pile_freelaw_val_loss,wikipedia_en,uspto_backgrounds,arxiv,0.05,49,-0.005179374614920499,-0.0019313627659798271,0.00820314656926049,0.8163265306122449,"quadratic-model non-additivity; conditional association, not causal synergy"
metric/the_pile_freelaw_val_loss,wikipedia_en,uspto_backgrounds,pubmed_central,0.05,49,-0.015370889301071161,-0.00611420270507157,0.017236968755980416,0.9387755102040817,"quadratic-model non-additivity; conditional association, not causal synergy"
metric/the_pile_freelaw_val_loss,wikipedia_en,uspto_backgrounds,pile_cc,0.05,49,-0.008504292470725297,-0.002635809262963029,0.01064053935190238,0.9387755102040817,"quadratic-model non-additivity; conditional association, not causal synergy"
metric/the_pile_freelaw_val_loss,wikipedia_en,freelaw,stackexchange,0.05,49,-0.009105550460864455,-0.0044685012331182605,0.009215623734167386,0.9795918367346939,"quadratic-model non-additivity; conditional association, not causal synergy"
metric/the_pile_freelaw_val_loss,wikipedia_en,freelaw,github,0.05,49,-0.021530717379380553,-0.011021336210277788,0.021556822652807,0.9591836734693877,"quadratic-model non-additivity; conditional association, not causal synergy"
metric/the_pile_freelaw_val_loss,wikipedia_en,freelaw,arxiv,0.05,49,-0.028368556139278776,-0.013101241979008194,0.028368556139278776,1.0,"quadratic-model non-additivity; conditional association, not causal synergy"
metric/the_pile_freelaw_val_loss,wikipedia_en,freelaw,pubmed_central,0.05,49,-0.02988274885980618,-0.01124028012515943,0.02988274885980618,1.0,"quadratic-model non-additivity; conditional association, not causal synergy"
metric/the_pile_freelaw_val_loss,wikipedia_en,freelaw,pile_cc,0.05,49,0.047082653404497604,0.015124108309814588,0.05061783821318592,0.8163265306122449,"quadratic-model non-additivity; conditional association, not causal synergy"
metric/the_pile_freelaw_val_loss,wikipedia_en,stackexchange,github,0.05,49,0.0006908416588207313,-0.0005608695948016162,0.007030536009537586,0.6326530612244898,"quadratic-model non-additivity; conditional association, not causal synergy"
metric/the_pile_freelaw_val_loss,wikipedia_en,stackexchange,arxiv,0.05,49,-0.015743452137076838,-0.005545335614344005,0.021130212846078546,0.8571428571428571,"quadratic-model non-additivity; conditional association, not causal synergy"
metric/the_pile_freelaw_val_loss,wikipedia_en,stackexchange,pubmed_central,0.05,49,-0.01425304355047064,-0.006552463104268824,0.019895217083533964,0.8775510204081632,"quadratic-model non-additivity; conditional association, not causal synergy"
metric/the_pile_freelaw_val_loss,wikipedia_en,stackexchange,pile_cc,0.05,49,-0.015173854261550088,-0.008142826064418962,0.018902607747941013,0.9183673469387755,"quadratic-model non-additivity; conditional association, not causal synergy"
metric/the_pile_freelaw_val_loss,wikipedia_en,github,arxiv,0.05,49,-0.03181117620294706,-0.007940482019422213,0.03853502661799535,0.8775510204081632,"quadratic-model non-additivity; conditional association, not causal synergy"
metric/the_pile_freelaw_val_loss,wikipedia_en,github,pubmed_central,0.05,49,-0.020931088539430116,-0.006114953834470249,0.02785925567094032,0.7959183673469388,"quadratic-model non-additivity; conditional association, not causal synergy"
metric/the_pile_freelaw_val_loss,wikipedia_en,github,pile_cc,0.05,49,-0.025969616255449517,-0.007534903785566982,0.030738018599632596,0.8571428571428571,"quadratic-model non-additivity; conditional association, not causal synergy"
metric/the_pile_freelaw_val_loss,wikipedia_en,arxiv,pubmed_central,0.05,49,-0.020211410170510286,-0.008385075919224327,0.024347887786055736,0.8775510204081632,"quadratic-model non-additivity; conditional association, not causal synergy"
metric/the_pile_freelaw_val_loss,wikipedia_en,arxiv,pile_cc,0.05,49,-0.02698319500745273,-0.008368045831956827,0.031093507165263188,0.8979591836734694,"quadratic-model non-additivity; conditional association, not causal synergy"
metric/the_pile_freelaw_val_loss,wikipedia_en,pubmed_central,pile_cc,0.05,49,-0.012102102213187603,-0.0062626867362816085,0.016193937515684206,0.8979591836734694,"quadratic-model non-additivity; conditional association, not causal synergy"
metric/the_pile_freelaw_val_loss,uspto_backgrounds,wikipedia_en,freelaw,0.05,59,0.023215718149991474,0.0033735844957947236,0.030506549035744415,0.711864406779661,"quadratic-model non-additivity; conditional association, not causal synergy"
metric/the_pile_freelaw_val_loss,uspto_backgrounds,wikipedia_en,stackexchange,0.05,59,-0.011364018749923065,-0.004507731401119486,0.011443535294002568,0.9491525423728814,"quadratic-model non-additivity; conditional association, not causal synergy"
metric/the_pile_freelaw_val_loss,uspto_backgrounds,wikipedia_en,github,0.05,59,-0.03069984722715801,-0.01480852783863007,0.03069984722715801,1.0,"quadratic-model non-additivity; conditional association, not causal synergy"
metric/the_pile_freelaw_val_loss,uspto_backgrounds,wikipedia_en,arxiv,0.05,59,-0.02585637965984344,-0.010364689858112008,0.02585637965984344,1.0,"quadratic-model non-additivity; conditional association, not causal synergy"
metric/the_pile_freelaw_val_loss,uspto_backgrounds,wikipedia_en,pubmed_central,0.05,59,-0.01514441575837184,-0.006976358537873928,0.015144496292562261,0.9830508474576272,"quadratic-model non-additivity; conditional association, not causal synergy"
metric/the_pile_freelaw_val_loss,uspto_backgrounds,wikipedia_en,pile_cc,0.05,59,-0.0006524888707472352,-0.0006927022485623269,0.012462734988894972,0.559322033898305,"quadratic-model non-additivity; conditional association, not causal synergy"
metric/the_pile_freelaw_val_loss,uspto_backgrounds,freelaw,stackexchange,0.05,59,-0.005803532458768073,-0.001849491081162391,0.006496066255651248,0.8305084745762712,"quadratic-model non-additivity; conditional association, not causal synergy"
metric/the_pile_freelaw_val_loss,uspto_backgrounds,freelaw,github,0.05,59,-0.020902864563036166,-0.011792646394345851,0.020951220943296427,0.9830508474576272,"quadratic-model non-additivity; conditional association, not causal synergy"
metric/the_pile_freelaw_val_loss,uspto_backgrounds,freelaw,arxiv,0.05,59,-0.032364508303335045,-0.01474951871369079,0.032364508303335045,1.0,"quadratic-model non-additivity; conditional association, not causal synergy"
metric/the_pile_freelaw_val_loss,uspto_backgrounds,freelaw,pubmed_central,0.05,59,-0.023322444721705977,-0.005387257283937963,0.023400464690194977,0.9491525423728814,"quadratic-model non-additivity; conditional association, not causal synergy"
metric/the_pile_freelaw_val_loss,uspto_backgrounds,freelaw,pile_cc,0.05,59,0.04855505270933063,0.0072307568927181265,0.054442647639644244,0.7966101694915254,"quadratic-model non-additivity; conditional association, not causal synergy"
metric/the_pile_freelaw_val_loss,uspto_backgrounds,stackexchange,github,0.05,59,-0.003243171200120556,-0.0009671969078794973,0.005823451977969509,0.6271186440677966,"quadratic-model non-additivity; conditional association, not causal synergy"
metric/the_pile_freelaw_val_loss,uspto_backgrounds,stackexchange,arxiv,0.05,59,-0.020247763032075875,-0.007397923032602449,0.02031317034302346,0.9830508474576272,"quadratic-model non-additivity; conditional association, not causal synergy"
metric/the_pile_freelaw_val_loss,uspto_backgrounds,stackexchange,pubmed_central,0.05,59,-0.015138263348896116,-0.0035275631787525796,0.016045475691155848,0.864406779661017,"quadratic-model non-additivity; conditional association, not causal synergy"
metric/the_pile_freelaw_val_loss,uspto_backgrounds,stackexchange,pile_cc,0.05,59,-0.014622328358210203,-0.0028284781045933016,0.015132969628531228,0.9152542372881356,"quadratic-model non-additivity; conditional association, not causal synergy"
metric/the_pile_freelaw_val_loss,uspto_backgrounds,github,arxiv,0.05,59,-0.030829702278428305,-0.01228033154771957,0.03090445523283139,0.9661016949152542,"quadratic-model non-additivity; conditional association, not causal synergy"
metric/the_pile_freelaw_val_loss,uspto_backgrounds,github,pubmed_central,0.05,59,-0.02613835491570428,-0.006083085512691433,0.026958697646589005,0.847457627118644,"quadratic-model non-additivity; conditional association, not causal synergy"
metric/the_pile_freelaw_val_loss,uspto_backgrounds,github,pile_cc,0.05,59,-0.022668879769044296,-0.005810161068604991,0.02293321360904442,0.9491525423728814,"quadratic-model non-additivity; conditional association, not causal synergy"
metric/the_pile_freelaw_val_loss,uspto_backgrounds,arxiv,pubmed_central,0.05,59,-0.027121534691519247,-0.010592300161398782,0.027207002168423776,0.9661016949152542,"quadratic-model non-additivity; conditional association, not causal synergy"
metric/the_pile_freelaw_val_loss,uspto_backgrounds,arxiv,pile_cc,0.05,59,-0.027383500120748337,-0.009308639525557716,0.027383500120748337,1.0,"quadratic-model non-additivity; conditional association, not causal synergy"
metric/the_pile_freelaw_val_loss,uspto_backgrounds,pubmed_central,pile_cc,0.05,59,-0.01824129532493419,-0.005708168573280048,0.0183670663689806,0.9661016949152542,"quadratic-model non-additivity; conditional association, not causal synergy"
metric/the_pile_freelaw_val_loss,freelaw,wikipedia_en,uspto_backgrounds,0.05,47,0.06647431920535984,0.02911922103760478,0.06647431920535984,1.0,"quadratic-model non-additivity; conditional association, not causal synergy"
metric/the_pile_freelaw_val_loss,freelaw,wikipedia_en,stackexchange,0.05,47,0.04229250274393436,0.004314588450470502,0.04940550135073687,0.6595744680851063,"quadratic-model non-additivity; conditional association, not causal synergy"
metric/the_pile_freelaw_val_loss,freelaw,wikipedia_en,github,0.05,47,0.025286694388320832,0.0008834482232584762,0.06460814902038066,0.5106382978723404,"quadratic-model non-additivity; conditional association, not causal synergy"
metric/the_pile_freelaw_val_loss,freelaw,wikipedia_en,arxiv,0.05,47,0.033763483163529194,0.0025299325259302563,0.059849061282958214,0.574468085106383,"quadratic-model non-additivity; conditional association, not causal synergy"
metric/the_pile_freelaw_val_loss,freelaw,wikipedia_en,pubmed_central,0.05,47,0.03934395562717216,0.0026770922148999787,0.05287965634065189,0.5957446808510638,"quadratic-model non-additivity; conditional association, not causal synergy"
metric/the_pile_freelaw_val_loss,freelaw,wikipedia_en,pile_cc,0.05,47,0.045150532012661775,0.02357209307820085,0.045150532012661775,1.0,"quadratic-model non-additivity; conditional association, not causal synergy"
metric/the_pile_freelaw_val_loss,freelaw,uspto_backgrounds,stackexchange,0.05,47,0.03141167515748661,0.003772154617125878,0.05541123617155694,0.6595744680851063,"quadratic-model non-additivity; conditional association, not causal synergy"
metric/the_pile_freelaw_val_loss,freelaw,uspto_backgrounds,github,0.05,47,0.037790847282138704,0.00756074324565148,0.05695497143598434,0.6808510638297872,"quadratic-model non-additivity; conditional association, not causal synergy"
metric/the_pile_freelaw_val_loss,freelaw,uspto_backgrounds,arxiv,0.05,47,0.052365164673596816,0.011140125134208922,0.05444060275249168,0.8297872340425532,"quadratic-model non-additivity; conditional association, not causal synergy"
metric/the_pile_freelaw_val_loss,freelaw,uspto_backgrounds,pubmed_central,0.05,47,0.04259333133396245,0.010120141358845203,0.056359899279194055,0.6808510638297872,"quadratic-model non-additivity; conditional association, not causal synergy"
metric/the_pile_freelaw_val_loss,freelaw,uspto_backgrounds,pile_cc,0.05,47,0.03610892186822656,0.0038568929329247936,0.04051855079442925,0.6595744680851063,"quadratic-model non-additivity; conditional association, not causal synergy"
metric/the_pile_freelaw_val_loss,freelaw,stackexchange,github,0.05,47,0.05170117625283444,0.010858082841668448,0.05509536444457046,0.8085106382978723,"quadratic-model non-additivity; conditional association, not causal synergy"
metric/the_pile_freelaw_val_loss,freelaw,stackexchange,arxiv,0.05,47,0.03442492665633768,0.003878183375190858,0.05966581155453185,0.6170212765957447,"quadratic-model non-additivity; conditional association, not causal synergy"
metric/the_pile_freelaw_val_loss,freelaw,stackexchange,pubmed_central,0.05,47,0.03610344784968407,0.007334282898590949,0.05972407389547374,0.6808510638297872,"quadratic-model non-additivity; conditional association, not causal synergy"
metric/the_pile_freelaw_val_loss,freelaw,stackexchange,pile_cc,0.05,47,0.023722813354061442,-0.0002022726463226654,0.043007869537300944,0.5106382978723404,"quadratic-model non-additivity; conditional association, not causal synergy"
metric/the_pile_freelaw_val_loss,freelaw,github,arxiv,0.05,47,0.027108490596636035,0.004549627642259857,0.06518714158118372,0.6170212765957447,"quadratic-model non-additivity; conditional association, not causal synergy"
metric/the_pile_freelaw_val_loss,freelaw,github,pubmed_central,0.05,47,0.02498892565501593,0.0035777479459380146,0.06688669805697246,0.6382978723404256,"quadratic-model non-additivity; conditional association, not causal synergy"
metric/the_pile_freelaw_val_loss,freelaw,github,pile_cc,0.05,47,0.012692771281896668,-0.0016428782252102536,0.057167946861940634,0.5319148936170213,"quadratic-model non-additivity; conditional association, not causal synergy"
metric/the_pile_freelaw_val_loss,freelaw,arxiv,pubmed_central,0.05,47,0.03663007899866045,0.0052318055731417346,0.066035508362609,0.574468085106383,"quadratic-model non-additivity; conditional association, not causal synergy"
metric/the_pile_freelaw_val_loss,freelaw,arxiv,pile_cc,0.05,47,0.01069655117421865,0.000654644460863274,0.054608384078057924,0.5106382978723404,"quadratic-model non-additivity; conditional association, not causal synergy"
metric/the_pile_freelaw_val_loss,freelaw,pubmed_central,pile_cc,0.05,47,0.026473230303745685,0.0001746756267317906,0.048143450794585374,0.5106382978723404,"quadratic-model non-additivity; conditional association, not causal synergy"
metric/the_pile_freelaw_val_loss,stackexchange,wikipedia_en,uspto_backgrounds,0.05,72,0.022908351501858517,0.01020103489461599,0.026189389244484804,0.75,"quadratic-model non-additivity; conditional association, not causal synergy"
metric/the_pile_freelaw_val_loss,stackexchange,wikipedia_en,freelaw,0.05,72,0.02940327519744689,0.009338746131856368,0.03449324318760698,0.7916666666666666,"quadratic-model non-additivity; conditional association, not causal synergy"
metric/the_pile_freelaw_val_loss,stackexchange,wikipedia_en,github,0.05,72,-0.03003516610063336,-0.012760229290813552,0.03003516610063336,1.0,"quadratic-model non-additivity; conditional association, not causal synergy"
metric/the_pile_freelaw_val_loss,stackexchange,wikipedia_en,arxiv,0.05,72,-0.01700383237140544,-0.007990155969812118,0.01705025827717845,0.9722222222222222,"quadratic-model non-additivity; conditional association, not causal synergy"
metric/the_pile_freelaw_val_loss,stackexchange,wikipedia_en,pubmed_central,0.05,72,-0.012988800481843884,-0.0071227488488956325,0.013050960134869456,0.9722222222222222,"quadratic-model non-additivity; conditional association, not causal synergy"
metric/the_pile_freelaw_val_loss,stackexchange,wikipedia_en,pile_cc,0.05,72,0.003675248705618633,0.00010156518718273944,0.011214160413894392,0.5,"quadratic-model non-additivity; conditional association, not causal synergy"
metric/the_pile_freelaw_val_loss,stackexchange,uspto_backgrounds,freelaw,0.05,72,-0.005452163377753511,-0.00402751773630694,0.006462236223774755,0.9444444444444444,"quadratic-model non-additivity; conditional association, not causal synergy"
metric/the_pile_freelaw_val_loss,stackexchange,uspto_backgrounds,github,0.05,72,-0.020443684321329283,-0.007884781268795216,0.020874949646984872,0.9583333333333334,"quadratic-model non-additivity; conditional association, not causal synergy"
metric/the_pile_freelaw_val_loss,stackexchange,uspto_backgrounds,arxiv,0.05,72,-0.0037455805302994477,-0.002557819917120785,0.005468395660746343,0.7916666666666666,"quadratic-model non-additivity; conditional association, not causal synergy"
metric/the_pile_freelaw_val_loss,stackexchange,uspto_backgrounds,pubmed_central,0.05,72,-0.014072098507253019,-0.005243079897798708,0.015141467487369541,0.9305555555555556,"quadratic-model non-additivity; conditional association, not causal synergy"
metric/the_pile_freelaw_val_loss,stackexchange,uspto_backgrounds,pile_cc,0.05,72,-0.0043261712644032295,-0.0021708144248142602,0.0061459465196150986,0.8888888888888888,"quadratic-model non-additivity; conditional association, not causal synergy"
metric/the_pile_freelaw_val_loss,stackexchange,freelaw,github,0.05,72,-0.027194965675165925,-0.015361952668257572,0.027194965675165925,1.0,"quadratic-model non-additivity; conditional association, not causal synergy"
metric/the_pile_freelaw_val_loss,stackexchange,freelaw,arxiv,0.05,72,-0.029745389957439233,-0.009963645432230273,0.02986933536311505,0.9583333333333334,"quadratic-model non-additivity; conditional association, not causal synergy"
metric/the_pile_freelaw_val_loss,stackexchange,freelaw,pubmed_central,0.05,72,-0.031193666865323193,-0.011211037917086886,0.03130516948101334,0.9722222222222222,"quadratic-model non-additivity; conditional association, not causal synergy"
metric/the_pile_freelaw_val_loss,stackexchange,freelaw,pile_cc,0.05,72,0.06296506991146276,0.028146235837424705,0.06815846656074903,0.7916666666666666,"quadratic-model non-additivity; conditional association, not causal synergy"
metric/the_pile_freelaw_val_loss,stackexchange,github,arxiv,0.05,72,-0.027881203654457103,-0.009586646390967068,0.02790731603543889,0.9861111111111112,"quadratic-model non-additivity; conditional association, not causal synergy"
metric/the_pile_freelaw_val_loss,stackexchange,github,pubmed_central,0.05,72,-0.02989686705426434,-0.011664215893760765,0.029916902139752368,0.9861111111111112,"quadratic-model non-additivity; conditional association, not causal synergy"
metric/the_pile_freelaw_val_loss,stackexchange,github,pile_cc,0.05,72,-0.027769040593088483,-0.011280443098549142,0.027769040593088483,1.0,"quadratic-model non-additivity; conditional association, not causal synergy"
metric/the_pile_freelaw_val_loss,stackexchange,arxiv,pubmed_central,0.05,72,-0.02661208870845827,-0.008177714991127516,0.02669694762567426,0.9722222222222222,"quadratic-model non-additivity; conditional association, not causal synergy"
metric/the_pile_freelaw_val_loss,stackexchange,arxiv,pile_cc,0.05,72,-0.025768982133683376,-0.008198209746432816,0.02593471994704267,0.9583333333333334,"quadratic-model non-additivity; conditional association, not causal synergy"
metric/the_pile_freelaw_val_loss,stackexchange,pubmed_central,pile_cc,0.05,72,-0.018372845701555784,-0.008411743422969131,0.018911353814746124,0.9583333333333334,"quadratic-model non-additivity; conditional association, not causal synergy"
metric/the_pile_freelaw_val_loss,github,wikipedia_en,uspto_backgrounds,0.05,77,0.023559843591067577,0.011113121226568268,0.02813525644309926,0.7402597402597403,"quadratic-model non-additivity; conditional association, not causal synergy"
metric/the_pile_freelaw_val_loss,github,wikipedia_en,freelaw,0.05,77,0.03957729002291152,0.014681281371765387,0.04320428573036583,0.7922077922077922,"quadratic-model non-additivity; conditional association, not causal synergy"
metric/the_pile_freelaw_val_loss,github,wikipedia_en,stackexchange,0.05,77,-0.01347194408392396,-0.010325636295397622,0.01347194408392396,1.0,"quadratic-model non-additivity; conditional association, not causal synergy"
metric/the_pile_freelaw_val_loss,github,wikipedia_en,arxiv,0.05,77,-0.021089932179039858,-0.010026096550860508,0.021235856453638628,0.987012987012987,"quadratic-model non-additivity; conditional association, not causal synergy"
metric/the_pile_freelaw_val_loss,github,wikipedia_en,pubmed_central,0.05,77,-0.013253479737845688,-0.008765030464334522,0.013425637671650968,0.987012987012987,"quadratic-model non-additivity; conditional association, not causal synergy"
metric/the_pile_freelaw_val_loss,github,wikipedia_en,pile_cc,0.05,77,0.009540447696677171,0.006340473592042706,0.013179957215147602,0.7402597402597403,"quadratic-model non-additivity; conditional association, not causal synergy"
metric/the_pile_freelaw_val_loss,github,uspto_backgrounds,freelaw,0.05,77,-0.007436684198223031,-0.004077950043465783,0.007438348825051076,0.987012987012987,"quadratic-model non-additivity; conditional association, not causal synergy"
metric/the_pile_freelaw_val_loss,github,uspto_backgrounds,stackexchange,0.05,77,-0.037474022843631334,-0.020919916950292716,0.037474022843631334,1.0,"quadratic-model non-additivity; conditional association, not causal synergy"
metric/the_pile_freelaw_val_loss,github,uspto_backgrounds,arxiv,0.05,77,-0.007939224165039043,-0.005037986492570923,0.008168132651196054,0.922077922077922,"quadratic-model non-additivity; conditional association, not causal synergy"
metric/the_pile_freelaw_val_loss,github,uspto_backgrounds,pubmed_central,0.05,77,-0.014792127381280539,-0.008234589301239659,0.014921579226599382,0.987012987012987,"quadratic-model non-additivity; conditional association, not causal synergy"
metric/the_pile_freelaw_val_loss,github,uspto_backgrounds,pile_cc,0.05,77,-0.006742389715107057,-0.0034164655027169033,0.00726888678095108,0.948051948051948,"quadratic-model non-additivity; conditional association, not causal synergy"
metric/the_pile_freelaw_val_loss,github,freelaw,stackexchange,0.05,77,-0.01391761904686991,-0.010115851947325893,0.01391761904686991,1.0,"quadratic-model non-additivity; conditional association, not causal synergy"
metric/the_pile_freelaw_val_loss,github,freelaw,arxiv,0.05,77,-0.032107947171371984,-0.019537083178909675,0.03223675537300266,0.987012987012987,"quadratic-model non-additivity; conditional association, not causal synergy"
metric/the_pile_freelaw_val_loss,github,freelaw,pubmed_central,0.05,77,-0.028163445168623555,-0.01903989648435367,0.02824262985669983,0.987012987012987,"quadratic-model non-additivity; conditional association, not causal synergy"
metric/the_pile_freelaw_val_loss,github,freelaw,pile_cc,0.05,77,0.07556384851357718,0.034861736571198954,0.07854986103419152,0.8571428571428571,"quadratic-model non-additivity; conditional association, not causal synergy"
metric/the_pile_freelaw_val_loss,github,stackexchange,arxiv,0.05,77,-0.02866652336624384,-0.016759871338439147,0.02866652336624384,1.0,"quadratic-model non-additivity; conditional association, not causal synergy"
metric/the_pile_freelaw_val_loss,github,stackexchange,pubmed_central,0.05,77,-0.024248041750283014,-0.013077138103624542,0.024248041750283014,1.0,"quadratic-model non-additivity; conditional association, not causal synergy"
metric/the_pile_freelaw_val_loss,github,stackexchange,pile_cc,0.05,77,-0.023605796616033146,-0.015008669639327898,0.023605796616033146,1.0,"quadratic-model non-additivity; conditional association, not causal synergy"
metric/the_pile_freelaw_val_loss,github,arxiv,pubmed_central,0.05,77,-0.027690465901751605,-0.013178938169306598,0.027848640226853842,0.987012987012987,"quadratic-model non-additivity; conditional association, not causal synergy"
metric/the_pile_freelaw_val_loss,github,arxiv,pile_cc,0.05,77,-0.033060885344411296,-0.015642247137199305,0.033292014636165164,0.987012987012987,"quadratic-model non-additivity; conditional association, not causal synergy"
metric/the_pile_freelaw_val_loss,github,pubmed_central,pile_cc,0.05,77,-0.02016323708535034,-0.011452699401328204,0.020497999034501977,0.974025974025974,"quadratic-model non-additivity; conditional association, not causal synergy"
metric/the_pile_freelaw_val_loss,arxiv,wikipedia_en,uspto_backgrounds,0.05,65,0.023603962929260067,0.011076247611229384,0.03185544970461369,0.7384615384615385,"quadratic-model non-additivity; conditional association, not causal synergy"
metric/the_pile_freelaw_val_loss,arxiv,wikipedia_en,freelaw,0.05,65,0.04500375887726649,0.02808086953362743,0.04779043836907962,0.8615384615384616,"quadratic-model non-additivity; conditional association, not causal synergy"
metric/the_pile_freelaw_val_loss,arxiv,wikipedia_en,stackexchange,0.05,65,-0.009235219490217562,-0.004014311210299937,0.009519132586320412,0.9538461538461539,"quadratic-model non-additivity; conditional association, not causal synergy"
metric/the_pile_freelaw_val_loss,arxiv,wikipedia_en,github,0.05,65,-0.029049091125166345,-0.013262954026475704,0.029066130293863745,0.9846153846153847,"quadratic-model non-additivity; conditional association, not causal synergy"
metric/the_pile_freelaw_val_loss,arxiv,wikipedia_en,pubmed_central,0.05,65,-0.013169721980799323,-0.007716183036511559,0.013249441361963262,0.9384615384615385,"quadratic-model non-additivity; conditional association, not causal synergy"
metric/the_pile_freelaw_val_loss,arxiv,wikipedia_en,pile_cc,0.05,65,0.007466380882277519,0.003003714099461874,0.010873543114130123,0.7692307692307693,"quadratic-model non-additivity; conditional association, not causal synergy"
metric/the_pile_freelaw_val_loss,arxiv,uspto_backgrounds,freelaw,0.05,65,-0.0065137146643387146,-0.0035077806087686625,0.00683905897347589,0.9384615384615385,"quadratic-model non-additivity; conditional association, not causal synergy"
metric/the_pile_freelaw_val_loss,arxiv,uspto_backgrounds,stackexchange,0.05,65,-0.027494071634736553,-0.012290563731803594,0.027494071634736553,1.0,"quadratic-model non-additivity; conditional association, not causal synergy"
metric/the_pile_freelaw_val_loss,arxiv,uspto_backgrounds,github,0.05,65,-0.021516851217378,-0.010460162247245997,0.021516851217378,1.0,"quadratic-model non-additivity; conditional association, not causal synergy"
metric/the_pile_freelaw_val_loss,arxiv,uspto_backgrounds,pubmed_central,0.05,65,-0.017417863775161975,-0.00935735922579184,0.017433784396029536,0.9846153846153847,"quadratic-model non-additivity; conditional association, not causal synergy"
metric/the_pile_freelaw_val_loss,arxiv,uspto_backgrounds,pile_cc,0.05,65,-0.006958700279659026,-0.004401532996394231,0.0070097047810982836,0.9846153846153847,"quadratic-model non-additivity; conditional association, not causal synergy"
metric/the_pile_freelaw_val_loss,arxiv,freelaw,stackexchange,0.05,65,-0.006663836034598962,-0.00304905841552916,0.007452620044734391,0.8,"quadratic-model non-additivity; conditional association, not causal synergy"
metric/the_pile_freelaw_val_loss,arxiv,freelaw,github,0.05,65,-0.02303583796438157,-0.0076540211300839545,0.023175696094264973,0.9384615384615385,"quadratic-model non-additivity; conditional association, not causal synergy"
metric/the_pile_freelaw_val_loss,arxiv,freelaw,pubmed_central,0.05,65,-0.029449529257446434,-0.015478003649251448,0.02955104140057348,0.9692307692307692,"quadratic-model non-additivity; conditional association, not causal synergy"
metric/the_pile_freelaw_val_loss,arxiv,freelaw,pile_cc,0.05,65,0.08232027747136132,0.03200624416716025,0.08330527981582565,0.9384615384615385,"quadratic-model non-additivity; conditional association, not causal synergy"
metric/the_pile_freelaw_val_loss,arxiv,stackexchange,github,0.05,65,-0.006056896416783647,-0.002133972662241135,0.006865830047877428,0.8,"quadratic-model non-additivity; conditional association, not causal synergy"
metric/the_pile_freelaw_val_loss,arxiv,stackexchange,pubmed_central,0.05,65,-0.02145672172989842,-0.006876340542329551,0.021916811178821705,0.9538461538461539,"quadratic-model non-additivity; conditional association, not causal synergy"
metric/the_pile_freelaw_val_loss,arxiv,stackexchange,pile_cc,0.05,65,-0.014094959521804278,-0.005803094188433278,0.014094959521804278,1.0,"quadratic-model non-additivity; conditional association, not causal synergy"
metric/the_pile_freelaw_val_loss,arxiv,github,pubmed_central,0.05,65,-0.03034856853666125,-0.008786163401464542,0.03035591816359453,0.9846153846153847,"quadratic-model non-additivity; conditional association, not causal synergy"
metric/the_pile_freelaw_val_loss,arxiv,github,pile_cc,0.05,65,-0.02473060227918263,-0.006663270970777901,0.024804831321173514,0.9846153846153847,"quadratic-model non-additivity; conditional association, not causal synergy"
metric/the_pile_freelaw_val_loss,arxiv,pubmed_central,pile_cc,0.05,65,-0.01645740618553858,-0.008552907811165689,0.016727497114282796,0.9692307692307692,"quadratic-model non-additivity; conditional association, not causal synergy"
metric/the_pile_freelaw_val_loss,pubmed_central,wikipedia_en,uspto_backgrounds,0.05,81,0.021459278808307544,0.007130560460135271,0.026870761215321098,0.7283950617283951,"quadratic-model non-additivity; conditional association, not causal synergy"
metric/the_pile_freelaw_val_loss,pubmed_central,wikipedia_en,freelaw,0.05,81,0.04019974120866069,0.017244648490384762,0.042836172739275064,0.8641975308641975,"quadratic-model non-additivity; conditional association, not causal synergy"
metric/the_pile_freelaw_val_loss,pubmed_central,wikipedia_en,stackexchange,0.05,81,-0.008954643939408601,-0.005016275224073219,0.011066358673736586,0.9753086419753086,"quadratic-model non-additivity; conditional association, not causal synergy"
metric/the_pile_freelaw_val_loss,pubmed_central,wikipedia_en,github,0.05,81,-0.0280673396511727,-0.010997681466511366,0.030185589468067212,0.9753086419753086,"quadratic-model non-additivity; conditional association, not causal synergy"
metric/the_pile_freelaw_val_loss,pubmed_central,wikipedia_en,arxiv,0.05,81,-0.020514733159879082,-0.011949079545185093,0.022701010478126022,0.9753086419753086,"quadratic-model non-additivity; conditional association, not causal synergy"
metric/the_pile_freelaw_val_loss,pubmed_central,wikipedia_en,pile_cc,0.05,81,0.004065490510806638,0.0020868539140312947,0.011075640639051811,0.6296296296296297,"quadratic-model non-additivity; conditional association, not causal synergy"
metric/the_pile_freelaw_val_loss,pubmed_central,uspto_backgrounds,freelaw,0.05,81,-0.004800228552035775,-0.0024473681939545244,0.007254105042880852,0.9135802469135802,"quadratic-model non-additivity; conditional association, not causal synergy"
metric/the_pile_freelaw_val_loss,pubmed_central,uspto_backgrounds,stackexchange,0.05,81,-0.028335776783097053,-0.010485847529192682,0.03033124833647866,0.9753086419753086,"quadratic-model non-additivity; conditional association, not causal synergy"
metric/the_pile_freelaw_val_loss,pubmed_central,uspto_backgrounds,github,0.05,81,-0.01948923152744525,-0.00761790235528359,0.021805275605532855,0.9753086419753086,"quadratic-model non-additivity; conditional association, not causal synergy"
metric/the_pile_freelaw_val_loss,pubmed_central,uspto_backgrounds,arxiv,0.05,81,-0.006189593927909345,-0.0035787182476259005,0.0083873265137664,0.9135802469135802,"quadratic-model non-additivity; conditional association, not causal synergy"
metric/the_pile_freelaw_val_loss,pubmed_central,uspto_backgrounds,pile_cc,0.05,81,-0.00752030492776215,-0.004818217050863716,0.009546974537554646,0.9629629629629629,"quadratic-model non-additivity; conditional association, not causal synergy"
metric/the_pile_freelaw_val_loss,pubmed_central,freelaw,stackexchange,0.05,81,-0.006665230367267405,-0.0038319337991055136,0.009003805512110625,0.9012345679012346,"quadratic-model non-additivity; conditional association, not causal synergy"
metric/the_pile_freelaw_val_loss,pubmed_central,freelaw,github,0.05,81,-0.024019643872855566,-0.013361135732609775,0.026622840957303297,0.9506172839506173,"quadratic-model non-additivity; conditional association, not causal synergy"
metric/the_pile_freelaw_val_loss,pubmed_central,freelaw,arxiv,0.05,81,-0.02739930433470126,-0.01577369088847469,0.02968563147938886,0.9629629629629629,"quadratic-model non-additivity; conditional association, not causal synergy"
metric/the_pile_freelaw_val_loss,pubmed_central,freelaw,pile_cc,0.05,81,0.06257564901006839,0.02475183560029226,0.06516034413276292,0.8518518518518519,"quadratic-model non-additivity; conditional association, not causal synergy"
metric/the_pile_freelaw_val_loss,pubmed_central,stackexchange,github,0.05,81,-0.004920456942409556,-0.0027963547906146857,0.007464671582279851,0.8518518518518519,"quadratic-model non-additivity; conditional association, not causal synergy"
metric/the_pile_freelaw_val_loss,pubmed_central,stackexchange,arxiv,0.05,81,-0.02211940941609792,-0.008937694141756936,0.02416913399858528,0.9629629629629629,"quadratic-model non-additivity; conditional association, not causal synergy"
metric/the_pile_freelaw_val_loss,pubmed_central,stackexchange,pile_cc,0.05,81,-0.016391637654983866,-0.009579624681278709,0.018302002689592516,0.9753086419753086,"quadratic-model non-additivity; conditional association, not causal synergy"
metric/the_pile_freelaw_val_loss,pubmed_central,github,arxiv,0.05,81,-0.030443562806074534,-0.008313602397511666,0.032881187787390645,0.9629629629629629,"quadratic-model non-additivity; conditional association, not causal synergy"
metric/the_pile_freelaw_val_loss,pubmed_central,github,pile_cc,0.05,81,-0.02679843632865341,-0.011580431012927939,0.029136824753393152,0.9753086419753086,"quadratic-model non-additivity; conditional association, not causal synergy"
metric/the_pile_freelaw_val_loss,pubmed_central,arxiv,pile_cc,0.05,81,-0.030849084858270842,-0.01581849554367043,0.03288888776408992,0.9753086419753086,"quadratic-model non-additivity; conditional association, not causal synergy"
metric/the_pile_freelaw_val_loss,pile_cc,wikipedia_en,uspto_backgrounds,0.05,68,0.024932012722325064,0.008599048821115396,0.025947134437435602,0.9264705882352942,"quadratic-model non-additivity; conditional association, not causal synergy"
metric/the_pile_freelaw_val_loss,pile_cc,wikipedia_en,freelaw,0.05,68,0.028928943656720163,0.006302622619646758,0.033599569474175806,0.7205882352941176,"quadratic-model non-additivity; conditional association, not causal synergy"
metric/the_pile_freelaw_val_loss,pile_cc,wikipedia_en,stackexchange,0.05,68,-0.001669848890651079,-0.000553118355351323,0.009128051047175153,0.5882352941176471,"quadratic-model non-additivity; conditional association, not causal synergy"
metric/the_pile_freelaw_val_loss,pile_cc,wikipedia_en,github,0.05,68,-0.0195981348344481,-0.007352586254073312,0.027005389326795592,0.7058823529411765,"quadratic-model non-additivity; conditional association, not causal synergy"
metric/the_pile_freelaw_val_loss,pile_cc,wikipedia_en,arxiv,0.05,68,-0.010298702356001872,-0.0015763822619159207,0.018756413795424736,0.5882352941176471,"quadratic-model non-additivity; conditional association, not causal synergy"
metric/the_pile_freelaw_val_loss,pile_cc,wikipedia_en,pubmed_central,0.05,68,-0.005841933342523038,-0.000569793166293131,0.013084333383740794,0.5735294117647058,"quadratic-model non-additivity; conditional association, not causal synergy"
metric/the_pile_freelaw_val_loss,pile_cc,uspto_backgrounds,freelaw,0.05,68,-0.007454466289921655,-0.005022788060736527,0.008989184874844569,0.9117647058823529,"quadratic-model non-additivity; conditional association, not causal synergy"
metric/the_pile_freelaw_val_loss,pile_cc,uspto_backgrounds,stackexchange,0.05,68,-0.01759417453845266,-0.0045525945298572346,0.024275866926018443,0.6323529411764706,"quadratic-model non-additivity; conditional association, not causal synergy"
metric/the_pile_freelaw_val_loss,pile_cc,uspto_backgrounds,github,0.05,68,-0.010177344000993975,-0.001958083293030821,0.0178293882575966,0.6470588235294118,"quadratic-model non-additivity; conditional association, not causal synergy"
metric/the_pile_freelaw_val_loss,pile_cc,uspto_backgrounds,arxiv,0.05,68,0.003850612080464901,0.0007131302896223879,0.00828995160772,0.5882352941176471,"quadratic-model non-additivity; conditional association, not causal synergy"
metric/the_pile_freelaw_val_loss,pile_cc,uspto_backgrounds,pubmed_central,0.05,68,-0.009355860016912531,-0.00236804703382143,0.01581756434856382,0.6323529411764706,"quadratic-model non-additivity; conditional association, not causal synergy"
metric/the_pile_freelaw_val_loss,pile_cc,freelaw,stackexchange,0.05,68,-0.00925973152876524,-0.005323656121196674,0.010980361333014577,0.8529411764705882,"quadratic-model non-additivity; conditional association, not causal synergy"
metric/the_pile_freelaw_val_loss,pile_cc,freelaw,github,0.05,68,-0.022917080952196016,-0.013835397328624044,0.024537082340027154,0.8970588235294118,"quadratic-model non-additivity; conditional association, not causal synergy"
metric/the_pile_freelaw_val_loss,pile_cc,freelaw,arxiv,0.05,68,-0.03017257448900072,-0.015888378553569726,0.03177767973048477,0.9117647058823529,"quadratic-model non-additivity; conditional association, not causal synergy"
metric/the_pile_freelaw_val_loss,pile_cc,freelaw,pubmed_central,0.05,68,-0.02776095691263208,-0.014427698886267937,0.0292432074191369,0.9264705882352942,"quadratic-model non-additivity; conditional association, not causal synergy"
metric/the_pile_freelaw_val_loss,pile_cc,stackexchange,github,0.05,68,0.0034732920012574163,0.0007740321580129716,0.00923438045769334,0.5882352941176471,"quadratic-model non-additivity; conditional association, not causal synergy"
metric/the_pile_freelaw_val_loss,pile_cc,stackexchange,arxiv,0.05,68,-0.011878765132707293,-0.002400293702595757,0.023091429378026145,0.5735294117647058,"quadratic-model non-additivity; conditional association, not causal synergy"
metric/the_pile_freelaw_val_loss,pile_cc,stackexchange,pubmed_central,0.05,68,-0.015638162605586238,-0.0024816557297335784,0.02419497921766342,0.6176470588235294,"quadratic-model non-additivity; conditional association, not causal synergy"
metric/the_pile_freelaw_val_loss,pile_cc,github,arxiv,0.05,68,-0.029067993014044554,-0.0054358215272163335,0.03853743677936281,0.6323529411764706,"quadratic-model non-additivity; conditional association, not causal synergy"
metric/the_pile_freelaw_val_loss,pile_cc,github,pubmed_central,0.05,68,-0.025467065410263588,-0.00642985940499452,0.034009324761857446,0.6323529411764706,"quadratic-model non-additivity; conditional association, not causal synergy"
metric/the_pile_freelaw_val_loss,pile_cc,arxiv,pubmed_central,0.05,68,-0.01843901847323429,-0.002390778549920647,0.028080381004177934,0.5735294117647058,"quadratic-model non-additivity; conditional association, not causal synergy"
metric/the_pile_pubmed_central_val_loss,wikipedia_en,uspto_backgrounds,freelaw,0.05,49,-0.015293951181881038,-0.006647693386435449,0.015293951181881038,1.0,"quadratic-model non-additivity; conditional association, not causal synergy"
metric/the_pile_pubmed_central_val_loss,wikipedia_en,uspto_backgrounds,stackexchange,0.05,49,-0.04173504412409659,-0.01722198843795386,0.04173504412409659,1.0,"quadratic-model non-additivity; conditional association, not causal synergy"
metric/the_pile_pubmed_central_val_loss,wikipedia_en,uspto_backgrounds,github,0.05,49,-0.038047395584346264,-0.018551272592219448,0.038352214063958875,0.9387755102040817,"quadratic-model non-additivity; conditional association, not causal synergy"
metric/the_pile_pubmed_central_val_loss,wikipedia_en,uspto_backgrounds,arxiv,0.05,49,-0.02177824015902462,-0.009487927911386862,0.02177824015902462,1.0,"quadratic-model non-additivity; conditional association, not causal synergy"
metric/the_pile_pubmed_central_val_loss,wikipedia_en,uspto_backgrounds,pubmed_central,0.05,49,-0.013310175561202828,-0.005498804425414505,0.013310175561202828,1.0,"quadratic-model non-additivity; conditional association, not causal synergy"
metric/the_pile_pubmed_central_val_loss,wikipedia_en,uspto_backgrounds,pile_cc,0.05,49,-0.014138468862368343,-0.004990289319135144,0.014138468862368343,1.0,"quadratic-model non-additivity; conditional association, not causal synergy"
metric/the_pile_pubmed_central_val_loss,wikipedia_en,freelaw,stackexchange,0.05,49,-0.012936909820557804,-0.006130150895984343,0.013335776712165901,0.9183673469387755,"quadratic-model non-additivity; conditional association, not causal synergy"
metric/the_pile_pubmed_central_val_loss,wikipedia_en,freelaw,github,0.05,49,-0.020750833476709907,-0.007922644380663257,0.021149387035032375,0.8775510204081632,"quadratic-model non-additivity; conditional association, not causal synergy"
metric/the_pile_pubmed_central_val_loss,wikipedia_en,freelaw,arxiv,0.05,49,-0.0353236056380388,-0.0132286744418737,0.03533459877347608,0.9795918367346939,"quadratic-model non-additivity; conditional association, not causal synergy"
metric/the_pile_pubmed_central_val_loss,wikipedia_en,freelaw,pubmed_central,0.05,49,-0.06384229950915796,-0.019808608025898344,0.06384229950915796,1.0,"quadratic-model non-additivity; conditional association, not causal synergy"
metric/the_pile_pubmed_central_val_loss,wikipedia_en,freelaw,pile_cc,0.05,49,-0.031423138259856424,-0.015955772130626933,0.0317860420493145,0.9183673469387755,"quadratic-model non-additivity; conditional association, not causal synergy"
metric/the_pile_pubmed_central_val_loss,wikipedia_en,stackexchange,github,0.05,49,0.0015032605393192485,0.0005280317158975478,0.0032044708345264944,0.6122448979591837,"quadratic-model non-additivity; conditional association, not causal synergy"
metric/the_pile_pubmed_central_val_loss,wikipedia_en,stackexchange,arxiv,0.05,49,-0.008743581082012177,-0.003074242707874042,0.00892867879558513,0.9387755102040817,"quadratic-model non-additivity; conditional association, not causal synergy"
metric/the_pile_pubmed_central_val_loss,wikipedia_en,stackexchange,pubmed_central,0.05,49,-0.01425466118324567,-0.006475447429989956,0.01435173794564356,0.9795918367346939,"quadratic-model non-additivity; conditional association, not causal synergy"
metric/the_pile_pubmed_central_val_loss,wikipedia_en,stackexchange,pile_cc,0.05,49,-0.029115885546801865,-0.014912336539797622,0.029242500901363,0.9387755102040817,"quadratic-model non-additivity; conditional association, not causal synergy"
metric/the_pile_pubmed_central_val_loss,wikipedia_en,github,arxiv,0.05,49,-0.02021608199578415,-0.005995809700897858,0.022117812722044793,0.8163265306122449,"quadratic-model non-additivity; conditional association, not causal synergy"
metric/the_pile_pubmed_central_val_loss,wikipedia_en,github,pubmed_central,0.05,49,-0.019237303095971808,-0.00623999665692665,0.02128751943940358,0.8163265306122449,"quadratic-model non-additivity; conditional association, not causal synergy"
metric/the_pile_pubmed_central_val_loss,wikipedia_en,github,pile_cc,0.05,49,-0.03901389797908624,-0.010093141027753383,0.039871285804083244,0.8775510204081632,"quadratic-model non-additivity; conditional association, not causal synergy"
metric/the_pile_pubmed_central_val_loss,wikipedia_en,arxiv,pubmed_central,0.05,49,0.016397823488070257,0.006399000005183453,0.023186726709881218,0.7755102040816326,"quadratic-model non-additivity; conditional association, not causal synergy"
metric/the_pile_pubmed_central_val_loss,wikipedia_en,arxiv,pile_cc,0.05,49,-0.04501750842130019,-0.016954393580906668,0.045219957790493315,0.9183673469387755,"quadratic-model non-additivity; conditional association, not causal synergy"
metric/the_pile_pubmed_central_val_loss,wikipedia_en,pubmed_central,pile_cc,0.05,49,-0.007010484615328539,-0.0035647024016709494,0.007614111018889633,0.8367346938775511,"quadratic-model non-additivity; conditional association, not causal synergy"
metric/the_pile_pubmed_central_val_loss,uspto_backgrounds,wikipedia_en,freelaw,0.05,59,-0.017301771034286467,-0.007243947787938687,0.019149040196905,0.9491525423728814,"quadratic-model non-additivity; conditional association, not causal synergy"
metric/the_pile_pubmed_central_val_loss,uspto_backgrounds,wikipedia_en,stackexchange,0.05,59,-0.009384221496930132,-0.004169043962101604,0.011277947275491841,0.8135593220338984,"quadratic-model non-additivity; conditional association, not causal synergy"
metric/the_pile_pubmed_central_val_loss,uspto_backgrounds,wikipedia_en,github,0.05,59,-0.04634836487175258,-0.01660448825895422,0.04926520019225344,0.9152542372881356,"quadratic-model non-additivity; conditional association, not causal synergy"
metric/the_pile_pubmed_central_val_loss,uspto_backgrounds,wikipedia_en,arxiv,0.05,59,-0.019743688466438154,-0.0075466963972372625,0.022789459646575222,0.8813559322033898,"quadratic-model non-additivity; conditional association, not causal synergy"
metric/the_pile_pubmed_central_val_loss,uspto_backgrounds,wikipedia_en,pubmed_central,0.05,59,-0.010658197970703213,-0.004411434052505214,0.012579213684773346,0.8983050847457628,"quadratic-model non-additivity; conditional association, not causal synergy"
metric/the_pile_pubmed_central_val_loss,uspto_backgrounds,wikipedia_en,pile_cc,0.05,59,-0.032783038683545235,-0.012267955155996546,0.0343523057907467,0.9491525423728814,"quadratic-model non-additivity; conditional association, not causal synergy"
metric/the_pile_pubmed_central_val_loss,uspto_backgrounds,freelaw,stackexchange,0.05,59,-0.006113692210040509,-0.0019265032628998924,0.010962854117774085,0.6610169491525424,"quadratic-model non-additivity; conditional association, not causal synergy"
metric/the_pile_pubmed_central_val_loss,uspto_backgrounds,freelaw,github,0.05,59,-0.01876494034727791,-0.0082051962929377,0.02376918739424455,0.7627118644067796,"quadratic-model non-additivity; conditional association, not causal synergy"
metric/the_pile_pubmed_central_val_loss,uspto_backgrounds,freelaw,arxiv,0.05,59,-0.03501053976876723,-0.013600347777551924,0.03620585746981656,0.9152542372881356,"quadratic-model non-additivity; conditional association, not causal synergy"
metric/the_pile_pubmed_central_val_loss,uspto_backgrounds,freelaw,pubmed_central,0.05,59,-0.05028514388089276,-0.01254183608652859,0.05136091046941367,0.9322033898305084,"quadratic-model non-additivity; conditional association, not causal synergy"
metric/the_pile_pubmed_central_val_loss,uspto_backgrounds,freelaw,pile_cc,0.05,59,-0.031094511287294867,-0.010600011325978542,0.03347637252965138,0.8983050847457628,"quadratic-model non-additivity; conditional association, not causal synergy"
metric/the_pile_pubmed_central_val_loss,uspto_backgrounds,stackexchange,github,0.05,59,0.005195584431840866,0.0025734871868081655,0.007502920305358578,0.8135593220338984,"quadratic-model non-additivity; conditional association, not causal synergy"
metric/the_pile_pubmed_central_val_loss,uspto_backgrounds,stackexchange,arxiv,0.05,59,-0.0009920707451357745,-0.0001292687566509798,0.008304569129568319,0.5254237288135594,"quadratic-model non-additivity; conditional association, not causal synergy"
metric/the_pile_pubmed_central_val_loss,uspto_backgrounds,stackexchange,pubmed_central,0.05,59,-0.0072164956131757635,-0.0014276112401301333,0.012790932128547568,0.6779661016949152,"quadratic-model non-additivity; conditional association, not causal synergy"
metric/the_pile_pubmed_central_val_loss,uspto_backgrounds,stackexchange,pile_cc,0.05,59,-0.021991812855006048,-0.004224302353975418,0.02606527515805058,0.8135593220338984,"quadratic-model non-additivity; conditional association, not causal synergy"
metric/the_pile_pubmed_central_val_loss,uspto_backgrounds,github,arxiv,0.05,59,-0.01327677843812776,-0.0033111157482306197,0.020306188455891404,0.7288135593220338,"quadratic-model non-additivity; conditional association, not causal synergy"
metric/the_pile_pubmed_central_val_loss,uspto_backgrounds,github,pubmed_central,0.05,59,-0.01903528856272591,-0.003820910038488279,0.024332890714754557,0.7288135593220338,"quadratic-model non-additivity; conditional association, not causal synergy"
metric/the_pile_pubmed_central_val_loss,uspto_backgrounds,github,pile_cc,0.05,59,-0.028159562590172316,-0.006345083082679004,0.034353280209094374,0.8135593220338984,"quadratic-model non-additivity; conditional association, not causal synergy"
metric/the_pile_pubmed_central_val_loss,uspto_backgrounds,arxiv,pubmed_central,0.05,59,0.022634095029156708,0.006294847292195982,0.02700332243395838,0.8813559322033898,"quadratic-model non-additivity; conditional association, not causal synergy"
metric/the_pile_pubmed_central_val_loss,uspto_backgrounds,arxiv,pile_cc,0.05,59,-0.03545102553198437,-0.009960763454846422,0.038989473992040606,0.9491525423728814,"quadratic-model non-additivity; conditional association, not causal synergy"
metric/the_pile_pubmed_central_val_loss,uspto_backgrounds,pubmed_central,pile_cc,0.05,59,-0.007724754154315761,-0.0026325081969726938,0.010911142696156626,0.7966101694915254,"quadratic-model non-additivity; conditional association, not causal synergy"
metric/the_pile_pubmed_central_val_loss,freelaw,wikipedia_en,uspto_backgrounds,0.05,47,0.014942595891820589,0.005985110682613204,0.03080283932901321,0.6808510638297872,"quadratic-model non-additivity; conditional association, not causal synergy"
metric/the_pile_pubmed_central_val_loss,freelaw,wikipedia_en,stackexchange,0.05,47,-0.0162575687440822,-0.0070746414547224745,0.0162575687440822,1.0,"quadratic-model non-additivity; conditional association, not causal synergy"
metric/the_pile_pubmed_central_val_loss,freelaw,wikipedia_en,github,0.05,47,-0.053287486040781505,-0.027223158189674024,0.053287486040781505,1.0,"quadratic-model non-additivity; conditional association, not causal synergy"
metric/the_pile_pubmed_central_val_loss,freelaw,wikipedia_en,arxiv,0.05,47,-0.02166188679670898,-0.00880095043610396,0.021888264634199895,0.9574468085106383,"quadratic-model non-additivity; conditional association, not causal synergy"
metric/the_pile_pubmed_central_val_loss,freelaw,wikipedia_en,pubmed_central,0.05,47,-0.009015612284565488,-0.003662497381437646,0.009671918138268822,0.8936170212765957,"quadratic-model non-additivity; conditional association, not causal synergy"
metric/the_pile_pubmed_central_val_loss,freelaw,wikipedia_en,pile_cc,0.05,47,-0.038369950950697035,-0.027940792845257967,0.038369950950697035,1.0,"quadratic-model non-additivity; conditional association, not causal synergy"
metric/the_pile_pubmed_central_val_loss,freelaw,uspto_backgrounds,stackexchange,0.05,47,-0.035684841354133946,-0.017135051945948554,0.035684841354133946,1.0,"quadratic-model non-additivity; conditional association, not causal synergy"
metric/the_pile_pubmed_central_val_loss,freelaw,uspto_backgrounds,github,0.05,47,-0.03699231317091859,-0.013702154770655284,0.03699231317091859,1.0,"quadratic-model non-additivity; conditional association, not causal synergy"
metric/the_pile_pubmed_central_val_loss,freelaw,uspto_backgrounds,arxiv,0.05,47,-0.018334752548231976,-0.007347229950229739,0.018334752548231976,1.0,"quadratic-model non-additivity; conditional association, not causal synergy"
metric/the_pile_pubmed_central_val_loss,freelaw,uspto_backgrounds,pubmed_central,0.05,47,-0.007303796585708146,-0.003295476288510457,0.008027224508646286,0.8085106382978723,"quadratic-model non-additivity; conditional association, not causal synergy"
metric/the_pile_pubmed_central_val_loss,freelaw,uspto_backgrounds,pile_cc,0.05,47,-0.01178695649312329,-0.00518869425812607,0.012333166192586032,0.8936170212765957,"quadratic-model non-additivity; conditional association, not causal synergy"
metric/the_pile_pubmed_central_val_loss,freelaw,stackexchange,github,0.05,47,-0.00801564006958051,-0.002701999336507832,0.008050615108492259,0.9574468085106383,"quadratic-model non-additivity; conditional association, not causal synergy"
metric/the_pile_pubmed_central_val_loss,freelaw,stackexchange,arxiv,0.05,47,-0.012493425291397279,-0.0046578260107699165,0.012520201170633662,0.9787234042553191,"quadratic-model non-additivity; conditional association, not causal synergy"
metric/the_pile_pubmed_central_val_loss,freelaw,stackexchange,pubmed_central,0.05,47,-0.015245809853244188,-0.006815347529097515,0.015509173150251045,0.9787234042553191,"quadratic-model non-additivity; conditional association, not causal synergy"
metric/the_pile_pubmed_central_val_loss,freelaw,stackexchange,pile_cc,0.05,47,-0.03504579454371302,-0.018389067746805043,0.03504579454371302,1.0,"quadratic-model non-additivity; conditional association, not causal synergy"
metric/the_pile_pubmed_central_val_loss,freelaw,github,arxiv,0.05,47,-0.023211402821999638,-0.0071425360030561436,0.023211402821999638,1.0,"quadratic-model non-additivity; conditional association, not causal synergy"
metric/the_pile_pubmed_central_val_loss,freelaw,github,pubmed_central,0.05,47,-0.02836317140766368,-0.013840276487067982,0.02842214353570894,0.9574468085106383,"quadratic-model non-additivity; conditional association, not causal synergy"
metric/the_pile_pubmed_central_val_loss,freelaw,github,pile_cc,0.05,47,-0.04821952336489359,-0.014288036754913414,0.04853983330676247,0.9574468085106383,"quadratic-model non-additivity; conditional association, not causal synergy"
metric/the_pile_pubmed_central_val_loss,freelaw,arxiv,pubmed_central,0.05,47,0.019488774724784833,0.00959987935222717,0.021313737289179256,0.8085106382978723,"quadratic-model non-additivity; conditional association, not causal synergy"
metric/the_pile_pubmed_central_val_loss,freelaw,arxiv,pile_cc,0.05,47,-0.05282204891858766,-0.019117383415196976,0.05282204891858766,1.0,"quadratic-model non-additivity; conditional association, not causal synergy"
metric/the_pile_pubmed_central_val_loss,freelaw,pubmed_central,pile_cc,0.05,47,-0.005156732024514995,-0.0016313122385538392,0.007258861804183875,0.7021276595744681,"quadratic-model non-additivity; conditional association, not causal synergy"
metric/the_pile_pubmed_central_val_loss,stackexchange,wikipedia_en,uspto_backgrounds,0.05,72,0.03210534181794225,0.015360868939350514,0.03553545022407037,0.7638888888888888,"quadratic-model non-additivity; conditional association, not causal synergy"
metric/the_pile_pubmed_central_val_loss,stackexchange,wikipedia_en,freelaw,0.05,72,-0.017656221585756946,-0.00824181146254288,0.017956418369821363,0.9583333333333334,"quadratic-model non-additivity; conditional association, not causal synergy"
metric/the_pile_pubmed_central_val_loss,stackexchange,wikipedia_en,github,0.05,72,-0.05043407757863007,-0.018607580981386374,0.05043407757863007,1.0,"quadratic-model non-additivity; conditional association, not causal synergy"
metric/the_pile_pubmed_central_val_loss,stackexchange,wikipedia_en,arxiv,0.05,72,-0.018026147348557706,-0.008701834757617988,0.018407537228952775,0.9444444444444444,"quadratic-model non-additivity; conditional association, not causal synergy"
metric/the_pile_pubmed_central_val_loss,stackexchange,wikipedia_en,pubmed_central,0.05,72,-0.009717309741311131,-0.004971818420450802,0.010247437806059634,0.9444444444444444,"quadratic-model non-additivity; conditional association, not causal synergy"
metric/the_pile_pubmed_central_val_loss,stackexchange,wikipedia_en,pile_cc,0.05,72,-0.02876274121153562,-0.013897531382724537,0.029006381814664455,0.9722222222222222,"quadratic-model non-additivity; conditional association, not causal synergy"
metric/the_pile_pubmed_central_val_loss,stackexchange,uspto_backgrounds,freelaw,0.05,72,-0.009276296977195687,-0.005693827620702141,0.011373993685603236,0.9166666666666666,"quadratic-model non-additivity; conditional association, not causal synergy"
metric/the_pile_pubmed_central_val_loss,stackexchange,uspto_backgrounds,github,0.05,72,-0.032948980118310885,-0.013786822272795707,0.03333407159374054,0.9583333333333334,"quadratic-model non-additivity; conditional association, not causal synergy"
metric/the_pile_pubmed_central_val_loss,stackexchange,uspto_backgrounds,arxiv,0.05,72,-0.014160107692695132,-0.007289087618008061,0.01531908729845218,0.9166666666666666,"quadratic-model non-additivity; conditional association, not causal synergy"
metric/the_pile_pubmed_central_val_loss,stackexchange,uspto_backgrounds,pubmed_central,0.05,72,-0.004552476734452175,-0.0027855339786215794,0.007098133453950532,0.8194444444444444,"quadratic-model non-additivity; conditional association, not causal synergy"
metric/the_pile_pubmed_central_val_loss,stackexchange,uspto_backgrounds,pile_cc,0.05,72,-0.005307527790504825,-0.0034129015296016085,0.009125932604288234,0.75,"quadratic-model non-additivity; conditional association, not causal synergy"
metric/the_pile_pubmed_central_val_loss,stackexchange,freelaw,github,0.05,72,-0.031472411236949945,-0.017906844772328956,0.031570649633659235,0.9861111111111112,"quadratic-model non-additivity; conditional association, not causal synergy"
metric/the_pile_pubmed_central_val_loss,stackexchange,freelaw,arxiv,0.05,72,-0.039438962817805706,-0.014145463467760688,0.03970531053959139,0.9444444444444444,"quadratic-model non-additivity; conditional association, not causal synergy"
metric/the_pile_pubmed_central_val_loss,stackexchange,freelaw,pubmed_central,0.05,72,-0.06944028954285694,-0.020811560232798065,0.06958452577968585,0.9722222222222222,"quadratic-model non-additivity; conditional association, not causal synergy"
metric/the_pile_pubmed_central_val_loss,stackexchange,freelaw,pile_cc,0.05,72,-0.04031728304536174,-0.02069720484538129,0.04060345149991104,0.9583333333333334,"quadratic-model non-additivity; conditional association, not causal synergy"
metric/the_pile_pubmed_central_val_loss,stackexchange,github,arxiv,0.05,72,-0.022296004561841234,-0.009990338286574474,0.02232115736685636,0.9722222222222222,"quadratic-model non-additivity; conditional association, not causal synergy"
metric/the_pile_pubmed_central_val_loss,stackexchange,github,pubmed_central,0.05,72,-0.027841889626764246,-0.011963759553963449,0.027842752446941604,0.9861111111111112,"quadratic-model non-additivity; conditional association, not causal synergy"
metric/the_pile_pubmed_central_val_loss,stackexchange,github,pile_cc,0.05,72,-0.03945397702036015,-0.013131791696006978,0.03951267603685246,0.9861111111111112,"quadratic-model non-additivity; conditional association, not causal synergy"
metric/the_pile_pubmed_central_val_loss,stackexchange,arxiv,pubmed_central,0.05,72,0.0156414959549055,0.002521189839025162,0.024217941379790258,0.6111111111111112,"quadratic-model non-additivity; conditional association, not causal synergy"
metric/the_pile_pubmed_central_val_loss,stackexchange,arxiv,pile_cc,0.05,72,-0.040371176862116026,-0.012757259151052747,0.040756108697691806,0.9583333333333334,"quadratic-model non-additivity; conditional association, not causal synergy"
metric/the_pile_pubmed_central_val_loss,stackexchange,pubmed_central,pile_cc,0.05,72,-0.008816373166070153,-0.004259536248235385,0.01087926037771515,0.8611111111111112,"quadratic-model non-additivity; conditional association, not causal synergy"
metric/the_pile_pubmed_central_val_loss,github,wikipedia_en,uspto_backgrounds,0.05,77,0.03651319112901918,0.015888681166634555,0.038731488719319314,0.8181818181818182,"quadratic-model non-additivity; conditional association, not causal synergy"
metric/the_pile_pubmed_central_val_loss,github,wikipedia_en,freelaw,0.05,77,-0.01665422627236947,-0.0077386237043111095,0.016799770264158423,0.9090909090909091,"quadratic-model non-additivity; conditional association, not causal synergy"
metric/the_pile_pubmed_central_val_loss,github,wikipedia_en,stackexchange,0.05,77,-0.013295892903058345,-0.00847767500913843,0.01334739104578561,0.935064935064935,"quadratic-model non-additivity; conditional association, not causal synergy"
metric/the_pile_pubmed_central_val_loss,github,wikipedia_en,arxiv,0.05,77,-0.018961501435248492,-0.009957409221438951,0.01929071859907559,0.922077922077922,"quadratic-model non-additivity; conditional association, not causal synergy"
metric/the_pile_pubmed_central_val_loss,github,wikipedia_en,pubmed_central,0.05,77,-0.007210002836206657,-0.003459508103823339,0.007803502019915098,0.8441558441558441,"quadratic-model non-additivity; conditional association, not causal synergy"
metric/the_pile_pubmed_central_val_loss,github,wikipedia_en,pile_cc,0.05,77,-0.03362261915960695,-0.020394903883328652,0.03472900285492815,0.948051948051948,"quadratic-model non-additivity; conditional association, not causal synergy"
metric/the_pile_pubmed_central_val_loss,github,uspto_backgrounds,freelaw,0.05,77,-0.0112508048187556,-0.006421729344959992,0.011443032052558567,0.948051948051948,"quadratic-model non-additivity; conditional association, not causal synergy"
metric/the_pile_pubmed_central_val_loss,github,uspto_backgrounds,stackexchange,0.05,77,-0.04412117327368379,-0.0203618372755896,0.04412117327368379,1.0,"quadratic-model non-additivity; conditional association, not causal synergy"
metric/the_pile_pubmed_central_val_loss,github,uspto_backgrounds,arxiv,0.05,77,-0.019378120648282107,-0.009974808778403954,0.019527818165330887,0.974025974025974,"quadratic-model non-additivity; conditional association, not causal synergy"
metric/the_pile_pubmed_central_val_loss,github,uspto_backgrounds,pubmed_central,0.05,77,-0.007728888674709815,-0.003067984241549304,0.008148876785216183,0.8961038961038961,"quadratic-model non-additivity; conditional association, not causal synergy"
metric/the_pile_pubmed_central_val_loss,github,uspto_backgrounds,pile_cc,0.05,77,-0.007637633244274839,-0.004070663105365746,0.009064622211294518,0.8701298701298701,"quadratic-model non-additivity; conditional association, not causal synergy"
metric/the_pile_pubmed_central_val_loss,github,freelaw,stackexchange,0.05,77,-0.02334324387694508,-0.015684465761788502,0.02334324387694508,1.0,"quadratic-model non-additivity; conditional association, not causal synergy"
metric/the_pile_pubmed_central_val_loss,github,freelaw,arxiv,0.05,77,-0.043599661918646164,-0.027893728780521876,0.0437478992962861,0.987012987012987,"quadratic-model non-additivity; conditional association, not causal synergy"
metric/the_pile_pubmed_central_val_loss,github,freelaw,pubmed_central,0.05,77,-0.06250008923036206,-0.03160504393283681,0.0625116110099187,0.987012987012987,"quadratic-model non-additivity; conditional association, not causal synergy"
metric/the_pile_pubmed_central_val_loss,github,freelaw,pile_cc,0.05,77,-0.04531122451106771,-0.02378987038636282,0.045737983135571654,0.961038961038961,"quadratic-model non-additivity; conditional association, not causal synergy"
metric/the_pile_pubmed_central_val_loss,github,stackexchange,arxiv,0.05,77,-0.016732819778331368,-0.00882489566744038,0.016732819778331368,1.0,"quadratic-model non-additivity; conditional association, not causal synergy"
metric/the_pile_pubmed_central_val_loss,github,stackexchange,pubmed_central,0.05,77,-0.02033801716674966,-0.009730965037729078,0.02033801716674966,1.0,"quadratic-model non-additivity; conditional association, not causal synergy"
metric/the_pile_pubmed_central_val_loss,github,stackexchange,pile_cc,0.05,77,-0.039563889205688055,-0.020707819998623478,0.039563889205688055,1.0,"quadratic-model non-additivity; conditional association, not causal synergy"
metric/the_pile_pubmed_central_val_loss,github,arxiv,pubmed_central,0.05,77,0.013156813346496056,0.003441325265286288,0.028159784194440367,0.6753246753246753,"quadratic-model non-additivity; conditional association, not causal synergy"
metric/the_pile_pubmed_central_val_loss,github,arxiv,pile_cc,0.05,77,-0.05228867477538293,-0.02449759528921458,0.0528567764927565,0.987012987012987,"quadratic-model non-additivity; conditional association, not causal synergy"
metric/the_pile_pubmed_central_val_loss,github,pubmed_central,pile_cc,0.05,77,-0.009508960640509951,-0.004088102297347795,0.011085713930495778,0.8831168831168831,"quadratic-model non-additivity; conditional association, not causal synergy"
metric/the_pile_pubmed_central_val_loss,arxiv,wikipedia_en,uspto_backgrounds,0.05,65,0.038319474946873204,0.020896326716554725,0.04240505190705568,0.9076923076923077,"quadratic-model non-additivity; conditional association, not causal synergy"
metric/the_pile_pubmed_central_val_loss,arxiv,wikipedia_en,freelaw,0.05,65,-0.013256360820230602,-0.007797412389503933,0.015067065997548623,0.7692307692307693,"quadratic-model non-additivity; conditional association, not causal synergy"
metric/the_pile_pubmed_central_val_loss,arxiv,wikipedia_en,stackexchange,0.05,65,-0.007888301252639557,-0.0029101474839823283,0.009006322376656698,0.8615384615384616,"quadratic-model non-additivity; conditional association, not causal synergy"
metric/the_pile_pubmed_central_val_loss,arxiv,wikipedia_en,github,0.05,65,-0.04760280924906433,-0.018901659760974354,0.0480767708153849,0.9076923076923077,"quadratic-model non-additivity; conditional association, not causal synergy"
metric/the_pile_pubmed_central_val_loss,arxiv,wikipedia_en,pubmed_central,0.05,65,-0.0100732193523618,-0.005650474124490046,0.01029416290600978,0.9076923076923077,"quadratic-model non-additivity; conditional association, not causal synergy"
metric/the_pile_pubmed_central_val_loss,arxiv,wikipedia_en,pile_cc,0.05,65,-0.025371135646603402,-0.012247565844102581,0.027120757815203806,0.8307692307692308,"quadratic-model non-additivity; conditional association, not causal synergy"
metric/the_pile_pubmed_central_val_loss,arxiv,uspto_backgrounds,freelaw,0.05,65,-0.00525664089904463,-0.003347345038850591,0.008057758747752513,0.7230769230769231,"quadratic-model non-additivity; conditional association, not causal synergy"
metric/the_pile_pubmed_central_val_loss,arxiv,uspto_backgrounds,stackexchange,0.05,65,-0.02897473509684046,-0.010142042264044804,0.02963363109121521,0.9384615384615385,"quadratic-model non-additivity; conditional association, not causal synergy"
metric/the_pile_pubmed_central_val_loss,arxiv,uspto_backgrounds,github,0.05,65,-0.029321298555710675,-0.012449551422246685,0.030112548424725324,0.9076923076923077,"quadratic-model non-additivity; conditional association, not causal synergy"
metric/the_pile_pubmed_central_val_loss,arxiv,uspto_backgrounds,pubmed_central,0.05,65,-0.008947775256133092,-0.005249968379093417,0.00927794852583301,0.9076923076923077,"quadratic-model non-additivity; conditional association, not causal synergy"
metric/the_pile_pubmed_central_val_loss,arxiv,uspto_backgrounds,pile_cc,0.05,65,-0.0029956774798715075,-0.00046411876493834825,0.0073670874579481556,0.6153846153846154,"quadratic-model non-additivity; conditional association, not causal synergy"
metric/the_pile_pubmed_central_val_loss,arxiv,freelaw,stackexchange,0.05,65,-0.00879768283228003,-0.004444214781583966,0.01122015532361664,0.7384615384615385,"quadratic-model non-additivity; conditional association, not causal synergy"
metric/the_pile_pubmed_central_val_loss,arxiv,freelaw,github,0.05,65,-0.023262997650729592,-0.008039150526800043,0.025674381564673925,0.7692307692307693,"quadratic-model non-additivity; conditional association, not causal synergy"
metric/the_pile_pubmed_central_val_loss,arxiv,freelaw,pubmed_central,0.05,65,-0.07098843228796704,-0.04467719039432794,0.07107515323124056,0.9538461538461539,"quadratic-model non-additivity; conditional association, not causal synergy"
metric/the_pile_pubmed_central_val_loss,arxiv,freelaw,pile_cc,0.05,65,-0.039399928662032416,-0.015155185697344642,0.04301807316380073,0.7846153846153846,"quadratic-model non-additivity; conditional association, not causal synergy"
metric/the_pile_pubmed_central_val_loss,arxiv,stackexchange,github,0.05,65,-0.0025758369202312755,-0.00038834769756856957,0.00420512408908,0.6,"quadratic-model non-additivity; conditional association, not causal synergy"
metric/the_pile_pubmed_central_val_loss,arxiv,stackexchange,pubmed_central,0.05,65,-0.018139987432000272,-0.008446816997967233,0.01824582116026005,0.9692307692307692,"quadratic-model non-additivity; conditional association, not causal synergy"
metric/the_pile_pubmed_central_val_loss,arxiv,stackexchange,pile_cc,0.05,65,-0.02049273821090343,-0.0046973731983213085,0.0218970436308072,0.8,"quadratic-model non-additivity; conditional association, not causal synergy"
metric/the_pile_pubmed_central_val_loss,arxiv,github,pubmed_central,0.05,65,-0.029269332356325454,-0.0132241499350787,0.02929971858846417,0.9692307692307692,"quadratic-model non-additivity; conditional association, not causal synergy"
metric/the_pile_pubmed_central_val_loss,arxiv,github,pile_cc,0.05,65,-0.0323619556638023,-0.007340528867103124,0.034973271976013076,0.7538461538461538,"quadratic-model non-additivity; conditional association, not causal synergy"
metric/the_pile_pubmed_central_val_loss,arxiv,pubmed_central,pile_cc,0.05,65,-0.007364560567129851,-0.004113558281355623,0.008231227374433141,0.8615384615384616,"quadratic-model non-additivity; conditional association, not causal synergy"
metric/the_pile_pubmed_central_val_loss,pubmed_central,wikipedia_en,uspto_backgrounds,0.05,81,0.07752576647799525,0.04584362398813191,0.07752576647799525,1.0,"quadratic-model non-additivity; conditional association, not causal synergy"
metric/the_pile_pubmed_central_val_loss,pubmed_central,wikipedia_en,freelaw,0.05,81,0.03532093814132415,0.0036568555735527752,0.04752459999271185,0.6666666666666666,"quadratic-model non-additivity; conditional association, not causal synergy"
metric/the_pile_pubmed_central_val_loss,pubmed_central,wikipedia_en,stackexchange,0.05,81,0.03784701072678109,0.006415484851776121,0.04315323473393494,0.7530864197530864,"quadratic-model non-additivity; conditional association, not causal synergy"
metric/the_pile_pubmed_central_val_loss,pubmed_central,wikipedia_en,github,0.05,81,-0.0007943358614471309,-0.0008902988355483643,0.06952643931563819,0.5308641975308642,"quadratic-model non-additivity; conditional association, not causal synergy"
metric/the_pile_pubmed_central_val_loss,pubmed_central,wikipedia_en,arxiv,0.05,81,0.02381222501299868,0.0003328723180064941,0.044466512367015355,0.5185185185185185,"quadratic-model non-additivity; conditional association, not causal synergy"
metric/the_pile_pubmed_central_val_loss,pubmed_central,wikipedia_en,pile_cc,0.05,81,0.018953551668586976,-0.0006607374625255957,0.05207842496206845,0.5185185185185185,"quadratic-model non-additivity; conditional association, not causal synergy"
metric/the_pile_pubmed_central_val_loss,pubmed_central,uspto_backgrounds,freelaw,0.05,81,0.04320883031958686,0.005328322346279002,0.047039840460906465,0.7654320987654321,"quadratic-model non-additivity; conditional association, not causal synergy"
metric/the_pile_pubmed_central_val_loss,pubmed_central,uspto_backgrounds,stackexchange,0.05,81,0.013392013636326234,0.001590918364303917,0.05739953194182401,0.5185185185185185,"quadratic-model non-additivity; conditional association, not causal synergy"
metric/the_pile_pubmed_central_val_loss,pubmed_central,uspto_backgrounds,github,0.05,81,0.016168401480505766,0.0015295672179318487,0.05562037366827397,0.5679012345679012,"quadratic-model non-additivity; conditional association, not causal synergy"
metric/the_pile_pubmed_central_val_loss,pubmed_central,uspto_backgrounds,arxiv,0.05,81,0.02491455755065448,0.0018731878505233723,0.04540507151153385,0.5802469135802469,"quadratic-model non-additivity; conditional association, not causal synergy"
metric/the_pile_pubmed_central_val_loss,pubmed_central,uspto_backgrounds,pile_cc,0.05,81,0.03567385813994422,0.0029976506990627705,0.04288067113621357,0.691358024691358,"quadratic-model non-additivity; conditional association, not causal synergy"
metric/the_pile_pubmed_central_val_loss,pubmed_central,freelaw,stackexchange,0.05,81,0.040063008573424805,0.007860516973503984,0.04972015937827382,0.7654320987654321,"quadratic-model non-additivity; conditional association, not causal synergy"
metric/the_pile_pubmed_central_val_loss,pubmed_central,freelaw,github,0.05,81,0.0244651575644869,0.0021981653986458127,0.05751086214154168,0.5432098765432098,"quadratic-model non-additivity; conditional association, not causal synergy"
metric/the_pile_pubmed_central_val_loss,pubmed_central,freelaw,arxiv,0.05,81,0.011468336626068993,-0.0022593119448073296,0.06276392282374861,0.5555555555555556,"quadratic-model non-additivity; conditional association, not causal synergy"
metric/the_pile_pubmed_central_val_loss,pubmed_central,freelaw,pile_cc,0.05,81,0.013678875614677946,-0.0012219245488234165,0.0656700560354816,0.5185185185185185,"quadratic-model non-additivity; conditional association, not causal synergy"
metric/the_pile_pubmed_central_val_loss,pubmed_central,stackexchange,github,0.05,81,0.04519654785606472,0.011054723754975626,0.04552474956893708,0.9135802469135802,"quadratic-model non-additivity; conditional association, not causal synergy"
metric/the_pile_pubmed_central_val_loss,pubmed_central,stackexchange,arxiv,0.05,81,0.034373558146076254,0.004069571192466981,0.04062238771961592,0.6790123456790124,"quadratic-model non-additivity; conditional association, not causal synergy"
metric/the_pile_pubmed_central_val_loss,pubmed_central,stackexchange,pile_cc,0.05,81,0.01872181447253258,0.0003005316284010462,0.05262473580950926,0.5185185185185185,"quadratic-model non-additivity; conditional association, not causal synergy"
metric/the_pile_pubmed_central_val_loss,pubmed_central,github,arxiv,0.05,81,0.0229711641651849,0.0017076849260337923,0.049506200250700294,0.5679012345679012,"quadratic-model non-additivity; conditional association, not causal synergy"
metric/the_pile_pubmed_central_val_loss,pubmed_central,github,pile_cc,0.05,81,0.0074553104964735235,0.0005324816608611727,0.06459891264468422,0.5308641975308642,"quadratic-model non-additivity; conditional association, not causal synergy"
metric/the_pile_pubmed_central_val_loss,pubmed_central,arxiv,pile_cc,0.05,81,-0.006304867978067165,-0.0051020469043052685,0.07054284890247037,0.5679012345679012,"quadratic-model non-additivity; conditional association, not causal synergy"
metric/the_pile_pubmed_central_val_loss,pile_cc,wikipedia_en,uspto_backgrounds,0.05,68,0.02799699816572246,0.006380602544666658,0.032370945540046124,0.75,"quadratic-model non-additivity; conditional association, not causal synergy"
metric/the_pile_pubmed_central_val_loss,pile_cc,wikipedia_en,freelaw,0.05,68,-0.010676354637550083,-0.005160108491380377,0.013143846812050622,0.7941176470588235,"quadratic-model non-additivity; conditional association, not causal synergy"
metric/the_pile_pubmed_central_val_loss,pile_cc,wikipedia_en,stackexchange,0.05,68,-0.006075892337934616,-0.0020177440843647254,0.008620550360943205,0.7794117647058824,"quadratic-model non-additivity; conditional association, not causal synergy"
metric/the_pile_pubmed_central_val_loss,pile_cc,wikipedia_en,github,0.05,68,-0.04309198152038014,-0.01813474112360769,0.045038704579694125,0.9264705882352942,"quadratic-model non-additivity; conditional association, not causal synergy"
metric/the_pile_pubmed_central_val_loss,pile_cc,wikipedia_en,arxiv,0.05,68,-0.011530823725961911,-0.003160755910097457,0.014517365455593248,0.7794117647058824,"quadratic-model non-additivity; conditional association, not causal synergy"
metric/the_pile_pubmed_central_val_loss,pile_cc,wikipedia_en,pubmed_central,0.05,68,-0.0067722521970197515,-0.00396368656639412,0.008917754847565825,0.8823529411764706,"quadratic-model non-additivity; conditional association, not causal synergy"
metric/the_pile_pubmed_central_val_loss,pile_cc,uspto_backgrounds,freelaw,0.05,68,-0.007766550629013691,-0.004078488579755568,0.009775980881176417,0.8088235294117647,"quadratic-model non-additivity; conditional association, not causal synergy"
metric/the_pile_pubmed_central_val_loss,pile_cc,uspto_backgrounds,stackexchange,0.05,68,-0.02946727272904573,-0.010146153544105196,0.03026772992249444,0.9558823529411765,"quadratic-model non-additivity; conditional association, not causal synergy"
metric/the_pile_pubmed_central_val_loss,pile_cc,uspto_backgrounds,github,0.05,68,-0.028511139450010967,-0.010072149576243916,0.02993501708909494,0.9117647058823529,"quadratic-model non-additivity; conditional association, not causal synergy"
metric/the_pile_pubmed_central_val_loss,pile_cc,uspto_backgrounds,arxiv,0.05,68,-0.010887938138877189,-0.004160402612676695,0.012774524966117548,0.8823529411764706,"quadratic-model non-additivity; conditional association, not causal synergy"
metric/the_pile_pubmed_central_val_loss,pile_cc,uspto_backgrounds,pubmed_central,0.05,68,-0.00756757602802813,-0.004262523918896033,0.009068881586942471,0.9411764705882353,"quadratic-model non-additivity; conditional association, not causal synergy"
metric/the_pile_pubmed_central_val_loss,pile_cc,freelaw,stackexchange,0.05,68,-0.010504284219608206,-0.003635090424885412,0.013083202100700811,0.75,"quadratic-model non-additivity; conditional association, not causal synergy"
metric/the_pile_pubmed_central_val_loss,pile_cc,freelaw,github,0.05,68,-0.021347194945805406,-0.012541640871027493,0.02371553094753458,0.8529411764705882,"quadratic-model non-additivity; conditional association, not causal synergy"
metric/the_pile_pubmed_central_val_loss,pile_cc,freelaw,arxiv,0.05,68,-0.033097897757345784,-0.009751221124520093,0.03479157455899648,0.9264705882352942,"quadratic-model non-additivity; conditional association, not causal synergy"
metric/the_pile_pubmed_central_val_loss,pile_cc,freelaw,pubmed_central,0.05,68,-0.059712979731868066,-0.01906287782711713,0.06109060733175947,0.9705882352941176,"quadratic-model non-additivity; conditional association, not causal synergy"
metric/the_pile_pubmed_central_val_loss,pile_cc,stackexchange,github,0.05,68,0.000956763154585979,0.0007174460597809684,0.004106008102049275,0.6470588235294118,"quadratic-model non-additivity; conditional association, not causal synergy"
metric/the_pile_pubmed_central_val_loss,pile_cc,stackexchange,arxiv,0.05,68,-0.003346410930152565,-0.0012040942308382263,0.006841559770849666,0.6764705882352942,"quadratic-model non-additivity; conditional association, not causal synergy"
metric/the_pile_pubmed_central_val_loss,pile_cc,stackexchange,pubmed_central,0.05,68,-0.015617980785932272,-0.008076173141693843,0.01715599737713322,0.9411764705882353,"quadratic-model non-additivity; conditional association, not causal synergy"
metric/the_pile_pubmed_central_val_loss,pile_cc,github,arxiv,0.05,68,-0.01977078004807173,-0.005837504691567741,0.022551882445427097,0.7941176470588235,"quadratic-model non-additivity; conditional association, not causal synergy"
metric/the_pile_pubmed_central_val_loss,pile_cc,github,pubmed_central,0.05,68,-0.028198390104118197,-0.010728063213342853,0.029804659167054187,0.9264705882352942,"quadratic-model non-additivity; conditional association, not causal synergy"
metric/the_pile_pubmed_central_val_loss,pile_cc,arxiv,pubmed_central,0.05,68,0.024486070544683252,0.006815808365131293,0.026181597008658245,0.7941176470588235,"quadratic-model non-additivity; conditional association, not causal synergy"
metric/the_pile_wikipedia_en_val_loss,wikipedia_en,uspto_backgrounds,freelaw,0.05,49,0.029903841040187763,0.00231381277222642,0.03112694509310273,0.7551020408163265,"quadratic-model non-additivity; conditional association, not causal synergy"
metric/the_pile_wikipedia_en_val_loss,wikipedia_en,uspto_backgrounds,stackexchange,0.05,49,0.010480399656117446,-0.0013431471621876412,0.04635518024788412,0.5306122448979592,"quadratic-model non-additivity; conditional association, not causal synergy"
metric/the_pile_wikipedia_en_val_loss,wikipedia_en,uspto_backgrounds,github,0.05,49,0.015167672027110824,0.0016929136574637127,0.043992579109007404,0.5918367346938775,"quadratic-model non-additivity; conditional association, not causal synergy"
metric/the_pile_wikipedia_en_val_loss,wikipedia_en,uspto_backgrounds,arxiv,0.05,49,0.030852862456151247,0.0036277263626960377,0.03549491864772847,0.6938775510204082,"quadratic-model non-additivity; conditional association, not causal synergy"
metric/the_pile_wikipedia_en_val_loss,wikipedia_en,uspto_backgrounds,pubmed_central,0.05,49,0.028776593655225675,0.001735617193880934,0.0353917286128587,0.6326530612244898,"quadratic-model non-additivity; conditional association, not causal synergy"
metric/the_pile_wikipedia_en_val_loss,wikipedia_en,uspto_backgrounds,pile_cc,0.05,49,0.011424496278240095,2.231070576108607e-05,0.029226228651640554,0.5102040816326531,"quadratic-model non-additivity; conditional association, not causal synergy"
metric/the_pile_wikipedia_en_val_loss,wikipedia_en,freelaw,stackexchange,0.05,49,0.034946915803228215,0.006994942964335671,0.034946915803228215,1.0,"quadratic-model non-additivity; conditional association, not causal synergy"
metric/the_pile_wikipedia_en_val_loss,wikipedia_en,freelaw,github,0.05,49,0.01884150079458309,-0.00036713551231848385,0.04245685719749851,0.5306122448979592,"quadratic-model non-additivity; conditional association, not causal synergy"
metric/the_pile_wikipedia_en_val_loss,wikipedia_en,freelaw,arxiv,0.05,49,0.014852627116781852,-0.001506129400503653,0.04597519360774235,0.5510204081632653,"quadratic-model non-additivity; conditional association, not causal synergy"
metric/the_pile_wikipedia_en_val_loss,wikipedia_en,freelaw,pubmed_central,0.05,49,0.012604383237556352,0.00017071489062381318,0.0465524370165859,0.5306122448979592,"quadratic-model non-additivity; conditional association, not causal synergy"
metric/the_pile_wikipedia_en_val_loss,wikipedia_en,freelaw,pile_cc,0.05,49,0.018322009834228575,-0.000925673361077628,0.025274271735143603,0.5306122448979592,"quadratic-model non-additivity; conditional association, not causal synergy"
metric/the_pile_wikipedia_en_val_loss,wikipedia_en,stackexchange,github,0.05,49,0.02824597281083008,0.0011203043315157757,0.03991960694654484,0.5918367346938775,"quadratic-model non-additivity; conditional association, not causal synergy"
metric/the_pile_wikipedia_en_val_loss,wikipedia_en,stackexchange,arxiv,0.05,49,0.02422595208688888,-0.0006508061729126879,0.04022681506311405,0.5306122448979592,"quadratic-model non-additivity; conditional association, not causal synergy"
metric/the_pile_wikipedia_en_val_loss,wikipedia_en,stackexchange,pubmed_central,0.05,49,0.021327511654742927,-0.0005252647427553825,0.0440889403570892,0.5306122448979592,"quadratic-model non-additivity; conditional association, not causal synergy"
metric/the_pile_wikipedia_en_val_loss,wikipedia_en,stackexchange,pile_cc,0.05,49,0.019548017508038248,0.0012169996335931188,0.02657078594124037,0.5714285714285714,"quadratic-model non-additivity; conditional association, not causal synergy"
metric/the_pile_wikipedia_en_val_loss,wikipedia_en,github,arxiv,0.05,49,0.013512271217777792,0.0014503800066902883,0.04921632758035242,0.5306122448979592,"quadratic-model non-additivity; conditional association, not causal synergy"
metric/the_pile_wikipedia_en_val_loss,wikipedia_en,github,pubmed_central,0.05,49,0.015278398065632758,-8.141239895564922e-05,0.055002108536438755,0.5102040816326531,"quadratic-model non-additivity; conditional association, not causal synergy"
metric/the_pile_wikipedia_en_val_loss,wikipedia_en,github,pile_cc,0.05,49,-0.0031000163844408773,-0.004832315151727329,0.044043258278766616,0.6326530612244898,"quadratic-model non-additivity; conditional association, not causal synergy"
metric/the_pile_wikipedia_en_val_loss,wikipedia_en,arxiv,pubmed_central,0.05,49,0.018579090583747408,-0.0004551715362772768,0.04852798100414836,0.5306122448979592,"quadratic-model non-additivity; conditional association, not causal synergy"
metric/the_pile_wikipedia_en_val_loss,wikipedia_en,arxiv,pile_cc,0.05,49,0.001221632753423311,-0.005216435747450454,0.03976943253987812,0.5510204081632653,"quadratic-model non-additivity; conditional association, not causal synergy"
metric/the_pile_wikipedia_en_val_loss,wikipedia_en,pubmed_central,pile_cc,0.05,49,0.02146220316680805,-9.122233524294643e-05,0.02669593238097579,0.5102040816326531,"quadratic-model non-additivity; conditional association, not causal synergy"
metric/the_pile_wikipedia_en_val_loss,uspto_backgrounds,wikipedia_en,freelaw,0.05,59,0.012368441931137533,0.0018902399685867266,0.017931550565614022,0.6949152542372882,"quadratic-model non-additivity; conditional association, not causal synergy"
metric/the_pile_wikipedia_en_val_loss,uspto_backgrounds,wikipedia_en,stackexchange,0.05,59,0.007149263200186388,0.0018205449848096578,0.011506224556680735,0.6271186440677966,"quadratic-model non-additivity; conditional association, not causal synergy"
metric/the_pile_wikipedia_en_val_loss,uspto_backgrounds,wikipedia_en,github,0.05,59,-0.018747720333423153,-0.00946686369037586,0.018750181308655925,0.9830508474576272,"quadratic-model non-additivity; conditional association, not causal synergy"
metric/the_pile_wikipedia_en_val_loss,uspto_backgrounds,wikipedia_en,arxiv,0.05,59,-0.015837973510416152,-0.006589051707478255,0.015837973510416152,1.0,"quadratic-model non-additivity; conditional association, not causal synergy"
metric/the_pile_wikipedia_en_val_loss,uspto_backgrounds,wikipedia_en,pubmed_central,0.05,59,0.003346122049959084,0.00018672953605936016,0.010906123950063323,0.5254237288135594,"quadratic-model non-additivity; conditional association, not causal synergy"
metric/the_pile_wikipedia_en_val_loss,uspto_backgrounds,wikipedia_en,pile_cc,0.05,59,0.09104550470495164,0.016633574876076196,0.09706516541401171,0.7627118644067796,"quadratic-model non-additivity; conditional association, not causal synergy"
metric/the_pile_wikipedia_en_val_loss,uspto_backgrounds,freelaw,stackexchange,0.05,59,0.0022215923259507947,0.001257630012277744,0.004842907472740746,0.7457627118644068,"quadratic-model non-additivity; conditional association, not causal synergy"
metric/the_pile_wikipedia_en_val_loss,uspto_backgrounds,freelaw,github,0.05,59,-0.01662229823773809,-0.006497339581597039,0.016800176925450758,0.9491525423728814,"quadratic-model non-additivity; conditional association, not causal synergy"
metric/the_pile_wikipedia_en_val_loss,uspto_backgrounds,freelaw,arxiv,0.05,59,-0.025028825702153094,-0.00992585949939162,0.025028825702153094,1.0,"quadratic-model non-additivity; conditional association, not causal synergy"
metric/the_pile_wikipedia_en_val_loss,uspto_backgrounds,freelaw,pubmed_central,0.05,59,-0.019402383892652014,-0.00438791358605517,0.019474374540702055,0.9830508474576272,"quadratic-model non-additivity; conditional association, not causal synergy"
metric/the_pile_wikipedia_en_val_loss,uspto_backgrounds,freelaw,pile_cc,0.05,59,-0.005108656520715573,-0.0019728584861624654,0.005542632401052286,0.864406779661017,"quadratic-model non-additivity; conditional association, not causal synergy"
metric/the_pile_wikipedia_en_val_loss,uspto_backgrounds,stackexchange,github,0.05,59,-0.007087349781915539,-0.0008712325676807353,0.009555038549848556,0.6440677966101694,"quadratic-model non-additivity; conditional association, not causal synergy"
metric/the_pile_wikipedia_en_val_loss,uspto_backgrounds,stackexchange,arxiv,0.05,59,-0.012327540873631209,-0.004248419215377552,0.012514460194787315,0.9661016949152542,"quadratic-model non-additivity; conditional association, not causal synergy"
metric/the_pile_wikipedia_en_val_loss,uspto_backgrounds,stackexchange,pubmed_central,0.05,59,-0.013099243782324762,-0.003148649819401328,0.014096948499547197,0.8813559322033898,"quadratic-model non-additivity; conditional association, not causal synergy"
metric/the_pile_wikipedia_en_val_loss,uspto_backgrounds,stackexchange,pile_cc,0.05,59,-0.0020396633764112114,-0.00030359967236393004,0.004054338925122395,0.6610169491525424,"quadratic-model non-additivity; conditional association, not causal synergy"
metric/the_pile_wikipedia_en_val_loss,uspto_backgrounds,github,arxiv,0.05,59,-0.020440354755182504,-0.008200945767006473,0.020773127791524498,0.9322033898305084,"quadratic-model non-additivity; conditional association, not causal synergy"
metric/the_pile_wikipedia_en_val_loss,uspto_backgrounds,github,pubmed_central,0.05,59,-0.0235615881622386,-0.00538944359673188,0.02423238817553903,0.8813559322033898,"quadratic-model non-additivity; conditional association, not causal synergy"
metric/the_pile_wikipedia_en_val_loss,uspto_backgrounds,github,pile_cc,0.05,59,-0.020489726529195406,-0.003959154992125846,0.02200764691542872,0.847457627118644,"quadratic-model non-additivity; conditional association, not causal synergy"
metric/the_pile_wikipedia_en_val_loss,uspto_backgrounds,arxiv,pubmed_central,0.05,59,-0.022203816151191345,-0.0069160931443530416,0.02238622949414166,0.9830508474576272,"quadratic-model non-additivity; conditional association, not causal synergy"
metric/the_pile_wikipedia_en_val_loss,uspto_backgrounds,arxiv,pile_cc,0.05,59,-0.021399704668624824,-0.007336899502067951,0.021519638953737315,0.9830508474576272,"quadratic-model non-additivity; conditional association, not causal synergy"
metric/the_pile_wikipedia_en_val_loss,uspto_backgrounds,pubmed_central,pile_cc,0.05,59,-0.004190236785382893,-0.00126291006843271,0.0047536759094342525,0.8305084745762712,"quadratic-model non-additivity; conditional association, not causal synergy"
metric/the_pile_wikipedia_en_val_loss,freelaw,wikipedia_en,uspto_backgrounds,0.05,47,0.008596619313706168,0.0033329853601395953,0.017130332058951588,0.6595744680851063,"quadratic-model non-additivity; conditional association, not causal synergy"
metric/the_pile_wikipedia_en_val_loss,freelaw,wikipedia_en,stackexchange,0.05,47,0.0017448650877327735,0.0001691952912841188,0.012576551696945425,0.5106382978723404,"quadratic-model non-additivity; conditional association, not causal synergy"
metric/the_pile_wikipedia_en_val_loss,freelaw,wikipedia_en,github,0.05,47,-0.01977575372552882,-0.010180776034571792,0.019964992897213246,0.9574468085106383,"quadratic-model non-additivity; conditional association, not causal synergy"
metric/the_pile_wikipedia_en_val_loss,freelaw,wikipedia_en,arxiv,0.05,47,-0.014214776371048723,-0.007864036540094155,0.015065334124225987,0.9574468085106383,"quadratic-model non-additivity; conditional association, not causal synergy"
metric/the_pile_wikipedia_en_val_loss,freelaw,wikipedia_en,pubmed_central,0.05,47,0.006377917014829623,0.0027637382905645325,0.012831198306047644,0.6595744680851063,"quadratic-model non-additivity; conditional association, not causal synergy"
metric/the_pile_wikipedia_en_val_loss,freelaw,wikipedia_en,pile_cc,0.05,47,0.11504452513117963,0.04705866598112074,0.12196391178806568,0.851063829787234,"quadratic-model non-additivity; conditional association, not causal synergy"
metric/the_pile_wikipedia_en_val_loss,freelaw,uspto_backgrounds,stackexchange,0.05,47,-0.02257321912792955,-0.009281550984995057,0.022758813456179777,0.9574468085106383,"quadratic-model non-additivity; conditional association, not causal synergy"
metric/the_pile_wikipedia_en_val_loss,freelaw,uspto_backgrounds,github,0.05,47,-0.01934007135245914,-0.005663980438703753,0.019903405755449306,0.9361702127659575,"quadratic-model non-additivity; conditional association, not causal synergy"
metric/the_pile_wikipedia_en_val_loss,freelaw,uspto_backgrounds,arxiv,0.05,47,-0.005379214573499275,-0.0018243133713360393,0.0067110465261678845,0.7872340425531915,"quadratic-model non-additivity; conditional association, not causal synergy"
metric/the_pile_wikipedia_en_val_loss,freelaw,uspto_backgrounds,pubmed_central,0.05,47,-0.006532836761515114,-0.0022352363514261953,0.007845070513752396,0.851063829787234,"quadratic-model non-additivity; conditional association, not causal synergy"
metric/the_pile_wikipedia_en_val_loss,freelaw,uspto_backgrounds,pile_cc,0.05,47,-0.013184718757569826,-0.0069425364895785435,0.013627962079455014,0.9574468085106383,"quadratic-model non-additivity; conditional association, not causal synergy"
metric/the_pile_wikipedia_en_val_loss,freelaw,stackexchange,github,0.05,47,-0.011608744046550415,-0.004699051037238,0.012044845988667102,0.9148936170212766,"quadratic-model non-additivity; conditional association, not causal synergy"
metric/the_pile_wikipedia_en_val_loss,freelaw,stackexchange,arxiv,0.05,47,-0.016554184008523133,-0.0071088520071569405,0.016947016542470644,0.9148936170212766,"quadratic-model non-additivity; conditional association, not causal synergy"
metric/the_pile_wikipedia_en_val_loss,freelaw,stackexchange,pubmed_central,0.05,47,-0.019021522518619542,-0.007922875397492035,0.019361859726912546,0.9574468085106383,"quadratic-model non-additivity; conditional association, not causal synergy"
metric/the_pile_wikipedia_en_val_loss,freelaw,stackexchange,pile_cc,0.05,47,-0.008201228069168186,-0.003167266966134008,0.008497191795643169,0.9574468085106383,"quadratic-model non-additivity; conditional association, not causal synergy"
metric/the_pile_wikipedia_en_val_loss,freelaw,github,arxiv,0.05,47,-0.021146262269817345,-0.0044407853350607596,0.021938920605991764,0.8723404255319149,"quadratic-model non-additivity; conditional association, not causal synergy"
metric/the_pile_wikipedia_en_val_loss,freelaw,github,pubmed_central,0.05,47,-0.02934400921503388,-0.013544681936508596,0.030884275117373513,0.9148936170212766,"quadratic-model non-additivity; conditional association, not causal synergy"
metric/the_pile_wikipedia_en_val_loss,freelaw,github,pile_cc,0.05,47,-0.03229934492171517,-0.007799851541525626,0.032692514882743155,0.9361702127659575,"quadratic-model non-additivity; conditional association, not causal synergy"
metric/the_pile_wikipedia_en_val_loss,freelaw,arxiv,pubmed_central,0.05,47,-0.01691359546991194,-0.00677932953096505,0.019248164259808406,0.8723404255319149,"quadratic-model non-additivity; conditional association, not causal synergy"
metric/the_pile_wikipedia_en_val_loss,freelaw,arxiv,pile_cc,0.05,47,-0.02930476754871465,-0.00978097559291502,0.02946576243676267,0.9574468085106383,"quadratic-model non-additivity; conditional association, not causal synergy"
metric/the_pile_wikipedia_en_val_loss,freelaw,pubmed_central,pile_cc,0.05,47,-0.004359024843876367,-0.0013848238269043023,0.005560941356702404,0.8085106382978723,"quadratic-model non-additivity; conditional association, not causal synergy"
metric/the_pile_wikipedia_en_val_loss,stackexchange,wikipedia_en,uspto_backgrounds,0.05,72,0.017454941485252087,0.008390007107699216,0.021127908795150807,0.7083333333333334,"quadratic-model non-additivity; conditional association, not causal synergy"
metric/the_pile_wikipedia_en_val_loss,stackexchange,wikipedia_en,freelaw,0.05,72,0.013136924721316149,0.003941205782927781,0.01991008927568198,0.625,"quadratic-model non-additivity; conditional association, not causal synergy"
metric/the_pile_wikipedia_en_val_loss,stackexchange,wikipedia_en,github,0.05,72,-0.02015791405588701,-0.010160310149984753,0.02015791405588701,1.0,"quadratic-model non-additivity; conditional association, not causal synergy"
metric/the_pile_wikipedia_en_val_loss,stackexchange,wikipedia_en,arxiv,0.05,72,-0.01277446621813262,-0.006485996120577209,0.012821186402258008,0.9861111111111112,"quadratic-model non-additivity; conditional association, not causal synergy"
metric/the_pile_wikipedia_en_val_loss,stackexchange,wikipedia_en,pubmed_central,0.05,72,0.0045264846985550505,0.001904461150040504,0.010818578211273942,0.6388888888888888,"quadratic-model non-additivity; conditional association, not causal synergy"
metric/the_pile_wikipedia_en_val_loss,stackexchange,wikipedia_en,pile_cc,0.05,72,0.0884602002733144,0.023460004826693748,0.09260521696917041,0.8472222222222222,"quadratic-model non-additivity; conditional association, not causal synergy"
metric/the_pile_wikipedia_en_val_loss,stackexchange,uspto_backgrounds,freelaw,0.05,72,-0.0036913290008041555,-0.002350025838189218,0.004878788104876321,0.8333333333333334,"quadratic-model non-additivity; conditional association, not causal synergy"
metric/the_pile_wikipedia_en_val_loss,stackexchange,uspto_backgrounds,github,0.05,72,-0.018425329690632992,-0.0074742082941186005,0.019537596318613775,0.9583333333333334,"quadratic-model non-additivity; conditional association, not causal synergy"
metric/the_pile_wikipedia_en_val_loss,stackexchange,uspto_backgrounds,arxiv,0.05,72,-0.003930233923598456,-0.002674015034034749,0.005939408941730223,0.7638888888888888,"quadratic-model non-additivity; conditional association, not causal synergy"
metric/the_pile_wikipedia_en_val_loss,stackexchange,uspto_backgrounds,pubmed_central,0.05,72,-0.0043650728486960035,-0.0018451600479680863,0.00635812775484786,0.7638888888888888,"quadratic-model non-additivity; conditional association, not causal synergy"
metric/the_pile_wikipedia_en_val_loss,stackexchange,uspto_backgrounds,pile_cc,0.05,72,-0.010718662931319203,-0.005549068062911999,0.011518551431356371,0.9027777777777778,"quadratic-model non-additivity; conditional association, not causal synergy"
metric/the_pile_wikipedia_en_val_loss,stackexchange,freelaw,github,0.05,72,-0.022610253364781643,-0.01224719365745175,0.02265917611888134,0.9722222222222222,"quadratic-model non-additivity; conditional association, not causal synergy"
metric/the_pile_wikipedia_en_val_loss,stackexchange,freelaw,arxiv,0.05,72,-0.024871907770482253,-0.00882884539061557,0.02495008103583733,0.9722222222222222,"quadratic-model non-additivity; conditional association, not causal synergy"
metric/the_pile_wikipedia_en_val_loss,stackexchange,freelaw,pubmed_central,0.05,72,-0.025741218061195288,-0.009032292212717064,0.025870483823374462,0.9583333333333334,"quadratic-model non-additivity; conditional association, not causal synergy"
metric/the_pile_wikipedia_en_val_loss,stackexchange,freelaw,pile_cc,0.05,72,-0.008852973733059858,-0.0041313822115274235,0.008936541818428512,0.9722222222222222,"quadratic-model non-additivity; conditional association, not causal synergy"
metric/the_pile_wikipedia_en_val_loss,stackexchange,github,arxiv,0.05,72,-0.01885279890241763,-0.005089928306768687,0.019372213888697847,0.9583333333333334,"quadratic-model non-additivity; conditional association, not causal synergy"
metric/the_pile_wikipedia_en_val_loss,stackexchange,github,pubmed_central,0.05,72,-0.02492447450493364,-0.007570948321439008,0.025350745157202592,0.9583333333333334,"quadratic-model non-additivity; conditional association, not causal synergy"
metric/the_pile_wikipedia_en_val_loss,stackexchange,github,pile_cc,0.05,72,-0.027208564440678776,-0.010863467314422781,0.027208564440678776,1.0,"quadratic-model non-additivity; conditional association, not causal synergy"
metric/the_pile_wikipedia_en_val_loss,stackexchange,arxiv,pubmed_central,0.05,72,-0.02136894195279991,-0.005631038942358391,0.02196861956430503,0.9722222222222222,"quadratic-model non-additivity; conditional association, not causal synergy"
metric/the_pile_wikipedia_en_val_loss,stackexchange,arxiv,pile_cc,0.05,72,-0.023232276065717723,-0.006971118121301689,0.02329508653566022,0.9722222222222222,"quadratic-model non-additivity; conditional association, not causal synergy"
metric/the_pile_wikipedia_en_val_loss,stackexchange,pubmed_central,pile_cc,0.05,72,-0.005234028450638497,-0.0020951372951381053,0.005880417828647221,0.875,"quadratic-model non-additivity; conditional association, not causal synergy"
metric/the_pile_wikipedia_en_val_loss,github,wikipedia_en,uspto_backgrounds,0.05,77,0.017574384526559187,0.007262172751678619,0.022947753227558577,0.7272727272727273,"quadratic-model non-additivity; conditional association, not causal synergy"
metric/the_pile_wikipedia_en_val_loss,github,wikipedia_en,freelaw,0.05,77,0.020062730345590092,0.006988086923355397,0.02501274604370241,0.7142857142857143,"quadratic-model non-additivity; conditional association, not causal synergy"
metric/the_pile_wikipedia_en_val_loss,github,wikipedia_en,stackexchange,0.05,77,0.006409190319827257,0.002069664053020226,0.015972562512726936,0.6623376623376623,"quadratic-model non-additivity; conditional association, not causal synergy"
metric/the_pile_wikipedia_en_val_loss,github,wikipedia_en,arxiv,0.05,77,-0.015898718604604636,-0.008989007900109591,0.015937828897576365,0.987012987012987,"quadratic-model non-additivity; conditional association, not causal synergy"
metric/the_pile_wikipedia_en_val_loss,github,wikipedia_en,pubmed_central,0.05,77,0.004475189422342041,0.001888275110712101,0.014013768184700126,0.6103896103896104,"quadratic-model non-additivity; conditional association, not causal synergy"
metric/the_pile_wikipedia_en_val_loss,github,wikipedia_en,pile_cc,0.05,77,0.12990425132125086,0.06891052755085347,0.13194998367796232,0.8571428571428571,"quadratic-model non-additivity; conditional association, not causal synergy"
metric/the_pile_wikipedia_en_val_loss,github,uspto_backgrounds,freelaw,0.05,77,-0.006001196973525327,-0.0029146373168877915,0.0060066997723099095,0.961038961038961,"quadratic-model non-additivity; conditional association, not causal synergy"
metric/the_pile_wikipedia_en_val_loss,github,uspto_backgrounds,stackexchange,0.05,77,-0.03123344764921734,-0.017673236756190924,0.03123344764921734,1.0,"quadratic-model non-additivity; conditional association, not causal synergy"
metric/the_pile_wikipedia_en_val_loss,github,uspto_backgrounds,arxiv,0.05,77,-0.00955769125504289,-0.005902870154457673,0.009599713191733724,0.987012987012987,"quadratic-model non-additivity; conditional association, not causal synergy"
metric/the_pile_wikipedia_en_val_loss,github,uspto_backgrounds,pubmed_central,0.05,77,-0.008377460239385062,-0.004780920587452719,0.00853720665244728,0.961038961038961,"quadratic-model non-additivity; conditional association, not causal synergy"
metric/the_pile_wikipedia_en_val_loss,github,uspto_backgrounds,pile_cc,0.05,77,-0.013187306046610305,-0.007584137904348864,0.013257171795875957,0.974025974025974,"quadratic-model non-additivity; conditional association, not causal synergy"
metric/the_pile_wikipedia_en_val_loss,github,freelaw,stackexchange,0.05,77,-0.002222615196338444,-0.000141464552722681,0.00868819235654655,0.5064935064935064,"quadratic-model non-additivity; conditional association, not causal synergy"
metric/the_pile_wikipedia_en_val_loss,github,freelaw,arxiv,0.05,77,-0.027847659822367695,-0.02001810604414711,0.027861054065757496,0.987012987012987,"quadratic-model non-additivity; conditional association, not causal synergy"
metric/the_pile_wikipedia_en_val_loss,github,freelaw,pubmed_central,0.05,77,-0.024165711367095218,-0.01727054929256866,0.024208211609045766,0.987012987012987,"quadratic-model non-additivity; conditional association, not causal synergy"
metric/the_pile_wikipedia_en_val_loss,github,freelaw,pile_cc,0.05,77,-0.006449399060918829,-0.003160915762922656,0.006760729107834752,0.935064935064935,"quadratic-model non-additivity; conditional association, not causal synergy"
metric/the_pile_wikipedia_en_val_loss,github,stackexchange,arxiv,0.05,77,-0.02127364140357148,-0.01363007432584773,0.02127364140357148,1.0,"quadratic-model non-additivity; conditional association, not causal synergy"
metric/the_pile_wikipedia_en_val_loss,github,stackexchange,pubmed_central,0.05,77,-0.020909039033759003,-0.013453397172421333,0.020909039033759003,1.0,"quadratic-model non-additivity; conditional association, not causal synergy"
metric/the_pile_wikipedia_en_val_loss,github,stackexchange,pile_cc,0.05,77,-0.007572607699872163,-0.003803411822892677,0.007768786781828689,0.935064935064935,"quadratic-model non-additivity; conditional association, not causal synergy"
metric/the_pile_wikipedia_en_val_loss,github,arxiv,pubmed_central,0.05,77,-0.024538846471623615,-0.013455567257922851,0.024640815566568962,0.987012987012987,"quadratic-model non-additivity; conditional association, not causal synergy"
metric/the_pile_wikipedia_en_val_loss,github,arxiv,pile_cc,0.05,77,-0.02961787143469187,-0.015870720790545967,0.02961787143469187,1.0,"quadratic-model non-additivity; conditional association, not causal synergy"
metric/the_pile_wikipedia_en_val_loss,github,pubmed_central,pile_cc,0.05,77,-0.005417321798676248,-0.0022210575427488166,0.006067887406801832,0.8831168831168831,"quadratic-model non-additivity; conditional association, not causal synergy"
metric/the_pile_wikipedia_en_val_loss,arxiv,wikipedia_en,uspto_backgrounds,0.05,65,0.018888644907948372,0.007991342748041141,0.02593170646133185,0.7230769230769231,"quadratic-model non-additivity; conditional association, not causal synergy"
metric/the_pile_wikipedia_en_val_loss,arxiv,wikipedia_en,freelaw,0.05,65,0.0251670769961315,0.01595347073387643,0.028270797697594573,0.8,"quadratic-model non-additivity; conditional association, not causal synergy"
metric/the_pile_wikipedia_en_val_loss,arxiv,wikipedia_en,stackexchange,0.05,65,0.006486577629837994,0.0021786602983357994,0.011519791221681853,0.676923076923077,"quadratic-model non-additivity; conditional association, not causal synergy"
metric/the_pile_wikipedia_en_val_loss,arxiv,wikipedia_en,github,0.05,65,-0.019532082477402075,-0.009099691738195581,0.019532082477402075,1.0,"quadratic-model non-additivity; conditional association, not causal synergy"
metric/the_pile_wikipedia_en_val_loss,arxiv,wikipedia_en,pubmed_central,0.05,65,0.008823526065471777,0.005133479652526418,0.012836930396159324,0.8153846153846154,"quadratic-model non-additivity; conditional association, not causal synergy"
metric/the_pile_wikipedia_en_val_loss,arxiv,wikipedia_en,pile_cc,0.05,65,0.10674254583129783,0.0481808793806211,0.10744535918314452,0.9076923076923077,"quadratic-model non-additivity; conditional association, not causal synergy"
metric/the_pile_wikipedia_en_val_loss,arxiv,uspto_backgrounds,freelaw,0.05,65,-0.004390011149542626,-0.001980815640242106,0.00458554998505091,0.9230769230769231,"quadratic-model non-additivity; conditional association, not causal synergy"
metric/the_pile_wikipedia_en_val_loss,arxiv,uspto_backgrounds,stackexchange,0.05,65,-0.02314427226252968,-0.010701551686423727,0.02314427226252968,1.0,"quadratic-model non-additivity; conditional association, not causal synergy"
metric/the_pile_wikipedia_en_val_loss,arxiv,uspto_backgrounds,github,0.05,65,-0.021436080332819348,-0.010304270922087078,0.021436080332819348,1.0,"quadratic-model non-additivity; conditional association, not causal synergy"
metric/the_pile_wikipedia_en_val_loss,arxiv,uspto_backgrounds,pubmed_central,0.05,65,-0.008215201199808852,-0.005170321169266856,0.008251874778529534,0.9692307692307692,"quadratic-model non-additivity; conditional association, not causal synergy"
metric/the_pile_wikipedia_en_val_loss,arxiv,uspto_backgrounds,pile_cc,0.05,65,-0.012080599241650293,-0.007012567531957892,0.012080599241650293,1.0,"quadratic-model non-additivity; conditional association, not causal synergy"
metric/the_pile_wikipedia_en_val_loss,arxiv,freelaw,stackexchange,0.05,65,0.0010244730364555165,0.001337208893904318,0.005554304910177344,0.7076923076923077,"quadratic-model non-additivity; conditional association, not causal synergy"
metric/the_pile_wikipedia_en_val_loss,arxiv,freelaw,github,0.05,65,-0.020478871245788014,-0.008717806039110876,0.020497884357602462,0.9846153846153847,"quadratic-model non-additivity; conditional association, not causal synergy"
metric/the_pile_wikipedia_en_val_loss,arxiv,freelaw,pubmed_central,0.05,65,-0.02423320785669764,-0.017152943325839942,0.024264084411244478,0.9846153846153847,"quadratic-model non-additivity; conditional association, not causal synergy"
metric/the_pile_wikipedia_en_val_loss,arxiv,freelaw,pile_cc,0.05,65,-0.004363597267737367,-0.0015380066029333506,0.004591779726531128,0.9076923076923077,"quadratic-model non-additivity; conditional association, not causal synergy"
metric/the_pile_wikipedia_en_val_loss,arxiv,stackexchange,github,0.05,65,-0.010828187164988852,-0.003914373899134738,0.01097905411829565,0.9538461538461539,"quadratic-model non-additivity; conditional association, not causal synergy"
metric/the_pile_wikipedia_en_val_loss,arxiv,stackexchange,pubmed_central,0.05,65,-0.018726935539350568,-0.006863713982241393,0.018874609769668215,0.9384615384615385,"quadratic-model non-additivity; conditional association, not causal synergy"
metric/the_pile_wikipedia_en_val_loss,arxiv,stackexchange,pile_cc,0.05,65,-0.004215471554359896,-0.002181520566360895,0.004445793121700813,0.9076923076923077,"quadratic-model non-additivity; conditional association, not causal synergy"
metric/the_pile_wikipedia_en_val_loss,arxiv,github,pubmed_central,0.05,65,-0.028129878604094435,-0.008842877292876139,0.028129878604094435,1.0,"quadratic-model non-additivity; conditional association, not causal synergy"
metric/the_pile_wikipedia_en_val_loss,arxiv,github,pile_cc,0.05,65,-0.025668242678027545,-0.0074158016840026875,0.025668242678027545,1.0,"quadratic-model non-additivity; conditional association, not causal synergy"
metric/the_pile_wikipedia_en_val_loss,arxiv,pubmed_central,pile_cc,0.05,65,-0.0030293664858495172,-0.0016721732193483163,0.00334429069650676,0.7692307692307693,"quadratic-model non-additivity; conditional association, not causal synergy"
metric/the_pile_wikipedia_en_val_loss,pubmed_central,wikipedia_en,uspto_backgrounds,0.05,81,0.016244917464906732,0.0052694190443345335,0.02121263510529462,0.7037037037037037,"quadratic-model non-additivity; conditional association, not causal synergy"
metric/the_pile_wikipedia_en_val_loss,pubmed_central,wikipedia_en,freelaw,0.05,81,0.02222450463531301,0.00980101071431072,0.024756659708973266,0.8271604938271605,"quadratic-model non-additivity; conditional association, not causal synergy"
metric/the_pile_wikipedia_en_val_loss,pubmed_central,wikipedia_en,stackexchange,0.05,81,0.007045065170987211,0.0029079186144240765,0.009878723249747097,0.6666666666666666,"quadratic-model non-additivity; conditional association, not causal synergy"
metric/the_pile_wikipedia_en_val_loss,pubmed_central,wikipedia_en,github,0.05,81,-0.018250571620490028,-0.007690614061224288,0.019625098296163185,0.9506172839506173,"quadratic-model non-additivity; conditional association, not causal synergy"
metric/the_pile_wikipedia_en_val_loss,pubmed_central,wikipedia_en,arxiv,0.05,81,-0.013299688806188563,-0.006626072807433658,0.014588898824198948,0.9506172839506173,"quadratic-model non-additivity; conditional association, not causal synergy"
metric/the_pile_wikipedia_en_val_loss,pubmed_central,wikipedia_en,pile_cc,0.05,81,0.0859636407189998,0.035304083201251224,0.08815271341932522,0.8518518518518519,"quadratic-model non-additivity; conditional association, not causal synergy"
metric/the_pile_wikipedia_en_val_loss,pubmed_central,uspto_backgrounds,freelaw,0.05,81,-0.0017585315255347522,-0.001104209175106341,0.004415930070245829,0.8024691358024691,"quadratic-model non-additivity; conditional association, not causal synergy"
metric/the_pile_wikipedia_en_val_loss,pubmed_central,uspto_backgrounds,stackexchange,0.05,81,-0.02216494708780415,-0.007461934133401904,0.023925666826484872,0.9506172839506173,"quadratic-model non-additivity; conditional association, not causal synergy"
metric/the_pile_wikipedia_en_val_loss,pubmed_central,uspto_backgrounds,github,0.05,81,-0.01795775140463834,-0.006558822080960702,0.019732972959989676,0.9629629629629629,"quadratic-model non-additivity; conditional association, not causal synergy"
metric/the_pile_wikipedia_en_val_loss,pubmed_central,uspto_backgrounds,arxiv,0.05,81,-0.005502132008837601,-0.002358028712428961,0.007520095162291423,0.9259259259259259,"quadratic-model non-additivity; conditional association, not causal synergy"
metric/the_pile_wikipedia_en_val_loss,pubmed_central,uspto_backgrounds,pile_cc,0.05,81,-0.013896585852352821,-0.008857901583279038,0.015460137185172125,0.9506172839506173,"quadratic-model non-additivity; conditional association, not causal synergy"
metric/the_pile_wikipedia_en_val_loss,pubmed_central,freelaw,stackexchange,0.05,81,0.0038644338331612765,0.0017388717208168813,0.005422484067801873,0.7901234567901234,"quadratic-model non-additivity; conditional association, not causal synergy"
metric/the_pile_wikipedia_en_val_loss,pubmed_central,freelaw,github,0.05,81,-0.01854019340607738,-0.008580488068188785,0.021088718711547882,0.8765432098765432,"quadratic-model non-additivity; conditional association, not causal synergy"
metric/the_pile_wikipedia_en_val_loss,pubmed_central,freelaw,arxiv,0.05,81,-0.020149037483148904,-0.010834044511728536,0.022505036919419723,0.9012345679012346,"quadratic-model non-additivity; conditional association, not causal synergy"
metric/the_pile_wikipedia_en_val_loss,pubmed_central,freelaw,pile_cc,0.05,81,-0.004194377727061205,-0.002626349695089125,0.006423376408489386,0.8641975308641975,"quadratic-model non-additivity; conditional association, not causal synergy"
metric/the_pile_wikipedia_en_val_loss,pubmed_central,stackexchange,github,0.05,81,-0.006912297946078919,-0.0017518661402489144,0.009382836707448945,0.8148148148148148,"quadratic-model non-additivity; conditional association, not causal synergy"
metric/the_pile_wikipedia_en_val_loss,pubmed_central,stackexchange,arxiv,0.05,81,-0.01291842806797506,-0.005008871766866818,0.014803673647680175,0.9259259259259259,"quadratic-model non-additivity; conditional association, not causal synergy"
metric/the_pile_wikipedia_en_val_loss,pubmed_central,stackexchange,pile_cc,0.05,81,-0.0041441796344189276,-0.0021959224926311194,0.005797362590644094,0.9259259259259259,"quadratic-model non-additivity; conditional association, not causal synergy"
metric/the_pile_wikipedia_en_val_loss,pubmed_central,github,arxiv,0.05,81,-0.01958952471688854,-0.005378714064473655,0.022113980833583596,0.8765432098765432,"quadratic-model non-additivity; conditional association, not causal synergy"
metric/the_pile_wikipedia_en_val_loss,pubmed_central,github,pile_cc,0.05,81,-0.02621660651369174,-0.008086360954352223,0.028263830301705057,0.9382716049382716,"quadratic-model non-additivity; conditional association, not causal synergy"
metric/the_pile_wikipedia_en_val_loss,pubmed_central,arxiv,pile_cc,0.05,81,-0.025941301463886016,-0.01127181742766492,0.027672338489095307,0.9629629629629629,"quadratic-model non-additivity; conditional association, not causal synergy"
metric/the_pile_wikipedia_en_val_loss,pile_cc,wikipedia_en,uspto_backgrounds,0.05,68,0.01641201914202159,0.003447877293068391,0.017637408426977332,0.8235294117647058,"quadratic-model non-additivity; conditional association, not causal synergy"
metric/the_pile_wikipedia_en_val_loss,pile_cc,wikipedia_en,freelaw,0.05,68,0.017554523668192722,0.007903937720291854,0.01995019994261178,0.8529411764705882,"quadratic-model non-additivity; conditional association, not causal synergy"
metric/the_pile_wikipedia_en_val_loss,pile_cc,wikipedia_en,stackexchange,0.05,68,0.0067499075387626355,0.002976862437372052,0.010568448234967786,0.75,"quadratic-model non-additivity; conditional association, not causal synergy"
metric/the_pile_wikipedia_en_val_loss,pile_cc,wikipedia_en,github,0.05,68,-0.015372521012140457,-0.006253192500844662,0.018465528477687905,0.6911764705882353,"quadratic-model non-additivity; conditional association, not causal synergy"
metric/the_pile_wikipedia_en_val_loss,pile_cc,wikipedia_en,arxiv,0.05,68,-0.009670060099100078,-0.003111705632145245,0.012940596638391977,0.6470588235294118,"quadratic-model non-additivity; conditional association, not causal synergy"
metric/the_pile_wikipedia_en_val_loss,pile_cc,wikipedia_en,pubmed_central,0.05,68,0.007565584467981978,0.0025884809612231052,0.010526795893809116,0.7352941176470589,"quadratic-model non-additivity; conditional association, not causal synergy"
metric/the_pile_wikipedia_en_val_loss,pile_cc,uspto_backgrounds,freelaw,0.05,68,0.0076356972340949104,0.0013424149692538023,0.009429802611614205,0.7205882352941176,"quadratic-model non-additivity; conditional association, not causal synergy"
metric/the_pile_wikipedia_en_val_loss,pile_cc,uspto_backgrounds,stackexchange,0.05,68,-0.010041081962011027,-0.0014997791134274685,0.021830713716553964,0.5735294117647058,"quadratic-model non-additivity; conditional association, not causal synergy"
metric/the_pile_wikipedia_en_val_loss,pile_cc,uspto_backgrounds,github,0.05,68,-0.005489434961114955,-0.0006433316255831656,0.020385210597446638,0.5588235294117647,"quadratic-model non-additivity; conditional association, not causal synergy"
metric/the_pile_wikipedia_en_val_loss,pile_cc,uspto_backgrounds,arxiv,0.05,68,0.0076503159945194785,0.0021697691646900275,0.011725465923240955,0.6764705882352942,"quadratic-model non-additivity; conditional association, not causal synergy"
metric/the_pile_wikipedia_en_val_loss,pile_cc,uspto_backgrounds,pubmed_central,0.05,68,0.0034197742250908574,0.0006150291274873432,0.011154910194815078,0.6029411764705882,"quadratic-model non-additivity; conditional association, not causal synergy"
metric/the_pile_wikipedia_en_val_loss,pile_cc,freelaw,stackexchange,0.05,68,0.011340193420893612,0.005409709906055049,0.012223151183637612,0.9705882352941176,"quadratic-model non-additivity; conditional association, not causal synergy"
metric/the_pile_wikipedia_en_val_loss,pile_cc,freelaw,github,0.05,68,-0.007305321609533879,-0.005242491297530627,0.02269595470502697,0.6470588235294118,"quadratic-model non-additivity; conditional association, not causal synergy"
metric/the_pile_wikipedia_en_val_loss,pile_cc,freelaw,arxiv,0.05,68,-0.012449589846004324,-0.004105898077676251,0.026821866809701386,0.6029411764705882,"quadratic-model non-additivity; conditional association, not causal synergy"
metric/the_pile_wikipedia_en_val_loss,pile_cc,freelaw,pubmed_central,0.05,68,-0.012291992893957274,-0.0029857205707020107,0.023758830322961222,0.6764705882352942,"quadratic-model non-additivity; conditional association, not causal synergy"
metric/the_pile_wikipedia_en_val_loss,pile_cc,stackexchange,github,0.05,68,0.0002850563609164822,0.0003085352138074704,0.016752220554154165,0.5147058823529411,"quadratic-model non-additivity; conditional association, not causal synergy"
metric/the_pile_wikipedia_en_val_loss,pile_cc,stackexchange,arxiv,0.05,68,-0.0028765373598958967,-0.00015452590809106326,0.018893263751573113,0.5294117647058824,"quadratic-model non-additivity; conditional association, not causal synergy"
metric/the_pile_wikipedia_en_val_loss,pile_cc,stackexchange,pubmed_central,0.05,68,-0.011343524919759776,-0.00146561665671463,0.022797580642409193,0.6176470588235294,"quadratic-model non-additivity; conditional association, not causal synergy"
metric/the_pile_wikipedia_en_val_loss,pile_cc,github,arxiv,0.05,68,-0.014310123905110805,-0.001748466388739267,0.030055862579339048,0.5441176470588235,"quadratic-model non-additivity; conditional association, not causal synergy"
metric/the_pile_wikipedia_en_val_loss,pile_cc,github,pubmed_central,0.05,68,-0.020210275248127397,-0.004306104196017291,0.03179588292308282,0.6617647058823529,"quadratic-model non-additivity; conditional association, not causal synergy"
metric/the_pile_wikipedia_en_val_loss,pile_cc,arxiv,pubmed_central,0.05,68,-0.011818529997791786,-0.0010710032704959183,0.02504708795053449,0.5735294117647058,"quadratic-model non-additivity; conditional association, not causal synergy"
metric/the_pile_dm_mathematics_val_loss,wikipedia_en,uspto_backgrounds,freelaw,0.05,49,-0.043156582728889135,-0.02034316756018062,0.043156582728889135,1.0,"quadratic-model non-additivity; conditional association, not causal synergy"
metric/the_pile_dm_mathematics_val_loss,wikipedia_en,uspto_backgrounds,stackexchange,0.05,49,-0.055069278828881046,-0.020891211824719313,0.055069278828881046,1.0,"quadratic-model non-additivity; conditional association, not causal synergy"
metric/the_pile_dm_mathematics_val_loss,wikipedia_en,uspto_backgrounds,github,0.05,49,-0.04818778352446515,-0.02632401667885631,0.04835408200796471,0.9795918367346939,"quadratic-model non-additivity; conditional association, not causal synergy"
metric/the_pile_dm_mathematics_val_loss,wikipedia_en,uspto_backgrounds,arxiv,0.05,49,-0.025386791171862794,-0.009331138959632668,0.025386791171862794,1.0,"quadratic-model non-additivity; conditional association, not causal synergy"
metric/the_pile_dm_mathematics_val_loss,wikipedia_en,uspto_backgrounds,pubmed_central,0.05,49,-0.05068024698377393,-0.024200493375608367,0.05068024698377393,1.0,"quadratic-model non-additivity; conditional association, not causal synergy"
metric/the_pile_dm_mathematics_val_loss,wikipedia_en,uspto_backgrounds,pile_cc,0.05,49,-0.032453294549784066,-0.011997470248480857,0.03248565230088152,0.9795918367346939,"quadratic-model non-additivity; conditional association, not causal synergy"
metric/the_pile_dm_mathematics_val_loss,wikipedia_en,freelaw,stackexchange,0.05,49,-0.024259475349949048,-0.011033630234216218,0.025433941141202177,0.9591836734693877,"quadratic-model non-additivity; conditional association, not causal synergy"
metric/the_pile_dm_mathematics_val_loss,wikipedia_en,freelaw,github,0.05,49,-0.04363987807161995,-0.021240119832377502,0.04429441716115695,0.9795918367346939,"quadratic-model non-additivity; conditional association, not causal synergy"
metric/the_pile_dm_mathematics_val_loss,wikipedia_en,freelaw,arxiv,0.05,49,-0.076401917226376,-0.030857972922626153,0.076401917226376,1.0,"quadratic-model non-additivity; conditional association, not causal synergy"
metric/the_pile_dm_mathematics_val_loss,wikipedia_en,freelaw,pubmed_central,0.05,49,-0.11531469366546451,-0.034331739148823814,0.11533397011823253,0.9795918367346939,"quadratic-model non-additivity; conditional association, not causal synergy"
metric/the_pile_dm_mathematics_val_loss,wikipedia_en,freelaw,pile_cc,0.05,49,-0.054052137314136856,-0.02214490041614514,0.05494050314759103,0.9795918367346939,"quadratic-model non-additivity; conditional association, not causal synergy"
metric/the_pile_dm_mathematics_val_loss,wikipedia_en,stackexchange,github,0.05,49,-0.007109747184112895,-0.0013306832690780368,0.009554233010558738,0.7551020408163265,"quadratic-model non-additivity; conditional association, not causal synergy"
metric/the_pile_dm_mathematics_val_loss,wikipedia_en,stackexchange,arxiv,0.05,49,-0.04126352008449266,-0.016418619276450386,0.04239261544916548,0.9591836734693877,"quadratic-model non-additivity; conditional association, not causal synergy"
metric/the_pile_dm_mathematics_val_loss,wikipedia_en,stackexchange,pubmed_central,0.05,49,-0.04679224110308204,-0.021620916723664507,0.04789592617513136,0.9591836734693877,"quadratic-model non-additivity; conditional association, not causal synergy"
metric/the_pile_dm_mathematics_val_loss,wikipedia_en,stackexchange,pile_cc,0.05,49,-0.04948011244806115,-0.02457567152628748,0.05095280928359177,0.9591836734693877,"quadratic-model non-additivity; conditional association, not causal synergy"
metric/the_pile_dm_mathematics_val_loss,wikipedia_en,github,arxiv,0.05,49,-0.041575785767098125,-0.01435909474695407,0.0431689698292756,0.9591836734693877,"quadratic-model non-additivity; conditional association, not causal synergy"
metric/the_pile_dm_mathematics_val_loss,wikipedia_en,github,pubmed_central,0.05,49,-0.043355493937051674,-0.018513467417744067,0.044947827245660786,0.9591836734693877,"quadratic-model non-additivity; conditional association, not causal synergy"
metric/the_pile_dm_mathematics_val_loss,wikipedia_en,github,pile_cc,0.05,49,-0.05060467991622681,-0.01580491224721059,0.05251141344805563,0.8979591836734694,"quadratic-model non-additivity; conditional association, not causal synergy"
metric/the_pile_dm_mathematics_val_loss,wikipedia_en,arxiv,pubmed_central,0.05,49,-0.04855226767921653,-0.023593637195028272,0.049685130340523936,0.9591836734693877,"quadratic-model non-additivity; conditional association, not causal synergy"
metric/the_pile_dm_mathematics_val_loss,wikipedia_en,arxiv,pile_cc,0.05,49,-0.03858249917566617,-0.013648330109435003,0.04028756701645087,0.9183673469387755,"quadratic-model non-additivity; conditional association, not causal synergy"
metric/the_pile_dm_mathematics_val_loss,wikipedia_en,pubmed_central,pile_cc,0.05,49,-0.040298397784536574,-0.01556780447250894,0.04193912672633218,0.9387755102040817,"quadratic-model non-additivity; conditional association, not causal synergy"
metric/the_pile_dm_mathematics_val_loss,uspto_backgrounds,wikipedia_en,freelaw,0.05,59,-0.030522426986651526,-0.0130367228475885,0.030522426986651526,1.0,"quadratic-model non-additivity; conditional association, not causal synergy"
metric/the_pile_dm_mathematics_val_loss,uspto_backgrounds,wikipedia_en,stackexchange,0.05,59,-0.019054314699384373,-0.003398564396046133,0.022085803243915167,0.7457627118644068,"quadratic-model non-additivity; conditional association, not causal synergy"
metric/the_pile_dm_mathematics_val_loss,uspto_backgrounds,wikipedia_en,github,0.05,59,-0.06801625504515452,-0.03188202768382009,0.06801625504515452,1.0,"quadratic-model non-additivity; conditional association, not causal synergy"
metric/the_pile_dm_mathematics_val_loss,uspto_backgrounds,wikipedia_en,arxiv,0.05,59,-0.04898575622965803,-0.018332122765219117,0.04898575622965803,1.0,"quadratic-model non-additivity; conditional association, not causal synergy"
metric/the_pile_dm_mathematics_val_loss,uspto_backgrounds,wikipedia_en,pubmed_central,0.05,59,-0.03594942708776226,-0.016501392013663185,0.03594942708776226,1.0,"quadratic-model non-additivity; conditional association, not causal synergy"
metric/the_pile_dm_mathematics_val_loss,uspto_backgrounds,wikipedia_en,pile_cc,0.05,59,-0.10552832316266898,-0.05688380962320405,0.10552832316266898,1.0,"quadratic-model non-additivity; conditional association, not causal synergy"
metric/the_pile_dm_mathematics_val_loss,uspto_backgrounds,freelaw,stackexchange,0.05,59,-0.01851382212592996,-0.005674527662818285,0.020199423288200055,0.8135593220338984,"quadratic-model non-additivity; conditional association, not causal synergy"
metric/the_pile_dm_mathematics_val_loss,uspto_backgrounds,freelaw,github,0.05,59,-0.043214593659668586,-0.021593113272379227,0.043743934584373215,0.9661016949152542,"quadratic-model non-additivity; conditional association, not causal synergy"
metric/the_pile_dm_mathematics_val_loss,uspto_backgrounds,freelaw,arxiv,0.05,59,-0.08516677423037837,-0.04407301993627444,0.08516677423037837,1.0,"quadratic-model non-additivity; conditional association, not causal synergy"
metric/the_pile_dm_mathematics_val_loss,uspto_backgrounds,freelaw,pubmed_central,0.05,59,-0.0922138282978324,-0.018580628039705616,0.09320548559045265,0.9322033898305084,"quadratic-model non-additivity; conditional association, not causal synergy"
metric/the_pile_dm_mathematics_val_loss,uspto_backgrounds,freelaw,pile_cc,0.05,59,-0.06173375694645937,-0.019853067100806587,0.06258062909822347,0.9322033898305084,"quadratic-model non-additivity; conditional association, not causal synergy"
metric/the_pile_dm_mathematics_val_loss,uspto_backgrounds,stackexchange,github,0.05,59,-0.00854071670584203,0.0007476649366449095,0.014064176243179615,0.6101694915254238,"quadratic-model non-additivity; conditional association, not causal synergy"
metric/the_pile_dm_mathematics_val_loss,uspto_backgrounds,stackexchange,arxiv,0.05,59,-0.041838226936500994,-0.01664584628303345,0.04193787970258699,0.9661016949152542,"quadratic-model non-additivity; conditional association, not causal synergy"
metric/the_pile_dm_mathematics_val_loss,uspto_backgrounds,stackexchange,pubmed_central,0.05,59,-0.04047362458822628,-0.012321864150135475,0.04206466878268651,0.9152542372881356,"quadratic-model non-additivity; conditional association, not causal synergy"
metric/the_pile_dm_mathematics_val_loss,uspto_backgrounds,stackexchange,pile_cc,0.05,59,-0.05069773421119968,-0.014388674794246992,0.05220827204756936,0.9322033898305084,"quadratic-model non-additivity; conditional association, not causal synergy"
metric/the_pile_dm_mathematics_val_loss,uspto_backgrounds,github,arxiv,0.05,59,-0.040612999893531364,-0.01644339670123074,0.040871549803220816,0.9830508474576272,"quadratic-model non-additivity; conditional association, not causal synergy"
metric/the_pile_dm_mathematics_val_loss,uspto_backgrounds,github,pubmed_central,0.05,59,-0.04525046406275664,-0.017827082259988636,0.04730566948872071,0.8813559322033898,"quadratic-model non-additivity; conditional association, not causal synergy"
metric/the_pile_dm_mathematics_val_loss,uspto_backgrounds,github,pile_cc,0.05,59,-0.048502438062935575,-0.017202016108069706,0.05023081198321952,0.9322033898305084,"quadratic-model non-additivity; conditional association, not causal synergy"
metric/the_pile_dm_mathematics_val_loss,uspto_backgrounds,arxiv,pubmed_central,0.05,59,-0.051865965923565856,-0.01874371646450612,0.05222518159406272,0.9661016949152542,"quadratic-model non-additivity; conditional association, not causal synergy"
metric/the_pile_dm_mathematics_val_loss,uspto_backgrounds,arxiv,pile_cc,0.05,59,-0.044798221555496266,-0.0167933905909039,0.04505703075689995,0.9661016949152542,"quadratic-model non-additivity; conditional association, not causal synergy"
metric/the_pile_dm_mathematics_val_loss,uspto_backgrounds,pubmed_central,pile_cc,0.05,59,-0.06027181098294924,-0.01586164101738241,0.06077652668016865,0.9322033898305084,"quadratic-model non-additivity; conditional association, not causal synergy"
metric/the_pile_dm_mathematics_val_loss,freelaw,wikipedia_en,uspto_backgrounds,0.05,47,0.04759160379278289,0.015358306363109975,0.06950367840960164,0.7446808510638298,"quadratic-model non-additivity; conditional association, not causal synergy"
metric/the_pile_dm_mathematics_val_loss,freelaw,wikipedia_en,stackexchange,0.05,47,-0.014349992595025712,-0.002212490461755756,0.0192185121024523,0.6595744680851063,"quadratic-model non-additivity; conditional association, not causal synergy"
metric/the_pile_dm_mathematics_val_loss,freelaw,wikipedia_en,github,0.05,47,-0.059670390948225044,-0.033651562346749486,0.059670390948225044,1.0,"quadratic-model non-additivity; conditional association, not causal synergy"
metric/the_pile_dm_mathematics_val_loss,freelaw,wikipedia_en,arxiv,0.05,47,-0.0308395389431741,-0.015025608063766072,0.03102573472540566,0.9574468085106383,"quadratic-model non-additivity; conditional association, not causal synergy"
metric/the_pile_dm_mathematics_val_loss,freelaw,wikipedia_en,pubmed_central,0.05,47,-0.024303429177682433,-0.013343122341421765,0.027184973273366088,0.9361702127659575,"quadratic-model non-additivity; conditional association, not causal synergy"
metric/the_pile_dm_mathematics_val_loss,freelaw,wikipedia_en,pile_cc,0.05,47,-0.11004049150097545,-0.067915134391209,0.11004049150097545,1.0,"quadratic-model non-additivity; conditional association, not causal synergy"
metric/the_pile_dm_mathematics_val_loss,freelaw,uspto_backgrounds,stackexchange,0.05,47,-0.038859015934662254,-0.02225315214982526,0.038859015934662254,1.0,"quadratic-model non-additivity; conditional association, not causal synergy"
metric/the_pile_dm_mathematics_val_loss,freelaw,uspto_backgrounds,github,0.05,47,-0.036170054669726684,-0.015449213602067857,0.036170054669726684,1.0,"quadratic-model non-additivity; conditional association, not causal synergy"
metric/the_pile_dm_mathematics_val_loss,freelaw,uspto_backgrounds,arxiv,0.05,47,-0.009209982230697017,-0.0028376791862614326,0.011636004845923982,0.7872340425531915,"quadratic-model non-additivity; conditional association, not causal synergy"
metric/the_pile_dm_mathematics_val_loss,freelaw,uspto_backgrounds,pubmed_central,0.05,47,-0.030334278572392116,-0.008818543201799756,0.030867058375296637,0.9148936170212766,"quadratic-model non-additivity; conditional association, not causal synergy"
metric/the_pile_dm_mathematics_val_loss,freelaw,uspto_backgrounds,pile_cc,0.05,47,-0.022577278834680425,-0.011131020399519631,0.02343186768043379,0.8936170212765957,"quadratic-model non-additivity; conditional association, not causal synergy"
metric/the_pile_dm_mathematics_val_loss,freelaw,stackexchange,github,0.05,47,-0.012000672923842002,-0.0031517758425341214,0.012257645584292012,0.8723404255319149,"quadratic-model non-additivity; conditional association, not causal synergy"
metric/the_pile_dm_mathematics_val_loss,freelaw,stackexchange,arxiv,0.05,47,-0.0421485148414293,-0.01640336299736056,0.042175150455899674,0.9787234042553191,"quadratic-model non-additivity; conditional association, not causal synergy"
metric/the_pile_dm_mathematics_val_loss,freelaw,stackexchange,pubmed_central,0.05,47,-0.046340889631064267,-0.017489063512433844,0.04956084818151916,0.9574468085106383,"quadratic-model non-additivity; conditional association, not causal synergy"
metric/the_pile_dm_mathematics_val_loss,freelaw,stackexchange,pile_cc,0.05,47,-0.057751800373521484,-0.025340779998480834,0.057751800373521484,1.0,"quadratic-model non-additivity; conditional association, not causal synergy"
metric/the_pile_dm_mathematics_val_loss,freelaw,github,arxiv,0.05,47,-0.03465683290606196,-0.01126922872149727,0.03514573787053879,0.9148936170212766,"quadratic-model non-additivity; conditional association, not causal synergy"
metric/the_pile_dm_mathematics_val_loss,freelaw,github,pubmed_central,0.05,47,-0.04985437044474907,-0.02219284200238425,0.04990737201904383,0.9787234042553191,"quadratic-model non-additivity; conditional association, not causal synergy"
metric/the_pile_dm_mathematics_val_loss,freelaw,github,pile_cc,0.05,47,-0.059946463316300394,-0.015553363071168391,0.06064349417754039,0.9574468085106383,"quadratic-model non-additivity; conditional association, not causal synergy"
metric/the_pile_dm_mathematics_val_loss,freelaw,arxiv,pubmed_central,0.05,47,-0.03318995328676076,-0.010685310132952708,0.03687557962143753,0.9574468085106383,"quadratic-model non-additivity; conditional association, not causal synergy"
metric/the_pile_dm_mathematics_val_loss,freelaw,arxiv,pile_cc,0.05,47,-0.04275572623767655,-0.016615656058846406,0.04322020893507403,0.8936170212765957,"quadratic-model non-additivity; conditional association, not causal synergy"
metric/the_pile_dm_mathematics_val_loss,freelaw,pubmed_central,pile_cc,0.05,47,-0.04880375189522846,-0.020003603139178372,0.05217093086558855,0.8936170212765957,"quadratic-model non-additivity; conditional association, not causal synergy"
metric/the_pile_dm_mathematics_val_loss,stackexchange,wikipedia_en,uspto_backgrounds,0.05,72,0.08197269263923244,0.035880393500251184,0.0861571583717083,0.7916666666666666,"quadratic-model non-additivity; conditional association, not causal synergy"
metric/the_pile_dm_mathematics_val_loss,stackexchange,wikipedia_en,freelaw,0.05,72,-0.013445100404366658,-0.006749037344907838,0.01390335948584609,0.9583333333333334,"quadratic-model non-additivity; conditional association, not causal synergy"
metric/the_pile_dm_mathematics_val_loss,stackexchange,wikipedia_en,github,0.05,72,-0.052367043023575026,-0.02187863024103054,0.052367043023575026,1.0,"quadratic-model non-additivity; conditional association, not causal synergy"
metric/the_pile_dm_mathematics_val_loss,stackexchange,wikipedia_en,arxiv,0.05,72,-0.02039559498561618,-0.009861658103634596,0.02161223514607301,0.9166666666666666,"quadratic-model non-additivity; conditional association, not causal synergy"
metric/the_pile_dm_mathematics_val_loss,stackexchange,wikipedia_en,pubmed_central,0.05,72,-0.017261126708150904,-0.008698586180490686,0.018005621038968394,0.9027777777777778,"quadratic-model non-additivity; conditional association, not causal synergy"
metric/the_pile_dm_mathematics_val_loss,stackexchange,wikipedia_en,pile_cc,0.05,72,-0.07988019362584527,-0.03721578297872785,0.07994396287633491,0.9861111111111112,"quadratic-model non-additivity; conditional association, not causal synergy"
metric/the_pile_dm_mathematics_val_loss,stackexchange,uspto_backgrounds,freelaw,0.05,72,-0.024872439388923633,-0.01147400486782768,0.02600472923951262,0.9166666666666666,"quadratic-model non-additivity; conditional association, not causal synergy"
metric/the_pile_dm_mathematics_val_loss,stackexchange,uspto_backgrounds,github,0.05,72,-0.02896538238018804,-0.011902114939476238,0.03005160826625814,0.9583333333333334,"quadratic-model non-additivity; conditional association, not causal synergy"
metric/the_pile_dm_mathematics_val_loss,stackexchange,uspto_backgrounds,arxiv,0.05,72,-0.0008440416048661963,-0.0014358338791415903,0.00693578108059935,0.7083333333333334,"quadratic-model non-additivity; conditional association, not causal synergy"
metric/the_pile_dm_mathematics_val_loss,stackexchange,uspto_backgrounds,pubmed_central,0.05,72,-0.026125503392180328,-0.006292161570111254,0.02917917160971823,0.8888888888888888,"quadratic-model non-additivity; conditional association, not causal synergy"
metric/the_pile_dm_mathematics_val_loss,stackexchange,uspto_backgrounds,pile_cc,0.05,72,-0.012576207289431485,-0.004712031594871879,0.017496996371427147,0.7638888888888888,"quadratic-model non-additivity; conditional association, not causal synergy"
metric/the_pile_dm_mathematics_val_loss,stackexchange,freelaw,github,0.05,72,-0.045700100181105485,-0.026227893180918338,0.04578882736011965,0.9722222222222222,"quadratic-model non-additivity; conditional association, not causal synergy"
metric/the_pile_dm_mathematics_val_loss,stackexchange,freelaw,arxiv,0.05,72,-0.06918267579179918,-0.021052783299571054,0.07009571535675908,0.9444444444444444,"quadratic-model non-additivity; conditional association, not causal synergy"
metric/the_pile_dm_mathematics_val_loss,stackexchange,freelaw,pubmed_central,0.05,72,-0.11185879220095504,-0.027315279989687857,0.11305568468531962,0.9166666666666666,"quadratic-model non-additivity; conditional association, not causal synergy"
metric/the_pile_dm_mathematics_val_loss,stackexchange,freelaw,pile_cc,0.05,72,-0.06305814766023804,-0.027477402521789873,0.06368410687510877,0.9444444444444444,"quadratic-model non-additivity; conditional association, not causal synergy"
metric/the_pile_dm_mathematics_val_loss,stackexchange,github,arxiv,0.05,72,-0.027240067294973427,-0.010594548876365906,0.027969625105268084,0.9444444444444444,"quadratic-model non-additivity; conditional association, not causal synergy"
metric/the_pile_dm_mathematics_val_loss,stackexchange,github,pubmed_central,0.05,72,-0.040569219887233485,-0.012681923438995879,0.040809200276813465,0.9583333333333334,"quadratic-model non-additivity; conditional association, not causal synergy"
metric/the_pile_dm_mathematics_val_loss,stackexchange,github,pile_cc,0.05,72,-0.044909525886804254,-0.014118005477079643,0.04601256517011356,0.9722222222222222,"quadratic-model non-additivity; conditional association, not causal synergy"
metric/the_pile_dm_mathematics_val_loss,stackexchange,arxiv,pubmed_central,0.05,72,-0.03889281962285208,-0.009243954712419677,0.040621180951432134,0.9305555555555556,"quadratic-model non-additivity; conditional association, not causal synergy"
metric/the_pile_dm_mathematics_val_loss,stackexchange,arxiv,pile_cc,0.05,72,-0.02795049645983711,-0.007116591072578338,0.03181348316221197,0.8888888888888888,"quadratic-model non-additivity; conditional association, not causal synergy"
metric/the_pile_dm_mathematics_val_loss,stackexchange,pubmed_central,pile_cc,0.05,72,-0.047409829312812526,-0.013269935322297588,0.0518096660787031,0.9027777777777778,"quadratic-model non-additivity; conditional association, not causal synergy"
metric/the_pile_dm_mathematics_val_loss,github,wikipedia_en,uspto_backgrounds,0.05,77,0.08778808623695832,0.03724292361444714,0.09238607952601165,0.7792207792207793,"quadratic-model non-additivity; conditional association, not causal synergy"
metric/the_pile_dm_mathematics_val_loss,github,wikipedia_en,freelaw,0.05,77,-0.012347930542585712,-0.0075639085898711045,0.012680403972416297,0.948051948051948,"quadratic-model non-additivity; conditional association, not causal synergy"
metric/the_pile_dm_mathematics_val_loss,github,wikipedia_en,stackexchange,0.05,77,-0.0038506213744314167,-2.770727774858983e-05,0.013375154831451826,0.5064935064935064,"quadratic-model non-additivity; conditional association, not causal synergy"
metric/the_pile_dm_mathematics_val_loss,github,wikipedia_en,arxiv,0.05,77,-0.028420288977641397,-0.016150686611817733,0.02883934473521266,0.961038961038961,"quadratic-model non-additivity; conditional association, not causal synergy"
metric/the_pile_dm_mathematics_val_loss,github,wikipedia_en,pubmed_central,0.05,77,-0.02045340530871289,-0.012058851624275224,0.020960743741397257,0.974025974025974,"quadratic-model non-additivity; conditional association, not causal synergy"
metric/the_pile_dm_mathematics_val_loss,github,wikipedia_en,pile_cc,0.05,77,-0.10972624302345148,-0.06620252754092704,0.1105941671047063,0.987012987012987,"quadratic-model non-additivity; conditional association, not causal synergy"
metric/the_pile_dm_mathematics_val_loss,github,uspto_backgrounds,freelaw,0.05,77,-0.02792145878539868,-0.017183526130422067,0.02792145878539868,1.0,"quadratic-model non-additivity; conditional association, not causal synergy"
metric/the_pile_dm_mathematics_val_loss,github,uspto_backgrounds,stackexchange,0.05,77,-0.04538727936555336,-0.030445072391853678,0.04538727936555336,1.0,"quadratic-model non-additivity; conditional association, not causal synergy"
metric/the_pile_dm_mathematics_val_loss,github,uspto_backgrounds,arxiv,0.05,77,-0.011598579123516747,-0.004396237257118685,0.011896912578422745,0.987012987012987,"quadratic-model non-additivity; conditional association, not causal synergy"
metric/the_pile_dm_mathematics_val_loss,github,uspto_backgrounds,pubmed_central,0.05,77,-0.029441629598934448,-0.015431657793704368,0.029578557960750824,0.987012987012987,"quadratic-model non-additivity; conditional association, not causal synergy"
metric/the_pile_dm_mathematics_val_loss,github,uspto_backgrounds,pile_cc,0.05,77,-0.0222950386023364,-0.011733696273015681,0.023074203416310682,0.974025974025974,"quadratic-model non-additivity; conditional association, not causal synergy"
metric/the_pile_dm_mathematics_val_loss,github,freelaw,stackexchange,0.05,77,-0.027013634534418015,-0.019375511752317998,0.027013634534418015,1.0,"quadratic-model non-additivity; conditional association, not causal synergy"
metric/the_pile_dm_mathematics_val_loss,github,freelaw,arxiv,0.05,77,-0.08172780184498071,-0.04628083171200181,0.08182634257968462,0.987012987012987,"quadratic-model non-additivity; conditional association, not causal synergy"
metric/the_pile_dm_mathematics_val_loss,github,freelaw,pubmed_central,0.05,77,-0.10360140344635632,-0.03952430194029466,0.10360140344635632,1.0,"quadratic-model non-additivity; conditional association, not causal synergy"
metric/the_pile_dm_mathematics_val_loss,github,freelaw,pile_cc,0.05,77,-0.07600565844257502,-0.03841583239716151,0.07603550771979564,0.987012987012987,"quadratic-model non-additivity; conditional association, not causal synergy"
metric/the_pile_dm_mathematics_val_loss,github,stackexchange,arxiv,0.05,77,-0.04837399208922899,-0.028612800723651022,0.04837399208922899,1.0,"quadratic-model non-additivity; conditional association, not causal synergy"
metric/the_pile_dm_mathematics_val_loss,github,stackexchange,pubmed_central,0.05,77,-0.049033370340626985,-0.027427590243758182,0.049033370340626985,1.0,"quadratic-model non-additivity; conditional association, not causal synergy"
metric/the_pile_dm_mathematics_val_loss,github,stackexchange,pile_cc,0.05,77,-0.06483223145436899,-0.03612869105813443,0.06483223145436899,1.0,"quadratic-model non-additivity; conditional association, not causal synergy"
metric/the_pile_dm_mathematics_val_loss,github,arxiv,pubmed_central,0.05,77,-0.04865663596525891,-0.026579440652162667,0.048891832041822826,0.987012987012987,"quadratic-model non-additivity; conditional association, not causal synergy"
metric/the_pile_dm_mathematics_val_loss,github,arxiv,pile_cc,0.05,77,-0.04595372212636749,-0.024708851472981408,0.046562701644938025,0.974025974025974,"quadratic-model non-additivity; conditional association, not causal synergy"
metric/the_pile_dm_mathematics_val_loss,github,pubmed_central,pile_cc,0.05,77,-0.060931477844560385,-0.02592658555782812,0.061142015685633266,0.974025974025974,"quadratic-model non-additivity; conditional association, not causal synergy"
metric/the_pile_dm_mathematics_val_loss,arxiv,wikipedia_en,uspto_backgrounds,0.05,65,0.08651616201429017,0.03833156083152556,0.10093245848952784,0.7692307692307693,"quadratic-model non-additivity; conditional association, not causal synergy"
metric/the_pile_dm_mathematics_val_loss,arxiv,wikipedia_en,freelaw,0.05,65,-0.011145894881558135,-0.007046339031874016,0.012086114973092907,0.9230769230769231,"quadratic-model non-additivity; conditional association, not causal synergy"
metric/the_pile_dm_mathematics_val_loss,arxiv,wikipedia_en,stackexchange,0.05,65,-0.004068625009238386,-8.646881688445518e-05,0.011530461920229471,0.5230769230769231,"quadratic-model non-additivity; conditional association, not causal synergy"
metric/the_pile_dm_mathematics_val_loss,arxiv,wikipedia_en,github,0.05,65,-0.057188449487906176,-0.031887619108244,0.05721828889371782,0.9846153846153847,"quadratic-model non-additivity; conditional association, not causal synergy"
metric/the_pile_dm_mathematics_val_loss,arxiv,wikipedia_en,pubmed_central,0.05,65,-0.023910756525199355,-0.01531183646226264,0.023983845626540486,0.9692307692307692,"quadratic-model non-additivity; conditional association, not causal synergy"
metric/the_pile_dm_mathematics_val_loss,arxiv,wikipedia_en,pile_cc,0.05,65,-0.0966971314839953,-0.04405689675088009,0.0966971314839953,1.0,"quadratic-model non-additivity; conditional association, not causal synergy"
metric/the_pile_dm_mathematics_val_loss,arxiv,uspto_backgrounds,freelaw,0.05,65,-0.02661263208856684,-0.015500211793203933,0.026976898892825042,0.9538461538461539,"quadratic-model non-additivity; conditional association, not causal synergy"
metric/the_pile_dm_mathematics_val_loss,arxiv,uspto_backgrounds,stackexchange,0.05,65,-0.0351505223880498,-0.019836369257990594,0.0351505223880498,1.0,"quadratic-model non-additivity; conditional association, not causal synergy"
metric/the_pile_dm_mathematics_val_loss,arxiv,uspto_backgrounds,github,0.05,65,-0.03620055348768508,-0.022587608287440553,0.03620055348768508,1.0,"quadratic-model non-additivity; conditional association, not causal synergy"
metric/the_pile_dm_mathematics_val_loss,arxiv,uspto_backgrounds,pubmed_central,0.05,65,-0.03721561809623286,-0.022969804954913187,0.03721561809623286,1.0,"quadratic-model non-additivity; conditional association, not causal synergy"
metric/the_pile_dm_mathematics_val_loss,arxiv,uspto_backgrounds,pile_cc,0.05,65,-0.02557305351968711,-0.018767953420174344,0.02557305351968711,1.0,"quadratic-model non-additivity; conditional association, not causal synergy"
metric/the_pile_dm_mathematics_val_loss,arxiv,freelaw,stackexchange,0.05,65,-0.012520022605425675,-0.006656634988972954,0.014464668885585738,0.8,"quadratic-model non-additivity; conditional association, not causal synergy"
metric/the_pile_dm_mathematics_val_loss,arxiv,freelaw,github,0.05,65,-0.043086404051028475,-0.013598392178530982,0.04348755131814288,0.9230769230769231,"quadratic-model non-additivity; conditional association, not causal synergy"
metric/the_pile_dm_mathematics_val_loss,arxiv,freelaw,pubmed_central,0.05,65,-0.11805725937536694,-0.06143963825827292,0.11817639471916408,0.9846153846153847,"quadratic-model non-additivity; conditional association, not causal synergy"
metric/the_pile_dm_mathematics_val_loss,arxiv,freelaw,pile_cc,0.05,65,-0.07805244433262236,-0.0332614155182922,0.07843079078764467,0.9538461538461539,"quadratic-model non-additivity; conditional association, not causal synergy"
metric/the_pile_dm_mathematics_val_loss,arxiv,stackexchange,github,0.05,65,-0.008675675341421683,-0.00188699455038277,0.009665220648654807,0.6615384615384615,"quadratic-model non-additivity; conditional association, not causal synergy"
metric/the_pile_dm_mathematics_val_loss,arxiv,stackexchange,pubmed_central,0.05,65,-0.04680075961107628,-0.01650235841950698,0.04725001470457814,0.9846153846153847,"quadratic-model non-additivity; conditional association, not causal synergy"
metric/the_pile_dm_mathematics_val_loss,arxiv,stackexchange,pile_cc,0.05,65,-0.04451923917695516,-0.019824473451924618,0.04451923917695516,1.0,"quadratic-model non-additivity; conditional association, not causal synergy"
metric/the_pile_dm_mathematics_val_loss,arxiv,github,pubmed_central,0.05,65,-0.04932857873025526,-0.020451648461153216,0.04937048470126859,0.9692307692307692,"quadratic-model non-additivity; conditional association, not causal synergy"
metric/the_pile_dm_mathematics_val_loss,arxiv,github,pile_cc,0.05,65,-0.051821000744594566,-0.017900511165076072,0.05192166933862469,0.9846153846153847,"quadratic-model non-additivity; conditional association, not causal synergy"
metric/the_pile_dm_mathematics_val_loss,arxiv,pubmed_central,pile_cc,0.05,65,-0.05691400256719001,-0.02896209318248566,0.057032339898968255,0.9846153846153847,"quadratic-model non-additivity; conditional association, not causal synergy"
metric/the_pile_dm_mathematics_val_loss,pubmed_central,wikipedia_en,uspto_backgrounds,0.05,81,0.08154479658145009,0.031119681276778,0.08875661128651299,0.8271604938271605,"quadratic-model non-additivity; conditional association, not causal synergy"
metric/the_pile_dm_mathematics_val_loss,pubmed_central,wikipedia_en,freelaw,0.05,81,-0.0038939348154659863,-0.002981751438205116,0.013868615972156469,0.7530864197530864,"quadratic-model non-additivity; conditional association, not causal synergy"
metric/the_pile_dm_mathematics_val_loss,pubmed_central,wikipedia_en,stackexchange,0.05,81,0.0014380063712116197,0.0008665198121291517,0.013391572119693117,0.5432098765432098,"quadratic-model non-additivity; conditional association, not causal synergy"
metric/the_pile_dm_mathematics_val_loss,pubmed_central,wikipedia_en,github,0.05,81,-0.0502253143276212,-0.018682076949781745,0.056571810194463765,0.9876543209876543,"quadratic-model non-additivity; conditional association, not causal synergy"
metric/the_pile_dm_mathematics_val_loss,pubmed_central,wikipedia_en,arxiv,0.05,81,-0.025234596105171384,-0.0144231779660009,0.03251509044201117,0.9629629629629629,"quadratic-model non-additivity; conditional association, not causal synergy"
metric/the_pile_dm_mathematics_val_loss,pubmed_central,wikipedia_en,pile_cc,0.05,81,-0.07706299727611143,-0.04380745483695492,0.0839422526586561,0.9629629629629629,"quadratic-model non-additivity; conditional association, not causal synergy"
metric/the_pile_dm_mathematics_val_loss,pubmed_central,uspto_backgrounds,freelaw,0.05,81,-0.013994595989929635,-0.007777232998015471,0.023303777903208048,0.8518518518518519,"quadratic-model non-additivity; conditional association, not causal synergy"
metric/the_pile_dm_mathematics_val_loss,pubmed_central,uspto_backgrounds,stackexchange,0.05,81,-0.0293713247729465,-0.01106857635653169,0.036127626271671216,0.9382716049382716,"quadratic-model non-additivity; conditional association, not causal synergy"
metric/the_pile_dm_mathematics_val_loss,pubmed_central,uspto_backgrounds,github,0.05,81,-0.02727723662547696,-0.01181572913284068,0.03424753047475622,0.9382716049382716,"quadratic-model non-additivity; conditional association, not causal synergy"
metric/the_pile_dm_mathematics_val_loss,pubmed_central,uspto_backgrounds,arxiv,0.05,81,-0.004178940653086398,-0.002850884261694109,0.012565359732362768,0.7654320987654321,"quadratic-model non-additivity; conditional association, not causal synergy"
metric/the_pile_dm_mathematics_val_loss,pubmed_central,uspto_backgrounds,pile_cc,0.05,81,-0.020260152231519016,-0.012302147801783292,0.027395338289062567,0.9382716049382716,"quadratic-model non-additivity; conditional association, not causal synergy"
metric/the_pile_dm_mathematics_val_loss,pubmed_central,freelaw,stackexchange,0.05,81,-0.004617584567186256,-0.002891435814963872,0.016193922698614333,0.7283950617283951,"quadratic-model non-additivity; conditional association, not causal synergy"
metric/the_pile_dm_mathematics_val_loss,pubmed_central,freelaw,github,0.05,81,-0.036859426304998,-0.014711653207465147,0.04623580139179212,0.8641975308641975,"quadratic-model non-additivity; conditional association, not causal synergy"
metric/the_pile_dm_mathematics_val_loss,pubmed_central,freelaw,arxiv,0.05,81,-0.06256326232887877,-0.03445987540367601,0.07094116192124092,0.9135802469135802,"quadratic-model non-additivity; conditional association, not causal synergy"
metric/the_pile_dm_mathematics_val_loss,pubmed_central,freelaw,pile_cc,0.05,81,-0.05338090276866256,-0.01958443049086256,0.06257076779043605,0.8641975308641975,"quadratic-model non-additivity; conditional association, not causal synergy"
metric/the_pile_dm_mathematics_val_loss,pubmed_central,stackexchange,github,0.05,81,-0.0009265719178221039,0.00021541856671714044,0.01002508128860024,0.5061728395061729,"quadratic-model non-additivity; conditional association, not causal synergy"
metric/the_pile_dm_mathematics_val_loss,pubmed_central,stackexchange,arxiv,0.05,81,-0.0327035070799091,-0.014611997533513499,0.03997215807712662,0.9506172839506173,"quadratic-model non-additivity; conditional association, not causal synergy"
metric/the_pile_dm_mathematics_val_loss,pubmed_central,stackexchange,pile_cc,0.05,81,-0.04164010758678292,-0.020404661340293506,0.04876893059168754,0.9382716049382716,"quadratic-model non-additivity; conditional association, not causal synergy"
metric/the_pile_dm_mathematics_val_loss,pubmed_central,github,arxiv,0.05,81,-0.03021139968373095,-0.01119057763458109,0.038329150637009445,0.9012345679012346,"quadratic-model non-additivity; conditional association, not causal synergy"
metric/the_pile_dm_mathematics_val_loss,pubmed_central,github,pile_cc,0.05,81,-0.0469497357417114,-0.017491747708473948,0.05460633905480407,0.9382716049382716,"quadratic-model non-additivity; conditional association, not causal synergy"
metric/the_pile_dm_mathematics_val_loss,pubmed_central,arxiv,pile_cc,0.05,81,-0.038242483419209446,-0.019112606670680155,0.04583700171477826,0.9506172839506173,"quadratic-model non-additivity; conditional association, not causal synergy"
metric/the_pile_dm_mathematics_val_loss,pile_cc,wikipedia_en,uspto_backgrounds,0.05,68,0.07084098825982345,0.01745319957000624,0.07903982064525789,0.6911764705882353,"quadratic-model non-additivity; conditional association, not causal synergy"
metric/the_pile_dm_mathematics_val_loss,pile_cc,wikipedia_en,freelaw,0.05,68,-0.006517348283488198,-0.0037361745979795913,0.010920905624154053,0.7647058823529411,"quadratic-model non-additivity; conditional association, not causal synergy"
metric/the_pile_dm_mathematics_val_loss,pile_cc,wikipedia_en,stackexchange,0.05,68,0.002094212018290174,0.002499188821036835,0.012550033765462612,0.6764705882352942,"quadratic-model non-additivity; conditional association, not causal synergy"
metric/the_pile_dm_mathematics_val_loss,pile_cc,wikipedia_en,github,0.05,68,-0.04666035317147173,-0.022176280886817556,0.049284179606387465,0.9411764705882353,"quadratic-model non-additivity; conditional association, not causal synergy"
metric/the_pile_dm_mathematics_val_loss,pile_cc,wikipedia_en,arxiv,0.05,68,-0.02234659993434603,-0.009751769281986289,0.0254816998042299,0.9117647058823529,"quadratic-model non-additivity; conditional association, not causal synergy"
metric/the_pile_dm_mathematics_val_loss,pile_cc,wikipedia_en,pubmed_central,0.05,68,-0.016320045791876833,-0.006165279964970183,0.019964696384508027,0.7794117647058824,"quadratic-model non-additivity; conditional association, not causal synergy"
metric/the_pile_dm_mathematics_val_loss,pile_cc,uspto_backgrounds,freelaw,0.05,68,-0.02747629251661796,-0.011819582879444068,0.029570870918846706,0.9264705882352942,"quadratic-model non-additivity; conditional association, not causal synergy"
metric/the_pile_dm_mathematics_val_loss,pile_cc,uspto_backgrounds,stackexchange,0.05,68,-0.03308392173044197,-0.011336020749162623,0.03472271601220021,0.9705882352941176,"quadratic-model non-additivity; conditional association, not causal synergy"
metric/the_pile_dm_mathematics_val_loss,pile_cc,uspto_backgrounds,github,0.05,68,-0.031869131351994165,-0.011433094222258466,0.03367320096393192,0.9558823529411765,"quadratic-model non-additivity; conditional association, not causal synergy"
metric/the_pile_dm_mathematics_val_loss,pile_cc,uspto_backgrounds,arxiv,0.05,68,-0.010928985679893526,-0.004590032801978339,0.01350285290493897,0.9264705882352942,"quadratic-model non-additivity; conditional association, not causal synergy"
metric/the_pile_dm_mathematics_val_loss,pile_cc,uspto_backgrounds,pubmed_central,0.05,68,-0.0383368469012403,-0.01576407766519583,0.0402759012824728,0.9558823529411765,"quadratic-model non-additivity; conditional association, not causal synergy"
metric/the_pile_dm_mathematics_val_loss,pile_cc,freelaw,stackexchange,0.05,68,-0.01647952053246522,-0.006954408537264811,0.019184771890238622,0.8529411764705882,"quadratic-model non-additivity; conditional association, not causal synergy"
metric/the_pile_dm_mathematics_val_loss,pile_cc,freelaw,github,0.05,68,-0.041666156333218414,-0.02733003634541742,0.04350291874828858,0.9705882352941176,"quadratic-model non-additivity; conditional association, not causal synergy"
metric/the_pile_dm_mathematics_val_loss,pile_cc,freelaw,arxiv,0.05,68,-0.07830947528552089,-0.035333857402039204,0.07977681099172328,0.9852941176470589,"quadratic-model non-additivity; conditional association, not causal synergy"
metric/the_pile_dm_mathematics_val_loss,pile_cc,freelaw,pubmed_central,0.05,68,-0.10334649388027087,-0.030326668382161914,0.10518181407186854,0.9705882352941176,"quadratic-model non-additivity; conditional association, not causal synergy"
metric/the_pile_dm_mathematics_val_loss,pile_cc,stackexchange,github,0.05,68,-0.004727560238589292,0.0009054435326025789,0.009997327684557996,0.5441176470588235,"quadratic-model non-additivity; conditional association, not causal synergy"
metric/the_pile_dm_mathematics_val_loss,pile_cc,stackexchange,arxiv,0.05,68,-0.037786836162878534,-0.015448931596088622,0.039854900518108645,0.9705882352941176,"quadratic-model non-additivity; conditional association, not causal synergy"
metric/the_pile_dm_mathematics_val_loss,pile_cc,stackexchange,pubmed_central,0.05,68,-0.05176399455497605,-0.015758768023070857,0.05321826933370841,0.9852941176470589,"quadratic-model non-additivity; conditional association, not causal synergy"
metric/the_pile_dm_mathematics_val_loss,pile_cc,github,arxiv,0.05,68,-0.043955945332700364,-0.01982434465083538,0.045993077101261874,0.9705882352941176,"quadratic-model non-additivity; conditional association, not causal synergy"
metric/the_pile_dm_mathematics_val_loss,pile_cc,github,pubmed_central,0.05,68,-0.05321321814720975,-0.019350052009114105,0.05466484428598775,0.9705882352941176,"quadratic-model non-additivity; conditional association, not causal synergy"
metric/the_pile_dm_mathematics_val_loss,pile_cc,arxiv,pubmed_central,0.05,68,-0.0495878716197698,-0.0172371488218368,0.051715706782562494,0.9705882352941176,"quadratic-model non-additivity; conditional association, not causal synergy"
metric/the_pile_github_val_loss,wikipedia_en,uspto_backgrounds,freelaw,0.05,49,-0.02877986274482932,-0.016677969663181358,0.02877986274482932,1.0,"quadratic-model non-additivity; conditional association, not causal synergy"
metric/the_pile_github_val_loss,wikipedia_en,uspto_backgrounds,stackexchange,0.05,49,-0.03687337683740583,-0.016863273055657935,0.03687337683740583,1.0,"quadratic-model non-additivity; conditional association, not causal synergy"
metric/the_pile_github_val_loss,wikipedia_en,uspto_backgrounds,github,0.05,49,-0.05377756052383231,-0.02883992105368005,0.053995015381195305,0.9795918367346939,"quadratic-model non-additivity; conditional association, not causal synergy"
metric/the_pile_github_val_loss,wikipedia_en,uspto_backgrounds,arxiv,0.05,49,-0.031234993738188565,-0.013641333661750465,0.031234993738188565,1.0,"quadratic-model non-additivity; conditional association, not causal synergy"
metric/the_pile_github_val_loss,wikipedia_en,uspto_backgrounds,pubmed_central,0.05,49,-0.02137580286806188,-0.008830074485953965,0.02137580286806188,1.0,"quadratic-model non-additivity; conditional association, not causal synergy"
metric/the_pile_github_val_loss,wikipedia_en,uspto_backgrounds,pile_cc,0.05,49,-0.017287849703147676,-0.008040256501452347,0.01807486274475059,0.9795918367346939,"quadratic-model non-additivity; conditional association, not causal synergy"
metric/the_pile_github_val_loss,wikipedia_en,freelaw,stackexchange,0.05,49,-0.01865457639530816,-0.009990513589699823,0.01865457639530816,1.0,"quadratic-model non-additivity; conditional association, not causal synergy"
metric/the_pile_github_val_loss,wikipedia_en,freelaw,github,0.05,49,-0.016894543763006916,-0.00914601849882235,0.016894543763006916,1.0,"quadratic-model non-additivity; conditional association, not causal synergy"
metric/the_pile_github_val_loss,wikipedia_en,freelaw,arxiv,0.05,49,-0.03719650327133734,-0.012109252436629525,0.03719650327133734,1.0,"quadratic-model non-additivity; conditional association, not causal synergy"
metric/the_pile_github_val_loss,wikipedia_en,freelaw,pubmed_central,0.05,49,-0.04961826887616994,-0.014986187184291566,0.049635634072770746,0.9795918367346939,"quadratic-model non-additivity; conditional association, not causal synergy"
metric/the_pile_github_val_loss,wikipedia_en,freelaw,pile_cc,0.05,49,-0.038159496086872025,-0.014674464092798267,0.038159496086872025,1.0,"quadratic-model non-additivity; conditional association, not causal synergy"
metric/the_pile_github_val_loss,wikipedia_en,stackexchange,github,0.05,49,0.23215203674343443,0.06847726126169551,0.23412387413440378,0.8979591836734694,"quadratic-model non-additivity; conditional association, not causal synergy"
metric/the_pile_github_val_loss,wikipedia_en,stackexchange,arxiv,0.05,49,-0.011167036168320156,-0.004996573906100643,0.011603160909814935,0.9591836734693877,"quadratic-model non-additivity; conditional association, not causal synergy"
metric/the_pile_github_val_loss,wikipedia_en,stackexchange,pubmed_central,0.05,49,-0.041820743953450756,-0.015903657401246107,0.04218605796853672,0.9591836734693877,"quadratic-model non-additivity; conditional association, not causal synergy"
metric/the_pile_github_val_loss,wikipedia_en,stackexchange,pile_cc,0.05,49,0.002293382463079815,0.001372753518516845,0.005457474429827247,0.6326530612244898,"quadratic-model non-additivity; conditional association, not causal synergy"
metric/the_pile_github_val_loss,wikipedia_en,github,arxiv,0.05,49,-0.021537559291936417,-0.007151305939139263,0.022968307667630666,0.9387755102040817,"quadratic-model non-additivity; conditional association, not causal synergy"
metric/the_pile_github_val_loss,wikipedia_en,github,pubmed_central,0.05,49,-0.05576496533104288,-0.015048119525403969,0.05709200503920631,0.9591836734693877,"quadratic-model non-additivity; conditional association, not causal synergy"
metric/the_pile_github_val_loss,wikipedia_en,github,pile_cc,0.05,49,0.011424687117698482,0.0034833229755082407,0.013278483534697466,0.8367346938775511,"quadratic-model non-additivity; conditional association, not causal synergy"
metric/the_pile_github_val_loss,wikipedia_en,arxiv,pubmed_central,0.05,49,-0.04608146166036298,-0.017283582082015414,0.046430054777575634,0.9591836734693877,"quadratic-model non-additivity; conditional association, not causal synergy"
metric/the_pile_github_val_loss,wikipedia_en,arxiv,pile_cc,0.05,49,-0.03765242011937807,-0.011913448332983911,0.039045320174165093,0.9387755102040817,"quadratic-model non-additivity; conditional association, not causal synergy"
metric/the_pile_github_val_loss,wikipedia_en,pubmed_central,pile_cc,0.05,49,-0.019596694175404026,-0.006765999814594359,0.022482189424166885,0.8367346938775511,"quadratic-model non-additivity; conditional association, not causal synergy"
metric/the_pile_github_val_loss,uspto_backgrounds,wikipedia_en,freelaw,0.05,59,-0.012120783975552942,-0.0028192780015698915,0.012241019860223808,0.8983050847457628,"quadratic-model non-additivity; conditional association, not causal synergy"
metric/the_pile_github_val_loss,uspto_backgrounds,wikipedia_en,stackexchange,0.05,59,-0.01493425267920245,-0.004725122966211082,0.01493425267920245,1.0,"quadratic-model non-additivity; conditional association, not causal synergy"
metric/the_pile_github_val_loss,uspto_backgrounds,wikipedia_en,github,0.05,59,-0.02864472942084739,-0.01502126595340858,0.028693221437517232,0.9322033898305084,"quadratic-model non-additivity; conditional association, not causal synergy"
metric/the_pile_github_val_loss,uspto_backgrounds,wikipedia_en,arxiv,0.05,59,-0.02630162851034283,-0.010052803709439395,0.02630162851034283,1.0,"quadratic-model non-additivity; conditional association, not causal synergy"
metric/the_pile_github_val_loss,uspto_backgrounds,wikipedia_en,pubmed_central,0.05,59,-0.035913418924503226,-0.017790360733751953,0.035913418924503226,1.0,"quadratic-model non-additivity; conditional association, not causal synergy"
metric/the_pile_github_val_loss,uspto_backgrounds,wikipedia_en,pile_cc,0.05,59,-0.050045378425132604,-0.02488263471287855,0.050045378425132604,1.0,"quadratic-model non-additivity; conditional association, not causal synergy"
metric/the_pile_github_val_loss,uspto_backgrounds,freelaw,stackexchange,0.05,59,-0.01786140342059043,-0.005732651426846758,0.017896731598466938,0.9322033898305084,"quadratic-model non-additivity; conditional association, not causal synergy"
metric/the_pile_github_val_loss,uspto_backgrounds,freelaw,github,0.05,59,-0.015780113185739766,-0.007796148134794123,0.016128847024610194,0.8983050847457628,"quadratic-model non-additivity; conditional association, not causal synergy"
metric/the_pile_github_val_loss,uspto_backgrounds,freelaw,arxiv,0.05,59,-0.040737738122002515,-0.01720965854119072,0.040737738122002515,1.0,"quadratic-model non-additivity; conditional association, not causal synergy"
metric/the_pile_github_val_loss,uspto_backgrounds,freelaw,pubmed_central,0.05,59,-0.043681548422326466,-0.009695031355256845,0.043681548422326466,1.0,"quadratic-model non-additivity; conditional association, not causal synergy"
metric/the_pile_github_val_loss,uspto_backgrounds,freelaw,pile_cc,0.05,59,-0.044498253919322814,-0.01569775438598775,0.044498253919322814,1.0,"quadratic-model non-additivity; conditional association, not causal synergy"
metric/the_pile_github_val_loss,uspto_backgrounds,stackexchange,github,0.05,59,0.22081018648195533,0.052873054876875436,0.2243410242754223,0.8983050847457628,"quadratic-model non-additivity; conditional association, not causal synergy"
metric/the_pile_github_val_loss,uspto_backgrounds,stackexchange,arxiv,0.05,59,-0.011695200480059247,-0.0042126199538348175,0.011943510511102581,0.9322033898305084,"quadratic-model non-additivity; conditional association, not causal synergy"
metric/the_pile_github_val_loss,uspto_backgrounds,stackexchange,pubmed_central,0.05,59,-0.045440890400821006,-0.014457416286004943,0.045440890400821006,1.0,"quadratic-model non-additivity; conditional association, not causal synergy"
metric/the_pile_github_val_loss,uspto_backgrounds,stackexchange,pile_cc,0.05,59,-0.00473174633416611,0.00031820626381051653,0.009762957927496263,0.5423728813559322,"quadratic-model non-additivity; conditional association, not causal synergy"
metric/the_pile_github_val_loss,uspto_backgrounds,github,arxiv,0.05,59,-0.01695896421377361,-0.005027622375094687,0.01767001215146247,0.8813559322033898,"quadratic-model non-additivity; conditional association, not causal synergy"
metric/the_pile_github_val_loss,uspto_backgrounds,github,pubmed_central,0.05,59,-0.05935293835660332,-0.012640458114820063,0.0595015885625452,0.9830508474576272,"quadratic-model non-additivity; conditional association, not causal synergy"
metric/the_pile_github_val_loss,uspto_backgrounds,github,pile_cc,0.05,59,0.001393230662283033,0.001748997379592332,0.011630953380823691,0.6779661016949152,"quadratic-model non-additivity; conditional association, not causal synergy"
metric/the_pile_github_val_loss,uspto_backgrounds,arxiv,pubmed_central,0.05,59,-0.05273302846053734,-0.02038624891410379,0.05280734354486158,0.9830508474576272,"quadratic-model non-additivity; conditional association, not causal synergy"
metric/the_pile_github_val_loss,uspto_backgrounds,arxiv,pile_cc,0.05,59,-0.037566559144973546,-0.01288363847994578,0.037566559144973546,1.0,"quadratic-model non-additivity; conditional association, not causal synergy"
metric/the_pile_github_val_loss,uspto_backgrounds,pubmed_central,pile_cc,0.05,59,-0.036918270542440526,-0.015893170480252294,0.03693680881633678,0.9830508474576272,"quadratic-model non-additivity; conditional association, not causal synergy"
metric/the_pile_github_val_loss,freelaw,wikipedia_en,uspto_backgrounds,0.05,47,0.014662740560896899,0.004488676127865077,0.030430226578919896,0.6170212765957447,"quadratic-model non-additivity; conditional association, not causal synergy"
metric/the_pile_github_val_loss,freelaw,wikipedia_en,stackexchange,0.05,47,-0.013927966028017097,-0.006112345963020793,0.013927966028017097,1.0,"quadratic-model non-additivity; conditional association, not causal synergy"
metric/the_pile_github_val_loss,freelaw,wikipedia_en,github,0.05,47,-0.030747173473434756,-0.01599482937150487,0.030747173473434756,1.0,"quadratic-model non-additivity; conditional association, not causal synergy"
metric/the_pile_github_val_loss,freelaw,wikipedia_en,arxiv,0.05,47,-0.02375646983383915,-0.013325521358441783,0.023790972917922017,0.9787234042553191,"quadratic-model non-additivity; conditional association, not causal synergy"
metric/the_pile_github_val_loss,freelaw,wikipedia_en,pubmed_central,0.05,47,-0.036339028488392766,-0.016703860305027796,0.036339028488392766,1.0,"quadratic-model non-additivity; conditional association, not causal synergy"
metric/the_pile_github_val_loss,freelaw,wikipedia_en,pile_cc,0.05,47,-0.05022229784709858,-0.0341088108230716,0.05022229784709858,1.0,"quadratic-model non-additivity; conditional association, not causal synergy"
metric/the_pile_github_val_loss,freelaw,uspto_backgrounds,stackexchange,0.05,47,-0.030604897587193182,-0.01331129268776099,0.030604897587193182,1.0,"quadratic-model non-additivity; conditional association, not causal synergy"
metric/the_pile_github_val_loss,freelaw,uspto_backgrounds,github,0.05,47,-0.048240311006508094,-0.015942170384676047,0.048240311006508094,1.0,"quadratic-model non-additivity; conditional association, not causal synergy"
metric/the_pile_github_val_loss,freelaw,uspto_backgrounds,arxiv,0.05,47,-0.026791788726882315,-0.010947896372292654,0.026878062923565683,0.9787234042553191,"quadratic-model non-additivity; conditional association, not causal synergy"
metric/the_pile_github_val_loss,freelaw,uspto_backgrounds,pubmed_central,0.05,47,-0.01894699028728078,-0.008340842999220222,0.018980057546625902,0.9574468085106383,"quadratic-model non-additivity; conditional association, not causal synergy"
metric/the_pile_github_val_loss,freelaw,uspto_backgrounds,pile_cc,0.05,47,-0.014371185143062244,-0.007291477531221169,0.014885706123592524,0.8723404255319149,"quadratic-model non-additivity; conditional association, not causal synergy"
metric/the_pile_github_val_loss,freelaw,stackexchange,github,0.05,47,0.22069577630703846,0.04637193252697447,0.22299340709479465,0.8723404255319149,"quadratic-model non-additivity; conditional association, not causal synergy"
metric/the_pile_github_val_loss,freelaw,stackexchange,arxiv,0.05,47,-0.01628247001012409,-0.007185447902114284,0.016299834984690797,0.9787234042553191,"quadratic-model non-additivity; conditional association, not causal synergy"
metric/the_pile_github_val_loss,freelaw,stackexchange,pubmed_central,0.05,47,-0.05399979409474505,-0.018604352760470455,0.05408007411383385,0.9787234042553191,"quadratic-model non-additivity; conditional association, not causal synergy"
metric/the_pile_github_val_loss,freelaw,stackexchange,pile_cc,0.05,47,-0.001109616456312907,0.0008308940578913848,0.006921796229067272,0.6382978723404256,"quadratic-model non-additivity; conditional association, not causal synergy"
metric/the_pile_github_val_loss,freelaw,github,arxiv,0.05,47,-0.024218940689691035,-0.009988766186019404,0.024218940689691035,1.0,"quadratic-model non-additivity; conditional association, not causal synergy"
metric/the_pile_github_val_loss,freelaw,github,pubmed_central,0.05,47,-0.07828087842341051,-0.03875749810405971,0.07828087842341051,1.0,"quadratic-model non-additivity; conditional association, not causal synergy"
metric/the_pile_github_val_loss,freelaw,github,pile_cc,0.05,47,0.005629614351825636,0.002667009556312827,0.01173437991437851,0.7446808510638298,"quadratic-model non-additivity; conditional association, not causal synergy"
metric/the_pile_github_val_loss,freelaw,arxiv,pubmed_central,0.05,47,-0.04587921474489755,-0.021507204284638703,0.045919670302725604,0.9787234042553191,"quadratic-model non-additivity; conditional association, not causal synergy"
metric/the_pile_github_val_loss,freelaw,arxiv,pile_cc,0.05,47,-0.04646776281840644,-0.015882611637818123,0.04646776281840644,1.0,"quadratic-model non-additivity; conditional association, not causal synergy"
metric/the_pile_github_val_loss,freelaw,pubmed_central,pile_cc,0.05,47,-0.029708079765916762,-0.011090408919428363,0.03012746736191352,0.9361702127659575,"quadratic-model non-additivity; conditional association, not causal synergy"
metric/the_pile_github_val_loss,stackexchange,wikipedia_en,uspto_backgrounds,0.05,72,0.06996675655698402,0.04567698596348757,0.07000672961060429,0.9722222222222222,"quadratic-model non-additivity; conditional association, not causal synergy"
metric/the_pile_github_val_loss,stackexchange,wikipedia_en,freelaw,0.05,72,0.034594889644849365,0.006852589668604914,0.03482876418029148,0.9583333333333334,"quadratic-model non-additivity; conditional association, not causal synergy"
metric/the_pile_github_val_loss,stackexchange,wikipedia_en,github,0.05,72,-0.02691658143595092,-0.016064245816122202,0.03325600283850167,0.9027777777777778,"quadratic-model non-additivity; conditional association, not causal synergy"
metric/the_pile_github_val_loss,stackexchange,wikipedia_en,arxiv,0.05,72,0.02099066195332272,0.0020287353666565977,0.037080220412967574,0.6111111111111112,"quadratic-model non-additivity; conditional association, not causal synergy"
metric/the_pile_github_val_loss,stackexchange,wikipedia_en,pubmed_central,0.05,72,0.014509926247482208,0.0011129189836154296,0.043750341849955625,0.5416666666666666,"quadratic-model non-additivity; conditional association, not causal synergy"
metric/the_pile_github_val_loss,stackexchange,wikipedia_en,pile_cc,0.05,72,-0.0035408269341799647,-0.0004963562277189304,0.05193131733985202,0.5138888888888888,"quadratic-model non-additivity; conditional association, not causal synergy"
metric/the_pile_github_val_loss,stackexchange,uspto_backgrounds,freelaw,0.05,72,0.012816598979200448,-0.0013621758788575633,0.046608820245731666,0.5277777777777778,"quadratic-model non-additivity; conditional association, not causal synergy"
metric/the_pile_github_val_loss,stackexchange,uspto_backgrounds,github,0.05,72,-0.04549381294290273,-0.023849023698855554,0.05274045851991952,0.9027777777777778,"quadratic-model non-additivity; conditional association, not causal synergy"
metric/the_pile_github_val_loss,stackexchange,uspto_backgrounds,arxiv,0.05,72,0.01462000254279481,0.0026073427419746054,0.04447192845246705,0.5972222222222222,"quadratic-model non-additivity; conditional association, not causal synergy"
metric/the_pile_github_val_loss,stackexchange,uspto_backgrounds,pubmed_central,0.05,72,0.026449180501747313,0.006161125268710599,0.044613312478301206,0.5972222222222222,"quadratic-model non-additivity; conditional association, not causal synergy"
metric/the_pile_github_val_loss,stackexchange,uspto_backgrounds,pile_cc,0.05,72,0.02279106714221261,0.0023936665617045882,0.04023385089333778,0.5555555555555556,"quadratic-model non-additivity; conditional association, not causal synergy"
metric/the_pile_github_val_loss,stackexchange,freelaw,github,0.05,72,-0.022430657657235026,-0.011100027497065845,0.030018199954723164,0.8888888888888888,"quadratic-model non-additivity; conditional association, not causal synergy"
metric/the_pile_github_val_loss,stackexchange,freelaw,arxiv,0.05,72,-0.0005583176338101952,-0.00039018986445915615,0.05559326014492824,0.5138888888888888,"quadratic-model non-additivity; conditional association, not causal synergy"
metric/the_pile_github_val_loss,stackexchange,freelaw,pubmed_central,0.05,72,-0.010510664173353581,-0.0023179067792833408,0.07143744764603242,0.5555555555555556,"quadratic-model non-additivity; conditional association, not causal synergy"
metric/the_pile_github_val_loss,stackexchange,freelaw,pile_cc,0.05,72,-0.014479428682311593,-0.008939035503911175,0.06394309799401436,0.5833333333333334,"quadratic-model non-additivity; conditional association, not causal synergy"
metric/the_pile_github_val_loss,stackexchange,github,arxiv,0.05,72,-0.021697674120138195,-0.013927161292531132,0.028804613243374418,0.8888888888888888,"quadratic-model non-additivity; conditional association, not causal synergy"
metric/the_pile_github_val_loss,stackexchange,github,pubmed_central,0.05,72,-0.05901574208938386,-0.023290327056570526,0.06645640205178044,0.8472222222222222,"quadratic-model non-additivity; conditional association, not causal synergy"
metric/the_pile_github_val_loss,stackexchange,github,pile_cc,0.05,72,-0.0028288962391705297,-0.001257202979771943,0.01297684377892507,0.6388888888888888,"quadratic-model non-additivity; conditional association, not causal synergy"
metric/the_pile_github_val_loss,stackexchange,arxiv,pubmed_central,0.05,72,-0.009918400866320584,0.0008686607471433128,0.06690055933924498,0.5277777777777778,"quadratic-model non-additivity; conditional association, not causal synergy"
metric/the_pile_github_val_loss,stackexchange,arxiv,pile_cc,0.05,72,-0.001494249242979695,0.00215518905790546,0.053501046885136315,0.5694444444444444,"quadratic-model non-additivity; conditional association, not causal synergy"
metric/the_pile_github_val_loss,stackexchange,pubmed_central,pile_cc,0.05,72,0.007209597830703302,0.002855565110817526,0.05164028396092377,0.5138888888888888,"quadratic-model non-additivity; conditional association, not causal synergy"
metric/the_pile_github_val_loss,github,wikipedia_en,uspto_backgrounds,0.05,77,0.09419893256777297,0.06301028435351252,0.09419893256777297,1.0,"quadratic-model non-additivity; conditional association, not causal synergy"
metric/the_pile_github_val_loss,github,wikipedia_en,freelaw,0.05,77,0.053660840765596865,0.009701805952091469,0.053660840765596865,1.0,"quadratic-model non-additivity; conditional association, not causal synergy"
metric/the_pile_github_val_loss,github,wikipedia_en,stackexchange,0.05,77,0.01559451465990015,-0.0003299894643937762,0.03200625419573175,0.5324675324675324,"quadratic-model non-additivity; conditional association, not causal synergy"
metric/the_pile_github_val_loss,github,wikipedia_en,arxiv,0.05,77,0.03685258401434591,0.0069873816636123465,0.05594510779998084,0.6363636363636364,"quadratic-model non-additivity; conditional association, not causal synergy"
metric/the_pile_github_val_loss,github,wikipedia_en,pubmed_central,0.05,77,0.03230509422432199,0.004857369410998125,0.06683583245208503,0.5974025974025974,"quadratic-model non-additivity; conditional association, not causal synergy"
metric/the_pile_github_val_loss,github,wikipedia_en,pile_cc,0.05,77,0.001034423381716623,-0.0021764151166210333,0.06657910724767706,0.5714285714285714,"quadratic-model non-additivity; conditional association, not causal synergy"
metric/the_pile_github_val_loss,github,uspto_backgrounds,freelaw,0.05,77,0.033939320169948564,0.0023575983349664043,0.06030856282668814,0.6103896103896104,"quadratic-model non-additivity; conditional association, not causal synergy"
metric/the_pile_github_val_loss,github,uspto_backgrounds,stackexchange,0.05,77,-0.010125683440442372,-0.007989892683092137,0.05541543366028144,0.6363636363636364,"quadratic-model non-additivity; conditional association, not causal synergy"
metric/the_pile_github_val_loss,github,uspto_backgrounds,arxiv,0.05,77,0.030385919754349167,0.004556941240993595,0.061766545698052906,0.6363636363636364,"quadratic-model non-additivity; conditional association, not causal synergy"
metric/the_pile_github_val_loss,github,uspto_backgrounds,pubmed_central,0.05,77,0.04886715295166842,0.007328189555921405,0.06108933110896827,0.7272727272727273,"quadratic-model non-additivity; conditional association, not causal synergy"
metric/the_pile_github_val_loss,github,uspto_backgrounds,pile_cc,0.05,77,0.03836670834369797,0.003247850110791539,0.05144349121441526,0.6103896103896104,"quadratic-model non-additivity; conditional association, not causal synergy"
metric/the_pile_github_val_loss,github,freelaw,stackexchange,0.05,77,-0.0043907358110101165,-0.009638710340396095,0.04797519599992857,0.6233766233766234,"quadratic-model non-additivity; conditional association, not causal synergy"
metric/the_pile_github_val_loss,github,freelaw,arxiv,0.05,77,0.013117396592008085,-0.00045003005936239404,0.06632325459478321,0.5194805194805194,"quadratic-model non-additivity; conditional association, not causal synergy"
metric/the_pile_github_val_loss,github,freelaw,pubmed_central,0.05,77,0.012181705798893083,0.0027000697179864197,0.07942554542900782,0.5324675324675324,"quadratic-model non-additivity; conditional association, not causal synergy"
metric/the_pile_github_val_loss,github,freelaw,pile_cc,0.05,77,-0.006906021111746476,-0.007380203411835762,0.06862215833386984,0.6233766233766234,"quadratic-model non-additivity; conditional association, not causal synergy"
metric/the_pile_github_val_loss,github,stackexchange,arxiv,0.05,77,0.006833791261200572,-0.006299421506418046,0.03747163552673639,0.5844155844155844,"quadratic-model non-additivity; conditional association, not causal synergy"
metric/the_pile_github_val_loss,github,stackexchange,pubmed_central,0.05,77,-0.021841496890616048,-0.009662481105497722,0.06648190378037984,0.6363636363636364,"quadratic-model non-additivity; conditional association, not causal synergy"
metric/the_pile_github_val_loss,github,stackexchange,pile_cc,0.05,77,0.016500687311897175,-5.905800008676465e-05,0.02594688028893844,0.5194805194805194,"quadratic-model non-additivity; conditional association, not causal synergy"
metric/the_pile_github_val_loss,github,arxiv,pubmed_central,0.05,77,0.00881055669297877,0.002126617500844752,0.08409192680947344,0.5454545454545454,"quadratic-model non-additivity; conditional association, not causal synergy"
metric/the_pile_github_val_loss,github,arxiv,pile_cc,0.05,77,0.00362371578879835,-0.00024149248110028054,0.06816717608784328,0.5064935064935064,"quadratic-model non-additivity; conditional association, not causal synergy"
metric/the_pile_github_val_loss,github,pubmed_central,pile_cc,0.05,77,0.019271631665296496,0.0020922694576306355,0.06620212522957568,0.5584415584415584,"quadratic-model non-additivity; conditional association, not causal synergy"
metric/the_pile_github_val_loss,arxiv,wikipedia_en,uspto_backgrounds,0.05,65,0.03413894845782571,0.01756149659907802,0.043775181504771526,0.7846153846153846,"quadratic-model non-additivity; conditional association, not causal synergy"
metric/the_pile_github_val_loss,arxiv,wikipedia_en,freelaw,0.05,65,-0.0012550865961065173,0.001355768946264213,0.005459103682602299,0.676923076923077,"quadratic-model non-additivity; conditional association, not causal synergy"
metric/the_pile_github_val_loss,arxiv,wikipedia_en,stackexchange,0.05,65,-0.008671556288574732,-0.0036682596796122624,0.008936729297660078,0.9692307692307692,"quadratic-model non-additivity; conditional association, not causal synergy"
metric/the_pile_github_val_loss,arxiv,wikipedia_en,github,0.05,65,-0.0256200956370347,-0.013593272085460129,0.025736514054589477,0.9846153846153847,"quadratic-model non-additivity; conditional association, not causal synergy"
metric/the_pile_github_val_loss,arxiv,wikipedia_en,pubmed_central,0.05,65,-0.02905551769436665,-0.014688498617072554,0.02951007309432537,0.9230769230769231,"quadratic-model non-additivity; conditional association, not causal synergy"
metric/the_pile_github_val_loss,arxiv,wikipedia_en,pile_cc,0.05,65,-0.04123888755904287,-0.01932011380144516,0.041405967027589016,0.9846153846153847,"quadratic-model non-additivity; conditional association, not causal synergy"
metric/the_pile_github_val_loss,arxiv,uspto_backgrounds,freelaw,0.05,65,-0.025425150955455604,-0.01384755782924163,0.02571670605934715,0.9692307692307692,"quadratic-model non-additivity; conditional association, not causal synergy"
metric/the_pile_github_val_loss,arxiv,uspto_backgrounds,stackexchange,0.05,65,-0.029550239597211293,-0.013830562118572587,0.029550239597211293,1.0,"quadratic-model non-additivity; conditional association, not causal synergy"
metric/the_pile_github_val_loss,arxiv,uspto_backgrounds,github,0.05,65,-0.04394033940246809,-0.018661373487515398,0.04426909304596145,0.9692307692307692,"quadratic-model non-additivity; conditional association, not causal synergy"
metric/the_pile_github_val_loss,arxiv,uspto_backgrounds,pubmed_central,0.05,65,-0.01558409502875409,-0.007253112849429311,0.01672428132722664,0.8307692307692308,"quadratic-model non-additivity; conditional association, not causal synergy"
metric/the_pile_github_val_loss,arxiv,uspto_backgrounds,pile_cc,0.05,65,-0.013503189743494771,-0.006723254771725529,0.014176397548565145,0.9538461538461539,"quadratic-model non-additivity; conditional association, not causal synergy"
metric/the_pile_github_val_loss,arxiv,freelaw,stackexchange,0.05,65,-0.018875697783888055,-0.008733148913388611,0.019274116676536914,0.9076923076923077,"quadratic-model non-additivity; conditional association, not causal synergy"
metric/the_pile_github_val_loss,arxiv,freelaw,github,0.05,65,-0.019070506023186874,-0.008902931740952802,0.019399888189654706,0.9538461538461539,"quadratic-model non-additivity; conditional association, not causal synergy"
metric/the_pile_github_val_loss,arxiv,freelaw,pubmed_central,0.05,65,-0.05129679662247507,-0.026427255480798273,0.051677587631562154,0.9538461538461539,"quadratic-model non-additivity; conditional association, not causal synergy"
metric/the_pile_github_val_loss,arxiv,freelaw,pile_cc,0.05,65,-0.056908559445686874,-0.024947592072902758,0.05736375606133595,0.9384615384615385,"quadratic-model non-additivity; conditional association, not causal synergy"
metric/the_pile_github_val_loss,arxiv,stackexchange,github,0.05,65,0.1800764831225269,0.030249193046295808,0.18647792089019488,0.8,"quadratic-model non-additivity; conditional association, not causal synergy"
metric/the_pile_github_val_loss,arxiv,stackexchange,pubmed_central,0.05,65,-0.05069559099305702,-0.012219485850923029,0.051231937512446674,0.9230769230769231,"quadratic-model non-additivity; conditional association, not causal synergy"
metric/the_pile_github_val_loss,arxiv,stackexchange,pile_cc,0.05,65,-0.0010955930245789575,0.00010952247021833728,0.005582634761736571,0.5230769230769231,"quadratic-model non-additivity; conditional association, not causal synergy"
metric/the_pile_github_val_loss,arxiv,github,pubmed_central,0.05,65,-0.06430328309324088,-0.015377375541214988,0.06443375209633348,0.9692307692307692,"quadratic-model non-additivity; conditional association, not causal synergy"
metric/the_pile_github_val_loss,arxiv,github,pile_cc,0.05,65,0.004534073354559135,0.0019672511632622403,0.010181625052320287,0.7384615384615385,"quadratic-model non-additivity; conditional association, not causal synergy"
metric/the_pile_github_val_loss,arxiv,pubmed_central,pile_cc,0.05,65,-0.02728982044953874,-0.014270681011344877,0.02848631318863367,0.9076923076923077,"quadratic-model non-additivity; conditional association, not causal synergy"
metric/the_pile_github_val_loss,pubmed_central,wikipedia_en,uspto_backgrounds,0.05,81,0.028526062588356483,0.010299183352008079,0.03938633991060621,0.7037037037037037,"quadratic-model non-additivity; conditional association, not causal synergy"
metric/the_pile_github_val_loss,pubmed_central,wikipedia_en,freelaw,0.05,81,-0.001242699608072981,0.0003640418798998013,0.010822457462394183,0.5555555555555556,"quadratic-model non-additivity; conditional association, not causal synergy"
metric/the_pile_github_val_loss,pubmed_central,wikipedia_en,stackexchange,0.05,81,-0.0041428950764481965,-0.0026183096261904737,0.009546649823304228,0.8271604938271605,"quadratic-model non-additivity; conditional association, not causal synergy"
metric/the_pile_github_val_loss,pubmed_central,wikipedia_en,github,0.05,81,-0.02023939253802636,-0.00796886711535194,0.026273093223861666,0.9012345679012346,"quadratic-model non-additivity; conditional association, not causal synergy"
metric/the_pile_github_val_loss,pubmed_central,wikipedia_en,arxiv,0.05,81,-0.017139189047706938,-0.008896295357484263,0.022524791432429848,0.9506172839506173,"quadratic-model non-additivity; conditional association, not causal synergy"
metric/the_pile_github_val_loss,pubmed_central,wikipedia_en,pile_cc,0.05,81,-0.03714805572923391,-0.023121145755276906,0.04217727667112938,0.9753086419753086,"quadratic-model non-additivity; conditional association, not causal synergy"
metric/the_pile_github_val_loss,pubmed_central,uspto_backgrounds,freelaw,0.05,81,-0.02494740137278844,-0.0128933246670897,0.0302577323641904,0.9506172839506173,"quadratic-model non-additivity; conditional association, not causal synergy"
metric/the_pile_github_val_loss,pubmed_central,uspto_backgrounds,stackexchange,0.05,81,-0.03067469674089646,-0.01177070315087736,0.03530802722157042,0.9753086419753086,"quadratic-model non-additivity; conditional association, not causal synergy"
metric/the_pile_github_val_loss,pubmed_central,uspto_backgrounds,github,0.05,81,-0.042280294183571134,-0.01586103816076445,0.04756229081096098,0.9753086419753086,"quadratic-model non-additivity; conditional association, not causal synergy"
metric/the_pile_github_val_loss,pubmed_central,uspto_backgrounds,arxiv,0.05,81,-0.03029900351968353,-0.012133075612635658,0.03521572827980425,0.9629629629629629,"quadratic-model non-additivity; conditional association, not causal synergy"
metric/the_pile_github_val_loss,pubmed_central,uspto_backgrounds,pile_cc,0.05,81,-0.020560180048260848,-0.012689684157020764,0.02522632227389934,0.9506172839506173,"quadratic-model non-additivity; conditional association, not causal synergy"
metric/the_pile_github_val_loss,pubmed_central,freelaw,stackexchange,0.05,81,-0.01638230035098258,-0.009249440359666572,0.021780880599113636,0.9135802469135802,"quadratic-model non-additivity; conditional association, not causal synergy"
metric/the_pile_github_val_loss,pubmed_central,freelaw,github,0.05,81,-0.016626822945816702,-0.009644131778747678,0.023243877009642557,0.9012345679012346,"quadratic-model non-additivity; conditional association, not causal synergy"
metric/the_pile_github_val_loss,pubmed_central,freelaw,arxiv,0.05,81,-0.036044408559548685,-0.022895351755029658,0.04141141453917762,0.9506172839506173,"quadratic-model non-additivity; conditional association, not causal synergy"
metric/the_pile_github_val_loss,pubmed_central,freelaw,pile_cc,0.05,81,-0.04814160985808722,-0.02510543235897611,0.053206028845309256,0.9753086419753086,"quadratic-model non-additivity; conditional association, not causal synergy"
metric/the_pile_github_val_loss,pubmed_central,stackexchange,github,0.05,81,0.19542355649183193,0.05370275353427889,0.1970946039772227,0.9012345679012346,"quadratic-model non-additivity; conditional association, not causal synergy"
metric/the_pile_github_val_loss,pubmed_central,stackexchange,arxiv,0.05,81,-0.009197866380909657,-0.004747802926860167,0.01452889218794285,0.8765432098765432,"quadratic-model non-additivity; conditional association, not causal synergy"
metric/the_pile_github_val_loss,pubmed_central,stackexchange,pile_cc,0.05,81,-0.000414840694740719,0.00090338654803368,0.0097974611958064,0.5925925925925926,"quadratic-model non-additivity; conditional association, not causal synergy"
metric/the_pile_github_val_loss,pubmed_central,github,arxiv,0.05,81,-0.01559803879188495,-0.004806840414766533,0.021958200172187057,0.8395061728395061,"quadratic-model non-additivity; conditional association, not causal synergy"
metric/the_pile_github_val_loss,pubmed_central,github,pile_cc,0.05,81,0.005791941127497936,0.002060423574842929,0.015671472554906432,0.7283950617283951,"quadratic-model non-additivity; conditional association, not causal synergy"
metric/the_pile_github_val_loss,pubmed_central,arxiv,pile_cc,0.05,81,-0.04299403797976341,-0.02003274821846901,0.04779498133708063,0.9753086419753086,"quadratic-model non-additivity; conditional association, not causal synergy"
metric/the_pile_github_val_loss,pile_cc,wikipedia_en,uspto_backgrounds,0.05,68,0.029504379660911476,0.00715485913565006,0.03266921734699772,0.7794117647058824,"quadratic-model non-additivity; conditional association, not causal synergy"
metric/the_pile_github_val_loss,pile_cc,wikipedia_en,freelaw,0.05,68,0.0038703464463784357,0.0033780533555645142,0.005259943544415051,0.8970588235294118,"quadratic-model non-additivity; conditional association, not causal synergy"
metric/the_pile_github_val_loss,pile_cc,wikipedia_en,stackexchange,0.05,68,-0.004862517972250085,-0.0021780608710586513,0.0064513271055208505,0.8088235294117647,"quadratic-model non-additivity; conditional association, not causal synergy"
metric/the_pile_github_val_loss,pile_cc,wikipedia_en,github,0.05,68,-0.022404663606761716,-0.012360706908801866,0.02355491975763808,0.9705882352941176,"quadratic-model non-additivity; conditional association, not causal synergy"
metric/the_pile_github_val_loss,pile_cc,wikipedia_en,arxiv,0.05,68,-0.011426917315220542,-0.002102328717105806,0.013768300946589415,0.7794117647058824,"quadratic-model non-additivity; conditional association, not causal synergy"
metric/the_pile_github_val_loss,pile_cc,wikipedia_en,pubmed_central,0.05,68,-0.02475777086550782,-0.006205377795071687,0.02647072812569459,0.9117647058823529,"quadratic-model non-additivity; conditional association, not causal synergy"
metric/the_pile_github_val_loss,pile_cc,uspto_backgrounds,freelaw,0.05,68,-0.021849998928175674,-0.00904925304759363,0.02335463877462704,0.8088235294117647,"quadratic-model non-additivity; conditional association, not causal synergy"
metric/the_pile_github_val_loss,pile_cc,uspto_backgrounds,stackexchange,0.05,68,-0.02892022561993109,-0.009730505359746289,0.029099793781463937,0.9852941176470589,"quadratic-model non-additivity; conditional association, not causal synergy"
metric/the_pile_github_val_loss,pile_cc,uspto_backgrounds,github,0.05,68,-0.044526100068008063,-0.01702409127847959,0.04487780835174104,0.9705882352941176,"quadratic-model non-additivity; conditional association, not causal synergy"
metric/the_pile_github_val_loss,pile_cc,uspto_backgrounds,arxiv,0.05,68,-0.020737724554347393,-0.0059175342295465505,0.022034814315384323,0.8970588235294118,"quadratic-model non-additivity; conditional association, not causal synergy"
metric/the_pile_github_val_loss,pile_cc,uspto_backgrounds,pubmed_central,0.05,68,-0.017738986121941823,-0.006045815906916996,0.018948044702850365,0.8823529411764706,"quadratic-model non-additivity; conditional association, not causal synergy"
metric/the_pile_github_val_loss,pile_cc,freelaw,stackexchange,0.05,68,-0.019281648985373982,-0.007275956343296031,0.020424165603530695,0.8676470588235294,"quadratic-model non-additivity; conditional association, not causal synergy"
metric/the_pile_github_val_loss,pile_cc,freelaw,github,0.05,68,-0.017611057006028465,-0.009587882439146878,0.018682659627170892,0.9117647058823529,"quadratic-model non-additivity; conditional association, not causal synergy"
metric/the_pile_github_val_loss,pile_cc,freelaw,arxiv,0.05,68,-0.034719534292098723,-0.012122541459546277,0.036032143420069905,0.8676470588235294,"quadratic-model non-additivity; conditional association, not causal synergy"
metric/the_pile_github_val_loss,pile_cc,freelaw,pubmed_central,0.05,68,-0.042855184054610695,-0.009391916310030002,0.044448264659222435,0.8823529411764706,"quadratic-model non-additivity; conditional association, not causal synergy"
metric/the_pile_github_val_loss,pile_cc,stackexchange,github,0.05,68,0.24865643451531927,0.08675431171018566,0.25216907693205753,0.8676470588235294,"quadratic-model non-additivity; conditional association, not causal synergy"
metric/the_pile_github_val_loss,pile_cc,stackexchange,arxiv,0.05,68,-0.011263364060647985,-0.004610819942600042,0.012351279200831285,0.8529411764705882,"quadratic-model non-additivity; conditional association, not causal synergy"
metric/the_pile_github_val_loss,pile_cc,stackexchange,pubmed_central,0.05,68,-0.059929065319172324,-0.017115536004530085,0.060130706654230336,0.9852941176470589,"quadratic-model non-additivity; conditional association, not causal synergy"
metric/the_pile_github_val_loss,pile_cc,github,arxiv,0.05,68,-0.02510290901614274,-0.011817985404058096,0.026105561459090005,0.9411764705882353,"quadratic-model non-additivity; conditional association, not causal synergy"
metric/the_pile_github_val_loss,pile_cc,github,pubmed_central,0.05,68,-0.07805151025342054,-0.028827609724558556,0.07865183592111509,0.9705882352941176,"quadratic-model non-additivity; conditional association, not causal synergy"
metric/the_pile_github_val_loss,pile_cc,arxiv,pubmed_central,0.05,68,-0.051185371077358294,-0.013481933945960645,0.05258854314180609,0.9117647058823529,"quadratic-model non-additivity; conditional association, not causal synergy"
metric/the_pile_stackexchange_val_loss,wikipedia_en,uspto_backgrounds,freelaw,0.05,49,-0.02519275624980678,-0.012698784717452227,0.02519275624980678,1.0,"quadratic-model non-additivity; conditional association, not causal synergy"
metric/the_pile_stackexchange_val_loss,wikipedia_en,uspto_backgrounds,stackexchange,0.05,49,-0.03369432618367767,-0.014771088117360165,0.03369432618367767,1.0,"quadratic-model non-additivity; conditional association, not causal synergy"
metric/the_pile_stackexchange_val_loss,wikipedia_en,uspto_backgrounds,github,0.05,49,-0.037974509963743734,-0.020949616679439842,0.03806021414746627,0.9795918367346939,"quadratic-model non-additivity; conditional association, not causal synergy"
metric/the_pile_stackexchange_val_loss,wikipedia_en,uspto_backgrounds,arxiv,0.05,49,-0.015868164867447347,-0.008238584632795032,0.015868164867447347,1.0,"quadratic-model non-additivity; conditional association, not causal synergy"
metric/the_pile_stackexchange_val_loss,wikipedia_en,uspto_backgrounds,pubmed_central,0.05,49,-0.01586866900930914,-0.00798513356101882,0.01586866900930914,1.0,"quadratic-model non-additivity; conditional association, not causal synergy"
metric/the_pile_stackexchange_val_loss,wikipedia_en,uspto_backgrounds,pile_cc,0.05,49,-0.011282951284086067,-0.005441805953862122,0.011282951284086067,1.0,"quadratic-model non-additivity; conditional association, not causal synergy"
metric/the_pile_stackexchange_val_loss,wikipedia_en,freelaw,stackexchange,0.05,49,-0.01663531027937113,-0.008800170354632542,0.016640485220105673,0.9795918367346939,"quadratic-model non-additivity; conditional association, not causal synergy"
metric/the_pile_stackexchange_val_loss,wikipedia_en,freelaw,github,0.05,49,-0.021458229521654448,-0.008493292052404122,0.021458229521654448,1.0,"quadratic-model non-additivity; conditional association, not causal synergy"
metric/the_pile_stackexchange_val_loss,wikipedia_en,freelaw,arxiv,0.05,49,-0.03318568634872837,-0.011843311488463293,0.03318568634872837,1.0,"quadratic-model non-additivity; conditional association, not causal synergy"
metric/the_pile_stackexchange_val_loss,wikipedia_en,freelaw,pubmed_central,0.05,49,-0.0389575526602799,-0.01171416004598047,0.039101964176699505,0.9795918367346939,"quadratic-model non-additivity; conditional association, not causal synergy"
metric/the_pile_stackexchange_val_loss,wikipedia_en,freelaw,pile_cc,0.05,49,-0.03046648506632659,-0.014418661825085444,0.03046648506632659,1.0,"quadratic-model non-additivity; conditional association, not causal synergy"
metric/the_pile_stackexchange_val_loss,wikipedia_en,stackexchange,github,0.05,49,0.17796487552912377,0.05209707640333061,0.17985582549793244,0.8979591836734694,"quadratic-model non-additivity; conditional association, not causal synergy"
metric/the_pile_stackexchange_val_loss,wikipedia_en,stackexchange,arxiv,0.05,49,-0.003865143553089645,-0.0011277484187877107,0.003894339583142944,0.9387755102040817,"quadratic-model non-additivity; conditional association, not causal synergy"
metric/the_pile_stackexchange_val_loss,wikipedia_en,stackexchange,pubmed_central,0.05,49,-0.028678092152558694,-0.011769727781261174,0.028678092152558694,1.0,"quadratic-model non-additivity; conditional association, not causal synergy"
metric/the_pile_stackexchange_val_loss,wikipedia_en,stackexchange,pile_cc,0.05,49,0.017652876622495484,0.0030226916766098455,0.0204225416821964,0.7142857142857143,"quadratic-model non-additivity; conditional association, not causal synergy"
metric/the_pile_stackexchange_val_loss,wikipedia_en,github,arxiv,0.05,49,-0.018592907528409405,-0.0061322213417032145,0.019449849835029388,0.9591836734693877,"quadratic-model non-additivity; conditional association, not causal synergy"
metric/the_pile_stackexchange_val_loss,wikipedia_en,github,pubmed_central,0.05,49,-0.036494637125163834,-0.009819085866508814,0.03735169359085288,0.9591836734693877,"quadratic-model non-additivity; conditional association, not causal synergy"
metric/the_pile_stackexchange_val_loss,wikipedia_en,github,pile_cc,0.05,49,0.004437493125968642,0.0017020647706686987,0.00625574965843588,0.7551020408163265,"quadratic-model non-additivity; conditional association, not causal synergy"
metric/the_pile_stackexchange_val_loss,wikipedia_en,arxiv,pubmed_central,0.05,49,-0.030120400300192106,-0.01404108930029313,0.030120400300192106,1.0,"quadratic-model non-additivity; conditional association, not causal synergy"
metric/the_pile_stackexchange_val_loss,wikipedia_en,arxiv,pile_cc,0.05,49,-0.02903073508350276,-0.008740492008392664,0.029090075616751778,0.9795918367346939,"quadratic-model non-additivity; conditional association, not causal synergy"
metric/the_pile_stackexchange_val_loss,wikipedia_en,pubmed_central,pile_cc,0.05,49,-0.01853310067719744,-0.007542168371711178,0.018681947101460497,0.9591836734693877,"quadratic-model non-additivity; conditional association, not causal synergy"
metric/the_pile_stackexchange_val_loss,uspto_backgrounds,wikipedia_en,freelaw,0.05,59,-0.01597178142567759,-0.0056993549867483395,0.01620732940137903,0.9491525423728814,"quadratic-model non-additivity; conditional association, not causal synergy"
metric/the_pile_stackexchange_val_loss,uspto_backgrounds,wikipedia_en,stackexchange,0.05,59,-0.005127106253887408,-0.0009772484662686765,0.008312756006230552,0.6610169491525424,"quadratic-model non-additivity; conditional association, not causal synergy"
metric/the_pile_stackexchange_val_loss,uspto_backgrounds,wikipedia_en,github,0.05,59,-0.029994778957526638,-0.014036465216934246,0.029994778957526638,1.0,"quadratic-model non-additivity; conditional association, not causal synergy"
metric/the_pile_stackexchange_val_loss,uspto_backgrounds,wikipedia_en,arxiv,0.05,59,-0.021511169682032774,-0.008608836456984292,0.021511169682032774,1.0,"quadratic-model non-additivity; conditional association, not causal synergy"
metric/the_pile_stackexchange_val_loss,uspto_backgrounds,wikipedia_en,pubmed_central,0.05,59,-0.025696257599203003,-0.0127313868183343,0.025696257599203003,1.0,"quadratic-model non-additivity; conditional association, not causal synergy"
metric/the_pile_stackexchange_val_loss,uspto_backgrounds,wikipedia_en,pile_cc,0.05,59,-0.033131414951811974,-0.016018365673124535,0.033131414951811974,1.0,"quadratic-model non-additivity; conditional association, not causal synergy"
metric/the_pile_stackexchange_val_loss,uspto_backgrounds,freelaw,stackexchange,0.05,59,-0.012826904662287074,-0.004253108840904574,0.013212077021944707,0.864406779661017,"quadratic-model non-additivity; conditional association, not causal synergy"
metric/the_pile_stackexchange_val_loss,uspto_backgrounds,freelaw,github,0.05,59,-0.019630372139751228,-0.01157385310028669,0.020139381907215793,0.8813559322033898,"quadratic-model non-additivity; conditional association, not causal synergy"
metric/the_pile_stackexchange_val_loss,uspto_backgrounds,freelaw,arxiv,0.05,59,-0.0366202202624499,-0.0156388281713582,0.0366202202624499,1.0,"quadratic-model non-additivity; conditional association, not causal synergy"
metric/the_pile_stackexchange_val_loss,uspto_backgrounds,freelaw,pubmed_central,0.05,59,-0.032633440961764903,-0.007410214968264661,0.032793415408917316,0.9661016949152542,"quadratic-model non-additivity; conditional association, not causal synergy"
metric/the_pile_stackexchange_val_loss,uspto_backgrounds,freelaw,pile_cc,0.05,59,-0.03323819666437327,-0.011877638693992054,0.03328933102687906,0.9830508474576272,"quadratic-model non-additivity; conditional association, not causal synergy"
metric/the_pile_stackexchange_val_loss,uspto_backgrounds,stackexchange,github,0.05,59,0.17108133464275008,0.04080568518772676,0.17260214492940865,0.9152542372881356,"quadratic-model non-additivity; conditional association, not causal synergy"
metric/the_pile_stackexchange_val_loss,uspto_backgrounds,stackexchange,arxiv,0.05,59,-0.002435959989375788,0.0002632903100590056,0.004849511323673961,0.5932203389830508,"quadratic-model non-additivity; conditional association, not causal synergy"
metric/the_pile_stackexchange_val_loss,uspto_backgrounds,stackexchange,pubmed_central,0.05,59,-0.027759288462385977,-0.007769992342928411,0.027759288462385977,1.0,"quadratic-model non-additivity; conditional association, not causal synergy"
metric/the_pile_stackexchange_val_loss,uspto_backgrounds,stackexchange,pile_cc,0.05,59,0.014351241171584378,0.003457072623919366,0.022160309606984684,0.7288135593220338,"quadratic-model non-additivity; conditional association, not causal synergy"
metric/the_pile_stackexchange_val_loss,uspto_backgrounds,github,arxiv,0.05,59,-0.01608447714645247,-0.006116358735724248,0.016253760269244428,0.8983050847457628,"quadratic-model non-additivity; conditional association, not causal synergy"
metric/the_pile_stackexchange_val_loss,uspto_backgrounds,github,pubmed_central,0.05,59,-0.0388734896550676,-0.008086750304986623,0.03904826372956737,0.9661016949152542,"quadratic-model non-additivity; conditional association, not causal synergy"
metric/the_pile_stackexchange_val_loss,uspto_backgrounds,github,pile_cc,0.05,59,-0.0013156505735517161,0.0008773479000820927,0.006092605337079375,0.6440677966101694,"quadratic-model non-additivity; conditional association, not causal synergy"
metric/the_pile_stackexchange_val_loss,uspto_backgrounds,arxiv,pubmed_central,0.05,59,-0.03449283527153469,-0.013179570749531244,0.03449283527153469,1.0,"quadratic-model non-additivity; conditional association, not causal synergy"
metric/the_pile_stackexchange_val_loss,uspto_backgrounds,arxiv,pile_cc,0.05,59,-0.028727653275823124,-0.010455327900702471,0.028727653275823124,1.0,"quadratic-model non-additivity; conditional association, not causal synergy"
metric/the_pile_stackexchange_val_loss,uspto_backgrounds,pubmed_central,pile_cc,0.05,59,-0.029785443490159356,-0.01158812596912906,0.029785443490159356,1.0,"quadratic-model non-additivity; conditional association, not causal synergy"
metric/the_pile_stackexchange_val_loss,freelaw,wikipedia_en,uspto_backgrounds,0.05,47,0.00864155275292301,0.00324481750925365,0.022247132669329286,0.6382978723404256,"quadratic-model non-additivity; conditional association, not causal synergy"
metric/the_pile_stackexchange_val_loss,freelaw,wikipedia_en,stackexchange,0.05,47,-0.00729720763387776,-0.0008341080866722805,0.010395674365447747,0.6382978723404256,"quadratic-model non-additivity; conditional association, not causal synergy"
metric/the_pile_stackexchange_val_loss,freelaw,wikipedia_en,github,0.05,47,-0.03212726745131471,-0.017756842099516668,0.03212726745131471,1.0,"quadratic-model non-additivity; conditional association, not causal synergy"
metric/the_pile_stackexchange_val_loss,freelaw,wikipedia_en,arxiv,0.05,47,-0.018961009580312,-0.009922625553929976,0.019017779488415536,0.9787234042553191,"quadratic-model non-additivity; conditional association, not causal synergy"
metric/the_pile_stackexchange_val_loss,freelaw,wikipedia_en,pubmed_central,0.05,47,-0.027690135162664282,-0.016471937036996565,0.027690135162664282,1.0,"quadratic-model non-additivity; conditional association, not causal synergy"
metric/the_pile_stackexchange_val_loss,freelaw,wikipedia_en,pile_cc,0.05,47,-0.03392743855477984,-0.02577926009752396,0.03392743855477984,1.0,"quadratic-model non-additivity; conditional association, not causal synergy"
metric/the_pile_stackexchange_val_loss,freelaw,uspto_backgrounds,stackexchange,0.05,47,-0.027405361230185485,-0.01123125645458245,0.027405361230185485,1.0,"quadratic-model non-additivity; conditional association, not causal synergy"
metric/the_pile_stackexchange_val_loss,freelaw,uspto_backgrounds,github,0.05,47,-0.0340827591983885,-0.010934648595799956,0.0340827591983885,1.0,"quadratic-model non-additivity; conditional association, not causal synergy"
metric/the_pile_stackexchange_val_loss,freelaw,uspto_backgrounds,arxiv,0.05,47,-0.012973060411520269,-0.005082428082650914,0.013081083179635508,0.9787234042553191,"quadratic-model non-additivity; conditional association, not causal synergy"
metric/the_pile_stackexchange_val_loss,freelaw,uspto_backgrounds,pubmed_central,0.05,47,-0.014087693011526159,-0.005456413693796236,0.014099178459684924,0.9787234042553191,"quadratic-model non-additivity; conditional association, not causal synergy"
metric/the_pile_stackexchange_val_loss,freelaw,uspto_backgrounds,pile_cc,0.05,47,-0.008913746303117698,-0.0039322499350067375,0.009428352069443988,0.8723404255319149,"quadratic-model non-additivity; conditional association, not causal synergy"
metric/the_pile_stackexchange_val_loss,freelaw,stackexchange,github,0.05,47,0.17007564694237082,0.03646798803719342,0.17146837594255487,0.8723404255319149,"quadratic-model non-additivity; conditional association, not causal synergy"
metric/the_pile_stackexchange_val_loss,freelaw,stackexchange,arxiv,0.05,47,-0.005363197364878187,-0.00037978699521090675,0.0063083050934899364,0.6170212765957447,"quadratic-model non-additivity; conditional association, not causal synergy"
metric/the_pile_stackexchange_val_loss,freelaw,stackexchange,pubmed_central,0.05,47,-0.035974853683708403,-0.015024899027543448,0.035974853683708403,1.0,"quadratic-model non-additivity; conditional association, not causal synergy"
metric/the_pile_stackexchange_val_loss,freelaw,stackexchange,pile_cc,0.05,47,0.018260561044401824,0.008035885570540025,0.023165558190709916,0.851063829787234,"quadratic-model non-additivity; conditional association, not causal synergy"
metric/the_pile_stackexchange_val_loss,freelaw,github,arxiv,0.05,47,-0.019625858992532608,-0.0074092587144409805,0.01962769697782198,0.9787234042553191,"quadratic-model non-additivity; conditional association, not causal synergy"
metric/the_pile_stackexchange_val_loss,freelaw,github,pubmed_central,0.05,47,-0.05177200195068894,-0.02554122582258156,0.05177200195068894,1.0,"quadratic-model non-additivity; conditional association, not causal synergy"
metric/the_pile_stackexchange_val_loss,freelaw,github,pile_cc,0.05,47,0.00044637052368333636,0.001047597762692476,0.006065689197826578,0.6808510638297872,"quadratic-model non-additivity; conditional association, not causal synergy"
metric/the_pile_stackexchange_val_loss,freelaw,arxiv,pubmed_central,0.05,47,-0.029722573325425734,-0.013733968683929731,0.02972986237997497,0.9787234042553191,"quadratic-model non-additivity; conditional association, not causal synergy"
metric/the_pile_stackexchange_val_loss,freelaw,arxiv,pile_cc,0.05,47,-0.034433462360364014,-0.011293737613214283,0.034433462360364014,1.0,"quadratic-model non-additivity; conditional association, not causal synergy"
metric/the_pile_stackexchange_val_loss,freelaw,pubmed_central,pile_cc,0.05,47,-0.026287510284155324,-0.011713778857990853,0.026563786857158038,0.9787234042553191,"quadratic-model non-additivity; conditional association, not causal synergy"
metric/the_pile_stackexchange_val_loss,stackexchange,wikipedia_en,uspto_backgrounds,0.05,72,0.07352053091425342,0.046422730784485555,0.07352053091425342,1.0,"quadratic-model non-additivity; conditional association, not causal synergy"
metric/the_pile_stackexchange_val_loss,stackexchange,wikipedia_en,freelaw,0.05,72,0.03938183880811155,0.005369068493211504,0.04876693645104615,0.625,"quadratic-model non-additivity; conditional association, not causal synergy"
metric/the_pile_stackexchange_val_loss,stackexchange,wikipedia_en,github,0.05,72,-0.007558537586837876,-0.004362341245834456,0.037742493514108716,0.625,"quadratic-model non-additivity; conditional association, not causal synergy"
metric/the_pile_stackexchange_val_loss,stackexchange,wikipedia_en,arxiv,0.05,72,0.03683093809249119,0.00588843237831238,0.047151777521664245,0.6944444444444444,"quadratic-model non-additivity; conditional association, not causal synergy"
metric/the_pile_stackexchange_val_loss,stackexchange,wikipedia_en,pubmed_central,0.05,72,0.033248003359008044,0.005628282886967817,0.050568395331858286,0.5694444444444444,"quadratic-model non-additivity; conditional association, not causal synergy"
metric/the_pile_stackexchange_val_loss,stackexchange,wikipedia_en,pile_cc,0.05,72,0.020799249229987136,0.00381533684638935,0.05293517937869718,0.5694444444444444,"quadratic-model non-additivity; conditional association, not causal synergy"
metric/the_pile_stackexchange_val_loss,stackexchange,uspto_backgrounds,freelaw,0.05,72,0.029342868209839765,0.0028879903413296937,0.057177790133661484,0.5416666666666666,"quadratic-model non-additivity; conditional association, not causal synergy"
metric/the_pile_stackexchange_val_loss,stackexchange,uspto_backgrounds,github,0.05,72,-0.009021820017575344,-0.004932280962059998,0.04074516236746003,0.5416666666666666,"quadratic-model non-additivity; conditional association, not causal synergy"
metric/the_pile_stackexchange_val_loss,stackexchange,uspto_backgrounds,arxiv,0.05,72,0.0421872285691581,0.010936724146076937,0.05078098507935028,0.6805555555555556,"quadratic-model non-additivity; conditional association, not causal synergy"
metric/the_pile_stackexchange_val_loss,stackexchange,uspto_backgrounds,pubmed_central,0.05,72,0.04487148162873077,0.010121015450345716,0.05335501264396028,0.6805555555555556,"quadratic-model non-additivity; conditional association, not causal synergy"
metric/the_pile_stackexchange_val_loss,stackexchange,uspto_backgrounds,pile_cc,0.05,72,0.041745139457897,0.008908642560467861,0.04780101082113373,0.6944444444444444,"quadratic-model non-additivity; conditional association, not causal synergy"
metric/the_pile_stackexchange_val_loss,stackexchange,freelaw,github,0.05,72,-0.004418614895118695,-0.003503371140160194,0.037162737343876304,0.5833333333333334,"quadratic-model non-additivity; conditional association, not causal synergy"
metric/the_pile_stackexchange_val_loss,stackexchange,freelaw,arxiv,0.05,72,0.017124935594060395,0.0032095703277508214,0.0617772597184765,0.5555555555555556,"quadratic-model non-additivity; conditional association, not causal synergy"
metric/the_pile_stackexchange_val_loss,stackexchange,freelaw,pubmed_central,0.05,72,0.013573015412916396,0.001963657572932931,0.07017130380190148,0.5416666666666666,"quadratic-model non-additivity; conditional association, not causal synergy"
metric/the_pile_stackexchange_val_loss,stackexchange,freelaw,pile_cc,0.05,72,0.008685434178043214,-0.002474025006102387,0.06392351828487997,0.5138888888888888,"quadratic-model non-additivity; conditional association, not causal synergy"
metric/the_pile_stackexchange_val_loss,stackexchange,github,arxiv,0.05,72,0.003799559312575313,-0.0008567721344789891,0.02799803128288283,0.5277777777777778,"quadratic-model non-additivity; conditional association, not causal synergy"
metric/the_pile_stackexchange_val_loss,stackexchange,github,pubmed_central,0.05,72,-0.017041580933852114,-0.004125849462332187,0.04882748277376101,0.6388888888888888,"quadratic-model non-additivity; conditional association, not causal synergy"
metric/the_pile_stackexchange_val_loss,stackexchange,github,pile_cc,0.05,72,0.014695695494228044,0.0009769015974787632,0.020191502365982224,0.5277777777777778,"quadratic-model non-additivity; conditional association, not causal synergy"
metric/the_pile_stackexchange_val_loss,stackexchange,arxiv,pubmed_central,0.05,72,0.020645404218523747,0.004738997001206169,0.06241624662135492,0.6111111111111112,"quadratic-model non-additivity; conditional association, not causal synergy"
metric/the_pile_stackexchange_val_loss,stackexchange,arxiv,pile_cc,0.05,72,0.019471826265594405,0.006017316427308739,0.056253308458727634,0.6111111111111112,"quadratic-model non-additivity; conditional association, not causal synergy"
metric/the_pile_stackexchange_val_loss,stackexchange,pubmed_central,pile_cc,0.05,72,0.022881841458727917,0.0052403970527508115,0.056780624175714944,0.5555555555555556,"quadratic-model non-additivity; conditional association, not causal synergy"
metric/the_pile_stackexchange_val_loss,github,wikipedia_en,uspto_backgrounds,0.05,77,0.047080829811488964,0.03238969960424587,0.04720776470151766,0.961038961038961,"quadratic-model non-additivity; conditional association, not causal synergy"
metric/the_pile_stackexchange_val_loss,github,wikipedia_en,freelaw,0.05,77,0.009250304931922085,0.0011538624152631627,0.02364062637427721,0.5714285714285714,"quadratic-model non-additivity; conditional association, not causal synergy"
metric/the_pile_stackexchange_val_loss,github,wikipedia_en,stackexchange,0.05,77,-0.004298298266362736,-0.0005402747805014485,0.008347209859131505,0.5584415584415584,"quadratic-model non-additivity; conditional association, not causal synergy"
metric/the_pile_stackexchange_val_loss,github,wikipedia_en,arxiv,0.05,77,0.006263627003454896,0.0007933222150011687,0.02387074778029936,0.5194805194805194,"quadratic-model non-additivity; conditional association, not causal synergy"
metric/the_pile_stackexchange_val_loss,github,wikipedia_en,pubmed_central,0.05,77,0.0033999326209229177,0.000834798432595818,0.030578308370984304,0.5194805194805194,"quadratic-model non-additivity; conditional association, not causal synergy"
metric/the_pile_stackexchange_val_loss,github,wikipedia_en,pile_cc,0.05,77,-0.014242868919710053,-0.008282973337102817,0.03439602671986289,0.7272727272727273,"quadratic-model non-additivity; conditional association, not causal synergy"
metric/the_pile_stackexchange_val_loss,github,uspto_backgrounds,freelaw,0.05,77,0.00037153502634093094,-0.0009226631210053071,0.02839552601485903,0.5584415584415584,"quadratic-model non-additivity; conditional association, not causal synergy"
metric/the_pile_stackexchange_val_loss,github,uspto_backgrounds,stackexchange,0.05,77,-0.03529640546696748,-0.01645224170101134,0.03702172103823992,0.8831168831168831,"quadratic-model non-additivity; conditional association, not causal synergy"
metric/the_pile_stackexchange_val_loss,github,uspto_backgrounds,arxiv,0.05,77,0.010001135590167512,0.001139666227291336,0.022578613802271982,0.5974025974025974,"quadratic-model non-additivity; conditional association, not causal synergy"
metric/the_pile_stackexchange_val_loss,github,uspto_backgrounds,pubmed_central,0.05,77,0.014850085273804487,0.0023114902600926968,0.023293382263469657,0.6753246753246753,"quadratic-model non-additivity; conditional association, not causal synergy"
metric/the_pile_stackexchange_val_loss,github,uspto_backgrounds,pile_cc,0.05,77,0.010891021869874605,0.0004134930285539795,0.01881057058736639,0.5064935064935064,"quadratic-model non-additivity; conditional association, not causal synergy"
metric/the_pile_stackexchange_val_loss,github,freelaw,stackexchange,0.05,77,-0.027190071969202628,-0.013964049746563845,0.028836832436934176,0.8701298701298701,"quadratic-model non-additivity; conditional association, not causal synergy"
metric/the_pile_stackexchange_val_loss,github,freelaw,arxiv,0.05,77,-0.016306165859986125,-0.007687504423206093,0.03981425308442361,0.6883116883116883,"quadratic-model non-additivity; conditional association, not causal synergy"
metric/the_pile_stackexchange_val_loss,github,freelaw,pubmed_central,0.05,77,-0.013401010703682445,-0.0033280398309019077,0.04392968252340826,0.5714285714285714,"quadratic-model non-additivity; conditional association, not causal synergy"
metric/the_pile_stackexchange_val_loss,github,freelaw,pile_cc,0.05,77,-0.026717387568940362,-0.01507547344847815,0.04474622327866373,0.7402597402597403,"quadratic-model non-additivity; conditional association, not causal synergy"
metric/the_pile_stackexchange_val_loss,github,stackexchange,arxiv,0.05,77,-0.009324865169487396,-0.007070802585539937,0.011752567179503383,0.8051948051948052,"quadratic-model non-additivity; conditional association, not causal synergy"
metric/the_pile_stackexchange_val_loss,github,stackexchange,pubmed_central,0.05,77,-0.03421748316817346,-0.018255033602297743,0.035848564396330496,0.8441558441558441,"quadratic-model non-additivity; conditional association, not causal synergy"
metric/the_pile_stackexchange_val_loss,github,stackexchange,pile_cc,0.05,77,0.014148952745199481,0.00427113782360955,0.022360529144206463,0.7012987012987013,"quadratic-model non-additivity; conditional association, not causal synergy"
metric/the_pile_stackexchange_val_loss,github,arxiv,pubmed_central,0.05,77,-0.009653741222172087,-0.0002693725083302567,0.039689288730867044,0.5194805194805194,"quadratic-model non-additivity; conditional association, not causal synergy"
metric/the_pile_stackexchange_val_loss,github,arxiv,pile_cc,0.05,77,-0.01716475450523105,-0.004017049337297074,0.037250438540958435,0.6753246753246753,"quadratic-model non-additivity; conditional association, not causal synergy"
metric/the_pile_stackexchange_val_loss,github,pubmed_central,pile_cc,0.05,77,-0.010179488430621803,-0.0031183178683580337,0.03544894643088102,0.5974025974025974,"quadratic-model non-additivity; conditional association, not causal synergy"
metric/the_pile_stackexchange_val_loss,arxiv,wikipedia_en,uspto_backgrounds,0.05,65,0.02302006074072976,0.011539726138343198,0.02907491630882448,0.7692307692307693,"quadratic-model non-additivity; conditional association, not causal synergy"
metric/the_pile_stackexchange_val_loss,arxiv,wikipedia_en,freelaw,0.05,65,-0.011993448001039953,-0.00922083926629913,0.012629811344040768,0.9076923076923077,"quadratic-model non-additivity; conditional association, not causal synergy"
metric/the_pile_stackexchange_val_loss,arxiv,wikipedia_en,stackexchange,0.05,65,-0.0020504475956452566,-5.332361808374486e-05,0.00568694211254044,0.5230769230769231,"quadratic-model non-additivity; conditional association, not causal synergy"
metric/the_pile_stackexchange_val_loss,arxiv,wikipedia_en,github,0.05,65,-0.028228479339629044,-0.013643148535825489,0.02845512365884241,0.9692307692307692,"quadratic-model non-additivity; conditional association, not causal synergy"
metric/the_pile_stackexchange_val_loss,arxiv,wikipedia_en,pubmed_central,0.05,65,-0.021163682583177204,-0.01086659880782559,0.021652219557387064,0.9076923076923077,"quadratic-model non-additivity; conditional association, not causal synergy"
metric/the_pile_stackexchange_val_loss,arxiv,wikipedia_en,pile_cc,0.05,65,-0.025951363583094137,-0.011674102664195551,0.026428702029646405,0.9538461538461539,"quadratic-model non-additivity; conditional association, not causal synergy"
metric/the_pile_stackexchange_val_loss,arxiv,uspto_backgrounds,freelaw,0.05,65,-0.022605464792156017,-0.013022007108373757,0.02292727604012873,0.9692307692307692,"quadratic-model non-additivity; conditional association, not causal synergy"
metric/the_pile_stackexchange_val_loss,arxiv,uspto_backgrounds,stackexchange,0.05,65,-0.026255175649748583,-0.012418223684703023,0.026255175649748583,1.0,"quadratic-model non-additivity; conditional association, not causal synergy"
metric/the_pile_stackexchange_val_loss,arxiv,uspto_backgrounds,github,0.05,65,-0.03104559908781054,-0.013203858781507982,0.03127796426685,0.9846153846153847,"quadratic-model non-additivity; conditional association, not causal synergy"
metric/the_pile_stackexchange_val_loss,arxiv,uspto_backgrounds,pubmed_central,0.05,65,-0.010793348616170671,-0.006071881749692309,0.011409451089134876,0.8615384615384616,"quadratic-model non-additivity; conditional association, not causal synergy"
metric/the_pile_stackexchange_val_loss,arxiv,uspto_backgrounds,pile_cc,0.05,65,-0.006856556758612042,-0.00375883657176157,0.007603238005299591,0.9384615384615385,"quadratic-model non-additivity; conditional association, not causal synergy"
metric/the_pile_stackexchange_val_loss,arxiv,freelaw,stackexchange,0.05,65,-0.015103353623498596,-0.006759500799629059,0.015751529660067175,0.8461538461538461,"quadratic-model non-additivity; conditional association, not causal synergy"
metric/the_pile_stackexchange_val_loss,arxiv,freelaw,github,0.05,65,-0.023371696556521552,-0.0072389924294187225,0.02409022814919525,0.8923076923076924,"quadratic-model non-additivity; conditional association, not causal synergy"
metric/the_pile_stackexchange_val_loss,arxiv,freelaw,pubmed_central,0.05,65,-0.03925496239202327,-0.01709442794576166,0.039750760633917935,0.9230769230769231,"quadratic-model non-additivity; conditional association, not causal synergy"
metric/the_pile_stackexchange_val_loss,arxiv,freelaw,pile_cc,0.05,65,-0.04274194682858645,-0.01922315436051747,0.04370489828015961,0.9230769230769231,"quadratic-model non-additivity; conditional association, not causal synergy"
metric/the_pile_stackexchange_val_loss,arxiv,stackexchange,github,0.05,65,0.13898128147892302,0.02341023147039767,0.14291027651731608,0.8,"quadratic-model non-additivity; conditional association, not causal synergy"
metric/the_pile_stackexchange_val_loss,arxiv,stackexchange,pubmed_central,0.05,65,-0.032490273994691815,-0.00930853158037337,0.03284697385024668,0.9384615384615385,"quadratic-model non-additivity; conditional association, not causal synergy"
metric/the_pile_stackexchange_val_loss,arxiv,stackexchange,pile_cc,0.05,65,0.015143048058410153,0.004805138867356895,0.017707199591796667,0.7846153846153846,"quadratic-model non-additivity; conditional association, not causal synergy"
metric/the_pile_stackexchange_val_loss,arxiv,github,pubmed_central,0.05,65,-0.04199343618051096,-0.010538900111934701,0.042231750002648234,0.9538461538461539,"quadratic-model non-additivity; conditional association, not causal synergy"
metric/the_pile_stackexchange_val_loss,arxiv,github,pile_cc,0.05,65,0.0013495200874905514,0.0009480669382950779,0.004781237371183481,0.7538461538461538,"quadratic-model non-additivity; conditional association, not causal synergy"
metric/the_pile_stackexchange_val_loss,arxiv,pubmed_central,pile_cc,0.05,65,-0.02288071071570354,-0.012521130158099858,0.023905422484693396,0.9230769230769231,"quadratic-model non-additivity; conditional association, not causal synergy"
metric/the_pile_stackexchange_val_loss,pubmed_central,wikipedia_en,uspto_backgrounds,0.05,81,0.018628316549834517,0.0067229683613705404,0.02658334497384335,0.691358024691358,"quadratic-model non-additivity; conditional association, not causal synergy"
metric/the_pile_stackexchange_val_loss,pubmed_central,wikipedia_en,freelaw,0.05,81,-0.012666175221976498,-0.0066852475611218765,0.016476784210755834,0.9259259259259259,"quadratic-model non-additivity; conditional association, not causal synergy"
metric/the_pile_stackexchange_val_loss,pubmed_central,wikipedia_en,stackexchange,0.05,81,0.00019767021258632603,0.00012722959779676302,0.007239726629495106,0.5308641975308642,"quadratic-model non-additivity; conditional association, not causal synergy"
metric/the_pile_stackexchange_val_loss,pubmed_central,wikipedia_en,github,0.05,81,-0.025993650742659392,-0.009328132046043436,0.029676461929552127,0.9506172839506173,"quadratic-model non-additivity; conditional association, not causal synergy"
metric/the_pile_stackexchange_val_loss,pubmed_central,wikipedia_en,arxiv,0.05,81,-0.014839815111684229,-0.009105450016690497,0.018394069158390716,0.9629629629629629,"quadratic-model non-additivity; conditional association, not causal synergy"
metric/the_pile_stackexchange_val_loss,pubmed_central,wikipedia_en,pile_cc,0.05,81,-0.024299711003992048,-0.01540100057906546,0.027704130580306,0.9753086419753086,"quadratic-model non-additivity; conditional association, not causal synergy"
metric/the_pile_stackexchange_val_loss,pubmed_central,uspto_backgrounds,freelaw,0.05,81,-0.02272806684298706,-0.01226029355659275,0.02622307699135249,0.9506172839506173,"quadratic-model non-additivity; conditional association, not causal synergy"
metric/the_pile_stackexchange_val_loss,pubmed_central,uspto_backgrounds,stackexchange,0.05,81,-0.027869980062871547,-0.011655049703781728,0.030938380191980513,0.9753086419753086,"quadratic-model non-additivity; conditional association, not causal synergy"
metric/the_pile_stackexchange_val_loss,pubmed_central,uspto_backgrounds,github,0.05,81,-0.030955563685698222,-0.011839456112267221,0.034439368764476015,0.9753086419753086,"quadratic-model non-additivity; conditional association, not causal synergy"
metric/the_pile_stackexchange_val_loss,pubmed_central,uspto_backgrounds,arxiv,0.05,81,-0.01391080942169906,-0.007723169773222516,0.017154839428965164,0.9629629629629629,"quadratic-model non-additivity; conditional association, not causal synergy"
metric/the_pile_stackexchange_val_loss,pubmed_central,uspto_backgrounds,pile_cc,0.05,81,-0.011414513863421603,-0.0072160137364045696,0.014517556170623145,0.9382716049382716,"quadratic-model non-additivity; conditional association, not causal synergy"
metric/the_pile_stackexchange_val_loss,pubmed_central,freelaw,stackexchange,0.05,81,-0.014872851821791464,-0.007755632819563374,0.01844162497706165,0.9259259259259259,"quadratic-model non-additivity; conditional association, not causal synergy"
metric/the_pile_stackexchange_val_loss,pubmed_central,freelaw,github,0.05,81,-0.02465525326322701,-0.013369810285966288,0.028736518907805448,0.9259259259259259,"quadratic-model non-additivity; conditional association, not causal synergy"
metric/the_pile_stackexchange_val_loss,pubmed_central,freelaw,arxiv,0.05,81,-0.03324259511707403,-0.01939010988373635,0.03680550794894121,0.9629629629629629,"quadratic-model non-additivity; conditional association, not causal synergy"
metric/the_pile_stackexchange_val_loss,pubmed_central,freelaw,pile_cc,0.05,81,-0.03700775195629096,-0.01898693388515582,0.04046038685069575,0.9753086419753086,"quadratic-model non-additivity; conditional association, not causal synergy"
metric/the_pile_stackexchange_val_loss,pubmed_central,stackexchange,github,0.05,81,0.14884429693191853,0.040350985674439954,0.15055586082846523,0.8888888888888888,"quadratic-model non-additivity; conditional association, not causal synergy"
metric/the_pile_stackexchange_val_loss,pubmed_central,stackexchange,arxiv,0.05,81,-0.0010442721035607571,0.0005058613094517384,0.0060204687958415395,0.5555555555555556,"quadratic-model non-additivity; conditional association, not causal synergy"
metric/the_pile_stackexchange_val_loss,pubmed_central,stackexchange,pile_cc,0.05,81,0.01673027574448588,0.006183723060565249,0.021611925265801506,0.7283950617283951,"quadratic-model non-additivity; conditional association, not causal synergy"
metric/the_pile_stackexchange_val_loss,pubmed_central,github,arxiv,0.05,81,-0.015311198421696788,-0.007038359584008447,0.01928176079894325,0.9135802469135802,"quadratic-model non-additivity; conditional association, not causal synergy"
metric/the_pile_stackexchange_val_loss,pubmed_central,github,pile_cc,0.05,81,0.0007383271640441975,0.0011974538942816082,0.008945610440333552,0.654320987654321,"quadratic-model non-additivity; conditional association, not causal synergy"
metric/the_pile_stackexchange_val_loss,pubmed_central,arxiv,pile_cc,0.05,81,-0.031591752066050804,-0.01589646621855323,0.03478055410527891,0.9753086419753086,"quadratic-model non-additivity; conditional association, not causal synergy"
metric/the_pile_stackexchange_val_loss,pile_cc,wikipedia_en,uspto_backgrounds,0.05,68,0.021308133305253725,0.00569148339324288,0.022710865793355475,0.8970588235294118,"quadratic-model non-additivity; conditional association, not causal synergy"
metric/the_pile_stackexchange_val_loss,pile_cc,wikipedia_en,freelaw,0.05,68,-0.0047756530277832205,-0.0001399603472651556,0.008739037055327211,0.5441176470588235,"quadratic-model non-additivity; conditional association, not causal synergy"
metric/the_pile_stackexchange_val_loss,pile_cc,wikipedia_en,stackexchange,0.05,68,5.425156136949853e-06,0.0004991699390619608,0.0044509949538453575,0.5441176470588235,"quadratic-model non-additivity; conditional association, not causal synergy"
metric/the_pile_stackexchange_val_loss,pile_cc,wikipedia_en,github,0.05,68,-0.024363805270034292,-0.009018843844623259,0.025540904476774446,0.9117647058823529,"quadratic-model non-additivity; conditional association, not causal synergy"
metric/the_pile_stackexchange_val_loss,pile_cc,wikipedia_en,arxiv,0.05,68,-0.007771955534615078,-0.0010686612632175851,0.010912613247202177,0.6470588235294118,"quadratic-model non-additivity; conditional association, not causal synergy"
metric/the_pile_stackexchange_val_loss,pile_cc,wikipedia_en,pubmed_central,0.05,68,-0.015998920451755987,-0.0018671368780416309,0.018468217495890248,0.75,"quadratic-model non-additivity; conditional association, not causal synergy"
metric/the_pile_stackexchange_val_loss,pile_cc,uspto_backgrounds,freelaw,0.05,68,-0.018814958564491863,-0.005597337910850264,0.020969797848695924,0.75,"quadratic-model non-additivity; conditional association, not causal synergy"
metric/the_pile_stackexchange_val_loss,pile_cc,uspto_backgrounds,stackexchange,0.05,68,-0.025554650011391927,-0.009436073629734754,0.02568074770368211,0.9705882352941176,"quadratic-model non-additivity; conditional association, not causal synergy"
metric/the_pile_stackexchange_val_loss,pile_cc,uspto_backgrounds,github,0.05,68,-0.029598434824551347,-0.010100635280226644,0.030093819663253574,0.9558823529411765,"quadratic-model non-additivity; conditional association, not causal synergy"
metric/the_pile_stackexchange_val_loss,pile_cc,uspto_backgrounds,arxiv,0.05,68,-0.006219693520223172,-0.0016973963547570747,0.008493313424918965,0.75,"quadratic-model non-additivity; conditional association, not causal synergy"
metric/the_pile_stackexchange_val_loss,pile_cc,uspto_backgrounds,pubmed_central,0.05,68,-0.009328509113004776,-0.002711448385217974,0.011532484309227264,0.7794117647058824,"quadratic-model non-additivity; conditional association, not causal synergy"
metric/the_pile_stackexchange_val_loss,pile_cc,freelaw,stackexchange,0.05,68,-0.016398775999926504,-0.004717194486852261,0.017437810236260884,0.8235294117647058,"quadratic-model non-additivity; conditional association, not causal synergy"
metric/the_pile_stackexchange_val_loss,pile_cc,freelaw,github,0.05,68,-0.02100506052277605,-0.011075186800695302,0.02277932835068997,0.8235294117647058,"quadratic-model non-additivity; conditional association, not causal synergy"
metric/the_pile_stackexchange_val_loss,pile_cc,freelaw,arxiv,0.05,68,-0.02961482775664476,-0.007171441073178908,0.031648207990552964,0.75,"quadratic-model non-additivity; conditional association, not causal synergy"
metric/the_pile_stackexchange_val_loss,pile_cc,freelaw,pubmed_central,0.05,68,-0.030848100694897414,-0.005199358666117426,0.033825483550799354,0.7794117647058824,"quadratic-model non-additivity; conditional association, not causal synergy"
metric/the_pile_stackexchange_val_loss,pile_cc,stackexchange,github,0.05,68,0.1919375487861455,0.06699832639681924,0.19385101040125738,0.8823529411764706,"quadratic-model non-additivity; conditional association, not causal synergy"
metric/the_pile_stackexchange_val_loss,pile_cc,stackexchange,arxiv,0.05,68,-0.0012304563390036166,-0.0008115105414545631,0.002999592906511469,0.6470588235294118,"quadratic-model non-additivity; conditional association, not causal synergy"
metric/the_pile_stackexchange_val_loss,pile_cc,stackexchange,pubmed_central,0.05,68,-0.03715916810015834,-0.011006473108265524,0.037401239482387875,0.9558823529411765,"quadratic-model non-additivity; conditional association, not causal synergy"
metric/the_pile_stackexchange_val_loss,pile_cc,github,arxiv,0.05,68,-0.01898613087764284,-0.006023539861813365,0.0206080946589951,0.8823529411764706,"quadratic-model non-additivity; conditional association, not causal synergy"
metric/the_pile_stackexchange_val_loss,pile_cc,github,pubmed_central,0.05,68,-0.0484923271946552,-0.015041886029727003,0.049432515001258955,0.9411764705882353,"quadratic-model non-additivity; conditional association, not causal synergy"
metric/the_pile_stackexchange_val_loss,pile_cc,arxiv,pubmed_central,0.05,68,-0.02883476792893606,-0.006129302369225265,0.03151507458787188,0.7647058823529411,"quadratic-model non-additivity; conditional association, not causal synergy"
metric/the_pile_gutenberg_pg_19_val_loss,wikipedia_en,uspto_backgrounds,freelaw,0.05,49,-0.010429190944277902,-0.0049835774124256105,0.010820806747582854,0.9591836734693877,"quadratic-model non-additivity; conditional association, not causal synergy"
metric/the_pile_gutenberg_pg_19_val_loss,wikipedia_en,uspto_backgrounds,stackexchange,0.05,49,-0.017574131060480593,-0.007146359395162172,0.018187148055632547,0.9183673469387755,"quadratic-model non-additivity; conditional association, not causal synergy"
metric/the_pile_gutenberg_pg_19_val_loss,wikipedia_en,uspto_backgrounds,github,0.05,49,-0.007848069944646287,-0.00216683726694189,0.011510540810154818,0.7346938775510204,"quadratic-model non-additivity; conditional association, not causal synergy"
metric/the_pile_gutenberg_pg_19_val_loss,wikipedia_en,uspto_backgrounds,arxiv,0.05,49,-0.007334371783471974,-0.0025633302888685705,0.008754037512272123,0.8571428571428571,"quadratic-model non-additivity; conditional association, not causal synergy"
metric/the_pile_gutenberg_pg_19_val_loss,wikipedia_en,uspto_backgrounds,pubmed_central,0.05,49,-0.010568866903020776,-0.003809847085396889,0.01187000406107584,0.9387755102040817,"quadratic-model non-additivity; conditional association, not causal synergy"
metric/the_pile_gutenberg_pg_19_val_loss,wikipedia_en,uspto_backgrounds,pile_cc,0.05,49,-0.017492572161754677,-0.005309512059458399,0.018315682905132528,0.9795918367346939,"quadratic-model non-additivity; conditional association, not causal synergy"
metric/the_pile_gutenberg_pg_19_val_loss,wikipedia_en,freelaw,stackexchange,0.05,49,-0.002193166135300241,-0.0011886316337292868,0.0034774117709263563,0.8775510204081632,"quadratic-model non-additivity; conditional association, not causal synergy"
metric/the_pile_gutenberg_pg_19_val_loss,wikipedia_en,freelaw,github,0.05,49,-0.009264106852702752,-0.00327174021931409,0.012665666532289411,0.7959183673469388,"quadratic-model non-additivity; conditional association, not causal synergy"
metric/the_pile_gutenberg_pg_19_val_loss,wikipedia_en,freelaw,arxiv,0.05,49,-0.019587333287736975,-0.006617325446793387,0.020327359786053777,0.9183673469387755,"quadratic-model non-additivity; conditional association, not causal synergy"
metric/the_pile_gutenberg_pg_19_val_loss,wikipedia_en,freelaw,pubmed_central,0.05,49,-0.02380035620225356,-0.007726716272872913,0.024748321747907687,0.9387755102040817,"quadratic-model non-additivity; conditional association, not causal synergy"
metric/the_pile_gutenberg_pg_19_val_loss,wikipedia_en,freelaw,pile_cc,0.05,49,0.004187434359541763,0.0015165957193365998,0.0073182871345937655,0.7142857142857143,"quadratic-model non-additivity; conditional association, not causal synergy"
metric/the_pile_gutenberg_pg_19_val_loss,wikipedia_en,stackexchange,github,0.05,49,-0.0014721564916072322,-0.0008814979235296505,0.007446603843361603,0.6326530612244898,"quadratic-model non-additivity; conditional association, not causal synergy"
metric/the_pile_gutenberg_pg_19_val_loss,wikipedia_en,stackexchange,arxiv,0.05,49,-0.008288617999665054,-0.0036115597768011654,0.011086055995695425,0.8367346938775511,"quadratic-model non-additivity; conditional association, not causal synergy"
metric/the_pile_gutenberg_pg_19_val_loss,wikipedia_en,stackexchange,pubmed_central,0.05,49,-0.01625640239054153,-0.006897846635163241,0.019133377927072544,0.8775510204081632,"quadratic-model non-additivity; conditional association, not causal synergy"
metric/the_pile_gutenberg_pg_19_val_loss,wikipedia_en,stackexchange,pile_cc,0.05,49,-0.0049982327058233494,-0.0026832899363782303,0.006898485891905729,0.8367346938775511,"quadratic-model non-additivity; conditional association, not causal synergy"
metric/the_pile_gutenberg_pg_19_val_loss,wikipedia_en,github,arxiv,0.05,49,-0.021352952731144396,-0.00519169790737628,0.02694855869738953,0.8163265306122449,"quadratic-model non-additivity; conditional association, not causal synergy"
metric/the_pile_gutenberg_pg_19_val_loss,wikipedia_en,github,pubmed_central,0.05,49,-0.015742688910451427,-0.004054484546749393,0.02372126371231366,0.7142857142857143,"quadratic-model non-additivity; conditional association, not causal synergy"
metric/the_pile_gutenberg_pg_19_val_loss,wikipedia_en,github,pile_cc,0.05,49,-0.022219819658155355,-0.005437662179529568,0.02573034535285664,0.8163265306122449,"quadratic-model non-additivity; conditional association, not causal synergy"
metric/the_pile_gutenberg_pg_19_val_loss,wikipedia_en,arxiv,pubmed_central,0.05,49,-0.015632168828793033,-0.006536326043141472,0.018140192039432977,0.8775510204081632,"quadratic-model non-additivity; conditional association, not causal synergy"
metric/the_pile_gutenberg_pg_19_val_loss,wikipedia_en,arxiv,pile_cc,0.05,49,-0.025232662813436748,-0.007783131537180132,0.027484331694341578,0.8571428571428571,"quadratic-model non-additivity; conditional association, not causal synergy"
metric/the_pile_gutenberg_pg_19_val_loss,wikipedia_en,pubmed_central,pile_cc,0.05,49,-0.013100939664757517,-0.005454582992181045,0.015217486370719024,0.8775510204081632,"quadratic-model non-additivity; conditional association, not causal synergy"
metric/the_pile_gutenberg_pg_19_val_loss,uspto_backgrounds,wikipedia_en,freelaw,0.05,59,0.0008469195198697872,-5.097135602838421e-05,0.00892543317110926,0.5084745762711864,"quadratic-model non-additivity; conditional association, not causal synergy"
metric/the_pile_gutenberg_pg_19_val_loss,uspto_backgrounds,wikipedia_en,stackexchange,0.05,59,-0.0020549968742990523,-0.00073815495971985,0.006534117011515647,0.6271186440677966,"quadratic-model non-additivity; conditional association, not causal synergy"
metric/the_pile_gutenberg_pg_19_val_loss,uspto_backgrounds,wikipedia_en,github,0.05,59,-0.03338958603689484,-0.01601543850878251,0.03338958603689484,1.0,"quadratic-model non-additivity; conditional association, not causal synergy"
metric/the_pile_gutenberg_pg_19_val_loss,uspto_backgrounds,wikipedia_en,arxiv,0.05,59,-0.01578275690974443,-0.006542328317558521,0.01578275690974443,1.0,"quadratic-model non-additivity; conditional association, not causal synergy"
metric/the_pile_gutenberg_pg_19_val_loss,uspto_backgrounds,wikipedia_en,pubmed_central,0.05,59,-0.011732354258822153,-0.0054320451383720325,0.011791505636734315,0.9830508474576272,"quadratic-model non-additivity; conditional association, not causal synergy"
metric/the_pile_gutenberg_pg_19_val_loss,uspto_backgrounds,wikipedia_en,pile_cc,0.05,59,0.003049760725590115,2.9734987424312465e-05,0.01240965808201839,0.5084745762711864,"quadratic-model non-additivity; conditional association, not causal synergy"
metric/the_pile_gutenberg_pg_19_val_loss,uspto_backgrounds,freelaw,stackexchange,0.05,59,-0.0026038646497737058,-0.0006836951961268767,0.0031451162456390567,0.7796610169491526,"quadratic-model non-additivity; conditional association, not causal synergy"
metric/the_pile_gutenberg_pg_19_val_loss,uspto_backgrounds,freelaw,github,0.05,59,-0.014554248073020139,-0.009291135530636652,0.014554248073020139,1.0,"quadratic-model non-additivity; conditional association, not causal synergy"
metric/the_pile_gutenberg_pg_19_val_loss,uspto_backgrounds,freelaw,arxiv,0.05,59,-0.024626450450753064,-0.013125657810697078,0.024626450450753064,1.0,"quadratic-model non-additivity; conditional association, not causal synergy"
metric/the_pile_gutenberg_pg_19_val_loss,uspto_backgrounds,freelaw,pubmed_central,0.05,59,-0.021412667211192258,-0.004865647306415255,0.021412667211192258,1.0,"quadratic-model non-additivity; conditional association, not causal synergy"
metric/the_pile_gutenberg_pg_19_val_loss,uspto_backgrounds,freelaw,pile_cc,0.05,59,0.0039686843342272606,0.001631868810984649,0.008713107986116648,0.6440677966101694,"quadratic-model non-additivity; conditional association, not causal synergy"
metric/the_pile_gutenberg_pg_19_val_loss,uspto_backgrounds,stackexchange,github,0.05,59,-0.007761053695966066,-0.0036412069200153496,0.007893013773136996,0.9491525423728814,"quadratic-model non-additivity; conditional association, not causal synergy"
metric/the_pile_gutenberg_pg_19_val_loss,uspto_backgrounds,stackexchange,arxiv,0.05,59,-0.01140103139408026,-0.004126735421469796,0.011456650908624718,0.9830508474576272,"quadratic-model non-additivity; conditional association, not causal synergy"
metric/the_pile_gutenberg_pg_19_val_loss,uspto_backgrounds,stackexchange,pubmed_central,0.05,59,-0.01829055742453499,-0.005692237404249845,0.01888449548588091,0.9661016949152542,"quadratic-model non-additivity; conditional association, not causal synergy"
metric/the_pile_gutenberg_pg_19_val_loss,uspto_backgrounds,stackexchange,pile_cc,0.05,59,-0.004728830317063592,-0.001657951834030058,0.0052056067553638485,0.8135593220338984,"quadratic-model non-additivity; conditional association, not causal synergy"
metric/the_pile_gutenberg_pg_19_val_loss,uspto_backgrounds,github,arxiv,0.05,59,-0.023458665730678296,-0.009616160130043738,0.023458665730678296,1.0,"quadratic-model non-additivity; conditional association, not causal synergy"
metric/the_pile_gutenberg_pg_19_val_loss,uspto_backgrounds,github,pubmed_central,0.05,59,-0.023653010635610924,-0.008837128870576194,0.0236539001123263,0.9830508474576272,"quadratic-model non-additivity; conditional association, not causal synergy"
metric/the_pile_gutenberg_pg_19_val_loss,uspto_backgrounds,github,pile_cc,0.05,59,-0.02052784784334503,-0.006869895348035726,0.020537593990424707,0.9830508474576272,"quadratic-model non-additivity; conditional association, not causal synergy"
metric/the_pile_gutenberg_pg_19_val_loss,uspto_backgrounds,arxiv,pubmed_central,0.05,59,-0.021247561735463542,-0.006882811472343597,0.021247561735463542,1.0,"quadratic-model non-additivity; conditional association, not causal synergy"
metric/the_pile_gutenberg_pg_19_val_loss,uspto_backgrounds,arxiv,pile_cc,0.05,59,-0.02324794786325935,-0.007175279329873163,0.02324794786325935,1.0,"quadratic-model non-additivity; conditional association, not causal synergy"
metric/the_pile_gutenberg_pg_19_val_loss,uspto_backgrounds,pubmed_central,pile_cc,0.05,59,-0.01912547332758248,-0.00555585234884326,0.01966052457165889,0.9491525423728814,"quadratic-model non-additivity; conditional association, not causal synergy"
metric/the_pile_gutenberg_pg_19_val_loss,freelaw,wikipedia_en,uspto_backgrounds,0.05,47,0.014840310605552524,0.007527577036594124,0.01684316042186048,0.8936170212765957,"quadratic-model non-additivity; conditional association, not causal synergy"
metric/the_pile_gutenberg_pg_19_val_loss,freelaw,wikipedia_en,stackexchange,0.05,47,0.0023460737469775004,0.0013787815483281562,0.006194076309887883,0.723404255319149,"quadratic-model non-additivity; conditional association, not causal synergy"
metric/the_pile_gutenberg_pg_19_val_loss,freelaw,wikipedia_en,github,0.05,47,-0.026964885996145327,-0.009107591111792601,0.028939929062880555,0.8085106382978723,"quadratic-model non-additivity; conditional association, not causal synergy"
metric/the_pile_gutenberg_pg_19_val_loss,freelaw,wikipedia_en,arxiv,0.05,47,-0.007065773607113583,-0.0029319686432565106,0.011658260239341724,0.7446808510638298,"quadratic-model non-additivity; conditional association, not causal synergy"
metric/the_pile_gutenberg_pg_19_val_loss,freelaw,wikipedia_en,pubmed_central,0.05,47,-0.0052795009299585255,-0.003559797502384221,0.007918963255419785,0.7659574468085106,"quadratic-model non-additivity; conditional association, not causal synergy"
metric/the_pile_gutenberg_pg_19_val_loss,freelaw,wikipedia_en,pile_cc,0.05,47,0.009108655939854562,0.0032020063874798055,0.014161657561918945,0.723404255319149,"quadratic-model non-additivity; conditional association, not causal synergy"
metric/the_pile_gutenberg_pg_19_val_loss,freelaw,uspto_backgrounds,stackexchange,0.05,47,-0.010658500211815641,-0.004241003229407347,0.01329148479802773,0.7872340425531915,"quadratic-model non-additivity; conditional association, not causal synergy"
metric/the_pile_gutenberg_pg_19_val_loss,freelaw,uspto_backgrounds,github,0.05,47,-0.0053285862793738805,-0.0013100293766097337,0.00882890923647204,0.6382978723404256,"quadratic-model non-additivity; conditional association, not causal synergy"
metric/the_pile_gutenberg_pg_19_val_loss,freelaw,uspto_backgrounds,arxiv,0.05,47,-0.001403187620249068,-0.00021660808823931177,0.006899955535308573,0.5319148936170213,"quadratic-model non-additivity; conditional association, not causal synergy"
metric/the_pile_gutenberg_pg_19_val_loss,freelaw,uspto_backgrounds,pubmed_central,0.05,47,-0.004749508187595037,-0.0014428920218110264,0.009106184480222948,0.6382978723404256,"quadratic-model non-additivity; conditional association, not causal synergy"
metric/the_pile_gutenberg_pg_19_val_loss,freelaw,uspto_backgrounds,pile_cc,0.05,47,-0.01338045473551467,-0.004899164967414826,0.015178008466501159,0.8936170212765957,"quadratic-model non-additivity; conditional association, not causal synergy"
metric/the_pile_gutenberg_pg_19_val_loss,freelaw,stackexchange,github,0.05,47,-0.0036317761328376833,-0.0012986709801108276,0.007109263028128241,0.6808510638297872,"quadratic-model non-additivity; conditional association, not causal synergy"
metric/the_pile_gutenberg_pg_19_val_loss,freelaw,stackexchange,arxiv,0.05,47,-0.0076629915718709725,-0.0019909327415996714,0.011158074498208322,0.6382978723404256,"quadratic-model non-additivity; conditional association, not causal synergy"
metric/the_pile_gutenberg_pg_19_val_loss,freelaw,stackexchange,pubmed_central,0.05,47,-0.017408085192233812,-0.003982548068799829,0.01916380421243273,0.7872340425531915,"quadratic-model non-additivity; conditional association, not causal synergy"
metric/the_pile_gutenberg_pg_19_val_loss,freelaw,stackexchange,pile_cc,0.05,47,-0.0055421475716277945,-0.0018471794587631152,0.006851797621103475,0.8723404255319149,"quadratic-model non-additivity; conditional association, not causal synergy"
metric/the_pile_gutenberg_pg_19_val_loss,freelaw,github,arxiv,0.05,47,-0.01779299389511459,-0.003846544433105059,0.021175315957582812,0.7446808510638298,"quadratic-model non-additivity; conditional association, not causal synergy"
metric/the_pile_gutenberg_pg_19_val_loss,freelaw,github,pubmed_central,0.05,47,-0.022464117713093208,-0.0040181670688044235,0.025958590457264546,0.723404255319149,"quadratic-model non-additivity; conditional association, not causal synergy"
metric/the_pile_gutenberg_pg_19_val_loss,freelaw,github,pile_cc,0.05,47,-0.02665407994455467,-0.007166865470599859,0.0288816942919635,0.8723404255319149,"quadratic-model non-additivity; conditional association, not causal synergy"
metric/the_pile_gutenberg_pg_19_val_loss,freelaw,arxiv,pubmed_central,0.05,47,-0.010831696490644587,-0.0025127728721354714,0.01680311931585585,0.6382978723404256,"quadratic-model non-additivity; conditional association, not causal synergy"
metric/the_pile_gutenberg_pg_19_val_loss,freelaw,arxiv,pile_cc,0.05,47,-0.028276018483701024,-0.008579128858597684,0.029842101744927123,0.851063829787234,"quadratic-model non-additivity; conditional association, not causal synergy"
metric/the_pile_gutenberg_pg_19_val_loss,freelaw,pubmed_central,pile_cc,0.05,47,-0.01633747199791108,-0.006716136329461442,0.0181114290421351,0.8723404255319149,"quadratic-model non-additivity; conditional association, not causal synergy"
metric/the_pile_gutenberg_pg_19_val_loss,stackexchange,wikipedia_en,uspto_backgrounds,0.05,72,0.01725484672868897,0.007378752371989705,0.02044961074931864,0.7083333333333334,"quadratic-model non-additivity; conditional association, not causal synergy"
metric/the_pile_gutenberg_pg_19_val_loss,stackexchange,wikipedia_en,freelaw,0.05,72,0.0034177551239896863,0.0010842134512798474,0.009661390345589696,0.5972222222222222,"quadratic-model non-additivity; conditional association, not causal synergy"
metric/the_pile_gutenberg_pg_19_val_loss,stackexchange,wikipedia_en,github,0.05,72,-0.03051856862626745,-0.01230013128250107,0.03051856862626745,1.0,"quadratic-model non-additivity; conditional association, not causal synergy"
metric/the_pile_gutenberg_pg_19_val_loss,stackexchange,wikipedia_en,arxiv,0.05,72,-0.010494259164286836,-0.005231594384335736,0.01086356262213153,0.9722222222222222,"quadratic-model non-additivity; conditional association, not causal synergy"
metric/the_pile_gutenberg_pg_19_val_loss,stackexchange,wikipedia_en,pubmed_central,0.05,72,-0.008032583285884335,-0.004141544059155233,0.008451034615135078,0.9444444444444444,"quadratic-model non-additivity; conditional association, not causal synergy"
metric/the_pile_gutenberg_pg_19_val_loss,stackexchange,wikipedia_en,pile_cc,0.05,72,0.004830616483364087,5.477488518135232e-05,0.011200169694741111,0.5138888888888888,"quadratic-model non-additivity; conditional association, not causal synergy"
metric/the_pile_gutenberg_pg_19_val_loss,stackexchange,uspto_backgrounds,freelaw,0.05,72,-0.010808424690068695,-0.00574075411098951,0.011437307123640562,0.9583333333333334,"quadratic-model non-additivity; conditional association, not causal synergy"
metric/the_pile_gutenberg_pg_19_val_loss,stackexchange,uspto_backgrounds,github,0.05,72,-0.009786664876006471,-0.004496921381645258,0.010988065508055225,0.9444444444444444,"quadratic-model non-additivity; conditional association, not causal synergy"
metric/the_pile_gutenberg_pg_19_val_loss,stackexchange,uspto_backgrounds,arxiv,0.05,72,-0.0062794884276120445,-0.003700276901076105,0.00770200559032942,0.875,"quadratic-model non-additivity; conditional association, not causal synergy"
metric/the_pile_gutenberg_pg_19_val_loss,stackexchange,uspto_backgrounds,pubmed_central,0.05,72,-0.008794510694999789,-0.0027557362040782074,0.010376019546947137,0.8888888888888888,"quadratic-model non-additivity; conditional association, not causal synergy"
metric/the_pile_gutenberg_pg_19_val_loss,stackexchange,uspto_backgrounds,pile_cc,0.05,72,-0.014913741203628317,-0.008141239948857404,0.01506915330144476,0.9166666666666666,"quadratic-model non-additivity; conditional association, not causal synergy"
metric/the_pile_gutenberg_pg_19_val_loss,stackexchange,freelaw,github,0.05,72,-0.01701868236000719,-0.009484587004719547,0.01718758819054315,0.9722222222222222,"quadratic-model non-additivity; conditional association, not causal synergy"
metric/the_pile_gutenberg_pg_19_val_loss,stackexchange,freelaw,arxiv,0.05,72,-0.023351446792717168,-0.008070335883870516,0.02339199649333236,0.9722222222222222,"quadratic-model non-additivity; conditional association, not causal synergy"
metric/the_pile_gutenberg_pg_19_val_loss,stackexchange,freelaw,pubmed_central,0.05,72,-0.026821642521639828,-0.007810679520927177,0.027407099338962078,0.9583333333333334,"quadratic-model non-additivity; conditional association, not causal synergy"
metric/the_pile_gutenberg_pg_19_val_loss,stackexchange,freelaw,pile_cc,0.05,72,0.004204004413537497,0.0011903740948850938,0.009659920826402484,0.5833333333333334,"quadratic-model non-additivity; conditional association, not causal synergy"
metric/the_pile_gutenberg_pg_19_val_loss,stackexchange,github,arxiv,0.05,72,-0.019353439919223052,-0.006401970350490949,0.01992782123210331,0.9583333333333334,"quadratic-model non-additivity; conditional association, not causal synergy"
metric/the_pile_gutenberg_pg_19_val_loss,stackexchange,github,pubmed_central,0.05,72,-0.022044025858103514,-0.006713806481990492,0.022669900165677256,0.9722222222222222,"quadratic-model non-additivity; conditional association, not causal synergy"
metric/the_pile_gutenberg_pg_19_val_loss,stackexchange,github,pile_cc,0.05,72,-0.023887682318053532,-0.00953508250403079,0.023887682318053532,1.0,"quadratic-model non-additivity; conditional association, not causal synergy"
metric/the_pile_gutenberg_pg_19_val_loss,stackexchange,arxiv,pubmed_central,0.05,72,-0.01914682049981621,-0.005812085359448105,0.019941595497167994,0.9583333333333334,"quadratic-model non-additivity; conditional association, not causal synergy"
metric/the_pile_gutenberg_pg_19_val_loss,stackexchange,arxiv,pile_cc,0.05,72,-0.023865819981414547,-0.007348103339895218,0.023871908121901604,0.9722222222222222,"quadratic-model non-additivity; conditional association, not causal synergy"
metric/the_pile_gutenberg_pg_19_val_loss,stackexchange,pubmed_central,pile_cc,0.05,72,-0.01861960192204902,-0.008552900106844508,0.019371985121292654,0.9444444444444444,"quadratic-model non-additivity; conditional association, not causal synergy"
metric/the_pile_gutenberg_pg_19_val_loss,github,wikipedia_en,uspto_backgrounds,0.05,77,0.019279624982481768,0.008575723656571554,0.022460846069903825,0.7402597402597403,"quadratic-model non-additivity; conditional association, not causal synergy"
metric/the_pile_gutenberg_pg_19_val_loss,github,wikipedia_en,freelaw,0.05,77,0.008474178665552246,0.004010061998005021,0.011473004853660415,0.7272727272727273,"quadratic-model non-additivity; conditional association, not causal synergy"
metric/the_pile_gutenberg_pg_19_val_loss,github,wikipedia_en,stackexchange,0.05,77,0.0019208367529727514,0.0014698551069391996,0.0073629308065407085,0.6103896103896104,"quadratic-model non-additivity; conditional association, not causal synergy"
metric/the_pile_gutenberg_pg_19_val_loss,github,wikipedia_en,arxiv,0.05,77,-0.010457135415999665,-0.005162551968413531,0.010845484125561529,0.935064935064935,"quadratic-model non-additivity; conditional association, not causal synergy"
metric/the_pile_gutenberg_pg_19_val_loss,github,wikipedia_en,pubmed_central,0.05,77,-0.007428612999186743,-0.004348666948623681,0.007762415781336097,0.935064935064935,"quadratic-model non-additivity; conditional association, not causal synergy"
metric/the_pile_gutenberg_pg_19_val_loss,github,wikipedia_en,pile_cc,0.05,77,0.013814269838465943,0.008800563215552337,0.01570991316718487,0.7922077922077922,"quadratic-model non-additivity; conditional association, not causal synergy"
metric/the_pile_gutenberg_pg_19_val_loss,github,uspto_backgrounds,freelaw,0.05,77,-0.012568745977011712,-0.008147113572816167,0.012568745977011712,1.0,"quadratic-model non-additivity; conditional association, not causal synergy"
metric/the_pile_gutenberg_pg_19_val_loss,github,uspto_backgrounds,stackexchange,0.05,77,-0.022616214884206055,-0.015075282091745024,0.022616214884206055,1.0,"quadratic-model non-additivity; conditional association, not causal synergy"
metric/the_pile_gutenberg_pg_19_val_loss,github,uspto_backgrounds,arxiv,0.05,77,-0.010564155117310962,-0.006166721636628125,0.010672917833594336,0.987012987012987,"quadratic-model non-additivity; conditional association, not causal synergy"
metric/the_pile_gutenberg_pg_19_val_loss,github,uspto_backgrounds,pubmed_central,0.05,77,-0.011315679370803914,-0.007454973705743662,0.011346403929935495,0.987012987012987,"quadratic-model non-additivity; conditional association, not causal synergy"
metric/the_pile_gutenberg_pg_19_val_loss,github,uspto_backgrounds,pile_cc,0.05,77,-0.017633761142412992,-0.009365136534864149,0.01778049391669953,0.987012987012987,"quadratic-model non-additivity; conditional association, not causal synergy"
metric/the_pile_gutenberg_pg_19_val_loss,github,freelaw,stackexchange,0.05,77,-0.006414211162435215,-0.003020226700486184,0.0064144180104101995,0.987012987012987,"quadratic-model non-additivity; conditional association, not causal synergy"
metric/the_pile_gutenberg_pg_19_val_loss,github,freelaw,arxiv,0.05,77,-0.025779897420435474,-0.01649681208381537,0.025890566892213678,0.987012987012987,"quadratic-model non-additivity; conditional association, not causal synergy"
metric/the_pile_gutenberg_pg_19_val_loss,github,freelaw,pubmed_central,0.05,77,-0.025645450901865315,-0.015354113425032345,0.025645450901865315,1.0,"quadratic-model non-additivity; conditional association, not causal synergy"
metric/the_pile_gutenberg_pg_19_val_loss,github,freelaw,pile_cc,0.05,77,0.007672579334086423,0.0039120605441160805,0.010737463986720715,0.7662337662337663,"quadratic-model non-additivity; conditional association, not causal synergy"
metric/the_pile_gutenberg_pg_19_val_loss,github,stackexchange,arxiv,0.05,77,-0.015680608247106657,-0.0099568038660518,0.015680608247106657,1.0,"quadratic-model non-additivity; conditional association, not causal synergy"
metric/the_pile_gutenberg_pg_19_val_loss,github,stackexchange,pubmed_central,0.05,77,-0.023073895180354333,-0.012281841177293806,0.023073895180354333,1.0,"quadratic-model non-additivity; conditional association, not causal synergy"
metric/the_pile_gutenberg_pg_19_val_loss,github,stackexchange,pile_cc,0.05,77,-0.0071651810837237056,-0.004424564193620029,0.007501432911534554,0.948051948051948,"quadratic-model non-additivity; conditional association, not causal synergy"
metric/the_pile_gutenberg_pg_19_val_loss,github,arxiv,pubmed_central,0.05,77,-0.021268875311281864,-0.009731182094021129,0.02132376793804749,0.987012987012987,"quadratic-model non-additivity; conditional association, not causal synergy"
metric/the_pile_gutenberg_pg_19_val_loss,github,arxiv,pile_cc,0.05,77,-0.029466770230622583,-0.01342404784196738,0.02966632030429239,0.987012987012987,"quadratic-model non-additivity; conditional association, not causal synergy"
metric/the_pile_gutenberg_pg_19_val_loss,github,pubmed_central,pile_cc,0.05,77,-0.020577682397617987,-0.010338556012784217,0.020827966178824816,0.974025974025974,"quadratic-model non-additivity; conditional association, not causal synergy"
metric/the_pile_gutenberg_pg_19_val_loss,arxiv,wikipedia_en,uspto_backgrounds,0.05,65,0.017941298016149212,0.008137570468267796,0.024913677211392347,0.7076923076923077,"quadratic-model non-additivity; conditional association, not causal synergy"
metric/the_pile_gutenberg_pg_19_val_loss,arxiv,wikipedia_en,freelaw,0.05,65,0.00868249377264584,0.006768083940989378,0.012878292286126676,0.7538461538461538,"quadratic-model non-additivity; conditional association, not causal synergy"
metric/the_pile_gutenberg_pg_19_val_loss,arxiv,wikipedia_en,stackexchange,0.05,65,-0.0004998049470506963,0.00013562595710947534,0.006244070132300864,0.5384615384615384,"quadratic-model non-additivity; conditional association, not causal synergy"
metric/the_pile_gutenberg_pg_19_val_loss,arxiv,wikipedia_en,github,0.05,65,-0.032288928872895556,-0.01660745872379632,0.032288928872895556,1.0,"quadratic-model non-additivity; conditional association, not causal synergy"
metric/the_pile_gutenberg_pg_19_val_loss,arxiv,wikipedia_en,pubmed_central,0.05,65,-0.009853782965530328,-0.006274102746194998,0.009869709267041836,0.9846153846153847,"quadratic-model non-additivity; conditional association, not causal synergy"
metric/the_pile_gutenberg_pg_19_val_loss,arxiv,wikipedia_en,pile_cc,0.05,65,0.00879381855953894,0.00243647802790381,0.011405658814189347,0.7384615384615385,"quadratic-model non-additivity; conditional association, not causal synergy"
metric/the_pile_gutenberg_pg_19_val_loss,arxiv,uspto_backgrounds,freelaw,0.05,65,-0.011244543615837224,-0.007312954923930803,0.011280932208906882,0.9692307692307692,"quadratic-model non-additivity; conditional association, not causal synergy"
metric/the_pile_gutenberg_pg_19_val_loss,arxiv,uspto_backgrounds,stackexchange,0.05,65,-0.01718242949121862,-0.009406940180330281,0.01718242949121862,1.0,"quadratic-model non-additivity; conditional association, not causal synergy"
metric/the_pile_gutenberg_pg_19_val_loss,arxiv,uspto_backgrounds,github,0.05,65,-0.012195461600268518,-0.006360320562395216,0.01219774583249534,0.9846153846153847,"quadratic-model non-additivity; conditional association, not causal synergy"
metric/the_pile_gutenberg_pg_19_val_loss,arxiv,uspto_backgrounds,pubmed_central,0.05,65,-0.012793147107667152,-0.0075967817741684485,0.012793147107667152,1.0,"quadratic-model non-additivity; conditional association, not causal synergy"
metric/the_pile_gutenberg_pg_19_val_loss,arxiv,uspto_backgrounds,pile_cc,0.05,65,-0.015545745471334695,-0.008394846838964298,0.015545745471334695,1.0,"quadratic-model non-additivity; conditional association, not causal synergy"
metric/the_pile_gutenberg_pg_19_val_loss,arxiv,freelaw,stackexchange,0.05,65,-0.0031763470199008244,-0.0007957857605598306,0.003550150321510542,0.7692307692307693,"quadratic-model non-additivity; conditional association, not causal synergy"
metric/the_pile_gutenberg_pg_19_val_loss,arxiv,freelaw,github,0.05,65,-0.01564283041414576,-0.0063907177850941466,0.015683445888297832,0.9846153846153847,"quadratic-model non-additivity; conditional association, not causal synergy"
metric/the_pile_gutenberg_pg_19_val_loss,arxiv,freelaw,pubmed_central,0.05,65,-0.027840113322201807,-0.014718324658844928,0.027846168739218632,0.9846153846153847,"quadratic-model non-additivity; conditional association, not causal synergy"
metric/the_pile_gutenberg_pg_19_val_loss,arxiv,freelaw,pile_cc,0.05,65,0.009786451736100387,0.0038198420668473787,0.01142810512435506,0.8307692307692308,"quadratic-model non-additivity; conditional association, not causal synergy"
metric/the_pile_gutenberg_pg_19_val_loss,arxiv,stackexchange,github,0.05,65,-0.008233709900057043,-0.0038114186354754054,0.008351714581848312,0.9384615384615385,"quadratic-model non-additivity; conditional association, not causal synergy"
metric/the_pile_gutenberg_pg_19_val_loss,arxiv,stackexchange,pubmed_central,0.05,65,-0.02335840319761991,-0.008387023238072722,0.023392727350091336,0.9846153846153847,"quadratic-model non-additivity; conditional association, not causal synergy"
metric/the_pile_gutenberg_pg_19_val_loss,arxiv,stackexchange,pile_cc,0.05,65,-0.004855823250133294,-0.0025720109111002643,0.00500613692065804,0.9076923076923077,"quadratic-model non-additivity; conditional association, not causal synergy"
metric/the_pile_gutenberg_pg_19_val_loss,arxiv,github,pubmed_central,0.05,65,-0.025883547724676492,-0.008257954922653354,0.025883547724676492,1.0,"quadratic-model non-additivity; conditional association, not causal synergy"
metric/the_pile_gutenberg_pg_19_val_loss,arxiv,github,pile_cc,0.05,65,-0.022368294274194483,-0.006251783022057644,0.022368294274194483,1.0,"quadratic-model non-additivity; conditional association, not causal synergy"
metric/the_pile_gutenberg_pg_19_val_loss,arxiv,pubmed_central,pile_cc,0.05,65,-0.018137713479531692,-0.008955669115104037,0.018137713479531692,1.0,"quadratic-model non-additivity; conditional association, not causal synergy"
metric/the_pile_gutenberg_pg_19_val_loss,pubmed_central,wikipedia_en,uspto_backgrounds,0.05,81,0.015971315288266064,0.005519962614554785,0.021065838004176538,0.7160493827160493,"quadratic-model non-additivity; conditional association, not causal synergy"
metric/the_pile_gutenberg_pg_19_val_loss,pubmed_central,wikipedia_en,freelaw,0.05,81,0.007778024083330367,0.003911557301672808,0.011593010487083194,0.7654320987654321,"quadratic-model non-additivity; conditional association, not causal synergy"
metric/the_pile_gutenberg_pg_19_val_loss,pubmed_central,wikipedia_en,stackexchange,0.05,81,0.0011325941059509824,0.00018234992273846728,0.005679032932657444,0.5308641975308642,"quadratic-model non-additivity; conditional association, not causal synergy"
metric/the_pile_gutenberg_pg_19_val_loss,pubmed_central,wikipedia_en,github,0.05,81,-0.030831304225197087,-0.010652603352104606,0.03227785160407802,0.9753086419753086,"quadratic-model non-additivity; conditional association, not causal synergy"
metric/the_pile_gutenberg_pg_19_val_loss,pubmed_central,wikipedia_en,arxiv,0.05,81,-0.012159804942523625,-0.008015443180580561,0.013797634914495406,0.9753086419753086,"quadratic-model non-additivity; conditional association, not causal synergy"
metric/the_pile_gutenberg_pg_19_val_loss,pubmed_central,wikipedia_en,pile_cc,0.05,81,0.005807976991655768,0.0024892801321181324,0.011346262087275061,0.654320987654321,"quadratic-model non-additivity; conditional association, not causal synergy"
metric/the_pile_gutenberg_pg_19_val_loss,pubmed_central,uspto_backgrounds,freelaw,0.05,81,-0.009447004290442868,-0.005579072045107658,0.011255670918670815,0.9629629629629629,"quadratic-model non-additivity; conditional association, not causal synergy"
metric/the_pile_gutenberg_pg_19_val_loss,pubmed_central,uspto_backgrounds,stackexchange,0.05,81,-0.01649603761418616,-0.0074120588042125846,0.018008878308248124,0.9753086419753086,"quadratic-model non-additivity; conditional association, not causal synergy"
metric/the_pile_gutenberg_pg_19_val_loss,pubmed_central,uspto_backgrounds,github,0.05,81,-0.010816511428721195,-0.00574677301870441,0.01263510909023525,0.9753086419753086,"quadratic-model non-additivity; conditional association, not causal synergy"
metric/the_pile_gutenberg_pg_19_val_loss,pubmed_central,uspto_backgrounds,arxiv,0.05,81,-0.009376580243079398,-0.005432237378689919,0.010984098366319053,0.9753086419753086,"quadratic-model non-additivity; conditional association, not causal synergy"
metric/the_pile_gutenberg_pg_19_val_loss,pubmed_central,uspto_backgrounds,pile_cc,0.05,81,-0.018581238376929328,-0.010480451602977503,0.020093070037691802,0.9753086419753086,"quadratic-model non-additivity; conditional association, not causal synergy"
metric/the_pile_gutenberg_pg_19_val_loss,pubmed_central,freelaw,stackexchange,0.05,81,-0.001584152979421602,-0.000704558397327304,0.003700041846003388,0.7777777777777778,"quadratic-model non-additivity; conditional association, not causal synergy"
metric/the_pile_gutenberg_pg_19_val_loss,pubmed_central,freelaw,github,0.05,81,-0.015697913849388425,-0.008760356178309614,0.01773704057111795,0.9629629629629629,"quadratic-model non-additivity; conditional association, not causal synergy"
metric/the_pile_gutenberg_pg_19_val_loss,pubmed_central,freelaw,arxiv,0.05,81,-0.021887791784318773,-0.01126285032627905,0.023670912260207986,0.9753086419753086,"quadratic-model non-additivity; conditional association, not causal synergy"
metric/the_pile_gutenberg_pg_19_val_loss,pubmed_central,freelaw,pile_cc,0.05,81,0.006440893397898449,0.003213190046894354,0.010423184379238393,0.7160493827160493,"quadratic-model non-additivity; conditional association, not causal synergy"
metric/the_pile_gutenberg_pg_19_val_loss,pubmed_central,stackexchange,github,0.05,81,-0.006051716461030759,-0.002449769623702913,0.007922262319368009,0.9382716049382716,"quadratic-model non-additivity; conditional association, not causal synergy"
metric/the_pile_gutenberg_pg_19_val_loss,pubmed_central,stackexchange,arxiv,0.05,81,-0.011456019484440671,-0.004983995418409215,0.013022335849383084,0.9629629629629629,"quadratic-model non-additivity; conditional association, not causal synergy"
metric/the_pile_gutenberg_pg_19_val_loss,pubmed_central,stackexchange,pile_cc,0.05,81,-0.004850036111197666,-0.0024360492914841103,0.006370735022403581,0.9012345679012346,"quadratic-model non-additivity; conditional association, not causal synergy"
metric/the_pile_gutenberg_pg_19_val_loss,pubmed_central,github,arxiv,0.05,81,-0.02271681905925509,-0.006630617437656028,0.024598875294884474,0.9629629629629629,"quadratic-model non-additivity; conditional association, not causal synergy"
metric/the_pile_gutenberg_pg_19_val_loss,pubmed_central,github,pile_cc,0.05,81,-0.02394371967882746,-0.009392758664649392,0.025753075550817565,0.9753086419753086,"quadratic-model non-additivity; conditional association, not causal synergy"
metric/the_pile_gutenberg_pg_19_val_loss,pubmed_central,arxiv,pile_cc,0.05,81,-0.028147792623777167,-0.014606769227381022,0.029698739676520845,0.9753086419753086,"quadratic-model non-additivity; conditional association, not causal synergy"
metric/the_pile_gutenberg_pg_19_val_loss,pile_cc,wikipedia_en,uspto_backgrounds,0.05,68,0.02516625508103365,0.009045615033104859,0.025170385252851615,0.9852941176470589,"quadratic-model non-additivity; conditional association, not causal synergy"
metric/the_pile_gutenberg_pg_19_val_loss,pile_cc,wikipedia_en,freelaw,0.05,68,0.012946763956210652,0.006721658585895796,0.013025117984868006,0.9411764705882353,"quadratic-model non-additivity; conditional association, not causal synergy"
metric/the_pile_gutenberg_pg_19_val_loss,pile_cc,wikipedia_en,stackexchange,0.05,68,0.009684162703284819,0.004024782575005936,0.009744141600331631,0.9558823529411765,"quadratic-model non-additivity; conditional association, not causal synergy"
metric/the_pile_gutenberg_pg_19_val_loss,pile_cc,wikipedia_en,github,0.05,68,-0.01891742519826775,-0.007511007066720143,0.029208479518254116,0.6617647058823529,"quadratic-model non-additivity; conditional association, not causal synergy"
metric/the_pile_gutenberg_pg_19_val_loss,pile_cc,wikipedia_en,arxiv,0.05,68,0.0005558066986998057,0.0005507339270542921,0.013135938495481577,0.5441176470588235,"quadratic-model non-additivity; conditional association, not causal synergy"
metric/the_pile_gutenberg_pg_19_val_loss,pile_cc,wikipedia_en,pubmed_central,0.05,68,0.0015515650689974906,0.0006924126281036003,0.01129814158876371,0.5882352941176471,"quadratic-model non-additivity; conditional association, not causal synergy"
metric/the_pile_gutenberg_pg_19_val_loss,pile_cc,uspto_backgrounds,freelaw,0.05,68,-0.00044591247416838356,-0.0005120485364020766,0.011437396185233532,0.5735294117647058,"quadratic-model non-additivity; conditional association, not causal synergy"
metric/the_pile_gutenberg_pg_19_val_loss,pile_cc,uspto_backgrounds,stackexchange,0.05,68,-0.00356991704047131,-0.0004970808380413416,0.016520557249953462,0.5294117647058824,"quadratic-model non-additivity; conditional association, not causal synergy"
metric/the_pile_gutenberg_pg_19_val_loss,pile_cc,uspto_backgrounds,github,0.05,68,0.0032988158719379802,0.0015513644607829669,0.013846594209180604,0.6029411764705882,"quadratic-model non-additivity; conditional association, not causal synergy"
metric/the_pile_gutenberg_pg_19_val_loss,pile_cc,uspto_backgrounds,arxiv,0.05,68,0.006423492064830179,0.001691567723624221,0.012358948196701795,0.6470588235294118,"quadratic-model non-additivity; conditional association, not causal synergy"
metric/the_pile_gutenberg_pg_19_val_loss,pile_cc,uspto_backgrounds,pubmed_central,0.05,68,0.0003952861624904243,0.0004554819817408351,0.01447245930808021,0.5588235294117647,"quadratic-model non-additivity; conditional association, not causal synergy"
metric/the_pile_gutenberg_pg_19_val_loss,pile_cc,freelaw,stackexchange,0.05,68,0.005179283519958797,0.0003193594921562237,0.0067082616676794994,0.5735294117647058,"quadratic-model non-additivity; conditional association, not causal synergy"
metric/the_pile_gutenberg_pg_19_val_loss,pile_cc,freelaw,github,0.05,68,-0.004944290597696945,-0.0048845560679287026,0.016748898230197228,0.6323529411764706,"quadratic-model non-additivity; conditional association, not causal synergy"
metric/the_pile_gutenberg_pg_19_val_loss,pile_cc,freelaw,arxiv,0.05,68,-0.013633152458967457,-0.0034501708618193128,0.023391543946584055,0.6323529411764706,"quadratic-model non-additivity; conditional association, not causal synergy"
metric/the_pile_gutenberg_pg_19_val_loss,pile_cc,freelaw,pubmed_central,0.05,68,-0.015005650831659873,-0.0033432128336223776,0.024576995737929465,0.7205882352941176,"quadratic-model non-additivity; conditional association, not causal synergy"
metric/the_pile_gutenberg_pg_19_val_loss,pile_cc,stackexchange,github,0.05,68,0.0034745121093438754,0.0008931679668346959,0.012908480091532684,0.5588235294117647,"quadratic-model non-additivity; conditional association, not causal synergy"
metric/the_pile_gutenberg_pg_19_val_loss,pile_cc,stackexchange,arxiv,0.05,68,0.0002971136613858766,0.00046535068576858407,0.015843000674008914,0.5441176470588235,"quadratic-model non-additivity; conditional association, not causal synergy"
metric/the_pile_gutenberg_pg_19_val_loss,pile_cc,stackexchange,pubmed_central,0.05,68,-0.01446690060422304,-0.0010978972991071423,0.026541487327124632,0.6029411764705882,"quadratic-model non-additivity; conditional association, not causal synergy"
metric/the_pile_gutenberg_pg_19_val_loss,pile_cc,github,arxiv,0.05,68,-0.015402370360316539,-0.001796416226505837,0.029006364305060664,0.5588235294117647,"quadratic-model non-additivity; conditional association, not causal synergy"
metric/the_pile_gutenberg_pg_19_val_loss,pile_cc,github,pubmed_central,0.05,68,-0.016231445954393547,-0.0021968027653032074,0.02848437447586635,0.6176470588235294,"quadratic-model non-additivity; conditional association, not causal synergy"
metric/the_pile_gutenberg_pg_19_val_loss,pile_cc,arxiv,pubmed_central,0.05,68,-0.008620963324101031,4.9675116502445604e-05,0.022886785457853845,0.5,"quadratic-model non-additivity; conditional association, not causal synergy"
metric/the_pile_pile_cc_val_loss,wikipedia_en,uspto_backgrounds,freelaw,0.05,49,0.002508976843555129,-0.0001721848963027739,0.004739918280802607,0.5510204081632653,"quadratic-model non-additivity; conditional association, not causal synergy"
metric/the_pile_pile_cc_val_loss,wikipedia_en,uspto_backgrounds,stackexchange,0.05,49,-0.009069128920633985,-0.002944827882283896,0.013777802509844325,0.7142857142857143,"quadratic-model non-additivity; conditional association, not causal synergy"
metric/the_pile_pile_cc_val_loss,wikipedia_en,uspto_backgrounds,github,0.05,49,-0.0058821068109995295,-0.0011540730189816273,0.015029811531512683,0.6122448979591837,"quadratic-model non-additivity; conditional association, not causal synergy"
metric/the_pile_pile_cc_val_loss,wikipedia_en,uspto_backgrounds,arxiv,0.05,49,0.001888657675721831,-0.00036835819209102283,0.007249864289259791,0.5714285714285714,"quadratic-model non-additivity; conditional association, not causal synergy"
metric/the_pile_pile_cc_val_loss,wikipedia_en,uspto_backgrounds,pubmed_central,0.05,49,0.0013613541867820756,-0.0002489103226306355,0.0067835353574653085,0.5918367346938775,"quadratic-model non-additivity; conditional association, not causal synergy"
metric/the_pile_pile_cc_val_loss,wikipedia_en,uspto_backgrounds,pile_cc,0.05,49,-0.0017165215175943306,-0.001038407666125174,0.004190265230515625,0.8367346938775511,"quadratic-model non-additivity; conditional association, not causal synergy"
metric/the_pile_pile_cc_val_loss,wikipedia_en,freelaw,stackexchange,0.05,49,0.007460823207427888,0.0021962274829068207,0.0075480720955929306,0.9591836734693877,"quadratic-model non-additivity; conditional association, not causal synergy"
metric/the_pile_pile_cc_val_loss,wikipedia_en,freelaw,github,0.05,49,-0.005296959427953623,-0.0023750042366739166,0.016042231752875932,0.6938775510204082,"quadratic-model non-additivity; conditional association, not causal synergy"
metric/the_pile_pile_cc_val_loss,wikipedia_en,freelaw,arxiv,0.05,49,-0.008700560252862016,-0.003526906220324477,0.017941971178686542,0.7346938775510204,"quadratic-model non-additivity; conditional association, not causal synergy"
metric/the_pile_pile_cc_val_loss,wikipedia_en,freelaw,pubmed_central,0.05,49,-0.01082363873771882,-0.003014794476871252,0.019513825664358143,0.7755102040816326,"quadratic-model non-additivity; conditional association, not causal synergy"
metric/the_pile_pile_cc_val_loss,wikipedia_en,freelaw,pile_cc,0.05,49,0.003928930846635536,0.0010491372188061732,0.0050402178788205194,0.7551020408163265,"quadratic-model non-additivity; conditional association, not causal synergy"
metric/the_pile_pile_cc_val_loss,wikipedia_en,stackexchange,github,0.05,49,0.0049586157083469145,5.284585217157911e-05,0.0096461397953817,0.5102040816326531,"quadratic-model non-additivity; conditional association, not causal synergy"
metric/the_pile_pile_cc_val_loss,wikipedia_en,stackexchange,arxiv,0.05,49,-0.0005038580675399033,-0.001292816305793032,0.011085513954998707,0.6122448979591837,"quadratic-model non-additivity; conditional association, not causal synergy"
metric/the_pile_pile_cc_val_loss,wikipedia_en,stackexchange,pubmed_central,0.05,49,-0.006980400153545378,-0.004105942371760207,0.01721118770500565,0.7346938775510204,"quadratic-model non-additivity; conditional association, not causal synergy"
metric/the_pile_pile_cc_val_loss,wikipedia_en,stackexchange,pile_cc,0.05,49,0.013645390061032514,0.00588717831610186,0.014225096612940831,0.8367346938775511,"quadratic-model non-additivity; conditional association, not causal synergy"
metric/the_pile_pile_cc_val_loss,wikipedia_en,github,arxiv,0.05,49,-0.009618938075396164,-0.0018231369682801812,0.021947054153860637,0.5714285714285714,"quadratic-model non-additivity; conditional association, not causal synergy"
metric/the_pile_pile_cc_val_loss,wikipedia_en,github,pubmed_central,0.05,49,-0.004467911993412796,-0.0021822917742868597,0.020236647069718647,0.673469387755102,"quadratic-model non-additivity; conditional association, not causal synergy"
metric/the_pile_pile_cc_val_loss,wikipedia_en,github,pile_cc,0.05,49,-0.007606287637740566,-0.0030012884826637887,0.012419658972234498,0.6938775510204082,"quadratic-model non-additivity; conditional association, not causal synergy"
metric/the_pile_pile_cc_val_loss,wikipedia_en,arxiv,pubmed_central,0.05,49,-0.004937407089625271,-0.0018208901138594413,0.01692217527952774,0.6938775510204082,"quadratic-model non-additivity; conditional association, not causal synergy"
metric/the_pile_pile_cc_val_loss,wikipedia_en,arxiv,pile_cc,0.05,49,-0.011879580978297416,-0.004200930901353317,0.015623230831451469,0.7959183673469388,"quadratic-model non-additivity; conditional association, not causal synergy"
metric/the_pile_pile_cc_val_loss,wikipedia_en,pubmed_central,pile_cc,0.05,49,-0.001303110203535458,-0.001825534920084415,0.004921648110497386,0.7551020408163265,"quadratic-model non-additivity; conditional association, not causal synergy"
metric/the_pile_pile_cc_val_loss,uspto_backgrounds,wikipedia_en,freelaw,0.05,59,0.0018100853170283375,0.0002385852886197526,0.006152557103478249,0.5423728813559322,"quadratic-model non-additivity; conditional association, not causal synergy"
metric/the_pile_pile_cc_val_loss,uspto_backgrounds,wikipedia_en,stackexchange,0.05,59,0.002992989854582395,0.0012633097787597691,0.005903882227765109,0.6610169491525424,"quadratic-model non-additivity; conditional association, not causal synergy"
metric/the_pile_pile_cc_val_loss,uspto_backgrounds,wikipedia_en,github,0.05,59,-0.018926296949450045,-0.0071496650333688905,0.01906683683521982,0.9661016949152542,"quadratic-model non-additivity; conditional association, not causal synergy"
metric/the_pile_pile_cc_val_loss,uspto_backgrounds,wikipedia_en,arxiv,0.05,59,-0.013010537834506066,-0.004336211248942234,0.013067266412906056,0.9830508474576272,"quadratic-model non-additivity; conditional association, not causal synergy"
metric/the_pile_pile_cc_val_loss,uspto_backgrounds,wikipedia_en,pubmed_central,0.05,59,-0.0018867538651623531,-0.0004364997578960583,0.0033899272364711747,0.576271186440678,"quadratic-model non-additivity; conditional association, not causal synergy"
metric/the_pile_pile_cc_val_loss,uspto_backgrounds,wikipedia_en,pile_cc,0.05,59,0.04086263328469092,0.0055838141430823995,0.0450675234961187,0.711864406779661,"quadratic-model non-additivity; conditional association, not causal synergy"
metric/the_pile_pile_cc_val_loss,uspto_backgrounds,freelaw,stackexchange,0.05,59,0.0027174594828631602,0.0017622849587306533,0.004010163559418778,0.7966101694915254,"quadratic-model non-additivity; conditional association, not causal synergy"
metric/the_pile_pile_cc_val_loss,uspto_backgrounds,freelaw,github,0.05,59,-0.012428604860719767,-0.0037590764911410446,0.012766597669285522,0.8983050847457628,"quadratic-model non-additivity; conditional association, not causal synergy"
metric/the_pile_pile_cc_val_loss,uspto_backgrounds,freelaw,arxiv,0.05,59,-0.018047505217457696,-0.008175869408304948,0.018047505217457696,1.0,"quadratic-model non-additivity; conditional association, not causal synergy"
metric/the_pile_pile_cc_val_loss,uspto_backgrounds,freelaw,pubmed_central,0.05,59,-0.014471726697831882,-0.0033235584573603205,0.014639897884122153,0.9491525423728814,"quadratic-model non-additivity; conditional association, not causal synergy"
metric/the_pile_pile_cc_val_loss,uspto_backgrounds,freelaw,pile_cc,0.05,59,0.002602053667983203,0.0005171909176100442,0.005889034850233064,0.6610169491525424,"quadratic-model non-additivity; conditional association, not causal synergy"
metric/the_pile_pile_cc_val_loss,uspto_backgrounds,stackexchange,github,0.05,59,-0.0019237526327534294,-0.0001800582756654734,0.004133225465289762,0.5423728813559322,"quadratic-model non-additivity; conditional association, not causal synergy"
metric/the_pile_pile_cc_val_loss,uspto_backgrounds,stackexchange,arxiv,0.05,59,-0.006923532087843666,-0.002460790299859461,0.007561573411142045,0.847457627118644,"quadratic-model non-additivity; conditional association, not causal synergy"
metric/the_pile_pile_cc_val_loss,uspto_backgrounds,stackexchange,pubmed_central,0.05,59,-0.012272679199461732,-0.0027581706795318794,0.013223919618140463,0.864406779661017,"quadratic-model non-additivity; conditional association, not causal synergy"
metric/the_pile_pile_cc_val_loss,uspto_backgrounds,stackexchange,pile_cc,0.05,59,0.012445686145764433,0.003445743733158757,0.014125341710989843,0.8305084745762712,"quadratic-model non-additivity; conditional association, not causal synergy"
metric/the_pile_pile_cc_val_loss,uspto_backgrounds,github,arxiv,0.05,59,-0.014623890254049556,-0.005298753338555784,0.015064341638588635,0.8983050847457628,"quadratic-model non-additivity; conditional association, not causal synergy"
metric/the_pile_pile_cc_val_loss,uspto_backgrounds,github,pubmed_central,0.05,59,-0.013401431013176859,-0.002942397147475795,0.01431060491165824,0.847457627118644,"quadratic-model non-additivity; conditional association, not causal synergy"
metric/the_pile_pile_cc_val_loss,uspto_backgrounds,github,pile_cc,0.05,59,-0.007904520077102259,-0.002087831175085597,0.008976612710070006,0.864406779661017,"quadratic-model non-additivity; conditional association, not causal synergy"
metric/the_pile_pile_cc_val_loss,uspto_backgrounds,arxiv,pubmed_central,0.05,59,-0.014041096571604052,-0.00441277367006343,0.01432841380443545,0.9322033898305084,"quadratic-model non-additivity; conditional association, not causal synergy"
metric/the_pile_pile_cc_val_loss,uspto_backgrounds,arxiv,pile_cc,0.05,59,-0.012284646239186476,-0.0038377617426084143,0.012584805346326437,0.9661016949152542,"quadratic-model non-additivity; conditional association, not causal synergy"
metric/the_pile_pile_cc_val_loss,uspto_backgrounds,pubmed_central,pile_cc,0.05,59,-0.0035617731130903156,-0.001514755184576444,0.0038994844949657276,0.8983050847457628,"quadratic-model non-additivity; conditional association, not causal synergy"
metric/the_pile_pile_cc_val_loss,freelaw,wikipedia_en,uspto_backgrounds,0.05,47,0.009155948026539833,0.005096619799065394,0.011779892427869181,0.8085106382978723,"quadratic-model non-additivity; conditional association, not causal synergy"
metric/the_pile_pile_cc_val_loss,freelaw,wikipedia_en,stackexchange,0.05,47,0.0018816266941014952,0.0006333274827907687,0.006130548953138957,0.574468085106383,"quadratic-model non-additivity; conditional association, not causal synergy"
metric/the_pile_pile_cc_val_loss,freelaw,wikipedia_en,github,0.05,47,-0.01723315508512375,-0.007063988508307695,0.018584428041109276,0.8297872340425532,"quadratic-model non-additivity; conditional association, not causal synergy"
metric/the_pile_pile_cc_val_loss,freelaw,wikipedia_en,arxiv,0.05,47,-0.009536621074998251,-0.00401702243669444,0.01166237942169824,0.8297872340425532,"quadratic-model non-additivity; conditional association, not causal synergy"
metric/the_pile_pile_cc_val_loss,freelaw,wikipedia_en,pubmed_central,0.05,47,0.0016091262314196857,0.0012039951352944556,0.003394681339881012,0.723404255319149,"quadratic-model non-additivity; conditional association, not causal synergy"
metric/the_pile_pile_cc_val_loss,freelaw,wikipedia_en,pile_cc,0.05,47,0.05335736851708473,0.022254922648857978,0.05686909226910937,0.8723404255319149,"quadratic-model non-additivity; conditional association, not causal synergy"
metric/the_pile_pile_cc_val_loss,freelaw,uspto_backgrounds,stackexchange,0.05,47,-0.01186911210000391,-0.005235792671004269,0.012344901007475352,0.9361702127659575,"quadratic-model non-additivity; conditional association, not causal synergy"
metric/the_pile_pile_cc_val_loss,freelaw,uspto_backgrounds,github,0.05,47,-0.009770810172594175,-0.002490732579551569,0.010982702649948915,0.7872340425531915,"quadratic-model non-additivity; conditional association, not causal synergy"
metric/the_pile_pile_cc_val_loss,freelaw,uspto_backgrounds,arxiv,0.05,47,-0.002136136076140867,-0.0007549568996365608,0.004749848765319093,0.7021276595744681,"quadratic-model non-additivity; conditional association, not causal synergy"
metric/the_pile_pile_cc_val_loss,freelaw,uspto_backgrounds,pubmed_central,0.05,47,-0.0020980863070277794,-0.0006319173814777201,0.00402734322000263,0.7021276595744681,"quadratic-model non-additivity; conditional association, not causal synergy"
metric/the_pile_pile_cc_val_loss,freelaw,uspto_backgrounds,pile_cc,0.05,47,-0.0025131421746603724,-0.0008067092465005032,0.0031142249520831593,0.8936170212765957,"quadratic-model non-additivity; conditional association, not causal synergy"
metric/the_pile_pile_cc_val_loss,freelaw,stackexchange,github,0.05,47,-0.002981427830161775,-0.0010690166856646144,0.00440625387089922,0.7446808510638298,"quadratic-model non-additivity; conditional association, not causal synergy"
metric/the_pile_pile_cc_val_loss,freelaw,stackexchange,arxiv,0.05,47,-0.008123431809703062,-0.003298849794849623,0.008837463269584631,0.8936170212765957,"quadratic-model non-additivity; conditional association, not causal synergy"
metric/the_pile_pile_cc_val_loss,freelaw,stackexchange,pubmed_central,0.05,47,-0.015245814842079018,-0.004239331348996345,0.015941925500744757,0.9148936170212766,"quadratic-model non-additivity; conditional association, not causal synergy"
metric/the_pile_pile_cc_val_loss,freelaw,stackexchange,pile_cc,0.05,47,0.012363200753266475,0.003997975642531237,0.01448789622506707,0.7872340425531915,"quadratic-model non-additivity; conditional association, not causal synergy"
metric/the_pile_pile_cc_val_loss,freelaw,github,arxiv,0.05,47,-0.013356779527183662,-0.0022406982161591316,0.014855932934566735,0.8085106382978723,"quadratic-model non-additivity; conditional association, not causal synergy"
metric/the_pile_pile_cc_val_loss,freelaw,github,pubmed_central,0.05,47,-0.014544877662671584,-0.0038606766237556656,0.01715106309678182,0.7872340425531915,"quadratic-model non-additivity; conditional association, not causal synergy"
metric/the_pile_pile_cc_val_loss,freelaw,github,pile_cc,0.05,47,-0.01145530790879735,-0.003008830004393559,0.011819099488174943,0.9148936170212766,"quadratic-model non-additivity; conditional association, not causal synergy"
metric/the_pile_pile_cc_val_loss,freelaw,arxiv,pubmed_central,0.05,47,-0.008775281142534347,-0.001934402125818302,0.01252360587575268,0.7446808510638298,"quadratic-model non-additivity; conditional association, not causal synergy"
metric/the_pile_pile_cc_val_loss,freelaw,arxiv,pile_cc,0.05,47,-0.01587735331357862,-0.0055695987420474324,0.016045641761537558,0.8936170212765957,"quadratic-model non-additivity; conditional association, not causal synergy"
metric/the_pile_pile_cc_val_loss,freelaw,pubmed_central,pile_cc,0.05,47,-0.002691908342761621,-0.0010111701855635147,0.0038089842789780864,0.7659574468085106,"quadratic-model non-additivity; conditional association, not causal synergy"
metric/the_pile_pile_cc_val_loss,stackexchange,wikipedia_en,uspto_backgrounds,0.05,72,0.015557292173896195,0.007883726622532894,0.016254274570949315,0.8888888888888888,"quadratic-model non-additivity; conditional association, not causal synergy"
metric/the_pile_pile_cc_val_loss,stackexchange,wikipedia_en,freelaw,0.05,72,0.0042331691023875795,0.0013986394093485899,0.007104266194489635,0.6527777777777778,"quadratic-model non-additivity; conditional association, not causal synergy"
metric/the_pile_pile_cc_val_loss,stackexchange,wikipedia_en,github,0.05,72,-0.017350461703990867,-0.006045228394717217,0.018791963502433714,0.9305555555555556,"quadratic-model non-additivity; conditional association, not causal synergy"
metric/the_pile_pile_cc_val_loss,stackexchange,wikipedia_en,arxiv,0.05,72,-0.007714638665811235,-0.0030006578229646585,0.009649775977760079,0.8888888888888888,"quadratic-model non-additivity; conditional association, not causal synergy"
metric/the_pile_pile_cc_val_loss,stackexchange,wikipedia_en,pubmed_central,0.05,72,0.0022056016806322556,0.0012976622600993082,0.004023743409260693,0.7777777777777778,"quadratic-model non-additivity; conditional association, not causal synergy"
metric/the_pile_pile_cc_val_loss,stackexchange,wikipedia_en,pile_cc,0.05,72,0.040573320313079225,0.009743746131200659,0.042806466357608444,0.7777777777777778,"quadratic-model non-additivity; conditional association, not causal synergy"
metric/the_pile_pile_cc_val_loss,stackexchange,uspto_backgrounds,freelaw,0.05,72,-0.00026983530939983513,-0.0007626973992249653,0.003430467825921688,0.7361111111111112,"quadratic-model non-additivity; conditional association, not causal synergy"
metric/the_pile_pile_cc_val_loss,stackexchange,uspto_backgrounds,github,0.05,72,-0.009196526079013025,-0.0023172166537031025,0.011956276475126352,0.8472222222222222,"quadratic-model non-additivity; conditional association, not causal synergy"
metric/the_pile_pile_cc_val_loss,stackexchange,uspto_backgrounds,arxiv,0.05,72,-0.0008359205996507265,-0.00028825157967560244,0.005046905244429818,0.5694444444444444,"quadratic-model non-additivity; conditional association, not causal synergy"
metric/the_pile_pile_cc_val_loss,stackexchange,uspto_backgrounds,pubmed_central,0.05,72,0.00045288512764624707,4.311479577223665e-05,0.004979770161003964,0.5138888888888888,"quadratic-model non-additivity; conditional association, not causal synergy"
metric/the_pile_pile_cc_val_loss,stackexchange,uspto_backgrounds,pile_cc,0.05,72,-0.0007680521589181261,-0.0010484150320362318,0.0028314034152041837,0.75,"quadratic-model non-additivity; conditional association, not causal synergy"
metric/the_pile_pile_cc_val_loss,stackexchange,freelaw,github,0.05,72,-0.01486579454187351,-0.008404053159543512,0.01632990980374492,0.9027777777777778,"quadratic-model non-additivity; conditional association, not causal synergy"
metric/the_pile_pile_cc_val_loss,stackexchange,freelaw,arxiv,0.05,72,-0.015928574235554542,-0.004874934132450992,0.017373266689009292,0.8888888888888888,"quadratic-model non-additivity; conditional association, not causal synergy"
metric/the_pile_pile_cc_val_loss,stackexchange,freelaw,pubmed_central,0.05,72,-0.01652007598301957,-0.004900552353993781,0.01903020203416772,0.8333333333333334,"quadratic-model non-additivity; conditional association, not causal synergy"
metric/the_pile_pile_cc_val_loss,stackexchange,freelaw,pile_cc,0.05,72,0.0022012977490205956,0.0005471217671972894,0.00627711659348382,0.5277777777777778,"quadratic-model non-additivity; conditional association, not causal synergy"
metric/the_pile_pile_cc_val_loss,stackexchange,github,arxiv,0.05,72,-0.011550362958968016,-0.002823569308075591,0.013695467758631544,0.8888888888888888,"quadratic-model non-additivity; conditional association, not causal synergy"
metric/the_pile_pile_cc_val_loss,stackexchange,github,pubmed_central,0.05,72,-0.011612064332141816,-0.002345800608635429,0.014337189681448766,0.8333333333333334,"quadratic-model non-additivity; conditional association, not causal synergy"
metric/the_pile_pile_cc_val_loss,stackexchange,github,pile_cc,0.05,72,-0.011024639020176327,-0.005445831818449598,0.011669102907442818,0.9583333333333334,"quadratic-model non-additivity; conditional association, not causal synergy"
metric/the_pile_pile_cc_val_loss,stackexchange,arxiv,pubmed_central,0.05,72,-0.010745721860361022,-0.0015289988284736822,0.013783103191098113,0.7916666666666666,"quadratic-model non-additivity; conditional association, not causal synergy"
metric/the_pile_pile_cc_val_loss,stackexchange,arxiv,pile_cc,0.05,72,-0.013060874432029733,-0.005343310184859451,0.013665950387258104,0.9305555555555556,"quadratic-model non-additivity; conditional association, not causal synergy"
metric/the_pile_pile_cc_val_loss,stackexchange,pubmed_central,pile_cc,0.05,72,-0.002926898805298666,-0.0017345514961220054,0.004368021933253314,0.7916666666666666,"quadratic-model non-additivity; conditional association, not causal synergy"
metric/the_pile_pile_cc_val_loss,github,wikipedia_en,uspto_backgrounds,0.05,77,0.013522465287131386,0.005544284809109179,0.016616108243936688,0.7402597402597403,"quadratic-model non-additivity; conditional association, not causal synergy"
metric/the_pile_pile_cc_val_loss,github,wikipedia_en,freelaw,0.05,77,0.0052596833667889024,0.0022922300989547395,0.008416863078233144,0.6883116883116883,"quadratic-model non-additivity; conditional association, not causal synergy"
metric/the_pile_pile_cc_val_loss,github,wikipedia_en,stackexchange,0.05,77,0.00241552543754234,0.0012415852957960993,0.0084594769450882,0.5974025974025974,"quadratic-model non-additivity; conditional association, not causal synergy"
metric/the_pile_pile_cc_val_loss,github,wikipedia_en,arxiv,0.05,77,-0.012710326663395971,-0.007008485521520669,0.012759328026734445,0.987012987012987,"quadratic-model non-additivity; conditional association, not causal synergy"
metric/the_pile_pile_cc_val_loss,github,wikipedia_en,pubmed_central,0.05,77,-0.0012911167570354427,0.0004583344143762602,0.004900219704146327,0.5584415584415584,"quadratic-model non-additivity; conditional association, not causal synergy"
metric/the_pile_pile_cc_val_loss,github,wikipedia_en,pile_cc,0.05,77,0.05916115041626919,0.02798158431454212,0.0610298683700899,0.8441558441558441,"quadratic-model non-additivity; conditional association, not causal synergy"
metric/the_pile_pile_cc_val_loss,github,uspto_backgrounds,freelaw,0.05,77,-0.0043111164986760165,-0.0018928266140081362,0.004316701314415996,0.974025974025974,"quadratic-model non-additivity; conditional association, not causal synergy"
metric/the_pile_pile_cc_val_loss,github,uspto_backgrounds,stackexchange,0.05,77,-0.01932686460459033,-0.01188641997191553,0.01932686460459033,1.0,"quadratic-model non-additivity; conditional association, not causal synergy"
metric/the_pile_pile_cc_val_loss,github,uspto_backgrounds,arxiv,0.05,77,-0.007382723433289628,-0.004408697310858578,0.007433764179407646,0.974025974025974,"quadratic-model non-additivity; conditional association, not causal synergy"
metric/the_pile_pile_cc_val_loss,github,uspto_backgrounds,pubmed_central,0.05,77,-0.006116127125650848,-0.0036654738522416963,0.006201647930242186,0.974025974025974,"quadratic-model non-additivity; conditional association, not causal synergy"
metric/the_pile_pile_cc_val_loss,github,uspto_backgrounds,pile_cc,0.05,77,-0.0035673567029946424,-0.0004755952471615643,0.003764882079354989,0.7532467532467533,"quadratic-model non-additivity; conditional association, not causal synergy"
metric/the_pile_pile_cc_val_loss,github,freelaw,stackexchange,0.05,77,-0.0002663761126584709,0.00034685875693618584,0.007270016011616223,0.5064935064935064,"quadratic-model non-additivity; conditional association, not causal synergy"
metric/the_pile_pile_cc_val_loss,github,freelaw,arxiv,0.05,77,-0.02046504857136007,-0.012087455047633533,0.020499858708656237,0.987012987012987,"quadratic-model non-additivity; conditional association, not causal synergy"
metric/the_pile_pile_cc_val_loss,github,freelaw,pubmed_central,0.05,77,-0.01863646407538264,-0.012873973252228055,0.018636653370914708,0.987012987012987,"quadratic-model non-additivity; conditional association, not causal synergy"
metric/the_pile_pile_cc_val_loss,github,freelaw,pile_cc,0.05,77,0.0032936972904012507,0.0022199879993705096,0.007626433648808631,0.6883116883116883,"quadratic-model non-additivity; conditional association, not causal synergy"
metric/the_pile_pile_cc_val_loss,github,stackexchange,arxiv,0.05,77,-0.01358693784912408,-0.008767076074881253,0.01358693784912408,1.0,"quadratic-model non-additivity; conditional association, not causal synergy"
metric/the_pile_pile_cc_val_loss,github,stackexchange,pubmed_central,0.05,77,-0.01883647634586173,-0.011695965736083558,0.01883647634586173,1.0,"quadratic-model non-additivity; conditional association, not causal synergy"
metric/the_pile_pile_cc_val_loss,github,stackexchange,pile_cc,0.05,77,0.013151485315718454,0.004130446297163637,0.018241451581080287,0.7532467532467533,"quadratic-model non-additivity; conditional association, not causal synergy"
metric/the_pile_pile_cc_val_loss,github,arxiv,pubmed_central,0.05,77,-0.016545754984067962,-0.009375883420413622,0.016601017348463122,0.987012987012987,"quadratic-model non-additivity; conditional association, not causal synergy"
metric/the_pile_pile_cc_val_loss,github,arxiv,pile_cc,0.05,77,-0.018512902325469736,-0.010788135208249727,0.018512902325469736,1.0,"quadratic-model non-additivity; conditional association, not causal synergy"
metric/the_pile_pile_cc_val_loss,github,pubmed_central,pile_cc,0.05,77,-0.006181459384748643,-0.0026305807959401406,0.006380674498895496,0.961038961038961,"quadratic-model non-additivity; conditional association, not causal synergy"
metric/the_pile_pile_cc_val_loss,arxiv,wikipedia_en,uspto_backgrounds,0.05,65,0.013692798859164645,0.005776373426694015,0.018562519203102965,0.7076923076923077,"quadratic-model non-additivity; conditional association, not causal synergy"
metric/the_pile_pile_cc_val_loss,arxiv,wikipedia_en,freelaw,0.05,65,0.006892386104974444,0.005117851424739861,0.009539195090586362,0.7384615384615385,"quadratic-model non-additivity; conditional association, not causal synergy"
metric/the_pile_pile_cc_val_loss,arxiv,wikipedia_en,stackexchange,0.05,65,0.0022273888491868184,0.000753109972285948,0.0061136992478869785,0.6153846153846154,"quadratic-model non-additivity; conditional association, not causal synergy"
metric/the_pile_pile_cc_val_loss,arxiv,wikipedia_en,github,0.05,65,-0.020273848759846207,-0.010009389972914562,0.020273848759846207,1.0,"quadratic-model non-additivity; conditional association, not causal synergy"
metric/the_pile_pile_cc_val_loss,arxiv,wikipedia_en,pubmed_central,0.05,65,2.414375483046008e-05,0.0006859522875002355,0.0034999812168930197,0.6307692307692307,"quadratic-model non-additivity; conditional association, not causal synergy"
metric/the_pile_pile_cc_val_loss,arxiv,wikipedia_en,pile_cc,0.05,65,0.048744745347749245,0.020355612564280534,0.04972384857004723,0.8615384615384616,"quadratic-model non-additivity; conditional association, not causal synergy"
metric/the_pile_pile_cc_val_loss,arxiv,uspto_backgrounds,freelaw,0.05,65,-0.003310569302674615,-0.0016919896484077768,0.0033748745055591283,0.9384615384615385,"quadratic-model non-additivity; conditional association, not causal synergy"
metric/the_pile_pile_cc_val_loss,arxiv,uspto_backgrounds,stackexchange,0.05,65,-0.014327380882601276,-0.0071220736938570894,0.014327380882601276,1.0,"quadratic-model non-additivity; conditional association, not causal synergy"
metric/the_pile_pile_cc_val_loss,arxiv,uspto_backgrounds,github,0.05,65,-0.01370717800915318,-0.007219054568031957,0.01370717800915318,1.0,"quadratic-model non-additivity; conditional association, not causal synergy"
metric/the_pile_pile_cc_val_loss,arxiv,uspto_backgrounds,pubmed_central,0.05,65,-0.005819376376665699,-0.003431223634588143,0.005838312902603007,0.9692307692307692,"quadratic-model non-additivity; conditional association, not causal synergy"
metric/the_pile_pile_cc_val_loss,arxiv,uspto_backgrounds,pile_cc,0.05,65,-0.002785474252252785,-0.0007795109390462684,0.002847163645934632,0.9230769230769231,"quadratic-model non-additivity; conditional association, not causal synergy"
metric/the_pile_pile_cc_val_loss,arxiv,freelaw,stackexchange,0.05,65,0.001444312884721213,0.0010260125366245987,0.004812650096768091,0.6923076923076923,"quadratic-model non-additivity; conditional association, not causal synergy"
metric/the_pile_pile_cc_val_loss,arxiv,freelaw,github,0.05,65,-0.015862563606831144,-0.006459085820075927,0.015862563606831144,1.0,"quadratic-model non-additivity; conditional association, not causal synergy"
metric/the_pile_pile_cc_val_loss,arxiv,freelaw,pubmed_central,0.05,65,-0.019305475705005633,-0.01101487455186767,0.01931691309892462,0.9846153846153847,"quadratic-model non-additivity; conditional association, not causal synergy"
metric/the_pile_pile_cc_val_loss,arxiv,freelaw,pile_cc,0.05,65,0.006105119632451893,0.002384921503909787,0.007813029664232241,0.7692307692307693,"quadratic-model non-additivity; conditional association, not causal synergy"
metric/the_pile_pile_cc_val_loss,arxiv,stackexchange,github,0.05,65,-0.005449958861367266,-0.0025947333674682937,0.005561945515863661,0.9384615384615385,"quadratic-model non-additivity; conditional association, not causal synergy"
metric/the_pile_pile_cc_val_loss,arxiv,stackexchange,pubmed_central,0.05,65,-0.01769370860742773,-0.006306221315678151,0.017736928674660608,0.9846153846153847,"quadratic-model non-additivity; conditional association, not causal synergy"
metric/the_pile_pile_cc_val_loss,arxiv,stackexchange,pile_cc,0.05,65,0.009792171542161983,0.0019647863781759867,0.011918383434897787,0.7230769230769231,"quadratic-model non-additivity; conditional association, not causal synergy"
metric/the_pile_pile_cc_val_loss,arxiv,github,pubmed_central,0.05,65,-0.016968883831240785,-0.005735925352156279,0.016968883831240785,1.0,"quadratic-model non-additivity; conditional association, not causal synergy"
metric/the_pile_pile_cc_val_loss,arxiv,github,pile_cc,0.05,65,-0.010570143611330598,-0.003961098673790353,0.010570143611330598,1.0,"quadratic-model non-additivity; conditional association, not causal synergy"
metric/the_pile_pile_cc_val_loss,arxiv,pubmed_central,pile_cc,0.05,65,-0.003435041578628692,-0.001941177275914363,0.0034619483233398157,0.9384615384615385,"quadratic-model non-additivity; conditional association, not causal synergy"
metric/the_pile_pile_cc_val_loss,pubmed_central,wikipedia_en,uspto_backgrounds,0.05,81,0.011821325575188469,0.003965512025987827,0.015317943643500665,0.7283950617283951,"quadratic-model non-additivity; conditional association, not causal synergy"
metric/the_pile_pile_cc_val_loss,pubmed_central,wikipedia_en,freelaw,0.05,81,0.005953459664920827,0.0027983130798610034,0.00826234920130396,0.7901234567901234,"quadratic-model non-additivity; conditional association, not causal synergy"
metric/the_pile_pile_cc_val_loss,pubmed_central,wikipedia_en,stackexchange,0.05,81,0.00338413335115636,0.0014530041423483908,0.005325487621106031,0.6296296296296297,"quadratic-model non-additivity; conditional association, not causal synergy"
metric/the_pile_pile_cc_val_loss,pubmed_central,wikipedia_en,github,0.05,81,-0.019517735642754087,-0.0064149190365716535,0.020327313066985313,0.9753086419753086,"quadratic-model non-additivity; conditional association, not causal synergy"
metric/the_pile_pile_cc_val_loss,pubmed_central,wikipedia_en,arxiv,0.05,81,-0.012070887948256703,-0.006462412496821557,0.012987277918127954,0.9753086419753086,"quadratic-model non-additivity; conditional association, not causal synergy"
metric/the_pile_pile_cc_val_loss,pubmed_central,wikipedia_en,pile_cc,0.05,81,0.039033155878768246,0.016097345811874497,0.0410850015463035,0.8148148148148148,"quadratic-model non-additivity; conditional association, not causal synergy"
metric/the_pile_pile_cc_val_loss,pubmed_central,uspto_backgrounds,freelaw,0.05,81,-0.0018484162734700841,-0.0008951212302514833,0.0033752858377680793,0.8395061728395061,"quadratic-model non-additivity; conditional association, not causal synergy"
metric/the_pile_pile_cc_val_loss,pubmed_central,uspto_backgrounds,stackexchange,0.05,81,-0.013109829734745738,-0.004779535249104683,0.01406690734468759,0.9753086419753086,"quadratic-model non-additivity; conditional association, not causal synergy"
metric/the_pile_pile_cc_val_loss,pubmed_central,uspto_backgrounds,github,0.05,81,-0.01208004656919796,-0.004784331722588853,0.013180140171874452,0.9753086419753086,"quadratic-model non-additivity; conditional association, not causal synergy"
metric/the_pile_pile_cc_val_loss,pubmed_central,uspto_backgrounds,arxiv,0.05,81,-0.005323092361929383,-0.002484289729992817,0.006377208099206328,0.9629629629629629,"quadratic-model non-additivity; conditional association, not causal synergy"
metric/the_pile_pile_cc_val_loss,pubmed_central,uspto_backgrounds,pile_cc,0.05,81,-0.002716175554790821,-0.0009267613579977407,0.003661596962868037,0.9629629629629629,"quadratic-model non-additivity; conditional association, not causal synergy"
metric/the_pile_pile_cc_val_loss,pubmed_central,freelaw,stackexchange,0.05,81,0.0037952403542163278,0.0014419258962252712,0.004678076311275944,0.8024691358024691,"quadratic-model non-additivity; conditional association, not causal synergy"
metric/the_pile_pile_cc_val_loss,pubmed_central,freelaw,github,0.05,81,-0.015304839594536655,-0.008417116604216623,0.016668293580610474,0.9382716049382716,"quadratic-model non-additivity; conditional association, not causal synergy"
metric/the_pile_pile_cc_val_loss,pubmed_central,freelaw,arxiv,0.05,81,-0.015947037404135445,-0.008333028463784586,0.01728706867517177,0.9506172839506173,"quadratic-model non-additivity; conditional association, not causal synergy"
metric/the_pile_pile_cc_val_loss,pubmed_central,freelaw,pile_cc,0.05,81,0.004324960326376434,0.002073493500234669,0.006952773266836541,0.7037037037037037,"quadratic-model non-additivity; conditional association, not causal synergy"
metric/the_pile_pile_cc_val_loss,pubmed_central,stackexchange,github,0.05,81,-0.0027311061473570364,-0.0010816825109918327,0.004083365716031635,0.8271604938271605,"quadratic-model non-additivity; conditional association, not causal synergy"
metric/the_pile_pile_cc_val_loss,pubmed_central,stackexchange,arxiv,0.05,81,-0.007903544916688376,-0.0032597703801053868,0.008984041515987928,0.9382716049382716,"quadratic-model non-additivity; conditional association, not causal synergy"
metric/the_pile_pile_cc_val_loss,pubmed_central,stackexchange,pile_cc,0.05,81,0.012017022111857565,0.004531276033774567,0.01332059580447303,0.7777777777777778,"quadratic-model non-additivity; conditional association, not causal synergy"
metric/the_pile_pile_cc_val_loss,pubmed_central,github,arxiv,0.05,81,-0.015716901186626622,-0.004249585578382842,0.016976396130446082,0.9506172839506173,"quadratic-model non-additivity; conditional association, not causal synergy"
metric/the_pile_pile_cc_val_loss,pubmed_central,github,pile_cc,0.05,81,-0.010793292644211385,-0.0042377702754388125,0.011967606329654323,0.9506172839506173,"quadratic-model non-additivity; conditional association, not causal synergy"
metric/the_pile_pile_cc_val_loss,pubmed_central,arxiv,pile_cc,0.05,81,-0.015391781591924045,-0.007701256801786904,0.016389312460760475,0.9753086419753086,"quadratic-model non-additivity; conditional association, not causal synergy"
metric/the_pile_pile_cc_val_loss,pile_cc,wikipedia_en,uspto_backgrounds,0.05,68,0.022419343936789186,0.009424004810976605,0.022436290425778032,0.9852941176470589,"quadratic-model non-additivity; conditional association, not causal synergy"
metric/the_pile_pile_cc_val_loss,pile_cc,wikipedia_en,freelaw,0.05,68,0.01472147881563877,0.007251974334555378,0.01478901538451162,0.9558823529411765,"quadratic-model non-additivity; conditional association, not causal synergy"
metric/the_pile_pile_cc_val_loss,pile_cc,wikipedia_en,stackexchange,0.05,68,0.012449333100854283,0.005672446511398199,0.012512347748480352,0.9264705882352942,"quadratic-model non-additivity; conditional association, not causal synergy"
metric/the_pile_pile_cc_val_loss,pile_cc,wikipedia_en,github,0.05,68,-0.006735477716110644,-0.003031799078378583,0.02256695643570612,0.5588235294117647,"quadratic-model non-additivity; conditional association, not causal synergy"
metric/the_pile_pile_cc_val_loss,pile_cc,wikipedia_en,arxiv,0.05,68,0.001945685319965777,0.0007856533300079072,0.016932145913604663,0.5588235294117647,"quadratic-model non-additivity; conditional association, not causal synergy"
metric/the_pile_pile_cc_val_loss,pile_cc,wikipedia_en,pubmed_central,0.05,68,0.011302005427188844,0.0042952625150620705,0.011435986630456437,0.9117647058823529,"quadratic-model non-additivity; conditional association, not causal synergy"
metric/the_pile_pile_cc_val_loss,pile_cc,uspto_backgrounds,freelaw,0.05,68,0.012402424349995037,0.0029028636832428845,0.013341323946742903,0.7941176470588235,"quadratic-model non-additivity; conditional association, not causal synergy"
metric/the_pile_pile_cc_val_loss,pile_cc,uspto_backgrounds,stackexchange,0.05,68,0.0017082794889799631,1.404246493308392e-06,0.01853213400370619,0.5,"quadratic-model non-additivity; conditional association, not causal synergy"
metric/the_pile_pile_cc_val_loss,pile_cc,uspto_backgrounds,github,0.05,68,0.004682905302368518,0.0025028924398218244,0.019085326917825416,0.5882352941176471,"quadratic-model non-additivity; conditional association, not causal synergy"
metric/the_pile_pile_cc_val_loss,pile_cc,uspto_backgrounds,arxiv,0.05,68,0.012576933348500526,0.0036802847948624873,0.01571925984509766,0.6764705882352942,"quadratic-model non-additivity; conditional association, not causal synergy"
metric/the_pile_pile_cc_val_loss,pile_cc,uspto_backgrounds,pubmed_central,0.05,68,0.01098597165844557,0.003271319667590422,0.014866985775314168,0.6911764705882353,"quadratic-model non-additivity; conditional association, not causal synergy"
metric/the_pile_pile_cc_val_loss,pile_cc,freelaw,stackexchange,0.05,68,0.015477665663484061,0.007559097315458452,0.015477665663484061,1.0,"quadratic-model non-additivity; conditional association, not causal synergy"
metric/the_pile_pile_cc_val_loss,pile_cc,freelaw,github,0.05,68,0.00046527281389490267,-0.0026323266822423363,0.02179189173320022,0.5588235294117647,"quadratic-model non-additivity; conditional association, not causal synergy"
metric/the_pile_pile_cc_val_loss,pile_cc,freelaw,arxiv,0.05,68,-0.0023609697167246016,0.00024267510171327444,0.024574909582298257,0.5147058823529411,"quadratic-model non-additivity; conditional association, not causal synergy"
metric/the_pile_pile_cc_val_loss,pile_cc,freelaw,pubmed_central,0.05,68,-0.002199540297611001,-0.0008141792122167146,0.021902166080252555,0.5441176470588235,"quadratic-model non-additivity; conditional association, not causal synergy"
metric/the_pile_pile_cc_val_loss,pile_cc,stackexchange,github,0.05,68,0.009842024588901344,0.0010855549854396074,0.015562939690519369,0.6176470588235294,"quadratic-model non-additivity; conditional association, not causal synergy"
metric/the_pile_pile_cc_val_loss,pile_cc,stackexchange,arxiv,0.05,68,0.006260666335839549,0.0010830501422276484,0.018828075920421416,0.5882352941176471,"quadratic-model non-additivity; conditional association, not causal synergy"
metric/the_pile_pile_cc_val_loss,pile_cc,stackexchange,pubmed_central,0.05,68,-0.005234652609190401,-0.0004841102394643748,0.025421193638562708,0.5294117647058824,"quadratic-model non-additivity; conditional association, not causal synergy"
metric/the_pile_pile_cc_val_loss,pile_cc,github,arxiv,0.05,68,-0.0036348215064084615,0.0006320532376258292,0.028089105238734438,0.5147058823529411,"quadratic-model non-additivity; conditional association, not causal synergy"
metric/the_pile_pile_cc_val_loss,pile_cc,github,pubmed_central,0.05,68,-0.002484604937542212,-0.0005492917596132685,0.02493142865848976,0.5147058823529411,"quadratic-model non-additivity; conditional association, not causal synergy"
metric/the_pile_pile_cc_val_loss,pile_cc,arxiv,pubmed_central,0.05,68,0.0013326993409930044,0.0012391004631395752,0.023160143998557488,0.5882352941176471,"quadratic-model non-additivity; conditional association, not causal synergy"
metric/the_pile_ubuntu_irc_val_loss,wikipedia_en,uspto_backgrounds,freelaw,0.05,49,-0.039932584427168585,-0.02216845609645368,0.039932584427168585,1.0,"quadratic-model non-additivity; conditional association, not causal synergy"
metric/the_pile_ubuntu_irc_val_loss,wikipedia_en,uspto_backgrounds,stackexchange,0.05,49,-0.03362654003333008,-0.017385817579537388,0.03362654003333008,1.0,"quadratic-model non-additivity; conditional association, not causal synergy"
metric/the_pile_ubuntu_irc_val_loss,wikipedia_en,uspto_backgrounds,github,0.05,49,-0.03374251317767628,-0.019452983498230658,0.03374251317767628,1.0,"quadratic-model non-additivity; conditional association, not causal synergy"
metric/the_pile_ubuntu_irc_val_loss,wikipedia_en,uspto_backgrounds,arxiv,0.05,49,-0.03735522616728378,-0.01830997224068831,0.03735522616728378,1.0,"quadratic-model non-additivity; conditional association, not causal synergy"
metric/the_pile_ubuntu_irc_val_loss,wikipedia_en,uspto_backgrounds,pubmed_central,0.05,49,-0.021896118632997744,-0.013108031531599451,0.021896118632997744,1.0,"quadratic-model non-additivity; conditional association, not causal synergy"
metric/the_pile_ubuntu_irc_val_loss,wikipedia_en,uspto_backgrounds,pile_cc,0.05,49,-0.021304321899465472,-0.010032717562528326,0.021304321899465472,1.0,"quadratic-model non-additivity; conditional association, not causal synergy"
metric/the_pile_ubuntu_irc_val_loss,wikipedia_en,freelaw,stackexchange,0.05,49,-0.019782761782340817,-0.010316663449486008,0.019782761782340817,1.0,"quadratic-model non-additivity; conditional association, not causal synergy"
metric/the_pile_ubuntu_irc_val_loss,wikipedia_en,freelaw,github,0.05,49,-0.018085009605338695,-0.009723119955427073,0.018108989780870843,0.9795918367346939,"quadratic-model non-additivity; conditional association, not causal synergy"
metric/the_pile_ubuntu_irc_val_loss,wikipedia_en,freelaw,arxiv,0.05,49,-0.057858885410346284,-0.02448326963573244,0.057858885410346284,1.0,"quadratic-model non-additivity; conditional association, not causal synergy"
metric/the_pile_ubuntu_irc_val_loss,wikipedia_en,freelaw,pubmed_central,0.05,49,-0.07076243948897484,-0.024157831924144446,0.07076243948897484,1.0,"quadratic-model non-additivity; conditional association, not causal synergy"
metric/the_pile_ubuntu_irc_val_loss,wikipedia_en,freelaw,pile_cc,0.05,49,-0.04192905571155253,-0.019772274816777013,0.04192905571155253,1.0,"quadratic-model non-additivity; conditional association, not causal synergy"
metric/the_pile_ubuntu_irc_val_loss,wikipedia_en,stackexchange,github,0.05,49,0.00569476930268528,0.002196329395540708,0.011024845929986137,0.6938775510204082,"quadratic-model non-additivity; conditional association, not causal synergy"
metric/the_pile_ubuntu_irc_val_loss,wikipedia_en,stackexchange,arxiv,0.05,49,-0.032971560453823656,-0.014108725524196508,0.032971560453823656,1.0,"quadratic-model non-additivity; conditional association, not causal synergy"
metric/the_pile_ubuntu_irc_val_loss,wikipedia_en,stackexchange,pubmed_central,0.05,49,-0.044083794880104464,-0.019082019589490073,0.044083794880104464,1.0,"quadratic-model non-additivity; conditional association, not causal synergy"
metric/the_pile_ubuntu_irc_val_loss,wikipedia_en,stackexchange,pile_cc,0.05,49,-0.0077116345887056435,-0.004365075966517473,0.007745264136307058,0.9591836734693877,"quadratic-model non-additivity; conditional association, not causal synergy"
metric/the_pile_ubuntu_irc_val_loss,wikipedia_en,github,arxiv,0.05,49,-0.035024530175696886,-0.011574730144847223,0.0355297341906482,0.9795918367346939,"quadratic-model non-additivity; conditional association, not causal synergy"
metric/the_pile_ubuntu_irc_val_loss,wikipedia_en,github,pubmed_central,0.05,49,-0.046850823696157146,-0.013790115241129719,0.04750712905107453,0.9795918367346939,"quadratic-model non-additivity; conditional association, not causal synergy"
metric/the_pile_ubuntu_irc_val_loss,wikipedia_en,github,pile_cc,0.05,49,-0.026807406053621332,-0.009230634663587978,0.027540515869745156,0.9591836734693877,"quadratic-model non-additivity; conditional association, not causal synergy"
metric/the_pile_ubuntu_irc_val_loss,wikipedia_en,arxiv,pubmed_central,0.05,49,-0.0504017913275299,-0.023755916036005686,0.0504017913275299,1.0,"quadratic-model non-additivity; conditional association, not causal synergy"
metric/the_pile_ubuntu_irc_val_loss,wikipedia_en,arxiv,pile_cc,0.05,49,-0.047766636716032804,-0.016253249577704132,0.047766636716032804,1.0,"quadratic-model non-additivity; conditional association, not causal synergy"
metric/the_pile_ubuntu_irc_val_loss,wikipedia_en,pubmed_central,pile_cc,0.05,49,-0.03824573204889654,-0.014808615339098274,0.03824573204889654,1.0,"quadratic-model non-additivity; conditional association, not causal synergy"
metric/the_pile_ubuntu_irc_val_loss,uspto_backgrounds,wikipedia_en,freelaw,0.05,59,-0.016892439231803395,-0.006139861759976384,0.017145424924495365,0.9322033898305084,"quadratic-model non-additivity; conditional association, not causal synergy"
metric/the_pile_ubuntu_irc_val_loss,uspto_backgrounds,wikipedia_en,stackexchange,0.05,59,-0.012664238862497745,-0.0018595820745783698,0.015329095502184144,0.6949152542372882,"quadratic-model non-additivity; conditional association, not causal synergy"
metric/the_pile_ubuntu_irc_val_loss,uspto_backgrounds,wikipedia_en,github,0.05,59,-0.051486896070828715,-0.02465830378127265,0.051486896070828715,1.0,"quadratic-model non-additivity; conditional association, not causal synergy"
metric/the_pile_ubuntu_irc_val_loss,uspto_backgrounds,wikipedia_en,arxiv,0.05,59,-0.025047669376878235,-0.009248840532687375,0.025047669376878235,1.0,"quadratic-model non-additivity; conditional association, not causal synergy"
metric/the_pile_ubuntu_irc_val_loss,uspto_backgrounds,wikipedia_en,pubmed_central,0.05,59,-0.0429175613073475,-0.02105776141567528,0.0429175613073475,1.0,"quadratic-model non-additivity; conditional association, not causal synergy"
metric/the_pile_ubuntu_irc_val_loss,uspto_backgrounds,wikipedia_en,pile_cc,0.05,59,-0.05134631116751339,-0.02423690321986971,0.05134631116751339,1.0,"quadratic-model non-additivity; conditional association, not causal synergy"
metric/the_pile_ubuntu_irc_val_loss,uspto_backgrounds,freelaw,stackexchange,0.05,59,-0.016545217494359724,-0.005380379946263503,0.016861134075045407,0.8983050847457628,"quadratic-model non-additivity; conditional association, not causal synergy"
metric/the_pile_ubuntu_irc_val_loss,uspto_backgrounds,freelaw,github,0.05,59,-0.020017747747972797,-0.009544199564430755,0.020315258703829553,0.9491525423728814,"quadratic-model non-additivity; conditional association, not causal synergy"
metric/the_pile_ubuntu_irc_val_loss,uspto_backgrounds,freelaw,arxiv,0.05,59,-0.05935376862216301,-0.025919024889350162,0.05935376862216301,1.0,"quadratic-model non-additivity; conditional association, not causal synergy"
metric/the_pile_ubuntu_irc_val_loss,uspto_backgrounds,freelaw,pubmed_central,0.05,59,-0.05993085487452882,-0.015517692478986156,0.05996305263986437,0.9830508474576272,"quadratic-model non-additivity; conditional association, not causal synergy"
metric/the_pile_ubuntu_irc_val_loss,uspto_backgrounds,freelaw,pile_cc,0.05,59,-0.04524002761491032,-0.01840608864259341,0.04524002761491032,1.0,"quadratic-model non-additivity; conditional association, not causal synergy"
metric/the_pile_ubuntu_irc_val_loss,uspto_backgrounds,stackexchange,github,0.05,59,0.00010194239841089078,0.0022959174349992395,0.015955358564443915,0.576271186440678,"quadratic-model non-additivity; conditional association, not causal synergy"
metric/the_pile_ubuntu_irc_val_loss,uspto_backgrounds,stackexchange,arxiv,0.05,59,-0.03147914946045039,-0.012021139631941402,0.03149513773724034,0.9661016949152542,"quadratic-model non-additivity; conditional association, not causal synergy"
metric/the_pile_ubuntu_irc_val_loss,uspto_backgrounds,stackexchange,pubmed_central,0.05,59,-0.047016653024722764,-0.01598003429706729,0.047016653024722764,1.0,"quadratic-model non-additivity; conditional association, not causal synergy"
metric/the_pile_ubuntu_irc_val_loss,uspto_backgrounds,stackexchange,pile_cc,0.05,59,-0.012542005952952809,-0.0028929521984375484,0.012780684274131137,0.864406779661017,"quadratic-model non-additivity; conditional association, not causal synergy"
metric/the_pile_ubuntu_irc_val_loss,uspto_backgrounds,github,arxiv,0.05,59,-0.03077065919009948,-0.011795328096401825,0.03092720528744235,0.9830508474576272,"quadratic-model non-additivity; conditional association, not causal synergy"
metric/the_pile_ubuntu_irc_val_loss,uspto_backgrounds,github,pubmed_central,0.05,59,-0.055454744789882986,-0.02730093937692235,0.05553272340374798,0.9830508474576272,"quadratic-model non-additivity; conditional association, not causal synergy"
metric/the_pile_ubuntu_irc_val_loss,uspto_backgrounds,github,pile_cc,0.05,59,-0.029586118286146323,-0.012568780264217594,0.029586118286146323,1.0,"quadratic-model non-additivity; conditional association, not causal synergy"
metric/the_pile_ubuntu_irc_val_loss,uspto_backgrounds,arxiv,pubmed_central,0.05,59,-0.055254609088554896,-0.016996446829769418,0.055258500249868385,0.9830508474576272,"quadratic-model non-additivity; conditional association, not causal synergy"
metric/the_pile_ubuntu_irc_val_loss,uspto_backgrounds,arxiv,pile_cc,0.05,59,-0.043923134685020786,-0.015067627360739522,0.043923134685020786,1.0,"quadratic-model non-additivity; conditional association, not causal synergy"
metric/the_pile_ubuntu_irc_val_loss,uspto_backgrounds,pubmed_central,pile_cc,0.05,59,-0.05963911997580317,-0.026563571351619686,0.05963911997580317,1.0,"quadratic-model non-additivity; conditional association, not causal synergy"
metric/the_pile_ubuntu_irc_val_loss,freelaw,wikipedia_en,uspto_backgrounds,0.05,47,0.010855846872932723,0.00351433759752684,0.027688555746751428,0.6382978723404256,"quadratic-model non-additivity; conditional association, not causal synergy"
metric/the_pile_ubuntu_irc_val_loss,freelaw,wikipedia_en,stackexchange,0.05,47,-0.010998171302397044,-0.0015735847829265737,0.01435668146097448,0.6595744680851063,"quadratic-model non-additivity; conditional association, not causal synergy"
metric/the_pile_ubuntu_irc_val_loss,freelaw,wikipedia_en,github,0.05,47,-0.051156282760573955,-0.029626950608530045,0.051156282760573955,1.0,"quadratic-model non-additivity; conditional association, not causal synergy"
metric/the_pile_ubuntu_irc_val_loss,freelaw,wikipedia_en,arxiv,0.05,47,-0.019412095294577963,-0.009544919410638286,0.019872880604389326,0.9361702127659575,"quadratic-model non-additivity; conditional association, not causal synergy"
metric/the_pile_ubuntu_irc_val_loss,freelaw,wikipedia_en,pubmed_central,0.05,47,-0.04070850902711169,-0.01923795315607091,0.0408783080584891,0.9787234042553191,"quadratic-model non-additivity; conditional association, not causal synergy"
metric/the_pile_ubuntu_irc_val_loss,freelaw,wikipedia_en,pile_cc,0.05,47,-0.05069797238801276,-0.0369080330357594,0.05069797238801276,1.0,"quadratic-model non-additivity; conditional association, not causal synergy"
metric/the_pile_ubuntu_irc_val_loss,freelaw,uspto_backgrounds,stackexchange,0.05,47,-0.025617651325055404,-0.01328400555220366,0.025617651325055404,1.0,"quadratic-model non-additivity; conditional association, not causal synergy"
metric/the_pile_ubuntu_irc_val_loss,freelaw,uspto_backgrounds,github,0.05,47,-0.03146052974084702,-0.011979086265412775,0.03146052974084702,1.0,"quadratic-model non-additivity; conditional association, not causal synergy"
metric/the_pile_ubuntu_irc_val_loss,freelaw,uspto_backgrounds,arxiv,0.05,47,-0.026148645380175195,-0.010420367521710716,0.02638404858040814,0.9787234042553191,"quadratic-model non-additivity; conditional association, not causal synergy"
metric/the_pile_ubuntu_irc_val_loss,freelaw,uspto_backgrounds,pubmed_central,0.05,47,-0.014203377918375986,-0.0049594521778830725,0.01595084267698419,0.9361702127659575,"quadratic-model non-additivity; conditional association, not causal synergy"
metric/the_pile_ubuntu_irc_val_loss,freelaw,uspto_backgrounds,pile_cc,0.05,47,-0.015009715113716227,-0.007574494825651534,0.015722465592341823,0.9148936170212766,"quadratic-model non-additivity; conditional association, not causal synergy"
metric/the_pile_ubuntu_irc_val_loss,freelaw,stackexchange,github,0.05,47,-0.0024670658648587034,-0.0009243224076982415,0.013859193109786052,0.5531914893617021,"quadratic-model non-additivity; conditional association, not causal synergy"
metric/the_pile_ubuntu_irc_val_loss,freelaw,stackexchange,arxiv,0.05,47,-0.03454934531841016,-0.014224295271980658,0.03460153080020025,0.9787234042553191,"quadratic-model non-additivity; conditional association, not causal synergy"
metric/the_pile_ubuntu_irc_val_loss,freelaw,stackexchange,pubmed_central,0.05,47,-0.05072007958709838,-0.019995675091321274,0.05170734289967337,0.9787234042553191,"quadratic-model non-additivity; conditional association, not causal synergy"
metric/the_pile_ubuntu_irc_val_loss,freelaw,stackexchange,pile_cc,0.05,47,-0.008625902545743008,-0.002106421451606,0.009530040708354734,0.851063829787234,"quadratic-model non-additivity; conditional association, not causal synergy"
metric/the_pile_ubuntu_irc_val_loss,freelaw,github,arxiv,0.05,47,-0.03310978816620877,-0.013643267303978135,0.03313793127263509,0.9574468085106383,"quadratic-model non-additivity; conditional association, not causal synergy"
metric/the_pile_ubuntu_irc_val_loss,freelaw,github,pubmed_central,0.05,47,-0.064858098862283,-0.03291357021748187,0.064858098862283,1.0,"quadratic-model non-additivity; conditional association, not causal synergy"
metric/the_pile_ubuntu_irc_val_loss,freelaw,github,pile_cc,0.05,47,-0.034808813896442865,-0.012020554877851808,0.03528856690097263,0.9574468085106383,"quadratic-model non-additivity; conditional association, not causal synergy"
metric/the_pile_ubuntu_irc_val_loss,freelaw,arxiv,pubmed_central,0.05,47,-0.04227597260988359,-0.018735447340719524,0.04352070309456224,0.9361702127659575,"quadratic-model non-additivity; conditional association, not causal synergy"
metric/the_pile_ubuntu_irc_val_loss,freelaw,arxiv,pile_cc,0.05,47,-0.05136214608400207,-0.017671779846363478,0.051410323903924464,0.9574468085106383,"quadratic-model non-additivity; conditional association, not causal synergy"
metric/the_pile_ubuntu_irc_val_loss,freelaw,pubmed_central,pile_cc,0.05,47,-0.049067871505938006,-0.01895238316186809,0.04954793089308195,0.9574468085106383,"quadratic-model non-additivity; conditional association, not causal synergy"
metric/the_pile_ubuntu_irc_val_loss,stackexchange,wikipedia_en,uspto_backgrounds,0.05,72,0.027955170740457874,0.013543687018944706,0.032090575499222625,0.7916666666666666,"quadratic-model non-additivity; conditional association, not causal synergy"
metric/the_pile_ubuntu_irc_val_loss,stackexchange,wikipedia_en,freelaw,0.05,72,-0.0067771390781296076,-0.0037056531409978,0.010425996571597786,0.875,"quadratic-model non-additivity; conditional association, not causal synergy"
metric/the_pile_ubuntu_irc_val_loss,stackexchange,wikipedia_en,github,0.05,72,-0.04247208573360686,-0.01747492959026875,0.04347836332828202,0.9722222222222222,"quadratic-model non-additivity; conditional association, not causal synergy"
metric/the_pile_ubuntu_irc_val_loss,stackexchange,wikipedia_en,arxiv,0.05,72,-0.010327579108393745,-0.005361541327296937,0.01479993890810131,0.875,"quadratic-model non-additivity; conditional association, not causal synergy"
metric/the_pile_ubuntu_irc_val_loss,stackexchange,wikipedia_en,pubmed_central,0.05,72,-0.026272127074687276,-0.013537756824711256,0.029980450343244827,0.8611111111111112,"quadratic-model non-additivity; conditional association, not causal synergy"
metric/the_pile_ubuntu_irc_val_loss,stackexchange,wikipedia_en,pile_cc,0.05,72,-0.03801086110138179,-0.02016789972195321,0.03862486139933653,0.9444444444444444,"quadratic-model non-additivity; conditional association, not causal synergy"
metric/the_pile_ubuntu_irc_val_loss,stackexchange,uspto_backgrounds,freelaw,0.05,72,-0.03441180309533863,-0.014547550567130862,0.036601756617627684,0.8888888888888888,"quadratic-model non-additivity; conditional association, not causal synergy"
metric/the_pile_ubuntu_irc_val_loss,stackexchange,uspto_backgrounds,github,0.05,72,-0.025705656264628826,-0.01106621214711101,0.02831615906895389,0.9583333333333334,"quadratic-model non-additivity; conditional association, not causal synergy"
metric/the_pile_ubuntu_irc_val_loss,stackexchange,uspto_backgrounds,arxiv,0.05,72,-0.020895960914057383,-0.006413642917908913,0.025048648391722286,0.8611111111111112,"quadratic-model non-additivity; conditional association, not causal synergy"
metric/the_pile_ubuntu_irc_val_loss,stackexchange,uspto_backgrounds,pubmed_central,0.05,72,-0.006905276698961928,-0.0015844768163568723,0.013972852378793248,0.6666666666666666,"quadratic-model non-additivity; conditional association, not causal synergy"
metric/the_pile_ubuntu_irc_val_loss,stackexchange,uspto_backgrounds,pile_cc,0.05,72,-0.012765774113491704,-0.008207353083218294,0.016536735639369242,0.8333333333333334,"quadratic-model non-additivity; conditional association, not causal synergy"
metric/the_pile_ubuntu_irc_val_loss,stackexchange,freelaw,github,0.05,72,-0.0203404741830532,-0.012179975491618755,0.022709908571196327,0.9583333333333334,"quadratic-model non-additivity; conditional association, not causal synergy"
metric/the_pile_ubuntu_irc_val_loss,stackexchange,freelaw,arxiv,0.05,72,-0.05062117630668737,-0.01531327877718125,0.05294978838322276,0.9166666666666666,"quadratic-model non-additivity; conditional association, not causal synergy"
metric/the_pile_ubuntu_irc_val_loss,stackexchange,freelaw,pubmed_central,0.05,72,-0.06567708155363314,-0.015576617876724264,0.07043027827301396,0.875,"quadratic-model non-additivity; conditional association, not causal synergy"
metric/the_pile_ubuntu_irc_val_loss,stackexchange,freelaw,pile_cc,0.05,72,-0.04909527162249308,-0.026392404363724475,0.05001894428951823,0.9444444444444444,"quadratic-model non-additivity; conditional association, not causal synergy"
metric/the_pile_ubuntu_irc_val_loss,stackexchange,github,arxiv,0.05,72,-0.023372225520922933,-0.009055180955225506,0.025722462892988962,0.9722222222222222,"quadratic-model non-additivity; conditional association, not causal synergy"
metric/the_pile_ubuntu_irc_val_loss,stackexchange,github,pubmed_central,0.05,72,-0.04622071093626556,-0.01476410809795814,0.04830140575390082,0.9722222222222222,"quadratic-model non-additivity; conditional association, not causal synergy"
metric/the_pile_ubuntu_irc_val_loss,stackexchange,github,pile_cc,0.05,72,-0.02849442311221025,-0.012425118491123044,0.029624325307087043,0.9583333333333334,"quadratic-model non-additivity; conditional association, not causal synergy"
metric/the_pile_ubuntu_irc_val_loss,stackexchange,arxiv,pubmed_central,0.05,72,-0.042578280428957394,-0.008907423121913727,0.04637116188705267,0.875,"quadratic-model non-additivity; conditional association, not causal synergy"
metric/the_pile_ubuntu_irc_val_loss,stackexchange,arxiv,pile_cc,0.05,72,-0.037587888622952766,-0.010686732043040603,0.04048916985415469,0.9027777777777778,"quadratic-model non-additivity; conditional association, not causal synergy"
metric/the_pile_ubuntu_irc_val_loss,stackexchange,pubmed_central,pile_cc,0.05,72,-0.047187276853106024,-0.015266174608245198,0.05144722655365641,0.8888888888888888,"quadratic-model non-additivity; conditional association, not causal synergy"
metric/the_pile_ubuntu_irc_val_loss,github,wikipedia_en,uspto_backgrounds,0.05,77,0.03200078869401662,0.013576464272991196,0.0345086564203564,0.8571428571428571,"quadratic-model non-additivity; conditional association, not causal synergy"
metric/the_pile_ubuntu_irc_val_loss,github,wikipedia_en,freelaw,0.05,77,-0.006274502470933987,-0.0038524048241903586,0.007585489342339874,0.8441558441558441,"quadratic-model non-additivity; conditional association, not causal synergy"
metric/the_pile_ubuntu_irc_val_loss,github,wikipedia_en,stackexchange,0.05,77,-0.0010123296681921778,0.0011295031684808166,0.008504583871957213,0.5844155844155844,"quadratic-model non-additivity; conditional association, not causal synergy"
metric/the_pile_ubuntu_irc_val_loss,github,wikipedia_en,arxiv,0.05,77,-0.013120224723499567,-0.007012461244835677,0.014686306317248567,0.8831168831168831,"quadratic-model non-additivity; conditional association, not causal synergy"
metric/the_pile_ubuntu_irc_val_loss,github,wikipedia_en,pubmed_central,0.05,77,-0.027662191448003675,-0.012328959866537481,0.029497105707268594,0.8961038961038961,"quadratic-model non-additivity; conditional association, not causal synergy"
metric/the_pile_ubuntu_irc_val_loss,github,wikipedia_en,pile_cc,0.05,77,-0.04567789947023638,-0.02662265129470498,0.04706235221408188,0.948051948051948,"quadratic-model non-additivity; conditional association, not causal synergy"
metric/the_pile_ubuntu_irc_val_loss,github,uspto_backgrounds,freelaw,0.05,77,-0.03490184416542432,-0.017624889162811463,0.03551231346043996,0.961038961038961,"quadratic-model non-additivity; conditional association, not causal synergy"
metric/the_pile_ubuntu_irc_val_loss,github,uspto_backgrounds,stackexchange,0.05,77,-0.029971477908130352,-0.019588226091698857,0.029971477908130352,1.0,"quadratic-model non-additivity; conditional association, not causal synergy"
metric/the_pile_ubuntu_irc_val_loss,github,uspto_backgrounds,arxiv,0.05,77,-0.030168759153762298,-0.0124362663203188,0.03105473750862975,0.961038961038961,"quadratic-model non-additivity; conditional association, not causal synergy"
metric/the_pile_ubuntu_irc_val_loss,github,uspto_backgrounds,pubmed_central,0.05,77,-0.009686480517630679,-0.0053047600106364,0.011718204132366124,0.8051948051948052,"quadratic-model non-additivity; conditional association, not causal synergy"
metric/the_pile_ubuntu_irc_val_loss,github,uspto_backgrounds,pile_cc,0.05,77,-0.015007986083421982,-0.0069198229250924115,0.01630514669914221,0.961038961038961,"quadratic-model non-additivity; conditional association, not causal synergy"
metric/the_pile_ubuntu_irc_val_loss,github,freelaw,stackexchange,0.05,77,-0.024859297226025645,-0.015885978869577322,0.024859297226025645,1.0,"quadratic-model non-additivity; conditional association, not causal synergy"
metric/the_pile_ubuntu_irc_val_loss,github,freelaw,arxiv,0.05,77,-0.061136084698017804,-0.034737581108707616,0.061564199567298625,0.974025974025974,"quadratic-model non-additivity; conditional association, not causal synergy"
metric/the_pile_ubuntu_irc_val_loss,github,freelaw,pubmed_central,0.05,77,-0.062472407158900164,-0.022033385144306195,0.06299925514105204,0.961038961038961,"quadratic-model non-additivity; conditional association, not causal synergy"
metric/the_pile_ubuntu_irc_val_loss,github,freelaw,pile_cc,0.05,77,-0.05702636269929637,-0.02816604154118263,0.057060116481333176,0.987012987012987,"quadratic-model non-additivity; conditional association, not causal synergy"
metric/the_pile_ubuntu_irc_val_loss,github,stackexchange,arxiv,0.05,77,-0.037486426198384305,-0.018606543487609706,0.037486426198384305,1.0,"quadratic-model non-additivity; conditional association, not causal synergy"
metric/the_pile_ubuntu_irc_val_loss,github,stackexchange,pubmed_central,0.05,77,-0.04610502389388898,-0.02089170655182304,0.04610502389388898,1.0,"quadratic-model non-additivity; conditional association, not causal synergy"
metric/the_pile_ubuntu_irc_val_loss,github,stackexchange,pile_cc,0.05,77,-0.00899985785924326,-0.004906249032409882,0.009707878224220168,0.961038961038961,"quadratic-model non-additivity; conditional association, not causal synergy"
metric/the_pile_ubuntu_irc_val_loss,github,arxiv,pubmed_central,0.05,77,-0.047849141069651026,-0.01367413719009214,0.04870799335105431,0.974025974025974,"quadratic-model non-additivity; conditional association, not causal synergy"
metric/the_pile_ubuntu_irc_val_loss,github,arxiv,pile_cc,0.05,77,-0.05145519168311435,-0.025126207733295658,0.052027204443747414,0.974025974025974,"quadratic-model non-additivity; conditional association, not causal synergy"
metric/the_pile_ubuntu_irc_val_loss,github,pubmed_central,pile_cc,0.05,77,-0.054268445937973246,-0.021207867689247983,0.05491098171147919,0.922077922077922,"quadratic-model non-additivity; conditional association, not causal synergy"
metric/the_pile_ubuntu_irc_val_loss,arxiv,wikipedia_en,uspto_backgrounds,0.05,65,0.025777762000416492,0.01374219702936852,0.0392899095296009,0.676923076923077,"quadratic-model non-additivity; conditional association, not causal synergy"
metric/the_pile_ubuntu_irc_val_loss,arxiv,wikipedia_en,freelaw,0.05,65,-0.007993778267707318,-0.0046871646011519275,0.008473032824688309,0.9076923076923077,"quadratic-model non-additivity; conditional association, not causal synergy"
metric/the_pile_ubuntu_irc_val_loss,arxiv,wikipedia_en,stackexchange,0.05,65,-0.004474840138720213,1.7704302655019433e-05,0.009449562487178148,0.5076923076923077,"quadratic-model non-additivity; conditional association, not causal synergy"
metric/the_pile_ubuntu_irc_val_loss,arxiv,wikipedia_en,github,0.05,65,-0.047413310360712835,-0.024058920335849443,0.047413310360712835,1.0,"quadratic-model non-additivity; conditional association, not causal synergy"
metric/the_pile_ubuntu_irc_val_loss,arxiv,wikipedia_en,pubmed_central,0.05,65,-0.03756469429458058,-0.018568073221369552,0.03761150546257632,0.9846153846153847,"quadratic-model non-additivity; conditional association, not causal synergy"
metric/the_pile_ubuntu_irc_val_loss,arxiv,wikipedia_en,pile_cc,0.05,65,-0.04274273835590287,-0.0197246904241295,0.04275287816607178,0.9846153846153847,"quadratic-model non-additivity; conditional association, not causal synergy"
metric/the_pile_ubuntu_irc_val_loss,arxiv,uspto_backgrounds,freelaw,0.05,65,-0.03480504508942593,-0.019156790930249024,0.03487617045837886,0.9692307692307692,"quadratic-model non-additivity; conditional association, not causal synergy"
metric/the_pile_ubuntu_irc_val_loss,arxiv,uspto_backgrounds,stackexchange,0.05,65,-0.023346240657366766,-0.012219667055605399,0.0234120511554985,0.9846153846153847,"quadratic-model non-additivity; conditional association, not causal synergy"
metric/the_pile_ubuntu_irc_val_loss,arxiv,uspto_backgrounds,github,0.05,65,-0.028809330130647973,-0.014699326300735116,0.02881338656615134,0.9846153846153847,"quadratic-model non-additivity; conditional association, not causal synergy"
metric/the_pile_ubuntu_irc_val_loss,arxiv,uspto_backgrounds,pubmed_central,0.05,65,-0.014679903411315356,-0.007638728723275534,0.015110780399241856,0.8769230769230769,"quadratic-model non-additivity; conditional association, not causal synergy"
metric/the_pile_ubuntu_irc_val_loss,arxiv,uspto_backgrounds,pile_cc,0.05,65,-0.015176335842429244,-0.008849624759804442,0.015752428217640425,0.9538461538461539,"quadratic-model non-additivity; conditional association, not causal synergy"
metric/the_pile_ubuntu_irc_val_loss,arxiv,freelaw,stackexchange,0.05,65,-0.012919746701131206,-0.006362059432158063,0.013901387943399216,0.8461538461538461,"quadratic-model non-additivity; conditional association, not causal synergy"
metric/the_pile_ubuntu_irc_val_loss,arxiv,freelaw,github,0.05,65,-0.01874299549091906,-0.00761709244130504,0.019222368657785396,0.9076923076923077,"quadratic-model non-additivity; conditional association, not causal synergy"
metric/the_pile_ubuntu_irc_val_loss,arxiv,freelaw,pubmed_central,0.05,65,-0.0716472419978064,-0.03882428232245161,0.07187017518544757,0.9538461538461539,"quadratic-model non-additivity; conditional association, not causal synergy"
metric/the_pile_ubuntu_irc_val_loss,arxiv,freelaw,pile_cc,0.05,65,-0.055682637560348004,-0.024773512516225615,0.05651319967734102,0.9384615384615385,"quadratic-model non-additivity; conditional association, not causal synergy"
metric/the_pile_ubuntu_irc_val_loss,arxiv,stackexchange,github,0.05,65,0.0005372525850670393,0.0005478246106633833,0.012806815597662927,0.5846153846153846,"quadratic-model non-additivity; conditional association, not causal synergy"
metric/the_pile_ubuntu_irc_val_loss,arxiv,stackexchange,pubmed_central,0.05,65,-0.047898508061370394,-0.012747916980879737,0.04807905950140839,0.9538461538461539,"quadratic-model non-additivity; conditional association, not causal synergy"
metric/the_pile_ubuntu_irc_val_loss,arxiv,stackexchange,pile_cc,0.05,65,-0.004932202095375424,-0.0018002670923378261,0.006050650114686626,0.7846153846153846,"quadratic-model non-additivity; conditional association, not causal synergy"
metric/the_pile_ubuntu_irc_val_loss,arxiv,github,pubmed_central,0.05,65,-0.054925140868761595,-0.015593825167536046,0.05493860036637469,0.9846153846153847,"quadratic-model non-additivity; conditional association, not causal synergy"
metric/the_pile_ubuntu_irc_val_loss,arxiv,github,pile_cc,0.05,65,-0.02675500029900418,-0.011083824381748819,0.027167394862039833,0.9538461538461539,"quadratic-model non-additivity; conditional association, not causal synergy"
metric/the_pile_ubuntu_irc_val_loss,arxiv,pubmed_central,pile_cc,0.05,65,-0.04922178371017109,-0.025298564583831507,0.04974846688285599,0.9692307692307692,"quadratic-model non-additivity; conditional association, not causal synergy"
metric/the_pile_ubuntu_irc_val_loss,pubmed_central,wikipedia_en,uspto_backgrounds,0.05,81,0.023784634142736877,0.008367388466179015,0.03466245036791292,0.6790123456790124,"quadratic-model non-additivity; conditional association, not causal synergy"
metric/the_pile_ubuntu_irc_val_loss,pubmed_central,wikipedia_en,freelaw,0.05,81,-0.004320604320834131,-0.0030480022984837873,0.012120185110945888,0.8024691358024691,"quadratic-model non-additivity; conditional association, not causal synergy"
metric/the_pile_ubuntu_irc_val_loss,pubmed_central,wikipedia_en,stackexchange,0.05,81,0.001240127573111283,0.00021772018007393257,0.010234312012037578,0.5308641975308642,"quadratic-model non-additivity; conditional association, not causal synergy"
metric/the_pile_ubuntu_irc_val_loss,pubmed_central,wikipedia_en,github,0.05,81,-0.04017669693617037,-0.015062656190326429,0.04621199893194166,0.9629629629629629,"quadratic-model non-additivity; conditional association, not causal synergy"
metric/the_pile_ubuntu_irc_val_loss,pubmed_central,wikipedia_en,arxiv,0.05,81,-0.013654357815328585,-0.008308599780751713,0.019803196800974088,0.9259259259259259,"quadratic-model non-additivity; conditional association, not causal synergy"
metric/the_pile_ubuntu_irc_val_loss,pubmed_central,wikipedia_en,pile_cc,0.05,81,-0.033715405272331155,-0.02132289779447749,0.03957648374815852,0.9753086419753086,"quadratic-model non-additivity; conditional association, not causal synergy"
metric/the_pile_ubuntu_irc_val_loss,pubmed_central,uspto_backgrounds,freelaw,0.05,81,-0.031836200737862405,-0.01786663264359234,0.037976549113332585,0.9382716049382716,"quadratic-model non-additivity; conditional association, not causal synergy"
metric/the_pile_ubuntu_irc_val_loss,pubmed_central,uspto_backgrounds,stackexchange,0.05,81,-0.023958625561523773,-0.013717222542239504,0.029211655603536363,0.9753086419753086,"quadratic-model non-additivity; conditional association, not causal synergy"
metric/the_pile_ubuntu_irc_val_loss,pubmed_central,uspto_backgrounds,github,0.05,81,-0.02699003974730307,-0.013670994792626345,0.03285662800340023,0.9753086419753086,"quadratic-model non-additivity; conditional association, not causal synergy"
metric/the_pile_ubuntu_irc_val_loss,pubmed_central,uspto_backgrounds,arxiv,0.05,81,-0.0328563910475385,-0.017019381230458208,0.03835018512007329,0.9629629629629629,"quadratic-model non-additivity; conditional association, not causal synergy"
metric/the_pile_ubuntu_irc_val_loss,pubmed_central,uspto_backgrounds,pile_cc,0.05,81,-0.01876334261951716,-0.011049298796685925,0.024237775162242434,0.9259259259259259,"quadratic-model non-additivity; conditional association, not causal synergy"
metric/the_pile_ubuntu_irc_val_loss,pubmed_central,freelaw,stackexchange,0.05,81,-0.010590536455320654,-0.006499088296544997,0.017186780016195193,0.8641975308641975,"quadratic-model non-additivity; conditional association, not causal synergy"
metric/the_pile_ubuntu_irc_val_loss,pubmed_central,freelaw,github,0.05,81,-0.016415270929681845,-0.010149538572648886,0.023698524005418484,0.8888888888888888,"quadratic-model non-additivity; conditional association, not causal synergy"
metric/the_pile_ubuntu_irc_val_loss,pubmed_central,freelaw,arxiv,0.05,81,-0.05148001587491717,-0.028271558047431533,0.05762433669942034,0.9629629629629629,"quadratic-model non-additivity; conditional association, not causal synergy"
metric/the_pile_ubuntu_irc_val_loss,pubmed_central,freelaw,pile_cc,0.05,81,-0.043496323594907974,-0.01981795321190294,0.04955580124469353,0.9506172839506173,"quadratic-model non-additivity; conditional association, not causal synergy"
metric/the_pile_ubuntu_irc_val_loss,pubmed_central,stackexchange,github,0.05,81,0.006692055449172365,0.0027087757922572564,0.014191971209768565,0.6296296296296297,"quadratic-model non-additivity; conditional association, not causal synergy"
metric/the_pile_ubuntu_irc_val_loss,pubmed_central,stackexchange,arxiv,0.05,81,-0.027676784391026388,-0.012551071813982517,0.0333400030194544,0.9382716049382716,"quadratic-model non-additivity; conditional association, not causal synergy"
metric/the_pile_ubuntu_irc_val_loss,pubmed_central,stackexchange,pile_cc,0.05,81,-0.0029315568273236936,-0.00170586683449514,0.009578967109137785,0.6296296296296297,"quadratic-model non-additivity; conditional association, not causal synergy"
metric/the_pile_ubuntu_irc_val_loss,pubmed_central,github,arxiv,0.05,81,-0.026317453741645055,-0.011184868912743617,0.032693072991153795,0.9135802469135802,"quadratic-model non-additivity; conditional association, not causal synergy"
metric/the_pile_ubuntu_irc_val_loss,pubmed_central,github,pile_cc,0.05,81,-0.025060528057682916,-0.010787220555747545,0.03132372713673511,0.9259259259259259,"quadratic-model non-additivity; conditional association, not causal synergy"
metric/the_pile_ubuntu_irc_val_loss,pubmed_central,arxiv,pile_cc,0.05,81,-0.046140517703189714,-0.024552914313881402,0.05182959285541943,0.9629629629629629,"quadratic-model non-additivity; conditional association, not causal synergy"
metric/the_pile_ubuntu_irc_val_loss,pile_cc,wikipedia_en,uspto_backgrounds,0.05,68,0.024963496867153896,0.0073346635017301764,0.02825864575136609,0.75,"quadratic-model non-additivity; conditional association, not causal synergy"
metric/the_pile_ubuntu_irc_val_loss,pile_cc,wikipedia_en,freelaw,0.05,68,-0.0011736826957312008,-0.000304841153942359,0.006416032379994963,0.5147058823529411,"quadratic-model non-additivity; conditional association, not causal synergy"
metric/the_pile_ubuntu_irc_val_loss,pile_cc,wikipedia_en,stackexchange,0.05,68,0.0003888242234236718,0.0011536696819942627,0.00760296667425837,0.6470588235294118,"quadratic-model non-additivity; conditional association, not causal synergy"
metric/the_pile_ubuntu_irc_val_loss,pile_cc,wikipedia_en,github,0.05,68,-0.03714254601332224,-0.014457915640442298,0.03850311650560627,0.9411764705882353,"quadratic-model non-additivity; conditional association, not causal synergy"
metric/the_pile_ubuntu_irc_val_loss,pile_cc,wikipedia_en,arxiv,0.05,68,-0.008432630878260725,-0.0015385683866031563,0.012213098798789087,0.6617647058823529,"quadratic-model non-additivity; conditional association, not causal synergy"
metric/the_pile_ubuntu_irc_val_loss,pile_cc,wikipedia_en,pubmed_central,0.05,68,-0.027329275867441532,-0.003714339783275733,0.029795106339335835,0.7647058823529411,"quadratic-model non-additivity; conditional association, not causal synergy"
metric/the_pile_ubuntu_irc_val_loss,pile_cc,uspto_backgrounds,freelaw,0.05,68,-0.03131222537604002,-0.011382890036565119,0.03286125025534834,0.8676470588235294,"quadratic-model non-additivity; conditional association, not causal synergy"
metric/the_pile_ubuntu_irc_val_loss,pile_cc,uspto_backgrounds,stackexchange,0.05,68,-0.02163044634772103,-0.007260031366306485,0.02196186979955531,0.9852941176470589,"quadratic-model non-additivity; conditional association, not causal synergy"
metric/the_pile_ubuntu_irc_val_loss,pile_cc,uspto_backgrounds,github,0.05,68,-0.023490214971176374,-0.006928190477211604,0.02416341081545581,0.8823529411764706,"quadratic-model non-additivity; conditional association, not causal synergy"
metric/the_pile_ubuntu_irc_val_loss,pile_cc,uspto_backgrounds,arxiv,0.05,68,-0.02180670575417107,-0.005946654148937469,0.023605127675025317,0.8382352941176471,"quadratic-model non-additivity; conditional association, not causal synergy"
metric/the_pile_ubuntu_irc_val_loss,pile_cc,uspto_backgrounds,pubmed_central,0.05,68,-0.011285409098741695,-0.003912715450256954,0.013775140470328181,0.7647058823529411,"quadratic-model non-additivity; conditional association, not causal synergy"
metric/the_pile_ubuntu_irc_val_loss,pile_cc,freelaw,stackexchange,0.05,68,-0.014191626175469279,-0.004449238517602261,0.01589433522504773,0.75,"quadratic-model non-additivity; conditional association, not causal synergy"
metric/the_pile_ubuntu_irc_val_loss,pile_cc,freelaw,github,0.05,68,-0.014036981816377666,-0.006220847755957326,0.016379957747764365,0.7647058823529411,"quadratic-model non-additivity; conditional association, not causal synergy"
metric/the_pile_ubuntu_irc_val_loss,pile_cc,freelaw,arxiv,0.05,68,-0.052711913339896645,-0.018029660492006272,0.05373743925246699,0.9264705882352942,"quadratic-model non-additivity; conditional association, not causal synergy"
metric/the_pile_ubuntu_irc_val_loss,pile_cc,freelaw,pubmed_central,0.05,68,-0.05774493281015669,-0.01229893576956087,0.05992924092324309,0.8235294117647058,"quadratic-model non-additivity; conditional association, not causal synergy"
metric/the_pile_ubuntu_irc_val_loss,pile_cc,stackexchange,github,0.05,68,0.006835912919114529,0.003663851870832513,0.013220709971107913,0.6911764705882353,"quadratic-model non-additivity; conditional association, not causal synergy"
metric/the_pile_ubuntu_irc_val_loss,pile_cc,stackexchange,arxiv,0.05,68,-0.027487753875452808,-0.008491915910683545,0.028541485704366994,0.9117647058823529,"quadratic-model non-additivity; conditional association, not causal synergy"
metric/the_pile_ubuntu_irc_val_loss,pile_cc,stackexchange,pubmed_central,0.05,68,-0.052627000833866004,-0.011768612659504019,0.05311574460492411,0.9117647058823529,"quadratic-model non-additivity; conditional association, not causal synergy"
metric/the_pile_ubuntu_irc_val_loss,pile_cc,github,arxiv,0.05,68,-0.03230000631643003,-0.009577182176780052,0.034486585315129284,0.8676470588235294,"quadratic-model non-additivity; conditional association, not causal synergy"
metric/the_pile_ubuntu_irc_val_loss,pile_cc,github,pubmed_central,0.05,68,-0.057962311917065135,-0.01735184914109089,0.05926862403818496,0.9264705882352942,"quadratic-model non-additivity; conditional association, not causal synergy"
metric/the_pile_ubuntu_irc_val_loss,pile_cc,arxiv,pubmed_central,0.05,68,-0.04750663748710493,-0.012024359418604913,0.050536253510041054,0.8088235294117647,"quadratic-model non-additivity; conditional association, not causal synergy"
metric/the_pile_hackernews_val_loss,wikipedia_en,uspto_backgrounds,freelaw,0.05,49,-0.013395353501822799,-0.006769304108497742,0.013395353501822799,1.0,"quadratic-model non-additivity; conditional association, not causal synergy"
metric/the_pile_hackernews_val_loss,wikipedia_en,uspto_backgrounds,stackexchange,0.05,49,-0.015758102587281955,-0.006948990787063458,0.015758102587281955,1.0,"quadratic-model non-additivity; conditional association, not causal synergy"
metric/the_pile_hackernews_val_loss,wikipedia_en,uspto_backgrounds,github,0.05,49,-0.00868076782056588,-0.005198845709898592,0.008724150705427992,0.9387755102040817,"quadratic-model non-additivity; conditional association, not causal synergy"
metric/the_pile_hackernews_val_loss,wikipedia_en,uspto_backgrounds,arxiv,0.05,49,-0.006248859840259183,-0.0026376387515245625,0.006248859840259183,1.0,"quadratic-model non-additivity; conditional association, not causal synergy"
metric/the_pile_hackernews_val_loss,wikipedia_en,uspto_backgrounds,pubmed_central,0.05,49,-0.004881574387411021,-0.0026216008041606287,0.004881574387411021,1.0,"quadratic-model non-additivity; conditional association, not causal synergy"
metric/the_pile_hackernews_val_loss,wikipedia_en,uspto_backgrounds,pile_cc,0.05,49,-0.008499447080894671,-0.0030255155030012304,0.008499447080894671,1.0,"quadratic-model non-additivity; conditional association, not causal synergy"
metric/the_pile_hackernews_val_loss,wikipedia_en,freelaw,stackexchange,0.05,49,-0.002360807965885978,-0.001012058218541334,0.0024583362456864176,0.8979591836734694,"quadratic-model non-additivity; conditional association, not causal synergy"
metric/the_pile_hackernews_val_loss,wikipedia_en,freelaw,github,0.05,49,-0.007737807891902389,-0.0028501642501543856,0.007828638376604495,0.9387755102040817,"quadratic-model non-additivity; conditional association, not causal synergy"
metric/the_pile_hackernews_val_loss,wikipedia_en,freelaw,arxiv,0.05,49,-0.013909906851737435,-0.005222110306823069,0.013909906851737435,1.0,"quadratic-model non-additivity; conditional association, not causal synergy"
metric/the_pile_hackernews_val_loss,wikipedia_en,freelaw,pubmed_central,0.05,49,-0.023620979801282627,-0.007323623052931438,0.023620979801282627,1.0,"quadratic-model non-additivity; conditional association, not causal synergy"
metric/the_pile_hackernews_val_loss,wikipedia_en,freelaw,pile_cc,0.05,49,-0.006626575828200105,-0.0032236896123309933,0.00664847230328567,0.9591836734693877,"quadratic-model non-additivity; conditional association, not causal synergy"
metric/the_pile_hackernews_val_loss,wikipedia_en,stackexchange,github,0.05,49,0.003740086429605037,0.0013683862006041991,0.004393391158842446,0.7755102040816326,"quadratic-model non-additivity; conditional association, not causal synergy"
metric/the_pile_hackernews_val_loss,wikipedia_en,stackexchange,arxiv,0.05,49,-0.01218593579172425,-0.005474236853179271,0.01218593579172425,1.0,"quadratic-model non-additivity; conditional association, not causal synergy"
metric/the_pile_hackernews_val_loss,wikipedia_en,stackexchange,pubmed_central,0.05,49,-0.015587147017359736,-0.006421856414566385,0.015587147017359736,1.0,"quadratic-model non-additivity; conditional association, not causal synergy"
metric/the_pile_hackernews_val_loss,wikipedia_en,stackexchange,pile_cc,0.05,49,0.011701058993437298,0.0021770343616696053,0.012915069278549447,0.6530612244897959,"quadratic-model non-additivity; conditional association, not causal synergy"
metric/the_pile_hackernews_val_loss,wikipedia_en,github,arxiv,0.05,49,-0.01682031219271763,-0.00548075528593106,0.016934846198890265,0.9795918367346939,"quadratic-model non-additivity; conditional association, not causal synergy"
metric/the_pile_hackernews_val_loss,wikipedia_en,github,pubmed_central,0.05,49,-0.01876120603261131,-0.005677853384555398,0.01876120603261131,1.0,"quadratic-model non-additivity; conditional association, not causal synergy"
metric/the_pile_hackernews_val_loss,wikipedia_en,github,pile_cc,0.05,49,-0.003842003155352429,-0.001875686281888278,0.0039217266336069355,0.9183673469387755,"quadratic-model non-additivity; conditional association, not causal synergy"
metric/the_pile_hackernews_val_loss,wikipedia_en,arxiv,pubmed_central,0.05,49,-0.013026698660822964,-0.005778271071123164,0.013026698660822964,1.0,"quadratic-model non-additivity; conditional association, not causal synergy"
metric/the_pile_hackernews_val_loss,wikipedia_en,arxiv,pile_cc,0.05,49,-0.016999642780275673,-0.006274707726237061,0.016999642780275673,1.0,"quadratic-model non-additivity; conditional association, not causal synergy"
metric/the_pile_hackernews_val_loss,wikipedia_en,pubmed_central,pile_cc,0.05,49,-0.009773107039461371,-0.004594464762409878,0.009773107039461371,1.0,"quadratic-model non-additivity; conditional association, not causal synergy"
metric/the_pile_hackernews_val_loss,uspto_backgrounds,wikipedia_en,freelaw,0.05,59,-0.009533980678003522,-0.003495510051846118,0.009545178650287138,0.9830508474576272,"quadratic-model non-additivity; conditional association, not causal synergy"
metric/the_pile_hackernews_val_loss,uspto_backgrounds,wikipedia_en,stackexchange,0.05,59,-0.004577891859932381,-0.0017377293386333648,0.004578476493305146,0.9830508474576272,"quadratic-model non-additivity; conditional association, not causal synergy"
metric/the_pile_hackernews_val_loss,uspto_backgrounds,wikipedia_en,github,0.05,59,-0.015527413414637078,-0.00796465086962872,0.015527413414637078,1.0,"quadratic-model non-additivity; conditional association, not causal synergy"
metric/the_pile_hackernews_val_loss,uspto_backgrounds,wikipedia_en,arxiv,0.05,59,-0.009525384687668122,-0.0041769882440076955,0.009525384687668122,1.0,"quadratic-model non-additivity; conditional association, not causal synergy"
metric/the_pile_hackernews_val_loss,uspto_backgrounds,wikipedia_en,pubmed_central,0.05,59,-0.003965399453166706,-0.0011056622798299998,0.003999799232608072,0.8813559322033898,"quadratic-model non-additivity; conditional association, not causal synergy"
metric/the_pile_hackernews_val_loss,uspto_backgrounds,wikipedia_en,pile_cc,0.05,59,-0.006060972057721008,-0.0033940892306816295,0.006060972057721008,1.0,"quadratic-model non-additivity; conditional association, not causal synergy"
metric/the_pile_hackernews_val_loss,uspto_backgrounds,freelaw,stackexchange,0.05,59,-0.0006345948806577253,-0.00020724303811991973,0.0015209725369695328,0.5932203389830508,"quadratic-model non-additivity; conditional association, not causal synergy"
metric/the_pile_hackernews_val_loss,uspto_backgrounds,freelaw,github,0.05,59,-0.007949966579504449,-0.003773881104971011,0.008168057489427899,0.9322033898305084,"quadratic-model non-additivity; conditional association, not causal synergy"
metric/the_pile_hackernews_val_loss,uspto_backgrounds,freelaw,arxiv,0.05,59,-0.015126364282829765,-0.006964986786981875,0.015126364282829765,1.0,"quadratic-model non-additivity; conditional association, not causal synergy"
metric/the_pile_hackernews_val_loss,uspto_backgrounds,freelaw,pubmed_central,0.05,59,-0.019292856376205186,-0.005180978041359197,0.019391464668254383,0.9830508474576272,"quadratic-model non-additivity; conditional association, not causal synergy"
metric/the_pile_hackernews_val_loss,uspto_backgrounds,freelaw,pile_cc,0.05,59,-0.00610056694370239,-0.0025241081695437373,0.0062518427079167015,0.9322033898305084,"quadratic-model non-additivity; conditional association, not causal synergy"
metric/the_pile_hackernews_val_loss,uspto_backgrounds,stackexchange,github,0.05,59,0.0029247832150138065,0.0011423319429759715,0.004827250408671344,0.6949152542372882,"quadratic-model non-additivity; conditional association, not causal synergy"
metric/the_pile_hackernews_val_loss,uspto_backgrounds,stackexchange,arxiv,0.05,59,-0.01187573935888894,-0.004228348105038471,0.01187573935888894,1.0,"quadratic-model non-additivity; conditional association, not causal synergy"
metric/the_pile_hackernews_val_loss,uspto_backgrounds,stackexchange,pubmed_central,0.05,59,-0.015012192251546406,-0.0049265680624914765,0.015052295622028049,0.9830508474576272,"quadratic-model non-additivity; conditional association, not causal synergy"
metric/the_pile_hackernews_val_loss,uspto_backgrounds,stackexchange,pile_cc,0.05,59,0.01126048603940398,0.002503198010431973,0.013799743255431984,0.7796610169491526,"quadratic-model non-additivity; conditional association, not causal synergy"
metric/the_pile_hackernews_val_loss,uspto_backgrounds,github,arxiv,0.05,59,-0.014686211264101207,-0.005946501740528021,0.014686211264101207,1.0,"quadratic-model non-additivity; conditional association, not causal synergy"
metric/the_pile_hackernews_val_loss,uspto_backgrounds,github,pubmed_central,0.05,59,-0.020679807285968098,-0.006275280966860031,0.020679807285968098,1.0,"quadratic-model non-additivity; conditional association, not causal synergy"
metric/the_pile_hackernews_val_loss,uspto_backgrounds,github,pile_cc,0.05,59,-0.004529755637555008,-0.0020979823762763417,0.004547783157734847,0.9152542372881356,"quadratic-model non-additivity; conditional association, not causal synergy"
metric/the_pile_hackernews_val_loss,uspto_backgrounds,arxiv,pubmed_central,0.05,59,-0.014576582694644654,-0.0056666415920059166,0.014576582694644654,1.0,"quadratic-model non-additivity; conditional association, not causal synergy"
metric/the_pile_hackernews_val_loss,uspto_backgrounds,arxiv,pile_cc,0.05,59,-0.01480711452866495,-0.005376483525567188,0.01480711452866495,1.0,"quadratic-model non-additivity; conditional association, not causal synergy"
metric/the_pile_hackernews_val_loss,uspto_backgrounds,pubmed_central,pile_cc,0.05,59,-0.012756527841943454,-0.00510117321430581,0.012756527841943454,1.0,"quadratic-model non-additivity; conditional association, not causal synergy"
metric/the_pile_hackernews_val_loss,freelaw,wikipedia_en,uspto_backgrounds,0.05,47,0.00420253678785318,0.002808465308227426,0.005946220453482129,0.7872340425531915,"quadratic-model non-additivity; conditional association, not causal synergy"
metric/the_pile_hackernews_val_loss,freelaw,wikipedia_en,stackexchange,0.05,47,-0.004026495457671977,-0.001393704103621829,0.004184752709848657,0.9787234042553191,"quadratic-model non-additivity; conditional association, not causal synergy"
metric/the_pile_hackernews_val_loss,freelaw,wikipedia_en,github,0.05,47,-0.01353869559417568,-0.006004000394916886,0.01370656156199758,0.9574468085106383,"quadratic-model non-additivity; conditional association, not causal synergy"
metric/the_pile_hackernews_val_loss,freelaw,wikipedia_en,arxiv,0.05,47,-0.006073233379478881,-0.0022382558626459215,0.006969865423111696,0.8723404255319149,"quadratic-model non-additivity; conditional association, not causal synergy"
metric/the_pile_hackernews_val_loss,freelaw,wikipedia_en,pubmed_central,0.05,47,0.0006682322792144344,0.0007414110964898413,0.00267038541179313,0.8085106382978723,"quadratic-model non-additivity; conditional association, not causal synergy"
metric/the_pile_hackernews_val_loss,freelaw,wikipedia_en,pile_cc,0.05,47,-0.004121215700124555,-0.002567058170003911,0.004258771232907798,0.9574468085106383,"quadratic-model non-additivity; conditional association, not causal synergy"
metric/the_pile_hackernews_val_loss,freelaw,uspto_backgrounds,stackexchange,0.05,47,-0.011249704239496604,-0.004880608583485824,0.011315015232413237,0.9787234042553191,"quadratic-model non-additivity; conditional association, not causal synergy"
metric/the_pile_hackernews_val_loss,freelaw,uspto_backgrounds,github,0.05,47,-0.006097364097639669,-0.001966634880149698,0.00624974586507867,0.9148936170212766,"quadratic-model non-additivity; conditional association, not causal synergy"
metric/the_pile_hackernews_val_loss,freelaw,uspto_backgrounds,arxiv,0.05,47,-0.0024869608475497447,-0.0010501864677934236,0.0037189180986097106,0.8297872340425532,"quadratic-model non-additivity; conditional association, not causal synergy"
metric/the_pile_hackernews_val_loss,freelaw,uspto_backgrounds,pubmed_central,0.05,47,-2.994448462700916e-05,-8.505505614131437e-05,0.002275630857793398,0.574468085106383,"quadratic-model non-additivity; conditional association, not causal synergy"
metric/the_pile_hackernews_val_loss,freelaw,uspto_backgrounds,pile_cc,0.05,47,-0.00522369800027318,-0.0027069431509278985,0.005434697489357949,0.9574468085106383,"quadratic-model non-additivity; conditional association, not causal synergy"
metric/the_pile_hackernews_val_loss,freelaw,stackexchange,github,0.05,47,0.002355362797984981,0.0004234676035324014,0.00452595636842194,0.6382978723404256,"quadratic-model non-additivity; conditional association, not causal synergy"
metric/the_pile_hackernews_val_loss,freelaw,stackexchange,arxiv,0.05,47,-0.013266238873362117,-0.005752977552721639,0.013346179357868302,0.9574468085106383,"quadratic-model non-additivity; conditional association, not causal synergy"
metric/the_pile_hackernews_val_loss,freelaw,stackexchange,pubmed_central,0.05,47,-0.01644434573138115,-0.004145512611636093,0.016832220805410074,0.9574468085106383,"quadratic-model non-additivity; conditional association, not causal synergy"
metric/the_pile_hackernews_val_loss,freelaw,stackexchange,pile_cc,0.05,47,0.013259465872098695,0.004499291453216259,0.0154430422936335,0.8085106382978723,"quadratic-model non-additivity; conditional association, not causal synergy"
metric/the_pile_hackernews_val_loss,freelaw,github,arxiv,0.05,47,-0.013920597093308389,-0.00427517479286621,0.014072873494578303,0.9574468085106383,"quadratic-model non-additivity; conditional association, not causal synergy"
metric/the_pile_hackernews_val_loss,freelaw,github,pubmed_central,0.05,47,-0.022489927320891372,-0.008480580239125679,0.022793461059207747,0.9361702127659575,"quadratic-model non-additivity; conditional association, not causal synergy"
metric/the_pile_hackernews_val_loss,freelaw,github,pile_cc,0.05,47,-0.004363824993439949,-0.0015242300742892567,0.0046639115219588995,0.9148936170212766,"quadratic-model non-additivity; conditional association, not causal synergy"
metric/the_pile_hackernews_val_loss,freelaw,arxiv,pubmed_central,0.05,47,-0.008889352101574507,-0.00203729034279565,0.010155856430850081,0.851063829787234,"quadratic-model non-additivity; conditional association, not causal synergy"
metric/the_pile_hackernews_val_loss,freelaw,arxiv,pile_cc,0.05,47,-0.01795864817274563,-0.00603063611633381,0.018047236741439876,0.9787234042553191,"quadratic-model non-additivity; conditional association, not causal synergy"
metric/the_pile_hackernews_val_loss,freelaw,pubmed_central,pile_cc,0.05,47,-0.009542999015997077,-0.003481979380158151,0.009953885670500175,0.8723404255319149,"quadratic-model non-additivity; conditional association, not causal synergy"
metric/the_pile_hackernews_val_loss,stackexchange,wikipedia_en,uspto_backgrounds,0.05,72,0.010395415693166475,0.005557072145626396,0.01048262401002404,0.9722222222222222,"quadratic-model non-additivity; conditional association, not causal synergy"
metric/the_pile_hackernews_val_loss,stackexchange,wikipedia_en,freelaw,0.05,72,-0.005974875320886043,-0.0022597884966581994,0.008865918703149258,0.8055555555555556,"quadratic-model non-additivity; conditional association, not causal synergy"
metric/the_pile_hackernews_val_loss,stackexchange,wikipedia_en,github,0.05,72,-0.010793967936445529,-0.0034055777056440917,0.013034225689986701,0.8472222222222222,"quadratic-model non-additivity; conditional association, not causal synergy"
metric/the_pile_hackernews_val_loss,stackexchange,wikipedia_en,arxiv,0.05,72,-0.0009824407128935632,-0.00040019269478763775,0.005531602140424302,0.6111111111111112,"quadratic-model non-additivity; conditional association, not causal synergy"
metric/the_pile_hackernews_val_loss,stackexchange,wikipedia_en,pubmed_central,0.05,72,0.004244796842799621,0.0018278710900889727,0.004248724180523096,0.9722222222222222,"quadratic-model non-additivity; conditional association, not causal synergy"
metric/the_pile_hackernews_val_loss,stackexchange,wikipedia_en,pile_cc,0.05,72,-0.0025025262400198483,-0.002005061632126992,0.004144730159934699,0.7777777777777778,"quadratic-model non-additivity; conditional association, not causal synergy"
metric/the_pile_hackernews_val_loss,stackexchange,uspto_backgrounds,freelaw,0.05,72,-0.01053710271903257,-0.002834802368724354,0.014085183359590069,0.6944444444444444,"quadratic-model non-additivity; conditional association, not causal synergy"
metric/the_pile_hackernews_val_loss,stackexchange,uspto_backgrounds,github,0.05,72,-0.0033261621968832594,-0.0007552153736107847,0.007208539725122957,0.6805555555555556,"quadratic-model non-additivity; conditional association, not causal synergy"
metric/the_pile_hackernews_val_loss,stackexchange,uspto_backgrounds,arxiv,0.05,72,0.00200125593475727,0.0006794352775822965,0.005769570122034939,0.6388888888888888,"quadratic-model non-additivity; conditional association, not causal synergy"
metric/the_pile_hackernews_val_loss,stackexchange,uspto_backgrounds,pubmed_central,0.05,72,0.004350083817407461,0.0016179560746154564,0.005218881157404074,0.7777777777777778,"quadratic-model non-additivity; conditional association, not causal synergy"
metric/the_pile_hackernews_val_loss,stackexchange,uspto_backgrounds,pile_cc,0.05,72,-0.0036323689924326517,-0.002126911957655242,0.006379886299581799,0.6805555555555556,"quadratic-model non-additivity; conditional association, not causal synergy"
metric/the_pile_hackernews_val_loss,stackexchange,freelaw,github,0.05,72,-0.007670986048828753,-0.0037321197806985396,0.00982650926337958,0.8194444444444444,"quadratic-model non-additivity; conditional association, not causal synergy"
metric/the_pile_hackernews_val_loss,stackexchange,freelaw,arxiv,0.05,72,-0.010187184498916547,-0.0018679244245083382,0.013582647108381467,0.75,"quadratic-model non-additivity; conditional association, not causal synergy"
metric/the_pile_hackernews_val_loss,stackexchange,freelaw,pubmed_central,0.05,72,-0.01993530988398447,-0.0035373566898382336,0.024189041337717057,0.75,"quadratic-model non-additivity; conditional association, not causal synergy"
metric/the_pile_hackernews_val_loss,stackexchange,freelaw,pile_cc,0.05,72,-0.007172510815698104,-0.0043344726558349755,0.007952852924602497,0.8472222222222222,"quadratic-model non-additivity; conditional association, not causal synergy"
metric/the_pile_hackernews_val_loss,stackexchange,github,arxiv,0.05,72,-0.008261766889750308,-0.00178964012893168,0.011027659485307532,0.7638888888888888,"quadratic-model non-additivity; conditional association, not causal synergy"
metric/the_pile_hackernews_val_loss,stackexchange,github,pubmed_central,0.05,72,-0.015215219164411672,-0.002670324144303571,0.01827438672517032,0.7777777777777778,"quadratic-model non-additivity; conditional association, not causal synergy"
metric/the_pile_hackernews_val_loss,stackexchange,github,pile_cc,0.05,72,-0.004212059748772516,-0.0025019542656696814,0.00514289417714664,0.9027777777777778,"quadratic-model non-additivity; conditional association, not causal synergy"
metric/the_pile_hackernews_val_loss,stackexchange,arxiv,pubmed_central,0.05,72,-0.006564769634153287,-0.00039039028224241434,0.012349771669793785,0.5416666666666666,"quadratic-model non-additivity; conditional association, not causal synergy"
metric/the_pile_hackernews_val_loss,stackexchange,arxiv,pile_cc,0.05,72,-0.011934376860014886,-0.003621175364480589,0.013396165530433275,0.7916666666666666,"quadratic-model non-additivity; conditional association, not causal synergy"
metric/the_pile_hackernews_val_loss,stackexchange,pubmed_central,pile_cc,0.05,72,-0.008625460501144273,-0.0021594007853145136,0.010595787088719801,0.7083333333333334,"quadratic-model non-additivity; conditional association, not causal synergy"
metric/the_pile_hackernews_val_loss,github,wikipedia_en,uspto_backgrounds,0.05,77,0.006661223339378641,0.0031817578653026146,0.00847051158421363,0.7922077922077922,"quadratic-model non-additivity; conditional association, not causal synergy"
metric/the_pile_hackernews_val_loss,github,wikipedia_en,freelaw,0.05,77,-0.009962624699319576,-0.0053631214468241595,0.010059208579636247,0.935064935064935,"quadratic-model non-additivity; conditional association, not causal synergy"
metric/the_pile_hackernews_val_loss,github,wikipedia_en,stackexchange,0.05,77,-0.004294109084276797,-0.00276047269477786,0.004295590064030683,0.987012987012987,"quadratic-model non-additivity; conditional association, not causal synergy"
metric/the_pile_hackernews_val_loss,github,wikipedia_en,arxiv,0.05,77,-0.005780560751034071,-0.002337704176714084,0.00618468100780249,0.8311688311688312,"quadratic-model non-additivity; conditional association, not causal synergy"
metric/the_pile_hackernews_val_loss,github,wikipedia_en,pubmed_central,0.05,77,0.0008596544871192227,0.0009495609152132545,0.0018003440397606897,0.8051948051948052,"quadratic-model non-additivity; conditional association, not causal synergy"
metric/the_pile_hackernews_val_loss,github,wikipedia_en,pile_cc,0.05,77,-0.0038237544260023614,-0.002497224727660452,0.00398784306484276,0.922077922077922,"quadratic-model non-additivity; conditional association, not causal synergy"
metric/the_pile_hackernews_val_loss,github,uspto_backgrounds,freelaw,0.05,77,-0.01375166172011044,-0.007327378899747217,0.013798478404382666,0.987012987012987,"quadratic-model non-additivity; conditional association, not causal synergy"
metric/the_pile_hackernews_val_loss,github,uspto_backgrounds,stackexchange,0.05,77,-0.017213500492097362,-0.00809007889088953,0.017213500492097362,1.0,"quadratic-model non-additivity; conditional association, not causal synergy"
metric/the_pile_hackernews_val_loss,github,uspto_backgrounds,arxiv,0.05,77,-0.0043991589380898855,-0.0019680767559133727,0.004675952222056638,0.9090909090909091,"quadratic-model non-additivity; conditional association, not causal synergy"
metric/the_pile_hackernews_val_loss,github,uspto_backgrounds,pubmed_central,0.05,77,-0.0014215563211604357,-0.0007504066999910464,0.002139949043918515,0.7272727272727273,"quadratic-model non-additivity; conditional association, not causal synergy"
metric/the_pile_hackernews_val_loss,github,uspto_backgrounds,pile_cc,0.05,77,-0.00760102575904775,-0.004466181751077158,0.007629940248946867,0.987012987012987,"quadratic-model non-additivity; conditional association, not causal synergy"
metric/the_pile_hackernews_val_loss,github,freelaw,stackexchange,0.05,77,-0.004391141379695886,-0.003680943602072162,0.004391141379695886,1.0,"quadratic-model non-additivity; conditional association, not causal synergy"
metric/the_pile_hackernews_val_loss,github,freelaw,arxiv,0.05,77,-0.01523578680334857,-0.008575356279203916,0.015420757783075133,0.948051948051948,"quadratic-model non-additivity; conditional association, not causal synergy"
metric/the_pile_hackernews_val_loss,github,freelaw,pubmed_central,0.05,77,-0.020787437958369553,-0.007379881349450557,0.02097380289419841,0.935064935064935,"quadratic-model non-additivity; conditional association, not causal synergy"
metric/the_pile_hackernews_val_loss,github,freelaw,pile_cc,0.05,77,-0.009305719578840606,-0.006216861287157371,0.009321276240472269,0.987012987012987,"quadratic-model non-additivity; conditional association, not causal synergy"
metric/the_pile_hackernews_val_loss,github,stackexchange,arxiv,0.05,77,-0.014979384593022916,-0.007678359970273441,0.014979384593022916,1.0,"quadratic-model non-additivity; conditional association, not causal synergy"
metric/the_pile_hackernews_val_loss,github,stackexchange,pubmed_central,0.05,77,-0.016427863105726612,-0.009055446880186224,0.01642963153984864,0.987012987012987,"quadratic-model non-additivity; conditional association, not causal synergy"
metric/the_pile_hackernews_val_loss,github,stackexchange,pile_cc,0.05,77,0.01434785145039811,0.004770120550027457,0.01709092122259883,0.7922077922077922,"quadratic-model non-additivity; conditional association, not causal synergy"
metric/the_pile_hackernews_val_loss,github,arxiv,pubmed_central,0.05,77,-0.011173598079445603,-0.0035580239299450866,0.011686196063234316,0.8311688311688312,"quadratic-model non-additivity; conditional association, not causal synergy"
metric/the_pile_hackernews_val_loss,github,arxiv,pile_cc,0.05,77,-0.018347163636617828,-0.009263865591147002,0.018347163636617828,1.0,"quadratic-model non-additivity; conditional association, not causal synergy"
metric/the_pile_hackernews_val_loss,github,pubmed_central,pile_cc,0.05,77,-0.012034285563509328,-0.00584955970478962,0.012118200060624602,0.961038961038961,"quadratic-model non-additivity; conditional association, not causal synergy"
metric/the_pile_hackernews_val_loss,arxiv,wikipedia_en,uspto_backgrounds,0.05,65,0.004192979798592644,0.0019224016123553511,0.009058786778636337,0.676923076923077,"quadratic-model non-additivity; conditional association, not causal synergy"
metric/the_pile_hackernews_val_loss,arxiv,wikipedia_en,freelaw,0.05,65,-0.012222294258952415,-0.008974898932471831,0.012374846897367101,0.9692307692307692,"quadratic-model non-additivity; conditional association, not causal synergy"
metric/the_pile_hackernews_val_loss,arxiv,wikipedia_en,stackexchange,0.05,65,-0.004199387558807766,-0.0021510919995870736,0.004379594430922901,0.9692307692307692,"quadratic-model non-additivity; conditional association, not causal synergy"
metric/the_pile_hackernews_val_loss,arxiv,wikipedia_en,github,0.05,65,-0.015336612493564158,-0.008545328631219817,0.015440306377103127,0.9846153846153847,"quadratic-model non-additivity; conditional association, not causal synergy"
metric/the_pile_hackernews_val_loss,arxiv,wikipedia_en,pubmed_central,0.05,65,-0.001649548065919654,2.0048273005279782e-05,0.002471479595724405,0.5076923076923077,"quadratic-model non-additivity; conditional association, not causal synergy"
metric/the_pile_hackernews_val_loss,arxiv,wikipedia_en,pile_cc,0.05,65,-0.003929260051870287,-0.0028802893071020463,0.004357828871320498,0.9846153846153847,"quadratic-model non-additivity; conditional association, not causal synergy"
metric/the_pile_hackernews_val_loss,arxiv,uspto_backgrounds,freelaw,0.05,65,-0.01536751008554276,-0.0086468472333463,0.015463065435700288,0.9846153846153847,"quadratic-model non-additivity; conditional association, not causal synergy"
metric/the_pile_hackernews_val_loss,arxiv,uspto_backgrounds,stackexchange,0.05,65,-0.013244169458924182,-0.0063169957266184795,0.013246269747332466,0.9846153846153847,"quadratic-model non-additivity; conditional association, not causal synergy"
metric/the_pile_hackernews_val_loss,arxiv,uspto_backgrounds,github,0.05,65,-0.008588238984383071,-0.004850935719721505,0.008689545018663357,0.9846153846153847,"quadratic-model non-additivity; conditional association, not causal synergy"
metric/the_pile_hackernews_val_loss,arxiv,uspto_backgrounds,pubmed_central,0.05,65,-0.003765504700099311,-0.00208048038903641,0.0038360487328075346,0.9538461538461539,"quadratic-model non-additivity; conditional association, not causal synergy"
metric/the_pile_hackernews_val_loss,arxiv,uspto_backgrounds,pile_cc,0.05,65,-0.006800539838661475,-0.004225826174644176,0.007173753919203413,0.9846153846153847,"quadratic-model non-additivity; conditional association, not causal synergy"
metric/the_pile_hackernews_val_loss,arxiv,freelaw,stackexchange,0.05,65,-0.0022707471960047724,-0.000844676401203337,0.002646571293658139,0.8307692307692308,"quadratic-model non-additivity; conditional association, not causal synergy"
metric/the_pile_hackernews_val_loss,arxiv,freelaw,github,0.05,65,-0.010046107710060235,-0.004371864452080487,0.01027684395067678,0.9692307692307692,"quadratic-model non-additivity; conditional association, not causal synergy"
metric/the_pile_hackernews_val_loss,arxiv,freelaw,pubmed_central,0.05,65,-0.02612609012125695,-0.016632043722542456,0.026250157392068537,0.9846153846153847,"quadratic-model non-additivity; conditional association, not causal synergy"
metric/the_pile_hackernews_val_loss,arxiv,freelaw,pile_cc,0.05,65,-0.008417200919779374,-0.0036128896793448106,0.008915150240786778,0.9692307692307692,"quadratic-model non-additivity; conditional association, not causal synergy"
metric/the_pile_hackernews_val_loss,arxiv,stackexchange,github,0.05,65,0.0013839687694728654,0.00043780351155664476,0.005115392409760557,0.5846153846153846,"quadratic-model non-additivity; conditional association, not causal synergy"
metric/the_pile_hackernews_val_loss,arxiv,stackexchange,pubmed_central,0.05,65,-0.017820099584140107,-0.00556337647588645,0.017950217145366855,0.9692307692307692,"quadratic-model non-additivity; conditional association, not causal synergy"
metric/the_pile_hackernews_val_loss,arxiv,stackexchange,pile_cc,0.05,65,0.010862364646862861,0.002678625588540484,0.01253107697571871,0.7692307692307693,"quadratic-model non-additivity; conditional association, not causal synergy"
metric/the_pile_hackernews_val_loss,arxiv,github,pubmed_central,0.05,65,-0.021885624349884288,-0.006845196954575528,0.022005189803055512,0.9846153846153847,"quadratic-model non-additivity; conditional association, not causal synergy"
metric/the_pile_hackernews_val_loss,arxiv,github,pile_cc,0.05,65,-0.003859320232241031,-0.0016590339195259318,0.004366655206315265,0.8769230769230769,"quadratic-model non-additivity; conditional association, not causal synergy"
metric/the_pile_hackernews_val_loss,arxiv,pubmed_central,pile_cc,0.05,65,-0.01087250466468628,-0.00585955755364953,0.011256689877152145,0.9846153846153847,"quadratic-model non-additivity; conditional association, not causal synergy"
metric/the_pile_hackernews_val_loss,pubmed_central,wikipedia_en,uspto_backgrounds,0.05,81,0.0022154365567276743,0.0009795577263655986,0.008269403813266367,0.5432098765432098,"quadratic-model non-additivity; conditional association, not causal synergy"
metric/the_pile_hackernews_val_loss,pubmed_central,wikipedia_en,freelaw,0.05,81,-0.011530375525897207,-0.006037743750164637,0.01271014014817684,0.9753086419753086,"quadratic-model non-additivity; conditional association, not causal synergy"
metric/the_pile_hackernews_val_loss,pubmed_central,wikipedia_en,stackexchange,0.05,81,-0.004397556944875892,-0.0029970056043060467,0.005407483172250977,0.9753086419753086,"quadratic-model non-additivity; conditional association, not causal synergy"
metric/the_pile_hackernews_val_loss,pubmed_central,wikipedia_en,github,0.05,81,-0.015020604983106572,-0.006758367162445822,0.0161700640764096,0.9629629629629629,"quadratic-model non-additivity; conditional association, not causal synergy"
metric/the_pile_hackernews_val_loss,pubmed_central,wikipedia_en,arxiv,0.05,81,-0.009030687946898467,-0.005825682252766029,0.010069987955086105,0.9753086419753086,"quadratic-model non-additivity; conditional association, not causal synergy"
metric/the_pile_hackernews_val_loss,pubmed_central,wikipedia_en,pile_cc,0.05,81,-0.005395452665592072,-0.0029058080081405535,0.006393893424526607,0.9753086419753086,"quadratic-model non-additivity; conditional association, not causal synergy"
metric/the_pile_hackernews_val_loss,pubmed_central,uspto_backgrounds,freelaw,0.05,81,-0.013458278988759493,-0.00755381922147258,0.01472883656881266,0.9629629629629629,"quadratic-model non-additivity; conditional association, not causal synergy"
metric/the_pile_hackernews_val_loss,pubmed_central,uspto_backgrounds,stackexchange,0.05,81,-0.014304113849715045,-0.0067779587715506295,0.015327758131229195,0.9753086419753086,"quadratic-model non-additivity; conditional association, not causal synergy"
metric/the_pile_hackernews_val_loss,pubmed_central,uspto_backgrounds,github,0.05,81,-0.008077896370388846,-0.004259407489688449,0.009380531569048072,0.9629629629629629,"quadratic-model non-additivity; conditional association, not causal synergy"
metric/the_pile_hackernews_val_loss,pubmed_central,uspto_backgrounds,arxiv,0.05,81,-0.006614646756534557,-0.00492697891607996,0.007693329205784062,0.9753086419753086,"quadratic-model non-additivity; conditional association, not causal synergy"
metric/the_pile_hackernews_val_loss,pubmed_central,uspto_backgrounds,pile_cc,0.05,81,-0.009020727043278717,-0.0058920661935824015,0.010039316801362918,0.9753086419753086,"quadratic-model non-additivity; conditional association, not causal synergy"
metric/the_pile_hackernews_val_loss,pubmed_central,freelaw,stackexchange,0.05,81,-0.001084617003226423,-0.0008344184988944292,0.002707836767759558,0.7777777777777778,"quadratic-model non-additivity; conditional association, not causal synergy"
metric/the_pile_hackernews_val_loss,pubmed_central,freelaw,github,0.05,81,-0.009115007293285756,-0.005506107900234092,0.01084992303576009,0.9259259259259259,"quadratic-model non-additivity; conditional association, not causal synergy"
metric/the_pile_hackernews_val_loss,pubmed_central,freelaw,arxiv,0.05,81,-0.014187642034866403,-0.007560671362012883,0.015539886993839023,0.9506172839506173,"quadratic-model non-additivity; conditional association, not causal synergy"
metric/the_pile_hackernews_val_loss,pubmed_central,freelaw,pile_cc,0.05,81,-0.007057938112344556,-0.0040753229913566,0.008407605740939173,0.9259259259259259,"quadratic-model non-additivity; conditional association, not causal synergy"
metric/the_pile_hackernews_val_loss,pubmed_central,stackexchange,github,0.05,81,0.0030152806936911774,0.0010289395906895038,0.004962880643566179,0.6172839506172839,"quadratic-model non-additivity; conditional association, not causal synergy"
metric/the_pile_hackernews_val_loss,pubmed_central,stackexchange,arxiv,0.05,81,-0.012760493109329342,-0.005742932992762739,0.01386282037345559,0.9753086419753086,"quadratic-model non-additivity; conditional association, not causal synergy"
metric/the_pile_hackernews_val_loss,pubmed_central,stackexchange,pile_cc,0.05,81,0.01161603458464816,0.00399741609820925,0.013548266612340387,0.7654320987654321,"quadratic-model non-additivity; conditional association, not causal synergy"
metric/the_pile_hackernews_val_loss,pubmed_central,github,arxiv,0.05,81,-0.014081415766549156,-0.004368456342475291,0.01547766083446917,0.9629629629629629,"quadratic-model non-additivity; conditional association, not causal synergy"
metric/the_pile_hackernews_val_loss,pubmed_central,github,pile_cc,0.05,81,-0.0041827196317011355,-0.0021311767540037607,0.005615941369489739,0.9012345679012346,"quadratic-model non-additivity; conditional association, not causal synergy"
metric/the_pile_hackernews_val_loss,pubmed_central,arxiv,pile_cc,0.05,81,-0.017756615586968987,-0.009515319562267699,0.018846128297926756,0.9753086419753086,"quadratic-model non-additivity; conditional association, not causal synergy"
metric/the_pile_hackernews_val_loss,pile_cc,wikipedia_en,uspto_backgrounds,0.05,68,0.012066231137466698,0.005111521907128047,0.012066231137466698,1.0,"quadratic-model non-additivity; conditional association, not causal synergy"
metric/the_pile_hackernews_val_loss,pile_cc,wikipedia_en,freelaw,0.05,68,-0.0015826987506862256,-0.00012122278988746515,0.010616359810025799,0.5294117647058824,"quadratic-model non-additivity; conditional association, not causal synergy"
metric/the_pile_hackernews_val_loss,pile_cc,wikipedia_en,stackexchange,0.05,68,0.0022853463303974075,-8.65577189164135e-05,0.005646558115274519,0.5294117647058824,"quadratic-model non-additivity; conditional association, not causal synergy"
metric/the_pile_hackernews_val_loss,pile_cc,wikipedia_en,github,0.05,68,-0.006441391561952402,-0.003209601337001544,0.014268245415218199,0.6176470588235294,"quadratic-model non-additivity; conditional association, not causal synergy"
metric/the_pile_hackernews_val_loss,pile_cc,wikipedia_en,arxiv,0.05,68,0.002180968503067371,0.0009423914420287893,0.009661453268066516,0.6029411764705882,"quadratic-model non-additivity; conditional association, not causal synergy"
metric/the_pile_hackernews_val_loss,pile_cc,wikipedia_en,pubmed_central,0.05,68,0.007263381500030619,0.0026773848445915682,0.007263381500030619,1.0,"quadratic-model non-additivity; conditional association, not causal synergy"
metric/the_pile_hackernews_val_loss,pile_cc,uspto_backgrounds,freelaw,0.05,68,-0.006152124235872375,-0.0018083095213476952,0.01434562386043083,0.5882352941176471,"quadratic-model non-additivity; conditional association, not causal synergy"
metric/the_pile_hackernews_val_loss,pile_cc,uspto_backgrounds,stackexchange,0.05,68,-0.00625330750843013,-0.0017425999447588936,0.013438935697938473,0.6029411764705882,"quadratic-model non-additivity; conditional association, not causal synergy"
metric/the_pile_hackernews_val_loss,pile_cc,uspto_backgrounds,github,0.05,68,0.000550169536200841,0.00039713294939724975,0.008946398406941714,0.5147058823529411,"quadratic-model non-additivity; conditional association, not causal synergy"
metric/the_pile_hackernews_val_loss,pile_cc,uspto_backgrounds,arxiv,0.05,68,0.0049557819348668205,0.001048788903426523,0.008131460571310978,0.6617647058823529,"quadratic-model non-additivity; conditional association, not causal synergy"
metric/the_pile_hackernews_val_loss,pile_cc,uspto_backgrounds,pubmed_central,0.05,68,0.005888839138797806,0.001721982905670938,0.007292511334793929,0.75,"quadratic-model non-additivity; conditional association, not causal synergy"
metric/the_pile_hackernews_val_loss,pile_cc,freelaw,stackexchange,0.05,68,0.0031462365262049504,4.209893514106611e-05,0.005755555881467818,0.5,"quadratic-model non-additivity; conditional association, not causal synergy"
metric/the_pile_hackernews_val_loss,pile_cc,freelaw,github,0.05,68,-0.002142644763176376,-0.0016396204589237406,0.011298511422946167,0.6323529411764706,"quadratic-model non-additivity; conditional association, not causal synergy"
metric/the_pile_hackernews_val_loss,pile_cc,freelaw,arxiv,0.05,68,-0.0068398048955632725,-0.001598889369540224,0.01630040997301224,0.5441176470588235,"quadratic-model non-additivity; conditional association, not causal synergy"
metric/the_pile_hackernews_val_loss,pile_cc,freelaw,pubmed_central,0.05,68,-0.014325301604890539,-0.0027635791571727353,0.022662594861128354,0.6470588235294118,"quadratic-model non-additivity; conditional association, not causal synergy"
metric/the_pile_hackernews_val_loss,pile_cc,stackexchange,github,0.05,68,0.008550005950571387,0.00423536686583148,0.008577345898434932,0.9705882352941176,"quadratic-model non-additivity; conditional association, not causal synergy"
metric/the_pile_hackernews_val_loss,pile_cc,stackexchange,arxiv,0.05,68,-0.005714068968705867,-0.0008623684426098954,0.014544620943400928,0.5588235294117647,"quadratic-model non-additivity; conditional association, not causal synergy"
metric/the_pile_hackernews_val_loss,pile_cc,stackexchange,pubmed_central,0.05,68,-0.013980764344298572,-0.0017101548911653275,0.021072798165754292,0.5882352941176471,"quadratic-model non-additivity; conditional association, not causal synergy"
metric/the_pile_hackernews_val_loss,pile_cc,github,arxiv,0.05,68,-0.00979443663357437,-0.0014097438864850709,0.018515865086193614,0.5735294117647058,"quadratic-model non-additivity; conditional association, not causal synergy"
metric/the_pile_hackernews_val_loss,pile_cc,github,pubmed_central,0.05,68,-0.017056443424106203,-0.0033497800957906776,0.02440662009312126,0.6617647058823529,"quadratic-model non-additivity; conditional association, not causal synergy"
metric/the_pile_hackernews_val_loss,pile_cc,arxiv,pubmed_central,0.05,68,-0.004511697553370279,0.0001663104879461308,0.015103048077625369,0.5294117647058824,"quadratic-model non-additivity; conditional association, not causal synergy"
metric/the_pile_pubmed_abstracts_val_loss,wikipedia_en,uspto_backgrounds,freelaw,0.05,49,-0.00760890725050392,-0.00235788421900196,0.007834427811583698,0.8979591836734694,"quadratic-model non-additivity; conditional association, not causal synergy"
metric/the_pile_pubmed_abstracts_val_loss,wikipedia_en,uspto_backgrounds,stackexchange,0.05,49,-0.021782229119285054,-0.007429633536079727,0.021864416730401216,0.9591836734693877,"quadratic-model non-additivity; conditional association, not causal synergy"
metric/the_pile_pubmed_abstracts_val_loss,wikipedia_en,uspto_backgrounds,github,0.05,49,-0.025407048867614194,-0.010682515939459236,0.026200956050979142,0.8367346938775511,"quadratic-model non-additivity; conditional association, not causal synergy"
metric/the_pile_pubmed_abstracts_val_loss,wikipedia_en,uspto_backgrounds,arxiv,0.05,49,-0.005513997138331217,-0.0017528789391478838,0.006225817373883581,0.8367346938775511,"quadratic-model non-additivity; conditional association, not causal synergy"
metric/the_pile_pubmed_abstracts_val_loss,wikipedia_en,uspto_backgrounds,pubmed_central,0.05,49,0.013909859026546335,0.0034416130341066165,0.024434857571713195,0.673469387755102,"quadratic-model non-additivity; conditional association, not causal synergy"
metric/the_pile_pubmed_abstracts_val_loss,wikipedia_en,uspto_backgrounds,pile_cc,0.05,49,-0.003228522275266671,-0.00013657440086056738,0.006924862418088034,0.5102040816326531,"quadratic-model non-additivity; conditional association, not causal synergy"
metric/the_pile_pubmed_abstracts_val_loss,wikipedia_en,freelaw,stackexchange,0.05,49,-0.011185850884089379,-0.005391127222602599,0.0127497966157701,0.9183673469387755,"quadratic-model non-additivity; conditional association, not causal synergy"
metric/the_pile_pubmed_abstracts_val_loss,wikipedia_en,freelaw,github,0.05,49,-0.014496674251348193,-0.003747204219409994,0.016228424588385422,0.8367346938775511,"quadratic-model non-additivity; conditional association, not causal synergy"
metric/the_pile_pubmed_abstracts_val_loss,wikipedia_en,freelaw,arxiv,0.05,49,-0.021471068996150543,-0.0059896748690819734,0.021844464949088305,0.9591836734693877,"quadratic-model non-additivity; conditional association, not causal synergy"
metric/the_pile_pubmed_abstracts_val_loss,wikipedia_en,freelaw,pubmed_central,0.05,49,-0.027761323797365987,-0.00842536666477045,0.02787204144981437,0.9795918367346939,"quadratic-model non-additivity; conditional association, not causal synergy"
metric/the_pile_pubmed_abstracts_val_loss,wikipedia_en,freelaw,pile_cc,0.05,49,-0.01804697292926835,-0.006735093876612197,0.018617618424782035,0.8979591836734694,"quadratic-model non-additivity; conditional association, not causal synergy"
metric/the_pile_pubmed_abstracts_val_loss,wikipedia_en,stackexchange,github,0.05,49,-0.00997452545912263,-0.001993049108212297,0.013023312192388383,0.673469387755102,"quadratic-model non-additivity; conditional association, not causal synergy"
metric/the_pile_pubmed_abstracts_val_loss,wikipedia_en,stackexchange,arxiv,0.05,49,-0.015137970027188185,-0.006850930324141302,0.016201772089416016,0.9387755102040817,"quadratic-model non-additivity; conditional association, not causal synergy"
metric/the_pile_pubmed_abstracts_val_loss,wikipedia_en,stackexchange,pubmed_central,0.05,49,-0.023297507049280224,-0.008571011649957327,0.023435143892437144,0.9591836734693877,"quadratic-model non-additivity; conditional association, not causal synergy"
metric/the_pile_pubmed_abstracts_val_loss,wikipedia_en,stackexchange,pile_cc,0.05,49,-0.024803343057077012,-0.011257352399550946,0.025676719345526032,0.8775510204081632,"quadratic-model non-additivity; conditional association, not causal synergy"
metric/the_pile_pubmed_abstracts_val_loss,wikipedia_en,github,arxiv,0.05,49,-0.027353032993365365,-0.008050659526978698,0.02941417631027397,0.8571428571428571,"quadratic-model non-additivity; conditional association, not causal synergy"
metric/the_pile_pubmed_abstracts_val_loss,wikipedia_en,github,pubmed_central,0.05,49,-0.026716948913129306,-0.007420115529262361,0.028475275831094597,0.8163265306122449,"quadratic-model non-additivity; conditional association, not causal synergy"
metric/the_pile_pubmed_abstracts_val_loss,wikipedia_en,github,pile_cc,0.05,49,-0.03184829727674619,-0.008419008796805016,0.03329610315515737,0.8367346938775511,"quadratic-model non-additivity; conditional association, not causal synergy"
metric/the_pile_pubmed_abstracts_val_loss,wikipedia_en,arxiv,pubmed_central,0.05,49,-0.015685092304708034,-0.006651292084034033,0.015769630681938065,0.9591836734693877,"quadratic-model non-additivity; conditional association, not causal synergy"
metric/the_pile_pubmed_abstracts_val_loss,wikipedia_en,arxiv,pile_cc,0.05,49,-0.030395826293895704,-0.010005833903306005,0.031046417342483017,0.8979591836734694,"quadratic-model non-additivity; conditional association, not causal synergy"
metric/the_pile_pubmed_abstracts_val_loss,wikipedia_en,pubmed_central,pile_cc,0.05,49,0.0021266430135613895,0.001339072996321633,0.011117203671215275,0.6530612244897959,"quadratic-model non-additivity; conditional association, not causal synergy"
metric/the_pile_pubmed_abstracts_val_loss,uspto_backgrounds,wikipedia_en,freelaw,0.05,59,-0.0007116354376872183,-0.0008063046371376004,0.010478301434283202,0.6440677966101694,"quadratic-model non-additivity; conditional association, not causal synergy"
metric/the_pile_pubmed_abstracts_val_loss,uspto_backgrounds,wikipedia_en,stackexchange,0.05,59,-0.009488796350231058,-0.003151984133749508,0.019503842094563136,0.6440677966101694,"quadratic-model non-additivity; conditional association, not causal synergy"
metric/the_pile_pubmed_abstracts_val_loss,uspto_backgrounds,wikipedia_en,github,0.05,59,-0.030299459611032364,-0.007354888008688221,0.04173511806825755,0.711864406779661,"quadratic-model non-additivity; conditional association, not causal synergy"
metric/the_pile_pubmed_abstracts_val_loss,uspto_backgrounds,wikipedia_en,arxiv,0.05,59,-0.005762574881461338,-0.002591838965705584,0.014730872463464665,0.7288135593220338,"quadratic-model non-additivity; conditional association, not causal synergy"
metric/the_pile_pubmed_abstracts_val_loss,uspto_backgrounds,wikipedia_en,pubmed_central,0.05,59,0.009589908575500947,0.003867551711338457,0.013309960901465748,0.711864406779661,"quadratic-model non-additivity; conditional association, not causal synergy"
metric/the_pile_pubmed_abstracts_val_loss,uspto_backgrounds,wikipedia_en,pile_cc,0.05,59,0.005300692234469904,0.0013722414776129455,0.007926938945806414,0.7457627118644068,"quadratic-model non-additivity; conditional association, not causal synergy"
metric/the_pile_pubmed_abstracts_val_loss,uspto_backgrounds,freelaw,stackexchange,0.05,59,-0.0008129337786663156,-0.0003314475475129086,0.013778651092067993,0.5254237288135594,"quadratic-model non-additivity; conditional association, not causal synergy"
metric/the_pile_pubmed_abstracts_val_loss,uspto_backgrounds,freelaw,github,0.05,59,-0.006319679402029055,-0.0019840962302053455,0.020290380646149634,0.559322033898305,"quadratic-model non-additivity; conditional association, not causal synergy"
metric/the_pile_pubmed_abstracts_val_loss,uspto_backgrounds,freelaw,arxiv,0.05,59,-0.014936514616386424,-0.005134205826793803,0.022666888958091363,0.6949152542372882,"quadratic-model non-additivity; conditional association, not causal synergy"
metric/the_pile_pubmed_abstracts_val_loss,uspto_backgrounds,freelaw,pubmed_central,0.05,59,-0.017475340170751284,-0.004239243071594956,0.021661103084204818,0.8135593220338984,"quadratic-model non-additivity; conditional association, not causal synergy"
metric/the_pile_pubmed_abstracts_val_loss,uspto_backgrounds,freelaw,pile_cc,0.05,59,-0.008383535496971477,-0.0032964822354495382,0.01719057317461977,0.7796610169491526,"quadratic-model non-additivity; conditional association, not causal synergy"
metric/the_pile_pubmed_abstracts_val_loss,uspto_backgrounds,stackexchange,github,0.05,59,-0.002421976743788561,0.0006505015793205615,0.019118018315255003,0.5254237288135594,"quadratic-model non-additivity; conditional association, not causal synergy"
metric/the_pile_pubmed_abstracts_val_loss,uspto_backgrounds,stackexchange,arxiv,0.05,59,-0.006385051709842553,-0.001769240459231547,0.017705639934153368,0.6271186440677966,"quadratic-model non-additivity; conditional association, not causal synergy"
metric/the_pile_pubmed_abstracts_val_loss,uspto_backgrounds,stackexchange,pubmed_central,0.05,59,-0.017131707235614982,-0.004144647851841654,0.02456241932887387,0.7796610169491526,"quadratic-model non-additivity; conditional association, not causal synergy"
metric/the_pile_pubmed_abstracts_val_loss,uspto_backgrounds,stackexchange,pile_cc,0.05,59,-0.012292054465235238,-0.001246052992743607,0.024377788067914623,0.6610169491525424,"quadratic-model non-additivity; conditional association, not causal synergy"
metric/the_pile_pubmed_abstracts_val_loss,uspto_backgrounds,github,arxiv,0.05,59,-0.013958328305451776,-0.0041302921383898905,0.026273681059266574,0.6610169491525424,"quadratic-model non-additivity; conditional association, not causal synergy"
metric/the_pile_pubmed_abstracts_val_loss,uspto_backgrounds,github,pubmed_central,0.05,59,-0.023831679127404606,-0.0048152452216143615,0.031249559999540988,0.7288135593220338,"quadratic-model non-additivity; conditional association, not causal synergy"
metric/the_pile_pubmed_abstracts_val_loss,uspto_backgrounds,github,pile_cc,0.05,59,-0.01481310607042475,-0.00328488016891626,0.029451657669835214,0.711864406779661,"quadratic-model non-additivity; conditional association, not causal synergy"
metric/the_pile_pubmed_abstracts_val_loss,uspto_backgrounds,arxiv,pubmed_central,0.05,59,-0.011424133493372981,-0.004825689405369538,0.015747523476425367,0.7966101694915254,"quadratic-model non-additivity; conditional association, not causal synergy"
metric/the_pile_pubmed_abstracts_val_loss,uspto_backgrounds,arxiv,pile_cc,0.05,59,-0.016672087450247654,-0.00437119459463009,0.025924214752709628,0.7966101694915254,"quadratic-model non-additivity; conditional association, not causal synergy"
metric/the_pile_pubmed_abstracts_val_loss,uspto_backgrounds,pubmed_central,pile_cc,0.05,59,0.011004516252139331,0.0020081208208209134,0.013886264171908108,0.7796610169491526,"quadratic-model non-additivity; conditional association, not causal synergy"
metric/the_pile_pubmed_abstracts_val_loss,freelaw,wikipedia_en,uspto_backgrounds,0.05,47,0.002453249574675083,0.0006371638666733404,0.014435053452796798,0.6170212765957447,"quadratic-model non-additivity; conditional association, not causal synergy"
metric/the_pile_pubmed_abstracts_val_loss,freelaw,wikipedia_en,stackexchange,0.05,47,-0.021613895235238968,-0.010332086193381329,0.021613895235238968,1.0,"quadratic-model non-additivity; conditional association, not causal synergy"
metric/the_pile_pubmed_abstracts_val_loss,freelaw,wikipedia_en,github,0.05,47,-0.045210913472517815,-0.02586946752829178,0.045210913472517815,1.0,"quadratic-model non-additivity; conditional association, not causal synergy"
metric/the_pile_pubmed_abstracts_val_loss,freelaw,wikipedia_en,arxiv,0.05,47,-0.015436115298053546,-0.007328706270635088,0.015436115298053546,1.0,"quadratic-model non-additivity; conditional association, not causal synergy"
metric/the_pile_pubmed_abstracts_val_loss,freelaw,wikipedia_en,pubmed_central,0.05,47,0.006803124385278352,0.003345690823038261,0.015377806033696574,0.6808510638297872,"quadratic-model non-additivity; conditional association, not causal synergy"
metric/the_pile_pubmed_abstracts_val_loss,freelaw,wikipedia_en,pile_cc,0.05,47,-0.003568508013903083,-0.0004514190236015736,0.006843390184055475,0.5531914893617021,"quadratic-model non-additivity; conditional association, not causal synergy"
metric/the_pile_pubmed_abstracts_val_loss,freelaw,uspto_backgrounds,stackexchange,0.05,47,-0.02129354220395446,-0.009079447690993447,0.02129354220395446,1.0,"quadratic-model non-additivity; conditional association, not causal synergy"
metric/the_pile_pubmed_abstracts_val_loss,freelaw,uspto_backgrounds,github,0.05,47,-0.027354329400271778,-0.010189878134347907,0.027354329400271778,1.0,"quadratic-model non-additivity; conditional association, not causal synergy"
metric/the_pile_pubmed_abstracts_val_loss,freelaw,uspto_backgrounds,arxiv,0.05,47,-0.0063736661972459835,-0.002200741817436125,0.00643348296943352,0.9361702127659575,"quadratic-model non-additivity; conditional association, not causal synergy"
metric/the_pile_pubmed_abstracts_val_loss,freelaw,uspto_backgrounds,pubmed_central,0.05,47,0.014515989803177004,0.001619154075852336,0.021842254084464847,0.5957446808510638,"quadratic-model non-additivity; conditional association, not causal synergy"
metric/the_pile_pubmed_abstracts_val_loss,freelaw,uspto_backgrounds,pile_cc,0.05,47,-0.002974432529211817,7.683352983089975e-05,0.006871950884794838,0.5106382978723404,"quadratic-model non-additivity; conditional association, not causal synergy"
metric/the_pile_pubmed_abstracts_val_loss,freelaw,stackexchange,github,0.05,47,-0.01879411811024495,-0.008837834632801744,0.01879411811024495,1.0,"quadratic-model non-additivity; conditional association, not causal synergy"
metric/the_pile_pubmed_abstracts_val_loss,freelaw,stackexchange,arxiv,0.05,47,-0.021368498977918843,-0.008494702966391543,0.021368498977918843,1.0,"quadratic-model non-additivity; conditional association, not causal synergy"
metric/the_pile_pubmed_abstracts_val_loss,freelaw,stackexchange,pubmed_central,0.05,47,-0.029802335409972885,-0.012409827613577562,0.029802335409972885,1.0,"quadratic-model non-additivity; conditional association, not causal synergy"
metric/the_pile_pubmed_abstracts_val_loss,freelaw,stackexchange,pile_cc,0.05,47,-0.02949690555350944,-0.01452831104381147,0.02949690555350944,1.0,"quadratic-model non-additivity; conditional association, not causal synergy"
metric/the_pile_pubmed_abstracts_val_loss,freelaw,github,arxiv,0.05,47,-0.029008488136783677,-0.009547069799809904,0.029008488136783677,1.0,"quadratic-model non-additivity; conditional association, not causal synergy"
metric/the_pile_pubmed_abstracts_val_loss,freelaw,github,pubmed_central,0.05,47,-0.03987445118525553,-0.018937285057832653,0.03987445118525553,1.0,"quadratic-model non-additivity; conditional association, not causal synergy"
metric/the_pile_pubmed_abstracts_val_loss,freelaw,github,pile_cc,0.05,47,-0.038699077564194065,-0.011846185760362893,0.038699077564194065,1.0,"quadratic-model non-additivity; conditional association, not causal synergy"
metric/the_pile_pubmed_abstracts_val_loss,freelaw,arxiv,pubmed_central,0.05,47,-0.01448711067762318,-0.006799177610020024,0.01448711067762318,1.0,"quadratic-model non-additivity; conditional association, not causal synergy"
metric/the_pile_pubmed_abstracts_val_loss,freelaw,arxiv,pile_cc,0.05,47,-0.034898027050448914,-0.013645920411831547,0.034898027050448914,1.0,"quadratic-model non-additivity; conditional association, not causal synergy"
metric/the_pile_pubmed_abstracts_val_loss,freelaw,pubmed_central,pile_cc,0.05,47,0.007038430959882755,0.0027255049753209803,0.011936015583788135,0.7872340425531915,"quadratic-model non-additivity; conditional association, not causal synergy"
metric/the_pile_pubmed_abstracts_val_loss,stackexchange,wikipedia_en,uspto_backgrounds,0.05,72,0.010012489839532093,0.0053348033099140935,0.016238743667598303,0.6527777777777778,"quadratic-model non-additivity; conditional association, not causal synergy"
metric/the_pile_pubmed_abstracts_val_loss,stackexchange,wikipedia_en,freelaw,0.05,72,-0.01093730398899579,-0.00578735104277861,0.011076196818282487,0.9722222222222222,"quadratic-model non-additivity; conditional association, not causal synergy"
metric/the_pile_pubmed_abstracts_val_loss,stackexchange,wikipedia_en,github,0.05,72,-0.04223229150927599,-0.016214887451713622,0.04223229150927599,1.0,"quadratic-model non-additivity; conditional association, not causal synergy"
metric/the_pile_pubmed_abstracts_val_loss,stackexchange,wikipedia_en,arxiv,0.05,72,-0.012465044197763644,-0.006025076055311551,0.012535133081256002,0.9861111111111112,"quadratic-model non-additivity; conditional association, not causal synergy"
metric/the_pile_pubmed_abstracts_val_loss,stackexchange,wikipedia_en,pubmed_central,0.05,72,0.0066485415458253806,0.0032364406587297445,0.01291569594598569,0.6666666666666666,"quadratic-model non-additivity; conditional association, not causal synergy"
metric/the_pile_pubmed_abstracts_val_loss,stackexchange,wikipedia_en,pile_cc,0.05,72,-0.00199496012928366,-0.0003288898925890571,0.0064727394745238455,0.5277777777777778,"quadratic-model non-additivity; conditional association, not causal synergy"
metric/the_pile_pubmed_abstracts_val_loss,stackexchange,uspto_backgrounds,freelaw,0.05,72,-0.007777152182023572,-0.005077221308085189,0.008280986979273312,0.9583333333333334,"quadratic-model non-additivity; conditional association, not causal synergy"
metric/the_pile_pubmed_abstracts_val_loss,stackexchange,uspto_backgrounds,github,0.05,72,-0.02652460589795051,-0.011579725829283127,0.02655864304795974,0.9861111111111112,"quadratic-model non-additivity; conditional association, not causal synergy"
metric/the_pile_pubmed_abstracts_val_loss,stackexchange,uspto_backgrounds,arxiv,0.05,72,-0.005151274432866214,-0.002695551430231369,0.005787299800494071,0.9027777777777778,"quadratic-model non-additivity; conditional association, not causal synergy"
metric/the_pile_pubmed_abstracts_val_loss,stackexchange,uspto_backgrounds,pubmed_central,0.05,72,0.0196858737866332,0.005694063310873521,0.02414332048184901,0.7638888888888888,"quadratic-model non-additivity; conditional association, not causal synergy"
metric/the_pile_pubmed_abstracts_val_loss,stackexchange,uspto_backgrounds,pile_cc,0.05,72,-8.769113555533941e-05,-0.00012077340355887145,0.007668429885880025,0.5138888888888888,"quadratic-model non-additivity; conditional association, not causal synergy"
metric/the_pile_pubmed_abstracts_val_loss,stackexchange,freelaw,github,0.05,72,-0.023870188245139708,-0.013304917911641567,0.023882885646507177,0.9861111111111112,"quadratic-model non-additivity; conditional association, not causal synergy"
metric/the_pile_pubmed_abstracts_val_loss,stackexchange,freelaw,arxiv,0.05,72,-0.02543805062133004,-0.008545646657944772,0.025466661147284415,0.9861111111111112,"quadratic-model non-additivity; conditional association, not causal synergy"
metric/the_pile_pubmed_abstracts_val_loss,stackexchange,freelaw,pubmed_central,0.05,72,-0.029683655322579994,-0.009945169657266106,0.029718472578571558,0.9861111111111112,"quadratic-model non-additivity; conditional association, not causal synergy"
metric/the_pile_pubmed_abstracts_val_loss,stackexchange,freelaw,pile_cc,0.05,72,-0.022298392959362708,-0.011679343004958653,0.02236053747024415,0.9722222222222222,"quadratic-model non-additivity; conditional association, not causal synergy"
metric/the_pile_pubmed_abstracts_val_loss,stackexchange,github,arxiv,0.05,72,-0.02448510686075077,-0.009103155382383488,0.02451610468451816,0.9861111111111112,"quadratic-model non-additivity; conditional association, not causal synergy"
metric/the_pile_pubmed_abstracts_val_loss,stackexchange,github,pubmed_central,0.05,72,-0.03225866330017484,-0.01143977736174051,0.032282393707114596,0.9861111111111112,"quadratic-model non-additivity; conditional association, not causal synergy"
metric/the_pile_pubmed_abstracts_val_loss,stackexchange,github,pile_cc,0.05,72,-0.03117669061707377,-0.012218935265712272,0.03117669061707377,1.0,"quadratic-model non-additivity; conditional association, not causal synergy"
metric/the_pile_pubmed_abstracts_val_loss,stackexchange,arxiv,pubmed_central,0.05,72,-0.01687089416446166,-0.006624455602192381,0.016919445984401746,0.9861111111111112,"quadratic-model non-additivity; conditional association, not causal synergy"
metric/the_pile_pubmed_abstracts_val_loss,stackexchange,arxiv,pile_cc,0.05,72,-0.026791411272907812,-0.008219948711837066,0.026898870502508238,0.9861111111111112,"quadratic-model non-additivity; conditional association, not causal synergy"
metric/the_pile_pubmed_abstracts_val_loss,stackexchange,pubmed_central,pile_cc,0.05,72,0.007410163633892291,0.002291485981120278,0.013210235627209799,0.7361111111111112,"quadratic-model non-additivity; conditional association, not causal synergy"
metric/the_pile_pubmed_abstracts_val_loss,github,wikipedia_en,uspto_backgrounds,0.05,77,0.013789376612172667,0.006391056794626593,0.01753915000681809,0.7532467532467533,"quadratic-model non-additivity; conditional association, not causal synergy"
metric/the_pile_pubmed_abstracts_val_loss,github,wikipedia_en,freelaw,0.05,77,-0.009558327175620385,-0.007221626116367119,0.009597544024641866,0.948051948051948,"quadratic-model non-additivity; conditional association, not causal synergy"
metric/the_pile_pubmed_abstracts_val_loss,github,wikipedia_en,stackexchange,0.05,77,-0.023059128996104544,-0.011911284516135545,0.023059128996104544,1.0,"quadratic-model non-additivity; conditional association, not causal synergy"
metric/the_pile_pubmed_abstracts_val_loss,github,wikipedia_en,arxiv,0.05,77,-0.012467642010968965,-0.006781998179646642,0.012586874827944211,0.9090909090909091,"quadratic-model non-additivity; conditional association, not causal synergy"
metric/the_pile_pubmed_abstracts_val_loss,github,wikipedia_en,pubmed_central,0.05,77,0.008958610561506342,0.004391295707934617,0.014572609006272642,0.6883116883116883,"quadratic-model non-additivity; conditional association, not causal synergy"
metric/the_pile_pubmed_abstracts_val_loss,github,wikipedia_en,pile_cc,0.05,77,0.003015637921861766,0.0024916195289383936,0.006138841666355359,0.7662337662337663,"quadratic-model non-additivity; conditional association, not causal synergy"
metric/the_pile_pubmed_abstracts_val_loss,github,uspto_backgrounds,freelaw,0.05,77,-0.007864637780670787,-0.004256706829343315,0.007864637780670787,1.0,"quadratic-model non-additivity; conditional association, not causal synergy"
metric/the_pile_pubmed_abstracts_val_loss,github,uspto_backgrounds,stackexchange,0.05,77,-0.026559984826576143,-0.015977569604062936,0.026559984826576143,1.0,"quadratic-model non-additivity; conditional association, not causal synergy"
metric/the_pile_pubmed_abstracts_val_loss,github,uspto_backgrounds,arxiv,0.05,77,-0.005604529628149337,-0.0012800145103408767,0.005875553778131426,0.8571428571428571,"quadratic-model non-additivity; conditional association, not causal synergy"
metric/the_pile_pubmed_abstracts_val_loss,github,uspto_backgrounds,pubmed_central,0.05,77,0.012074655141584447,0.004201129173196705,0.020438507691784437,0.6753246753246753,"quadratic-model non-additivity; conditional association, not causal synergy"
metric/the_pile_pubmed_abstracts_val_loss,github,uspto_backgrounds,pile_cc,0.05,77,0.0015317485010811285,0.0016438424355822434,0.00595239599266528,0.6753246753246753,"quadratic-model non-additivity; conditional association, not causal synergy"
metric/the_pile_pubmed_abstracts_val_loss,github,freelaw,stackexchange,0.05,77,-0.022609164008526493,-0.012723374668765608,0.022609164008526493,1.0,"quadratic-model non-additivity; conditional association, not causal synergy"
metric/the_pile_pubmed_abstracts_val_loss,github,freelaw,arxiv,0.05,77,-0.02750767698406295,-0.01819760896493694,0.02750767698406295,1.0,"quadratic-model non-additivity; conditional association, not causal synergy"
metric/the_pile_pubmed_abstracts_val_loss,github,freelaw,pubmed_central,0.05,77,-0.027575545448878705,-0.018362410370461824,0.027808948672917274,0.987012987012987,"quadratic-model non-additivity; conditional association, not causal synergy"
metric/the_pile_pubmed_abstracts_val_loss,github,freelaw,pile_cc,0.05,77,-0.02379830505104667,-0.015088946690262617,0.024062603489362244,0.987012987012987,"quadratic-model non-additivity; conditional association, not causal synergy"
metric/the_pile_pubmed_abstracts_val_loss,github,stackexchange,arxiv,0.05,77,-0.024024852764663325,-0.013581319059733588,0.024024852764663325,1.0,"quadratic-model non-additivity; conditional association, not causal synergy"
metric/the_pile_pubmed_abstracts_val_loss,github,stackexchange,pubmed_central,0.05,77,-0.028998494873821314,-0.01503997961695891,0.028998494873821314,1.0,"quadratic-model non-additivity; conditional association, not causal synergy"
metric/the_pile_pubmed_abstracts_val_loss,github,stackexchange,pile_cc,0.05,77,-0.03253730395161876,-0.017810231815172273,0.03253730395161876,1.0,"quadratic-model non-additivity; conditional association, not causal synergy"
metric/the_pile_pubmed_abstracts_val_loss,github,arxiv,pubmed_central,0.05,77,-0.017577134711423054,-0.010222300651050453,0.017919072652424445,0.987012987012987,"quadratic-model non-additivity; conditional association, not causal synergy"
metric/the_pile_pubmed_abstracts_val_loss,github,arxiv,pile_cc,0.05,77,-0.03305377121307763,-0.015115622049397537,0.033374799956470455,0.987012987012987,"quadratic-model non-additivity; conditional association, not causal synergy"
metric/the_pile_pubmed_abstracts_val_loss,github,pubmed_central,pile_cc,0.05,77,0.008893486098386846,0.003579562773158962,0.016084601941397703,0.6753246753246753,"quadratic-model non-additivity; conditional association, not causal synergy"
metric/the_pile_pubmed_abstracts_val_loss,arxiv,wikipedia_en,uspto_backgrounds,0.05,65,0.011790425840563019,0.004204422465725166,0.018278401182669414,0.7230769230769231,"quadratic-model non-additivity; conditional association, not causal synergy"
metric/the_pile_pubmed_abstracts_val_loss,arxiv,wikipedia_en,freelaw,0.05,65,-0.009291753645894638,-0.006316674846514658,0.009611016396576324,0.9538461538461539,"quadratic-model non-additivity; conditional association, not causal synergy"
metric/the_pile_pubmed_abstracts_val_loss,arxiv,wikipedia_en,stackexchange,0.05,65,-0.018589855557515106,-0.006313751247270183,0.018700844230745927,0.9846153846153847,"quadratic-model non-additivity; conditional association, not causal synergy"
metric/the_pile_pubmed_abstracts_val_loss,arxiv,wikipedia_en,github,0.05,65,-0.04324146862392268,-0.01867195911891617,0.04324146862392268,1.0,"quadratic-model non-additivity; conditional association, not causal synergy"
metric/the_pile_pubmed_abstracts_val_loss,arxiv,wikipedia_en,pubmed_central,0.05,65,0.009982927832011977,0.006275132851630616,0.013911506232728226,0.8153846153846154,"quadratic-model non-additivity; conditional association, not causal synergy"
metric/the_pile_pubmed_abstracts_val_loss,arxiv,wikipedia_en,pile_cc,0.05,65,0.0011314790403849939,0.000922568287030856,0.003527762092221182,0.7076923076923077,"quadratic-model non-additivity; conditional association, not causal synergy"
metric/the_pile_pubmed_abstracts_val_loss,arxiv,uspto_backgrounds,freelaw,0.05,65,-0.00563597201666576,-0.0033165885024946107,0.0060749655832937404,0.9384615384615385,"quadratic-model non-additivity; conditional association, not causal synergy"
metric/the_pile_pubmed_abstracts_val_loss,arxiv,uspto_backgrounds,stackexchange,0.05,65,-0.01919072903683096,-0.009180952132624931,0.01922193808707999,0.9846153846153847,"quadratic-model non-additivity; conditional association, not causal synergy"
metric/the_pile_pubmed_abstracts_val_loss,arxiv,uspto_backgrounds,github,0.05,65,-0.02445069852626176,-0.010619305009238467,0.02445069852626176,1.0,"quadratic-model non-additivity; conditional association, not causal synergy"
metric/the_pile_pubmed_abstracts_val_loss,arxiv,uspto_backgrounds,pubmed_central,0.05,65,0.018734764907177206,0.007372470483147708,0.024805471899162934,0.7230769230769231,"quadratic-model non-additivity; conditional association, not causal synergy"
metric/the_pile_pubmed_abstracts_val_loss,arxiv,uspto_backgrounds,pile_cc,0.05,65,0.001022246333163392,0.00038247801844537577,0.0044074999068928955,0.5846153846153846,"quadratic-model non-additivity; conditional association, not causal synergy"
metric/the_pile_pubmed_abstracts_val_loss,arxiv,freelaw,stackexchange,0.05,65,-0.01246867978728354,-0.006001660608394133,0.012974874952691123,0.9230769230769231,"quadratic-model non-additivity; conditional association, not causal synergy"
metric/the_pile_pubmed_abstracts_val_loss,arxiv,freelaw,github,0.05,65,-0.01990791256931,-0.006563377183203656,0.020185482055721484,0.9538461538461539,"quadratic-model non-additivity; conditional association, not causal synergy"
metric/the_pile_pubmed_abstracts_val_loss,arxiv,freelaw,pubmed_central,0.05,65,-0.028220033158696093,-0.01603034819887572,0.028307881326105698,0.9692307692307692,"quadratic-model non-additivity; conditional association, not causal synergy"
metric/the_pile_pubmed_abstracts_val_loss,arxiv,freelaw,pile_cc,0.05,65,-0.021313314777237125,-0.009003827284636223,0.02180570627247528,0.9384615384615385,"quadratic-model non-additivity; conditional association, not causal synergy"
metric/the_pile_pubmed_abstracts_val_loss,arxiv,stackexchange,github,0.05,65,-0.013757000778568982,-0.0031720387012557083,0.01410235770947903,0.9076923076923077,"quadratic-model non-additivity; conditional association, not causal synergy"
metric/the_pile_pubmed_abstracts_val_loss,arxiv,stackexchange,pubmed_central,0.05,65,-0.02805204166128049,-0.008308653104973196,0.028220736966645288,0.9384615384615385,"quadratic-model non-additivity; conditional association, not causal synergy"
metric/the_pile_pubmed_abstracts_val_loss,arxiv,stackexchange,pile_cc,0.05,65,-0.019643028287500395,-0.004569147478544089,0.019695112112760208,0.9846153846153847,"quadratic-model non-additivity; conditional association, not causal synergy"
metric/the_pile_pubmed_abstracts_val_loss,arxiv,github,pubmed_central,0.05,65,-0.03379605879830096,-0.01107979048796448,0.033908600564393813,0.9538461538461539,"quadratic-model non-additivity; conditional association, not causal synergy"
metric/the_pile_pubmed_abstracts_val_loss,arxiv,github,pile_cc,0.05,65,-0.02779980404218508,-0.006753719607301534,0.02794675121527594,0.9538461538461539,"quadratic-model non-additivity; conditional association, not causal synergy"
metric/the_pile_pubmed_abstracts_val_loss,arxiv,pubmed_central,pile_cc,0.05,65,0.010081515307982309,0.005209491679126543,0.010934941671836708,0.8,"quadratic-model non-additivity; conditional association, not causal synergy"
metric/the_pile_pubmed_abstracts_val_loss,pubmed_central,wikipedia_en,uspto_backgrounds,0.05,81,0.020932193694514812,0.009162001747998083,0.023497182093009522,0.9506172839506173,"quadratic-model non-additivity; conditional association, not causal synergy"
metric/the_pile_pubmed_abstracts_val_loss,pubmed_central,wikipedia_en,freelaw,0.05,81,0.005160880415190692,8.698449209987302e-05,0.0157819200625389,0.5308641975308642,"quadratic-model non-additivity; conditional association, not causal synergy"
metric/the_pile_pubmed_abstracts_val_loss,pubmed_central,wikipedia_en,stackexchange,0.05,81,-0.003283469807392779,-0.0017556617732283897,0.02287335868080763,0.5925925925925926,"quadratic-model non-additivity; conditional association, not causal synergy"
metric/the_pile_pubmed_abstracts_val_loss,pubmed_central,wikipedia_en,github,0.05,81,-0.027301986329570208,-0.004779090725805624,0.04518852514857026,0.6790123456790124,"quadratic-model non-additivity; conditional association, not causal synergy"
metric/the_pile_pubmed_abstracts_val_loss,pubmed_central,wikipedia_en,arxiv,0.05,81,0.0005877283884342073,-0.0013037981915031693,0.018502236299105204,0.6049382716049383,"quadratic-model non-additivity; conditional association, not causal synergy"
metric/the_pile_pubmed_abstracts_val_loss,pubmed_central,wikipedia_en,pile_cc,0.05,81,0.009782879040738214,0.002285982721793367,0.0127372983009928,0.8765432098765432,"quadratic-model non-additivity; conditional association, not causal synergy"
metric/the_pile_pubmed_abstracts_val_loss,pubmed_central,uspto_backgrounds,freelaw,0.05,81,0.008687577049619744,0.00028205881649778775,0.013436525190621535,0.5555555555555556,"quadratic-model non-additivity; conditional association, not causal synergy"
metric/the_pile_pubmed_abstracts_val_loss,pubmed_central,uspto_backgrounds,stackexchange,0.05,81,-0.005931975375406529,-0.002218586750266205,0.02534957970813288,0.6049382716049383,"quadratic-model non-additivity; conditional association, not causal synergy"
metric/the_pile_pubmed_abstracts_val_loss,pubmed_central,uspto_backgrounds,github,0.05,81,-0.009761443022798067,-0.0042978485885996065,0.02838806555027442,0.6296296296296297,"quadratic-model non-additivity; conditional association, not causal synergy"
metric/the_pile_pubmed_abstracts_val_loss,pubmed_central,uspto_backgrounds,arxiv,0.05,81,0.009162242956774482,0.0012285023996509992,0.012098461942704343,0.6172839506172839,"quadratic-model non-additivity; conditional association, not causal synergy"
metric/the_pile_pubmed_abstracts_val_loss,pubmed_central,uspto_backgrounds,pile_cc,0.05,81,0.010641559086484495,0.003037668616185485,0.013484215108885323,0.8518518518518519,"quadratic-model non-additivity; conditional association, not causal synergy"
metric/the_pile_pubmed_abstracts_val_loss,pubmed_central,freelaw,stackexchange,0.05,81,0.0051996741421130085,0.0006198725296728824,0.020157734310345746,0.5432098765432098,"quadratic-model non-additivity; conditional association, not causal synergy"
metric/the_pile_pubmed_abstracts_val_loss,pubmed_central,freelaw,github,0.05,81,-0.0032244325222087846,-0.0011849105672947502,0.026892851621397748,0.5432098765432098,"quadratic-model non-additivity; conditional association, not causal synergy"
metric/the_pile_pubmed_abstracts_val_loss,pubmed_central,freelaw,arxiv,0.05,81,-0.005106672113852886,-0.004090339994997194,0.02779217007676103,0.6296296296296297,"quadratic-model non-additivity; conditional association, not causal synergy"
metric/the_pile_pubmed_abstracts_val_loss,pubmed_central,freelaw,pile_cc,0.05,81,-0.004687141882715917,-0.002945579709511037,0.02515624176742544,0.6049382716049383,"quadratic-model non-additivity; conditional association, not causal synergy"
metric/the_pile_pubmed_abstracts_val_loss,pubmed_central,stackexchange,github,0.05,81,0.005067100339750668,0.0019074750773704352,0.021775029499911374,0.654320987654321,"quadratic-model non-additivity; conditional association, not causal synergy"
metric/the_pile_pubmed_abstracts_val_loss,pubmed_central,stackexchange,arxiv,0.05,81,-0.0006688339576832815,-0.00016431149943496592,0.024750500072122945,0.5061728395061729,"quadratic-model non-additivity; conditional association, not causal synergy"
metric/the_pile_pubmed_abstracts_val_loss,pubmed_central,stackexchange,pile_cc,0.05,81,-0.008390813235963258,-0.0034922063966886796,0.028182863603333556,0.5679012345679012,"quadratic-model non-additivity; conditional association, not causal synergy"
metric/the_pile_pubmed_abstracts_val_loss,pubmed_central,github,arxiv,0.05,81,-0.00839095829543629,-0.0017163568662228457,0.03264256395265719,0.6049382716049383,"quadratic-model non-additivity; conditional association, not causal synergy"
metric/the_pile_pubmed_abstracts_val_loss,pubmed_central,github,pile_cc,0.05,81,-0.01618503991541237,-0.003626555890695826,0.03645729439469872,0.6419753086419753,"quadratic-model non-additivity; conditional association, not causal synergy"
metric/the_pile_pubmed_abstracts_val_loss,pubmed_central,arxiv,pile_cc,0.05,81,-0.016943489067514236,-0.005375104257673513,0.035509677083254004,0.6790123456790124,"quadratic-model non-additivity; conditional association, not causal synergy"
metric/the_pile_pubmed_abstracts_val_loss,pile_cc,wikipedia_en,uspto_backgrounds,0.05,68,0.011297654828150757,0.00209417224278452,0.014142664660919683,0.7647058823529411,"quadratic-model non-additivity; conditional association, not causal synergy"
metric/the_pile_pubmed_abstracts_val_loss,pile_cc,wikipedia_en,freelaw,0.05,68,-0.004435326344545223,-0.0020072642026711662,0.008592671298099682,0.7205882352941176,"quadratic-model non-additivity; conditional association, not causal synergy"
metric/the_pile_pubmed_abstracts_val_loss,pile_cc,wikipedia_en,stackexchange,0.05,68,-0.013148702880365482,-0.0040714112657633805,0.016012246120246126,0.8382352941176471,"quadratic-model non-additivity; conditional association, not causal synergy"
metric/the_pile_pubmed_abstracts_val_loss,pile_cc,wikipedia_en,github,0.05,68,-0.03605532893649365,-0.015651255941716347,0.039636663144875746,0.8676470588235294,"quadratic-model non-additivity; conditional association, not causal synergy"
metric/the_pile_pubmed_abstracts_val_loss,pile_cc,wikipedia_en,arxiv,0.05,68,-0.0065428665905482965,-0.0015154513802615455,0.011338878553987068,0.6764705882352942,"quadratic-model non-additivity; conditional association, not causal synergy"
metric/the_pile_pubmed_abstracts_val_loss,pile_cc,wikipedia_en,pubmed_central,0.05,68,0.00956628987226844,0.002041642687425682,0.013277664147076103,0.6911764705882353,"quadratic-model non-additivity; conditional association, not causal synergy"
metric/the_pile_pubmed_abstracts_val_loss,pile_cc,uspto_backgrounds,freelaw,0.05,68,-0.0017439360787094326,-0.0007520286215951799,0.005656945983306879,0.7058823529411765,"quadratic-model non-additivity; conditional association, not causal synergy"
metric/the_pile_pubmed_abstracts_val_loss,pile_cc,uspto_backgrounds,stackexchange,0.05,68,-0.014136899358903983,-0.004504478183812388,0.01640993467165274,0.75,"quadratic-model non-additivity; conditional association, not causal synergy"
metric/the_pile_pubmed_abstracts_val_loss,pile_cc,uspto_backgrounds,github,0.05,68,-0.018439803203025896,-0.005114691546147299,0.021206408474279726,0.7647058823529411,"quadratic-model non-additivity; conditional association, not causal synergy"
metric/the_pile_pubmed_abstracts_val_loss,pile_cc,uspto_backgrounds,arxiv,0.05,68,0.0016895967613609147,-4.3996529941914275e-05,0.004548771941140613,0.5,"quadratic-model non-additivity; conditional association, not causal synergy"
metric/the_pile_pubmed_abstracts_val_loss,pile_cc,uspto_backgrounds,pubmed_central,0.05,68,0.023181997590926,0.005194876903296564,0.02636874655484623,0.7647058823529411,"quadratic-model non-additivity; conditional association, not causal synergy"
metric/the_pile_pubmed_abstracts_val_loss,pile_cc,freelaw,stackexchange,0.05,68,-0.00925177920655711,-0.002468860609320611,0.014248350295598958,0.7205882352941176,"quadratic-model non-additivity; conditional association, not causal synergy"
metric/the_pile_pubmed_abstracts_val_loss,pile_cc,freelaw,github,0.05,68,-0.013247096175226132,-0.007499231419359376,0.019377819668749532,0.75,"quadratic-model non-additivity; conditional association, not causal synergy"
metric/the_pile_pubmed_abstracts_val_loss,pile_cc,freelaw,arxiv,0.05,68,-0.01716764910609439,-0.005974953579967135,0.022149571065159277,0.7058823529411765,"quadratic-model non-additivity; conditional association, not causal synergy"
metric/the_pile_pubmed_abstracts_val_loss,pile_cc,freelaw,pubmed_central,0.05,68,-0.02324408299474785,-0.006904221274473432,0.025718809406613797,0.8676470588235294,"quadratic-model non-additivity; conditional association, not causal synergy"
metric/the_pile_pubmed_abstracts_val_loss,pile_cc,stackexchange,github,0.05,68,-0.010752699230831853,-0.0030662665093719177,0.017405991652755855,0.7058823529411765,"quadratic-model non-additivity; conditional association, not causal synergy"
metric/the_pile_pubmed_abstracts_val_loss,pile_cc,stackexchange,arxiv,0.05,68,-0.01062673957467409,-0.0020097811617101335,0.017310500233638487,0.6323529411764706,"quadratic-model non-additivity; conditional association, not causal synergy"
metric/the_pile_pubmed_abstracts_val_loss,pile_cc,stackexchange,pubmed_central,0.05,68,-0.02971782027122615,-0.008137057554175264,0.03167068230607054,0.8823529411764706,"quadratic-model non-additivity; conditional association, not causal synergy"
metric/the_pile_pubmed_abstracts_val_loss,pile_cc,github,arxiv,0.05,68,-0.02538125477430878,-0.005976460600101596,0.02966559051990632,0.6911764705882353,"quadratic-model non-additivity; conditional association, not causal synergy"
metric/the_pile_pubmed_abstracts_val_loss,pile_cc,github,pubmed_central,0.05,68,-0.03611464157538814,-0.014581439061022383,0.03837957222520238,0.8676470588235294,"quadratic-model non-additivity; conditional association, not causal synergy"
metric/the_pile_pubmed_abstracts_val_loss,pile_cc,arxiv,pubmed_central,0.05,68,-0.012948292798859902,-0.004604148679685949,0.015528400237856503,0.8676470588235294,"quadratic-model non-additivity; conditional association, not causal synergy"
metric/the_pile_uspto_backgrounds_val_loss,wikipedia_en,uspto_backgrounds,freelaw,0.05,49,0.005786473795658948,0.002349612611119767,0.01153158758761344,0.6122448979591837,"quadratic-model non-additivity; conditional association, not causal synergy"
metric/the_pile_uspto_backgrounds_val_loss,wikipedia_en,uspto_backgrounds,stackexchange,0.05,49,-0.006765223655242966,-0.002056845028337584,0.006981990045890847,0.9591836734693877,"quadratic-model non-additivity; conditional association, not causal synergy"
metric/the_pile_uspto_backgrounds_val_loss,wikipedia_en,uspto_backgrounds,github,0.05,49,-0.024888377845581997,-0.012275659136278705,0.025626717626502222,0.9183673469387755,"quadratic-model non-additivity; conditional association, not causal synergy"
metric/the_pile_uspto_backgrounds_val_loss,wikipedia_en,uspto_backgrounds,arxiv,0.05,49,0.010324328624743376,0.0020090582735141638,0.01281248376844103,0.6938775510204082,"quadratic-model non-additivity; conditional association, not causal synergy"
metric/the_pile_uspto_backgrounds_val_loss,wikipedia_en,uspto_backgrounds,pubmed_central,0.05,49,0.02106891989319221,0.004289088862519108,0.028603060901597702,0.6938775510204082,"quadratic-model non-additivity; conditional association, not causal synergy"
metric/the_pile_uspto_backgrounds_val_loss,wikipedia_en,uspto_backgrounds,pile_cc,0.05,49,0.045266195696750694,0.01269947796640114,0.04640395988029201,0.7551020408163265,"quadratic-model non-additivity; conditional association, not causal synergy"
metric/the_pile_uspto_backgrounds_val_loss,wikipedia_en,freelaw,stackexchange,0.05,49,-0.0035740522735601314,-0.0021240029454929754,0.004829473763508469,0.8367346938775511,"quadratic-model non-additivity; conditional association, not causal synergy"
metric/the_pile_uspto_backgrounds_val_loss,wikipedia_en,freelaw,github,0.05,49,-0.014956970034577653,-0.004420052096444138,0.016811865450050124,0.8367346938775511,"quadratic-model non-additivity; conditional association, not causal synergy"
metric/the_pile_uspto_backgrounds_val_loss,wikipedia_en,freelaw,arxiv,0.05,49,-0.01773704810021157,-0.007135118023124498,0.017933694559457168,0.9387755102040817,"quadratic-model non-additivity; conditional association, not causal synergy"
metric/the_pile_uspto_backgrounds_val_loss,wikipedia_en,freelaw,pubmed_central,0.05,49,-0.024727379195827234,-0.006963189767979827,0.024910349029856112,0.9591836734693877,"quadratic-model non-additivity; conditional association, not causal synergy"
metric/the_pile_uspto_backgrounds_val_loss,wikipedia_en,freelaw,pile_cc,0.05,49,-0.005643315284298561,-0.002951362968699023,0.006410498715927516,0.8979591836734694,"quadratic-model non-additivity; conditional association, not causal synergy"
metric/the_pile_uspto_backgrounds_val_loss,wikipedia_en,stackexchange,github,0.05,49,-0.008559893687802892,-0.0014909053676568362,0.011878400092036858,0.6938775510204082,"quadratic-model non-additivity; conditional association, not causal synergy"
metric/the_pile_uspto_backgrounds_val_loss,wikipedia_en,stackexchange,arxiv,0.05,49,-0.007730142800581034,-0.0025409549052515246,0.00901826769063765,0.8979591836734694,"quadratic-model non-additivity; conditional association, not causal synergy"
metric/the_pile_uspto_backgrounds_val_loss,wikipedia_en,stackexchange,pubmed_central,0.05,49,-0.010782608082163499,-0.004205008053340897,0.012371643044641119,0.8571428571428571,"quadratic-model non-additivity; conditional association, not causal synergy"
metric/the_pile_uspto_backgrounds_val_loss,wikipedia_en,stackexchange,pile_cc,0.05,49,-0.012114570420197847,-0.005174466756738383,0.012824791311041008,0.8571428571428571,"quadratic-model non-additivity; conditional association, not causal synergy"
metric/the_pile_uspto_backgrounds_val_loss,wikipedia_en,github,arxiv,0.05,49,-0.025735583656777066,-0.006521408794096573,0.0280045287311832,0.8571428571428571,"quadratic-model non-additivity; conditional association, not causal synergy"
metric/the_pile_uspto_backgrounds_val_loss,wikipedia_en,github,pubmed_central,0.05,49,-0.017603478081749665,-0.004154454278936903,0.02230529362383774,0.7551020408163265,"quadratic-model non-additivity; conditional association, not causal synergy"
metric/the_pile_uspto_backgrounds_val_loss,wikipedia_en,github,pile_cc,0.05,49,-0.023135332762952012,-0.005546130463768506,0.02459213718173549,0.8367346938775511,"quadratic-model non-additivity; conditional association, not causal synergy"
metric/the_pile_uspto_backgrounds_val_loss,wikipedia_en,arxiv,pubmed_central,0.05,49,-0.011659393017992582,-0.005572108919920105,0.012045860055428402,0.9387755102040817,"quadratic-model non-additivity; conditional association, not causal synergy"
metric/the_pile_uspto_backgrounds_val_loss,wikipedia_en,arxiv,pile_cc,0.05,49,-0.016269484724616784,-0.005327224465651703,0.01683362695801458,0.8979591836734694,"quadratic-model non-additivity; conditional association, not causal synergy"
metric/the_pile_uspto_backgrounds_val_loss,wikipedia_en,pubmed_central,pile_cc,0.05,49,-0.004370628089569632,-0.0020117632585998635,0.005317760759483539,0.8367346938775511,"quadratic-model non-additivity; conditional association, not causal synergy"
metric/the_pile_uspto_backgrounds_val_loss,uspto_backgrounds,wikipedia_en,freelaw,0.05,59,0.0370759747511421,0.00833000463487199,0.03987285156434126,0.8305084745762712,"quadratic-model non-additivity; conditional association, not causal synergy"
metric/the_pile_uspto_backgrounds_val_loss,uspto_backgrounds,wikipedia_en,stackexchange,0.05,59,0.030057252764031074,0.0059595303265203015,0.04224954178854959,0.6440677966101694,"quadratic-model non-additivity; conditional association, not causal synergy"
metric/the_pile_uspto_backgrounds_val_loss,uspto_backgrounds,wikipedia_en,github,0.05,59,0.018544818016606828,0.005479587529535479,0.05820082297910983,0.6101694915254238,"quadratic-model non-additivity; conditional association, not causal synergy"
metric/the_pile_uspto_backgrounds_val_loss,uspto_backgrounds,wikipedia_en,arxiv,0.05,59,0.03111042010927703,0.00846398170053586,0.03635431101317007,0.7627118644067796,"quadratic-model non-additivity; conditional association, not causal synergy"
metric/the_pile_uspto_backgrounds_val_loss,uspto_backgrounds,wikipedia_en,pubmed_central,0.05,59,0.030215104165429822,0.005395483667747669,0.037355784023095355,0.7288135593220338,"quadratic-model non-additivity; conditional association, not causal synergy"
metric/the_pile_uspto_backgrounds_val_loss,uspto_backgrounds,wikipedia_en,pile_cc,0.05,59,0.0298595928248754,0.0048139042804073995,0.03880218292717141,0.6440677966101694,"quadratic-model non-additivity; conditional association, not causal synergy"
metric/the_pile_uspto_backgrounds_val_loss,uspto_backgrounds,freelaw,stackexchange,0.05,59,0.04077199064663436,0.00837824582749036,0.04287575144215042,0.864406779661017,"quadratic-model non-additivity; conditional association, not causal synergy"
metric/the_pile_uspto_backgrounds_val_loss,uspto_backgrounds,freelaw,github,0.05,59,0.03085510603511116,0.00523483979341588,0.050142380945039464,0.6440677966101694,"quadratic-model non-additivity; conditional association, not causal synergy"
metric/the_pile_uspto_backgrounds_val_loss,uspto_backgrounds,freelaw,arxiv,0.05,59,0.021491981115535862,0.004998175634502111,0.03936839836607186,0.6440677966101694,"quadratic-model non-additivity; conditional association, not causal synergy"
metric/the_pile_uspto_backgrounds_val_loss,uspto_backgrounds,freelaw,pubmed_central,0.05,59,0.01888083520984337,0.0025784464974680787,0.042948684828522,0.6101694915254238,"quadratic-model non-additivity; conditional association, not causal synergy"
metric/the_pile_uspto_backgrounds_val_loss,uspto_backgrounds,freelaw,pile_cc,0.05,59,0.03303198719844003,0.005813676738291029,0.03841191428839409,0.7288135593220338,"quadratic-model non-additivity; conditional association, not causal synergy"
metric/the_pile_uspto_backgrounds_val_loss,uspto_backgrounds,stackexchange,github,0.05,59,0.03722255012604483,0.008013896963320555,0.051455483692427924,0.711864406779661,"quadratic-model non-additivity; conditional association, not causal synergy"
metric/the_pile_uspto_backgrounds_val_loss,uspto_backgrounds,stackexchange,arxiv,0.05,59,0.03438099859722569,0.007842802076714506,0.039493080172574815,0.7627118644067796,"quadratic-model non-additivity; conditional association, not causal synergy"
metric/the_pile_uspto_backgrounds_val_loss,uspto_backgrounds,stackexchange,pubmed_central,0.05,59,0.029588420795697037,0.005343757598669896,0.044428591728541925,0.6949152542372882,"quadratic-model non-additivity; conditional association, not causal synergy"
metric/the_pile_uspto_backgrounds_val_loss,uspto_backgrounds,stackexchange,pile_cc,0.05,59,0.029171673511566083,0.004405441261202903,0.04374833247259307,0.6610169491525424,"quadratic-model non-additivity; conditional association, not causal synergy"
metric/the_pile_uspto_backgrounds_val_loss,uspto_backgrounds,github,arxiv,0.05,59,0.023859249187991396,0.006795760822391195,0.04894449871001422,0.6101694915254238,"quadratic-model non-additivity; conditional association, not causal synergy"
metric/the_pile_uspto_backgrounds_val_loss,uspto_backgrounds,github,pubmed_central,0.05,59,0.022674789367525826,0.004142883986753887,0.05173263213994014,0.576271186440678,"quadratic-model non-additivity; conditional association, not causal synergy"
metric/the_pile_uspto_backgrounds_val_loss,uspto_backgrounds,github,pile_cc,0.05,59,0.024839769462615426,0.00327710370305212,0.0548914798034172,0.5932203389830508,"quadratic-model non-additivity; conditional association, not causal synergy"
metric/the_pile_uspto_backgrounds_val_loss,uspto_backgrounds,arxiv,pubmed_central,0.05,59,0.02491214110650155,0.004044497024713323,0.037158727112835556,0.6949152542372882,"quadratic-model non-additivity; conditional association, not causal synergy"
metric/the_pile_uspto_backgrounds_val_loss,uspto_backgrounds,arxiv,pile_cc,0.05,59,0.02353874489515852,0.0024053852788119556,0.03979897409432079,0.6440677966101694,"quadratic-model non-additivity; conditional association, not causal synergy"
metric/the_pile_uspto_backgrounds_val_loss,uspto_backgrounds,pubmed_central,pile_cc,0.05,59,0.02921280872936275,0.004168066384582225,0.03670620321991159,0.711864406779661,"quadratic-model non-additivity; conditional association, not causal synergy"
metric/the_pile_uspto_backgrounds_val_loss,freelaw,wikipedia_en,uspto_backgrounds,0.05,47,0.017166016359843793,0.005741702292779038,0.026597239004090566,0.723404255319149,"quadratic-model non-additivity; conditional association, not causal synergy"
metric/the_pile_uspto_backgrounds_val_loss,freelaw,wikipedia_en,stackexchange,0.05,47,-0.016562608763291742,-0.007121414596035436,0.016565491263340056,0.9787234042553191,"quadratic-model non-additivity; conditional association, not causal synergy"
metric/the_pile_uspto_backgrounds_val_loss,freelaw,wikipedia_en,github,0.05,47,-0.030616999986873648,-0.015735447151644877,0.03067076430698313,0.9574468085106383,"quadratic-model non-additivity; conditional association, not causal synergy"
metric/the_pile_uspto_backgrounds_val_loss,freelaw,wikipedia_en,arxiv,0.05,47,-0.010453781261938157,-0.0049633515994980115,0.011205780621940983,0.9361702127659575,"quadratic-model non-additivity; conditional association, not causal synergy"
metric/the_pile_uspto_backgrounds_val_loss,freelaw,wikipedia_en,pubmed_central,0.05,47,-0.010696047134238334,-0.0068900220237795295,0.010942209157896022,0.9361702127659575,"quadratic-model non-additivity; conditional association, not causal synergy"
metric/the_pile_uspto_backgrounds_val_loss,freelaw,wikipedia_en,pile_cc,0.05,47,-0.012665903544281642,-0.010281980803859447,0.012747038536603571,0.9787234042553191,"quadratic-model non-additivity; conditional association, not causal synergy"
metric/the_pile_uspto_backgrounds_val_loss,freelaw,uspto_backgrounds,stackexchange,0.05,47,-0.009017495974779919,-0.0032721612570325576,0.009017495974779919,1.0,"quadratic-model non-additivity; conditional association, not causal synergy"
metric/the_pile_uspto_backgrounds_val_loss,freelaw,uspto_backgrounds,github,0.05,47,-0.023953168585897855,-0.009192736682603453,0.023953168585897855,1.0,"quadratic-model non-additivity; conditional association, not causal synergy"
metric/the_pile_uspto_backgrounds_val_loss,freelaw,uspto_backgrounds,arxiv,0.05,47,0.008884744719232325,0.0022704646695919095,0.015665090788737773,0.6808510638297872,"quadratic-model non-additivity; conditional association, not causal synergy"
metric/the_pile_uspto_backgrounds_val_loss,freelaw,uspto_backgrounds,pubmed_central,0.05,47,0.021439976113599806,0.0035815239885206296,0.02611037057948332,0.723404255319149,"quadratic-model non-additivity; conditional association, not causal synergy"
metric/the_pile_uspto_backgrounds_val_loss,freelaw,uspto_backgrounds,pile_cc,0.05,47,0.039485377476657244,0.014377828008983684,0.04474761866416196,0.7872340425531915,"quadratic-model non-additivity; conditional association, not causal synergy"
metric/the_pile_uspto_backgrounds_val_loss,freelaw,stackexchange,github,0.05,47,-0.015003265892310217,-0.007455973724724174,0.015048109322138351,0.9574468085106383,"quadratic-model non-additivity; conditional association, not causal synergy"
metric/the_pile_uspto_backgrounds_val_loss,freelaw,stackexchange,arxiv,0.05,47,-0.012701535422765095,-0.005070495088891569,0.012853618049414945,0.9361702127659575,"quadratic-model non-additivity; conditional association, not causal synergy"
metric/the_pile_uspto_backgrounds_val_loss,freelaw,stackexchange,pubmed_central,0.05,47,-0.016231652785846887,-0.005634833229358094,0.01624456656808479,0.9787234042553191,"quadratic-model non-additivity; conditional association, not causal synergy"
metric/the_pile_uspto_backgrounds_val_loss,freelaw,stackexchange,pile_cc,0.05,47,-0.01859157367988685,-0.010700195104502264,0.018652642712519967,0.9787234042553191,"quadratic-model non-additivity; conditional association, not causal synergy"
metric/the_pile_uspto_backgrounds_val_loss,freelaw,github,arxiv,0.05,47,-0.0246338885962081,-0.006152969345391668,0.02479781712042744,0.9574468085106383,"quadratic-model non-additivity; conditional association, not causal synergy"
metric/the_pile_uspto_backgrounds_val_loss,freelaw,github,pubmed_central,0.05,47,-0.026923142112643177,-0.012947679871912143,0.027305833451030746,0.9148936170212766,"quadratic-model non-additivity; conditional association, not causal synergy"
metric/the_pile_uspto_backgrounds_val_loss,freelaw,github,pile_cc,0.05,47,-0.029723044388802182,-0.008049387105621086,0.029814198234283898,0.9787234042553191,"quadratic-model non-additivity; conditional association, not causal synergy"
metric/the_pile_uspto_backgrounds_val_loss,freelaw,arxiv,pubmed_central,0.05,47,-0.010921041587819638,-0.0046290465245002466,0.011905675413719513,0.9361702127659575,"quadratic-model non-additivity; conditional association, not causal synergy"
metric/the_pile_uspto_backgrounds_val_loss,freelaw,arxiv,pile_cc,0.05,47,-0.021113188605885385,-0.009293491209891869,0.021196560528196226,0.9787234042553191,"quadratic-model non-additivity; conditional association, not causal synergy"
metric/the_pile_uspto_backgrounds_val_loss,freelaw,pubmed_central,pile_cc,0.05,47,-0.007387774619113727,-0.0029841499204978916,0.007766567535624011,0.8936170212765957,"quadratic-model non-additivity; conditional association, not causal synergy"
metric/the_pile_uspto_backgrounds_val_loss,stackexchange,wikipedia_en,uspto_backgrounds,0.05,72,0.02997281627158893,0.01377718652144333,0.0325091028958373,0.7777777777777778,"quadratic-model non-additivity; conditional association, not causal synergy"
metric/the_pile_uspto_backgrounds_val_loss,stackexchange,wikipedia_en,freelaw,0.05,72,-0.005365359797059753,-0.00276192650185747,0.006116185240295175,0.9444444444444444,"quadratic-model non-additivity; conditional association, not causal synergy"
metric/the_pile_uspto_backgrounds_val_loss,stackexchange,wikipedia_en,github,0.05,72,-0.02740266623664605,-0.009618599605541789,0.02757113526640604,0.9583333333333334,"quadratic-model non-additivity; conditional association, not causal synergy"
metric/the_pile_uspto_backgrounds_val_loss,stackexchange,wikipedia_en,arxiv,0.05,72,-0.007306236401299102,-0.003347738354539942,0.007971899988917255,0.9305555555555556,"quadratic-model non-additivity; conditional association, not causal synergy"
metric/the_pile_uspto_backgrounds_val_loss,stackexchange,wikipedia_en,pubmed_central,0.05,72,-0.0076168580243380175,-0.004066067915106775,0.008272486921997101,0.9444444444444444,"quadratic-model non-additivity; conditional association, not causal synergy"
metric/the_pile_uspto_backgrounds_val_loss,stackexchange,wikipedia_en,pile_cc,0.05,72,-0.007045629249726824,-0.00411698938001237,0.00813689723160512,0.9305555555555556,"quadratic-model non-additivity; conditional association, not causal synergy"
metric/the_pile_uspto_backgrounds_val_loss,stackexchange,uspto_backgrounds,freelaw,0.05,72,0.011362186807466848,0.003298282522527618,0.015076060790648457,0.6805555555555556,"quadratic-model non-additivity; conditional association, not causal synergy"
metric/the_pile_uspto_backgrounds_val_loss,stackexchange,uspto_backgrounds,github,0.05,72,-0.02229396673102132,-0.00997758831413531,0.022413890298479074,0.9444444444444444,"quadratic-model non-additivity; conditional association, not causal synergy"
metric/the_pile_uspto_backgrounds_val_loss,stackexchange,uspto_backgrounds,arxiv,0.05,72,0.011177464604592575,0.001599591388117716,0.014489659743268182,0.625,"quadratic-model non-additivity; conditional association, not causal synergy"
metric/the_pile_uspto_backgrounds_val_loss,stackexchange,uspto_backgrounds,pubmed_central,0.05,72,0.02686307391121013,0.007725000905522084,0.029675318806608335,0.8333333333333334,"quadratic-model non-additivity; conditional association, not causal synergy"
metric/the_pile_uspto_backgrounds_val_loss,stackexchange,uspto_backgrounds,pile_cc,0.05,72,0.0469016184210653,0.011779162712343805,0.04908625172415507,0.8194444444444444,"quadratic-model non-additivity; conditional association, not causal synergy"
metric/the_pile_uspto_backgrounds_val_loss,stackexchange,freelaw,github,0.05,72,-0.02102195920345869,-0.011574848389326764,0.021098178096311412,0.9583333333333334,"quadratic-model non-additivity; conditional association, not causal synergy"
metric/the_pile_uspto_backgrounds_val_loss,stackexchange,freelaw,arxiv,0.05,72,-0.020603653150527146,-0.007253880567868798,0.020690528751677255,0.9861111111111112,"quadratic-model non-additivity; conditional association, not causal synergy"
metric/the_pile_uspto_backgrounds_val_loss,stackexchange,freelaw,pubmed_central,0.05,72,-0.0280048287498582,-0.008435124922895554,0.028343501519934908,0.9583333333333334,"quadratic-model non-additivity; conditional association, not causal synergy"
metric/the_pile_uspto_backgrounds_val_loss,stackexchange,freelaw,pile_cc,0.05,72,-0.008481008532994161,-0.004271383494975467,0.009099725464930134,0.9444444444444444,"quadratic-model non-additivity; conditional association, not causal synergy"
metric/the_pile_uspto_backgrounds_val_loss,stackexchange,github,arxiv,0.05,72,-0.01982739691551115,-0.006030927686809129,0.02008027176212812,0.9305555555555556,"quadratic-model non-additivity; conditional association, not causal synergy"
metric/the_pile_uspto_backgrounds_val_loss,stackexchange,github,pubmed_central,0.05,72,-0.02188719717432007,-0.006863594764539904,0.022274230137676106,0.9583333333333334,"quadratic-model non-additivity; conditional association, not causal synergy"
metric/the_pile_uspto_backgrounds_val_loss,stackexchange,github,pile_cc,0.05,72,-0.02226033266571327,-0.007580520318520634,0.022462127974405277,0.9722222222222222,"quadratic-model non-additivity; conditional association, not causal synergy"
metric/the_pile_uspto_backgrounds_val_loss,stackexchange,arxiv,pubmed_central,0.05,72,-0.01383699889731523,-0.004638809365970609,0.014250429642616901,0.9444444444444444,"quadratic-model non-additivity; conditional association, not causal synergy"
metric/the_pile_uspto_backgrounds_val_loss,stackexchange,arxiv,pile_cc,0.05,72,-0.015115880374197433,-0.004609444207765101,0.015612277919484448,0.9444444444444444,"quadratic-model non-additivity; conditional association, not causal synergy"
metric/the_pile_uspto_backgrounds_val_loss,stackexchange,pubmed_central,pile_cc,0.05,72,-0.006437053067398514,-0.0028512054936609132,0.007572095892630353,0.8888888888888888,"quadratic-model non-additivity; conditional association, not causal synergy"
metric/the_pile_uspto_backgrounds_val_loss,github,wikipedia_en,uspto_backgrounds,0.05,77,0.03336044882033585,0.014407875368280365,0.0363227895617313,0.7662337662337663,"quadratic-model non-additivity; conditional association, not causal synergy"
metric/the_pile_uspto_backgrounds_val_loss,github,wikipedia_en,freelaw,0.05,77,-0.006361802350788744,-0.004741356141534148,0.006391810822762268,0.935064935064935,"quadratic-model non-additivity; conditional association, not causal synergy"
metric/the_pile_uspto_backgrounds_val_loss,github,wikipedia_en,stackexchange,0.05,77,-0.018944125628289964,-0.010044589730535236,0.018944125628289964,1.0,"quadratic-model non-additivity; conditional association, not causal synergy"
metric/the_pile_uspto_backgrounds_val_loss,github,wikipedia_en,arxiv,0.05,77,-0.010152362329856906,-0.005430028455667646,0.010258028250575339,0.948051948051948,"quadratic-model non-additivity; conditional association, not causal synergy"
metric/the_pile_uspto_backgrounds_val_loss,github,wikipedia_en,pubmed_central,0.05,77,-0.009777659454430194,-0.006689774552087968,0.009976929942526582,0.961038961038961,"quadratic-model non-additivity; conditional association, not causal synergy"
metric/the_pile_uspto_backgrounds_val_loss,github,wikipedia_en,pile_cc,0.05,77,-0.009130339212855299,-0.007450518926270355,0.009487229909623588,0.948051948051948,"quadratic-model non-additivity; conditional association, not causal synergy"
metric/the_pile_uspto_backgrounds_val_loss,github,uspto_backgrounds,freelaw,0.05,77,0.009683580340594295,0.003583066850597838,0.013958639744770917,0.6493506493506493,"quadratic-model non-additivity; conditional association, not causal synergy"
metric/the_pile_uspto_backgrounds_val_loss,github,uspto_backgrounds,stackexchange,0.05,77,-0.007373950872454825,-0.00461381220767354,0.007380246801650671,0.987012987012987,"quadratic-model non-additivity; conditional association, not causal synergy"
metric/the_pile_uspto_backgrounds_val_loss,github,uspto_backgrounds,arxiv,0.05,77,0.01317482489163907,0.0036677426444153838,0.019195727360072697,0.7272727272727273,"quadratic-model non-additivity; conditional association, not causal synergy"
metric/the_pile_uspto_backgrounds_val_loss,github,uspto_backgrounds,pubmed_central,0.05,77,0.017496629655967027,0.005218237736673181,0.023531972304883377,0.7142857142857143,"quadratic-model non-additivity; conditional association, not causal synergy"
metric/the_pile_uspto_backgrounds_val_loss,github,uspto_backgrounds,pile_cc,0.05,77,0.05489095517189244,0.021485849008056945,0.05697364747122884,0.8571428571428571,"quadratic-model non-additivity; conditional association, not causal synergy"
metric/the_pile_uspto_backgrounds_val_loss,github,freelaw,stackexchange,0.05,77,-0.011387869974698688,-0.007837632893575197,0.011387869974698688,1.0,"quadratic-model non-additivity; conditional association, not causal synergy"
metric/the_pile_uspto_backgrounds_val_loss,github,freelaw,arxiv,0.05,77,-0.02341250703334687,-0.015515575479738253,0.02344814321112576,0.987012987012987,"quadratic-model non-additivity; conditional association, not causal synergy"
metric/the_pile_uspto_backgrounds_val_loss,github,freelaw,pubmed_central,0.05,77,-0.026798014532660928,-0.015192140994012782,0.026866564558377767,0.987012987012987,"quadratic-model non-additivity; conditional association, not causal synergy"
metric/the_pile_uspto_backgrounds_val_loss,github,freelaw,pile_cc,0.05,77,-0.009540291518402263,-0.005850271100528381,0.009883415203585842,0.935064935064935,"quadratic-model non-additivity; conditional association, not causal synergy"
metric/the_pile_uspto_backgrounds_val_loss,github,stackexchange,arxiv,0.05,77,-0.015435558953722414,-0.009010363191116255,0.015435558953722414,1.0,"quadratic-model non-additivity; conditional association, not causal synergy"
metric/the_pile_uspto_backgrounds_val_loss,github,stackexchange,pubmed_central,0.05,77,-0.017952951497499568,-0.009948308422417895,0.017952951497499568,1.0,"quadratic-model non-additivity; conditional association, not causal synergy"
metric/the_pile_uspto_backgrounds_val_loss,github,stackexchange,pile_cc,0.05,77,-0.019655800346746594,-0.009970791511601185,0.019655800346746594,1.0,"quadratic-model non-additivity; conditional association, not causal synergy"
metric/the_pile_uspto_backgrounds_val_loss,github,arxiv,pubmed_central,0.05,77,-0.01608428401109334,-0.009534793887700843,0.01627134287336481,0.974025974025974,"quadratic-model non-additivity; conditional association, not causal synergy"
metric/the_pile_uspto_backgrounds_val_loss,github,arxiv,pile_cc,0.05,77,-0.020210486674530882,-0.010315772425865788,0.020431745114781612,0.974025974025974,"quadratic-model non-additivity; conditional association, not causal synergy"
metric/the_pile_uspto_backgrounds_val_loss,github,pubmed_central,pile_cc,0.05,77,-0.008649862318515573,-0.004479634553520739,0.009256761758069469,0.922077922077922,"quadratic-model non-additivity; conditional association, not causal synergy"
metric/the_pile_uspto_backgrounds_val_loss,arxiv,wikipedia_en,uspto_backgrounds,0.05,65,0.031642225555751906,0.013542012800328962,0.037888874142341815,0.7538461538461538,"quadratic-model non-additivity; conditional association, not causal synergy"
metric/the_pile_uspto_backgrounds_val_loss,arxiv,wikipedia_en,freelaw,0.05,65,-0.00581906194699229,-0.0034021904931185176,0.006028782439276557,0.8769230769230769,"quadratic-model non-additivity; conditional association, not causal synergy"
metric/the_pile_uspto_backgrounds_val_loss,arxiv,wikipedia_en,stackexchange,0.05,65,-0.015423192258929894,-0.004913767790610812,0.015465057942072136,0.9692307692307692,"quadratic-model non-additivity; conditional association, not causal synergy"
metric/the_pile_uspto_backgrounds_val_loss,arxiv,wikipedia_en,github,0.05,65,-0.03110548016084186,-0.014788952540622624,0.03110941519146739,0.9846153846153847,"quadratic-model non-additivity; conditional association, not causal synergy"
metric/the_pile_uspto_backgrounds_val_loss,arxiv,wikipedia_en,pubmed_central,0.05,65,-0.010535123950345797,-0.0051955490909163515,0.010612151759354345,0.9230769230769231,"quadratic-model non-additivity; conditional association, not causal synergy"
metric/the_pile_uspto_backgrounds_val_loss,arxiv,wikipedia_en,pile_cc,0.05,65,-0.008903340772435892,-0.003831067674884281,0.008998004969336743,0.9692307692307692,"quadratic-model non-additivity; conditional association, not causal synergy"
metric/the_pile_uspto_backgrounds_val_loss,arxiv,uspto_backgrounds,freelaw,0.05,65,0.010174931238959113,0.006027131877385905,0.015253181098917218,0.8,"quadratic-model non-additivity; conditional association, not causal synergy"
metric/the_pile_uspto_backgrounds_val_loss,arxiv,uspto_backgrounds,stackexchange,0.05,65,-0.007532615093905452,-0.004680811361895465,0.007532615093905452,1.0,"quadratic-model non-additivity; conditional association, not causal synergy"
metric/the_pile_uspto_backgrounds_val_loss,arxiv,uspto_backgrounds,github,0.05,65,-0.023259812037077054,-0.010708966928067554,0.023259812037077054,1.0,"quadratic-model non-additivity; conditional association, not causal synergy"
metric/the_pile_uspto_backgrounds_val_loss,arxiv,uspto_backgrounds,pubmed_central,0.05,65,0.024238172675223716,0.010060109207572054,0.03032323061841449,0.676923076923077,"quadratic-model non-additivity; conditional association, not causal synergy"
metric/the_pile_uspto_backgrounds_val_loss,arxiv,uspto_backgrounds,pile_cc,0.05,65,0.043756836943342425,0.01159859562423371,0.0468921147993887,0.8461538461538461,"quadratic-model non-additivity; conditional association, not causal synergy"
metric/the_pile_uspto_backgrounds_val_loss,arxiv,freelaw,stackexchange,0.05,65,-0.005881901512964072,-0.0027741922057833435,0.006539723346360127,0.7846153846153846,"quadratic-model non-additivity; conditional association, not causal synergy"
metric/the_pile_uspto_backgrounds_val_loss,arxiv,freelaw,github,0.05,65,-0.020082348151624022,-0.005864704516993058,0.02035687482655157,0.8307692307692308,"quadratic-model non-additivity; conditional association, not causal synergy"
metric/the_pile_uspto_backgrounds_val_loss,arxiv,freelaw,pubmed_central,0.05,65,-0.02827917631028188,-0.020887770290974217,0.028327404395504262,0.9384615384615385,"quadratic-model non-additivity; conditional association, not causal synergy"
metric/the_pile_uspto_backgrounds_val_loss,arxiv,freelaw,pile_cc,0.05,65,-0.008052654537147756,-0.0026199075228285906,0.00840171457714394,0.8923076923076924,"quadratic-model non-additivity; conditional association, not causal synergy"
metric/the_pile_uspto_backgrounds_val_loss,arxiv,stackexchange,github,0.05,65,-0.012550589309787873,-0.0035277407171800945,0.013033233549883082,0.8615384615384616,"quadratic-model non-additivity; conditional association, not causal synergy"
metric/the_pile_uspto_backgrounds_val_loss,arxiv,stackexchange,pubmed_central,0.05,65,-0.016535402845757077,-0.004790874777162557,0.01669181740848857,0.9538461538461539,"quadratic-model non-additivity; conditional association, not causal synergy"
metric/the_pile_uspto_backgrounds_val_loss,arxiv,stackexchange,pile_cc,0.05,65,-0.01276529753998779,-0.005045331948028142,0.01276529753998779,1.0,"quadratic-model non-additivity; conditional association, not causal synergy"
metric/the_pile_uspto_backgrounds_val_loss,arxiv,github,pubmed_central,0.05,65,-0.02498833567794507,-0.007238897623134122,0.025148311085988327,0.8923076923076924,"quadratic-model non-additivity; conditional association, not causal synergy"
metric/the_pile_uspto_backgrounds_val_loss,arxiv,github,pile_cc,0.05,65,-0.022703151853302773,-0.0056945484374342215,0.022827934355123657,0.9384615384615385,"quadratic-model non-additivity; conditional association, not causal synergy"
metric/the_pile_uspto_backgrounds_val_loss,arxiv,pubmed_central,pile_cc,0.05,65,-0.006668149371824091,-0.0031261199138565843,0.006845266130786215,0.8769230769230769,"quadratic-model non-additivity; conditional association, not causal synergy"
metric/the_pile_uspto_backgrounds_val_loss,pubmed_central,wikipedia_en,uspto_backgrounds,0.05,81,0.028767299070473634,0.011933121434497984,0.0318906859097019,0.8148148148148148,"quadratic-model non-additivity; conditional association, not causal synergy"
metric/the_pile_uspto_backgrounds_val_loss,pubmed_central,wikipedia_en,freelaw,0.05,81,-0.0014940793937208892,-0.0010863833145693391,0.005531174369291107,0.6296296296296297,"quadratic-model non-additivity; conditional association, not causal synergy"
metric/the_pile_uspto_backgrounds_val_loss,pubmed_central,wikipedia_en,stackexchange,0.05,81,-0.011004211530830497,-0.004128987760808833,0.014027530880297978,0.8518518518518519,"quadratic-model non-additivity; conditional association, not causal synergy"
metric/the_pile_uspto_backgrounds_val_loss,pubmed_central,wikipedia_en,github,0.05,81,-0.0264105966629152,-0.005052481836216316,0.028818438743448943,0.8641975308641975,"quadratic-model non-additivity; conditional association, not causal synergy"
metric/the_pile_uspto_backgrounds_val_loss,pubmed_central,wikipedia_en,arxiv,0.05,81,-0.006801408013313132,-0.002524692141631313,0.009940701430909868,0.8148148148148148,"quadratic-model non-additivity; conditional association, not causal synergy"
metric/the_pile_uspto_backgrounds_val_loss,pubmed_central,wikipedia_en,pile_cc,0.05,81,-0.005628575598639196,-0.0031735684520404206,0.008360459418592718,0.8765432098765432,"quadratic-model non-additivity; conditional association, not causal synergy"
metric/the_pile_uspto_backgrounds_val_loss,pubmed_central,uspto_backgrounds,freelaw,0.05,81,0.01046283252584696,0.004712792090871609,0.013007357055492033,0.8024691358024691,"quadratic-model non-additivity; conditional association, not causal synergy"
metric/the_pile_uspto_backgrounds_val_loss,pubmed_central,uspto_backgrounds,stackexchange,0.05,81,-0.005569113040469474,-0.0035627064216363635,0.007153890626482545,0.9382716049382716,"quadratic-model non-additivity; conditional association, not causal synergy"
metric/the_pile_uspto_backgrounds_val_loss,pubmed_central,uspto_backgrounds,github,0.05,81,-0.02178300512100391,-0.009163281246296506,0.023505734560193687,0.9382716049382716,"quadratic-model non-additivity; conditional association, not causal synergy"
metric/the_pile_uspto_backgrounds_val_loss,pubmed_central,uspto_backgrounds,arxiv,0.05,81,0.014170878941008014,0.004667485889083167,0.01859294381844623,0.7283950617283951,"quadratic-model non-additivity; conditional association, not causal synergy"
metric/the_pile_uspto_backgrounds_val_loss,pubmed_central,uspto_backgrounds,pile_cc,0.05,81,0.05293643696076775,0.020458177391788013,0.05638858308890657,0.8271604938271605,"quadratic-model non-additivity; conditional association, not causal synergy"
metric/the_pile_uspto_backgrounds_val_loss,pubmed_central,freelaw,stackexchange,0.05,81,-0.001593440321674685,-0.000347523483148926,0.006023041479883346,0.6049382716049383,"quadratic-model non-additivity; conditional association, not causal synergy"
metric/the_pile_uspto_backgrounds_val_loss,pubmed_central,freelaw,github,0.05,81,-0.017134581964354682,-0.005990480747610327,0.021206451889022794,0.691358024691358,"quadratic-model non-additivity; conditional association, not causal synergy"
metric/the_pile_uspto_backgrounds_val_loss,pubmed_central,freelaw,arxiv,0.05,81,-0.015473214183186751,-0.006663449184229009,0.019176249543765074,0.7901234567901234,"quadratic-model non-additivity; conditional association, not causal synergy"
metric/the_pile_uspto_backgrounds_val_loss,pubmed_central,freelaw,pile_cc,0.05,81,-0.004103447333013346,-0.0020457895243506385,0.008031688840885044,0.7283950617283951,"quadratic-model non-additivity; conditional association, not causal synergy"
metric/the_pile_uspto_backgrounds_val_loss,pubmed_central,stackexchange,github,0.05,81,-0.00841850670022596,-0.0018124328266209133,0.012229945824682653,0.7407407407407407,"quadratic-model non-additivity; conditional association, not causal synergy"
metric/the_pile_uspto_backgrounds_val_loss,pubmed_central,stackexchange,arxiv,0.05,81,-0.008051328885373259,-0.0025555363348157556,0.011087999261778086,0.8148148148148148,"quadratic-model non-additivity; conditional association, not causal synergy"
metric/the_pile_uspto_backgrounds_val_loss,pubmed_central,stackexchange,pile_cc,0.05,81,-0.011295613283104931,-0.004513989445430688,0.01383506018044714,0.8888888888888888,"quadratic-model non-additivity; conditional association, not causal synergy"
metric/the_pile_uspto_backgrounds_val_loss,pubmed_central,github,arxiv,0.05,81,-0.020662676802525308,-0.004829757366576537,0.024155556241731345,0.8024691358024691,"quadratic-model non-additivity; conditional association, not causal synergy"
metric/the_pile_uspto_backgrounds_val_loss,pubmed_central,github,pile_cc,0.05,81,-0.02151875770646779,-0.005333689124600305,0.02468280525531586,0.8518518518518519,"quadratic-model non-additivity; conditional association, not causal synergy"
metric/the_pile_uspto_backgrounds_val_loss,pubmed_central,arxiv,pile_cc,0.05,81,-0.016223234596629655,-0.007571182367316354,0.018772483338314334,0.9135802469135802,"quadratic-model non-additivity; conditional association, not causal synergy"
metric/the_pile_uspto_backgrounds_val_loss,pile_cc,wikipedia_en,uspto_backgrounds,0.05,68,0.023207239211387343,0.005084385400045743,0.02766467661864655,0.6617647058823529,"quadratic-model non-additivity; conditional association, not causal synergy"
metric/the_pile_uspto_backgrounds_val_loss,pile_cc,wikipedia_en,freelaw,0.05,68,-0.0009457231782731998,-0.0016097913168326983,0.007046260394265931,0.7352941176470589,"quadratic-model non-additivity; conditional association, not causal synergy"
metric/the_pile_uspto_backgrounds_val_loss,pile_cc,wikipedia_en,stackexchange,0.05,68,-0.008630886076200812,-0.0028542505535300577,0.013755876957390027,0.7794117647058824,"quadratic-model non-additivity; conditional association, not causal synergy"
metric/the_pile_uspto_backgrounds_val_loss,pile_cc,wikipedia_en,github,0.05,68,-0.023237353462345647,-0.009218117785947832,0.029046093017583933,0.7647058823529411,"quadratic-model non-additivity; conditional association, not causal synergy"
metric/the_pile_uspto_backgrounds_val_loss,pile_cc,wikipedia_en,arxiv,0.05,68,-0.0033965677005549384,-0.001203507820777272,0.010458712179895253,0.6029411764705882,"quadratic-model non-additivity; conditional association, not causal synergy"
metric/the_pile_uspto_backgrounds_val_loss,pile_cc,wikipedia_en,pubmed_central,0.05,68,-0.005246563888292484,-0.0014542823876175781,0.010197878051367352,0.7352941176470589,"quadratic-model non-additivity; conditional association, not causal synergy"
metric/the_pile_uspto_backgrounds_val_loss,pile_cc,uspto_backgrounds,freelaw,0.05,68,0.008228985221027814,0.0035663650470829644,0.012406437870494905,0.6617647058823529,"quadratic-model non-additivity; conditional association, not causal synergy"
metric/the_pile_uspto_backgrounds_val_loss,pile_cc,uspto_backgrounds,stackexchange,0.05,68,-0.006768536492952524,-0.0031208451569848528,0.007203475566524845,0.9411764705882353,"quadratic-model non-additivity; conditional association, not causal synergy"
metric/the_pile_uspto_backgrounds_val_loss,pile_cc,uspto_backgrounds,github,0.05,68,-0.02222065838505792,-0.00929081697979095,0.022660196410988553,0.9411764705882353,"quadratic-model non-additivity; conditional association, not causal synergy"
metric/the_pile_uspto_backgrounds_val_loss,pile_cc,uspto_backgrounds,arxiv,0.05,68,0.009584443941388368,0.0016112046546452596,0.01344539794549621,0.6470588235294118,"quadratic-model non-additivity; conditional association, not causal synergy"
metric/the_pile_uspto_backgrounds_val_loss,pile_cc,uspto_backgrounds,pubmed_central,0.05,68,0.02752495525925145,0.006015876075045945,0.030916272246649494,0.7647058823529411,"quadratic-model non-additivity; conditional association, not causal synergy"
metric/the_pile_uspto_backgrounds_val_loss,pile_cc,freelaw,stackexchange,0.05,68,-0.0022853357425468112,-0.0007037835274803506,0.008348512597027225,0.7205882352941176,"quadratic-model non-additivity; conditional association, not causal synergy"
metric/the_pile_uspto_backgrounds_val_loss,pile_cc,freelaw,github,0.05,68,-0.014445778726671646,-0.008285345256357601,0.020767083219580266,0.7794117647058824,"quadratic-model non-additivity; conditional association, not causal synergy"
metric/the_pile_uspto_backgrounds_val_loss,pile_cc,freelaw,arxiv,0.05,68,-0.016084421416153818,-0.005677402568578849,0.02110387062873511,0.8088235294117647,"quadratic-model non-additivity; conditional association, not causal synergy"
metric/the_pile_uspto_backgrounds_val_loss,pile_cc,freelaw,pubmed_central,0.05,68,-0.021294719762551574,-0.006842822738160503,0.025393126595034742,0.9117647058823529,"quadratic-model non-additivity; conditional association, not causal synergy"
metric/the_pile_uspto_backgrounds_val_loss,pile_cc,stackexchange,github,0.05,68,-0.009431339455003681,-0.0031226800956822842,0.01762409765244471,0.6323529411764706,"quadratic-model non-additivity; conditional association, not causal synergy"
metric/the_pile_uspto_backgrounds_val_loss,pile_cc,stackexchange,arxiv,0.05,68,-0.0051931201992880685,-0.0010828285463198029,0.012924407839885839,0.6470588235294118,"quadratic-model non-additivity; conditional association, not causal synergy"
metric/the_pile_uspto_backgrounds_val_loss,pile_cc,stackexchange,pubmed_central,0.05,68,-0.013593445036197024,-0.002693148254061306,0.018659600682476837,0.7647058823529411,"quadratic-model non-additivity; conditional association, not causal synergy"
metric/the_pile_uspto_backgrounds_val_loss,pile_cc,github,arxiv,0.05,68,-0.024464451966002103,-0.006858755855172927,0.03013858551668013,0.7058823529411765,"quadratic-model non-additivity; conditional association, not causal synergy"
metric/the_pile_uspto_backgrounds_val_loss,pile_cc,github,pubmed_central,0.05,68,-0.023497626563395307,-0.00824760780736078,0.02840839672980706,0.7941176470588235,"quadratic-model non-additivity; conditional association, not causal synergy"
metric/the_pile_uspto_backgrounds_val_loss,pile_cc,arxiv,pubmed_central,0.05,68,-0.009914545831661887,-0.0032777309983216263,0.015259353385800156,0.7647058823529411,"quadratic-model non-additivity; conditional association, not causal synergy"
