dataset,domain,recipe_id,loss_1m,loss_10b,loss_70b,gamma_10b,gamma_70b,gamma_difference,scaling_fit_r2,scaling_log_rmse,n_scales,data_status,loss_60m,gamma_real_60m
estimated,arxiv,1,7.0255866050720215,2.0364,1.5541,0.13445487584334231,0.13523021121222603,0.0007753353688837172,0.9999769847712139,0.003151031338897057,3.0,estimated A12-A15; shared 63 recipes; not independent experiment,,
estimated,arxiv,2,4.738541603088379,1.5864,1.2489,0.11880799919152364,0.11952638059625252,0.0007183814047288795,0.9999747046423594,0.0029195654041174177,3.0,estimated A12-A15; shared 63 recipes; not independent experiment,,
estimated,arxiv,3,3.730258703231812,1.213,0.9504,0.12196953786219991,0.12256357245487381,0.0005940345926739032,0.9999835621572559,0.002414208990103658,3.0,estimated A12-A15; shared 63 recipes; not independent experiment,,
estimated,arxiv,4,4.887355327606201,1.6841,1.3325,0.1156765097569496,0.11649025314336339,0.0008137433864137955,0.9999658086191275,0.003307124910478167,3.0,estimated A12-A15; shared 63 recipes; not independent experiment,,
estimated,arxiv,5,4.034541130065918,1.5624,1.2608,0.103000479238395,0.10425959246149982,0.0012591132231048185,0.9998974864019644,0.0051171472171264104,3.0,estimated A12-A15; shared 63 recipes; not independent experiment,,
estimated,arxiv,6,3.848159790039064,1.1882,0.9208,0.12759088730914964,0.1281888996932875,0.0005980123841378693,0.9999847729913978,0.00243037508553241,3.0,estimated A12-A15; shared 63 recipes; not independent experiment,,
estimated,arxiv,7,5.365633010864258,2.1039,1.69,0.10164896790565515,0.1035550274697673,0.0019060595641121475,0.9997609494019962,0.007746394220308857,3.0,estimated A12-A15; shared 63 recipes; not independent experiment,,
estimated,arxiv,8,7.175310134887695,2.1141,1.6147,0.13267878772269334,0.1336915840468944,0.0010127963242010651,0.9999597731834242,0.00411609361001038,3.0,estimated A12-A15; shared 63 recipes; not independent experiment,,
estimated,arxiv,9,5.732336521148682,1.5099,1.1299,0.14484587323568915,0.14556809038579055,0.0007222171501014008,0.9999827742410876,0.0029351542116993956,3.0,estimated A12-A15; shared 63 recipes; not independent experiment,,
estimated,arxiv,10,4.920166969299316,1.6872,1.3279,0.11620331859307416,0.1173999918067981,0.0011966732137239366,0.9999270548758376,0.00486338551057161,3.0,estimated A12-A15; shared 63 recipes; not independent experiment,,
estimated,arxiv,11,7.649549961090088,2.1503,1.6332,0.1377842076351849,0.13840721254135557,0.0006230049061706766,0.9999858252217877,0.0025319468999030373,3.0,estimated A12-A15; shared 63 recipes; not independent experiment,,
estimated,arxiv,12,6.068508148193359,1.7387,1.3209,0.13571432132063627,0.13667669751088998,0.0009623761902537165,0.9999652594521365,0.003911181737605817,3.0,estimated A12-A15; shared 63 recipes; not independent experiment,,
estimated,arxiv,13,5.616719722747803,1.811,1.4144,0.12289107564523881,0.12361163804731874,0.0007205624020799328,0.9999762078402623,0.002928429169758926,3.0,estimated A12-A15; shared 63 recipes; not independent experiment,,
estimated,arxiv,14,5.436479568481445,2.1978,1.7874,0.09833239778648663,0.09970820045450027,0.0013758026680136398,0.9998660347092443,0.0055913834155286845,3.0,estimated A12-A15; shared 63 recipes; not independent experiment,,
estimated,arxiv,15,4.835928916931152,1.7649,1.4122,0.10943995136410767,0.1103349606116961,0.000895009247588438,0.9999538626819258,0.003637396539531375,3.0,estimated A12-A15; shared 63 recipes; not independent experiment,,
estimated,arxiv,16,4.263101577758789,1.7386,1.4194,0.09738150137529902,0.09857816621107655,0.0011966648357775306,0.9998964180223335,0.004863351461858407,3.0,estimated A12-A15; shared 63 recipes; not independent experiment,,
estimated,arxiv,17,3.779206991195679,1.384,1.1074,0.10906614730486504,0.11002794076850424,0.0009617934636391989,0.9999464018009078,0.003908813485236543,3.0,estimated A12-A15; shared 63 recipes; not independent experiment,,
estimated,arxiv,18,5.161006927490234,2.0365,1.6573,0.10096250689773091,0.10182112055960141,0.000858613661870497,0.9999501311282759,0.003489481668370649,3.0,estimated A12-A15; shared 63 recipes; not independent experiment,,
estimated,arxiv,19,4.140886306762695,1.6176,1.306,0.10205554207959416,0.10343446623523285,0.001378924155638686,0.9998749833225054,0.005604069416613175,3.0,estimated A12-A15; shared 63 recipes; not independent experiment,,
estimated,arxiv,20,5.3710455894470215,1.8685,1.4751,0.11464143412450638,0.11583612365297079,0.00119468952846441,0.9999253146266268,0.004855323638677278,3.0,estimated A12-A15; shared 63 recipes; not independent experiment,,
estimated,arxiv,21,3.7148549556732178,1.2036,0.9388,0.12236492064674215,0.12329343509562893,0.0009285144488867803,0.9999602474505049,0.0037735646334222106,3.0,estimated A12-A15; shared 63 recipes; not independent experiment,,
estimated,arxiv,22,5.313518524169922,1.8974,1.5089,0.11180582568125944,0.11284018113076688,0.0010343554495074458,0.9999410452830464,0.004203711797192198,3.0,estimated A12-A15; shared 63 recipes; not independent experiment,,
estimated,arxiv,23,5.221972465515137,1.826,1.4494,0.1140834510852615,0.11488855663185482,0.0008051055465933266,0.9999655904542251,0.0032720199674211273,3.0,estimated A12-A15; shared 63 recipes; not independent experiment,,
estimated,arxiv,24,7.729341983795166,2.1918,1.6665,0.1368354001084836,0.13752811594932868,0.0006927158408450707,0.9999822449134051,0.002815258288288844,3.0,estimated A12-A15; shared 63 recipes; not independent experiment,,
estimated,arxiv,25,5.003495216369629,1.7058,1.3485,0.11683634470908486,0.11752549348203484,0.0006891487729499823,0.999975924211024,0.0028007614096777806,3.0,estimated A12-A15; shared 63 recipes; not independent experiment,,
estimated,arxiv,26,3.882284879684448,1.3732,1.0807,0.11283840143269114,0.11462765963245414,0.0017892581997629997,0.9998283717378474,0.007271703171427714,3.0,estimated A12-A15; shared 63 recipes; not independent experiment,,
estimated,arxiv,27,5.64911413192749,2.1256,1.7073,0.10612470192379041,0.10725696456038403,0.00113226263659362,0.9999217432613482,0.004601615242840688,3.0,estimated A12-A15; shared 63 recipes; not independent experiment,,
estimated,arxiv,28,4.687304496765137,1.6015,1.2684,0.11659905602082385,0.11716314696625098,0.0005640909454271287,0.9999837799690164,0.0022925153660770313,3.0,estimated A12-A15; shared 63 recipes; not independent experiment,,
estimated,arxiv,29,5.658636569976807,1.5444,1.1615,0.14098800225050853,0.14193574250476218,0.0009477402542536484,0.9999687656113223,0.0038517000025254555,3.0,estimated A12-A15; shared 63 recipes; not independent experiment,,
estimated,arxiv,30,6.861634254455566,2.1942,1.7088,0.1237878386064729,0.12460766011606665,0.0008198215095937544,0.9999696778044617,0.0033318269392910286,3.0,estimated A12-A15; shared 63 recipes; not independent experiment,,
estimated,arxiv,31,4.4081878662109375,1.523,1.201,0.11539004786830954,0.11655431587607526,0.0011642680077657147,0.9999299552008131,0.004731687894784111,3.0,estimated A12-A15; shared 63 recipes; not independent experiment,,
estimated,arxiv,32,8.051161766052246,2.0256,1.5088,0.14982621608781774,0.15009538946153897,0.00026917337372123207,0.9999977538116577,0.0010939443371625309,3.0,estimated A12-A15; shared 63 recipes; not independent experiment,,
estimated,arxiv,33,6.746493816375732,2.0081,1.5494,0.1315731976226904,0.13186824492077262,0.0002950472980822183,0.9999965026414017,0.0011990982483521594,3.0,estimated A12-A15; shared 63 recipes; not independent experiment,,
estimated,arxiv,34,5.771609783172607,1.891,1.4776,0.12115135801193042,0.12213170374955618,0.0009803457376257596,0.9999548245465327,0.003984211563391561,3.0,estimated A12-A15; shared 63 recipes; not independent experiment,,
estimated,arxiv,35,5.152310848236084,1.7655,1.4004,0.11628358375374472,0.11676749369130107,0.0004839099375563566,0.9999879873346612,0.0019666526765559876,3.0,estimated A12-A15; shared 63 recipes; not independent experiment,,
estimated,arxiv,36,3.753798723220825,1.4513,1.181,0.10317844674963876,0.1036555051103341,0.00047705836069533714,0.9999851804029565,0.0019388072637499447,3.0,estimated A12-A15; shared 63 recipes; not independent experiment,,
estimated,arxiv,37,5.026422023773193,1.9338,1.5608,0.10371184843024689,0.10483001355923223,0.0011181651289853406,0.9999200997080442,0.004544321728244501,3.0,estimated A12-A15; shared 63 recipes; not independent experiment,,
estimated,arxiv,38,5.007805824279785,1.676,1.3154,0.11884336665880263,0.11983031893499568,0.0009869522761930538,0.9999524318909634,0.004011061118955093,3.0,estimated A12-A15; shared 63 recipes; not independent experiment,,
estimated,arxiv,39,5.11309814453125,1.844,1.4703,0.1107308030634126,0.11171666027574877,0.0009858572123361692,0.9999453730443075,0.0040066106828344685,3.0,estimated A12-A15; shared 63 recipes; not independent experiment,,
estimated,arxiv,40,4.483772277832031,1.4871,1.173,0.11982584346924813,0.12019272480698104,0.00036688133773291054,0.9999934874154731,0.0014910381226607662,3.0,estimated A12-A15; shared 63 recipes; not independent experiment,,
estimated,arxiv,41,4.69763708114624,1.6296,1.2966,0.11494961151425999,0.11538950092754319,0.0004398894132831982,0.9999898370735522,0.0017877493824382173,3.0,estimated A12-A15; shared 63 recipes; not independent experiment,,
estimated,arxiv,42,5.103385925292969,1.8592,1.4799,0.10963307520736672,0.110962881848376,0.0013298066410092763,0.9998990559186973,0.005404451504032994,3.0,estimated A12-A15; shared 63 recipes; not independent experiment,,
estimated,arxiv,43,3.9178929328918457,1.4773,1.1858,0.1058959664282346,0.10712706187662749,0.0012310954483928938,0.9999072074417118,0.005003280508981112,3.0,estimated A12-A15; shared 63 recipes; not independent experiment,,
estimated,arxiv,44,4.936156749725342,1.7381,1.3804,0.11332854571963502,0.11421523099381571,0.0008866852741806902,0.9999577505609818,0.003603567177264898,3.0,estimated A12-A15; shared 63 recipes; not independent experiment,,
estimated,arxiv,45,3.638108968734741,1.0486,0.8006,0.13506646238605594,0.135695936743296,0.0006294743572400618,0.9999849439729381,0.002558239319781363,3.0,estimated A12-A15; shared 63 recipes; not independent experiment,,
estimated,arxiv,46,4.831500053405762,1.8378,1.4814,0.104945935371425,0.10596475945795926,0.0010188240865342535,0.9999351213181596,0.0041405909678990495,3.0,estimated A12-A15; shared 63 recipes; not independent experiment,,
estimated,arxiv,47,8.440932273864746,2.3615,1.7909,0.13830061644823802,0.13896913409959283,0.0006685176513548108,0.9999838071443526,0.002716914711446275,3.0,estimated A12-A15; shared 63 recipes; not independent experiment,,
estimated,arxiv,48,4.1681437492370605,1.38,1.0821,0.12001590047974955,0.1208799670193022,0.0008640665395526492,0.9999641944508912,0.0035116426443214514,3.0,estimated A12-A15; shared 63 recipes; not independent experiment,,
estimated,arxiv,49,3.730212926864624,1.1251,0.8635,0.1301356245235789,0.13115756907876044,0.0010219445551815365,0.9999574396105319,0.00415327282776797,3.0,estimated A12-A15; shared 63 recipes; not independent experiment,,
estimated,arxiv,50,3.7966833114624015,1.2817,1.0117,0.11790449725255868,0.11854303433878545,0.0006385370862267703,0.9999796899906055,0.002595071049893598,3.0,estimated A12-A15; shared 63 recipes; not independent experiment,,
estimated,arxiv,51,5.532787799835205,1.6246,1.2417,0.13304939126209092,0.13393481978423655,0.000885428522145626,0.9999693845916399,0.00359845962612427,3.0,estimated A12-A15; shared 63 recipes; not independent experiment,,
estimated,arxiv,52,4.392882823944092,1.6363,1.31,0.10722167215809601,0.1084556636467758,0.001233991488679781,0.9999090468981777,0.005015050272194387,3.0,estimated A12-A15; shared 63 recipes; not independent experiment,,
estimated,arxiv,53,7.007149696350098,2.1233,1.6391,0.12963250895878095,0.13022150224551746,0.0005889932867365055,0.9999856876167966,0.002393720678032105,3.0,estimated A12-A15; shared 63 recipes; not independent experiment,,
estimated,arxiv,54,4.346701622009277,1.5015,1.185,0.11540862316709855,0.11649743187768612,0.0010888087105875716,0.9999387049944601,0.004425014654065388,3.0,estimated A12-A15; shared 63 recipes; not independent experiment,,
estimated,arxiv,55,4.241799354553223,1.4609,1.1548,0.11573240815101839,0.11662165384654198,0.0008892456955235939,0.9999592452713091,0.0036139729554817038,3.0,estimated A12-A15; shared 63 recipes; not independent experiment,,
estimated,arxiv,56,4.411746025085449,1.7269,1.4029,0.10183582839158757,0.10269839407556099,0.0008625656839734153,0.999950528196481,0.003505543034842608,3.0,estimated A12-A15; shared 63 recipes; not independent experiment,,
estimated,arxiv,57,6.986747741699219,2.1192,1.6211,0.1295257794839297,0.13094993170409558,0.0014241522201658696,0.999916925856271,0.005787880260851921,3.0,estimated A12-A15; shared 63 recipes; not independent experiment,,
estimated,arxiv,58,4.8471198081970215,1.5226,1.1862,0.1257244822570928,0.12617408971698524,0.0004496074598924482,0.999991121826588,0.0018272443811801382,3.0,estimated A12-A15; shared 63 recipes; not independent experiment,,
estimated,arxiv,59,3.965298414230346,1.1181,0.8512,0.13744880721633113,0.13792172126735489,0.0004729140510237595,0.9999917802308824,0.0019219644236352972,3.0,estimated A12-A15; shared 63 recipes; not independent experiment,,
estimated,arxiv,60,3.908792018890381,1.3011,1.0194,0.11943297150100704,0.1204718519210905,0.00103888042008346,0.9999478420098397,0.0042221016768041976,3.0,estimated A12-A15; shared 63 recipes; not independent experiment,,
estimated,arxiv,61,4.552950382232666,1.7121,1.3723,0.10619094753784225,0.10749913619459427,0.0013081886567520157,0.9998959027105133,0.00531659410888236,3.0,estimated A12-A15; shared 63 recipes; not independent experiment,,
estimated,arxiv,62,4.182930946350098,1.537,1.2304,0.10870170690429685,0.10968495751182222,0.0009832506075253683,0.999943624993771,0.003996017210929867,3.0,estimated A12-A15; shared 63 recipes; not independent experiment,,
estimated,arxiv,63,4.488585948944092,1.6455,1.308,0.1089529147461492,0.11052445114715677,0.0015715364010075727,0.999857706351058,0.006386862573962005,3.0,estimated A12-A15; shared 63 recipes; not independent experiment,,
real_1m_to_60m,arxiv,1,4.409877777099609,,,,,,,,,observed test experiment; 256 recipes,2.9710326194763184,0.09645924821843044
real_1m_to_60m,arxiv,2,4.512282848358154,,,,,,,,,observed test experiment; 256 recipes,3.040354013442993,0.09643283163513179
real_1m_to_60m,arxiv,3,4.88704776763916,,,,,,,,,observed test experiment; 256 recipes,3.236415386199951,0.1006564130979715
real_1m_to_60m,arxiv,4,4.036879062652588,,,,,,,,,observed test experiment; 256 recipes,2.649466753005981,0.10285247939470676
real_1m_to_60m,arxiv,5,3.706779718399048,,,,,,,,,observed test experiment; 256 recipes,2.46390962600708,0.09975079669257131
real_1m_to_60m,arxiv,6,4.644917011260986,,,,,,,,,observed test experiment; 256 recipes,3.074078321456909,0.10081427591439437
real_1m_to_60m,arxiv,7,5.291057109832764,,,,,,,,,observed test experiment; 256 recipes,3.510760307312012,0.10018341778730867
real_1m_to_60m,arxiv,8,5.031049728393555,,,,,,,,,observed test experiment; 256 recipes,3.394014835357666,0.09613629532575765
real_1m_to_60m,arxiv,9,6.489097595214844,,,,,,,,,observed test experiment; 256 recipes,4.430359840393066,0.09321215178377609
real_1m_to_60m,arxiv,10,4.128886699676514,,,,,,,,,observed test experiment; 256 recipes,2.763200283050537,0.09809098121604577
real_1m_to_60m,arxiv,11,5.405319690704346,,,,,,,,,observed test experiment; 256 recipes,3.5965447425842285,0.09950554955217294
real_1m_to_60m,arxiv,12,5.896109104156494,,,,,,,,,observed test experiment; 256 recipes,4.176828384399414,0.08419918143979752
real_1m_to_60m,arxiv,13,5.580986022949219,,,,,,,,,observed test experiment; 256 recipes,3.637798309326172,0.1045312191800778
real_1m_to_60m,arxiv,14,5.893779277801514,,,,,,,,,observed test experiment; 256 recipes,4.078579902648926,0.0899163625928941
real_1m_to_60m,arxiv,15,4.6905388832092285,,,,,,,,,observed test experiment; 256 recipes,3.109182357788086,0.10042820918429121
real_1m_to_60m,arxiv,16,4.075926303863525,,,,,,,,,observed test experiment; 256 recipes,2.6841561794281006,0.10202649578485674
real_1m_to_60m,arxiv,17,4.057654857635498,,,,,,,,,observed test experiment; 256 recipes,2.7653253078460693,0.09365281781959231
real_1m_to_60m,arxiv,18,4.286649703979492,,,,,,,,,observed test experiment; 256 recipes,2.869727373123169,0.09801042233690106
real_1m_to_60m,arxiv,19,5.132803440093994,,,,,,,,,observed test experiment; 256 recipes,3.378903388977051,0.10211665564346453
real_1m_to_60m,arxiv,20,3.825753688812256,,,,,,,,,observed test experiment; 256 recipes,2.5210065841674805,0.10187155097118418
real_1m_to_60m,arxiv,21,5.27518892288208,,,,,,,,,observed test experiment; 256 recipes,3.496263265609741,0.10046045892523425
real_1m_to_60m,arxiv,22,4.998721122741699,,,,,,,,,observed test experiment; 256 recipes,3.3669116497039795,0.09652001644955367
real_1m_to_60m,arxiv,23,5.974077224731445,,,,,,,,,observed test experiment; 256 recipes,4.178257942199707,0.08732417158666714
real_1m_to_60m,arxiv,24,6.354084491729736,,,,,,,,,observed test experiment; 256 recipes,4.133551597595215,0.10501335151796416
real_1m_to_60m,arxiv,25,4.673755168914795,,,,,,,,,observed test experiment; 256 recipes,3.1661179065704346,0.09512063410306362
real_1m_to_60m,arxiv,26,3.63838243484497,,,,,,,,,observed test experiment; 256 recipes,2.428633213043213,0.09872411941968831
real_1m_to_60m,arxiv,27,5.653238296508789,,,,,,,,,observed test experiment; 256 recipes,3.873882293701172,0.09231547178993108
real_1m_to_60m,arxiv,28,5.023565769195557,,,,,,,,,observed test experiment; 256 recipes,3.34967303276062,0.09898464798655973
real_1m_to_60m,arxiv,29,6.494710922241211,,,,,,,,,observed test experiment; 256 recipes,4.267311096191406,0.10258155511558537
real_1m_to_60m,arxiv,30,4.947505950927734,,,,,,,,,observed test experiment; 256 recipes,3.2954025268554688,0.09924794352551998
real_1m_to_60m,arxiv,31,5.902873992919922,,,,,,,,,observed test experiment; 256 recipes,3.879416942596436,0.10252055574636017
real_1m_to_60m,arxiv,32,4.309329032897949,,,,,,,,,observed test experiment; 256 recipes,2.829645872116089,0.1027345496904747
real_1m_to_60m,arxiv,33,4.192681312561035,,,,,,,,,observed test experiment; 256 recipes,2.828237771987915,0.09615376341487109
real_1m_to_60m,arxiv,34,4.803925037384033,,,,,,,,,observed test experiment; 256 recipes,3.296025037765503,0.09200888829336216
real_1m_to_60m,arxiv,35,4.398528575897217,,,,,,,,,observed test experiment; 256 recipes,2.9266068935394287,0.09950954764166067
real_1m_to_60m,arxiv,36,4.210174083709717,,,,,,,,,observed test experiment; 256 recipes,2.803683042526245,0.09930040462957755
real_1m_to_60m,arxiv,37,6.385950565338135,,,,,,,,,observed test experiment; 256 recipes,4.165543556213379,0.10435213106099892
real_1m_to_60m,arxiv,38,4.1789164543151855,,,,,,,,,observed test experiment; 256 recipes,2.757852077484131,0.10150583108193854
real_1m_to_60m,arxiv,39,3.964540958404541,,,,,,,,,observed test experiment; 256 recipes,2.587684869766236,0.10419896645065184
real_1m_to_60m,arxiv,40,4.543789863586426,,,,,,,,,observed test experiment; 256 recipes,3.021392345428467,0.09966031501910402
real_1m_to_60m,arxiv,41,4.560307502746582,,,,,,,,,observed test experiment; 256 recipes,3.0318315029144287,0.09970415448510166
real_1m_to_60m,arxiv,42,6.970853805541992,,,,,,,,,observed test experiment; 256 recipes,4.932186603546143,0.0844958916783439
real_1m_to_60m,arxiv,43,5.450417995452881,,,,,,,,,observed test experiment; 256 recipes,3.776211977005005,0.08962873346026953
real_1m_to_60m,arxiv,44,4.087366580963135,,,,,,,,,observed test experiment; 256 recipes,2.7347447872161865,0.09815069810385892
real_1m_to_60m,arxiv,45,4.037374973297119,,,,,,,,,observed test experiment; 256 recipes,2.706050395965576,0.09772127437283938
real_1m_to_60m,arxiv,46,5.1423020362854,,,,,,,,,observed test experiment; 256 recipes,3.491421699523926,0.09456747552076232
real_1m_to_60m,arxiv,47,5.554457187652588,,,,,,,,,observed test experiment; 256 recipes,3.746927976608277,0.09614833298191246
real_1m_to_60m,arxiv,48,5.422877788543701,,,,,,,,,observed test experiment; 256 recipes,3.534072160720825,0.1045773829365238
real_1m_to_60m,arxiv,49,4.530938625335693,,,,,,,,,observed test experiment; 256 recipes,3.0372984409332275,0.09768612886474105
real_1m_to_60m,arxiv,50,4.864192485809326,,,,,,,,,observed test experiment; 256 recipes,3.2290585041046143,0.1000673248843484
real_1m_to_60m,arxiv,51,5.585969924926758,,,,,,,,,observed test experiment; 256 recipes,3.854114532470703,0.09064132011635552
real_1m_to_60m,arxiv,52,5.456663131713867,,,,,,,,,observed test experiment; 256 recipes,3.621949434280396,0.10009539989069932
real_1m_to_60m,arxiv,53,4.981100559234619,,,,,,,,,observed test experiment; 256 recipes,3.395655393600464,0.09358129672101728
real_1m_to_60m,arxiv,54,3.750789165496826,,,,,,,,,observed test experiment; 256 recipes,2.5206494331359863,0.09707284671603934
real_1m_to_60m,arxiv,55,4.95686149597168,,,,,,,,,observed test experiment; 256 recipes,3.240694284439087,0.10379809977428643
real_1m_to_60m,arxiv,56,4.054827690124512,,,,,,,,,observed test experiment; 256 recipes,2.696045398712158,0.099679485954711
real_1m_to_60m,arxiv,57,5.508439064025879,,,,,,,,,observed test experiment; 256 recipes,3.732012033462525,0.09509062519476769
real_1m_to_60m,arxiv,58,5.074713230133057,,,,,,,,,observed test experiment; 256 recipes,3.4013748168945312,0.09771779171775426
real_1m_to_60m,arxiv,59,4.529590129852295,,,,,,,,,observed test experiment; 256 recipes,3.0959813594818115,0.09293954519145152
real_1m_to_60m,arxiv,60,3.856484651565552,,,,,,,,,observed test experiment; 256 recipes,2.5329997539520264,0.10266644055629981
real_1m_to_60m,arxiv,61,4.997866153717041,,,,,,,,,observed test experiment; 256 recipes,3.485160112380981,0.08804756418409874
real_1m_to_60m,arxiv,62,4.143444538116455,,,,,,,,,observed test experiment; 256 recipes,2.75655484199524,0.09953871624189203
real_1m_to_60m,arxiv,63,6.095755577087402,,,,,,,,,observed test experiment; 256 recipes,4.437568187713623,0.07754261914323186
real_1m_to_60m,arxiv,64,4.6055192947387695,,,,,,,,,observed test experiment; 256 recipes,3.083942174911499,0.0979513861975411
real_1m_to_60m,arxiv,65,4.369573593139648,,,,,,,,,observed test experiment; 256 recipes,2.995187997817993,0.09223904400629122
real_1m_to_60m,arxiv,66,6.692475318908691,,,,,,,,,observed test experiment; 256 recipes,5.0644941329956055,0.06807672061040507
real_1m_to_60m,arxiv,67,3.717879056930542,,,,,,,,,observed test experiment; 256 recipes,2.484935760498047,0.09840562885521137
real_1m_to_60m,arxiv,68,4.1717634201049805,,,,,,,,,observed test experiment; 256 recipes,2.757106304168701,0.10115346508679116
real_1m_to_60m,arxiv,69,5.494462966918945,,,,,,,,,observed test experiment; 256 recipes,3.728623628616333,0.09469200277976655
real_1m_to_60m,arxiv,70,5.211884498596191,,,,,,,,,observed test experiment; 256 recipes,3.5428576469421387,0.09427830171221901
real_1m_to_60m,arxiv,71,5.623097896575928,,,,,,,,,observed test experiment; 256 recipes,3.780826330184937,0.09694839834371163
real_1m_to_60m,arxiv,72,4.010794639587402,,,,,,,,,observed test experiment; 256 recipes,2.727010726928711,0.09422346919099625
real_1m_to_60m,arxiv,73,5.263875484466553,,,,,,,,,observed test experiment; 256 recipes,3.548140525817871,0.0963387088868345
real_1m_to_60m,arxiv,74,7.122435092926025,,,,,,,,,observed test experiment; 256 recipes,5.212856292724609,0.07623240578156784
real_1m_to_60m,arxiv,75,4.508308410644531,,,,,,,,,observed test experiment; 256 recipes,3.036027193069458,0.09656544180280506
real_1m_to_60m,arxiv,76,4.3404459953308105,,,,,,,,,observed test experiment; 256 recipes,2.846831560134888,0.10301293839909788
real_1m_to_60m,arxiv,77,6.08729887008667,,,,,,,,,observed test experiment; 256 recipes,4.323828220367432,0.08354530764930994
real_1m_to_60m,arxiv,78,4.679737567901611,,,,,,,,,observed test experiment; 256 recipes,3.124234914779663,0.09868554075979495
real_1m_to_60m,arxiv,79,5.487216472625732,,,,,,,,,observed test experiment; 256 recipes,3.6169066429138175,0.1017994359969339
real_1m_to_60m,arxiv,80,4.4173455238342285,,,,,,,,,observed test experiment; 256 recipes,2.965315103530884,0.09734296863019086
real_1m_to_60m,arxiv,81,5.590142250061035,,,,,,,,,observed test experiment; 256 recipes,3.822430849075317,0.09283980870300071
real_1m_to_60m,arxiv,82,4.863969802856445,,,,,,,,,observed test experiment; 256 recipes,3.1605000495910645,0.10529760531321475
real_1m_to_60m,arxiv,83,5.140109062194824,,,,,,,,,observed test experiment; 256 recipes,3.3929264545440674,0.10145249900950522
real_1m_to_60m,arxiv,84,4.907864093780518,,,,,,,,,observed test experiment; 256 recipes,3.235382080078125,0.10177253042203976
real_1m_to_60m,arxiv,85,5.817679405212402,,,,,,,,,observed test experiment; 256 recipes,3.808349847793579,0.10348554296318507
real_1m_to_60m,arxiv,86,3.661675930023194,,,,,,,,,observed test experiment; 256 recipes,2.443638324737549,0.09877842361544213
real_1m_to_60m,arxiv,87,6.781906127929688,,,,,,,,,observed test experiment; 256 recipes,5.253716468811035,0.06235979248690416
real_1m_to_60m,arxiv,88,5.061173915863037,,,,,,,,,observed test experiment; 256 recipes,3.48767638206482,0.09094562720461657
real_1m_to_60m,arxiv,89,5.495697021484375,,,,,,,,,observed test experiment; 256 recipes,3.790414094924927,0.09073250862478534
real_1m_to_60m,arxiv,90,4.004513740539551,,,,,,,,,observed test experiment; 256 recipes,2.659501314163208,0.09996313805327939
real_1m_to_60m,arxiv,91,3.8545081615448,,,,,,,,,observed test experiment; 256 recipes,2.583040952682495,0.09776315587359817
real_1m_to_60m,arxiv,92,4.220845699310303,,,,,,,,,observed test experiment; 256 recipes,2.77229905128479,0.10266809397556488
real_1m_to_60m,arxiv,93,4.4913177490234375,,,,,,,,,observed test experiment; 256 recipes,3.017505407333374,0.09713781338586049
real_1m_to_60m,arxiv,94,3.8842382431030273,,,,,,,,,observed test experiment; 256 recipes,2.5863115787506104,0.09933070413215869
real_1m_to_60m,arxiv,95,5.445598125457764,,,,,,,,,observed test experiment; 256 recipes,3.6856517791748047,0.09534132005715729
real_1m_to_60m,arxiv,96,4.910197734832764,,,,,,,,,observed test experiment; 256 recipes,3.229876518249512,0.10230460568969849
real_1m_to_60m,arxiv,97,7.142473220825195,,,,,,,,,observed test experiment; 256 recipes,5.074363708496094,0.08349516295402143
real_1m_to_60m,arxiv,98,5.818167686462402,,,,,,,,,observed test experiment; 256 recipes,3.967296600341797,0.09351935827587105
real_1m_to_60m,arxiv,99,5.159572601318359,,,,,,,,,observed test experiment; 256 recipes,3.5057573318481445,0.09438560238100341
real_1m_to_60m,arxiv,100,4.074522495269775,,,,,,,,,observed test experiment; 256 recipes,2.696629285812378,0.10081002564570894
real_1m_to_60m,arxiv,101,4.226479530334473,,,,,,,,,observed test experiment; 256 recipes,2.845696449279785,0.09661169032889823
real_1m_to_60m,arxiv,102,4.457885265350342,,,,,,,,,observed test experiment; 256 recipes,2.991284132003784,0.09744458996536183
real_1m_to_60m,arxiv,103,4.160738468170166,,,,,,,,,observed test experiment; 256 recipes,2.7878527641296387,0.09779853353510243
real_1m_to_60m,arxiv,104,3.7973055839538574,,,,,,,,,observed test experiment; 256 recipes,2.54643177986145,0.09759771682323266
real_1m_to_60m,arxiv,105,4.683950424194336,,,,,,,,,observed test experiment; 256 recipes,3.1442675590515137,0.09734424719813421
real_1m_to_60m,arxiv,106,5.081550598144531,,,,,,,,,observed test experiment; 256 recipes,3.429748058319092,0.09601772366766327
real_1m_to_60m,arxiv,107,4.54608154296875,,,,,,,,,observed test experiment; 256 recipes,3.0955724716186523,0.09385942025648998
real_1m_to_60m,arxiv,108,5.408057689666748,,,,,,,,,observed test experiment; 256 recipes,3.6522891521453857,0.09587270055227418
real_1m_to_60m,arxiv,109,5.58039665222168,,,,,,,,,observed test experiment; 256 recipes,3.982944011688232,0.08236693470420967
real_1m_to_60m,arxiv,110,5.03787899017334,,,,,,,,,observed test experiment; 256 recipes,3.3275842666625977,0.10129547150674939
real_1m_to_60m,arxiv,111,3.7741682529449454,,,,,,,,,observed test experiment; 256 recipes,2.489187240600586,0.10165822000505206
real_1m_to_60m,arxiv,112,4.932381629943848,,,,,,,,,observed test experiment; 256 recipes,3.3413939476013184,0.0951150752509158
real_1m_to_60m,arxiv,113,4.496362686157227,,,,,,,,,observed test experiment; 256 recipes,3.0084211826324463,0.09814839829735332
real_1m_to_60m,arxiv,114,5.034984111785889,,,,,,,,,observed test experiment; 256 recipes,3.286540985107422,0.10418632939630858
real_1m_to_60m,arxiv,115,4.861550331115723,,,,,,,,,observed test experiment; 256 recipes,3.223031520843506,0.10039091635136982
real_1m_to_60m,arxiv,116,3.981693983078003,,,,,,,,,observed test experiment; 256 recipes,2.682600736618042,0.09645514649648963
real_1m_to_60m,arxiv,117,4.932566642761231,,,,,,,,,observed test experiment; 256 recipes,3.2907419204711914,0.09885499779665166
real_1m_to_60m,arxiv,118,5.825222015380859,,,,,,,,,observed test experiment; 256 recipes,4.038217544555664,0.08948775917941491
real_1m_to_60m,arxiv,119,4.533124923706055,,,,,,,,,observed test experiment; 256 recipes,3.055326461791992,0.09635854431031293
real_1m_to_60m,arxiv,120,4.925303936004639,,,,,,,,,observed test experiment; 256 recipes,3.4319751262664795,0.08823147297844268
real_1m_to_60m,arxiv,121,4.21726655960083,,,,,,,,,observed test experiment; 256 recipes,2.7787468433380127,0.10189350868020258
real_1m_to_60m,arxiv,122,4.886195182800293,,,,,,,,,observed test experiment; 256 recipes,3.2768962383270264,0.097577819288945
real_1m_to_60m,arxiv,123,3.863117218017578,,,,,,,,,observed test experiment; 256 recipes,2.549311399459839,0.1015183596324895
real_1m_to_60m,arxiv,124,5.786683082580566,,,,,,,,,observed test experiment; 256 recipes,3.9826176166534415,0.09125269160809243
real_1m_to_60m,arxiv,125,5.027461528778076,,,,,,,,,observed test experiment; 256 recipes,3.324939727783203,0.10098408603218545
real_1m_to_60m,arxiv,126,4.849912166595459,,,,,,,,,observed test experiment; 256 recipes,3.303395986557007,0.09379024232285109
real_1m_to_60m,arxiv,127,5.552592754364014,,,,,,,,,observed test experiment; 256 recipes,3.832296133041382,0.09056415254870251
real_1m_to_60m,arxiv,128,3.9447197914123535,,,,,,,,,observed test experiment; 256 recipes,2.645131826400757,0.0976119652343331
real_1m_to_60m,arxiv,129,6.677750587463379,,,,,,,,,observed test experiment; 256 recipes,4.504121780395508,0.09617858431389356
real_1m_to_60m,arxiv,130,5.722676753997803,,,,,,,,,observed test experiment; 256 recipes,3.754565954208374,0.10293808115046421
real_1m_to_60m,arxiv,131,4.629683017730713,,,,,,,,,observed test experiment; 256 recipes,3.142808198928833,0.0946114002035619
real_1m_to_60m,arxiv,132,3.8699581623077393,,,,,,,,,observed test experiment; 256 recipes,2.5517897605896,0.10171315823727518
real_1m_to_60m,arxiv,133,5.159289360046387,,,,,,,,,observed test experiment; 256 recipes,3.4361910820007324,0.09926747213806689
real_1m_to_60m,arxiv,134,6.531673431396484,,,,,,,,,observed test experiment; 256 recipes,4.5933837890625,0.08598353458078849
real_1m_to_60m,arxiv,135,6.660762310028076,,,,,,,,,observed test experiment; 256 recipes,4.386571407318115,0.10201535588502622
real_1m_to_60m,arxiv,136,5.418982028961182,,,,,,,,,observed test experiment; 256 recipes,3.659090518951416,0.09591116474560911
real_1m_to_60m,arxiv,137,5.357742786407471,,,,,,,,,observed test experiment; 256 recipes,3.55594539642334,0.10011902907051386
real_1m_to_60m,arxiv,138,6.295181751251221,,,,,,,,,observed test experiment; 256 recipes,4.108218193054199,0.10424016056208535
real_1m_to_60m,arxiv,139,3.671714782714844,,,,,,,,,observed test experiment; 256 recipes,2.435605049133301,0.10025135504491356
real_1m_to_60m,arxiv,140,4.622122764587402,,,,,,,,,observed test experiment; 256 recipes,3.1972551345825195,0.0900171921426087
real_1m_to_60m,arxiv,141,4.077527523040772,,,,,,,,,observed test experiment; 256 recipes,2.6775267124176025,0.10272640691597527
real_1m_to_60m,arxiv,142,4.969357490539551,,,,,,,,,observed test experiment; 256 recipes,3.349463939666748,0.0963500343403288
real_1m_to_60m,arxiv,143,4.40112829208374,,,,,,,,,observed test experiment; 256 recipes,2.955583333969116,0.09724753129618732
real_1m_to_60m,arxiv,144,4.527892589569092,,,,,,,,,observed test experiment; 256 recipes,3.0412700176239014,0.09720271854365017
real_1m_to_60m,arxiv,145,4.8802642822265625,,,,,,,,,observed test experiment; 256 recipes,3.26379132270813,0.09825989640453212
real_1m_to_60m,arxiv,146,4.331920146942139,,,,,,,,,observed test experiment; 256 recipes,2.9717533588409424,0.09204373369322356
real_1m_to_60m,arxiv,147,5.145749568939209,,,,,,,,,observed test experiment; 256 recipes,3.41622257232666,0.1000491315824404
real_1m_to_60m,arxiv,148,5.083690166473389,,,,,,,,,observed test experiment; 256 recipes,3.36069393157959,0.10108820164201694
real_1m_to_60m,arxiv,149,5.469716548919678,,,,,,,,,observed test experiment; 256 recipes,3.632301568984986,0.09998188996052783
real_1m_to_60m,arxiv,150,4.794095039367676,,,,,,,,,observed test experiment; 256 recipes,3.153665065765381,0.10229223864225245
real_1m_to_60m,arxiv,151,4.687842845916748,,,,,,,,,observed test experiment; 256 recipes,3.03768253326416,0.10596998429751833
real_1m_to_60m,arxiv,152,4.178101539611816,,,,,,,,,observed test experiment; 256 recipes,2.7670814990997314,0.10064219208964442
real_1m_to_60m,arxiv,153,4.280613422393799,,,,,,,,,observed test experiment; 256 recipes,2.870253801345825,0.09762145267762844
real_1m_to_60m,arxiv,154,4.120835304260254,,,,,,,,,observed test experiment; 256 recipes,2.706575870513916,0.10267127268103071
real_1m_to_60m,arxiv,155,5.265762805938721,,,,,,,,,observed test experiment; 256 recipes,3.583193778991699,0.09402518325242423
real_1m_to_60m,arxiv,156,5.108784198760986,,,,,,,,,observed test experiment; 256 recipes,3.3686697483062744,0.10171188836291468
real_1m_to_60m,arxiv,157,5.948561668395996,,,,,,,,,observed test experiment; 256 recipes,4.12912130355835,0.08916807647105729
real_1m_to_60m,arxiv,158,3.8178727626800537,,,,,,,,,observed test experiment; 256 recipes,2.5699005126953125,0.09667633144733606
real_1m_to_60m,arxiv,159,6.247360229492188,,,,,,,,,observed test experiment; 256 recipes,4.106846332550049,0.10245927927701265
real_1m_to_60m,arxiv,160,5.89473295211792,,,,,,,,,observed test experiment; 256 recipes,3.9474403858184814,0.09793798759441483
real_1m_to_60m,arxiv,161,5.63856315612793,,,,,,,,,observed test experiment; 256 recipes,3.979967594146729,0.08508213979513825
real_1m_to_60m,arxiv,162,5.031570911407471,,,,,,,,,observed test experiment; 256 recipes,3.31048321723938,0.1022478864704896
real_1m_to_60m,arxiv,163,4.011780738830566,,,,,,,,,observed test experiment; 256 recipes,2.63431978225708,0.10272956009423652
real_1m_to_60m,arxiv,164,6.056221961975098,,,,,,,,,observed test experiment; 256 recipes,4.128191947937012,0.09360390536418985
real_1m_to_60m,arxiv,165,5.253416538238525,,,,,,,,,observed test experiment; 256 recipes,3.581715583801269,0.09355263811666681
real_1m_to_60m,arxiv,166,4.727263927459717,,,,,,,,,observed test experiment; 256 recipes,3.2283897399902344,0.09314387152123067
real_1m_to_60m,arxiv,167,4.125431537628174,,,,,,,,,observed test experiment; 256 recipes,2.785259962081909,0.09594439619055073
real_1m_to_60m,arxiv,168,5.097537040710449,,,,,,,,,observed test experiment; 256 recipes,3.423220634460449,0.097250162976064
real_1m_to_60m,arxiv,169,4.892451286315918,,,,,,,,,observed test experiment; 256 recipes,3.204420804977417,0.10335283194505865
real_1m_to_60m,arxiv,170,5.438581943511963,,,,,,,,,observed test experiment; 256 recipes,3.720026969909668,0.0927590315695887
real_1m_to_60m,arxiv,171,4.544562816619873,,,,,,,,,observed test experiment; 256 recipes,3.012589454650879,0.10041449465877797
real_1m_to_60m,arxiv,172,4.123993873596191,,,,,,,,,observed test experiment; 256 recipes,2.720209836959839,0.10163117710479452
real_1m_to_60m,arxiv,173,3.8102214336395264,,,,,,,,,observed test experiment; 256 recipes,2.5343167781829834,0.09959181869302872
real_1m_to_60m,arxiv,174,6.246375560760498,,,,,,,,,observed test experiment; 256 recipes,4.08095121383667,0.10396567189174498
real_1m_to_60m,arxiv,175,5.305058479309082,,,,,,,,,observed test experiment; 256 recipes,3.4998021125793457,0.10159241887985081
real_1m_to_60m,arxiv,176,5.611825942993164,,,,,,,,,observed test experiment; 256 recipes,3.840682029724121,0.09262195160005166
real_1m_to_60m,arxiv,177,5.686744213104248,,,,,,,,,observed test experiment; 256 recipes,3.880099296569824,0.09336711623125449
real_1m_to_60m,arxiv,178,6.092309951782227,,,,,,,,,observed test experiment; 256 recipes,4.10399341583252,0.096490855298176
real_1m_to_60m,arxiv,179,3.900837421417236,,,,,,,,,observed test experiment; 256 recipes,2.6074767112731934,0.09838162640944717
real_1m_to_60m,arxiv,180,4.539026260375977,,,,,,,,,observed test experiment; 256 recipes,3.1252098083496094,0.09115282890275947
real_1m_to_60m,arxiv,181,4.816356182098389,,,,,,,,,observed test experiment; 256 recipes,3.301015138626098,0.09227059879160603
real_1m_to_60m,arxiv,182,3.7604551315307617,,,,,,,,,observed test experiment; 256 recipes,2.487592458724976,0.10092571123898467
real_1m_to_60m,arxiv,183,4.452420234680176,,,,,,,,,observed test experiment; 256 recipes,3.062159776687622,0.09142546242334326
real_1m_to_60m,arxiv,184,4.705950736999512,,,,,,,,,observed test experiment; 256 recipes,3.273094654083252,0.08868132660420773
real_1m_to_60m,arxiv,185,5.845683574676514,,,,,,,,,observed test experiment; 256 recipes,4.1531500816345215,0.08348990445224426
real_1m_to_60m,arxiv,186,3.679962635040283,,,,,,,,,observed test experiment; 256 recipes,2.4288833141326904,0.1014743586114859
real_1m_to_60m,arxiv,187,4.880374908447266,,,,,,,,,observed test experiment; 256 recipes,3.3184914588928223,0.09420598016090033
real_1m_to_60m,arxiv,188,4.288296222686768,,,,,,,,,observed test experiment; 256 recipes,2.84130859375,0.10053496436682131
real_1m_to_60m,arxiv,189,4.4712114334106445,,,,,,,,,observed test experiment; 256 recipes,3.0627660751342773,0.0924057383472652
real_1m_to_60m,arxiv,190,4.074076175689697,,,,,,,,,observed test experiment; 256 recipes,2.713719367980957,0.09924027033533767
real_1m_to_60m,arxiv,191,4.391707897186279,,,,,,,,,observed test experiment; 256 recipes,2.89209532737732,0.10202779016932145
real_1m_to_60m,arxiv,192,4.787219047546387,,,,,,,,,observed test experiment; 256 recipes,3.209688901901245,0.0976409398315041
real_1m_to_60m,arxiv,193,3.684379100799561,,,,,,,,,observed test experiment; 256 recipes,2.460479736328125,0.09861057513182053
real_1m_to_60m,arxiv,194,5.265629768371582,,,,,,,,,observed test experiment; 256 recipes,3.566173553466797,0.09518191725972747
real_1m_to_60m,arxiv,195,4.705477714538574,,,,,,,,,observed test experiment; 256 recipes,3.1836161613464355,0.09542665179940563
real_1m_to_60m,arxiv,196,4.104588508605957,,,,,,,,,observed test experiment; 256 recipes,2.759150981903076,0.09700758526344934
real_1m_to_60m,arxiv,197,4.11050271987915,,,,,,,,,observed test experiment; 256 recipes,2.746981382369995,0.09843888356879098
real_1m_to_60m,arxiv,198,5.2962164878845215,,,,,,,,,observed test experiment; 256 recipes,3.546097755432129,0.09797536925603507
real_1m_to_60m,arxiv,199,4.223243713378906,,,,,,,,,observed test experiment; 256 recipes,2.8242897987365723,0.0982688547130642
real_1m_to_60m,arxiv,200,4.278744697570801,,,,,,,,,observed test experiment; 256 recipes,2.8472704887390137,0.09947840327147084
real_1m_to_60m,arxiv,201,4.021492004394531,,,,,,,,,observed test experiment; 256 recipes,2.6850972175598145,0.09865707149069004
real_1m_to_60m,arxiv,202,4.468957901000977,,,,,,,,,observed test experiment; 256 recipes,3.0515575408935547,0.09317806903243096
real_1m_to_60m,arxiv,203,4.221733093261719,,,,,,,,,observed test experiment; 256 recipes,2.8052749633789062,0.0998314047107037
real_1m_to_60m,arxiv,204,4.473621845245361,,,,,,,,,observed test experiment; 256 recipes,2.990209579467773,0.09839300337728682
real_1m_to_60m,arxiv,205,3.811119318008423,,,,,,,,,observed test experiment; 256 recipes,2.562032461166382,0.09699282768530655
real_1m_to_60m,arxiv,206,5.965561866760254,,,,,,,,,observed test experiment; 256 recipes,4.071284770965576,0.0933103262436675
real_1m_to_60m,arxiv,207,4.766308307647705,,,,,,,,,observed test experiment; 256 recipes,3.1164300441741943,0.10377337056172489
real_1m_to_60m,arxiv,208,5.919497489929199,,,,,,,,,observed test experiment; 256 recipes,3.872934579849243,0.10361586484374054
real_1m_to_60m,arxiv,209,5.433324337005615,,,,,,,,,observed test experiment; 256 recipes,3.655099391937256,0.09682328174982761
real_1m_to_60m,arxiv,210,4.707892417907715,,,,,,,,,observed test experiment; 256 recipes,3.1920244693756104,0.09490774088922305
real_1m_to_60m,arxiv,211,4.712546348571777,,,,,,,,,observed test experiment; 256 recipes,3.116951942443848,0.100961899738973
real_1m_to_60m,arxiv,212,4.425445556640625,,,,,,,,,observed test experiment; 256 recipes,2.9938108921051025,0.09545455603569938
real_1m_to_60m,arxiv,213,3.7925944328308105,,,,,,,,,observed test experiment; 256 recipes,2.546609401702881,0.09727747573562442
real_1m_to_60m,arxiv,214,5.44927978515625,,,,,,,,,observed test experiment; 256 recipes,3.686979293823242,0.09541843419685732
real_1m_to_60m,arxiv,215,4.616267204284668,,,,,,,,,observed test experiment; 256 recipes,3.203153610229492,0.08925740880065029
real_1m_to_60m,arxiv,216,5.760912895202637,,,,,,,,,observed test experiment; 256 recipes,3.80099105834961,0.10156304801006821
real_1m_to_60m,arxiv,217,6.357555866241455,,,,,,,,,observed test experiment; 256 recipes,4.48423433303833,0.08525814981112895
real_1m_to_60m,arxiv,218,3.761620998382568,,,,,,,,,observed test experiment; 256 recipes,2.50972318649292,0.09883816863548478
real_1m_to_60m,arxiv,219,4.981677532196045,,,,,,,,,observed test experiment; 256 recipes,3.2618184089660645,0.10343092714898068
real_1m_to_60m,arxiv,220,5.450137615203857,,,,,,,,,observed test experiment; 256 recipes,3.750785350799561,0.09126628407508221
real_1m_to_60m,arxiv,221,6.021594047546387,,,,,,,,,observed test experiment; 256 recipes,4.140557289123535,0.09147291363775693
real_1m_to_60m,arxiv,222,6.06410026550293,,,,,,,,,observed test experiment; 256 recipes,4.103756427764893,0.095371413096879
real_1m_to_60m,arxiv,223,3.9099528789520255,,,,,,,,,observed test experiment; 256 recipes,2.6098856925964355,0.09872615553657456
real_1m_to_60m,arxiv,224,5.326233863830566,,,,,,,,,observed test experiment; 256 recipes,3.61908769607544,0.09437955550206621
real_1m_to_60m,arxiv,225,3.9517393112182617,,,,,,,,,observed test experiment; 256 recipes,2.6026153564453125,0.10200386455869866
real_1m_to_60m,arxiv,226,4.284907817840576,,,,,,,,,observed test experiment; 256 recipes,2.8200347423553467,0.10217748600450052
real_1m_to_60m,arxiv,227,4.211572647094727,,,,,,,,,observed test experiment; 256 recipes,2.785959959030152,0.10093034892239593
real_1m_to_60m,arxiv,228,3.762896060943604,,,,,,,,,observed test experiment; 256 recipes,2.523671865463257,0.09756725487147867
real_1m_to_60m,arxiv,229,4.336804866790772,,,,,,,,,observed test experiment; 256 recipes,2.9909982681274414,0.09074240453026575
real_1m_to_60m,arxiv,230,4.412560939788818,,,,,,,,,observed test experiment; 256 recipes,2.9454798698425293,0.09871750630403811
real_1m_to_60m,arxiv,231,4.068207740783691,,,,,,,,,observed test experiment; 256 recipes,2.7227416038513184,0.09807753660410547
real_1m_to_60m,arxiv,232,4.918655872344971,,,,,,,,,observed test experiment; 256 recipes,3.322011709213257,0.09585533278990632
real_1m_to_60m,arxiv,233,5.445868015289307,,,,,,,,,observed test experiment; 256 recipes,3.615740776062012,0.1000307621022386
real_1m_to_60m,arxiv,234,3.687286615371704,,,,,,,,,observed test experiment; 256 recipes,2.4814136028289795,0.09673403105822609
real_1m_to_60m,arxiv,235,5.78446102142334,,,,,,,,,observed test experiment; 256 recipes,3.942281484603882,0.09364516577880333
real_1m_to_60m,arxiv,236,4.591349124908447,,,,,,,,,observed test experiment; 256 recipes,3.082566738128662,0.09730771198002239
real_1m_to_60m,arxiv,237,4.125444412231445,,,,,,,,,observed test experiment; 256 recipes,2.698366641998291,0.10368621919399638
real_1m_to_60m,arxiv,238,4.877975463867188,,,,,,,,,observed test experiment; 256 recipes,3.341517448425293,0.09239702091133815
real_1m_to_60m,arxiv,239,4.2448554039001465,,,,,,,,,observed test experiment; 256 recipes,2.8385698795318604,0.0982837151551302
real_1m_to_60m,arxiv,240,4.21997594833374,,,,,,,,,observed test experiment; 256 recipes,2.7908523082733154,0.10098866528768781
real_1m_to_60m,arxiv,241,4.718669414520264,,,,,,,,,observed test experiment; 256 recipes,3.1084959506988525,0.1019425350594482
real_1m_to_60m,arxiv,242,4.916901111602783,,,,,,,,,observed test experiment; 256 recipes,3.231088161468506,0.10254620677898232
real_1m_to_60m,arxiv,243,5.076855182647705,,,,,,,,,observed test experiment; 256 recipes,3.4271929264068604,0.09597396312808384
real_1m_to_60m,arxiv,244,4.3144211769104,,,,,,,,,observed test experiment; 256 recipes,2.818942785263061,0.10394856885425881
real_1m_to_60m,arxiv,245,3.8902103900909424,,,,,,,,,observed test experiment; 256 recipes,2.576798915863037,0.1006059300724182
real_1m_to_60m,arxiv,246,4.780612468719482,,,,,,,,,observed test experiment; 256 recipes,3.16109561920166,0.10102959853424624
real_1m_to_60m,arxiv,247,5.891910076141357,,,,,,,,,observed test experiment; 256 recipes,3.873223781585693,0.10245670614933869
real_1m_to_60m,arxiv,248,5.035696983337402,,,,,,,,,observed test experiment; 256 recipes,3.35984206199646,0.09883339582253324
real_1m_to_60m,arxiv,249,4.958425998687744,,,,,,,,,observed test experiment; 256 recipes,3.29156494140625,0.10007101928241156
real_1m_to_60m,arxiv,250,6.202254295349121,,,,,,,,,observed test experiment; 256 recipes,4.110737323760986,0.10045818221018586
real_1m_to_60m,arxiv,251,4.3308610916137695,,,,,,,,,observed test experiment; 256 recipes,2.905153751373291,0.09751990025093821
real_1m_to_60m,arxiv,252,5.027676582336426,,,,,,,,,observed test experiment; 256 recipes,3.3586058616638184,0.09853396397367632
real_1m_to_60m,arxiv,253,5.13908052444458,,,,,,,,,observed test experiment; 256 recipes,3.4195501804351807,0.09949459669155299
real_1m_to_60m,arxiv,254,4.823798179626465,,,,,,,,,observed test experiment; 256 recipes,3.215105533599853,0.09908825042076626
real_1m_to_60m,arxiv,255,5.931034564971924,,,,,,,,,observed test experiment; 256 recipes,4.04960823059082,0.09319648398848795
real_1m_to_60m,arxiv,256,4.766026973724365,,,,,,,,,observed test experiment; 256 recipes,3.1422460079193115,0.10174405172197198
estimated,dm_mathematics,1,5.820674896240234,1.6872,1.2876,0.13445169411535018,0.13522788801551824,0.0007761939001680596,0.9999769328883992,0.003154520485775826,3.0,estimated A12-A15; shared 63 recipes; not independent experiment,,
estimated,dm_mathematics,2,4.61490535736084,1.545,1.2163,0.11880857879152583,0.11952742491523638,0.0007188461237105509,0.999974672287059,0.002921454063056314,3.0,estimated A12-A15; shared 63 recipes; not independent experiment,,
estimated,dm_mathematics,3,4.077418327331543,1.3259,1.0388,0.12196862501495438,0.12256786649277489,0.0005992414778205057,0.9999832734611491,0.002435370230688593,3.0,estimated A12-A15; shared 63 recipes; not independent experiment,,
estimated,dm_mathematics,4,5.298433780670166,1.8257,1.4446,0.11567952384353078,0.11648885032832819,0.0008093264847974097,0.9999661787634603,0.0032891742326520293,3.0,estimated A12-A15; shared 63 recipes; not independent experiment,,
estimated,dm_mathematics,5,2.008139610290528,0.7776,0.6276,0.1030094126784207,0.10425196013484912,0.0012425474564284195,0.9999001611971864,0.005049822479928564,3.0,estimated A12-A15; shared 63 recipes; not independent experiment,,
estimated,dm_mathematics,6,5.442045211791992,1.6803,1.3022,0.12759382953286255,0.12818821195765692,0.0005943824247943708,0.9999849573909532,0.002415622610526722,3.0,estimated A12-A15; shared 63 recipes; not independent experiment,,
estimated,dm_mathematics,7,2.9376449584960938,1.1519,0.9252,0.10164613196316317,0.10356109987604457,0.001914967912881399,0.9997587255664698,0.0077825985355979245,3.0,estimated A12-A15; shared 63 recipes; not independent experiment,,
estimated,dm_mathematics,8,5.779679298400879,1.7029,1.3006,0.13267864889195222,0.1336938873122763,0.0010152384203240827,0.9999595798955154,0.004126018504094861,3.0,estimated A12-A15; shared 63 recipes; not independent experiment,,
estimated,dm_mathematics,9,5.692158222198486,1.4993,1.122,0.14484710561575975,0.14556652945122237,0.0007194238354626126,0.9999829070682092,0.0029238019345822364,3.0,estimated A12-A15; shared 63 recipes; not independent experiment,,
estimated,dm_mathematics,10,5.443886756896973,1.8667,1.4693,0.11620863875143714,0.11739671709167696,0.0011880783402398176,0.999928098158686,0.004828455186496215,3.0,estimated A12-A15; shared 63 recipes; not independent experiment,,
estimated,dm_mathematics,11,6.095431327819824,1.7134,1.3014,0.13778642005757186,0.1384066194035787,0.00062019934600685,0.9999859526567936,0.002520544855892353,3.0,estimated A12-A15; shared 63 recipes; not independent experiment,,
estimated,dm_mathematics,12,5.78095817565918,1.6563,1.2583,0.13571520636827103,0.13667744703208495,0.0009622406638139236,0.9999652696391917,0.003910630946198401,3.0,estimated A12-A15; shared 63 recipes; not independent experiment,,
estimated,dm_mathematics,13,5.511852741241455,1.7771,1.3879,0.12289643481135469,0.12361760802563038,0.000721173214275686,0.9999761697194244,0.0029309115644078933,3.0,estimated A12-A15; shared 63 recipes; not independent experiment,,
estimated,dm_mathematics,14,2.3308768272399902,0.9423,0.7663,0.0983325332922191,0.09971325548841437,0.0013807221961952693,0.99986508461248,0.005611376812057562,3.0,estimated A12-A15; shared 63 recipes; not independent experiment,,
estimated,dm_mathematics,15,2.612511157989502,0.9534,0.7629,0.10944575159904779,0.11033637187045858,0.0008906202714107914,0.9999543163669616,0.003619559353151791,3.0,estimated A12-A15; shared 63 recipes; not independent experiment,,
estimated,dm_mathematics,16,1.8533507585525515,0.7558,0.6171,0.09738768313522976,0.09857428472306476,0.0011866015878349984,0.9998981511510419,0.004822453534444607,3.0,estimated A12-A15; shared 63 recipes; not independent experiment,,
estimated,dm_mathematics,17,2.6709392070770264,0.9781,0.7827,0.10907018607591598,0.11002226683290103,0.000952080756985052,0.999947476293093,0.0038693401885433786,3.0,estimated A12-A15; shared 63 recipes; not independent experiment,,
estimated,dm_mathematics,18,2.4409642219543457,0.9632,0.7839,0.1009612349869132,0.10181439990282685,0.000853164915913654,0.9999507571646196,0.00346733748411593,3.0,estimated A12-A15; shared 63 recipes; not independent experiment,,
estimated,dm_mathematics,19,2.4845540523529053,0.9706,0.7836,0.10205204060881223,0.10343526961744252,0.0013832290086302906,0.9998742002858522,0.005621564718943413,3.0,estimated A12-A15; shared 63 recipes; not independent experiment,,
estimated,dm_mathematics,20,5.511875629425049,1.9175,1.5138,0.11464100923002454,0.1158347888948491,0.0011937796648245624,0.9999254269790953,0.004851625872576998,3.0,estimated A12-A15; shared 63 recipes; not independent experiment,,
estimated,dm_mathematics,21,5.613797664642334,1.8189,1.4187,0.12236198314068186,0.12329289972025206,0.0009309165795702012,0.9999600406696215,0.0037833271044348557,3.0,estimated A12-A15; shared 63 recipes; not independent experiment,,
estimated,dm_mathematics,22,2.23321795463562,0.7975,0.6342,0.11180010477647793,0.11283669982092909,0.0010365950444511524,0.999940785319156,0.004212813708619749,3.0,estimated A12-A15; shared 63 recipes; not independent experiment,,
estimated,dm_mathematics,23,5.561578273773193,1.9448,1.5436,0.11408077700883541,0.11489205778168815,0.0008112807728527377,0.9999650615524424,0.0032971166317151837,3.0,estimated A12-A15; shared 63 recipes; not independent experiment,,
estimated,dm_mathematics,24,5.99164342880249,1.6991,1.2918,0.13683175502313383,0.13753089705710575,0.0006991420339719223,0.9999819141713375,0.0028413749040722535,3.0,estimated A12-A15; shared 63 recipes; not independent experiment,,
estimated,dm_mathematics,25,5.054658889770508,1.7232,1.3623,0.1168390417233022,0.11752478309495895,0.0006857413716567506,0.9999761618417665,0.0027869134302226646,3.0,estimated A12-A15; shared 63 recipes; not independent experiment,,
estimated,dm_mathematics,26,5.430081844329834,1.9206,1.5116,0.11284236274192289,0.1146250267102658,0.0017826639683429096,0.9998296325688056,0.007244903633196143,3.0,estimated A12-A15; shared 63 recipes; not independent experiment,,
estimated,dm_mathematics,27,2.4710938930511475,0.9298,0.7468,0.10612492639050262,0.10725994269674445,0.0011350163062418261,0.9999213652957675,0.00461280639921843,3.0,estimated A12-A15; shared 63 recipes; not independent experiment,,
estimated,dm_mathematics,28,1.8401778936386108,0.6287,0.498,0.11660408719895969,0.11715562031942671,0.0005515331204670182,0.9999844931518695,0.0022414792575932174,3.0,estimated A12-A15; shared 63 recipes; not independent experiment,,
estimated,dm_mathematics,29,5.946868896484375,1.6231,1.2207,0.14098577162076795,0.14193302467376298,0.000947253052995034,0.9999687965851098,0.003849719973629758,3.0,estimated A12-A15; shared 63 recipes; not independent experiment,,
estimated,dm_mathematics,30,5.643309116363525,1.8046,1.4054,0.12378822167155844,0.12460715666238581,0.0008189349908273719,0.9999697432356575,0.0033282240488159047,3.0,estimated A12-A15; shared 63 recipes; not independent experiment,,
estimated,dm_mathematics,31,3.812377452850342,1.3172,1.0387,0.11538604258489045,0.1165519781219829,0.0011659355370924468,0.99992975096738,0.004738464881076645,3.0,estimated A12-A15; shared 63 recipes; not independent experiment,,
estimated,dm_mathematics,32,6.403696537017822,1.6111,1.2001,0.14982706135608162,0.15009258869952274,0.0002655273434411243,0.9999978142016774,0.001079126548453059,3.0,estimated A12-A15; shared 63 recipes; not independent experiment,,
estimated,dm_mathematics,33,5.557881832122803,1.6543,1.2764,0.13157375978064245,0.13186988334797686,0.0002961235673344109,0.9999964771492599,0.0012034723015410282,3.0,estimated A12-A15; shared 63 recipes; not independent experiment,,
estimated,dm_mathematics,34,5.31644344329834,1.7419,1.3611,0.12114949475576359,0.1221298638974036,0.000980369141640014,0.999954821019622,0.003984306679370063,3.0,estimated A12-A15; shared 63 recipes; not independent experiment,,
estimated,dm_mathematics,35,1.8262804746627808,0.6258,0.4964,0.11628297928765913,0.11676455222616179,0.00048157293850266403,0.9999881026308152,0.001957154906233088,3.0,estimated A12-A15; shared 63 recipes; not independent experiment,,
estimated,dm_mathematics,36,2.555508136749268,0.988,0.804,0.10318008087534751,0.10365553291034936,0.00047545203500184985,0.9999852801843653,0.001932279014422124,3.0,estimated A12-A15; shared 63 recipes; not independent experiment,,
estimated,dm_mathematics,37,2.0003106594085693,0.7696,0.6212,0.10370809755725832,0.10482058319727511,0.001112485640016786,0.9999208976788236,0.004521239784034245,3.0,estimated A12-A15; shared 63 recipes; not independent experiment,,
estimated,dm_mathematics,38,5.543165683746338,1.8552,1.456,0.11884178102573988,0.11983173094969277,0.0009899499239528903,0.999952142887876,0.0040232438239020925,3.0,estimated A12-A15; shared 63 recipes; not independent experiment,,
estimated,dm_mathematics,39,2.236644506454468,0.8066,0.6432,0.11073468622473585,0.11171103708534161,0.0009763508606057542,0.9999464188769553,0.003967976030755831,3.0,estimated A12-A15; shared 63 recipes; not independent experiment,,
estimated,dm_mathematics,40,5.35400390625,1.7757,1.4007,0.11982727225455811,0.12019025213730594,0.00036297988274783255,0.9999936250566825,0.0014751822654167695,3.0,estimated A12-A15; shared 63 recipes; not independent experiment,,
estimated,dm_mathematics,41,2.5461370944976807,0.8833,0.7027,0.11494338842804701,0.11539742353907663,0.00045403511102962146,0.9999891735987485,0.0018452387460070495,3.0,estimated A12-A15; shared 63 recipes; not independent experiment,,
estimated,dm_mathematics,42,2.4963607788085938,0.9095,0.7239,0.10962616180286741,0.1109634458461736,0.0013372840433061861,0.9998979143469515,0.005434840326621039,3.0,estimated A12-A15; shared 63 recipes; not independent experiment,,
estimated,dm_mathematics,43,1.9641127586364744,0.7406,0.5945,0.10589567726532094,0.10712158010707044,0.0012259028417495044,0.9999079818544149,0.004982177297492761,3.0,estimated A12-A15; shared 63 recipes; not independent experiment,,
estimated,dm_mathematics,44,2.0349221229553223,0.7165,0.569,0.11333289964333954,0.11422586753477168,0.0008929678914321448,0.9999571562636373,0.003629100288024503,3.0,estimated A12-A15; shared 63 recipes; not independent experiment,,
estimated,dm_mathematics,45,3.2984423637390137,0.9507,0.7258,0.1350663514514872,0.13570250393724528,0.0006361524857580736,0.999984623837382,0.0025853798232203335,3.0,estimated A12-A15; shared 63 recipes; not independent experiment,,
estimated,dm_mathematics,46,3.4484519958496094,1.3117,1.0574,0.10494741655754558,0.10595964714541184,0.0010122305878662585,0.9999359546068578,0.004113794407636629,3.0,estimated A12-A15; shared 63 recipes; not independent experiment,,
estimated,dm_mathematics,47,2.968883991241455,0.8306,0.6299,0.13830032528823322,0.13896965840859196,0.0006693331203587449,0.9999837676790275,0.002720228849418651,3.0,estimated A12-A15; shared 63 recipes; not independent experiment,,
estimated,dm_mathematics,48,5.244356632232666,1.7363,1.3615,0.12001686303109328,0.1208798185005983,0.0008629554695050168,0.999964286589024,0.0035071271576296546,3.0,estimated A12-A15; shared 63 recipes; not independent experiment,,
estimated,dm_mathematics,49,5.698367595672607,1.7188,1.3191,0.13013127916835335,0.1311578705111281,0.0010265913427747464,0.9999570509425718,0.0041721577824844775,3.0,estimated A12-A15; shared 63 recipes; not independent experiment,,
estimated,dm_mathematics,50,2.667093515396118,0.9004,0.7107,0.11790068928715149,0.11854289083342694,0.0006422015462754505,0.999979455765538,0.0026099637388082475,3.0,estimated A12-A15; shared 63 recipes; not independent experiment,,
estimated,dm_mathematics,51,5.167536735534668,1.5174,1.1597,0.13304587323526193,0.13393700398785238,0.0008911307525904522,0.9999689891854655,0.0036216339937002813,3.0,estimated A12-A15; shared 63 recipes; not independent experiment,,
estimated,dm_mathematics,52,2.4080824851989746,0.897,0.7181,0.10721972897317468,0.10845733726537243,0.0012376082921977533,0.9999085139130494,0.005029749280764325,3.0,estimated A12-A15; shared 63 recipes; not independent experiment,,
estimated,dm_mathematics,53,3.207134962081909,0.9718,0.7502,0.12963508537224858,0.13022237552068633,0.0005872901484377524,0.9999857705757386,0.0023867989737361246,3.0,estimated A12-A15; shared 63 recipes; not independent experiment,,
estimated,dm_mathematics,54,3.2429494857788086,1.1202,0.8841,0.11541115388722269,0.11649687759679768,0.0010857237095749928,0.999939052259329,0.004412476937792626,3.0,estimated A12-A15; shared 63 recipes; not independent experiment,,
estimated,dm_mathematics,55,5.391995906829834,1.857,1.4679,0.11573441252653081,0.11662366348414292,0.0008892509576121088,0.9999592461957137,0.003613994341073597,3.0,estimated A12-A15; shared 63 recipes; not independent experiment,,
estimated,dm_mathematics,56,2.632209300994873,1.0304,0.837,0.10182864234221502,0.10270070022976725,0.0008720578875522356,0.9999494327584949,0.0035441201875849398,3.0,estimated A12-A15; shared 63 recipes; not independent experiment,,
estimated,dm_mathematics,57,5.778436183929443,1.7527,1.3407,0.12952568367576472,0.13095270864384012,0.0014270249680753966,0.9999165927943393,0.005799555361788941,3.0,estimated A12-A15; shared 63 recipes; not independent experiment,,
estimated,dm_mathematics,58,5.416506290435791,1.7015,1.3255,0.12572182460424042,0.12617691421944455,0.0004550896152041295,0.9999909041610796,0.001849524344000207,3.0,estimated A12-A15; shared 63 recipes; not independent experiment,,
estimated,dm_mathematics,59,5.376868724822998,1.5161,1.1542,0.13745039641223314,0.1379225679030489,0.00047217149081577037,0.9999918061518792,0.0019189465934416122,3.0,estimated A12-A15; shared 63 recipes; not independent experiment,,
estimated,dm_mathematics,60,5.220755577087402,1.7378,1.3616,0.11943339205055356,0.12046893861137549,0.0010355465608219289,0.9999481746044837,0.004208552578653733,3.0,estimated A12-A15; shared 63 recipes; not independent experiment,,
estimated,dm_mathematics,61,3.5106608867645264,1.3201,1.0582,0.10619551241048177,0.10749444473596856,0.001298932325486793,0.9998973670465812,0.005278975562031017,3.0,estimated A12-A15; shared 63 recipes; not independent experiment,,
estimated,dm_mathematics,62,3.036623239517212,1.1158,0.8932,0.1087011385801827,0.10968657240919673,0.0009854338290140319,0.9999433753407493,0.0040048900156627295,3.0,estimated A12-A15; shared 63 recipes; not independent experiment,,
estimated,dm_mathematics,63,5.163731098175049,1.893,1.5047,0.10895325107246881,0.11052690634104725,0.0015736552685784444,0.9998573270855043,0.006395473838695356,3.0,estimated A12-A15; shared 63 recipes; not independent experiment,,
real_1m_to_60m,dm_mathematics,1,5.373439788818359,,,,,,,,,observed test experiment; 256 recipes,3.3373360633850098,0.11633006207848551
real_1m_to_60m,dm_mathematics,2,2.097456693649292,,,,,,,,,observed test experiment; 256 recipes,1.6829262971878052,0.05377939922240693
real_1m_to_60m,dm_mathematics,3,2.0013649463653564,,,,,,,,,observed test experiment; 256 recipes,1.5915392637252808,0.055962017644955266
real_1m_to_60m,dm_mathematics,4,5.331811428070068,,,,,,,,,observed test experiment; 256 recipes,3.15556263923645,0.12810944828520737
real_1m_to_60m,dm_mathematics,5,2.1518425941467285,,,,,,,,,observed test experiment; 256 recipes,1.710774064064026,0.0560232669772911
real_1m_to_60m,dm_mathematics,6,2.381981611251831,,,,,,,,,observed test experiment; 256 recipes,1.7955834865570068,0.06902270081654069
real_1m_to_60m,dm_mathematics,7,5.400871276855469,,,,,,,,,observed test experiment; 256 recipes,3.0703349113464355,0.13793993940792956
real_1m_to_60m,dm_mathematics,8,4.956005573272705,,,,,,,,,observed test experiment; 256 recipes,2.965331077575684,0.12544410769080752
real_1m_to_60m,dm_mathematics,9,2.4351603984832764,,,,,,,,,observed test experiment; 256 recipes,1.849078893661499,0.06724519699475887
real_1m_to_60m,dm_mathematics,10,5.406350612640381,,,,,,,,,observed test experiment; 256 recipes,3.366279602050781,0.11571232852387264
real_1m_to_60m,dm_mathematics,11,5.119053363800049,,,,,,,,,observed test experiment; 256 recipes,3.086139678955078,0.12359695412297243
real_1m_to_60m,dm_mathematics,12,2.621875047683716,,,,,,,,,observed test experiment; 256 recipes,1.9800567626953125,0.06857366600930942
real_1m_to_60m,dm_mathematics,13,4.191052436828613,,,,,,,,,observed test experiment; 256 recipes,2.407181978225708,0.13542952052891327
real_1m_to_60m,dm_mathematics,14,5.637340545654297,,,,,,,,,observed test experiment; 256 recipes,3.4201903343200684,0.12205035736833081
real_1m_to_60m,dm_mathematics,15,3.56638503074646,,,,,,,,,observed test experiment; 256 recipes,2.2308921813964844,0.11458510450344385
real_1m_to_60m,dm_mathematics,16,5.391704082489014,,,,,,,,,observed test experiment; 256 recipes,3.2260396480560303,0.12544284284510035
real_1m_to_60m,dm_mathematics,17,2.416212797164917,,,,,,,,,observed test experiment; 256 recipes,1.852599740028381,0.06487276118175263
real_1m_to_60m,dm_mathematics,18,1.8939253091812127,,,,,,,,,observed test experiment; 256 recipes,1.5462172031402588,0.049541537477850416
real_1m_to_60m,dm_mathematics,19,5.356551170349121,,,,,,,,,observed test experiment; 256 recipes,3.136859178543091,0.13069205187144795
real_1m_to_60m,dm_mathematics,20,4.506697177886963,,,,,,,,,observed test experiment; 256 recipes,2.606289386749268,0.13375450575053702
real_1m_to_60m,dm_mathematics,21,3.286208391189575,,,,,,,,,observed test experiment; 256 recipes,2.163215160369873,0.10212594811981524
real_1m_to_60m,dm_mathematics,22,5.378572463989258,,,,,,,,,observed test experiment; 256 recipes,3.26189923286438,0.12214736146145642
real_1m_to_60m,dm_mathematics,23,2.2948906421661377,,,,,,,,,observed test experiment; 256 recipes,1.7496473789215088,0.06625503005658327
real_1m_to_60m,dm_mathematics,24,5.357925891876221,,,,,,,,,observed test experiment; 256 recipes,3.2304022312164307,0.12357784567574051
real_1m_to_60m,dm_mathematics,25,2.0910918712615967,,,,,,,,,observed test experiment; 256 recipes,1.6754876375198364,0.05411906664125407
real_1m_to_60m,dm_mathematics,26,3.5105972290039062,,,,,,,,,observed test experiment; 256 recipes,2.1944515705108643,0.11475683232070251
real_1m_to_60m,dm_mathematics,27,5.538437843322754,,,,,,,,,observed test experiment; 256 recipes,3.435977935791016,0.11660252169324112
real_1m_to_60m,dm_mathematics,28,2.3743984699249268,,,,,,,,,observed test experiment; 256 recipes,1.81367826461792,0.06579494029463277
real_1m_to_60m,dm_mathematics,29,2.2593801021575928,,,,,,,,,observed test experiment; 256 recipes,1.7387758493423462,0.0639685179958886
real_1m_to_60m,dm_mathematics,30,5.330224990844727,,,,,,,,,observed test experiment; 256 recipes,3.229445219039917,0.12238420049086553
real_1m_to_60m,dm_mathematics,31,5.382725715637207,,,,,,,,,observed test experiment; 256 recipes,3.1607697010040283,0.13002796959887472
real_1m_to_60m,dm_mathematics,32,1.912314891815185,,,,,,,,,observed test experiment; 256 recipes,1.5634348392486572,0.04919695192735621
real_1m_to_60m,dm_mathematics,33,2.001476764678955,,,,,,,,,observed test experiment; 256 recipes,1.6331548690795898,0.049671355375377424
real_1m_to_60m,dm_mathematics,34,5.708593845367432,,,,,,,,,observed test experiment; 256 recipes,3.705920934677124,0.105521392201362
real_1m_to_60m,dm_mathematics,35,1.8950774669647217,,,,,,,,,observed test experiment; 256 recipes,1.5429693460464478,0.05020364249268266
real_1m_to_60m,dm_mathematics,36,2.008009672164917,,,,,,,,,observed test experiment; 256 recipes,1.6180500984191897,0.05273670401171172
real_1m_to_60m,dm_mathematics,37,2.220000743865967,,,,,,,,,observed test experiment; 256 recipes,1.7155277729034424,0.06296166687075531
real_1m_to_60m,dm_mathematics,38,5.362011432647705,,,,,,,,,observed test experiment; 256 recipes,3.1176464557647705,0.13244141709859655
real_1m_to_60m,dm_mathematics,39,5.232204437255859,,,,,,,,,observed test experiment; 256 recipes,3.0143282413482666,0.13468717143335213
real_1m_to_60m,dm_mathematics,40,2.2424657344818115,,,,,,,,,observed test experiment; 256 recipes,1.737049221992493,0.06237584714324653
real_1m_to_60m,dm_mathematics,41,2.2651255130767822,,,,,,,,,observed test experiment; 256 recipes,1.7644305229187012,0.061011519511168906
real_1m_to_60m,dm_mathematics,42,5.741754055023193,,,,,,,,,observed test experiment; 256 recipes,3.7524797916412354,0.10388667648247399
real_1m_to_60m,dm_mathematics,43,5.265773296356201,,,,,,,,,observed test experiment; 256 recipes,3.4125213623046875,0.10594530641051085
real_1m_to_60m,dm_mathematics,44,3.1203999519348145,,,,,,,,,observed test experiment; 256 recipes,2.1323959827423096,0.09298556960504677
real_1m_to_60m,dm_mathematics,45,2.3278164863586426,,,,,,,,,observed test experiment; 256 recipes,1.802682399749756,0.06244098812075489
real_1m_to_60m,dm_mathematics,46,1.9931128025054927,,,,,,,,,observed test experiment; 256 recipes,1.6040199995040894,0.05304503756181824
real_1m_to_60m,dm_mathematics,47,2.1537094116210938,,,,,,,,,observed test experiment; 256 recipes,1.6947920322418213,0.05852746908148875
real_1m_to_60m,dm_mathematics,48,2.2675349712371826,,,,,,,,,observed test experiment; 256 recipes,1.7487034797668457,0.0634579423164462
real_1m_to_60m,dm_mathematics,49,4.895164489746094,,,,,,,,,observed test experiment; 256 recipes,3.0012876987457275,0.11948345873667131
real_1m_to_60m,dm_mathematics,50,3.897646188735962,,,,,,,,,observed test experiment; 256 recipes,2.432779788970948,0.11511934884697567
real_1m_to_60m,dm_mathematics,51,1.944366693496704,,,,,,,,,observed test experiment; 256 recipes,1.594043493270874,0.04852118525001082
real_1m_to_60m,dm_mathematics,52,5.417650699615479,,,,,,,,,observed test experiment; 256 recipes,3.222553014755249,0.1268794934578542
real_1m_to_60m,dm_mathematics,53,1.8951672315597528,,,,,,,,,observed test experiment; 256 recipes,1.5597617626190186,0.04757147015734033
real_1m_to_60m,dm_mathematics,54,5.617946624755859,,,,,,,,,observed test experiment; 256 recipes,3.3432164192199707,0.1267682474265212
real_1m_to_60m,dm_mathematics,55,5.073941230773926,,,,,,,,,observed test experiment; 256 recipes,3.0343217849731445,0.12557075642282584
real_1m_to_60m,dm_mathematics,56,1.908602595329285,,,,,,,,,observed test experiment; 256 recipes,1.5739502906799316,0.04708513851399994
real_1m_to_60m,dm_mathematics,57,5.697769165039063,,,,,,,,,observed test experiment; 256 recipes,3.4982707500457764,0.11914140133526611
real_1m_to_60m,dm_mathematics,58,1.928511023521424,,,,,,,,,observed test experiment; 256 recipes,1.582221746444702,0.048339406664059135
real_1m_to_60m,dm_mathematics,59,1.842757225036621,,,,,,,,,observed test experiment; 256 recipes,1.5027196407318115,0.049821498535658544
real_1m_to_60m,dm_mathematics,60,5.110963344573975,,,,,,,,,observed test experiment; 256 recipes,2.93245530128479,0.1356866381290888
real_1m_to_60m,dm_mathematics,61,5.513026237487793,,,,,,,,,observed test experiment; 256 recipes,3.5786924362182617,0.10553977561406062
real_1m_to_60m,dm_mathematics,62,5.213557720184326,,,,,,,,,observed test experiment; 256 recipes,3.05220913887024,0.13076497155554764
real_1m_to_60m,dm_mathematics,63,6.084265232086182,,,,,,,,,observed test experiment; 256 recipes,4.18635892868042,0.09131488505868719
real_1m_to_60m,dm_mathematics,64,1.9591509103775024,,,,,,,,,observed test experiment; 256 recipes,1.619673728942871,0.046475434693963855
real_1m_to_60m,dm_mathematics,65,4.3099894523620605,,,,,,,,,observed test experiment; 256 recipes,2.641530752182007,0.11957393178107509
real_1m_to_60m,dm_mathematics,66,4.361010074615479,,,,,,,,,observed test experiment; 256 recipes,2.818342924118042,0.10662380649943265
real_1m_to_60m,dm_mathematics,67,5.819919109344482,,,,,,,,,observed test experiment; 256 recipes,3.387286901473999,0.13219627165472872
real_1m_to_60m,dm_mathematics,68,2.5217556953430176,,,,,,,,,observed test experiment; 256 recipes,1.8563232421875,0.07482457299860903
real_1m_to_60m,dm_mathematics,69,1.9439910650253296,,,,,,,,,observed test experiment; 256 recipes,1.5844018459320068,0.04995577555994447
real_1m_to_60m,dm_mathematics,70,5.096330642700195,,,,,,,,,observed test experiment; 256 recipes,3.0715718269348145,0.12366603859116439
real_1m_to_60m,dm_mathematics,71,1.9186663627624512,,,,,,,,,observed test experiment; 256 recipes,1.5627013444900513,0.05012142579713142
real_1m_to_60m,dm_mathematics,72,1.8746349811553955,,,,,,,,,observed test experiment; 256 recipes,1.5342745780944824,0.04893488540951597
real_1m_to_60m,dm_mathematics,73,4.25218391418457,,,,,,,,,observed test experiment; 256 recipes,2.5744335651397705,0.12256007531237123
real_1m_to_60m,dm_mathematics,74,3.282304048538208,,,,,,,,,observed test experiment; 256 recipes,2.244848251342773,0.09278840580879667
real_1m_to_60m,dm_mathematics,75,2.0622241497039795,,,,,,,,,observed test experiment; 256 recipes,1.6453183889389038,0.05516173987206762
real_1m_to_60m,dm_mathematics,76,3.9420201778411865,,,,,,,,,observed test experiment; 256 recipes,2.386651992797852,0.12255973471606751
real_1m_to_60m,dm_mathematics,77,2.096327543258667,,,,,,,,,observed test experiment; 256 recipes,1.6800389289855957,0.054067276547533495
real_1m_to_60m,dm_mathematics,78,1.944965124130249,,,,,,,,,observed test experiment; 256 recipes,1.5865398645401,0.04974876532757326
real_1m_to_60m,dm_mathematics,79,5.376415729522705,,,,,,,,,observed test experiment; 256 recipes,3.047580003738404,0.13864834479940166
real_1m_to_60m,dm_mathematics,80,3.512350082397461,,,,,,,,,observed test experiment; 256 recipes,2.260745048522949,0.10760963554519615
real_1m_to_60m,dm_mathematics,81,2.4187169075012207,,,,,,,,,observed test experiment; 256 recipes,1.8333141803741453,0.0676816118894562
real_1m_to_60m,dm_mathematics,82,5.210541725158691,,,,,,,,,observed test experiment; 256 recipes,3.040258407592773,0.1315818211747746
real_1m_to_60m,dm_mathematics,83,5.364297866821289,,,,,,,,,observed test experiment; 256 recipes,3.2746565341949463,0.1205449366979122
real_1m_to_60m,dm_mathematics,84,2.012943744659424,,,,,,,,,observed test experiment; 256 recipes,1.6245242357254028,0.05236081186849158
real_1m_to_60m,dm_mathematics,85,5.290352821350098,,,,,,,,,observed test experiment; 256 recipes,3.1513051986694336,0.12653263932179193
real_1m_to_60m,dm_mathematics,86,2.49015474319458,,,,,,,,,observed test experiment; 256 recipes,1.8535535335540767,0.07210927764254192
real_1m_to_60m,dm_mathematics,87,6.2641472816467285,,,,,,,,,observed test experiment; 256 recipes,4.700700759887695,0.07012865453646336
real_1m_to_60m,dm_mathematics,88,1.879228591918945,,,,,,,,,observed test experiment; 256 recipes,1.544437050819397,0.047920220356973416
real_1m_to_60m,dm_mathematics,89,3.3629491329193115,,,,,,,,,observed test experiment; 256 recipes,2.19775128364563,0.10389541154886796
real_1m_to_60m,dm_mathematics,90,5.343142032623291,,,,,,,,,observed test experiment; 256 recipes,3.1184818744659424,0.1315149623261367
real_1m_to_60m,dm_mathematics,91,3.378760814666748,,,,,,,,,observed test experiment; 256 recipes,2.17977237701416,0.1070473077182914
real_1m_to_60m,dm_mathematics,92,2.9114015102386475,,,,,,,,,observed test experiment; 256 recipes,2.037031888961792,0.08722783011189486
real_1m_to_60m,dm_mathematics,93,1.8431023359298704,,,,,,,,,observed test experiment; 256 recipes,1.5118322372436523,0.04839062359260678
real_1m_to_60m,dm_mathematics,94,5.682507038116455,,,,,,,,,observed test experiment; 256 recipes,3.3364384174346924,0.13005466717698524
real_1m_to_60m,dm_mathematics,95,1.86746883392334,,,,,,,,,observed test experiment; 256 recipes,1.5347938537597656,0.04791679631411602
real_1m_to_60m,dm_mathematics,96,5.072776317596436,,,,,,,,,observed test experiment; 256 recipes,2.937630653381348,0.1334242637266084
real_1m_to_60m,dm_mathematics,97,5.753370761871338,,,,,,,,,observed test experiment; 256 recipes,3.707388639450073,0.10733296570655458
real_1m_to_60m,dm_mathematics,98,5.636472225189209,,,,,,,,,observed test experiment; 256 recipes,3.501763343811035,0.11625590285451964
real_1m_to_60m,dm_mathematics,99,5.07499361038208,,,,,,,,,observed test experiment; 256 recipes,3.137757539749145,0.11743439593582526
real_1m_to_60m,dm_mathematics,100,5.257030487060547,,,,,,,,,observed test experiment; 256 recipes,3.2626490592956543,0.11650872407528969
real_1m_to_60m,dm_mathematics,101,5.950034141540527,,,,,,,,,observed test experiment; 256 recipes,3.6319406032562256,0.12056382730790459
real_1m_to_60m,dm_mathematics,102,2.6789140701293945,,,,,,,,,observed test experiment; 256 recipes,1.9225330352783203,0.08103077401116789
real_1m_to_60m,dm_mathematics,103,2.0661394596099854,,,,,,,,,observed test experiment; 256 recipes,1.6731007099151611,0.05153529461220263
real_1m_to_60m,dm_mathematics,104,2.5170094966888428,,,,,,,,,observed test experiment; 256 recipes,1.8727504014968872,0.07221261704702085
real_1m_to_60m,dm_mathematics,105,5.473531246185303,,,,,,,,,observed test experiment; 256 recipes,3.3622286319732666,0.11902269810096085
real_1m_to_60m,dm_mathematics,106,4.90165901184082,,,,,,,,,observed test experiment; 256 recipes,2.9352941513061523,0.12523764028591736
real_1m_to_60m,dm_mathematics,107,2.529719829559326,,,,,,,,,observed test experiment; 256 recipes,1.90524160861969,0.06924178553760053
real_1m_to_60m,dm_mathematics,108,5.510451316833496,,,,,,,,,observed test experiment; 256 recipes,3.4063937664031982,0.1174772508744202
real_1m_to_60m,dm_mathematics,109,1.9543375968933103,,,,,,,,,observed test experiment; 256 recipes,1.6336936950683594,0.04376959155101867
real_1m_to_60m,dm_mathematics,110,2.0444905757904053,,,,,,,,,observed test experiment; 256 recipes,1.6393274068832395,0.05394333768257478
real_1m_to_60m,dm_mathematics,111,2.863538980484009,,,,,,,,,observed test experiment; 256 recipes,1.9612040519714355,0.09244450803481237
real_1m_to_60m,dm_mathematics,112,3.414722204208374,,,,,,,,,observed test experiment; 256 recipes,2.220522403717041,0.10510929215080085
real_1m_to_60m,dm_mathematics,113,5.395689487457275,,,,,,,,,observed test experiment; 256 recipes,3.2815215587615967,0.12145855813670824
real_1m_to_60m,dm_mathematics,114,3.2418053150177,,,,,,,,,observed test experiment; 256 recipes,2.1484594345092773,0.10047501404868556
real_1m_to_60m,dm_mathematics,115,5.250946998596191,,,,,,,,,observed test experiment; 256 recipes,3.1892147064208984,0.12178597098724754
real_1m_to_60m,dm_mathematics,116,2.2457048892974854,,,,,,,,,observed test experiment; 256 recipes,1.766801834106445,0.05858041776946834
real_1m_to_60m,dm_mathematics,117,5.042623043060303,,,,,,,,,observed test experiment; 256 recipes,2.9606916904449463,0.13005829465895205
real_1m_to_60m,dm_mathematics,118,5.728129863739014,,,,,,,,,observed test experiment; 256 recipes,3.519718647003174,0.11894652175838778
real_1m_to_60m,dm_mathematics,119,1.890751957893372,,,,,,,,,observed test experiment; 256 recipes,1.5552347898483276,0.047711687134966506
real_1m_to_60m,dm_mathematics,120,4.691215515136719,,,,,,,,,observed test experiment; 256 recipes,3.002686023712158,0.1089758041714945
real_1m_to_60m,dm_mathematics,121,5.429922580718994,,,,,,,,,observed test experiment; 256 recipes,3.1280782222747803,0.13469947100859653
real_1m_to_60m,dm_mathematics,122,2.0342588424682617,,,,,,,,,observed test experiment; 256 recipes,1.6387677192687988,0.05280136426823758
real_1m_to_60m,dm_mathematics,123,5.255227088928223,,,,,,,,,observed test experiment; 256 recipes,3.0837738513946533,0.13019644189643395
real_1m_to_60m,dm_mathematics,124,1.89646065235138,,,,,,,,,observed test experiment; 256 recipes,1.5396322011947632,0.050910658286807194
real_1m_to_60m,dm_mathematics,125,3.696765899658203,,,,,,,,,observed test experiment; 256 recipes,2.2815513610839844,0.1178705689758713
real_1m_to_60m,dm_mathematics,126,2.7941813468933105,,,,,,,,,observed test experiment; 256 recipes,2.0109517574310303,0.08033789985223572
real_1m_to_60m,dm_mathematics,127,2.688095569610596,,,,,,,,,observed test experiment; 256 recipes,2.0061519145965576,0.07146798589426712
real_1m_to_60m,dm_mathematics,128,5.41388463973999,,,,,,,,,observed test experiment; 256 recipes,3.2030138969421387,0.12819504217959937
real_1m_to_60m,dm_mathematics,129,3.0995593070983887,,,,,,,,,observed test experiment; 256 recipes,2.103775978088379,0.09464912431811419
real_1m_to_60m,dm_mathematics,130,2.0663137435913086,,,,,,,,,observed test experiment; 256 recipes,1.6382310390472412,0.056699965300546336
real_1m_to_60m,dm_mathematics,131,2.5684268474578857,,,,,,,,,observed test experiment; 256 recipes,1.88900887966156,0.07504041146860253
real_1m_to_60m,dm_mathematics,132,5.199743747711182,,,,,,,,,observed test experiment; 256 recipes,2.965798854827881,0.1371313313086685
real_1m_to_60m,dm_mathematics,133,2.153970241546631,,,,,,,,,observed test experiment; 256 recipes,1.6888598203659058,0.05941344719808817
real_1m_to_60m,dm_mathematics,134,5.657011032104492,,,,,,,,,observed test experiment; 256 recipes,3.5670526027679443,0.11263243876772452
real_1m_to_60m,dm_mathematics,135,5.500192165374756,,,,,,,,,observed test experiment; 256 recipes,3.254570960998535,0.1281578931760544
real_1m_to_60m,dm_mathematics,136,5.674269676208496,,,,,,,,,observed test experiment; 256 recipes,3.4755935668945312,0.11972040485902959
real_1m_to_60m,dm_mathematics,137,5.163258075714111,,,,,,,,,observed test experiment; 256 recipes,3.098036766052246,0.12475725305963287
real_1m_to_60m,dm_mathematics,138,5.362894058227539,,,,,,,,,observed test experiment; 256 recipes,3.1237053871154785,0.1320074156346722
real_1m_to_60m,dm_mathematics,139,5.494720935821533,,,,,,,,,observed test experiment; 256 recipes,3.063662052154541,0.14267896682297249
real_1m_to_60m,dm_mathematics,140,2.6767919063568115,,,,,,,,,observed test experiment; 256 recipes,2.0122663974761963,0.0696954971663463
real_1m_to_60m,dm_mathematics,141,2.078190803527832,,,,,,,,,observed test experiment; 256 recipes,1.6385056972503662,0.05805887592985641
real_1m_to_60m,dm_mathematics,142,3.770874738693237,,,,,,,,,observed test experiment; 256 recipes,2.389634370803833,0.11141383498118247
real_1m_to_60m,dm_mathematics,143,2.2634193897247314,,,,,,,,,observed test experiment; 256 recipes,1.765371799468994,0.06069722538346241
real_1m_to_60m,dm_mathematics,144,2.0818707942962646,,,,,,,,,observed test experiment; 256 recipes,1.6593559980392456,0.055402600405946564
real_1m_to_60m,dm_mathematics,145,2.4722819328308105,,,,,,,,,observed test experiment; 256 recipes,1.8246701955795288,0.0741858246225861
real_1m_to_60m,dm_mathematics,146,1.8657586574554443,,,,,,,,,observed test experiment; 256 recipes,1.5333086252212524,0.047929492383110846
real_1m_to_60m,dm_mathematics,147,5.043026447296143,,,,,,,,,observed test experiment; 256 recipes,2.997169017791748,0.12708705804483197
real_1m_to_60m,dm_mathematics,148,2.977813959121704,,,,,,,,,observed test experiment; 256 recipes,2.0442612171173096,0.09187135905184016
real_1m_to_60m,dm_mathematics,149,3.7919235229492174,,,,,,,,,observed test experiment; 256 recipes,2.337244987487793,0.11818754598435206
real_1m_to_60m,dm_mathematics,150,5.3583984375,,,,,,,,,observed test experiment; 256 recipes,3.31421160697937,0.11734365653752667
real_1m_to_60m,dm_mathematics,151,5.041998386383057,,,,,,,,,observed test experiment; 256 recipes,2.9725418090820312,0.1290524248568386
real_1m_to_60m,dm_mathematics,152,1.903225302696228,,,,,,,,,observed test experiment; 256 recipes,1.5558679103851318,0.04921824238733031
real_1m_to_60m,dm_mathematics,153,2.8982133865356445,,,,,,,,,observed test experiment; 256 recipes,2.0294737815856934,0.08702685608436368
real_1m_to_60m,dm_mathematics,154,5.338210105895996,,,,,,,,,observed test experiment; 256 recipes,3.0146658420562744,0.13955870340771634
real_1m_to_60m,dm_mathematics,155,2.108719110488892,,,,,,,,,observed test experiment; 256 recipes,1.6804674863815308,0.055444450913825924
real_1m_to_60m,dm_mathematics,156,5.310113430023193,,,,,,,,,observed test experiment; 256 recipes,3.133446216583252,0.12883130915529847
real_1m_to_60m,dm_mathematics,157,2.4556872844696045,,,,,,,,,observed test experiment; 256 recipes,1.85774040222168,0.06815395213335168
real_1m_to_60m,dm_mathematics,158,2.5395374298095703,,,,,,,,,observed test experiment; 256 recipes,1.8900796175003047,0.0721392623075434
real_1m_to_60m,dm_mathematics,159,1.981421947479248,,,,,,,,,observed test experiment; 256 recipes,1.576932072639465,0.055768024774584146
real_1m_to_60m,dm_mathematics,160,1.985182404518128,,,,,,,,,observed test experiment; 256 recipes,1.6075469255447388,0.0515348500406891
real_1m_to_60m,dm_mathematics,161,5.561545372009277,,,,,,,,,observed test experiment; 256 recipes,3.566951274871826,0.10848250829646142
real_1m_to_60m,dm_mathematics,162,3.796479463577272,,,,,,,,,observed test experiment; 256 recipes,2.2878189086914062,0.1237011811218134
real_1m_to_60m,dm_mathematics,163,2.185805082321167,,,,,,,,,observed test experiment; 256 recipes,1.711223006248474,0.05978390252315986
real_1m_to_60m,dm_mathematics,164,2.238828182220459,,,,,,,,,observed test experiment; 256 recipes,1.7212129831314087,0.06421621996603938
real_1m_to_60m,dm_mathematics,165,1.8874828815460205,,,,,,,,,observed test experiment; 256 recipes,1.5487537384033203,0.04830896910027912
real_1m_to_60m,dm_mathematics,166,5.628060340881348,,,,,,,,,observed test experiment; 256 recipes,3.522928476333618,0.11441935489124251
real_1m_to_60m,dm_mathematics,167,1.855529427528381,,,,,,,,,observed test experiment; 256 recipes,1.5144219398498535,0.0496138636191494
real_1m_to_60m,dm_mathematics,168,3.456082582473755,,,,,,,,,observed test experiment; 256 recipes,2.19768500328064,0.11057477065393662
real_1m_to_60m,dm_mathematics,169,1.834458470344544,,,,,,,,,observed test experiment; 256 recipes,1.4979498386383057,0.049495572335158666
real_1m_to_60m,dm_mathematics,170,5.406993389129639,,,,,,,,,observed test experiment; 256 recipes,3.3909661769866943,0.1139567742558481
real_1m_to_60m,dm_mathematics,171,4.924466133117676,,,,,,,,,observed test experiment; 256 recipes,3.001138925552368,0.12095318393025312
real_1m_to_60m,dm_mathematics,172,3.214830160140991,,,,,,,,,observed test experiment; 256 recipes,2.0729687213897705,0.10717045855090547
real_1m_to_60m,dm_mathematics,173,3.5963940620422363,,,,,,,,,observed test experiment; 256 recipes,2.3040664196014404,0.10874906029685225
real_1m_to_60m,dm_mathematics,174,5.448988914489746,,,,,,,,,observed test experiment; 256 recipes,3.160921335220337,0.1330045666723135
real_1m_to_60m,dm_mathematics,175,5.337512016296387,,,,,,,,,observed test experiment; 256 recipes,3.1001574993133545,0.13269687129689633
real_1m_to_60m,dm_mathematics,176,1.8428325653076167,,,,,,,,,observed test experiment; 256 recipes,1.5338526964187622,0.044823084683751284
real_1m_to_60m,dm_mathematics,177,3.708628416061402,,,,,,,,,observed test experiment; 256 recipes,2.3455793857574463,0.11189328546443549
real_1m_to_60m,dm_mathematics,178,5.549035549163818,,,,,,,,,observed test experiment; 256 recipes,3.3917250633239746,0.12023547848770531
real_1m_to_60m,dm_mathematics,179,2.1142354011535645,,,,,,,,,observed test experiment; 256 recipes,1.7010678052902222,0.053106683313937024
real_1m_to_60m,dm_mathematics,180,5.723028659820557,,,,,,,,,observed test experiment; 256 recipes,3.768105983734131,0.10207388783682034
real_1m_to_60m,dm_mathematics,181,1.9057801961898804,,,,,,,,,observed test experiment; 256 recipes,1.5822293758392334,0.04544234707883326
real_1m_to_60m,dm_mathematics,182,5.374574661254883,,,,,,,,,observed test experiment; 256 recipes,3.090845823287964,0.13512166526611688
real_1m_to_60m,dm_mathematics,183,5.380699157714844,,,,,,,,,observed test experiment; 256 recipes,3.46173095703125,0.10772165689075551
real_1m_to_60m,dm_mathematics,184,5.452118873596191,,,,,,,,,observed test experiment; 256 recipes,3.431755542755127,0.11306629423615347
real_1m_to_60m,dm_mathematics,185,5.52545166015625,,,,,,,,,observed test experiment; 256 recipes,3.4780430793762207,0.11305721425431907
real_1m_to_60m,dm_mathematics,186,4.261010646820068,,,,,,,,,observed test experiment; 256 recipes,2.4322328567504883,0.13694418193708707
real_1m_to_60m,dm_mathematics,187,5.591771125793457,,,,,,,,,observed test experiment; 256 recipes,3.612014770507813,0.10674000288794137
real_1m_to_60m,dm_mathematics,188,5.405598163604736,,,,,,,,,observed test experiment; 256 recipes,3.2206506729125977,0.12647975620749116
real_1m_to_60m,dm_mathematics,189,5.452239036560059,,,,,,,,,observed test experiment; 256 recipes,3.4743993282318115,0.11005540470876528
real_1m_to_60m,dm_mathematics,190,5.279444694519043,,,,,,,,,observed test experiment; 256 recipes,3.1052818298339844,0.1296218319955067
real_1m_to_60m,dm_mathematics,191,3.25441312789917,,,,,,,,,observed test experiment; 256 recipes,2.1510462760925293,0.10112915282338279
real_1m_to_60m,dm_mathematics,192,2.054017782211304,,,,,,,,,observed test experiment; 256 recipes,1.648779273033142,0.05367466902495735
real_1m_to_60m,dm_mathematics,193,1.9350086450576784,,,,,,,,,observed test experiment; 256 recipes,1.5660195350646973,0.051674869810583175
real_1m_to_60m,dm_mathematics,194,5.206242561340332,,,,,,,,,observed test experiment; 256 recipes,3.153543710708618,0.12244489502024791
real_1m_to_60m,dm_mathematics,195,5.639942646026611,,,,,,,,,observed test experiment; 256 recipes,3.485170841217041,0.11756627321365909
real_1m_to_60m,dm_mathematics,196,1.893582463264465,,,,,,,,,observed test experiment; 256 recipes,1.5406032800674438,0.05038570520014429
real_1m_to_60m,dm_mathematics,197,5.618641376495361,,,,,,,,,observed test experiment; 256 recipes,3.398810625076294,0.12277040313000469
real_1m_to_60m,dm_mathematics,198,5.126327991485596,,,,,,,,,observed test experiment; 256 recipes,2.966339588165283,0.1336137866813882
real_1m_to_60m,dm_mathematics,199,1.840436339378357,,,,,,,,,observed test experiment; 256 recipes,1.5161640644073486,0.04733826825252151
real_1m_to_60m,dm_mathematics,200,5.274935722351074,,,,,,,,,observed test experiment; 256 recipes,3.275898694992065,0.1163493312748865
real_1m_to_60m,dm_mathematics,201,5.398618221282959,,,,,,,,,observed test experiment; 256 recipes,3.1270012855529785,0.13337141952524503
real_1m_to_60m,dm_mathematics,202,5.693904399871826,,,,,,,,,observed test experiment; 256 recipes,3.638227701187134,0.10939468441996915
real_1m_to_60m,dm_mathematics,203,1.870571851730347,,,,,,,,,observed test experiment; 256 recipes,1.5210915803909302,0.050512594123463025
real_1m_to_60m,dm_mathematics,204,2.384979486465454,,,,,,,,,observed test experiment; 256 recipes,1.83601462841034,0.06389136516354241
real_1m_to_60m,dm_mathematics,205,2.053405523300171,,,,,,,,,observed test experiment; 256 recipes,1.650015950202942,0.0534187310646279
real_1m_to_60m,dm_mathematics,206,1.9799916744232176,,,,,,,,,observed test experiment; 256 recipes,1.6093668937683103,0.05061903529020818
real_1m_to_60m,dm_mathematics,207,2.379069328308105,,,,,,,,,observed test experiment; 256 recipes,1.7866483926773071,0.06994230943359611
real_1m_to_60m,dm_mathematics,208,5.496065139770508,,,,,,,,,observed test experiment; 256 recipes,3.117445230484009,0.13848824114306535
real_1m_to_60m,dm_mathematics,209,5.513484001159668,,,,,,,,,observed test experiment; 256 recipes,3.423931837081909,0.11635737308567531
real_1m_to_60m,dm_mathematics,210,4.532986164093018,,,,,,,,,observed test experiment; 256 recipes,2.7858898639678955,0.1188990251489415
real_1m_to_60m,dm_mathematics,211,4.988478660583496,,,,,,,,,observed test experiment; 256 recipes,2.9803357124328613,0.1258064699883616
real_1m_to_60m,dm_mathematics,212,5.503425121307373,,,,,,,,,observed test experiment; 256 recipes,3.426617383956909,0.11571987931085542
real_1m_to_60m,dm_mathematics,213,5.589453220367432,,,,,,,,,observed test experiment; 256 recipes,3.435667037963867,0.11886404909046595
real_1m_to_60m,dm_mathematics,214,3.266964673995972,,,,,,,,,observed test experiment; 256 recipes,2.154215097427368,0.10170978039926215
real_1m_to_60m,dm_mathematics,215,5.586437702178955,,,,,,,,,observed test experiment; 256 recipes,3.708018779754639,0.10010005334703592
real_1m_to_60m,dm_mathematics,216,3.600881338119507,,,,,,,,,observed test experiment; 256 recipes,2.177016019821167,0.12290697158055375
real_1m_to_60m,dm_mathematics,217,5.686010837554932,,,,,,,,,observed test experiment; 256 recipes,3.609029531478882,0.11102387792887913
real_1m_to_60m,dm_mathematics,218,5.633650302886963,,,,,,,,,observed test experiment; 256 recipes,3.3134520053863525,0.12963419236524565
real_1m_to_60m,dm_mathematics,219,2.27991271018982,,,,,,,,,observed test experiment; 256 recipes,1.7497936487197876,0.06463532495656213
real_1m_to_60m,dm_mathematics,220,1.8790383338928225,,,,,,,,,observed test experiment; 256 recipes,1.5401949882507324,0.04856726009837112
real_1m_to_60m,dm_mathematics,221,2.5609796047210693,,,,,,,,,observed test experiment; 256 recipes,1.8851637840271,0.07482886052486114
real_1m_to_60m,dm_mathematics,222,2.6837472915649414,,,,,,,,,observed test experiment; 256 recipes,1.95702874660492,0.0771275301305916
real_1m_to_60m,dm_mathematics,223,1.945028305053711,,,,,,,,,observed test experiment; 256 recipes,1.5615708827972412,0.05363110886277003
real_1m_to_60m,dm_mathematics,224,1.8607417345047,,,,,,,,,observed test experiment; 256 recipes,1.5301284790039062,0.04777895024896225
real_1m_to_60m,dm_mathematics,225,2.2977397441864014,,,,,,,,,observed test experiment; 256 recipes,1.761893630027771,0.06485452286354125
real_1m_to_60m,dm_mathematics,226,2.2344086170196533,,,,,,,,,observed test experiment; 256 recipes,1.7279703617095947,0.06277661047184631
real_1m_to_60m,dm_mathematics,227,5.208615779876709,,,,,,,,,observed test experiment; 256 recipes,2.892333030700684,0.14367395629998234
real_1m_to_60m,dm_mathematics,228,3.933402538299561,,,,,,,,,observed test experiment; 256 recipes,2.4897890090942383,0.1116923254990091
real_1m_to_60m,dm_mathematics,229,5.482056140899658,,,,,,,,,observed test experiment; 256 recipes,3.4564754962921143,0.11265070747234503
real_1m_to_60m,dm_mathematics,230,1.968984603881836,,,,,,,,,observed test experiment; 256 recipes,1.5845887660980225,0.05304708897082648
real_1m_to_60m,dm_mathematics,231,5.418052673339844,,,,,,,,,observed test experiment; 256 recipes,3.3252694606781006,0.11923416470764013
real_1m_to_60m,dm_mathematics,232,1.853829860687256,,,,,,,,,observed test experiment; 256 recipes,1.5078351497650146,0.05045465630405517
real_1m_to_60m,dm_mathematics,233,5.37486457824707,,,,,,,,,observed test experiment; 256 recipes,3.1442947387695312,0.13094739687946977
real_1m_to_60m,dm_mathematics,234,5.64686393737793,,,,,,,,,observed test experiment; 256 recipes,3.29620099067688,0.13148129991910287
real_1m_to_60m,dm_mathematics,235,2.112262487411499,,,,,,,,,observed test experiment; 256 recipes,1.6775423288345337,0.05628002616831719
real_1m_to_60m,dm_mathematics,236,2.614272117614746,,,,,,,,,observed test experiment; 256 recipes,1.9276095628738403,0.07442095760083653
real_1m_to_60m,dm_mathematics,237,5.303238868713379,,,,,,,,,observed test experiment; 256 recipes,2.9822933673858643,0.14059030488420565
real_1m_to_60m,dm_mathematics,238,5.717641353607178,,,,,,,,,observed test experiment; 256 recipes,3.7797677516937256,0.10108914794560209
real_1m_to_60m,dm_mathematics,239,2.158689498901367,,,,,,,,,observed test experiment; 256 recipes,1.7102919816970823,0.056868007831768236
real_1m_to_60m,dm_mathematics,240,2.251073122024536,,,,,,,,,observed test experiment; 256 recipes,1.7392430305480957,0.06300326293078114
real_1m_to_60m,dm_mathematics,241,5.390805721282959,,,,,,,,,observed test experiment; 256 recipes,3.008085966110229,0.14248699993692623
real_1m_to_60m,dm_mathematics,242,1.9427989721298216,,,,,,,,,observed test experiment; 256 recipes,1.5670784711837769,0.05249110320391201
real_1m_to_60m,dm_mathematics,243,2.190179347991944,,,,,,,,,observed test experiment; 256 recipes,1.7397609949111938,0.05623261220233396
real_1m_to_60m,dm_mathematics,244,2.486647367477417,,,,,,,,,observed test experiment; 256 recipes,1.822871685028076,0.07584175030236431
real_1m_to_60m,dm_mathematics,245,2.2109897136688232,,,,,,,,,observed test experiment; 256 recipes,1.7285635471343994,0.06011939194476828
real_1m_to_60m,dm_mathematics,246,5.010557651519775,,,,,,,,,observed test experiment; 256 recipes,2.9107394218444824,0.1326561706219219
real_1m_to_60m,dm_mathematics,247,5.467451095581055,,,,,,,,,observed test experiment; 256 recipes,3.1642396450042725,0.13357442991465995
real_1m_to_60m,dm_mathematics,248,4.410656452178955,,,,,,,,,observed test experiment; 256 recipes,2.6313252449035645,0.1261583902436198
real_1m_to_60m,dm_mathematics,249,5.164788722991943,,,,,,,,,observed test experiment; 256 recipes,3.152003765106201,0.12061169308114124
real_1m_to_60m,dm_mathematics,250,1.8590770959854128,,,,,,,,,observed test experiment; 256 recipes,1.5109310150146484,0.05064404068014554
real_1m_to_60m,dm_mathematics,251,4.713761806488037,,,,,,,,,observed test experiment; 256 recipes,2.8579955101013184,0.12220900272587432
real_1m_to_60m,dm_mathematics,252,1.9496877193450928,,,,,,,,,observed test experiment; 256 recipes,1.584328532218933,0.05068174748896201
real_1m_to_60m,dm_mathematics,253,1.985156774520874,,,,,,,,,observed test experiment; 256 recipes,1.6088268756866455,0.05133730751589564
real_1m_to_60m,dm_mathematics,254,2.041407585144043,,,,,,,,,observed test experiment; 256 recipes,1.647860407829285,0.05230674543165946
real_1m_to_60m,dm_mathematics,255,3.729362726211548,,,,,,,,,observed test experiment; 256 recipes,2.365967273712158,0.1111412163062274
real_1m_to_60m,dm_mathematics,256,5.366244792938232,,,,,,,,,observed test experiment; 256 recipes,2.9970386028289795,0.14227031766056514
estimated,freelaw,1,5.360580921173096,1.5538,1.1858,0.13445418480510735,0.13522954642248314,0.0007753616173757916,0.9999769829833755,0.0031511380150844796,3.0,estimated A12-A15; shared 63 recipes; not independent experiment,,
estimated,freelaw,2,5.466145038604736,1.8299,1.4407,0.11881344848231265,0.11952443276016375,0.0007109842778511011,0.9999752230325738,0.002889502827914795,3.0,estimated A12-A15; shared 63 recipes; not independent experiment,,
estimated,freelaw,3,5.793972492218018,1.8841,1.4762,0.12196811985577728,0.12256330482826724,0.0005951849724899622,0.9999834982615455,0.0024188842351623102,3.0,estimated A12-A15; shared 63 recipes; not independent experiment,,
estimated,freelaw,4,5.040224075317383,1.7367,1.3742,0.1156812600492221,0.11648885030132518,0.0008075902521030714,0.9999663240309161,0.003282118029812533,3.0,estimated A12-A15; shared 63 recipes; not independent experiment,,
estimated,freelaw,5,5.597909927368164,2.1678,1.7494,0.10300167356526571,0.10425728847003635,0.0012556149047706355,0.9998980528336333,0.005102929742796193,3.0,estimated A12-A15; shared 63 recipes; not independent experiment,,
estimated,freelaw,6,5.519326210021973,1.7042,1.3206,0.12759137551536343,0.128194468917885,0.0006030934025215706,0.9999845141048134,0.002451024792488773,3.0,estimated A12-A15; shared 63 recipes; not independent experiment,,
estimated,freelaw,7,5.7348151206970215,2.2486,1.8062,0.101651803831054,0.10355901564152938,0.0019072118104753732,0.999760677218529,0.007751077051179749,3.0,estimated A12-A15; shared 63 recipes; not independent experiment,,
estimated,freelaw,8,3.980865478515625,1.1729,0.8958,0.1326791289649127,0.1336952191031045,0.0010160901381917886,0.9999595126963895,0.0041294799606476805,3.0,estimated A12-A15; shared 63 recipes; not independent experiment,,
estimated,freelaw,9,6.613649368286133,1.742,1.3036,0.1448482539493312,0.14556915233727394,0.0007208983879427311,0.9999828374393354,0.00292979464594587,3.0,estimated A12-A15; shared 63 recipes; not independent experiment,,
estimated,freelaw,10,5.735522270202637,1.9667,1.548,0.11620871315528064,0.1173974209314656,0.0011887077761849607,0.9999280225804048,0.004831013269705707,3.0,estimated A12-A15; shared 63 recipes; not independent experiment,,
estimated,freelaw,11,3.8723204135894775,1.0885,0.8267,0.13778571306691323,0.13841275088316296,0.0006270378162497314,0.9999856420022892,0.002548337002246206,3.0,estimated A12-A15; shared 63 recipes; not independent experiment,,
estimated,freelaw,12,4.028927326202393,1.1543,0.877,0.13571768449892235,0.13667212403538403,0.000954439536461682,0.9999658290329597,0.003878926476426877,3.0,estimated A12-A15; shared 63 recipes; not independent experiment,,
estimated,freelaw,13,5.331273078918457,1.7189,1.3425,0.12289507924470619,0.1236129030301047,0.0007178237853985164,0.9999763891576355,0.0029172991899661578,3.0,estimated A12-A15; shared 63 recipes; not independent experiment,,
estimated,freelaw,14,5.218822956085205,2.1098,1.7158,0.09833281901487,0.09971024251155641,0.0013774234966864168,0.9998657230642866,0.005597970606243627,3.0,estimated A12-A15; shared 63 recipes; not independent experiment,,
estimated,freelaw,15,5.9763712882995605,2.1811,1.7452,0.10944049822248438,0.11033674900142668,0.0008962507789423008,0.999953735774109,0.00364244223248077,3.0,estimated A12-A15; shared 63 recipes; not independent experiment,,
estimated,freelaw,16,4.731163024902344,1.9295,1.5753,0.09738078254483462,0.09857481440739418,0.0011940318625595636,0.9998968679854288,0.004852650826420726,3.0,estimated A12-A15; shared 63 recipes; not independent experiment,,
estimated,freelaw,17,4.426825046539307,1.6211,1.2972,0.10907063817283144,0.11002572374659346,0.0009550855737620184,0.999947146673606,0.0038815520290084254,3.0,estimated A12-A15; shared 63 recipes; not independent experiment,,
estimated,freelaw,18,5.229340553283691,2.0635,1.6793,0.1009606130852034,0.10181809191434017,0.000857478829136768,0.9999502602407251,0.003484869608026356,3.0,estimated A12-A15; shared 63 recipes; not independent experiment,,
estimated,freelaw,19,4.335186004638672,1.6935,1.3672,0.1020556337462558,0.10343974097405824,0.0013841072278024391,0.9998740507731345,0.005625133879135117,3.0,estimated A12-A15; shared 63 recipes; not independent experiment,,
estimated,freelaw,20,5.678719520568848,1.9755,1.5597,0.11464334620491276,0.11583033863278089,0.0011869924278681276,0.9999262695148079,0.004824041942818907,3.0,estimated A12-A15; shared 63 recipes; not independent experiment,,
estimated,freelaw,21,5.775569438934326,1.8713,1.4596,0.12236284802445829,0.12329181991011169,0.0009289718856533985,0.9999602071359203,0.003775423696796661,3.0,estimated A12-A15; shared 63 recipes; not independent experiment,,
estimated,freelaw,22,4.5764875411987305,1.6342,1.2996,0.11180676955882053,0.1128403547688628,0.0010335852100422649,0.9999411334819502,0.004200581476055707,3.0,estimated A12-A15; shared 63 recipes; not independent experiment,,
estimated,freelaw,23,5.052719593048096,1.7669,1.4024,0.1140783066132449,0.11488999593240742,0.0008116893191625202,0.9999650250197459,0.003298776999960094,3.0,estimated A12-A15; shared 63 recipes; not independent experiment,,
estimated,freelaw,24,3.967174530029297,1.125,0.8554,0.1368321961490749,0.1375229263928224,0.0006907302437474949,0.9999823453777892,0.002807188646515636,3.0,estimated A12-A15; shared 63 recipes; not independent experiment,,
estimated,freelaw,25,4.26286506652832,1.4533,1.1489,0.11683657812178001,0.11752483683471095,0.0006882587129309337,0.999975986204427,0.0027971441272396824,3.0,estimated A12-A15; shared 63 recipes; not independent experiment,,
estimated,freelaw,26,5.688676834106445,2.0121,1.5835,0.11284042543425778,0.11462991883808818,0.0017894934038304028,0.9998283331971441,0.0072726590615073685,3.0,estimated A12-A15; shared 63 recipes; not independent experiment,,
estimated,freelaw,27,4.26276159286499,1.6039,1.2883,0.10612843919423116,0.10725769284362256,0.0011292536493913985,0.9999221610471573,0.004589386453399092,3.0,estimated A12-A15; shared 63 recipes; not independent experiment,,
estimated,freelaw,28,4.21182918548584,1.439,1.1397,0.11660248893283842,0.11716588533508926,0.0005633964022508375,0.9999838207037239,0.00228969268133646,3.0,estimated A12-A15; shared 63 recipes; not independent experiment,,
estimated,freelaw,29,6.026126384735107,1.6447,1.237,0.1409878858454125,0.14193077838573911,0.0009428925403266175,0.9999690828109938,0.0038319984654626832,3.0,estimated A12-A15; shared 63 recipes; not independent experiment,,
estimated,freelaw,30,5.755373954772949,1.8404,1.4333,0.12379033063119031,0.12460768415017125,0.0008173535189809344,0.9999698604753475,0.003321796807715176,3.0,estimated A12-A15; shared 63 recipes; not independent experiment,,
estimated,freelaw,31,5.024968147277832,1.7361,1.3691,0.11538964401823396,0.11655040579862058,0.0011607617803866266,0.9999303730536989,0.004717438277397394,3.0,estimated A12-A15; shared 63 recipes; not independent experiment,,
estimated,freelaw,32,3.874768495559693,0.9749,0.7261,0.14982142239658494,0.15010002216948784,0.00027859977290289883,0.999997593788853,0.0011322540550298811,3.0,estimated A12-A15; shared 63 recipes; not independent experiment,,
estimated,freelaw,33,5.766384124755859,1.7163,1.3243,0.13157759170932148,0.1318687846964389,0.00029119298711741126,0.9999965935092968,0.0011834339885655643,3.0,estimated A12-A15; shared 63 recipes; not independent experiment,,
estimated,freelaw,34,5.322272777557373,1.7438,1.3626,0.12115011398859843,0.12212936452298989,0.0009792505343914626,0.9999549239455379,0.003979760560829015,3.0,estimated A12-A15; shared 63 recipes; not independent experiment,,
estimated,freelaw,35,6.016092777252197,2.0615,1.6352,0.11628279649394853,0.116766191723313,0.00048339522936446944,0.9999880126407406,0.001964560857056964,3.0,estimated A12-A15; shared 63 recipes; not independent experiment,,
estimated,freelaw,36,6.316792964935303,2.4423,1.9874,0.10317440837851508,0.10365349748234731,0.00047908910383223646,0.9999850532041512,0.0019470603830094245,3.0,estimated A12-A15; shared 63 recipes; not independent experiment,,
estimated,freelaw,37,5.072512626647949,1.9516,1.5752,0.10370808183128154,0.10482500652015674,0.0011169246888751982,0.9999202698241154,0.004539280470205645,3.0,estimated A12-A15; shared 63 recipes; not independent experiment,,
estimated,freelaw,38,4.905384063720703,1.6417,1.2885,0.11884480441318958,0.11983010212743607,0.0009852977142464914,0.9999525914796169,0.004004336833239457,3.0,estimated A12-A15; shared 63 recipes; not independent experiment,,
estimated,freelaw,39,4.777293682098389,1.7229,1.3738,0.11073046729296275,0.11171258531038361,0.0009821180174208605,0.999945783795039,0.00399141426482854,3.0,estimated A12-A15; shared 63 recipes; not independent experiment,,
estimated,freelaw,40,4.084653377532959,1.3547,1.0686,0.11982801938179853,0.12019159027859178,0.0003635708967932444,0.9999936044029679,0.001477584198636238,3.0,estimated A12-A15; shared 63 recipes; not independent experiment,,
estimated,freelaw,41,6.14774751663208,2.1327,1.6968,0.11494656352455933,0.11539196171476988,0.00044539819021055527,0.9999895810719698,0.0018101375378529543,3.0,estimated A12-A15; shared 63 recipes; not independent experiment,,
estimated,freelaw,42,5.81681489944458,2.1192,1.6868,0.10962832469224397,0.11096197585172966,0.0013336511594856937,0.9998984675870796,0.005420075966283141,3.0,estimated A12-A15; shared 63 recipes; not independent experiment,,
estimated,freelaw,43,5.826865196228027,2.1971,1.7636,0.10589628669375066,0.10712577463219768,0.0012294879384470159,0.9999074482331186,0.004996747446747302,3.0,estimated A12-A15; shared 63 recipes; not independent experiment,,
estimated,freelaw,44,4.4209465980529785,1.5567,1.2363,0.11332758588724166,0.11421675993942887,0.0008891740521872055,0.9999575136213521,0.003613681790642393,3.0,estimated A12-A15; shared 63 recipes; not independent experiment,,
estimated,freelaw,45,5.1034135818481445,1.471,1.123,0.13506202308970136,0.13570024866265518,0.0006382255729538155,0.9999845227963967,0.002593805032470672,3.0,estimated A12-A15; shared 63 recipes; not independent experiment,,
estimated,freelaw,46,4.930476188659668,1.8755,1.5118,0.10494294931629257,0.10596163803218958,0.001018688715897012,0.9999351347761204,0.00414004080968679,3.0,estimated A12-A15; shared 63 recipes; not independent experiment,,
estimated,freelaw,47,6.074766635894775,1.6995,1.2889,0.13830210752753713,0.13896733766358263,0.0006652301360454971,0.9999839658342179,0.0027035539592060306,3.0,estimated A12-A15; shared 63 recipes; not independent experiment,,
estimated,freelaw,48,6.259349346160889,2.0723,1.6251,0.1200191410079891,0.12087456144025187,0.0008554204322627629,0.999964905837036,0.003476504101539478,3.0,estimated A12-A15; shared 63 recipes; not independent experiment,,
estimated,freelaw,49,4.436660289764404,1.3382,1.0271,0.13013378774793463,0.13115182439401313,0.0010180366460784962,0.999957761559061,0.00413739074041916,3.0,estimated A12-A15; shared 63 recipes; not independent experiment,,
estimated,freelaw,50,5.021888732910156,1.6953,1.3382,0.11790513101344875,0.1185416798142342,0.0006365488007854525,0.9999798160252286,0.0025869904824541976,3.0,estimated A12-A15; shared 63 recipes; not independent experiment,,
estimated,freelaw,51,6.527656078338623,1.9168,1.465,0.13304511600736932,0.1339332320397498,0.0008881160323804815,0.999969197342812,0.003609381904809637,3.0,estimated A12-A15; shared 63 recipes; not independent experiment,,
estimated,freelaw,52,4.020063877105713,1.4974,1.1988,0.10722378127548372,0.10845729338818533,0.001233512112701604,0.9999091205381798,0.005013102045928894,3.0,estimated A12-A15; shared 63 recipes; not independent experiment,,
estimated,freelaw,53,3.991276979446411,1.2095,0.9336,0.1296264986294129,0.1302246144386337,0.0005981158092208116,0.9999852408964046,0.002430795414193318,3.0,estimated A12-A15; shared 63 recipes; not independent experiment,,
estimated,freelaw,54,5.3779706954956055,1.8577,1.4661,0.11541071258249225,0.11650018906083495,0.0010894764783427047,0.999938632483077,0.004427728521132191,3.0,estimated A12-A15; shared 63 recipes; not independent experiment,,
estimated,freelaw,55,4.076106548309326,1.4038,1.1097,0.11573507243635951,0.11662095113867156,0.0008858787023120485,0.9999595535442085,0.003600289198035297,3.0,estimated A12-A15; shared 63 recipes; not independent experiment,,
estimated,freelaw,56,5.112115859985352,2.0011,1.6257,0.1018329740150704,0.10269354266623408,0.0008605686511636845,0.9999507529348253,0.003497426917326564,3.0,estimated A12-A15; shared 63 recipes; not independent experiment,,
estimated,freelaw,57,5.346676349639893,1.6218,1.2405,0.12952164991642381,0.13095444548279347,0.00143279556636966,0.9999159168269337,0.0058230075823364124,3.0,estimated A12-A15; shared 63 recipes; not independent experiment,,
estimated,freelaw,58,5.378610610961914,1.6896,1.3163,0.1257215508629892,0.12617189950762073,0.0004503486446315319,0.99999109218862,0.0018302566213468353,3.0,estimated A12-A15; shared 63 recipes; not independent experiment,,
estimated,freelaw,59,6.612681865692139,1.8646,1.4195,0.13744798738338176,0.13792130252838175,0.00047331514499998617,0.9999917662170673,0.001923594504939149,3.0,estimated A12-A15; shared 63 recipes; not independent experiment,,
estimated,freelaw,60,6.167742729187012,2.053,1.6086,0.1194343251557276,0.12046777605046392,0.001033450894736318,0.9999483837091038,0.004200035606802924,3.0,estimated A12-A15; shared 63 recipes; not independent experiment,,
estimated,freelaw,61,4.252624988555908,1.5992,1.2818,0.10618857641899969,0.10749768430619389,0.001309107887194197,0.9998957529930874,0.005320329942493508,3.0,estimated A12-A15; shared 63 recipes; not independent experiment,,
estimated,freelaw,62,5.533852577209473,2.0333,1.6278,0.10870653115694803,0.10968334113050578,0.0009768099735577435,0.9999443614988274,0.003969841906295578,3.0,estimated A12-A15; shared 63 recipes; not independent experiment,,
estimated,freelaw,63,4.885903358459473,1.7912,1.4237,0.1089501979878116,0.11052952552492283,0.0015793275371112359,0.9998562990344342,0.006418526438417786,3.0,estimated A12-A15; shared 63 recipes; not independent experiment,,
real_1m_to_60m,freelaw,1,5.640962600708008,,,,,,,,,observed test experiment; 256 recipes,4.223860740661621,0.07065969733800437
real_1m_to_60m,freelaw,2,4.921931266784668,,,,,,,,,observed test experiment; 256 recipes,3.640716075897217,0.07364319156618374
real_1m_to_60m,freelaw,3,5.998435020446777,,,,,,,,,observed test experiment; 256 recipes,4.567698955535889,0.06655254189312176
real_1m_to_60m,freelaw,4,6.015463829040527,,,,,,,,,observed test experiment; 256 recipes,4.599228382110596,0.0655648072673998
real_1m_to_60m,freelaw,5,6.436367034912109,,,,,,,,,observed test experiment; 256 recipes,5.0421881675720215,0.05962471016269387
real_1m_to_60m,freelaw,6,4.910858154296875,,,,,,,,,observed test experiment; 256 recipes,3.623189687728882,0.0742717012888974
real_1m_to_60m,freelaw,7,6.862546443939209,,,,,,,,,observed test experiment; 256 recipes,5.408122539520264,0.05817208922243331
real_1m_to_60m,freelaw,8,6.165006160736084,,,,,,,,,observed test experiment; 256 recipes,4.807981014251709,0.060720802488362216
real_1m_to_60m,freelaw,9,5.546778202056885,,,,,,,,,observed test experiment; 256 recipes,4.164130210876465,0.0700258197184378
real_1m_to_60m,freelaw,10,6.216910362243652,,,,,,,,,observed test experiment; 256 recipes,4.773204326629639,0.06454151746227148
real_1m_to_60m,freelaw,11,5.282281398773193,,,,,,,,,observed test experiment; 256 recipes,3.950361013412476,0.07096401207697246
real_1m_to_60m,freelaw,12,4.795616149902344,,,,,,,,,observed test experiment; 256 recipes,3.590027093887329,0.07071765567845054
real_1m_to_60m,freelaw,13,5.622203350067139,,,,,,,,,observed test experiment; 256 recipes,4.180059909820557,0.07239206637664282
real_1m_to_60m,freelaw,14,5.696706295013428,,,,,,,,,observed test experiment; 256 recipes,4.295536518096924,0.06895162241894405
real_1m_to_60m,freelaw,15,5.868082046508789,,,,,,,,,observed test experiment; 256 recipes,4.390597820281982,0.07084465956418909
real_1m_to_60m,freelaw,16,6.163503170013428,,,,,,,,,observed test experiment; 256 recipes,4.751289367675781,0.06355822802322643
real_1m_to_60m,freelaw,17,5.69425630569458,,,,,,,,,observed test experiment; 256 recipes,4.258209228515625,0.0709782222066675
real_1m_to_60m,freelaw,18,4.585196495056152,,,,,,,,,observed test experiment; 256 recipes,3.368227481842041,0.07533472573043265
real_1m_to_60m,freelaw,19,6.46541166305542,,,,,,,,,observed test experiment; 256 recipes,4.947174072265625,0.06537069919476417
real_1m_to_60m,freelaw,20,5.326462268829346,,,,,,,,,observed test experiment; 256 recipes,4.005507946014404,0.06961233320624922
real_1m_to_60m,freelaw,21,4.508422374725342,,,,,,,,,observed test experiment; 256 recipes,3.268960475921631,0.07851690161579142
real_1m_to_60m,freelaw,22,4.20258903503418,,,,,,,,,observed test experiment; 256 recipes,3.001953125,0.08217130939301125
real_1m_to_60m,freelaw,23,4.5561628341674805,,,,,,,,,observed test experiment; 256 recipes,3.299001455307007,0.07885534479480648
real_1m_to_60m,freelaw,24,5.265047550201416,,,,,,,,,observed test experiment; 256 recipes,3.915085554122925,0.07235663494151616
real_1m_to_60m,freelaw,25,4.6624755859375,,,,,,,,,observed test experiment; 256 recipes,3.4090723991394043,0.07647287944636517
real_1m_to_60m,freelaw,26,6.644392013549805,,,,,,,,,observed test experiment; 256 recipes,5.338113307952881,0.05346421433281356
real_1m_to_60m,freelaw,27,4.409954071044922,,,,,,,,,observed test experiment; 256 recipes,3.179824113845825,0.07987563932502482
real_1m_to_60m,freelaw,28,4.386865615844727,,,,,,,,,observed test experiment; 256 recipes,3.139564037322998,0.08170563947634142
real_1m_to_60m,freelaw,29,5.776304721832275,,,,,,,,,observed test experiment; 256 recipes,4.338508129119873,0.06990950869732504
real_1m_to_60m,freelaw,30,5.989390850067139,,,,,,,,,observed test experiment; 256 recipes,4.5701093673706055,0.06605515782947041
real_1m_to_60m,freelaw,31,6.302437782287598,,,,,,,,,observed test experiment; 256 recipes,4.82277250289917,0.06535540262686583
real_1m_to_60m,freelaw,32,5.44785737991333,,,,,,,,,observed test experiment; 256 recipes,4.05780029296875,0.07194835670814803
real_1m_to_60m,freelaw,33,5.420831203460693,,,,,,,,,observed test experiment; 256 recipes,4.046315670013428,0.07142593932893608
real_1m_to_60m,freelaw,34,5.030000686645508,,,,,,,,,observed test experiment; 256 recipes,3.7502708435058594,0.07170672957559295
real_1m_to_60m,freelaw,35,5.756601333618164,,,,,,,,,observed test experiment; 256 recipes,4.2790207862854,0.0724470192092406
real_1m_to_60m,freelaw,36,4.825873851776123,,,,,,,,,observed test experiment; 256 recipes,3.563217639923096,0.074084595193696
real_1m_to_60m,freelaw,37,6.213112831115723,,,,,,,,,observed test experiment; 256 recipes,4.773970603942871,0.06435307459723218
real_1m_to_60m,freelaw,38,6.107463836669922,,,,,,,,,observed test experiment; 256 recipes,4.611738204956055,0.0686084822171829
real_1m_to_60m,freelaw,39,6.14521598815918,,,,,,,,,observed test experiment; 256 recipes,4.603988170623779,0.07052434525894595
real_1m_to_60m,freelaw,40,4.568397045135498,,,,,,,,,observed test experiment; 256 recipes,3.303825855255127,0.07915338717625722
real_1m_to_60m,freelaw,41,5.607853889465332,,,,,,,,,observed test experiment; 256 recipes,4.165139675140381,0.07264124462942272
real_1m_to_60m,freelaw,42,4.455740451812744,,,,,,,,,observed test experiment; 256 recipes,3.245236158370972,0.07742512278228571
real_1m_to_60m,freelaw,43,5.629802227020264,,,,,,,,,observed test experiment; 256 recipes,4.2785325050354,0.06703496269153346
real_1m_to_60m,freelaw,44,4.289796829223633,,,,,,,,,observed test experiment; 256 recipes,3.0762603282928467,0.08121561032849185
real_1m_to_60m,freelaw,45,4.9205827713012695,,,,,,,,,observed test experiment; 256 recipes,3.6538710594177246,0.07269534808327278
real_1m_to_60m,freelaw,46,5.89783239364624,,,,,,,,,observed test experiment; 256 recipes,4.452768325805664,0.06864563785116293
real_1m_to_60m,freelaw,47,4.199073791503906,,,,,,,,,observed test experiment; 256 recipes,2.978280067443848,0.08390060841137137
real_1m_to_60m,freelaw,48,6.07810115814209,,,,,,,,,observed test experiment; 256 recipes,4.638156414031982,0.0660363022340959
real_1m_to_60m,freelaw,49,4.784431457519531,,,,,,,,,observed test experiment; 256 recipes,3.5606613159179688,0.07215340702041063
real_1m_to_60m,freelaw,50,4.938640117645264,,,,,,,,,observed test experiment; 256 recipes,3.668696880340576,0.07260099471864669
real_1m_to_60m,freelaw,51,5.732979774475098,,,,,,,,,observed test experiment; 256 recipes,4.311865329742432,0.069575195752541
real_1m_to_60m,freelaw,52,6.352063655853272,,,,,,,,,observed test experiment; 256 recipes,4.878925800323486,0.06444369019811416
real_1m_to_60m,freelaw,53,5.393165111541748,,,,,,,,,observed test experiment; 256 recipes,4.033179759979248,0.07097041790150861
real_1m_to_60m,freelaw,54,5.148377418518066,,,,,,,,,observed test experiment; 256 recipes,3.890857219696045,0.0683997397134155
real_1m_to_60m,freelaw,55,5.790244102478027,,,,,,,,,observed test experiment; 256 recipes,4.263271808624268,0.07477083320076032
real_1m_to_60m,freelaw,56,5.514075756072998,,,,,,,,,observed test experiment; 256 recipes,4.108374118804932,0.07187394421387021
real_1m_to_60m,freelaw,57,6.54550838470459,,,,,,,,,observed test experiment; 256 recipes,5.057631015777588,0.06298465425573528
real_1m_to_60m,freelaw,58,5.722609519958496,,,,,,,,,observed test experiment; 256 recipes,4.273014545440674,0.07134361703383257
real_1m_to_60m,freelaw,59,4.649308204650879,,,,,,,,,observed test experiment; 256 recipes,3.409753561019897,0.07573334667797499
real_1m_to_60m,freelaw,60,5.243497371673584,,,,,,,,,observed test experiment; 256 recipes,3.909390211105346,0.07171045401290119
real_1m_to_60m,freelaw,61,5.392568111419678,,,,,,,,,observed test experiment; 256 recipes,4.0621113777160645,0.06919760744466315
real_1m_to_60m,freelaw,62,5.504488945007324,,,,,,,,,observed test experiment; 256 recipes,4.090433120727539,0.07251785108025464
real_1m_to_60m,freelaw,63,3.9119720458984375,,,,,,,,,observed test experiment; 256 recipes,2.773023843765259,0.08404354739678756
real_1m_to_60m,freelaw,64,4.539077758789063,,,,,,,,,observed test experiment; 256 recipes,3.310938596725464,0.07705559134931285
real_1m_to_60m,freelaw,65,5.387463092803955,,,,,,,,,observed test experiment; 256 recipes,4.056338310241699,0.0693136417652576
real_1m_to_60m,freelaw,66,3.941406726837158,,,,,,,,,observed test experiment; 256 recipes,2.823906898498535,0.08143338711600788
real_1m_to_60m,freelaw,67,6.213749885559082,,,,,,,,,observed test experiment; 256 recipes,4.897573947906494,0.05813496801659257
real_1m_to_60m,freelaw,68,5.60951042175293,,,,,,,,,observed test experiment; 256 recipes,4.133643627166748,0.07456729398883283
real_1m_to_60m,freelaw,69,4.238104343414307,,,,,,,,,observed test experiment; 256 recipes,3.052338123321533,0.08016134956915157
real_1m_to_60m,freelaw,70,5.511068820953369,,,,,,,,,observed test experiment; 256 recipes,4.1060943603515625,0.07187628663242246
real_1m_to_60m,freelaw,71,5.941628456115723,,,,,,,,,observed test experiment; 256 recipes,4.483348369598389,0.06878099075339818
real_1m_to_60m,freelaw,72,4.097648143768311,,,,,,,,,observed test experiment; 256 recipes,2.923788785934448,0.08243880696379437
real_1m_to_60m,freelaw,73,6.050549983978272,,,,,,,,,observed test experiment; 256 recipes,4.584400177001953,0.06777394913560235
real_1m_to_60m,freelaw,74,4.106628894805908,,,,,,,,,observed test experiment; 256 recipes,2.9541943073272705,0.08044670082100029
real_1m_to_60m,freelaw,75,4.950162887573242,,,,,,,,,observed test experiment; 256 recipes,3.663715124130249,0.07350206711268246
real_1m_to_60m,freelaw,76,4.972414016723633,,,,,,,,,observed test experiment; 256 recipes,3.6322548389434814,0.07670380738086638
real_1m_to_60m,freelaw,77,5.430667400360107,,,,,,,,,observed test experiment; 256 recipes,4.061959266662598,0.07092627320459581
real_1m_to_60m,freelaw,78,5.904697895050049,,,,,,,,,observed test experiment; 256 recipes,4.437271595001221,0.06978128029985846
real_1m_to_60m,freelaw,79,6.56054162979126,,,,,,,,,observed test experiment; 256 recipes,5.094168663024902,0.06178685625416124
real_1m_to_60m,freelaw,80,6.176206111907959,,,,,,,,,observed test experiment; 256 recipes,4.707980155944824,0.06629759822564193
real_1m_to_60m,freelaw,81,4.627452373504639,,,,,,,,,observed test experiment; 256 recipes,3.4087817668914795,0.0746521193699917
real_1m_to_60m,freelaw,82,5.7310471534729,,,,,,,,,observed test experiment; 256 recipes,4.278130531311035,0.0714112201504343
real_1m_to_60m,freelaw,83,5.3881449699401855,,,,,,,,,observed test experiment; 256 recipes,3.971814393997192,0.0744876605126107
real_1m_to_60m,freelaw,84,5.51118278503418,,,,,,,,,observed test experiment; 256 recipes,4.086909294128418,0.07302518059561268
real_1m_to_60m,freelaw,85,6.577033519744873,,,,,,,,,observed test experiment; 256 recipes,5.062248229980469,0.06393529122705725
real_1m_to_60m,freelaw,86,6.16478157043457,,,,,,,,,observed test experiment; 256 recipes,4.771965503692627,0.06254833373206316
real_1m_to_60m,freelaw,87,3.86080002784729,,,,,,,,,observed test experiment; 256 recipes,2.740884304046631,0.08367488638555833
real_1m_to_60m,freelaw,88,5.33543586730957,,,,,,,,,observed test experiment; 256 recipes,3.968016862869263,0.07232027919911418
real_1m_to_60m,freelaw,89,4.7804388999938965,,,,,,,,,observed test experiment; 256 recipes,3.524672508239746,0.07443067657227691
real_1m_to_60m,freelaw,90,4.699679851531982,,,,,,,,,observed test experiment; 256 recipes,3.46052360534668,0.07475542822639919
real_1m_to_60m,freelaw,91,5.1211442947387695,,,,,,,,,observed test experiment; 256 recipes,3.806276798248291,0.07247226304355556
real_1m_to_60m,freelaw,92,6.203587055206299,,,,,,,,,observed test experiment; 256 recipes,4.774813652038574,0.06393519906406808
real_1m_to_60m,freelaw,93,6.433738708496094,,,,,,,,,observed test experiment; 256 recipes,5.075416088104248,0.057920701095409276
real_1m_to_60m,freelaw,94,5.2467942237854,,,,,,,,,observed test experiment; 256 recipes,3.888901948928833,0.07314734240388099
real_1m_to_60m,freelaw,95,5.956569671630859,,,,,,,,,observed test experiment; 256 recipes,4.51381778717041,0.06774013307612056
real_1m_to_60m,freelaw,96,6.312012195587158,,,,,,,,,observed test experiment; 256 recipes,4.8120527267456055,0.06626964490843587
real_1m_to_60m,freelaw,97,4.122744083404541,,,,,,,,,observed test experiment; 256 recipes,2.983182191848755,0.07901836203937143
real_1m_to_60m,freelaw,98,4.638286113739014,,,,,,,,,observed test experiment; 256 recipes,3.4061100482940674,0.07541476527587282
real_1m_to_60m,freelaw,99,4.231803894042969,,,,,,,,,observed test experiment; 256 recipes,3.032899618148804,0.081358375676381
real_1m_to_60m,freelaw,100,4.380816459655762,,,,,,,,,observed test experiment; 256 recipes,3.14890193939209,0.08064326460967097
real_1m_to_60m,freelaw,101,5.384117126464844,,,,,,,,,observed test experiment; 256 recipes,4.080577373504639,0.06770677233413469
real_1m_to_60m,freelaw,102,4.922618389129639,,,,,,,,,observed test experiment; 256 recipes,3.626936912536621,0.07460342208683711
real_1m_to_60m,freelaw,103,5.81374979019165,,,,,,,,,observed test experiment; 256 recipes,4.387335300445557,0.0687542808042701
real_1m_to_60m,freelaw,104,4.442276954650879,,,,,,,,,observed test experiment; 256 recipes,3.215895414352417,0.07890426351088808
real_1m_to_60m,freelaw,105,4.5112738609313965,,,,,,,,,observed test experiment; 256 recipes,3.2580373287200928,0.07948881525481512
real_1m_to_60m,freelaw,106,5.805113792419434,,,,,,,,,observed test experiment; 256 recipes,4.332162380218506,0.07148211408836427
real_1m_to_60m,freelaw,107,5.429609775543213,,,,,,,,,observed test experiment; 256 recipes,4.055495738983154,0.07126765433064235
real_1m_to_60m,freelaw,108,5.410489559173584,,,,,,,,,observed test experiment; 256 recipes,4.016738414764404,0.07275141162666676
real_1m_to_60m,freelaw,109,5.367237567901611,,,,,,,,,observed test experiment; 256 recipes,4.056334972381592,0.0683951980012907
real_1m_to_60m,freelaw,110,6.32092809677124,,,,,,,,,observed test experiment; 256 recipes,4.865065574645996,0.06393840326535934
real_1m_to_60m,freelaw,111,6.42027473449707,,,,,,,,,observed test experiment; 256 recipes,4.974512577056885,0.062313641437480104
real_1m_to_60m,freelaw,112,4.284348011016846,,,,,,,,,observed test experiment; 256 recipes,3.066767454147339,0.08166003592028535
real_1m_to_60m,freelaw,113,4.566376209259033,,,,,,,,,observed test experiment; 256 recipes,3.3088293075561523,0.07867571723031039
real_1m_to_60m,freelaw,114,5.412528991699219,,,,,,,,,observed test experiment; 256 recipes,3.994273662567138,0.07421327005210127
real_1m_to_60m,freelaw,115,5.505639553070068,,,,,,,,,observed test experiment; 256 recipes,4.094864368438721,0.07230445317748023
real_1m_to_60m,freelaw,116,4.8254008293151855,,,,,,,,,observed test experiment; 256 recipes,3.5693745613098145,0.07363899463240277
real_1m_to_60m,freelaw,117,6.1056952476501465,,,,,,,,,observed test experiment; 256 recipes,4.609747409820557,0.06864320156133324
real_1m_to_60m,freelaw,118,4.908968448638916,,,,,,,,,observed test experiment; 256 recipes,3.6495048999786377,0.07241020113210793
real_1m_to_60m,freelaw,119,5.031755447387695,,,,,,,,,observed test experiment; 256 recipes,3.754017353057861,0.07154804720865972
real_1m_to_60m,freelaw,120,4.03614616394043,,,,,,,,,observed test experiment; 256 recipes,2.85443377494812,0.08460861456481499
real_1m_to_60m,freelaw,121,6.098246097564697,,,,,,,,,observed test experiment; 256 recipes,4.659557819366455,0.06572007940954044
real_1m_to_60m,freelaw,122,5.918745994567871,,,,,,,,,observed test experiment; 256 recipes,4.433290004730225,0.07058092539146513
real_1m_to_60m,freelaw,123,6.404367446899414,,,,,,,,,observed test experiment; 256 recipes,4.942192077636719,0.0632998014891719
real_1m_to_60m,freelaw,124,5.114856243133545,,,,,,,,,observed test experiment; 256 recipes,3.839976072311402,0.07001930450194047
real_1m_to_60m,freelaw,125,5.791845798492432,,,,,,,,,observed test experiment; 256 recipes,4.377040863037109,0.06840609852542977
real_1m_to_60m,freelaw,126,4.09419584274292,,,,,,,,,observed test experiment; 256 recipes,2.9017279148101807,0.0840827939961387
real_1m_to_60m,freelaw,127,4.138077735900879,,,,,,,,,observed test experiment; 256 recipes,2.945514440536499,0.08302864482957398
real_1m_to_60m,freelaw,128,4.925541400909424,,,,,,,,,observed test experiment; 256 recipes,3.648083448410034,0.07332852574458401
real_1m_to_60m,freelaw,129,5.44780158996582,,,,,,,,,observed test experiment; 256 recipes,4.074819087982178,0.07092363497387912
real_1m_to_60m,freelaw,130,5.094728946685791,,,,,,,,,observed test experiment; 256 recipes,3.789579391479492,0.0722829811859297
real_1m_to_60m,freelaw,131,4.435621738433838,,,,,,,,,observed test experiment; 256 recipes,3.189364194869995,0.08056141953714749
real_1m_to_60m,freelaw,132,6.305392742156982,,,,,,,,,observed test experiment; 256 recipes,4.837932586669922,0.0647033428867562
real_1m_to_60m,freelaw,133,5.841323852539063,,,,,,,,,observed test experiment; 256 recipes,4.381273746490479,0.07024762133370112
real_1m_to_60m,freelaw,134,5.38051176071167,,,,,,,,,observed test experiment; 256 recipes,4.058060169219971,0.06889464713318211
real_1m_to_60m,freelaw,135,4.219965934753418,,,,,,,,,observed test experiment; 256 recipes,3.01086688041687,0.08245496027906406
real_1m_to_60m,freelaw,136,5.005815982818604,,,,,,,,,observed test experiment; 256 recipes,3.701939582824707,0.07369764184467031
real_1m_to_60m,freelaw,137,5.937755107879639,,,,,,,,,observed test experiment; 256 recipes,4.457184791564941,0.07005120735122881
real_1m_to_60m,freelaw,138,6.299370765686035,,,,,,,,,observed test experiment; 256 recipes,4.776614189147949,0.06758536778023572
real_1m_to_60m,freelaw,139,6.788173198699951,,,,,,,,,observed test experiment; 256 recipes,5.311388969421387,0.059918866507562486
real_1m_to_60m,freelaw,140,4.089564800262451,,,,,,,,,observed test experiment; 256 recipes,2.918260335922241,0.08241878280997396
real_1m_to_60m,freelaw,141,6.31956672668457,,,,,,,,,observed test experiment; 256 recipes,4.83282995223999,0.0655094944516713
real_1m_to_60m,freelaw,142,4.974414348602295,,,,,,,,,observed test experiment; 256 recipes,3.67072319984436,0.07422896152411941
real_1m_to_60m,freelaw,143,4.363267421722412,,,,,,,,,observed test experiment; 256 recipes,3.132408380508423,0.08094556307889317
real_1m_to_60m,freelaw,144,4.914856910705566,,,,,,,,,observed test experiment; 256 recipes,3.629964590072632,0.07401422678665434
real_1m_to_60m,freelaw,145,5.861334800720215,,,,,,,,,observed test experiment; 256 recipes,4.416308403015137,0.0691376143033482
real_1m_to_60m,freelaw,146,5.947840213775635,,,,,,,,,observed test experiment; 256 recipes,4.589582920074463,0.06331636421465825
real_1m_to_60m,freelaw,147,5.314467430114746,,,,,,,,,observed test experiment; 256 recipes,4.004913330078125,0.06909796215788236
real_1m_to_60m,freelaw,148,6.265787124633789,,,,,,,,,observed test experiment; 256 recipes,4.790843963623047,0.06555325915068355
real_1m_to_60m,freelaw,149,5.604626178741455,,,,,,,,,observed test experiment; 256 recipes,4.230327606201172,0.06870768139890547
real_1m_to_60m,freelaw,150,6.039641380310059,,,,,,,,,observed test experiment; 256 recipes,4.553030490875244,0.06901021117378818
real_1m_to_60m,freelaw,151,4.765976428985596,,,,,,,,,observed test experiment; 256 recipes,3.4546916484832764,0.07858870272988495
real_1m_to_60m,freelaw,152,6.187445163726807,,,,,,,,,observed test experiment; 256 recipes,4.697575569152832,0.06728200862553389
real_1m_to_60m,freelaw,153,5.871471881866455,,,,,,,,,observed test experiment; 256 recipes,4.523017406463623,0.06372839559700023
real_1m_to_60m,freelaw,154,5.502684593200684,,,,,,,,,observed test experiment; 256 recipes,4.096388339996338,0.07208245024560155
real_1m_to_60m,freelaw,155,4.135551929473877,,,,,,,,,observed test experiment; 256 recipes,2.9213671684265137,0.08489004203699532
real_1m_to_60m,freelaw,156,4.914933204650879,,,,,,,,,observed test experiment; 256 recipes,3.596142530441284,0.07630437717306485
real_1m_to_60m,freelaw,157,4.683602333068848,,,,,,,,,observed test experiment; 256 recipes,3.431970357894897,0.07594206930839137
real_1m_to_60m,freelaw,158,5.937216758728027,,,,,,,,,observed test experiment; 256 recipes,4.459210395812988,0.06991809092236782
real_1m_to_60m,freelaw,159,6.662154197692871,,,,,,,,,observed test experiment; 256 recipes,5.176133155822754,0.06164224799203173
real_1m_to_60m,freelaw,160,5.449395656585693,,,,,,,,,observed test experiment; 256 recipes,4.093287467956543,0.0698906211693791
real_1m_to_60m,freelaw,161,4.695094585418701,,,,,,,,,observed test experiment; 256 recipes,3.4968037605285645,0.07196974118369878
real_1m_to_60m,freelaw,162,4.747625827789307,,,,,,,,,observed test experiment; 256 recipes,3.453619956970215,0.07772226266885515
real_1m_to_60m,freelaw,163,6.046144485473633,,,,,,,,,observed test experiment; 256 recipes,4.525259494781494,0.07076733942255498
real_1m_to_60m,freelaw,164,4.860141277313232,,,,,,,,,observed test experiment; 256 recipes,3.560655355453491,0.0759884483671338
real_1m_to_60m,freelaw,165,4.618142604827881,,,,,,,,,observed test experiment; 256 recipes,3.3657023906707764,0.07726655886453448
real_1m_to_60m,freelaw,166,4.261969089508057,,,,,,,,,observed test experiment; 256 recipes,3.07238507270813,0.07993394778546181
real_1m_to_60m,freelaw,167,5.112470626831055,,,,,,,,,observed test experiment; 256 recipes,3.892883777618408,0.0665631721659084
real_1m_to_60m,freelaw,168,5.454891204833984,,,,,,,,,observed test experiment; 256 recipes,4.036011695861816,0.07357848613321522
real_1m_to_60m,freelaw,169,6.332028865814209,,,,,,,,,observed test experiment; 256 recipes,4.89787483215332,0.06272537484595342
real_1m_to_60m,freelaw,170,5.396077632904053,,,,,,,,,observed test experiment; 256 recipes,4.010232925415039,0.07249585253074199
real_1m_to_60m,freelaw,171,5.338084697723389,,,,,,,,,observed test experiment; 256 recipes,4.011684417724609,0.06976836122097183
real_1m_to_60m,freelaw,172,4.9337358474731445,,,,,,,,,observed test experiment; 256 recipes,3.613687753677368,0.07604823810050192
real_1m_to_60m,freelaw,173,5.410892009735107,,,,,,,,,observed test experiment; 256 recipes,4.016817092895508,0.07276479429374143
real_1m_to_60m,freelaw,174,4.697358131408691,,,,,,,,,observed test experiment; 256 recipes,3.4047844409942627,0.0786007662764712
real_1m_to_60m,freelaw,175,4.947902202606201,,,,,,,,,observed test experiment; 256 recipes,3.653648853302002,0.07406248561009283
real_1m_to_60m,freelaw,176,4.407441139221191,,,,,,,,,observed test experiment; 256 recipes,3.190347194671631,0.07892949073390386
real_1m_to_60m,freelaw,177,5.042717933654785,,,,,,,,,observed test experiment; 256 recipes,3.738219738006592,0.07310955697805256
real_1m_to_60m,freelaw,178,4.286564350128174,,,,,,,,,observed test experiment; 256 recipes,3.066973924636841,0.08176990798636273
real_1m_to_60m,freelaw,179,5.600709915161133,,,,,,,,,observed test experiment; 256 recipes,4.144269943237305,0.07355675911389915
real_1m_to_60m,freelaw,180,3.97832989692688,,,,,,,,,observed test experiment; 256 recipes,2.8001134395599365,0.08577738671369879
real_1m_to_60m,freelaw,181,4.301235198974609,,,,,,,,,observed test experiment; 256 recipes,3.0888819694519043,0.08086594294666963
real_1m_to_60m,freelaw,182,4.708717346191406,,,,,,,,,observed test experiment; 256 recipes,3.4213438034057617,0.07800568358762822
real_1m_to_60m,freelaw,183,3.9439990520477295,,,,,,,,,observed test experiment; 256 recipes,2.8268747329711914,0.08133742154261224
real_1m_to_60m,freelaw,184,5.396965026855469,,,,,,,,,observed test experiment; 256 recipes,4.090939998626709,0.06766943698396599
real_1m_to_60m,freelaw,185,5.026473045349121,,,,,,,,,observed test experiment; 256 recipes,3.780935049057007,0.06954646915914077
real_1m_to_60m,freelaw,186,6.279786109924316,,,,,,,,,observed test experiment; 256 recipes,4.842998504638672,0.06345383549653227
real_1m_to_60m,freelaw,187,4.626051902770996,,,,,,,,,observed test experiment; 256 recipes,3.396857261657715,0.0754340797392064
real_1m_to_60m,freelaw,188,5.740536212921143,,,,,,,,,observed test experiment; 256 recipes,4.296891689300537,0.07074654321268113
real_1m_to_60m,freelaw,189,4.38454008102417,,,,,,,,,observed test experiment; 256 recipes,3.1945762634277344,0.07733356994791794
real_1m_to_60m,freelaw,190,4.611617565155029,,,,,,,,,observed test experiment; 256 recipes,3.355588912963867,0.07765623642555634
real_1m_to_60m,freelaw,191,6.32806396484375,,,,,,,,,observed test experiment; 256 recipes,4.870208740234375,0.06395591187114338
real_1m_to_60m,freelaw,192,4.797440052032471,,,,,,,,,observed test experiment; 256 recipes,3.5195400714874268,0.07565365564193764
real_1m_to_60m,freelaw,193,6.222388744354248,,,,,,,,,observed test experiment; 256 recipes,4.778719902038574,0.06447458532070818
real_1m_to_60m,freelaw,194,5.427516460418701,,,,,,,,,observed test experiment; 256 recipes,4.06679105758667,0.07049416594669432
real_1m_to_60m,freelaw,195,5.21517276763916,,,,,,,,,observed test experiment; 256 recipes,3.914441347122192,0.07007216631711731
real_1m_to_60m,freelaw,196,6.602713584899902,,,,,,,,,observed test experiment; 256 recipes,5.101464748382568,0.0630022719829644
real_1m_to_60m,freelaw,197,5.640345096588135,,,,,,,,,observed test experiment; 256 recipes,4.217854499816895,0.07098050986256702
real_1m_to_60m,freelaw,198,4.784078598022461,,,,,,,,,observed test experiment; 256 recipes,3.513096570968628,0.07542002844805837
real_1m_to_60m,freelaw,199,4.983717441558838,,,,,,,,,observed test experiment; 256 recipes,3.7169065475463854,0.07163157209140313
real_1m_to_60m,freelaw,200,4.407111167907715,,,,,,,,,observed test experiment; 256 recipes,3.167815685272217,0.08064224046625773
real_1m_to_60m,freelaw,201,4.697414398193359,,,,,,,,,observed test experiment; 256 recipes,3.442389249801636,0.07592093066757555
real_1m_to_60m,freelaw,202,6.482122421264648,,,,,,,,,observed test experiment; 256 recipes,5.065159320831299,0.06024466057505379
real_1m_to_60m,freelaw,203,5.692229270935059,,,,,,,,,observed test experiment; 256 recipes,4.220415592193604,0.07306868037416643
real_1m_to_60m,freelaw,204,4.089553356170654,,,,,,,,,observed test experiment; 256 recipes,2.881698608398437,0.08549740746809935
real_1m_to_60m,freelaw,205,5.122236728668213,,,,,,,,,observed test experiment; 256 recipes,3.8104653358459473,0.07225573792195113
real_1m_to_60m,freelaw,206,4.293869495391846,,,,,,,,,observed test experiment; 256 recipes,3.086448907852173,0.0806397928584422
real_1m_to_60m,freelaw,207,4.42240571975708,,,,,,,,,observed test experiment; 256 recipes,3.148552179336548,0.08297814260079708
real_1m_to_60m,freelaw,208,5.224860668182373,,,,,,,,,observed test experiment; 256 recipes,3.925494909286499,0.06983674479514092
real_1m_to_60m,freelaw,209,6.019003868103027,,,,,,,,,observed test experiment; 256 recipes,4.557505130767822,0.06793429757353332
real_1m_to_60m,freelaw,210,4.797998905181885,,,,,,,,,observed test experiment; 256 recipes,3.5152230262756348,0.07598187167511816
real_1m_to_60m,freelaw,211,5.993311405181885,,,,,,,,,observed test experiment; 256 recipes,4.493456840515137,0.07034624810749557
real_1m_to_60m,freelaw,212,3.963047742843628,,,,,,,,,observed test experiment; 256 recipes,2.788851022720337,0.0858217145000949
real_1m_to_60m,freelaw,213,5.839303016662598,,,,,,,,,observed test experiment; 256 recipes,4.476778984069824,0.06489625583506725
real_1m_to_60m,freelaw,214,5.779677391052246,,,,,,,,,observed test experiment; 256 recipes,4.3342061042785645,0.07029437920106385
real_1m_to_60m,freelaw,215,3.97281813621521,,,,,,,,,observed test experiment; 256 recipes,2.819105863571167,0.08378775421246475
real_1m_to_60m,freelaw,216,6.275198936462402,,,,,,,,,observed test experiment; 256 recipes,4.8979692459106445,0.06051872385651338
real_1m_to_60m,freelaw,217,5.034622669219971,,,,,,,,,observed test experiment; 256 recipes,3.776793956756592,0.07020979482214458
real_1m_to_60m,freelaw,218,6.4635009765625,,,,,,,,,observed test experiment; 256 recipes,5.1009955406188965,0.05782009538024994
real_1m_to_60m,freelaw,219,4.878647804260254,,,,,,,,,observed test experiment; 256 recipes,3.558767557144165,0.07704622663567587
real_1m_to_60m,freelaw,220,5.125910758972168,,,,,,,,,observed test experiment; 256 recipes,3.839242696762085,0.07059324908930303
real_1m_to_60m,freelaw,221,4.99551248550415,,,,,,,,,observed test experiment; 256 recipes,3.727487802505493,0.07151462382705251
real_1m_to_60m,freelaw,222,4.943576335906982,,,,,,,,,observed test experiment; 256 recipes,3.677855730056762,0.07223601216447657
real_1m_to_60m,freelaw,223,6.38359260559082,,,,,,,,,observed test experiment; 256 recipes,4.9859137535095215,0.06035504638705877
real_1m_to_60m,freelaw,224,6.332752704620361,,,,,,,,,observed test experiment; 256 recipes,4.842878818511963,0.0655112589772392
real_1m_to_60m,freelaw,225,5.385530471801758,,,,,,,,,observed test experiment; 256 recipes,3.977346181869507,0.07402918877166662
real_1m_to_60m,freelaw,226,5.411829948425293,,,,,,,,,observed test experiment; 256 recipes,4.01920223236084,0.07266214428476615
real_1m_to_60m,freelaw,227,6.351621150970459,,,,,,,,,observed test experiment; 256 recipes,4.875377178192139,0.06460438400442044
real_1m_to_60m,freelaw,228,5.41459846496582,,,,,,,,,observed test experiment; 256 recipes,4.045820236206055,0.07117486404940629
real_1m_to_60m,freelaw,229,5.384772777557373,,,,,,,,,observed test experiment; 256 recipes,4.0727949142456055,0.0682027697331133
real_1m_to_60m,freelaw,230,6.042952537536621,,,,,,,,,observed test experiment; 256 recipes,4.601484298706055,0.06655858929448132
real_1m_to_60m,freelaw,231,4.66101598739624,,,,,,,,,observed test experiment; 256 recipes,3.374678373336792,0.07887304537231149
real_1m_to_60m,freelaw,232,4.957799434661865,,,,,,,,,observed test experiment; 256 recipes,3.696971893310547,0.07167152107123864
real_1m_to_60m,freelaw,233,5.29637336730957,,,,,,,,,observed test experiment; 256 recipes,3.949668884277344,0.071657517565148
real_1m_to_60m,freelaw,234,6.743469715118408,,,,,,,,,observed test experiment; 256 recipes,5.297269344329834,0.05895525244295622
real_1m_to_60m,freelaw,235,5.169610977172852,,,,,,,,,observed test experiment; 256 recipes,3.8478965759277344,0.07211674052404224
real_1m_to_60m,freelaw,236,6.134434223175049,,,,,,,,,observed test experiment; 256 recipes,4.767054080963135,0.06159455509783004
real_1m_to_60m,freelaw,237,6.444334030151367,,,,,,,,,observed test experiment; 256 recipes,4.964296817779541,0.06372928223740783
real_1m_to_60m,freelaw,238,4.113835334777832,,,,,,,,,observed test experiment; 256 recipes,2.9199540615081787,0.08372228468989672
real_1m_to_60m,freelaw,239,4.629025459289551,,,,,,,,,observed test experiment; 256 recipes,3.4017486572265625,0.0752395766766627
real_1m_to_60m,freelaw,240,5.075350284576416,,,,,,,,,observed test experiment; 256 recipes,3.782268285751343,0.07182386201616074
real_1m_to_60m,freelaw,241,4.829885482788086,,,,,,,,,observed test experiment; 256 recipes,3.53067398071289,0.07652848238662502
real_1m_to_60m,freelaw,242,4.961251735687256,,,,,,,,,observed test experiment; 256 recipes,3.686028242111206,0.07256559608895514
real_1m_to_60m,freelaw,243,4.127524375915527,,,,,,,,,observed test experiment; 256 recipes,2.926971435546875,0.08394739343380336
real_1m_to_60m,freelaw,244,5.826664924621582,,,,,,,,,observed test experiment; 256 recipes,4.28524112701416,0.07504692267503606
real_1m_to_60m,freelaw,245,5.859865188598633,,,,,,,,,observed test experiment; 256 recipes,4.346288681030273,0.07297976251418288
real_1m_to_60m,freelaw,246,5.263875484466553,,,,,,,,,observed test experiment; 256 recipes,3.9415342807769775,0.0706578247889144
real_1m_to_60m,freelaw,247,5.728123188018799,,,,,,,,,observed test experiment; 256 recipes,4.271255493164063,0.07167939110397487
real_1m_to_60m,freelaw,248,5.824334144592285,,,,,,,,,observed test experiment; 256 recipes,4.423903942108154,0.06717122306582535
real_1m_to_60m,freelaw,249,4.633884906768799,,,,,,,,,observed test experiment; 256 recipes,3.372425079345703,0.07761034531794254
real_1m_to_60m,freelaw,250,5.722742557525635,,,,,,,,,observed test experiment; 256 recipes,4.35637903213501,0.06663018691912513
real_1m_to_60m,freelaw,251,4.345057487487793,,,,,,,,,observed test experiment; 256 recipes,3.108606100082397,0.08178709873427722
real_1m_to_60m,freelaw,252,5.886910915374756,,,,,,,,,observed test experiment; 256 recipes,4.445044040679932,0.06861699507679038
real_1m_to_60m,freelaw,253,5.133501529693604,,,,,,,,,observed test experiment; 256 recipes,3.8445231914520255,0.07061897050969039
real_1m_to_60m,freelaw,254,5.924375057220459,,,,,,,,,observed test experiment; 256 recipes,4.452892303466797,0.06973554879443786
real_1m_to_60m,freelaw,255,4.4871320724487305,,,,,,,,,observed test experiment; 256 recipes,3.235390901565552,0.0798818956973534
real_1m_to_60m,freelaw,256,6.054886341094971,,,,,,,,,observed test experiment; 256 recipes,4.555665016174316,0.0694846475187149
estimated,github,1,6.632823467254639,1.9226,1.4672,0.13445237517968947,0.13523134412506968,0.0007789689453802096,0.9999767685481883,0.0031657985143314126,3.0,estimated A12-A15; shared 63 recipes; not independent experiment,,
estimated,github,2,4.141744136810303,1.3866,1.0916,0.11880801756335825,0.11952693925603683,0.0007189216926785785,0.9999746667454161,0.00292176118200906,3.0,estimated A12-A15; shared 63 recipes; not independent experiment,,
estimated,github,3,6.540956497192383,2.127,1.6665,0.1219684427047207,0.12256427791981597,0.0005958352150952778,0.9999834623937944,0.0024215268784743425,3.0,estimated A12-A15; shared 63 recipes; not independent experiment,,
estimated,github,4,4.150362968444824,1.4301,1.1316,0.1156799181970415,0.11648745515338563,0.0008075369563441265,0.999966327676818,0.003281901431146292,3.0,estimated A12-A15; shared 63 recipes; not independent experiment,,
estimated,github,5,4.485220432281494,1.7369,1.4017,0.1030022441833307,0.10425562380516493,0.001253379621834222,0.9998984135693033,0.005093845355746773,3.0,estimated A12-A15; shared 63 recipes; not independent experiment,,
estimated,github,6,4.315804481506348,1.3326,1.0327,0.1275904881803545,0.12818885799693583,0.0005983698165813178,0.9999847547471802,0.00243182772251516,3.0,estimated A12-A15; shared 63 recipes; not independent experiment,,
estimated,github,7,5.73452091217041,2.2485,1.8061,0.10165106223059167,0.10355937982208427,0.0019083175914925976,0.9997603997699256,0.007755571042785232,3.0,estimated A12-A15; shared 63 recipes; not independent experiment,,
estimated,github,8,6.64463996887207,1.9577,1.4953,0.13268132835335894,0.13369040534912333,0.0010090769957643853,0.9999600680754508,0.004100977931126192,3.0,estimated A12-A15; shared 63 recipes; not independent experiment,,
estimated,github,9,7.759432315826416,2.0438,1.5295,0.14484788859762096,0.14556577845503393,0.0007178898574129733,0.9999829798183519,0.002917567712461588,3.0,estimated A12-A15; shared 63 recipes; not independent experiment,,
estimated,github,10,5.298417091369629,1.8169,1.43,0.11620377951222981,0.11739909095829934,0.001195311446069533,0.9999272201981398,0.0048578511666897,3.0,estimated A12-A15; shared 63 recipes; not independent experiment,,
estimated,github,11,6.030669212341309,1.6952,1.2875,0.13778614099413045,0.13841170280303722,0.0006255618089067716,0.9999857093965159,0.0025423383781915687,3.0,estimated A12-A15; shared 63 recipes; not independent experiment,,
estimated,github,12,6.723077297210693,1.9263,1.4634,0.13571104496488592,0.13667526401516902,0.0009642190502830994,0.9999651252505298,0.003918671283341552,3.0,estimated A12-A15; shared 63 recipes; not independent experiment,,
estimated,github,13,6.898706912994385,2.2243,1.7372,0.12289358319410741,0.1236131589057407,0.000719575711633294,0.9999762736569718,0.0029244191727383763,3.0,estimated A12-A15; shared 63 recipes; not independent experiment,,
estimated,github,14,4.662861347198486,1.8851,1.533,0.09832952705758494,0.09971116018950783,0.0013816331319228964,0.9998649000760264,0.005615078935216656,3.0,estimated A12-A15; shared 63 recipes; not independent experiment,,
estimated,github,15,4.265994071960449,1.5569,1.2457,0.10943988224368231,0.11033972455318022,0.0008998423094979113,0.9999533658266981,0.003657038529501961,3.0,estimated A12-A15; shared 63 recipes; not independent experiment,,
estimated,github,16,4.429530620574951,1.8065,1.4748,0.0973799355823329,0.09857892974605077,0.0011989941637178675,0.9998960144917715,0.004872818056100159,3.0,estimated A12-A15; shared 63 recipes; not independent experiment,,
estimated,github,17,4.874502658843994,1.7851,1.4284,0.1090669404066742,0.11002470242979404,0.0009577620231198403,0.9999468482475614,0.0038924293553139065,3.0,estimated A12-A15; shared 63 recipes; not independent experiment,,
estimated,github,18,4.761942863464356,1.879,1.5292,0.10096435002101019,0.10181835058101824,0.0008540005600080475,0.9999506642427446,0.0034707336154359085,3.0,estimated A12-A15; shared 63 recipes; not independent experiment,,
estimated,github,19,5.453387260437012,2.1303,1.7199,0.10205639297292193,0.10343715207139194,0.0013807590984700052,0.9998746555559096,0.005611526786157476,3.0,estimated A12-A15; shared 63 recipes; not independent experiment,,
estimated,github,20,5.1697998046875,1.7985,1.4199,0.1146408209116953,0.11583170494770904,0.0011908840360137507,0.9999257854863262,0.004839857781638682,3.0,estimated A12-A15; shared 63 recipes; not independent experiment,,
estimated,github,21,5.322590827941895,1.7246,1.3451,0.1223586748688411,0.12329337891943523,0.0009347040505941345,0.9999597144039386,0.0037987197208049924,3.0,estimated A12-A15; shared 63 recipes; not independent experiment,,
estimated,github,22,4.412414073944092,1.5756,1.253,0.11180757225447939,0.1128408931347988,0.001033320880319405,0.9999411642352514,0.0041995072167428805,3.0,estimated A12-A15; shared 63 recipes; not independent experiment,,
estimated,github,23,4.91853141784668,1.7199,1.3652,0.11408306333994653,0.11488708084963434,0.0008040175096878099,0.9999656827127886,0.0032675980894509293,3.0,estimated A12-A15; shared 63 recipes; not independent experiment,,
estimated,github,24,5.654896259307861,1.6036,1.2192,0.13683214862484094,0.13753069237797338,0.0006985437531324412,0.9999819451064935,0.0028389434379605468,3.0,estimated A12-A15; shared 63 recipes; not independent experiment,,
estimated,github,25,4.913228511810303,1.675,1.3242,0.11683803801291939,0.11752360327420074,0.0006855652612813429,0.9999761736272312,0.002786197702120712,3.0,estimated A12-A15; shared 63 recipes; not independent experiment,,
estimated,github,26,6.123146057128906,2.1658,1.7045,0.11283906738259457,0.11462670285644821,0.0017876354738536465,0.9998286815086697,0.007265108270176098,3.0,estimated A12-A15; shared 63 recipes; not independent experiment,,
estimated,github,27,5.107607364654541,1.9218,1.5437,0.10612732886415428,0.10725368115454023,0.0011263522903859485,0.9999225559891707,0.004577595074444328,3.0,estimated A12-A15; shared 63 recipes; not independent experiment,,
estimated,github,28,4.645040035247803,1.5871,1.257,0.11659629246311097,0.11716051545767442,0.0005642229945634486,0.9999837716327221,0.002293052025416433,3.0,estimated A12-A15; shared 63 recipes; not independent experiment,,
estimated,github,29,8.14659309387207,2.2234,1.6723,0.14098960584537798,0.1419293952904826,0.0009397894451046163,0.9999692857919277,0.003819387212726989,3.0,estimated A12-A15; shared 63 recipes; not independent experiment,,
estimated,github,30,4.5067949295043945,1.4412,1.1223,0.12378588589491302,0.12461230487516385,0.0008264189802508343,0.9999691890983745,0.003358639642067502,3.0,estimated A12-A15; shared 63 recipes; not independent experiment,,
estimated,github,31,5.920037746429443,2.0454,1.6129,0.11538655605013666,0.11655430483291235,0.0011677487827756877,0.9999295344438608,0.004745834071497105,3.0,estimated A12-A15; shared 63 recipes; not independent experiment,,
estimated,github,32,7.658684730529785,1.9269,1.4353,0.14982375386050456,0.15009221718894586,0.0002684633284412985,0.9999977655584621,0.0010910586505050977,3.0,estimated A12-A15; shared 63 recipes; not independent experiment,,
estimated,github,33,4.100144386291504,1.2204,0.9416,0.13157423791694842,0.131871985979649,0.0002977480627005813,0.9999964384776595,0.00121007439402153,3.0,estimated A12-A15; shared 63 recipes; not independent experiment,,
estimated,github,34,3.774742603302002,1.2368,0.9664,0.12114696655126173,0.12212971060963274,0.00098274405837101,0.9999546012047837,0.003993958550479065,3.0,estimated A12-A15; shared 63 recipes; not independent experiment,,
estimated,github,35,4.939427852630615,1.6926,1.3425,0.11628057744656983,0.11677005238722298,0.0004894749406531423,0.9999877096271481,0.0019892693400836584,3.0,estimated A12-A15; shared 63 recipes; not independent experiment,,
estimated,github,36,5.468338489532471,2.1142,1.7205,0.10317733025406874,0.10365130042829845,0.0004739701742297181,0.9999853707308901,0.0019262566015149339,3.0,estimated A12-A15; shared 63 recipes; not independent experiment,,
estimated,github,37,5.011911392211914,1.9283,1.5563,0.10370719576365307,0.10482967788472314,0.0011224821210700647,0.9999194790049873,0.004561866364920037,3.0,estimated A12-A15; shared 63 recipes; not independent experiment,,
estimated,github,38,6.600042343139648,2.2089,1.7336,0.11884266665201654,0.1198320072571659,0.0009893406051493664,0.9999522021534928,0.004020767498530894,3.0,estimated A12-A15; shared 63 recipes; not independent experiment,,
estimated,github,39,4.740827083587647,1.7098,1.3633,0.11072720061320494,0.11171346297165484,0.0009862623584498964,0.9999453248758291,0.004008257232382456,3.0,estimated A12-A15; shared 63 recipes; not independent experiment,,
estimated,github,40,5.705118656158447,1.8922,1.4925,0.11982441081037305,0.12019371677883815,0.0003693059684651001,0.9999934010767324,0.0015008920358562596,3.0,estimated A12-A15; shared 63 recipes; not independent experiment,,
estimated,github,41,3.768294095993042,1.3072,1.0401,0.11495068767703988,0.11538872668896409,0.0004380390119242128,0.999989922360077,0.0017802291880737605,3.0,estimated A12-A15; shared 63 recipes; not independent experiment,,
estimated,github,42,4.072724342346191,1.4838,1.181,0.10962741240356198,0.11096475536831286,0.0013373429647508817,0.9998979077361851,0.005435079788570249,3.0,estimated A12-A15; shared 63 recipes; not independent experiment,,
estimated,github,43,4.958409309387207,1.8696,1.5008,0.10589841872434787,0.10712261113400412,0.0012241924096562523,0.9999082411229511,0.004975225950572264,3.0,estimated A12-A15; shared 63 recipes; not independent experiment,,
estimated,github,44,4.572906017303467,1.6102,1.2788,0.11332811337859307,0.1142163984403902,0.0008882850617971255,0.9999575984691976,0.0036100688552706843,3.0,estimated A12-A15; shared 63 recipes; not independent experiment,,
estimated,github,45,5.690601825714111,1.6402,1.2522,0.13506534782669502,0.13570096910071366,0.000635621274018644,0.9999846491956815,0.0025832209318477914,3.0,estimated A12-A15; shared 63 recipes; not independent experiment,,
estimated,github,46,4.71076250076294,1.7919,1.4444,0.10494435995013693,0.10596353784225644,0.0010191778921195133,0.999935074614653,0.004142028865010292,3.0,estimated A12-A15; shared 63 recipes; not independent experiment,,
estimated,github,47,7.715780258178711,2.1586,1.6371,0.13830191947979384,0.1389661543647508,0.0006642348849569546,0.9999840135743632,0.002699509170981705,3.0,estimated A12-A15; shared 63 recipes; not independent experiment,,
estimated,github,48,5.20815896987915,1.7243,1.3521,0.12001785090919857,0.12087999338898822,0.0008621424797896488,0.999964354100351,0.003503823095704916,3.0,estimated A12-A15; shared 63 recipes; not independent experiment,,
estimated,github,49,6.93580961227417,2.092,1.6056,0.13013387076713426,0.13115520027381627,0.0010213295066820172,0.999957489408403,0.0041507732164068984,3.0,estimated A12-A15; shared 63 recipes; not independent experiment,,
estimated,github,50,6.491039276123047,2.1913,1.7297,0.11790309956149718,0.11854114133872914,0.0006380417772319652,0.9999797208909788,0.00259305807044248,3.0,estimated A12-A15; shared 63 recipes; not independent experiment,,
estimated,github,51,3.798149824142456,1.1153,0.8524,0.1330450974960943,0.13393509187705657,0.0008899943809622668,0.9999690675028345,0.0036170156791533164,3.0,estimated A12-A15; shared 63 recipes; not independent experiment,,
estimated,github,52,5.564821720123291,2.0728,1.6595,0.10722346386205722,0.10845477105760039,0.001231307195543166,0.9999094420480079,0.005004141068080049,3.0,estimated A12-A15; shared 63 recipes; not independent experiment,,
estimated,github,53,5.462283134460449,1.6552,1.2777,0.12963093253664068,0.13022343568696354,0.0005925031503228595,0.9999855167186739,0.0024079850732859746,3.0,estimated A12-A15; shared 63 recipes; not independent experiment,,
estimated,github,54,5.463810443878174,1.8874,1.4895,0.11540791830805881,0.1165002465857292,0.0010923282776703902,0.9999383099228366,0.00443931848518449,3.0,estimated A12-A15; shared 63 recipes; not independent experiment,,
estimated,github,55,5.376951694488525,1.8519,1.4638,0.11572965079720955,0.11662393358954269,0.0008942827923331398,0.999958782770257,0.003634444161286103,3.0,estimated A12-A15; shared 63 recipes; not independent experiment,,
estimated,github,56,5.026473045349121,1.9676,1.5984,0.10183163602234985,0.10269717619446189,0.0008655401721120448,0.999950184333151,0.0035176316170459983,3.0,estimated A12-A15; shared 63 recipes; not independent experiment,,
estimated,github,57,6.708127975463867,2.0347,1.5564,0.12952523856390896,0.13095299867391277,0.0014277601100038118,0.9999165069194981,0.005802543043439807,3.0,estimated A12-A15; shared 63 recipes; not independent experiment,,
estimated,github,58,4.455813407897949,1.3997,1.0904,0.12572300834585343,0.12617725133947946,0.00045424299362603615,0.9999909380587126,0.0018460835992182268,3.0,estimated A12-A15; shared 63 recipes; not independent experiment,,
estimated,github,59,5.957604885101318,1.6799,1.2789,0.1374470667131681,0.13791983238761354,0.0004727656744454578,0.9999917851682365,0.0019213614081313446,3.0,estimated A12-A15; shared 63 recipes; not independent experiment,,
estimated,github,60,4.680066108703613,1.5578,1.2206,0.11943507207013467,0.12046786614905079,0.0010327940789161272,0.9999484495492434,0.004197366249365728,3.0,estimated A12-A15; shared 63 recipes; not independent experiment,,
estimated,github,61,4.733158111572266,1.7799,1.4267,0.10618885232485305,0.10749387253115127,0.0013050202062982186,0.9998963980392116,0.005303717246718853,3.0,estimated A12-A15; shared 63 recipes; not independent experiment,,
estimated,github,62,4.398690700531006,1.6162,1.2939,0.10870708066447762,0.10968255086548674,0.0009754702010091182,0.9999445136360116,0.003964396952463903,3.0,estimated A12-A15; shared 63 recipes; not independent experiment,,
estimated,github,63,5.030057430267334,1.844,1.4657,0.10895300672204501,0.11052982856730587,0.0015768218452608534,0.9998567574238965,0.006408343085686835,3.0,estimated A12-A15; shared 63 recipes; not independent experiment,,
real_1m_to_60m,github,1,6.537395000457764,,,,,,,,,observed test experiment; 256 recipes,3.5947976112365723,0.1460675980639531
real_1m_to_60m,github,2,5.441458225250244,,,,,,,,,observed test experiment; 256 recipes,2.788279294967652,0.16330389528346417
real_1m_to_60m,github,3,3.97126579284668,,,,,,,,,observed test experiment; 256 recipes,1.8803625106811523,0.18259828623189278
real_1m_to_60m,github,4,4.567320346832275,,,,,,,,,observed test experiment; 256 recipes,2.173018217086792,0.18142332176875922
real_1m_to_60m,github,5,4.72908878326416,,,,,,,,,observed test experiment; 256 recipes,2.311032295227051,0.17488470280318097
real_1m_to_60m,github,6,4.060787677764893,,,,,,,,,observed test experiment; 256 recipes,1.9187982082366943,0.18310083478646944
real_1m_to_60m,github,7,3.6935882568359375,,,,,,,,,observed test experiment; 256 recipes,1.6727877855300903,0.1934636505418689
real_1m_to_60m,github,8,4.905417442321777,,,,,,,,,observed test experiment; 256 recipes,2.4451146125793457,0.17005119773009447
real_1m_to_60m,github,9,5.667964935302734,,,,,,,,,observed test experiment; 256 recipes,3.1883108615875244,0.14052038380044934
real_1m_to_60m,github,10,7.414235115051269,,,,,,,,,observed test experiment; 256 recipes,4.05846118927002,0.14717811923953747
real_1m_to_60m,github,11,4.033261775970459,,,,,,,,,observed test experiment; 256 recipes,1.9052129983901973,0.18317501089070265
real_1m_to_60m,github,12,5.771225929260254,,,,,,,,,observed test experiment; 256 recipes,3.2184762954711914,0.14263002728673357
real_1m_to_60m,github,13,3.917838335037232,,,,,,,,,observed test experiment; 256 recipes,1.7999036312103271,0.18997104896380962
real_1m_to_60m,github,14,5.507870197296143,,,,,,,,,observed test experiment; 256 recipes,2.9695162773132324,0.15088591959674827
real_1m_to_60m,github,15,4.145564079284668,,,,,,,,,observed test experiment; 256 recipes,1.968755960464477,0.18186965057930776
real_1m_to_60m,github,16,5.797766208648682,,,,,,,,,observed test experiment; 256 recipes,3.096719264984131,0.1531696826980139
real_1m_to_60m,github,17,5.001890659332275,,,,,,,,,observed test experiment; 256 recipes,2.6133904457092285,0.15855225745669108
real_1m_to_60m,github,18,4.367530345916748,,,,,,,,,observed test experiment; 256 recipes,2.170121431350708,0.1708245545432181
real_1m_to_60m,github,19,3.8418099880218506,,,,,,,,,observed test experiment; 256 recipes,1.771769404411316,0.18903267276845773
real_1m_to_60m,github,20,4.103049755096436,,,,,,,,,observed test experiment; 256 recipes,1.9054189920425413,0.18733855945002784
real_1m_to_60m,github,21,4.428317070007324,,,,,,,,,observed test experiment; 256 recipes,2.157158136367798,0.17566375502121973
real_1m_to_60m,github,22,4.0851731300354,,,,,,,,,observed test experiment; 256 recipes,1.957852244377136,0.17964194742121894
real_1m_to_60m,github,23,6.382839202880859,,,,,,,,,observed test experiment; 256 recipes,3.618410587310791,0.1386249107090119
real_1m_to_60m,github,24,3.935701847076416,,,,,,,,,observed test experiment; 256 recipes,1.848737955093384,0.18454382496252558
real_1m_to_60m,github,25,5.438327312469482,,,,,,,,,observed test experiment; 256 recipes,2.926555633544922,0.15134177033934898
real_1m_to_60m,github,26,5.90994119644165,,,,,,,,,observed test experiment; 256 recipes,3.18510365486145,0.15097680201109426
real_1m_to_60m,github,27,5.079224586486816,,,,,,,,,observed test experiment; 256 recipes,2.582714796066284,0.16518334179225425
real_1m_to_60m,github,28,4.27716875076294,,,,,,,,,observed test experiment; 256 recipes,2.0723624229431152,0.17697632654245146
real_1m_to_60m,github,29,3.807701826095581,,,,,,,,,observed test experiment; 256 recipes,1.7741845846176147,0.18652188936684522
real_1m_to_60m,github,30,4.763460636138916,,,,,,,,,observed test experiment; 256 recipes,2.3744771480560303,0.17003873339050432
real_1m_to_60m,github,31,4.002618789672852,,,,,,,,,observed test experiment; 256 recipes,1.899515151977539,0.18204383205960825
real_1m_to_60m,github,32,5.23765754699707,,,,,,,,,observed test experiment; 256 recipes,2.5847558975219727,0.1724923932250152
real_1m_to_60m,github,33,4.925670146942139,,,,,,,,,observed test experiment; 256 recipes,2.5259556770324707,0.16311300834361717
real_1m_to_60m,github,34,6.418883323669434,,,,,,,,,observed test experiment; 256 recipes,3.775212526321411,0.12963918348930045
real_1m_to_60m,github,35,4.4889445304870605,,,,,,,,,observed test experiment; 256 recipes,2.208348035812378,0.17325675728332657
real_1m_to_60m,github,36,4.333016872406006,,,,,,,,,observed test experiment; 256 recipes,2.1207096576690674,0.17451224462676548
real_1m_to_60m,github,37,3.944034337997437,,,,,,,,,observed test experiment; 256 recipes,1.8612033128738403,0.18341908227927473
real_1m_to_60m,github,38,4.047596454620361,,,,,,,,,observed test experiment; 256 recipes,1.9222954511642456,0.18186139593592132
real_1m_to_60m,github,39,5.104424953460693,,,,,,,,,observed test experiment; 256 recipes,2.451186418533325,0.1791582585513013
real_1m_to_60m,github,40,4.348556995391846,,,,,,,,,observed test experiment; 256 recipes,2.081491708755493,0.1799455930812512
real_1m_to_60m,github,41,4.509538650512695,,,,,,,,,observed test experiment; 256 recipes,2.2179665565490723,0.1733132207362292
real_1m_to_60m,github,42,5.859226703643799,,,,,,,,,observed test experiment; 256 recipes,3.435986280441284,0.1303538609678396
real_1m_to_60m,github,43,5.143580436706543,,,,,,,,,observed test experiment; 256 recipes,2.703566789627075,0.15708924244144692
real_1m_to_60m,github,44,5.902982234954834,,,,,,,,,observed test experiment; 256 recipes,3.2249488830566406,0.1476525919265689
real_1m_to_60m,github,45,5.63467264175415,,,,,,,,,observed test experiment; 256 recipes,2.928326368331909,0.15985659917779793
real_1m_to_60m,github,46,4.873245716094971,,,,,,,,,observed test experiment; 256 recipes,2.378770589828491,0.1751626860793338
real_1m_to_60m,github,47,4.504724025726318,,,,,,,,,observed test experiment; 256 recipes,2.229840040206909,0.17174831450963232
real_1m_to_60m,github,48,3.910069465637207,,,,,,,,,observed test experiment; 256 recipes,1.8225626945495603,0.18643070796227088
real_1m_to_60m,github,49,4.785058975219727,,,,,,,,,observed test experiment; 256 recipes,2.323469400405884,0.1764474970354656
real_1m_to_60m,github,50,4.465434551239014,,,,,,,,,observed test experiment; 256 recipes,2.1810245513916016,0.17501501852374005
real_1m_to_60m,github,51,5.102081775665283,,,,,,,,,observed test experiment; 256 recipes,2.702064752578736,0.15524644644685417
real_1m_to_60m,github,52,4.508111000061035,,,,,,,,,observed test experiment; 256 recipes,2.1854918003082275,0.1768383985089463
real_1m_to_60m,github,53,6.032883167266846,,,,,,,,,observed test experiment; 256 recipes,3.3442039489746094,0.1441003173536044
real_1m_to_60m,github,54,6.635690689086914,,,,,,,,,observed test experiment; 256 recipes,3.539524555206299,0.1534971810399205
real_1m_to_60m,github,55,4.808103084564209,,,,,,,,,observed test experiment; 256 recipes,2.292855262756348,0.18086039057729905
real_1m_to_60m,github,56,5.201108455657959,,,,,,,,,observed test experiment; 256 recipes,2.640857219696045,0.16553765523079067
real_1m_to_60m,github,57,6.833997249603272,,,,,,,,,observed test experiment; 256 recipes,3.748965978622437,0.14664854879336975
real_1m_to_60m,github,58,4.672859191894531,,,,,,,,,observed test experiment; 256 recipes,2.2841742038726807,0.17481835244493543
real_1m_to_60m,github,59,5.198232173919678,,,,,,,,,observed test experiment; 256 recipes,2.719810724258423,0.1582075714856902
real_1m_to_60m,github,60,4.988831520080566,,,,,,,,,observed test experiment; 256 recipes,2.377827405929565,0.180984890412254
real_1m_to_60m,github,61,5.96605396270752,,,,,,,,,observed test experiment; 256 recipes,3.391380548477173,0.13795825988180668
real_1m_to_60m,github,62,4.542210102081299,,,,,,,,,observed test experiment; 256 recipes,2.1874804496765137,0.1784567193122803
real_1m_to_60m,github,63,6.148804664611816,,,,,,,,,observed test experiment; 256 recipes,3.772349119186402,0.1193255174495093
real_1m_to_60m,github,64,4.348359107971191,,,,,,,,,observed test experiment; 256 recipes,2.128923177719116,0.174431400436296
real_1m_to_60m,github,65,4.801921367645264,,,,,,,,,observed test experiment; 256 recipes,2.506915807723999,0.15874650438815407
real_1m_to_60m,github,66,6.158421516418457,,,,,,,,,observed test experiment; 256 recipes,3.885202646255493,0.11250771563451736
real_1m_to_60m,github,67,6.911819934844971,,,,,,,,,observed test experiment; 256 recipes,3.861423969268799,0.14219539948766863
real_1m_to_60m,github,68,4.3096113204956055,,,,,,,,,observed test experiment; 256 recipes,2.038034439086914,0.18290153031306405
real_1m_to_60m,github,69,4.691841125488281,,,,,,,,,observed test experiment; 256 recipes,2.450312376022339,0.15866020623727886
real_1m_to_60m,github,70,4.728501796722412,,,,,,,,,observed test experiment; 256 recipes,2.3429081439971924,0.17150863647692188
real_1m_to_60m,github,71,4.46342134475708,,,,,,,,,observed test experiment; 256 recipes,2.196587562561035,0.17316826432340804
real_1m_to_60m,github,72,5.29539680480957,,,,,,,,,observed test experiment; 256 recipes,2.835946559906006,0.1525182214802572
real_1m_to_60m,github,73,5.885890960693359,,,,,,,,,observed test experiment; 256 recipes,3.2556698322296143,0.144628786200888
real_1m_to_60m,github,74,6.549750328063965,,,,,,,,,observed test experiment; 256 recipes,3.932767868041992,0.12458244615457743
real_1m_to_60m,github,75,6.461207866668701,,,,,,,,,observed test experiment; 256 recipes,3.705310821533203,0.13580907040184928
real_1m_to_60m,github,76,4.643370151519775,,,,,,,,,observed test experiment; 256 recipes,2.2247073650360107,0.1797149779485358
real_1m_to_60m,github,77,6.542675495147705,,,,,,,,,observed test experiment; 256 recipes,3.90244197845459,0.1262091320278165
real_1m_to_60m,github,78,4.344266891479492,,,,,,,,,observed test experiment; 256 recipes,2.135944128036499,0.1733972912128732
real_1m_to_60m,github,79,3.720126152038574,,,,,,,,,observed test experiment; 256 recipes,1.6869521141052246,0.193152811055842
real_1m_to_60m,github,80,6.4612555503845215,,,,,,,,,observed test experiment; 256 recipes,3.6033124923706055,0.14262846922485184
real_1m_to_60m,github,81,5.402462005615234,,,,,,,,,observed test experiment; 256 recipes,2.929086208343506,0.14951459683697788
real_1m_to_60m,github,82,4.042956829071045,,,,,,,,,observed test experiment; 256 recipes,1.8803318738937376,0.18697205647793075
real_1m_to_60m,github,83,5.65339469909668,,,,,,,,,observed test experiment; 256 recipes,2.8816161155700684,0.16459408781733167
real_1m_to_60m,github,84,5.317091941833496,,,,,,,,,observed test experiment; 256 recipes,2.6913087368011475,0.1663023034620423
real_1m_to_60m,github,85,3.9678258895874015,,,,,,,,,observed test experiment; 256 recipes,1.858378767967224,0.1852589152649423
real_1m_to_60m,github,86,5.291504859924316,,,,,,,,,observed test experiment; 256 recipes,2.781940460205078,0.15703465517941376
real_1m_to_60m,github,87,7.509933948516846,,,,,,,,,observed test experiment; 256 recipes,5.617336273193359,0.07091955437150252
real_1m_to_60m,github,88,6.453661918640137,,,,,,,,,observed test experiment; 256 recipes,3.690632581710816,0.13649311283360357
real_1m_to_60m,github,89,5.222255706787109,,,,,,,,,observed test experiment; 256 recipes,2.735711574554444,0.15790997824423034
real_1m_to_60m,github,90,4.2117018699646,,,,,,,,,observed test experiment; 256 recipes,2.0284171104431152,0.17844396318188877
real_1m_to_60m,github,91,5.493622779846191,,,,,,,,,observed test experiment; 256 recipes,2.886223793029785,0.15720194366693638
real_1m_to_60m,github,92,4.518979549407959,,,,,,,,,observed test experiment; 256 recipes,2.1600759029388428,0.18028351849842486
real_1m_to_60m,github,93,3.934542179107666,,,,,,,,,observed test experiment; 256 recipes,1.8728877305984497,0.1813020465821552
real_1m_to_60m,github,94,6.322555541992188,,,,,,,,,observed test experiment; 256 recipes,3.4506707191467285,0.14790031753334792
real_1m_to_60m,github,95,5.906708717346191,,,,,,,,,observed test experiment; 256 recipes,3.202901840209961,0.1494821802166572
real_1m_to_60m,github,96,4.557524681091309,,,,,,,,,observed test experiment; 256 recipes,2.1481759548187256,0.18370719480774556
real_1m_to_60m,github,97,5.176507949829102,,,,,,,,,observed test experiment; 256 recipes,2.900599956512451,0.14146662109717623
real_1m_to_60m,github,98,4.640548706054688,,,,,,,,,observed test experiment; 256 recipes,2.3415677547454834,0.1670626198585736
real_1m_to_60m,github,99,4.580493450164795,,,,,,,,,observed test experiment; 256 recipes,2.233574151992798,0.17541358829293055
real_1m_to_60m,github,100,5.248055934906006,,,,,,,,,observed test experiment; 256 recipes,2.696732759475708,0.16261864350115396
real_1m_to_60m,github,101,6.905793190002441,,,,,,,,,observed test experiment; 256 recipes,3.982583284378052,0.1344366524509448
real_1m_to_60m,github,102,5.550501346588135,,,,,,,,,observed test experiment; 256 recipes,2.9422619342803955,0.15502105301818087
real_1m_to_60m,github,103,5.84902811050415,,,,,,,,,observed test experiment; 256 recipes,3.267951011657715,0.14217472835182163
real_1m_to_60m,github,104,4.861111164093018,,,,,,,,,observed test experiment; 256 recipes,2.437107801437378,0.16863628033847441
real_1m_to_60m,github,105,5.199122428894043,,,,,,,,,observed test experiment; 256 recipes,2.6899282932281494,0.16094769289455854
real_1m_to_60m,github,106,4.360226631164551,,,,,,,,,observed test experiment; 256 recipes,2.058640718460083,0.18329627725021594
real_1m_to_60m,github,107,5.223532676696777,,,,,,,,,observed test experiment; 256 recipes,2.775068044662476,0.15448105401878517
real_1m_to_60m,github,108,4.692226886749268,,,,,,,,,observed test experiment; 256 recipes,2.360286235809326,0.16782280465693256
real_1m_to_60m,github,109,5.374813556671143,,,,,,,,,observed test experiment; 256 recipes,3.0822689533233643,0.1358112095596177
real_1m_to_60m,github,110,4.519790172576904,,,,,,,,,observed test experiment; 256 recipes,2.1738901138305664,0.1787703301081406
real_1m_to_60m,github,111,4.927071571350098,,,,,,,,,observed test experiment; 256 recipes,2.3690338134765625,0.17884733448684967
real_1m_to_60m,github,112,5.369571208953857,,,,,,,,,observed test experiment; 256 recipes,2.9604289531707764,0.1454234914719426
real_1m_to_60m,github,113,4.360186576843262,,,,,,,,,observed test experiment; 256 recipes,2.1367621421813965,0.17419715729000826
real_1m_to_60m,github,114,5.4254069328308105,,,,,,,,,observed test experiment; 256 recipes,2.6920998096466064,0.17115594673013332
real_1m_to_60m,github,115,5.550697326660156,,,,,,,,,observed test experiment; 256 recipes,2.887876272201538,0.15958651654785017
real_1m_to_60m,github,116,5.390290260314941,,,,,,,,,observed test experiment; 256 recipes,2.86027193069458,0.15477020179956388
real_1m_to_60m,github,117,4.418699264526367,,,,,,,,,observed test experiment; 256 recipes,2.1049907207489014,0.18111184794959487
real_1m_to_60m,github,118,7.506984710693359,,,,,,,,,observed test experiment; 256 recipes,4.315948009490967,0.1351905957532499
real_1m_to_60m,github,119,4.5382585525512695,,,,,,,,,observed test experiment; 256 recipes,2.2698113918304443,0.1692203986410183
real_1m_to_60m,github,120,6.322628021240234,,,,,,,,,observed test experiment; 256 recipes,3.742382049560547,0.12808219229515097
real_1m_to_60m,github,121,3.978227376937866,,,,,,,,,observed test experiment; 256 recipes,1.8564684391021729,0.1861495366465315
real_1m_to_60m,github,122,4.197268962860107,,,,,,,,,observed test experiment; 256 recipes,2.044822454452514,0.17563814904518246
real_1m_to_60m,github,123,4.88280200958252,,,,,,,,,observed test experiment; 256 recipes,2.3946330547332764,0.17401789724329683
real_1m_to_60m,github,124,5.076879024505615,,,,,,,,,observed test experiment; 256 recipes,2.733839273452759,0.15118164815202897
real_1m_to_60m,github,125,5.542553424835205,,,,,,,,,observed test experiment; 256 recipes,2.869781494140625,0.1607630718796992
real_1m_to_60m,github,126,4.4626078605651855,,,,,,,,,observed test experiment; 256 recipes,2.2445905208587646,0.1678437655406889
real_1m_to_60m,github,127,6.081597328186035,,,,,,,,,observed test experiment; 256 recipes,3.4295926094055176,0.13990661749744296
real_1m_to_60m,github,128,4.617212295532227,,,,,,,,,observed test experiment; 256 recipes,2.2955946922302246,0.1706742503030069
real_1m_to_60m,github,129,4.307790756225586,,,,,,,,,observed test experiment; 256 recipes,2.150451898574829,0.16968459081564
real_1m_to_60m,github,130,3.984846830368042,,,,,,,,,observed test experiment; 256 recipes,1.887300729751587,0.1825325740603097
real_1m_to_60m,github,131,5.575578689575195,,,,,,,,,observed test experiment; 256 recipes,3.049456834793091,0.14738198405205652
real_1m_to_60m,github,132,4.220847606658936,,,,,,,,,observed test experiment; 256 recipes,1.9742707014083865,0.18558205982478418
real_1m_to_60m,github,133,4.584442615509033,,,,,,,,,observed test experiment; 256 recipes,2.2771713733673096,0.17090268630108346
real_1m_to_60m,github,134,6.449549198150635,,,,,,,,,observed test experiment; 256 recipes,3.784874200820923,0.13017897697941205
real_1m_to_60m,github,135,3.925327062606812,,,,,,,,,observed test experiment; 256 recipes,1.8503053188323968,0.18369216408291197
real_1m_to_60m,github,136,7.244078159332275,,,,,,,,,observed test experiment; 256 recipes,3.993256330490112,0.14546340676861713
real_1m_to_60m,github,137,4.239112854003906,,,,,,,,,observed test experiment; 256 recipes,2.008610963821411,0.18242494813344384
real_1m_to_60m,github,138,3.8254008293151855,,,,,,,,,observed test experiment; 256 recipes,1.7788207530975342,0.18701713928424776
real_1m_to_60m,github,139,4.57624101638794,,,,,,,,,observed test experiment; 256 recipes,2.2166850566864014,0.1770405614684148
real_1m_to_60m,github,140,5.606978416442871,,,,,,,,,observed test experiment; 256 recipes,3.187649726867676,0.13792881293714318
real_1m_to_60m,github,141,3.871651411056519,,,,,,,,,observed test experiment; 256 recipes,1.7841038703918457,0.18922806072484533
real_1m_to_60m,github,142,5.500547885894775,,,,,,,,,observed test experiment; 256 recipes,2.973958969116211,0.15019587192461653
real_1m_to_60m,github,143,4.956255912780762,,,,,,,,,observed test experiment; 256 recipes,2.5075597763061523,0.16641015661127778
real_1m_to_60m,github,144,6.919756889343262,,,,,,,,,observed test experiment; 256 recipes,3.859438896179199,0.14260129290914156
real_1m_to_60m,github,145,4.146614074707031,,,,,,,,,observed test experiment; 256 recipes,1.9948196411132808,0.17871931970935342
real_1m_to_60m,github,146,6.987948894500732,,,,,,,,,observed test experiment; 256 recipes,4.071995258331299,0.13190242196876548
real_1m_to_60m,github,147,3.926011800765991,,,,,,,,,observed test experiment; 256 recipes,1.8420363664627075,0.1848287093544918
real_1m_to_60m,github,148,4.418440818786621,,,,,,,,,observed test experiment; 256 recipes,2.1571578979492188,0.1751184590669478
real_1m_to_60m,github,149,3.855419874191284,,,,,,,,,observed test experiment; 256 recipes,1.784485936164856,0.18814965945053536
real_1m_to_60m,github,150,5.324781894683838,,,,,,,,,observed test experiment; 256 recipes,2.705041646957397,0.16541217605216865
real_1m_to_60m,github,151,4.499855995178223,,,,,,,,,observed test experiment; 256 recipes,2.1056225299835205,0.18548371333427197
real_1m_to_60m,github,152,4.718531608581543,,,,,,,,,observed test experiment; 256 recipes,2.3169615268707275,0.1737130326758998
real_1m_to_60m,github,153,4.93928861618042,,,,,,,,,observed test experiment; 256 recipes,2.5707337856292725,0.15949559892431395
real_1m_to_60m,github,154,3.977132797241211,,,,,,,,,observed test experiment; 256 recipes,1.8365612030029297,0.1887154912393455
real_1m_to_60m,github,155,5.72605562210083,,,,,,,,,observed test experiment; 256 recipes,3.111025333404541,0.14900420574239048
real_1m_to_60m,github,156,4.703760147094727,,,,,,,,,observed test experiment; 256 recipes,2.253192663192749,0.1797635829403568
real_1m_to_60m,github,157,6.009251594543457,,,,,,,,,observed test experiment; 256 recipes,3.37398099899292,0.14097662099797115
real_1m_to_60m,github,158,6.071639060974121,,,,,,,,,observed test experiment; 256 recipes,3.345467567443848,0.1455720497557643
real_1m_to_60m,github,159,3.8092663288116455,,,,,,,,,observed test experiment; 256 recipes,1.7730523347854614,0.18677813995760276
real_1m_to_60m,github,160,4.494307994842529,,,,,,,,,observed test experiment; 256 recipes,2.262417316436768,0.16764047210948627
real_1m_to_60m,github,161,6.409974098205566,,,,,,,,,observed test experiment; 256 recipes,3.631770849227905,0.13876088220547572
real_1m_to_60m,github,162,3.858211040496826,,,,,,,,,observed test experiment; 256 recipes,1.7902265787124634,0.1875419645896194
real_1m_to_60m,github,163,4.515972137451172,,,,,,,,,observed test experiment; 256 recipes,2.1332225799560547,0.1831762521267706
real_1m_to_60m,github,164,5.467553615570068,,,,,,,,,observed test experiment; 256 recipes,2.9238359928131104,0.15287790754648703
real_1m_to_60m,github,165,5.86924934387207,,,,,,,,,observed test experiment; 256 recipes,3.2963132858276367,0.14090706802106293
real_1m_to_60m,github,166,4.724417209625244,,,,,,,,,observed test experiment; 256 recipes,2.463053226470948,0.15908345578496774
real_1m_to_60m,github,167,4.2317986488342285,,,,,,,,,observed test experiment; 256 recipes,2.097918748855591,0.171378183537934
real_1m_to_60m,github,168,4.624978065490723,,,,,,,,,observed test experiment; 256 recipes,2.2359166145324707,0.17751812407626166
real_1m_to_60m,github,169,5.007083415985107,,,,,,,,,observed test experiment; 256 recipes,2.485396146774292,0.17107049013428302
real_1m_to_60m,github,170,5.642096996307373,,,,,,,,,observed test experiment; 256 recipes,3.0028152465820312,0.15404310275276406
real_1m_to_60m,github,171,4.415668487548828,,,,,,,,,observed test experiment; 256 recipes,2.118727684020996,0.17935556345269113
real_1m_to_60m,github,172,4.634483337402344,,,,,,,,,observed test experiment; 256 recipes,2.217177629470825,0.18007514091980134
real_1m_to_60m,github,173,5.939730167388916,,,,,,,,,observed test experiment; 256 recipes,3.0896387100219727,0.15963716152697038
real_1m_to_60m,github,174,3.9144749641418457,,,,,,,,,observed test experiment; 256 recipes,1.832016110420227,0.1854421727394882
real_1m_to_60m,github,175,4.090061664581299,,,,,,,,,observed test experiment; 256 recipes,1.919002652168274,0.1848292043508465
real_1m_to_60m,github,176,5.713093280792236,,,,,,,,,observed test experiment; 256 recipes,3.1351213455200195,0.14656624967953188
real_1m_to_60m,github,177,6.499893665313721,,,,,,,,,observed test experiment; 256 recipes,3.619160890579224,0.1430127845619547
real_1m_to_60m,github,178,4.469011306762695,,,,,,,,,observed test experiment; 256 recipes,2.2166967391967773,0.17124818316417809
real_1m_to_60m,github,179,6.5850677490234375,,,,,,,,,observed test experiment; 256 recipes,3.5760698318481445,0.14911794286186564
real_1m_to_60m,github,180,5.928643226623535,,,,,,,,,observed test experiment; 256 recipes,3.523631811141968,0.12707850022877723
real_1m_to_60m,github,181,4.807597160339356,,,,,,,,,observed test experiment; 256 recipes,2.510744333267212,0.1586623065700915
real_1m_to_60m,github,182,5.016709327697754,,,,,,,,,observed test experiment; 256 recipes,2.466102123260498,0.17344299659190238
real_1m_to_60m,github,183,5.135225772857666,,,,,,,,,observed test experiment; 256 recipes,2.759610652923584,0.15168098298267088
real_1m_to_60m,github,184,4.805090427398682,,,,,,,,,observed test experiment; 256 recipes,2.524089097976685,0.1572402145289732
real_1m_to_60m,github,185,5.753807067871094,,,,,,,,,observed test experiment; 256 recipes,3.229722738265991,0.14103977613485322
real_1m_to_60m,github,186,5.298785209655762,,,,,,,,,observed test experiment; 256 recipes,2.643472194671631,0.16984020268244954
real_1m_to_60m,github,187,5.704861164093018,,,,,,,,,observed test experiment; 256 recipes,3.1566929817199707,0.1445392988688862
real_1m_to_60m,github,188,4.724864959716797,,,,,,,,,observed test experiment; 256 recipes,2.3338000774383545,0.1722720441069252
real_1m_to_60m,github,189,6.140355110168457,,,,,,,,,observed test experiment; 256 recipes,3.4433162212371826,0.14127964620665884
real_1m_to_60m,github,190,5.048489093780518,,,,,,,,,observed test experiment; 256 recipes,2.4608306884765625,0.17550795421929669
real_1m_to_60m,github,191,4.9018731117248535,,,,,,,,,observed test experiment; 256 recipes,2.439027786254883,0.17048342598301036
real_1m_to_60m,github,192,4.637431621551514,,,,,,,,,observed test experiment; 256 recipes,2.2824227809906006,0.17314692751158567
real_1m_to_60m,github,193,5.4977617263793945,,,,,,,,,observed test experiment; 256 recipes,2.8555455207824707,0.15999585285920745
real_1m_to_60m,github,194,4.881931781768799,,,,,,,,,observed test experiment; 256 recipes,2.4814159870147705,0.1652796017590595
real_1m_to_60m,github,195,6.225196361541748,,,,,,,,,observed test experiment; 256 recipes,3.489375829696656,0.14138578280802855
real_1m_to_60m,github,196,4.529366493225098,,,,,,,,,observed test experiment; 256 recipes,2.2478177547454834,0.171119507238785
real_1m_to_60m,github,197,4.715012550354004,,,,,,,,,observed test experiment; 256 recipes,2.3845114707946777,0.16651195281773779
real_1m_to_60m,github,198,3.795645713806152,,,,,,,,,observed test experiment; 256 recipes,1.7487444877624512,0.18927484931259525
real_1m_to_60m,github,199,4.721961498260498,,,,,,,,,observed test experiment; 256 recipes,2.3779871463775635,0.167540831378994
real_1m_to_60m,github,200,4.802746772766113,,,,,,,,,observed test experiment; 256 recipes,2.3889236450195312,0.1705633419924623
real_1m_to_60m,github,201,4.564938068389893,,,,,,,,,observed test experiment; 256 recipes,2.206887722015381,0.1775184486523186
real_1m_to_60m,github,202,6.1449127197265625,,,,,,,,,observed test experiment; 256 recipes,3.4586260318756104,0.14037732319064172
real_1m_to_60m,github,203,5.245750427246094,,,,,,,,,observed test experiment; 256 recipes,2.667621374130249,0.1651622358313227
real_1m_to_60m,github,204,4.676882266998291,,,,,,,,,observed test experiment; 256 recipes,2.3228063583374023,0.17093227088230792
real_1m_to_60m,github,205,6.728174686431885,,,,,,,,,observed test experiment; 256 recipes,3.638641595840454,0.1501323235126818
real_1m_to_60m,github,206,4.79062032699585,,,,,,,,,observed test experiment; 256 recipes,2.489469289779663,0.1598767144672111
real_1m_to_60m,github,207,3.9439351558685294,,,,,,,,,observed test experiment; 256 recipes,1.822734236717224,0.18851400561821643
real_1m_to_60m,github,208,3.812071084976196,,,,,,,,,observed test experiment; 256 recipes,1.761413335800171,0.18856647335686816
real_1m_to_60m,github,209,5.909796237945557,,,,,,,,,observed test experiment; 256 recipes,3.1758744716644287,0.15167954853632304
real_1m_to_60m,github,210,6.304175853729248,,,,,,,,,observed test experiment; 256 recipes,3.5445926189422607,0.14063032622121283
real_1m_to_60m,github,211,4.264763355255127,,,,,,,,,observed test experiment; 256 recipes,2.018257141113281,0.1827282352991712
real_1m_to_60m,github,212,4.958991050720215,,,,,,,,,observed test experiment; 256 recipes,2.5574724674224854,0.1617310999180712
real_1m_to_60m,github,213,6.54905366897583,,,,,,,,,observed test experiment; 256 recipes,3.800516843795776,0.1329110151604075
real_1m_to_60m,github,214,5.180927753448486,,,,,,,,,observed test experiment; 256 recipes,2.663538217544556,0.1624994519184877
real_1m_to_60m,github,215,6.80279541015625,,,,,,,,,observed test experiment; 256 recipes,4.135233879089356,0.12157983339011337
real_1m_to_60m,github,216,3.737175703048706,,,,,,,,,observed test experiment; 256 recipes,1.6888923645019531,0.1939888658670685
real_1m_to_60m,github,217,5.786232948303223,,,,,,,,,observed test experiment; 256 recipes,3.3131048679351807,0.13618680149354473
real_1m_to_60m,github,218,7.186903953552246,,,,,,,,,observed test experiment; 256 recipes,3.982008695602417,0.14421699887315942
real_1m_to_60m,github,219,5.152360916137695,,,,,,,,,observed test experiment; 256 recipes,2.528036832809448,0.17390133707780228
real_1m_to_60m,github,220,5.677493572235107,,,,,,,,,observed test experiment; 256 recipes,3.108854055404663,0.14709452669145942
real_1m_to_60m,github,221,6.368729114532471,,,,,,,,,observed test experiment; 256 recipes,3.7026946544647217,0.1324605418046508
real_1m_to_60m,github,222,4.451971054077148,,,,,,,,,observed test experiment; 256 recipes,2.2353932857513428,0.16826374570544883
real_1m_to_60m,github,223,4.113583087921143,,,,,,,,,observed test experiment; 256 recipes,1.958867430686951,0.18120799806770518
real_1m_to_60m,github,224,6.664388179779053,,,,,,,,,observed test experiment; 256 recipes,3.762335777282715,0.13964095177083316
real_1m_to_60m,github,225,4.342035293579102,,,,,,,,,observed test experiment; 256 recipes,2.060267686843872,0.18208220365423478
real_1m_to_60m,github,226,4.796428203582764,,,,,,,,,observed test experiment; 256 recipes,2.3283498287200928,0.1765146330580449
real_1m_to_60m,github,227,3.815047025680542,,,,,,,,,observed test experiment; 256 recipes,1.752573847770691,0.18998584554716422
real_1m_to_60m,github,228,5.939755916595459,,,,,,,,,observed test experiment; 256 recipes,3.1710469722747803,0.15328612992491125
real_1m_to_60m,github,229,5.63563346862793,,,,,,,,,observed test experiment; 256 recipes,3.141620397567749,0.14272634657213887
real_1m_to_60m,github,230,4.115249633789063,,,,,,,,,observed test experiment; 256 recipes,1.9825599193573,0.17837057612707377
real_1m_to_60m,github,231,4.56856632232666,,,,,,,,,observed test experiment; 256 recipes,2.247867584228516,0.17321879079755623
real_1m_to_60m,github,232,5.095524787902832,,,,,,,,,observed test experiment; 256 recipes,2.667844772338867,0.15804525169482692
real_1m_to_60m,github,233,4.230453014373779,,,,,,,,,observed test experiment; 256 recipes,2.002557277679444,0.18266271167891754
real_1m_to_60m,github,234,7.229075908660889,,,,,,,,,observed test experiment; 256 recipes,3.917029857635498,0.14966437924170353
real_1m_to_60m,github,235,6.873979568481445,,,,,,,,,observed test experiment; 256 recipes,3.851274967193604,0.14149736143139333
real_1m_to_60m,github,236,4.3916544914245605,,,,,,,,,observed test experiment; 256 recipes,2.1922852993011475,0.16968809230364995
real_1m_to_60m,github,237,3.8669183254241934,,,,,,,,,observed test experiment; 256 recipes,1.76980459690094,0.19089471742045122
real_1m_to_60m,github,238,7.224616050720215,,,,,,,,,observed test experiment; 256 recipes,4.329525470733643,0.12505936861977857
real_1m_to_60m,github,239,4.735533714294434,,,,,,,,,observed test experiment; 256 recipes,2.3814969062805176,0.1678816192671468
real_1m_to_60m,github,240,4.849786281585693,,,,,,,,,observed test experiment; 256 recipes,2.425334930419922,0.16924931385367037
real_1m_to_60m,github,241,3.793962001800537,,,,,,,,,observed test experiment; 256 recipes,1.7278133630752563,0.19210747583659118
real_1m_to_60m,github,242,4.143960952758789,,,,,,,,,observed test experiment; 256 recipes,1.9408713579177856,0.18525921426175
real_1m_to_60m,github,243,5.255934715270996,,,,,,,,,observed test experiment; 256 recipes,2.735962390899658,0.1594576608154734
real_1m_to_60m,github,244,4.9842023849487305,,,,,,,,,observed test experiment; 256 recipes,2.4252076148986816,0.17593933327529565
real_1m_to_60m,github,245,5.372964859008789,,,,,,,,,observed test experiment; 256 recipes,2.6625425815582275,0.17148003466289982
real_1m_to_60m,github,246,4.097672462463379,,,,,,,,,observed test experiment; 256 recipes,1.907202124595642,0.1867898016233034
real_1m_to_60m,github,247,4.036389827728272,,,,,,,,,observed test experiment; 256 recipes,1.9104254245758057,0.18269706456451343
real_1m_to_60m,github,248,4.879714488983154,,,,,,,,,observed test experiment; 256 recipes,2.446919202804565,0.16858789881278544
real_1m_to_60m,github,249,4.121370315551758,,,,,,,,,observed test experiment; 256 recipes,1.9512494802474976,0.18262160672667702
real_1m_to_60m,github,250,3.822884321212769,,,,,,,,,observed test experiment; 256 recipes,1.7800112962722778,0.18669300384813795
real_1m_to_60m,github,251,6.101052761077881,,,,,,,,,observed test experiment; 256 recipes,3.3768322467803955,0.14447325234433608
real_1m_to_60m,github,252,4.352073192596436,,,,,,,,,observed test experiment; 256 recipes,2.1416385173797607,0.17318550463868412
real_1m_to_60m,github,253,4.478029251098633,,,,,,,,,observed test experiment; 256 recipes,2.2001681327819824,0.17356850604504695
real_1m_to_60m,github,254,5.119088172912598,,,,,,,,,observed test experiment; 256 recipes,2.58797287940979,0.16659600196712981
real_1m_to_60m,github,255,7.135905742645264,,,,,,,,,observed test experiment; 256 recipes,4.067893505096436,0.13726589904294106
real_1m_to_60m,github,256,3.750855207443237,,,,,,,,,observed test experiment; 256 recipes,1.714649319648743,0.19118451709022546
estimated,gutenberg_pg_19,1,4.726566791534424,1.37,1.0456,0.1344563080426169,0.13522538023863367,0.0007690721960167679,0.9999773541348163,0.0031255772518313323,3.0,estimated A12-A15; shared 63 recipes; not independent experiment,,
estimated,gutenberg_pg_19,2,4.954422473907471,1.6586,1.3058,0.1188128439940441,0.11952624445806474,0.0007134004640206443,0.9999750547884769,0.0028993224216627375,3.0,estimated A12-A15; shared 63 recipes; not independent experiment,,
estimated,gutenberg_pg_19,3,5.561453819274902,1.8085,1.4169,0.12196745555439326,0.12256700073237359,0.0005995451779803318,0.9999832562398685,0.0024366044949305768,3.0,estimated A12-A15; shared 63 recipes; not independent experiment,,
estimated,gutenberg_pg_19,4,5.095427989959717,1.7557,1.3892,0.11568258981506975,0.11649215126208734,0.0008095614470175899,0.9999661610024146,0.003290129139843195,3.0,estimated A12-A15; shared 63 recipes; not independent experiment,,
estimated,gutenberg_pg_19,5,5.003798007965088,1.9377,1.5637,0.10300330765603259,0.1042592594721483,0.001255951816115708,0.9998980017852771,0.005104298980224725,3.0,estimated A12-A15; shared 63 recipes; not independent experiment,,
estimated,gutenberg_pg_19,6,5.998071670532227,1.852,1.4352,0.12759266711562603,0.12819126052330104,0.0005985934076750132,0.9999847439078896,0.002432736416444849,3.0,estimated A12-A15; shared 63 recipes; not independent experiment,,
estimated,gutenberg_pg_19,7,5.392933368682861,2.1146,1.6986,0.10164920665281134,0.10355496020713588,0.0019057535543245407,0.9997610262683997,0.0077451505695361345,3.0,estimated A12-A15; shared 63 recipes; not independent experiment,,
estimated,gutenberg_pg_19,8,5.178667545318604,1.5258,1.1654,0.13268010524265256,0.1336903840595815,0.0010102788169289445,0.9999599726646624,0.004105862238363116,3.0,estimated A12-A15; shared 63 recipes; not independent experiment,,
estimated,gutenberg_pg_19,9,6.6692962646484375,1.7567,1.3146,0.14484560221402737,0.1455669991368004,0.0007213969227730377,0.9999828131478721,0.0029318207354765984,3.0,estimated A12-A15; shared 63 recipes; not independent experiment,,
estimated,gutenberg_pg_19,10,5.244697570800781,1.7984,1.4155,0.11620853907296497,0.1173991881654538,0.001190649092488838,0.999927788736808,0.004838902950426836,3.0,estimated A12-A15; shared 63 recipes; not independent experiment,,
estimated,gutenberg_pg_19,11,5.227353572845459,1.4694,1.116,0.1377854602042869,0.1384115813932987,0.0006261211890118135,0.9999856837664777,0.0025446117482867065,3.0,estimated A12-A15; shared 63 recipes; not independent experiment,,
estimated,gutenberg_pg_19,12,4.868281841278076,1.3948,1.0597,0.13571594358906838,0.1366727305115202,0.0009567869224518244,0.9999656606834366,0.003888466460176049,3.0,estimated A12-A15; shared 63 recipes; not independent experiment,,
estimated,gutenberg_pg_19,13,5.554836273193359,1.791,1.3988,0.12289391923560637,0.12361269766018762,0.0007187784245812484,0.9999763261230644,0.0029211789278224417,3.0,estimated A12-A15; shared 63 recipes; not independent experiment,,
estimated,gutenberg_pg_19,14,5.0477824211120605,2.0407,1.6596,0.09833036559802719,0.09970844691395173,0.0013780813159245398,0.9998655893764314,0.0056006440416599,3.0,estimated A12-A15; shared 63 recipes; not independent experiment,,
estimated,gutenberg_pg_19,15,5.212732315063477,1.9024,1.5222,0.10944089656897456,0.11033702549052388,0.000896128921549319,0.9999537486177057,0.003641946993285602,3.0,estimated A12-A15; shared 63 recipes; not independent experiment,,
estimated,gutenberg_pg_19,16,5.278256893157959,2.1526,1.7574,0.09738179690094158,0.09857796427101922,0.001196167370077647,0.9998965040192905,0.004861329717367966,3.0,estimated A12-A15; shared 63 recipes; not independent experiment,,
estimated,gutenberg_pg_19,17,5.488972187042236,2.0101,1.6084,0.1090683416542053,0.11002810703868603,0.0009597653844807263,0.9999466283707129,0.0039005711926201722,3.0,estimated A12-A15; shared 63 recipes; not independent experiment,,
estimated,gutenberg_pg_19,18,5.3418684005737305,2.1079,1.7154,0.10096079523066749,0.10181997865751927,0.0008591834268517756,0.9999500636260353,0.0034917972435190552,3.0,estimated A12-A15; shared 63 recipes; not independent experiment,,
estimated,gutenberg_pg_19,19,5.22469425201416,2.041,1.6478,0.10205446899769822,0.1034357567269611,0.0013812877292628811,0.9998745557695525,0.00561367518833539,3.0,estimated A12-A15; shared 63 recipes; not independent experiment,,
estimated,gutenberg_pg_19,20,4.875679969787598,1.6962,1.3391,0.11463953318951041,0.11583298768253633,0.0011934544930259222,0.9999254654026744,0.004850304345700696,3.0,estimated A12-A15; shared 63 recipes; not independent experiment,,
estimated,gutenberg_pg_19,21,5.821041584014893,1.8861,1.471,0.12235899667837956,0.12329740783822823,0.0009384111598486761,0.9999593961230228,0.0038137857398551035,3.0,estimated A12-A15; shared 63 recipes; not independent experiment,,
estimated,gutenberg_pg_19,22,4.759934902191162,1.6997,1.3517,0.11180718471291749,0.11283996628246316,0.001032781569545671,0.9999412248393866,0.004197315410180608,3.0,estimated A12-A15; shared 63 recipes; not independent experiment,,
estimated,gutenberg_pg_19,23,6.032251834869385,2.1094,1.6743,0.11408013063049259,0.1148885290582245,0.0008083984277319073,0.9999653077758739,0.0032854025268650414,3.0,estimated A12-A15; shared 63 recipes; not independent experiment,,
estimated,gutenberg_pg_19,24,5.350730895996094,1.5173,1.1537,0.13683541293831195,0.13752460970712072,0.0006891967688087697,0.9999824242328812,0.002800956469082073,3.0,estimated A12-A15; shared 63 recipes; not independent experiment,,
estimated,gutenberg_pg_19,25,5.677281379699707,1.9355,1.5301,0.11683681094534659,0.11752509434967251,0.0006882834043259178,0.9999759845836997,0.002797244475247159,3.0,estimated A12-A15; shared 63 recipes; not independent experiment,,
estimated,gutenberg_pg_19,26,6.119208812713623,2.1644,1.7034,0.11283943702823131,0.11462691278427349,0.001787475756042184,0.9998287128962206,0.0072644591628999505,3.0,estimated A12-A15; shared 63 recipes; not independent experiment,,
estimated,gutenberg_pg_19,27,4.910590171813965,1.8477,1.4841,0.10612555786795475,0.10725696795113003,0.0011314100831752855,0.9999218614531271,0.004598150390536597,3.0,estimated A12-A15; shared 63 recipes; not independent experiment,,
estimated,gutenberg_pg_19,28,5.055291175842285,1.7272,1.368,0.11660088647907757,0.1171617319546989,0.0005608454756213244,0.9999839659629052,0.002279325490472291,3.0,estimated A12-A15; shared 63 recipes; not independent experiment,,
estimated,gutenberg_pg_19,29,4.7790937423706055,1.3043,0.981,0.14099201376302384,0.14193243073142028,0.0009404169683964458,0.9999692459946644,0.0038219375227448167,3.0,estimated A12-A15; shared 63 recipes; not independent experiment,,
estimated,gutenberg_pg_19,30,4.814216136932373,1.5395,1.1989,0.12378647275793184,0.12460895921771781,0.0008224864597859705,0.9999694805835004,0.0033426575319729056,3.0,estimated A12-A15; shared 63 recipes; not independent experiment,,
estimated,gutenberg_pg_19,31,4.698957443237305,1.6235,1.2802,0.11538730470756642,0.11655567839259919,0.001168373685032767,0.9999294604414222,0.004748373729398573,3.0,estimated A12-A15; shared 63 recipes; not independent experiment,,
estimated,gutenberg_pg_19,32,5.534601211547852,1.3925,1.0372,0.1498227824938421,0.1500947596349735,0.0002719771411314187,0.9999977067283293,0.0011053390952646997,3.0,estimated A12-A15; shared 63 recipes; not independent experiment,,
estimated,gutenberg_pg_19,33,4.755634784698486,1.4155,1.0922,0.13157465532587162,0.1318665417146448,0.0002918863887731715,0.9999965771388327,0.0011862520340663284,3.0,estimated A12-A15; shared 63 recipes; not independent experiment,,
estimated,gutenberg_pg_19,34,5.525582313537598,1.8104,1.4146,0.1211508779874583,0.1221325955146897,0.0009817175272314044,0.9999546983793935,0.0039897866373675575,3.0,estimated A12-A15; shared 63 recipes; not independent experiment,,
estimated,gutenberg_pg_19,35,5.9329681396484375,2.033,1.6126,0.11628365938035576,0.11676654549067966,0.0004828861103239046,0.9999880379830449,0.001962491752361764,3.0,estimated A12-A15; shared 63 recipes; not independent experiment,,
estimated,gutenberg_pg_19,36,5.210977077484131,2.0147,1.6395,0.10317719408049995,0.1036527512145805,0.0004755571340805398,0.9999852728751446,0.0019327061463496158,3.0,estimated A12-A15; shared 63 recipes; not independent experiment,,
estimated,gutenberg_pg_19,37,5.35777759552002,2.0613,1.6637,0.10371086964199067,0.1048295949890248,0.0011187253470341385,0.9999200187217189,0.004546598503817036,3.0,estimated A12-A15; shared 63 recipes; not independent experiment,,
estimated,gutenberg_pg_19,38,5.248143672943115,1.7564,1.3785,0.11884557183100786,0.11983223879467272,0.0009866669636648673,0.999952460986526,0.004009901583670217,3.0,estimated A12-A15; shared 63 recipes; not independent experiment,,
estimated,gutenberg_pg_19,39,5.307089805603027,1.914,1.5261,0.11072862582563293,0.11171568457895369,0.000987058753320752,0.9999452384841818,0.004011493851395349,3.0,estimated A12-A15; shared 63 recipes; not independent experiment,,
estimated,gutenberg_pg_19,40,5.576696872711182,1.8496,1.4589,0.1198248054635715,0.12019395882135084,0.0003691533577793449,0.9999934065612441,0.0015002718125660779,3.0,estimated A12-A15; shared 63 recipes; not independent experiment,,
estimated,gutenberg_pg_19,41,5.280606746673584,1.8319,1.4575,0.1149455158976215,0.11538987615861064,0.00044436026098913783,0.9999896292575063,0.0018059193019313198,3.0,estimated A12-A15; shared 63 recipes; not independent experiment,,
estimated,gutenberg_pg_19,42,5.245903015136719,1.9112,1.5212,0.10962853011639077,0.11096451217863441,0.0013359820622436402,0.9998981157302808,0.005429548960722502,3.0,estimated A12-A15; shared 63 recipes; not independent experiment,,
estimated,gutenberg_pg_19,43,4.851532936096191,1.8293,1.4684,0.10589851242205582,0.10712571839567797,0.0012272059736221502,0.9999077925808266,0.004987473340384878,3.0,estimated A12-A15; shared 63 recipes; not independent experiment,,
estimated,gutenberg_pg_19,44,5.561471462249756,1.9583,1.5552,0.11332762228499747,0.11421925024057092,0.0008916279555734458,0.9999572800932993,0.0036236546704863522,3.0,estimated A12-A15; shared 63 recipes; not independent experiment,,
estimated,gutenberg_pg_19,45,5.967015266418457,1.7199,1.313,0.13506348811994437,0.13570260445807228,0.0006391163381279097,0.9999844800397375,0.0025974251807210657,3.0,estimated A12-A15; shared 63 recipes; not independent experiment,,
estimated,gutenberg_pg_19,46,5.125277996063232,1.9496,1.5715,0.10494297760153348,0.10596339578459642,0.001020418183062935,0.9999349158517282,0.004147069516822141,3.0,estimated A12-A15; shared 63 recipes; not independent experiment,,
estimated,gutenberg_pg_19,47,5.945170879364014,1.6633,1.2614,0.13829843858603744,0.13896757292555342,0.0006691343395159866,0.9999837768458553,0.002719420986537304,3.0,estimated A12-A15; shared 63 recipes; not independent experiment,,
estimated,gutenberg_pg_19,48,5.897227764129639,1.9525,1.531,0.12001421474422334,0.12087943442858526,0.0008652196843619148,0.9999640982889416,0.003516329126556385,3.0,estimated A12-A15; shared 63 recipes; not independent experiment,,
estimated,gutenberg_pg_19,49,5.574679851531982,1.6815,1.2905,0.130130764918489,0.13115563755297155,0.0010248726344825598,0.9999571935177984,0.004165172800361412,3.0,estimated A12-A15; shared 63 recipes; not independent experiment,,
estimated,gutenberg_pg_19,50,5.5225510597229,1.8643,1.4716,0.11790598508353707,0.11854248479721692,0.00063649971367985,0.999979819417794,0.0025867909881266684,3.0,estimated A12-A15; shared 63 recipes; not independent experiment,,
estimated,gutenberg_pg_19,51,6.162086009979248,1.8094,1.3829,0.13304829247387956,0.1339368107500638,0.000888518276184247,0.9999691710278409,0.003611016659114117,3.0,estimated A12-A15; shared 63 recipes; not independent experiment,,
estimated,gutenberg_pg_19,52,5.199732780456543,1.9368,1.5506,0.10722406223512954,0.1084562668084132,0.0012322045732836573,0.9999093120517466,0.005007788090383688,3.0,estimated A12-A15; shared 63 recipes; not independent experiment,,
estimated,gutenberg_pg_19,53,5.365267276763916,1.6258,1.255,0.12963106062176633,0.13022391511507658,0.0005928544933102575,0.9999854996195312,0.002409412962181867,3.0,estimated A12-A15; shared 63 recipes; not independent experiment,,
estimated,gutenberg_pg_19,54,5.239508152008057,1.8099,1.4283,0.11540898509118623,0.1165035422492664,0.00109455715808017,0.9999380606943274,0.004448376851800776,3.0,estimated A12-A15; shared 63 recipes; not independent experiment,,
estimated,gutenberg_pg_19,55,5.207559585571289,1.7935,1.4177,0.11573321672248543,0.11662300821891475,0.0008897914964293152,0.9999591960589242,0.0036161911385129727,3.0,estimated A12-A15; shared 63 recipes; not independent experiment,,
estimated,gutenberg_pg_19,56,4.797581195831299,1.878,1.5256,0.10183168642032271,0.1026979535737051,0.000866267153382394,0.9999501011551986,0.003520586133062713,3.0,estimated A12-A15; shared 63 recipes; not independent experiment,,
estimated,gutenberg_pg_19,57,4.775575160980225,1.4485,1.108,0.12952679627809816,0.1309541972153561,0.0014274009372579333,0.9999165505952646,0.005801083333714753,3.0,estimated A12-A15; shared 63 recipes; not independent experiment,,
estimated,gutenberg_pg_19,58,5.167911052703857,1.6234,1.2647,0.1257223721445035,0.12617443581162344,0.00045206366711994517,0.999991024498952,0.0018372266240384361,3.0,estimated A12-A15; shared 63 recipes; not independent experiment,,
estimated,gutenberg_pg_19,59,6.635313034057617,1.871,1.4244,0.13744690722190797,0.13791866456916102,0.00047175734725304896,0.9999918200711286,0.00191726347746714,3.0,estimated A12-A15; shared 63 recipes; not independent experiment,,
estimated,gutenberg_pg_19,60,5.089911460876465,1.6942,1.3275,0.11943638760877284,0.12046726263665616,0.0010308750278833212,0.9999486409340617,0.004189567056670501,3.0,estimated A12-A15; shared 63 recipes; not independent experiment,,
estimated,gutenberg_pg_19,61,5.459442615509033,2.053,1.6456,0.10618983902193459,0.10749504395377107,0.0013052049318364872,0.9998963708652489,0.00530446798760272,3.0,estimated A12-A15; shared 63 recipes; not independent experiment,,
estimated,gutenberg_pg_19,62,6.00164794921875,2.2052,1.7654,0.10870563318511832,0.10968351721832678,0.000977884033208462,0.9999442389184934,0.003974206979469154,3.0,estimated A12-A15; shared 63 recipes; not independent experiment,,
estimated,gutenberg_pg_19,63,5.353765964508057,1.9627,1.5601,0.10895136499150393,0.11052551283045085,0.0015741478389469238,0.9998572337511942,0.006397475688127496,3.0,estimated A12-A15; shared 63 recipes; not independent experiment,,
real_1m_to_60m,gutenberg_pg_19,1,5.168976306915283,,,,,,,,,observed test experiment; 256 recipes,4.260997772216797,0.047180032821593734
real_1m_to_60m,gutenberg_pg_19,2,5.2638750076293945,,,,,,,,,observed test experiment; 256 recipes,4.329345703125,0.04773682899580847
real_1m_to_60m,gutenberg_pg_19,3,4.931246757507324,,,,,,,,,observed test experiment; 256 recipes,4.027015209197998,0.049474680580850694
real_1m_to_60m,gutenberg_pg_19,4,4.84527587890625,,,,,,,,,observed test experiment; 256 recipes,3.923354387283325,0.05154846704591
real_1m_to_60m,gutenberg_pg_19,5,6.203099250793457,,,,,,,,,observed test experiment; 256 recipes,5.106420516967773,0.04751685416610181
real_1m_to_60m,gutenberg_pg_19,6,5.043715476989746,,,,,,,,,observed test experiment; 256 recipes,4.142353534698486,0.04808557080573646
real_1m_to_60m,gutenberg_pg_19,7,6.471707820892334,,,,,,,,,observed test experiment; 256 recipes,5.472181797027588,0.04097423364718701
real_1m_to_60m,gutenberg_pg_19,8,5.04524564743042,,,,,,,,,observed test experiment; 256 recipes,4.1398234367370605,0.04830888120977411
real_1m_to_60m,gutenberg_pg_19,9,5.381073951721191,,,,,,,,,observed test experiment; 256 recipes,4.420413494110107,0.04803082108142398
real_1m_to_60m,gutenberg_pg_19,10,5.406179904937744,,,,,,,,,observed test experiment; 256 recipes,4.4721527099609375,0.04632556930117704
real_1m_to_60m,gutenberg_pg_19,11,5.393258094787598,,,,,,,,,observed test experiment; 256 recipes,4.45278263092041,0.0468012544117742
real_1m_to_60m,gutenberg_pg_19,12,5.171623229980469,,,,,,,,,observed test experiment; 256 recipes,4.287161350250244,0.04580996625122235
real_1m_to_60m,gutenberg_pg_19,13,5.33380126953125,,,,,,,,,observed test experiment; 256 recipes,4.391427516937256,0.047482525194288666
real_1m_to_60m,gutenberg_pg_19,14,5.506552696228027,,,,,,,,,observed test experiment; 256 recipes,4.460884094238281,0.05143480364294345
real_1m_to_60m,gutenberg_pg_19,15,5.592903137207031,,,,,,,,,observed test experiment; 256 recipes,4.520833492279053,0.051974648466661146
real_1m_to_60m,gutenberg_pg_19,16,5.028318881988525,,,,,,,,,observed test experiment; 256 recipes,4.104400157928467,0.04958696059566095
real_1m_to_60m,gutenberg_pg_19,17,4.751383304595947,,,,,,,,,observed test experiment; 256 recipes,3.8593130111694336,0.05078874121451612
real_1m_to_60m,gutenberg_pg_19,18,5.720988750457764,,,,,,,,,observed test experiment; 256 recipes,4.790013313293457,0.043378971997530075
real_1m_to_60m,gutenberg_pg_19,19,5.93950080871582,,,,,,,,,observed test experiment; 256 recipes,4.98297643661499,0.042887865860936174
real_1m_to_60m,gutenberg_pg_19,20,6.022952079772949,,,,,,,,,observed test experiment; 256 recipes,5.045566082000732,0.043246888746449386
real_1m_to_60m,gutenberg_pg_19,21,5.164412498474121,,,,,,,,,observed test experiment; 256 recipes,4.2527360916137695,0.04743831019302672
real_1m_to_60m,gutenberg_pg_19,22,5.5563483238220215,,,,,,,,,observed test experiment; 256 recipes,4.581408500671387,0.04712222665244384
real_1m_to_60m,gutenberg_pg_19,23,4.722231864929199,,,,,,,,,observed test experiment; 256 recipes,3.811214447021485,0.052348708437437344
real_1m_to_60m,gutenberg_pg_19,24,5.617358207702637,,,,,,,,,observed test experiment; 256 recipes,4.573768615722656,0.05019703959828468
real_1m_to_60m,gutenberg_pg_19,25,5.27302360534668,,,,,,,,,observed test experiment; 256 recipes,4.333330154418945,0.04793626891987989
real_1m_to_60m,gutenberg_pg_19,26,6.7244133949279785,,,,,,,,,observed test experiment; 256 recipes,5.580061912536621,0.04556158368209728
real_1m_to_60m,gutenberg_pg_19,27,5.790920257568359,,,,,,,,,observed test experiment; 256 recipes,4.732139587402344,0.04931528617855529
real_1m_to_60m,gutenberg_pg_19,28,4.8738694190979,,,,,,,,,observed test experiment; 256 recipes,3.959902048110962,0.05072090800651496
real_1m_to_60m,gutenberg_pg_19,29,5.6172404289245605,,,,,,,,,observed test experiment; 256 recipes,4.623241901397705,0.04756423017207406
real_1m_to_60m,gutenberg_pg_19,30,5.00350284576416,,,,,,,,,observed test experiment; 256 recipes,4.087376117706299,0.04939374423921464
real_1m_to_60m,gutenberg_pg_19,31,5.91068696975708,,,,,,,,,observed test experiment; 256 recipes,4.930480003356934,0.04428687262775451
real_1m_to_60m,gutenberg_pg_19,32,5.985081672668457,,,,,,,,,observed test experiment; 256 recipes,4.884099006652832,0.04965023201614625
real_1m_to_60m,gutenberg_pg_19,33,5.240689754486084,,,,,,,,,observed test experiment; 256 recipes,4.303754806518555,0.04810666682330943
real_1m_to_60m,gutenberg_pg_19,34,4.739097595214844,,,,,,,,,observed test experiment; 256 recipes,3.8452513217926025,0.051047919771532876
real_1m_to_60m,gutenberg_pg_19,35,5.430629730224609,,,,,,,,,observed test experiment; 256 recipes,4.459160804748535,0.04813823279551844
real_1m_to_60m,gutenberg_pg_19,36,5.286000728607178,,,,,,,,,observed test experiment; 256 recipes,4.367608547210693,0.046612182976996125
real_1m_to_60m,gutenberg_pg_19,37,5.052714347839356,,,,,,,,,observed test experiment; 256 recipes,4.1495890617370605,0.04809470293630062
real_1m_to_60m,gutenberg_pg_19,38,6.084811687469482,,,,,,,,,observed test experiment; 256 recipes,5.030563354492188,0.04646990484510615
real_1m_to_60m,gutenberg_pg_19,39,5.7508063316345215,,,,,,,,,observed test experiment; 256 recipes,4.720088005065918,0.048240354225199025
real_1m_to_60m,gutenberg_pg_19,40,4.946931838989258,,,,,,,,,observed test experiment; 256 recipes,4.0147576332092285,0.05099487121249219
real_1m_to_60m,gutenberg_pg_19,41,5.261906623840332,,,,,,,,,observed test experiment; 256 recipes,4.337403297424316,0.04719133518625033
real_1m_to_60m,gutenberg_pg_19,42,5.509097576141357,,,,,,,,,observed test experiment; 256 recipes,4.502152919769287,0.049298518582702636
real_1m_to_60m,gutenberg_pg_19,43,5.445470333099365,,,,,,,,,observed test experiment; 256 recipes,4.46236515045166,0.048629322780149004
real_1m_to_60m,gutenberg_pg_19,44,4.96617603302002,,,,,,,,,observed test experiment; 256 recipes,4.056448459625244,0.049419950833439995
real_1m_to_60m,gutenberg_pg_19,45,5.479522705078125,,,,,,,,,observed test experiment; 256 recipes,4.542869091033936,0.04578491767735301
real_1m_to_60m,gutenberg_pg_19,46,5.497895240783691,,,,,,,,,observed test experiment; 256 recipes,4.491274356842041,0.049392240887822465
real_1m_to_60m,gutenberg_pg_19,47,5.622904300689697,,,,,,,,,observed test experiment; 256 recipes,4.66325569152832,0.045705596246416624
real_1m_to_60m,gutenberg_pg_19,48,5.038603782653809,,,,,,,,,observed test experiment; 256 recipes,4.116847515106201,0.04934643607700735
real_1m_to_60m,gutenberg_pg_19,49,5.744490623474121,,,,,,,,,observed test experiment; 256 recipes,4.815392017364502,0.04308962828400724
real_1m_to_60m,gutenberg_pg_19,50,4.869708061218262,,,,,,,,,observed test experiment; 256 recipes,3.9675586223602295,0.05004049778196417
real_1m_to_60m,gutenberg_pg_19,51,4.752913475036621,,,,,,,,,observed test experiment; 256 recipes,3.845459699630737,0.051745679040846905
real_1m_to_60m,gutenberg_pg_19,52,6.201375484466553,,,,,,,,,observed test experiment; 256 recipes,5.083040714263916,0.04856979387917604
real_1m_to_60m,gutenberg_pg_19,53,4.98465633392334,,,,,,,,,observed test experiment; 256 recipes,4.08146333694458,0.0488256112389776
real_1m_to_60m,gutenberg_pg_19,54,5.66765022277832,,,,,,,,,observed test experiment; 256 recipes,4.737319469451904,0.04379288146296246
real_1m_to_60m,gutenberg_pg_19,55,6.110177993774414,,,,,,,,,observed test experiment; 256 recipes,4.9344916343688965,0.05219547250328841
real_1m_to_60m,gutenberg_pg_19,56,5.709346771240234,,,,,,,,,observed test experiment; 256 recipes,4.632142066955566,0.05106683195643282
real_1m_to_60m,gutenberg_pg_19,57,6.482944011688232,,,,,,,,,observed test experiment; 256 recipes,5.293051719665527,0.04952679549545995
real_1m_to_60m,gutenberg_pg_19,58,5.264771461486816,,,,,,,,,observed test experiment; 256 recipes,4.3119940757751465,0.0487592763070488
real_1m_to_60m,gutenberg_pg_19,59,5.062225341796875,,,,,,,,,observed test experiment; 256 recipes,4.151578903198242,0.04843692414896803
real_1m_to_60m,gutenberg_pg_19,60,5.304574012756348,,,,,,,,,observed test experiment; 256 recipes,4.378222942352295,0.04687601289783467
real_1m_to_60m,gutenberg_pg_19,61,5.137550354003906,,,,,,,,,observed test experiment; 256 recipes,4.255244255065918,0.046020605631305174
real_1m_to_60m,gutenberg_pg_19,62,5.296351909637451,,,,,,,,,observed test experiment; 256 recipes,4.342302322387695,0.04850924613719844
real_1m_to_60m,gutenberg_pg_19,63,5.596359729766846,,,,,,,,,observed test experiment; 256 recipes,4.682653903961182,0.04353598303786846
real_1m_to_60m,gutenberg_pg_19,64,5.813179016113281,,,,,,,,,observed test experiment; 256 recipes,4.844079494476318,0.044542012725970526
real_1m_to_60m,gutenberg_pg_19,65,4.818259716033936,,,,,,,,,observed test experiment; 256 recipes,3.958815336227417,0.0479852103613989
real_1m_to_60m,gutenberg_pg_19,66,5.398261547088623,,,,,,,,,observed test experiment; 256 recipes,4.518214225769043,0.043464864845907225
real_1m_to_60m,gutenberg_pg_19,67,4.924736022949219,,,,,,,,,observed test experiment; 256 recipes,4.02955961227417,0.04899772798834426
real_1m_to_60m,gutenberg_pg_19,68,5.223647117614746,,,,,,,,,observed test experiment; 256 recipes,4.288376331329346,0.04818540616545865
real_1m_to_60m,gutenberg_pg_19,69,4.963292121887207,,,,,,,,,observed test experiment; 256 recipes,4.074929237365723,0.04816787408548517
real_1m_to_60m,gutenberg_pg_19,70,5.226924896240234,,,,,,,,,observed test experiment; 256 recipes,4.283602714538574,0.048610642540733814
real_1m_to_60m,gutenberg_pg_19,71,5.962850093841553,,,,,,,,,observed test experiment; 256 recipes,4.7451276779174805,0.0557916480603905
real_1m_to_60m,gutenberg_pg_19,72,5.624600887298584,,,,,,,,,observed test experiment; 256 recipes,4.642019271850586,0.046894082756343006
real_1m_to_60m,gutenberg_pg_19,73,5.748420715332031,,,,,,,,,observed test experiment; 256 recipes,4.751099586486816,0.046539579861067853
real_1m_to_60m,gutenberg_pg_19,74,5.130862712860107,,,,,,,,,observed test experiment; 256 recipes,4.227795124053955,0.04728307604715382
real_1m_to_60m,gutenberg_pg_19,75,5.373591423034668,,,,,,,,,observed test experiment; 256 recipes,4.44128942489624,0.04654022900308267
real_1m_to_60m,gutenberg_pg_19,76,5.009575843811035,,,,,,,,,observed test experiment; 256 recipes,4.070959568023682,0.050672948668725806
real_1m_to_60m,gutenberg_pg_19,77,5.275223731994629,,,,,,,,,observed test experiment; 256 recipes,4.345620632171631,0.04734640731958345
real_1m_to_60m,gutenberg_pg_19,78,5.678262710571289,,,,,,,,,observed test experiment; 256 recipes,4.753759860992432,0.04340364319943934
real_1m_to_60m,gutenberg_pg_19,79,5.301249980926514,,,,,,,,,observed test experiment; 256 recipes,4.398848056793213,0.04557504479654896
real_1m_to_60m,gutenberg_pg_19,80,5.903438091278076,,,,,,,,,observed test experiment; 256 recipes,4.798717021942139,0.05060304776204697
real_1m_to_60m,gutenberg_pg_19,81,5.481727123260498,,,,,,,,,observed test experiment; 256 recipes,4.588628768920898,0.0434352753645892
real_1m_to_60m,gutenberg_pg_19,82,5.159637451171875,,,,,,,,,observed test experiment; 256 recipes,4.23336124420166,0.04832764187868727
real_1m_to_60m,gutenberg_pg_19,83,4.9671783447265625,,,,,,,,,observed test experiment; 256 recipes,4.0423431396484375,0.05032000345007294
real_1m_to_60m,gutenberg_pg_19,84,5.200016975402832,,,,,,,,,observed test experiment; 256 recipes,4.261115550994873,0.04863559835412422
real_1m_to_60m,gutenberg_pg_19,85,6.261226177215576,,,,,,,,,observed test experiment; 256 recipes,5.194764137268066,0.045605545991730174
real_1m_to_60m,gutenberg_pg_19,86,5.335516929626465,,,,,,,,,observed test experiment; 256 recipes,4.451662063598633,0.04423375889591532
real_1m_to_60m,gutenberg_pg_19,87,5.497596740722656,,,,,,,,,observed test experiment; 256 recipes,4.627392292022705,0.04208672434122608
real_1m_to_60m,gutenberg_pg_19,88,5.376400470733643,,,,,,,,,observed test experiment; 256 recipes,4.42996883392334,0.04729121866205814
real_1m_to_60m,gutenberg_pg_19,89,5.062694072723389,,,,,,,,,observed test experiment; 256 recipes,4.147400856018066,0.04870545840482733
real_1m_to_60m,gutenberg_pg_19,90,5.1602630615234375,,,,,,,,,observed test experiment; 256 recipes,4.2517595291137695,0.047298084481401784
real_1m_to_60m,gutenberg_pg_19,91,4.886389255523682,,,,,,,,,observed test experiment; 256 recipes,3.98573899269104,0.049759099522422766
real_1m_to_60m,gutenberg_pg_19,92,5.407455921173096,,,,,,,,,observed test experiment; 256 recipes,4.468408107757568,0.04658780112674166
real_1m_to_60m,gutenberg_pg_19,93,6.020837306976318,,,,,,,,,observed test experiment; 256 recipes,5.049236297607422,0.04298351808389422
real_1m_to_60m,gutenberg_pg_19,94,5.806055545806885,,,,,,,,,observed test experiment; 256 recipes,4.6598944664001465,0.05371033824711927
real_1m_to_60m,gutenberg_pg_19,95,5.957058429718018,,,,,,,,,observed test experiment; 256 recipes,4.812691688537598,0.05210120294779257
real_1m_to_60m,gutenberg_pg_19,96,5.849058151245117,,,,,,,,,observed test experiment; 256 recipes,4.793817043304443,0.04859231407375139
real_1m_to_60m,gutenberg_pg_19,97,5.0217814445495605,,,,,,,,,observed test experiment; 256 recipes,4.149142742156982,0.04662113618777529
real_1m_to_60m,gutenberg_pg_19,98,5.822348594665527,,,,,,,,,observed test experiment; 256 recipes,4.84491491317749,0.04488484853782807
real_1m_to_60m,gutenberg_pg_19,99,5.693319797515869,,,,,,,,,observed test experiment; 256 recipes,4.688733577728272,0.04741442722514095
real_1m_to_60m,gutenberg_pg_19,100,5.73680305480957,,,,,,,,,observed test experiment; 256 recipes,4.723118305206299,0.047488151957686214
real_1m_to_60m,gutenberg_pg_19,101,5.067602634429932,,,,,,,,,observed test experiment; 256 recipes,4.169412612915039,0.047649308445232415
real_1m_to_60m,gutenberg_pg_19,102,5.035756587982178,,,,,,,,,observed test experiment; 256 recipes,4.109843254089356,0.04962427744919526
real_1m_to_60m,gutenberg_pg_19,103,4.860396862030029,,,,,,,,,observed test experiment; 256 recipes,3.9602415561676025,0.050023897080857874
real_1m_to_60m,gutenberg_pg_19,104,5.221468925476074,,,,,,,,,observed test experiment; 256 recipes,4.281793594360352,0.048458740276251855
real_1m_to_60m,gutenberg_pg_19,105,5.321455955505371,,,,,,,,,observed test experiment; 256 recipes,4.350615978240967,0.049197008074892495
real_1m_to_60m,gutenberg_pg_19,106,5.553884029388428,,,,,,,,,observed test experiment; 256 recipes,4.609456062316895,0.04552319572790116
real_1m_to_60m,gutenberg_pg_19,107,5.20395565032959,,,,,,,,,observed test experiment; 256 recipes,4.2848334312438965,0.04746482780357854
real_1m_to_60m,gutenberg_pg_19,108,4.780368804931641,,,,,,,,,observed test experiment; 256 recipes,3.880452156066896,0.050940025756641555
real_1m_to_60m,gutenberg_pg_19,109,5.215037345886231,,,,,,,,,observed test experiment; 256 recipes,4.300498962402344,0.047093055556264765
real_1m_to_60m,gutenberg_pg_19,110,5.9589056968688965,,,,,,,,,observed test experiment; 256 recipes,4.870853900909424,0.04924294780939214
real_1m_to_60m,gutenberg_pg_19,111,6.157088279724121,,,,,,,,,observed test experiment; 256 recipes,5.02462100982666,0.04964261084368585
real_1m_to_60m,gutenberg_pg_19,112,5.771249771118164,,,,,,,,,observed test experiment; 256 recipes,4.7497382164001465,0.04757761542261839
real_1m_to_60m,gutenberg_pg_19,113,4.878668785095215,,,,,,,,,observed test experiment; 256 recipes,3.945491313934326,0.05185174379458623
real_1m_to_60m,gutenberg_pg_19,114,5.79433536529541,,,,,,,,,observed test experiment; 256 recipes,4.6505656242370605,0.05370625847135845
real_1m_to_60m,gutenberg_pg_19,115,5.297249794006348,,,,,,,,,observed test experiment; 256 recipes,4.352805137634277,0.04796061484552489
real_1m_to_60m,gutenberg_pg_19,116,5.290268421173096,,,,,,,,,observed test experiment; 256 recipes,4.34882402420044,0.047861999291782024
real_1m_to_60m,gutenberg_pg_19,117,5.875491619110107,,,,,,,,,observed test experiment; 256 recipes,4.84788179397583,0.046954492328906944
real_1m_to_60m,gutenberg_pg_19,118,4.955162525177002,,,,,,,,,observed test experiment; 256 recipes,4.062897682189941,0.04848969855833996
real_1m_to_60m,gutenberg_pg_19,119,5.250219821929932,,,,,,,,,observed test experiment; 256 recipes,4.3157219886779785,0.04787220820969994
real_1m_to_60m,gutenberg_pg_19,120,5.256874084472656,,,,,,,,,observed test experiment; 256 recipes,4.311971187591553,0.048393928477150475
real_1m_to_60m,gutenberg_pg_19,121,4.970276355743408,,,,,,,,,observed test experiment; 256 recipes,4.040306091308594,0.05059539711751799
real_1m_to_60m,gutenberg_pg_19,122,5.683923244476318,,,,,,,,,observed test experiment; 256 recipes,4.688116073608398,0.04704315714832764
real_1m_to_60m,gutenberg_pg_19,123,6.279043674468994,,,,,,,,,observed test experiment; 256 recipes,5.063202857971191,0.052564806293091605
real_1m_to_60m,gutenberg_pg_19,124,4.873430252075195,,,,,,,,,observed test experiment; 256 recipes,3.932009696960449,0.052425334828001845
real_1m_to_60m,gutenberg_pg_19,125,4.90947151184082,,,,,,,,,observed test experiment; 256 recipes,3.994171380996704,0.050393940746350264
real_1m_to_60m,gutenberg_pg_19,126,5.4907965660095215,,,,,,,,,observed test experiment; 256 recipes,4.534888744354248,0.046716338960087915
real_1m_to_60m,gutenberg_pg_19,127,5.541308403015137,,,,,,,,,observed test experiment; 256 recipes,4.553131103515625,0.0479723904051526
real_1m_to_60m,gutenberg_pg_19,128,5.068110466003418,,,,,,,,,observed test experiment; 256 recipes,4.150672435760498,0.04877403504299892
real_1m_to_60m,gutenberg_pg_19,129,5.231082439422607,,,,,,,,,observed test experiment; 256 recipes,4.317992687225342,0.046851842241516464
real_1m_to_60m,gutenberg_pg_19,130,5.573207855224609,,,,,,,,,observed test experiment; 256 recipes,4.610492706298828,0.04631658933896111
real_1m_to_60m,gutenberg_pg_19,131,4.788957118988037,,,,,,,,,observed test experiment; 256 recipes,3.8785617351531982,0.05149744139863214
real_1m_to_60m,gutenberg_pg_19,132,5.812968730926514,,,,,,,,,observed test experiment; 256 recipes,4.836524486541748,0.044914399669007884
real_1m_to_60m,gutenberg_pg_19,133,5.315028190612793,,,,,,,,,observed test experiment; 256 recipes,4.3901801109313965,0.046690760646658634
real_1m_to_60m,gutenberg_pg_19,134,4.937533855438232,,,,,,,,,observed test experiment; 256 recipes,4.064799308776856,0.04750494561439114
real_1m_to_60m,gutenberg_pg_19,135,5.814503192901611,,,,,,,,,observed test experiment; 256 recipes,4.838104724884033,0.044899076229052926
real_1m_to_60m,gutenberg_pg_19,136,4.95549201965332,,,,,,,,,observed test experiment; 256 recipes,4.039748668670654,0.0499015112293638
real_1m_to_60m,gutenberg_pg_19,137,5.500097751617432,,,,,,,,,observed test experiment; 256 recipes,4.457490921020508,0.05133418253934331
real_1m_to_60m,gutenberg_pg_19,138,5.899643421173096,,,,,,,,,observed test experiment; 256 recipes,4.932852268218994,0.043712622405783455
real_1m_to_60m,gutenberg_pg_19,139,6.702983379364014,,,,,,,,,observed test experiment; 256 recipes,5.4649338722229,0.04987384021207966
real_1m_to_60m,gutenberg_pg_19,140,5.045261859893799,,,,,,,,,observed test experiment; 256 recipes,4.1454901695251465,0.0479755714493043
real_1m_to_60m,gutenberg_pg_19,141,6.185008525848389,,,,,,,,,observed test experiment; 256 recipes,5.090539932250977,0.04756426318207576
real_1m_to_60m,gutenberg_pg_19,142,4.86914587020874,,,,,,,,,observed test experiment; 256 recipes,3.953845739364624,0.050857914468206894
real_1m_to_60m,gutenberg_pg_19,143,4.848708152770996,,,,,,,,,observed test experiment; 256 recipes,3.935648679733277,0.05095726288706718
real_1m_to_60m,gutenberg_pg_19,144,4.870213031768799,,,,,,,,,observed test experiment; 256 recipes,3.957828521728516,0.05066553508332337
real_1m_to_60m,gutenberg_pg_19,145,5.69153356552124,,,,,,,,,observed test experiment; 256 recipes,4.593559265136719,0.05234649047936983
real_1m_to_60m,gutenberg_pg_19,146,6.004548072814941,,,,,,,,,observed test experiment; 256 recipes,4.87076473236084,0.05111104769973216
real_1m_to_60m,gutenberg_pg_19,147,5.780931949615479,,,,,,,,,observed test experiment; 256 recipes,4.834203720092773,0.04368183462861312
real_1m_to_60m,gutenberg_pg_19,148,5.821794509887695,,,,,,,,,observed test experiment; 256 recipes,4.854108333587647,0.04439858957079295
real_1m_to_60m,gutenberg_pg_19,149,5.979915618896484,,,,,,,,,observed test experiment; 256 recipes,4.959939956665039,0.045675887633789866
real_1m_to_60m,gutenberg_pg_19,150,6.0118408203125,,,,,,,,,observed test experiment; 256 recipes,4.9496026039123535,0.047485916310092795
real_1m_to_60m,gutenberg_pg_19,151,5.3972883224487305,,,,,,,,,observed test experiment; 256 recipes,4.426477432250977,0.04843084312849263
real_1m_to_60m,gutenberg_pg_19,152,6.029713153839111,,,,,,,,,observed test experiment; 256 recipes,4.842250823974609,0.0535665177970617
real_1m_to_60m,gutenberg_pg_19,153,4.765091896057129,,,,,,,,,observed test experiment; 256 recipes,3.858609437942505,0.05153693100717246
real_1m_to_60m,gutenberg_pg_19,154,5.290974140167236,,,,,,,,,observed test experiment; 256 recipes,4.345686912536621,0.04807082905213068
real_1m_to_60m,gutenberg_pg_19,155,4.936532497406006,,,,,,,,,observed test experiment; 256 recipes,4.012666702270508,0.05060813144932501
real_1m_to_60m,gutenberg_pg_19,156,5.828745365142822,,,,,,,,,observed test experiment; 256 recipes,4.779178142547607,0.04848961193573136
real_1m_to_60m,gutenberg_pg_19,157,4.6640167236328125,,,,,,,,,observed test experiment; 256 recipes,3.780369997024536,0.05130372978680511
real_1m_to_60m,gutenberg_pg_19,158,5.371470928192139,,,,,,,,,observed test experiment; 256 recipes,4.42335844039917,0.04743190227760851
real_1m_to_60m,gutenberg_pg_19,159,6.391761302947998,,,,,,,,,observed test experiment; 256 recipes,5.341710090637207,0.043832173513511805
real_1m_to_60m,gutenberg_pg_19,160,5.203752517700195,,,,,,,,,observed test experiment; 256 recipes,4.2945733070373535,0.04690074232212256
real_1m_to_60m,gutenberg_pg_19,161,5.174674987792969,,,,,,,,,observed test experiment; 256 recipes,4.283541202545166,0.046160375303808024
real_1m_to_60m,gutenberg_pg_19,162,5.719088077545166,,,,,,,,,observed test experiment; 256 recipes,4.772571086883545,0.04418880514792651
real_1m_to_60m,gutenberg_pg_19,163,5.850054740905762,,,,,,,,,observed test experiment; 256 recipes,4.831088066101074,0.04674235422354568
real_1m_to_60m,gutenberg_pg_19,164,4.886828899383545,,,,,,,,,observed test experiment; 256 recipes,3.954700946807861,0.051690476625163274
real_1m_to_60m,gutenberg_pg_19,165,4.94484281539917,,,,,,,,,observed test experiment; 256 recipes,4.020682334899902,0.05053154456727732
real_1m_to_60m,gutenberg_pg_19,166,5.190066814422607,,,,,,,,,observed test experiment; 256 recipes,4.291527271270752,0.04643084894708563
real_1m_to_60m,gutenberg_pg_19,167,5.347728252410889,,,,,,,,,observed test experiment; 256 recipes,4.47261905670166,0.0436450050864765
real_1m_to_60m,gutenberg_pg_19,168,4.961787223815918,,,,,,,,,observed test experiment; 256 recipes,4.044181346893311,0.04994373495218508
real_1m_to_60m,gutenberg_pg_19,169,5.418554782867432,,,,,,,,,observed test experiment; 256 recipes,4.500021457672119,0.045366716627944836
real_1m_to_60m,gutenberg_pg_19,170,5.134975433349609,,,,,,,,,observed test experiment; 256 recipes,4.221076488494873,0.047867215046265024
real_1m_to_60m,gutenberg_pg_19,171,5.916296482086182,,,,,,,,,observed test experiment; 256 recipes,4.878355979919434,0.04711435059070322
real_1m_to_60m,gutenberg_pg_19,172,5.358857154846191,,,,,,,,,observed test experiment; 256 recipes,4.421996593475342,0.04693288998332913
real_1m_to_60m,gutenberg_pg_19,173,5.554690837860107,,,,,,,,,observed test experiment; 256 recipes,4.542972087860107,0.04910708441039751
real_1m_to_60m,gutenberg_pg_19,174,4.948824405670166,,,,,,,,,observed test experiment; 256 recipes,4.0191144943237305,0.050823385302620226
real_1m_to_60m,gutenberg_pg_19,175,6.051648616790772,,,,,,,,,observed test experiment; 256 recipes,4.982585906982422,0.04747566207778724
real_1m_to_60m,gutenberg_pg_19,176,5.364785194396973,,,,,,,,,observed test experiment; 256 recipes,4.427550315856934,0.04689636620349119
real_1m_to_60m,gutenberg_pg_19,177,5.085705280303955,,,,,,,,,observed test experiment; 256 recipes,4.182729244232178,0.04774140338960935
real_1m_to_60m,gutenberg_pg_19,178,4.975412368774414,,,,,,,,,observed test experiment; 256 recipes,4.068559646606445,0.049145647289157594
real_1m_to_60m,gutenberg_pg_19,179,5.442333221435547,,,,,,,,,observed test experiment; 256 recipes,4.448553085327148,0.049245727346629124
real_1m_to_60m,gutenberg_pg_19,180,4.9475998878479,,,,,,,,,observed test experiment; 256 recipes,4.0418195724487305,0.04938705206157189
real_1m_to_60m,gutenberg_pg_19,181,5.489869117736816,,,,,,,,,observed test experiment; 256 recipes,4.455582618713379,0.05098412724205723
real_1m_to_60m,gutenberg_pg_19,182,5.176697731018066,,,,,,,,,observed test experiment; 256 recipes,4.251961708068848,0.048063100580211
real_1m_to_60m,gutenberg_pg_19,183,5.518424987792969,,,,,,,,,observed test experiment; 256 recipes,4.604197978973389,0.04423760557385285
real_1m_to_60m,gutenberg_pg_19,184,4.89879322052002,,,,,,,,,observed test experiment; 256 recipes,4.025076389312744,0.04797959743512391
real_1m_to_60m,gutenberg_pg_19,185,5.10711669921875,,,,,,,,,observed test experiment; 256 recipes,4.214847564697266,0.04689922147034877
real_1m_to_60m,gutenberg_pg_19,186,5.739317417144775,,,,,,,,,observed test experiment; 256 recipes,4.695501804351807,0.04902745623895634
real_1m_to_60m,gutenberg_pg_19,187,4.998798847198486,,,,,,,,,observed test experiment; 256 recipes,4.1002702713012695,0.04839474515038199
real_1m_to_60m,gutenberg_pg_19,188,5.134272575378418,,,,,,,,,observed test experiment; 256 recipes,4.213062763214111,0.04829791187381372
real_1m_to_60m,gutenberg_pg_19,189,5.153487205505371,,,,,,,,,observed test experiment; 256 recipes,4.247855186462402,0.04720155236846101
real_1m_to_60m,gutenberg_pg_19,190,5.135335445404053,,,,,,,,,observed test experiment; 256 recipes,4.202649116516113,0.04895291420053065
real_1m_to_60m,gutenberg_pg_19,191,6.188416481018066,,,,,,,,,observed test experiment; 256 recipes,5.063754558563232,0.0489873327106759
real_1m_to_60m,gutenberg_pg_19,192,4.767338275909424,,,,,,,,,observed test experiment; 256 recipes,3.857426166534424,0.051726953524164475
real_1m_to_60m,gutenberg_pg_19,193,5.8369879722595215,,,,,,,,,observed test experiment; 256 recipes,4.831301689147949,0.04618540782980265
real_1m_to_60m,gutenberg_pg_19,194,5.238959312438965,,,,,,,,,observed test experiment; 256 recipes,4.317512512207031,0.0472464987048588
real_1m_to_60m,gutenberg_pg_19,195,5.654886245727539,,,,,,,,,observed test experiment; 256 recipes,4.650782585144043,0.047745002253160036
real_1m_to_60m,gutenberg_pg_19,196,6.458291053771973,,,,,,,,,observed test experiment; 256 recipes,5.299083709716797,0.048318068100532324
real_1m_to_60m,gutenberg_pg_19,197,5.737344741821289,,,,,,,,,observed test experiment; 256 recipes,4.61883544921875,0.052964254821567504
real_1m_to_60m,gutenberg_pg_19,198,5.933308124542236,,,,,,,,,observed test experiment; 256 recipes,4.904982089996338,0.04648618977274927
real_1m_to_60m,gutenberg_pg_19,199,4.853129386901856,,,,,,,,,observed test experiment; 256 recipes,3.956937074661255,0.049862308409265844
real_1m_to_60m,gutenberg_pg_19,200,4.8558454513549805,,,,,,,,,observed test experiment; 256 recipes,3.943204164505005,0.05084808843709951
real_1m_to_60m,gutenberg_pg_19,201,5.712912559509277,,,,,,,,,observed test experiment; 256 recipes,4.7650065422058105,0.044312358489216996
real_1m_to_60m,gutenberg_pg_19,202,6.549501895904541,,,,,,,,,observed test experiment; 256 recipes,5.427589416503906,0.04589108222960234
real_1m_to_60m,gutenberg_pg_19,203,5.675422668457031,,,,,,,,,observed test experiment; 256 recipes,4.618276119232178,0.05034347632165817
real_1m_to_60m,gutenberg_pg_19,204,5.13239049911499,,,,,,,,,observed test experiment; 256 recipes,4.205996990203857,0.048618324659575295
real_1m_to_60m,gutenberg_pg_19,205,4.92799711227417,,,,,,,,,observed test experiment; 256 recipes,4.032938480377197,0.048954692377858926
real_1m_to_60m,gutenberg_pg_19,206,4.856499195098877,,,,,,,,,observed test experiment; 256 recipes,3.973660469055176,0.04900177370969508
real_1m_to_60m,gutenberg_pg_19,207,5.8187785148620605,,,,,,,,,observed test experiment; 256 recipes,4.802926063537598,0.04686098858391857
real_1m_to_60m,gutenberg_pg_19,208,6.122286319732666,,,,,,,,,observed test experiment; 256 recipes,5.131905555725098,0.043098122829017774
real_1m_to_60m,gutenberg_pg_19,209,5.795388698577881,,,,,,,,,observed test experiment; 256 recipes,4.759838581085205,0.0480782186839629
real_1m_to_60m,gutenberg_pg_19,210,4.807717800140381,,,,,,,,,observed test experiment; 256 recipes,3.89945387840271,0.05114029519557436
real_1m_to_60m,gutenberg_pg_19,211,5.813806056976318,,,,,,,,,observed test experiment; 256 recipes,4.733392715454102,0.05021395223186163
real_1m_to_60m,gutenberg_pg_19,212,5.488644123077393,,,,,,,,,observed test experiment; 256 recipes,4.5494890213012695,0.045835499773914545
real_1m_to_60m,gutenberg_pg_19,213,6.270443439483643,,,,,,,,,observed test experiment; 256 recipes,5.178480625152588,0.046731625929009965
real_1m_to_60m,gutenberg_pg_19,214,5.54588508605957,,,,,,,,,observed test experiment; 256 recipes,4.565754413604736,0.0474978261133615
real_1m_to_60m,gutenberg_pg_19,215,5.167592525482178,,,,,,,,,observed test experiment; 256 recipes,4.25239372253418,0.04760831959963863
real_1m_to_60m,gutenberg_pg_19,216,5.273990154266357,,,,,,,,,observed test experiment; 256 recipes,4.372328281402588,0.04579281579832672
real_1m_to_60m,gutenberg_pg_19,217,4.77316951751709,,,,,,,,,observed test experiment; 256 recipes,3.9171605110168457,0.048272322571566564
real_1m_to_60m,gutenberg_pg_19,218,6.43900728225708,,,,,,,,,observed test experiment; 256 recipes,5.300663948059082,0.04751488074075611
real_1m_to_60m,gutenberg_pg_19,219,5.115904808044434,,,,,,,,,observed test experiment; 256 recipes,4.160254001617432,0.05050335730064477
real_1m_to_60m,gutenberg_pg_19,220,4.926108360290527,,,,,,,,,observed test experiment; 256 recipes,4.035218238830566,0.04872303914269806
real_1m_to_60m,gutenberg_pg_19,221,5.135400772094727,,,,,,,,,observed test experiment; 256 recipes,4.229076862335205,0.04742496659560717
real_1m_to_60m,gutenberg_pg_19,222,5.222625732421875,,,,,,,,,observed test experiment; 256 recipes,4.308898448944092,0.046971620296893245
real_1m_to_60m,gutenberg_pg_19,223,5.224676609039307,,,,,,,,,observed test experiment; 256 recipes,4.327326774597168,0.046025174915273234
real_1m_to_60m,gutenberg_pg_19,224,5.851256370544434,,,,,,,,,observed test experiment; 256 recipes,4.867842674255371,0.04494139253180674
real_1m_to_60m,gutenberg_pg_19,225,5.225508689880371,,,,,,,,,observed test experiment; 256 recipes,4.3022003173828125,0.047486368948785225
real_1m_to_60m,gutenberg_pg_19,226,5.503357887268066,,,,,,,,,observed test experiment; 256 recipes,4.536653995513916,0.047179394168775424
real_1m_to_60m,gutenberg_pg_19,227,6.028106689453125,,,,,,,,,observed test experiment; 256 recipes,4.970592021942139,0.04711230931813634
real_1m_to_60m,gutenberg_pg_19,228,5.056196212768555,,,,,,,,,observed test experiment; 256 recipes,4.147334098815918,0.04839571242441917
real_1m_to_60m,gutenberg_pg_19,229,5.099416255950928,,,,,,,,,observed test experiment; 256 recipes,4.212265968322754,0.046680325264117084
real_1m_to_60m,gutenberg_pg_19,230,5.771297931671143,,,,,,,,,observed test experiment; 256 recipes,4.751794815063477,0.04747392277818323
real_1m_to_60m,gutenberg_pg_19,231,4.755180358886719,,,,,,,,,observed test experiment; 256 recipes,3.837820053100586,0.052347845055788524
real_1m_to_60m,gutenberg_pg_19,232,5.641733646392822,,,,,,,,,observed test experiment; 256 recipes,4.632012844085693,0.04816397013559951
real_1m_to_60m,gutenberg_pg_19,233,6.055431365966797,,,,,,,,,observed test experiment; 256 recipes,4.968621253967285,0.048313771547673266
real_1m_to_60m,gutenberg_pg_19,234,6.632991313934326,,,,,,,,,observed test experiment; 256 recipes,5.423913478851318,0.04915030452120684
real_1m_to_60m,gutenberg_pg_19,235,5.454501152038574,,,,,,,,,observed test experiment; 256 recipes,4.479742527008057,0.04808476452023056
real_1m_to_60m,gutenberg_pg_19,236,4.8738532066345215,,,,,,,,,observed test experiment; 256 recipes,3.99375319480896,0.04864109382828016
real_1m_to_60m,gutenberg_pg_19,237,6.18256950378418,,,,,,,,,observed test experiment; 256 recipes,5.081565380096436,0.04789890044123454
real_1m_to_60m,gutenberg_pg_19,238,5.596437931060791,,,,,,,,,observed test experiment; 256 recipes,4.6599650382995605,0.044725685206351555
real_1m_to_60m,gutenberg_pg_19,239,5.554534912109375,,,,,,,,,observed test experiment; 256 recipes,4.590308666229248,0.0465684856612015
real_1m_to_60m,gutenberg_pg_19,240,5.602438449859619,,,,,,,,,observed test experiment; 256 recipes,4.680080890655518,0.043935370753148295
real_1m_to_60m,gutenberg_pg_19,241,5.205544471740723,,,,,,,,,observed test experiment; 256 recipes,4.28648567199707,0.04744522416776508
real_1m_to_60m,gutenberg_pg_19,242,5.928933143615723,,,,,,,,,observed test experiment; 256 recipes,4.914831638336182,0.04581607319441204
real_1m_to_60m,gutenberg_pg_19,243,4.944833755493164,,,,,,,,,observed test experiment; 256 recipes,4.041505813598633,0.04926942373084596
real_1m_to_60m,gutenberg_pg_19,244,5.784707069396973,,,,,,,,,observed test experiment; 256 recipes,4.620391845703125,0.05488991049281574
real_1m_to_60m,gutenberg_pg_19,245,5.601711750030518,,,,,,,,,observed test experiment; 256 recipes,4.607980251312256,0.047695688545347545
real_1m_to_60m,gutenberg_pg_19,246,5.182701110839844,,,,,,,,,observed test experiment; 256 recipes,4.2626142501831055,0.047735045634304245
real_1m_to_60m,gutenberg_pg_19,247,4.82304573059082,,,,,,,,,observed test experiment; 256 recipes,3.915693998336792,0.05090266327549033
real_1m_to_60m,gutenberg_pg_19,248,5.678999900817871,,,,,,,,,observed test experiment; 256 recipes,4.526930332183838,0.05537664479626597
real_1m_to_60m,gutenberg_pg_19,249,4.983701705932617,,,,,,,,,observed test experiment; 256 recipes,4.0634284019470215,0.0498604538528999
real_1m_to_60m,gutenberg_pg_19,250,5.907395362854004,,,,,,,,,observed test experiment; 256 recipes,4.9525299072265625,0.04306097746851738
real_1m_to_60m,gutenberg_pg_19,251,5.291919231414795,,,,,,,,,observed test experiment; 256 recipes,4.324092864990234,0.04933112113242942
real_1m_to_60m,gutenberg_pg_19,252,5.62200403213501,,,,,,,,,observed test experiment; 256 recipes,4.577450752258301,0.05020240668876302
real_1m_to_60m,gutenberg_pg_19,253,5.639832019805908,,,,,,,,,observed test experiment; 256 recipes,4.681220531463623,0.04550066689888635
real_1m_to_60m,gutenberg_pg_19,254,5.654865741729736,,,,,,,,,observed test experiment; 256 recipes,4.650477886199951,0.047760118684330236
real_1m_to_60m,gutenberg_pg_19,255,4.867965698242188,,,,,,,,,observed test experiment; 256 recipes,3.953593015670776,0.05081432104375153
real_1m_to_60m,gutenberg_pg_19,256,5.772369384765625,,,,,,,,,observed test experiment; 256 recipes,4.771870136260986,0.04648957648110114
estimated,hackernews,1,5.206871032714844,1.5093,1.1518,0.13445031221638895,0.13522940945796652,0.0007790972415775699,0.9999767602152864,0.003166319921395627,3.0,estimated A12-A15; shared 63 recipes; not independent experiment,,
estimated,hackernews,2,4.80118989944458,1.6073,1.2654,0.1188129847673203,0.11952721056827441,0.0007142258009541075,0.9999749973343383,0.00290267666377127,3.0,estimated A12-A15; shared 63 recipes; not independent experiment,,
estimated,hackernews,3,5.495143413543701,1.7869,1.4,0.12196969559850829,0.1225673847348692,0.0005976891363609071,0.9999833600095631,0.0024290613780499643,3.0,estimated A12-A15; shared 63 recipes; not independent experiment,,
estimated,hackernews,4,5.551083087921143,1.9128,1.5135,0.11567704118464339,0.11648790135772762,0.0008108601730842241,0.9999660496270008,0.003295407277150877,3.0,estimated A12-A15; shared 63 recipes; not independent experiment,,
estimated,hackernews,5,5.329304218292236,2.0637,1.6654,0.10300598701728143,0.10426041903470423,0.001254432017422799,0.999898251668819,0.005098122384260563,3.0,estimated A12-A15; shared 63 recipes; not independent experiment,,
estimated,hackernews,6,5.817320823669434,1.7962,1.3919,0.12759208090721183,0.12819451241539592,0.0006024315081840925,0.999984548137819,0.0024483347955095098,3.0,estimated A12-A15; shared 63 recipes; not independent experiment,,
estimated,hackernews,7,5.159833908081055,2.0232,1.6251,0.10164922646007864,0.10355943836965606,0.0019102119095774223,0.9997599214627231,0.007763269718598009,3.0,estimated A12-A15; shared 63 recipes; not independent experiment,,
estimated,hackernews,8,5.339742183685303,1.5733,1.2016,0.13267718650786375,0.1336939652581586,0.00101677875029485,0.9999594569092144,0.004132278540983421,3.0,estimated A12-A15; shared 63 recipes; not independent experiment,,
estimated,hackernews,9,6.47177791595459,1.7046,1.2757,0.14485028040089637,0.14556466027281806,0.0007143798719216887,0.9999831458388247,0.002903302821775659,3.0,estimated A12-A15; shared 63 recipes; not independent experiment,,
estimated,hackernews,10,5.575355052947998,1.9118,1.5048,0.11620751807987159,0.11739571466883322,0.001188196588961632,0.9999280825686817,0.004828935759733304,3.0,estimated A12-A15; shared 63 recipes; not independent experiment,,
estimated,hackernews,11,5.95081901550293,1.6728,1.2705,0.13778318057364897,0.1384083597853987,0.0006251792117497323,0.9999857262056989,0.0025407834695926447,3.0,estimated A12-A15; shared 63 recipes; not independent experiment,,
estimated,hackernews,12,5.869334697723389,1.6817,1.2776,0.13571008790005132,0.1366729769310705,0.0009628890310191818,0.999965220438012,0.003913265967719063,3.0,estimated A12-A15; shared 63 recipes; not independent experiment,,
estimated,hackernews,13,5.158526420593262,1.6632,1.299,0.12289529572505288,0.12361287701596936,0.0007175812909164803,0.999976405126117,0.0029163136709983136,3.0,estimated A12-A15; shared 63 recipes; not independent experiment,,
estimated,hackernews,14,4.832281112670898,1.9536,1.5887,0.09832913608846619,0.09971114958296501,0.0013820134944988183,0.9998648253359461,0.005616624762280914,3.0,estimated A12-A15; shared 63 recipes; not independent experiment,,
estimated,hackernews,15,4.99690580368042,1.8236,1.4592,0.10944289478377926,0.1103355055492598,0.0008926107654805421,0.9999541107030457,0.0036276488966517652,3.0,estimated A12-A15; shared 63 recipes; not independent experiment,,
estimated,hackernews,16,5.570482730865479,2.2718,1.8547,0.09738068424933477,0.09857781128356291,0.0011971270342281404,0.9998963369447882,0.004865229877136588,3.0,estimated A12-A15; shared 63 recipes; not independent experiment,,
estimated,hackernews,17,5.358956336975098,1.9625,1.5703,0.10906763828780691,0.11002823544074064,0.0009605971529337287,0.9999465356985048,0.0039039515729914075,3.0,estimated A12-A15; shared 63 recipes; not independent experiment,,
estimated,hackernews,18,5.077229022979736,2.0035,1.6304,0.10095935179404171,0.1018209710532674,0.0008616192592256905,0.9999497803191958,0.003501696681174655,3.0,estimated A12-A15; shared 63 recipes; not independent experiment,,
estimated,hackernews,19,4.833442211151123,1.8881,1.5244,0.10205788456933301,0.10343600609871395,0.001378121529380938,0.999875133142202,0.005600807472694324,3.0,estimated A12-A15; shared 63 recipes; not independent experiment,,
estimated,hackernews,20,4.99979829788208,1.7393,1.3732,0.11464449685026032,0.11583226695737013,0.0011877701071098118,0.9999261750321728,0.0048272024998636375,3.0,estimated A12-A15; shared 63 recipes; not independent experiment,,
estimated,hackernews,21,5.064894676208496,1.6411,1.28,0.12235884330390812,0.12329171548534187,0.0009328721814337582,0.9999598714393845,0.003791274842930261,3.0,estimated A12-A15; shared 63 recipes; not independent experiment,,
estimated,hackernews,22,5.767696857452393,2.0596,1.6379,0.11180488580256012,0.11283879891384567,0.0010339131112855476,0.9999410943910649,0.004201914095635595,3.0,estimated A12-A15; shared 63 recipes; not independent experiment,,
estimated,hackernews,23,5.783515453338623,2.0224,1.6052,0.11408121093400209,0.11489194742380494,0.0008107364898028574,0.9999651084518979,0.0032949046173842366,3.0,estimated A12-A15; shared 63 recipes; not independent experiment,,
estimated,hackernews,24,5.8698577880859375,1.6645,1.2656,0.13683594500441776,0.13752685866286316,0.0006909136584453968,0.9999823369976566,0.002807934060028658,3.0,estimated A12-A15; shared 63 recipes; not independent experiment,,
estimated,hackernews,25,5.52943229675293,1.8851,1.4902,0.11683653785835332,0.11752826900401343,0.00069173114566011,0.9999757442565835,0.002811256400187686,3.0,estimated A12-A15; shared 63 recipes; not independent experiment,,
estimated,hackernews,26,5.928955554962158,2.0971,1.6504,0.1128397636305518,0.1146290488278237,0.0017892851972718948,0.9998283707137265,0.007271812891685505,3.0,estimated A12-A15; shared 63 recipes; not independent experiment,,
estimated,hackernews,27,4.921019554138184,1.8516,1.4873,0.10612697965926825,0.10725407587562714,0.0011270962163588971,0.999922453897615,0.004580618455227371,3.0,estimated A12-A15; shared 63 recipes; not independent experiment,,
estimated,hackernews,28,5.458417892456055,1.865,1.4771,0.11659698643196705,0.11716107270560074,0.0005640862736336905,0.9999837796628998,0.002292496379496455,3.0,estimated A12-A15; shared 63 recipes; not independent experiment,,
estimated,hackernews,29,5.942418098449707,1.6218,1.2198,0.140991477170692,0.14193202491758686,0.0009405477468948653,0.999969237246647,0.0038224690180996257,3.0,estimated A12-A15; shared 63 recipes; not independent experiment,,
estimated,hackernews,30,5.69641637802124,1.8216,1.4186,0.12378717720504058,0.12460878313062167,0.000821605925581087,0.9999695459424153,0.003339078963283939,3.0,estimated A12-A15; shared 63 recipes; not independent experiment,,
estimated,hackernews,31,5.13293981552124,1.7734,1.3985,0.1153898669987104,0.11655155308567366,0.001161686086963265,0.9999302631591394,0.00472119474086706,3.0,estimated A12-A15; shared 63 recipes; not independent experiment,,
estimated,hackernews,32,5.835553646087647,1.4682,1.0936,0.14982421153399733,0.15009470568102612,0.00027049414702878805,0.9999977316813228,0.0010993120764025421,3.0,estimated A12-A15; shared 63 recipes; not independent experiment,,
estimated,hackernews,33,5.420259475708008,1.6133,1.2448,0.1315762358848122,0.13186946733018468,0.00029323144537246604,0.9999965456513759,0.0011917184627460785,3.0,estimated A12-A15; shared 63 recipes; not independent experiment,,
estimated,hackernews,34,5.701431751251221,1.868,1.4596,0.12115176452300284,0.12213376703760861,0.0009820025146057704,0.9999546728802814,0.003990944851198425,3.0,estimated A12-A15; shared 63 recipes; not independent experiment,,
estimated,hackernews,35,5.641227722167969,1.9331,1.5333,0.11627982765646708,0.11676677976532653,0.00048695210885944806,0.9999878354747216,0.0019790163291110606,3.0,estimated A12-A15; shared 63 recipes; not independent experiment,,
estimated,hackernews,36,5.644321918487549,2.1823,1.7758,0.10317433067365915,0.10365481143166655,0.0004804807580073983,0.999984966499425,0.0019527161883483354,3.0,estimated A12-A15; shared 63 recipes; not independent experiment,,
estimated,hackernews,37,5.103034973144531,1.9633,1.5846,0.10371046953813198,0.10482943563812101,0.00111896609998903,0.9999199839365136,0.0045475769450646865,3.0,estimated A12-A15; shared 63 recipes; not independent experiment,,
estimated,hackernews,38,5.271415710449219,1.7642,1.3846,0.1188448622076952,0.11983306312940488,0.0009882009217096754,0.9999523133355457,0.0040161357244896745,3.0,estimated A12-A15; shared 63 recipes; not independent experiment,,
estimated,hackernews,39,5.03219747543335,1.8149,1.4471,0.11072624372020139,0.1117127305847397,0.0009864868645383107,0.9999452991941997,0.00400916964493158,3.0,estimated A12-A15; shared 63 recipes; not independent experiment,,
estimated,hackernews,40,5.443605422973633,1.8054,1.4241,0.1198282999823279,0.12019285199300113,0.0003645520106732303,0.9999935699410856,0.001481571531997977,3.0,estimated A12-A15; shared 63 recipes; not independent experiment,,
estimated,hackernews,41,5.5165696144104,1.9137,1.5226,0.11494881152640435,0.11539153034699014,0.0004427188205857885,0.9999897061205896,0.0017992483433251446,3.0,estimated A12-A15; shared 63 recipes; not independent experiment,,
estimated,hackernews,42,4.897205829620361,1.7841,1.4201,0.10963229114630532,0.11096358132268754,0.0013312901763822133,0.9998988310165583,0.0054104807226655754,3.0,estimated A12-A15; shared 63 recipes; not independent experiment,,
estimated,hackernews,43,5.190623760223389,1.9572,1.571,0.10589608582817182,0.1071275258155741,0.001231439987402272,0.9999071561195333,0.005004680745910292,3.0,estimated A12-A15; shared 63 recipes; not independent experiment,,
estimated,hackernews,44,5.63517951965332,1.9843,1.5758,0.11332510587987214,0.11421990952258243,0.0008948036427102873,0.9999569750006424,0.003636560943168142,3.0,estimated A12-A15; shared 63 recipes; not independent experiment,,
estimated,hackernews,45,5.840293884277344,1.6834,1.2852,0.13506184464298773,0.13569673494788884,0.0006348903049011034,0.9999846835766143,0.0025802502088686377,3.0,estimated A12-A15; shared 63 recipes; not independent experiment,,
estimated,hackernews,46,4.930731296539307,1.8756,1.5118,0.10494277798609193,0.10596627576275393,0.0010234977766619968,0.9999345248115058,0.0041595852568890755,3.0,estimated A12-A15; shared 63 recipes; not independent experiment,,
estimated,hackernews,47,5.153534412384033,1.4418,1.0934,0.13830003979418556,0.13897058537266802,0.000670545578482451,0.9999837089471693,0.0027251563861959978,3.0,estimated A12-A15; shared 63 recipes; not independent experiment,,
estimated,hackernews,48,5.675467014312744,1.879,1.4735,0.12001870595190844,0.12087504914977784,0.0008563431978693969,0.9999648302002282,0.0034802543023707616,3.0,estimated A12-A15; shared 63 recipes; not independent experiment,,
estimated,hackernews,49,5.721960544586182,1.7259,1.3246,0.13013230752112975,0.1311552630866767,0.0010229555655469347,0.9999573536522869,0.004157381663083898,3.0,estimated A12-A15; shared 63 recipes; not independent experiment,,
estimated,hackernews,50,4.8601508140563965,1.6407,1.2951,0.1179051419636161,0.11854175866607346,0.0006366167024573627,0.9999798117386007,0.0025872664408391815,3.0,estimated A12-A15; shared 63 recipes; not independent experiment,,
estimated,hackernews,51,5.700646877288818,1.6739,1.2794,0.1330486575986986,0.1339328508977329,0.0008841932990343027,0.9999694692276521,0.0035934395704291058,3.0,estimated A12-A15; shared 63 recipes; not independent experiment,,
estimated,hackernews,52,5.533198356628418,2.061,1.65,0.10722456187536539,0.10845854732492098,0.001233985449555594,0.99990905264481,0.005015025728660981,3.0,estimated A12-A15; shared 63 recipes; not independent experiment,,
estimated,hackernews,53,5.907251834869385,1.79,1.3818,0.1296331137219172,0.13022240051882022,0.000589286796903038,0.9999856735266264,0.0023949135292422193,3.0,estimated A12-A15; shared 63 recipes; not independent experiment,,
estimated,hackernews,54,5.134288787841797,1.7735,1.3997,0.11541227498348498,0.11649822675987358,0.001085951776388594,0.9999390279940057,0.004413403821443077,3.0,estimated A12-A15; shared 63 recipes; not independent experiment,,
estimated,hackernews,55,5.2026472091674805,1.7918,1.4163,0.11573371129679437,0.11662697382474417,0.0008932625279498008,0.9999588791356234,0.003630297716824918,3.0,estimated A12-A15; shared 63 recipes; not independent experiment,,
estimated,hackernews,56,4.892145156860352,1.915,1.5557,0.10183263909545127,0.1026962672098058,0.000863628114354531,0.9999504038750794,0.0035098608456385736,3.0,estimated A12-A15; shared 63 recipes; not independent experiment,,
estimated,hackernews,57,5.194708824157715,1.5757,1.2053,0.12952191857929762,0.13095009585580233,0.0014281772765047107,0.9999164542420486,0.0058042384449019085,3.0,estimated A12-A15; shared 63 recipes; not independent experiment,,
estimated,hackernews,58,5.22182035446167,1.6403,1.2779,0.12572466046953046,0.12617392911047223,0.00044926864094177454,0.9999911351947773,0.001825867391074325,3.0,estimated A12-A15; shared 63 recipes; not independent experiment,,
estimated,hackernews,59,6.110487937927246,1.723,1.3117,0.13744765342319623,0.13792112503777115,0.0004734716145749218,0.9999917607452224,0.001924230411095189,3.0,estimated A12-A15; shared 63 recipes; not independent experiment,,
estimated,hackernews,60,5.550899982452393,1.8477,1.4477,0.11943298584061264,0.1204691469504846,0.0010361611098719664,0.9999481130907404,0.004211050160208471,3.0,estimated A12-A15; shared 63 recipes; not independent experiment,,
estimated,hackernews,61,4.793247699737549,1.8024,1.4448,0.10619467345204017,0.10749465444314767,0.0012999809911074939,0.9998972010500691,0.00528323743162629,3.0,estimated A12-A15; shared 63 recipes; not independent experiment,,
estimated,hackernews,62,5.685764789581299,2.0892,1.6724,0.10870221813425579,0.1096879209532029,0.0009857028189471095,0.9999433457345166,0.004005983214480993,3.0,estimated A12-A15; shared 63 recipes; not independent experiment,,
estimated,hackernews,63,5.351061820983887,1.9617,1.5593,0.10895184408462197,0.11052620300107256,0.001574358916450594,0.999857197086234,0.006398333525723602,3.0,estimated A12-A15; shared 63 recipes; not independent experiment,,
real_1m_to_60m,hackernews,1,4.873101711273193,,,,,,,,,observed test experiment; 256 recipes,3.9552814960479736,0.05096758699022269
real_1m_to_60m,hackernews,2,5.219114780426025,,,,,,,,,observed test experiment; 256 recipes,4.225762367248535,0.051565791673779615
real_1m_to_60m,hackernews,3,5.19017219543457,,,,,,,,,observed test experiment; 256 recipes,4.225453853607178,0.050225425779716275
real_1m_to_60m,hackernews,4,5.007454872131348,,,,,,,,,observed test experiment; 256 recipes,4.0578155517578125,0.051359377767906
real_1m_to_60m,hackernews,5,5.76575231552124,,,,,,,,,observed test experiment; 256 recipes,4.752289772033691,0.04721368222913871
real_1m_to_60m,hackernews,6,4.829987525939941,,,,,,,,,observed test experiment; 256 recipes,3.911164522171021,0.05153663069187352
real_1m_to_60m,hackernews,7,5.959773540496826,,,,,,,,,observed test experiment; 256 recipes,4.959788799285889,0.04485927404547518
real_1m_to_60m,hackernews,8,5.451015472412109,,,,,,,,,observed test experiment; 256 recipes,4.460690975189209,0.048969556001099195
real_1m_to_60m,hackernews,9,5.306799411773682,,,,,,,,,observed test experiment; 256 recipes,4.353947639465332,0.04833642267165578
real_1m_to_60m,hackernews,10,5.451416969299316,,,,,,,,,observed test experiment; 256 recipes,4.491420745849609,0.04731074538003723
real_1m_to_60m,hackernews,11,5.439520835876465,,,,,,,,,observed test experiment; 256 recipes,4.438450336456299,0.049674784341314206
real_1m_to_60m,hackernews,12,4.877265930175781,,,,,,,,,observed test experiment; 256 recipes,3.971376180648804,0.05018437503168102
real_1m_to_60m,hackernews,13,5.681320667266846,,,,,,,,,observed test experiment; 256 recipes,4.651158332824707,0.04886433520612561
real_1m_to_60m,hackernews,14,5.575377464294434,,,,,,,,,observed test experiment; 256 recipes,4.574332237243652,0.04833479196599193
real_1m_to_60m,hackernews,15,5.368185997009277,,,,,,,,,observed test experiment; 256 recipes,4.3552093505859375,0.05107468720433274
real_1m_to_60m,hackernews,16,5.708514213562012,,,,,,,,,observed test experiment; 256 recipes,4.695086479187012,0.047734685526002574
real_1m_to_60m,hackernews,17,5.022347927093506,,,,,,,,,observed test experiment; 256 recipes,4.0941596031188965,0.04990690565841202
real_1m_to_60m,hackernews,18,5.127335548400879,,,,,,,,,observed test experiment; 256 recipes,4.211342811584473,0.048067420933504704
real_1m_to_60m,hackernews,19,5.123873710632324,,,,,,,,,observed test experiment; 256 recipes,4.185362339019775,0.04941388137091805
real_1m_to_60m,hackernews,20,5.3815765380859375,,,,,,,,,observed test experiment; 256 recipes,4.4154157638549805,0.04832992550769278
real_1m_to_60m,hackernews,21,5.661258220672607,,,,,,,,,observed test experiment; 256 recipes,4.671318054199219,0.046943996680224566
real_1m_to_60m,hackernews,22,5.588252544403076,,,,,,,,,observed test experiment; 256 recipes,4.590067863464356,0.048059420112484756
real_1m_to_60m,hackernews,23,5.285273551940918,,,,,,,,,observed test experiment; 256 recipes,4.325958251953125,0.04891886796905803
real_1m_to_60m,hackernews,24,5.679369926452637,,,,,,,,,observed test experiment; 256 recipes,4.668858051300049,0.047852783763516094
real_1m_to_60m,hackernews,25,5.538445949554443,,,,,,,,,observed test experiment; 256 recipes,4.557778358459473,0.047597030785420505
real_1m_to_60m,hackernews,26,6.217837810516357,,,,,,,,,observed test experiment; 256 recipes,5.303886413574219,0.03882975348017667
real_1m_to_60m,hackernews,27,5.685388565063477,,,,,,,,,observed test experiment; 256 recipes,4.644986152648926,0.049363476825180636
real_1m_to_60m,hackernews,28,5.496301174163818,,,,,,,,,observed test experiment; 256 recipes,4.50296688079834,0.04868639236604238
real_1m_to_60m,hackernews,29,5.297531127929688,,,,,,,,,observed test experiment; 256 recipes,4.286316871643066,0.051733081518563144
real_1m_to_60m,hackernews,30,5.006138801574707,,,,,,,,,observed test experiment; 256 recipes,4.092197895050049,0.049234427692890076
real_1m_to_60m,hackernews,31,5.218817234039307,,,,,,,,,observed test experiment; 256 recipes,4.2806596755981445,0.04839936213529734
real_1m_to_60m,hackernews,32,5.672904014587402,,,,,,,,,observed test experiment; 256 recipes,4.644893646240234,0.04883142585176127
real_1m_to_60m,hackernews,33,4.991066932678223,,,,,,,,,observed test experiment; 256 recipes,4.049616813659668,0.051052722887564864
real_1m_to_60m,hackernews,34,5.13875675201416,,,,,,,,,observed test experiment; 256 recipes,4.227114200592041,0.04769789939406617
real_1m_to_60m,hackernews,35,4.973849773406982,,,,,,,,,observed test experiment; 256 recipes,4.018659114837647,0.05208302473005331
real_1m_to_60m,hackernews,36,5.657538890838623,,,,,,,,,observed test experiment; 256 recipes,4.6622724533081055,0.04725689046726497
real_1m_to_60m,hackernews,37,5.289828777313232,,,,,,,,,observed test experiment; 256 recipes,4.333616256713867,0.04869729901959539
real_1m_to_60m,hackernews,38,5.868858337402344,,,,,,,,,observed test experiment; 256 recipes,4.852390289306641,0.046451561235967116
real_1m_to_60m,hackernews,39,4.883105754852295,,,,,,,,,observed test experiment; 256 recipes,3.9233458042144775,0.053448513684689905
real_1m_to_60m,hackernews,40,5.202138423919678,,,,,,,,,observed test experiment; 256 recipes,4.17134952545166,0.053935413203537654
real_1m_to_60m,hackernews,41,5.222824573516846,,,,,,,,,observed test experiment; 256 recipes,4.257364273071289,0.04991961592986019
real_1m_to_60m,hackernews,42,5.713404178619385,,,,,,,,,observed test experiment; 256 recipes,4.757213592529297,0.04473314458809907
real_1m_to_60m,hackernews,43,5.455279350280762,,,,,,,,,observed test experiment; 256 recipes,4.517419338226318,0.04607402653434735
real_1m_to_60m,hackernews,44,5.700459003448486,,,,,,,,,observed test experiment; 256 recipes,4.737922191619873,0.04517158053163859
real_1m_to_60m,hackernews,45,4.984516620635986,,,,,,,,,observed test experiment; 256 recipes,4.062076091766357,0.04998168406686194
real_1m_to_60m,hackernews,46,4.996557235717773,,,,,,,,,observed test experiment; 256 recipes,4.0453715324401855,0.05157741931942729
real_1m_to_60m,hackernews,47,5.029675483703613,,,,,,,,,observed test experiment; 256 recipes,4.103324890136719,0.049716839628866645
real_1m_to_60m,hackernews,48,5.579521179199219,,,,,,,,,observed test experiment; 256 recipes,4.5652689933776855,0.04900064515998756
real_1m_to_60m,hackernews,49,5.084003925323486,,,,,,,,,observed test experiment; 256 recipes,4.137731075286865,0.0503014668489567
real_1m_to_60m,hackernews,50,5.049699783325195,,,,,,,,,observed test experiment; 256 recipes,4.1146745681762695,0.050012655955751384
real_1m_to_60m,hackernews,51,5.446164608001709,,,,,,,,,observed test experiment; 256 recipes,4.455076694488525,0.0490597066468399
real_1m_to_60m,hackernews,52,5.916177749633789,,,,,,,,,observed test experiment; 256 recipes,4.868086814880371,0.047624125975873344
real_1m_to_60m,hackernews,53,5.412367820739746,,,,,,,,,observed test experiment; 256 recipes,4.434553146362305,0.048667085630399655
real_1m_to_60m,hackernews,54,5.007250785827637,,,,,,,,,observed test experiment; 256 recipes,4.104038715362549,0.048582984339099786
real_1m_to_60m,hackernews,55,5.72056770324707,,,,,,,,,observed test experiment; 256 recipes,4.665843963623047,0.04977581009435239
real_1m_to_60m,hackernews,56,5.230536937713623,,,,,,,,,observed test experiment; 256 recipes,4.259591102600098,0.05015229282052719
real_1m_to_60m,hackernews,57,5.983553886413574,,,,,,,,,observed test experiment; 256 recipes,4.893837928771973,0.04910134836234526
real_1m_to_60m,hackernews,58,5.324706077575684,,,,,,,,,observed test experiment; 256 recipes,4.27994966506958,0.053345843523087466
real_1m_to_60m,hackernews,59,5.2837748527526855,,,,,,,,,observed test experiment; 256 recipes,4.294423580169678,0.050636538792899595
real_1m_to_60m,hackernews,60,4.888416767120361,,,,,,,,,observed test experiment; 256 recipes,3.954265117645264,0.051796741906198346
real_1m_to_60m,hackernews,61,5.220918655395508,,,,,,,,,observed test experiment; 256 recipes,4.293614387512207,0.047759654388423084
real_1m_to_60m,hackernews,62,5.1743011474609375,,,,,,,,,observed test experiment; 256 recipes,4.159719467163086,0.053306859382554646
real_1m_to_60m,hackernews,63,5.7842936515808105,,,,,,,,,observed test experiment; 256 recipes,4.835427284240723,0.04376201179914084
real_1m_to_60m,hackernews,64,5.334739685058594,,,,,,,,,observed test experiment; 256 recipes,4.37639856338501,0.04836279565489121
real_1m_to_60m,hackernews,65,5.224934101104736,,,,,,,,,observed test experiment; 256 recipes,4.279687881469727,0.04874091578408059
real_1m_to_60m,hackernews,66,5.480914115905762,,,,,,,,,observed test experiment; 256 recipes,4.573991775512695,0.04417937871810453
real_1m_to_60m,hackernews,67,6.034304141998291,,,,,,,,,observed test experiment; 256 recipes,5.085493564605713,0.04178164634909327
real_1m_to_60m,hackernews,68,4.8739824295043945,,,,,,,,,observed test experiment; 256 recipes,3.927189350128174,0.052752609125965105
real_1m_to_60m,hackernews,69,5.326148986816406,,,,,,,,,observed test experiment; 256 recipes,4.393748283386231,0.047002828336794096
real_1m_to_60m,hackernews,70,4.900970458984375,,,,,,,,,observed test experiment; 256 recipes,3.938756704330444,0.05338293316657353
real_1m_to_60m,hackernews,71,5.930783748626709,,,,,,,,,observed test experiment; 256 recipes,4.820403099060059,0.050630525293151804
real_1m_to_60m,hackernews,72,5.673892498016357,,,,,,,,,observed test experiment; 256 recipes,4.690596580505371,0.04648255901781887
real_1m_to_60m,hackernews,73,5.362732410430908,,,,,,,,,observed test experiment; 256 recipes,4.392001152038574,0.04877182506497381
real_1m_to_60m,hackernews,74,5.131763935089111,,,,,,,,,observed test experiment; 256 recipes,4.20923376083374,0.048400621268750485
real_1m_to_60m,hackernews,75,4.915063381195068,,,,,,,,,observed test experiment; 256 recipes,4.010082244873047,0.0497009704077895
real_1m_to_60m,hackernews,76,5.262765407562256,,,,,,,,,observed test experiment; 256 recipes,4.216056823730469,0.054161621926315184
real_1m_to_60m,hackernews,77,5.39333438873291,,,,,,,,,observed test experiment; 256 recipes,4.437271595001221,0.0476569897220531
real_1m_to_60m,hackernews,78,5.703337669372559,,,,,,,,,observed test experiment; 256 recipes,4.738672256469727,0.04525622474735426
real_1m_to_60m,hackernews,79,5.808409214019775,,,,,,,,,observed test experiment; 256 recipes,4.819452285766602,0.04558640368831487
real_1m_to_60m,hackernews,80,6.049714088439941,,,,,,,,,observed test experiment; 256 recipes,5.058727741241455,0.04369343931637965
real_1m_to_60m,hackernews,81,5.116410255432129,,,,,,,,,observed test experiment; 256 recipes,4.210300922393799,0.047606874570325836
real_1m_to_60m,hackernews,82,5.592076778411865,,,,,,,,,observed test experiment; 256 recipes,4.568141460418701,0.04939601253440922
real_1m_to_60m,hackernews,83,4.931152820587158,,,,,,,,,observed test experiment; 256 recipes,4.007911205291748,0.050631446925597935
real_1m_to_60m,hackernews,84,5.227809906005859,,,,,,,,,observed test experiment; 256 recipes,4.210120677947998,0.05287809054241558
real_1m_to_60m,hackernews,85,5.835623741149902,,,,,,,,,observed test experiment; 256 recipes,4.827779769897461,0.046306427474418536
real_1m_to_60m,hackernews,86,5.75508975982666,,,,,,,,,observed test experiment; 256 recipes,4.79467248916626,0.0445930313605129
real_1m_to_60m,hackernews,87,5.324968338012695,,,,,,,,,observed test experiment; 256 recipes,4.467394828796387,0.04288875462764139
real_1m_to_60m,hackernews,88,5.281885147094727,,,,,,,,,observed test experiment; 256 recipes,4.323696613311768,0.048889958455444055
real_1m_to_60m,hackernews,89,4.888465404510498,,,,,,,,,observed test experiment; 256 recipes,3.967564582824707,0.05097909484726492
real_1m_to_60m,hackernews,90,5.596771717071533,,,,,,,,,observed test experiment; 256 recipes,4.621156215667725,0.04678282753032922
real_1m_to_60m,hackernews,91,4.788960933685303,,,,,,,,,observed test experiment; 256 recipes,3.8708300590515137,0.05198499808620081
real_1m_to_60m,hackernews,92,5.369826316833496,,,,,,,,,observed test experiment; 256 recipes,4.387966156005859,0.04931918458831485
real_1m_to_60m,hackernews,93,5.73264217376709,,,,,,,,,observed test experiment; 256 recipes,4.777576446533203,0.04451094324279913
real_1m_to_60m,hackernews,94,5.934755802154541,,,,,,,,,observed test experiment; 256 recipes,4.860886573791504,0.048751402070074674
real_1m_to_60m,hackernews,95,5.913592338562012,,,,,,,,,observed test experiment; 256 recipes,4.893393516540527,0.0462509813526681
real_1m_to_60m,hackernews,96,4.939549922943115,,,,,,,,,observed test experiment; 256 recipes,4.001481056213379,0.05143916406891066
real_1m_to_60m,hackernews,97,5.294918060302734,,,,,,,,,observed test experiment; 256 recipes,4.384292602539063,0.04609265547831998
real_1m_to_60m,hackernews,98,5.389618873596191,,,,,,,,,observed test experiment; 256 recipes,4.415590286254883,0.04868499565529574
real_1m_to_60m,hackernews,99,5.527176380157471,,,,,,,,,observed test experiment; 256 recipes,4.470710754394531,0.051810413152513946
real_1m_to_60m,hackernews,100,5.668274879455566,,,,,,,,,observed test experiment; 256 recipes,4.651920795440674,0.04826281857372515
real_1m_to_60m,hackernews,101,5.139980316162109,,,,,,,,,observed test experiment; 256 recipes,4.238821506500244,0.04708054316397156
real_1m_to_60m,hackernews,102,6.00526237487793,,,,,,,,,observed test experiment; 256 recipes,4.9430766105651855,0.04754075074801435
real_1m_to_60m,hackernews,103,6.007335186004639,,,,,,,,,observed test experiment; 256 recipes,5.020312309265137,0.04383830086820495
real_1m_to_60m,hackernews,104,5.069978713989258,,,,,,,,,observed test experiment; 256 recipes,4.134045600891113,0.049844394914838
real_1m_to_60m,hackernews,105,5.423144340515137,,,,,,,,,observed test experiment; 256 recipes,4.416743755340576,0.05013575752920564
real_1m_to_60m,hackernews,106,4.854262351989746,,,,,,,,,observed test experiment; 256 recipes,3.930553913116455,0.051553256080658645
real_1m_to_60m,hackernews,107,4.955033302307129,,,,,,,,,observed test experiment; 256 recipes,4.021850109100342,0.0509634356939349
real_1m_to_60m,hackernews,108,5.465170383453369,,,,,,,,,observed test experiment; 256 recipes,4.483036041259766,0.04838254100522111
real_1m_to_60m,hackernews,109,5.191680908203125,,,,,,,,,observed test experiment; 256 recipes,4.255051612854004,0.04859156923631095
real_1m_to_60m,hackernews,110,5.638190269470215,,,,,,,,,observed test experiment; 256 recipes,4.634693622589111,0.04786921101622106
real_1m_to_60m,hackernews,111,5.536301136016846,,,,,,,,,observed test experiment; 256 recipes,4.455806255340576,0.05302890055175785
real_1m_to_60m,hackernews,112,5.516477108001709,,,,,,,,,observed test experiment; 256 recipes,4.477657794952393,0.05095793776539674
real_1m_to_60m,hackernews,113,5.350302696228027,,,,,,,,,observed test experiment; 256 recipes,4.325899600982666,0.05190892359686071
real_1m_to_60m,hackernews,114,5.673043251037598,,,,,,,,,observed test experiment; 256 recipes,4.623013973236084,0.04999062283868204
real_1m_to_60m,hackernews,115,5.244748592376709,,,,,,,,,observed test experiment; 256 recipes,4.238325595855713,0.05203739451700409
real_1m_to_60m,hackernews,116,5.614604473114014,,,,,,,,,observed test experiment; 256 recipes,4.595178604125977,0.048936653293228854
real_1m_to_60m,hackernews,117,5.205085277557373,,,,,,,,,observed test experiment; 256 recipes,4.219725131988525,0.051257555682797246
real_1m_to_60m,hackernews,118,5.811098575592041,,,,,,,,,observed test experiment; 256 recipes,4.856046199798584,0.0438519685302786
real_1m_to_60m,hackernews,119,5.114506244659424,,,,,,,,,observed test experiment; 256 recipes,4.188030242919922,0.04881131681490663
real_1m_to_60m,hackernews,120,5.389694213867188,,,,,,,,,observed test experiment; 256 recipes,4.437463760375977,0.047481510201135516
real_1m_to_60m,hackernews,121,5.318126201629639,,,,,,,,,observed test experiment; 256 recipes,4.323739051818848,0.050557658561186936
real_1m_to_60m,hackernews,122,5.529810905456543,,,,,,,,,observed test experiment; 256 recipes,4.543399810791016,0.047987664166968154
real_1m_to_60m,hackernews,123,5.782103061676025,,,,,,,,,observed test experiment; 256 recipes,4.74658203125,0.0481988455897444
real_1m_to_60m,hackernews,124,5.66753625869751,,,,,,,,,observed test experiment; 256 recipes,4.709059715270996,0.04524930570486853
real_1m_to_60m,hackernews,125,5.461862564086914,,,,,,,,,observed test experiment; 256 recipes,4.470061779022217,0.04894254212208825
real_1m_to_60m,hackernews,126,4.977877616882324,,,,,,,,,observed test experiment; 256 recipes,4.069590091705322,0.049204783811227844
real_1m_to_60m,hackernews,127,5.659172058105469,,,,,,,,,observed test experiment; 256 recipes,4.710287570953369,0.04482491340697003
real_1m_to_60m,hackernews,128,5.033500671386719,,,,,,,,,observed test experiment; 256 recipes,4.084480285644531,0.05102677662670007
real_1m_to_60m,hackernews,129,5.12764835357666,,,,,,,,,observed test experiment; 256 recipes,4.162528038024902,0.05092989834072231
real_1m_to_60m,hackernews,130,5.531230449676514,,,,,,,,,observed test experiment; 256 recipes,4.511927604675293,0.0497480910916829
real_1m_to_60m,hackernews,131,4.80772590637207,,,,,,,,,observed test experiment; 256 recipes,3.881462574005127,0.05227018631667417
real_1m_to_60m,hackernews,132,4.962138652801514,,,,,,,,,observed test experiment; 256 recipes,4.040750503540039,0.05016831919271
real_1m_to_60m,hackernews,133,4.97953462600708,,,,,,,,,observed test experiment; 256 recipes,4.08468770980835,0.0483816536943266
real_1m_to_60m,hackernews,134,5.218482494354248,,,,,,,,,observed test experiment; 256 recipes,4.292855739593506,0.04768882093986974
real_1m_to_60m,hackernews,135,5.817731857299805,,,,,,,,,observed test experiment; 256 recipes,4.778304100036621,0.04807235316666089
real_1m_to_60m,hackernews,136,5.08675479888916,,,,,,,,,observed test experiment; 256 recipes,4.169885635375977,0.048542923116838284
real_1m_to_60m,hackernews,137,5.451999187469482,,,,,,,,,observed test experiment; 256 recipes,4.42259693145752,0.051108375714855075
real_1m_to_60m,hackernews,138,5.642645359039307,,,,,,,,,observed test experiment; 256 recipes,4.658181667327881,0.04682747533306357
real_1m_to_60m,hackernews,139,6.055709838867188,,,,,,,,,observed test experiment; 256 recipes,5.032571792602539,0.045201485842495406
real_1m_to_60m,hackernews,140,5.526392936706543,,,,,,,,,observed test experiment; 256 recipes,4.579240322113037,0.04591753629376128
real_1m_to_60m,hackernews,141,5.815622329711914,,,,,,,,,observed test experiment; 256 recipes,4.750407695770264,0.04941385698355683
real_1m_to_60m,hackernews,142,5.40285587310791,,,,,,,,,observed test experiment; 256 recipes,4.409055709838867,0.04964583080241948
real_1m_to_60m,hackernews,143,4.919602394104004,,,,,,,,,observed test experiment; 256 recipes,3.992788076400757,0.05098202092329154
real_1m_to_60m,hackernews,144,5.826571941375732,,,,,,,,,observed test experiment; 256 recipes,4.819184303283691,0.04636252256840257
real_1m_to_60m,hackernews,145,5.652265548706055,,,,,,,,,observed test experiment; 256 recipes,4.610213756561279,0.04977163494920138
real_1m_to_60m,hackernews,146,5.967612266540527,,,,,,,,,observed test experiment; 256 recipes,4.96889591217041,0.0447322457364346
real_1m_to_60m,hackernews,147,5.13267183303833,,,,,,,,,observed test experiment; 256 recipes,4.203685760498047,0.048765960763546196
real_1m_to_60m,hackernews,148,4.872215270996094,,,,,,,,,observed test experiment; 256 recipes,3.956326723098755,0.0508586202270661
real_1m_to_60m,hackernews,149,5.688609600067139,,,,,,,,,observed test experiment; 256 recipes,4.655999183654785,0.04892341658708601
real_1m_to_60m,hackernews,150,5.48311185836792,,,,,,,,,observed test experiment; 256 recipes,4.4719061851501465,0.0497901524166952
real_1m_to_60m,hackernews,151,5.479610443115234,,,,,,,,,observed test experiment; 256 recipes,4.458906650543213,0.050345157305891786
real_1m_to_60m,hackernews,152,5.4460039138793945,,,,,,,,,observed test experiment; 256 recipes,4.385847091674805,0.05287765185926381
real_1m_to_60m,hackernews,153,5.596206665039063,,,,,,,,,observed test experiment; 256 recipes,4.658936500549316,0.04476950604929488
real_1m_to_60m,hackernews,154,5.020141124725342,,,,,,,,,observed test experiment; 256 recipes,4.0775346755981445,0.05079335239969597
real_1m_to_60m,hackernews,155,5.13460111618042,,,,,,,,,observed test experiment; 256 recipes,4.196453094482422,0.04927833764209134
real_1m_to_60m,hackernews,156,5.660538196563721,,,,,,,,,observed test experiment; 256 recipes,4.610171318054199,0.05013109026893187
real_1m_to_60m,hackernews,157,4.959841251373291,,,,,,,,,observed test experiment; 256 recipes,4.039535045623779,0.05012869183356242
real_1m_to_60m,hackernews,158,5.687009334564209,,,,,,,,,observed test experiment; 256 recipes,4.7208662033081055,0.04547546169354114
real_1m_to_60m,hackernews,159,5.882899761199951,,,,,,,,,observed test experiment; 256 recipes,4.874856948852539,0.045906990475478575
real_1m_to_60m,hackernews,160,5.39012336730957,,,,,,,,,observed test experiment; 256 recipes,4.438103199005127,0.047465764582190435
real_1m_to_60m,hackernews,161,4.850586414337158,,,,,,,,,observed test experiment; 256 recipes,3.9512460231781006,0.05008582610016753
real_1m_to_60m,hackernews,162,5.16398811340332,,,,,,,,,observed test experiment; 256 recipes,4.208178520202637,0.04999072977701398
real_1m_to_60m,hackernews,163,5.179225921630859,,,,,,,,,observed test experiment; 256 recipes,4.189526081085205,0.051795344897315625
real_1m_to_60m,hackernews,164,5.245638370513916,,,,,,,,,observed test experiment; 256 recipes,4.275822162628174,0.04992753760521675
real_1m_to_60m,hackernews,165,5.248359203338623,,,,,,,,,observed test experiment; 256 recipes,4.290172100067139,0.049235877267533715
real_1m_to_60m,hackernews,166,5.738810062408447,,,,,,,,,observed test experiment; 256 recipes,4.779452323913574,0.04467770518776991
real_1m_to_60m,hackernews,167,5.690083026885986,,,,,,,,,observed test experiment; 256 recipes,4.741422176361084,0.04454625375760968
real_1m_to_60m,hackernews,168,5.156177043914795,,,,,,,,,observed test experiment; 256 recipes,4.141517162322998,0.05352095642582649
real_1m_to_60m,hackernews,169,5.730959892272949,,,,,,,,,observed test experiment; 256 recipes,4.743811130523682,0.0461715387338745
real_1m_to_60m,hackernews,170,4.698311805725098,,,,,,,,,observed test experiment; 256 recipes,3.797587394714356,0.051983237295574296
real_1m_to_60m,hackernews,171,5.579216003417969,,,,,,,,,observed test experiment; 256 recipes,4.5896100997924805,0.04768850972109357
real_1m_to_60m,hackernews,172,4.81644868850708,,,,,,,,,observed test experiment; 256 recipes,3.868699789047241,0.053517330499914965
real_1m_to_60m,hackernews,173,5.367134094238281,,,,,,,,,observed test experiment; 256 recipes,4.338369846343994,0.05197301020705015
real_1m_to_60m,hackernews,174,5.6398773193359375,,,,,,,,,observed test experiment; 256 recipes,4.603982925415039,0.0495660607179311
real_1m_to_60m,hackernews,175,5.806252479553223,,,,,,,,,observed test experiment; 256 recipes,4.751621246337891,0.04895764700609199
real_1m_to_60m,hackernews,176,5.29197359085083,,,,,,,,,observed test experiment; 256 recipes,4.322381973266602,0.04943028603786685
real_1m_to_60m,hackernews,177,5.28298807144165,,,,,,,,,observed test experiment; 256 recipes,4.288217544555664,0.0509533824706988
real_1m_to_60m,hackernews,178,5.127837181091309,,,,,,,,,observed test experiment; 256 recipes,4.176167964935303,0.05013986824446297
real_1m_to_60m,hackernews,179,5.214491844177246,,,,,,,,,observed test experiment; 256 recipes,4.218874454498291,0.05174778618722466
real_1m_to_60m,hackernews,180,5.721259593963623,,,,,,,,,observed test experiment; 256 recipes,4.7745513916015625,0.04418020198810292
real_1m_to_60m,hackernews,181,5.756467342376709,,,,,,,,,observed test experiment; 256 recipes,4.729435920715332,0.04799743529785598
real_1m_to_60m,hackernews,182,4.827580451965332,,,,,,,,,observed test experiment; 256 recipes,3.895705461502075,0.052382161437056006
real_1m_to_60m,hackernews,183,5.335335731506348,,,,,,,,,observed test experiment; 256 recipes,4.427581310272217,0.045550235110387444
real_1m_to_60m,hackernews,184,4.784725189208984,,,,,,,,,observed test experiment; 256 recipes,3.882726907730103,0.05101936837733586
real_1m_to_60m,hackernews,185,5.1431193351745605,,,,,,,,,observed test experiment; 256 recipes,4.222656726837158,0.04816284532501445
real_1m_to_60m,hackernews,186,5.282374382019043,,,,,,,,,observed test experiment; 256 recipes,4.295964241027832,0.050484187070842464
real_1m_to_60m,hackernews,187,5.207347393035889,,,,,,,,,observed test experiment; 256 recipes,4.279675483703613,0.047918146692722416
real_1m_to_60m,hackernews,188,5.119528293609619,,,,,,,,,observed test experiment; 256 recipes,4.17039680480957,0.05008154863968617
real_1m_to_60m,hackernews,189,4.795013427734375,,,,,,,,,observed test experiment; 256 recipes,3.8958568572998047,0.05071944028438905
real_1m_to_60m,hackernews,190,5.453737735748291,,,,,,,,,observed test experiment; 256 recipes,4.439491271972656,0.050255029115672964
real_1m_to_60m,hackernews,191,6.016087055206299,,,,,,,,,observed test experiment; 256 recipes,4.973637104034424,0.04647524655580764
real_1m_to_60m,hackernews,192,4.886569023132324,,,,,,,,,observed test experiment; 256 recipes,3.950117826461792,0.051960702081089265
real_1m_to_60m,hackernews,193,5.223450660705566,,,,,,,,,observed test experiment; 256 recipes,4.2824225425720215,0.04851554687344061
real_1m_to_60m,hackernews,194,5.166977405548096,,,,,,,,,observed test experiment; 256 recipes,4.186684608459473,0.05138275869016717
real_1m_to_60m,hackernews,195,5.192276477813721,,,,,,,,,observed test experiment; 256 recipes,4.23058032989502,0.05002828856465487
real_1m_to_60m,hackernews,196,5.936367034912109,,,,,,,,,observed test experiment; 256 recipes,4.945172309875488,0.04461899174911853
real_1m_to_60m,hackernews,197,5.773894309997559,,,,,,,,,observed test experiment; 256 recipes,4.742320537567139,0.04807123406851015
real_1m_to_60m,hackernews,198,5.647265911102295,,,,,,,,,observed test experiment; 256 recipes,4.578115940093994,0.05126192205063401
real_1m_to_60m,hackernews,199,5.088842868804932,,,,,,,,,observed test experiment; 256 recipes,4.147373199462891,0.049965335729481246
real_1m_to_60m,hackernews,200,5.132025718688965,,,,,,,,,observed test experiment; 256 recipes,4.18943977355957,0.04956432847613089
real_1m_to_60m,hackernews,201,5.221138000488281,,,,,,,,,observed test experiment; 256 recipes,4.2946062088012695,0.04771350277173072
real_1m_to_60m,hackernews,202,6.116645336151123,,,,,,,,,observed test experiment; 256 recipes,5.169780254364014,0.04107705454858819
real_1m_to_60m,hackernews,203,5.247743606567383,,,,,,,,,observed test experiment; 256 recipes,4.244753837585449,0.051806671978196044
real_1m_to_60m,hackernews,204,5.41957950592041,,,,,,,,,observed test experiment; 256 recipes,4.427660942077637,0.04937219788619011
real_1m_to_60m,hackernews,205,5.451669692993164,,,,,,,,,observed test experiment; 256 recipes,4.44116735458374,0.05007020409243573
real_1m_to_60m,hackernews,206,5.785908222198486,,,,,,,,,observed test experiment; 256 recipes,4.779156684875488,0.04668909426068623
real_1m_to_60m,hackernews,207,5.526334285736084,,,,,,,,,observed test experiment; 256 recipes,4.487742900848389,0.05084448416401651
real_1m_to_60m,hackernews,208,5.894667148590088,,,,,,,,,observed test experiment; 256 recipes,4.85465145111084,0.04740948366067106
real_1m_to_60m,hackernews,209,5.593512058258057,,,,,,,,,observed test experiment; 256 recipes,4.614815711975098,0.046975877917562754
real_1m_to_60m,hackernews,210,5.53679084777832,,,,,,,,,observed test experiment; 256 recipes,4.559422016143799,0.047435968313157696
real_1m_to_60m,hackernews,211,5.499094009399414,,,,,,,,,observed test experiment; 256 recipes,4.447554111480713,0.05183468139485899
real_1m_to_60m,hackernews,212,4.920714378356934,,,,,,,,,observed test experiment; 256 recipes,4.011167526245117,0.04991552691584992
real_1m_to_60m,hackernews,213,5.750631809234619,,,,,,,,,observed test experiment; 256 recipes,4.750063419342041,0.0466867788816988
real_1m_to_60m,hackernews,214,5.49673318862915,,,,,,,,,observed test experiment; 256 recipes,4.479276180267334,0.0499939564165775
real_1m_to_60m,hackernews,215,5.149385452270508,,,,,,,,,observed test experiment; 256 recipes,4.226423263549805,0.04824247292889114
real_1m_to_60m,hackernews,216,5.644794940948486,,,,,,,,,observed test experiment; 256 recipes,4.655004978179932,0.04708711933569679
real_1m_to_60m,hackernews,217,5.188234806060791,,,,,,,,,observed test experiment; 256 recipes,4.243686199188232,0.049082641601202966
real_1m_to_60m,hackernews,218,6.307061195373535,,,,,,,,,observed test experiment; 256 recipes,5.260504245758057,0.04431550429624099
real_1m_to_60m,hackernews,219,5.142329692840576,,,,,,,,,observed test experiment; 256 recipes,4.151851177215576,0.05225547571313978
real_1m_to_60m,hackernews,220,5.7724809646606445,,,,,,,,,observed test experiment; 256 recipes,4.777921199798584,0.04618478130208282
real_1m_to_60m,hackernews,221,5.011183261871338,,,,,,,,,observed test experiment; 256 recipes,4.101925373077393,0.04890052547151566
real_1m_to_60m,hackernews,222,4.852182865142822,,,,,,,,,observed test experiment; 256 recipes,3.938272714614868,0.05096943990225206
real_1m_to_60m,hackernews,223,5.765512466430664,,,,,,,,,observed test experiment; 256 recipes,4.803829669952393,0.044568939421344045
real_1m_to_60m,hackernews,224,5.0540771484375,,,,,,,,,observed test experiment; 256 recipes,4.146575450897217,0.04833801103943351
real_1m_to_60m,hackernews,225,5.354994773864746,,,,,,,,,observed test experiment; 256 recipes,4.319262504577637,0.052498038098097895
real_1m_to_60m,hackernews,226,4.986437797546387,,,,,,,,,observed test experiment; 256 recipes,4.053843975067139,0.0505712752892266
real_1m_to_60m,hackernews,227,5.622005462646484,,,,,,,,,observed test experiment; 256 recipes,4.594758987426758,0.04928069381814711
real_1m_to_60m,hackernews,228,5.408331394195557,,,,,,,,,observed test experiment; 256 recipes,4.380147457122803,0.05149987313960358
real_1m_to_60m,hackernews,229,5.026455402374268,,,,,,,,,observed test experiment; 256 recipes,4.095666408538818,0.05001669986935435
real_1m_to_60m,hackernews,230,5.62072229385376,,,,,,,,,observed test experiment; 256 recipes,4.625392436981201,0.04760199248489848
real_1m_to_60m,hackernews,231,5.4014997482299805,,,,,,,,,observed test experiment; 256 recipes,4.398941516876221,0.05014543729917174
real_1m_to_60m,hackernews,232,5.5370283126831055,,,,,,,,,observed test experiment; 256 recipes,4.553264617919922,0.04777650588238049
real_1m_to_60m,hackernews,233,5.9128007888793945,,,,,,,,,observed test experiment; 256 recipes,4.834439754486084,0.04917865938363307
real_1m_to_60m,hackernews,234,6.116307258605957,,,,,,,,,observed test experiment; 256 recipes,5.097304344177246,0.04451180952103458
real_1m_to_60m,hackernews,235,5.455903053283691,,,,,,,,,observed test experiment; 256 recipes,4.46489143371582,0.04895856942059949
real_1m_to_60m,hackernews,236,5.269204139709473,,,,,,,,,observed test experiment; 256 recipes,4.346708297729492,0.04700642205565158
real_1m_to_60m,hackernews,237,5.629465579986572,,,,,,,,,observed test experiment; 256 recipes,4.597373008728027,0.04946566065401599
real_1m_to_60m,hackernews,238,5.10300350189209,,,,,,,,,observed test experiment; 256 recipes,4.196462154388428,0.047770152029514686
real_1m_to_60m,hackernews,239,5.53196382522583,,,,,,,,,observed test experiment; 256 recipes,4.534780025482178,0.048546548816774296
real_1m_to_60m,hackernews,240,4.788302421569824,,,,,,,,,observed test experiment; 256 recipes,3.875837564468384,0.05163565493070724
real_1m_to_60m,hackernews,241,5.061339378356934,,,,,,,,,observed test experiment; 256 recipes,4.118609428405762,0.050341527296491134
real_1m_to_60m,hackernews,242,5.618533611297607,,,,,,,,,observed test experiment; 256 recipes,4.576125144958496,0.050122333787186314
real_1m_to_60m,hackernews,243,5.084507942199707,,,,,,,,,observed test experiment; 256 recipes,4.123337745666504,0.05117676035329977
real_1m_to_60m,hackernews,244,5.435507774353027,,,,,,,,,observed test experiment; 256 recipes,4.362679958343506,0.05370002493384907
real_1m_to_60m,hackernews,245,5.067897319793701,,,,,,,,,observed test experiment; 256 recipes,4.110799312591553,0.05112137218195342
real_1m_to_60m,hackernews,246,5.469857692718506,,,,,,,,,observed test experiment; 256 recipes,4.445314407348633,0.05065572711600217
real_1m_to_60m,hackernews,247,5.263428688049316,,,,,,,,,observed test experiment; 256 recipes,4.259371280670166,0.05169596508518018
real_1m_to_60m,hackernews,248,5.637359619140625,,,,,,,,,observed test experiment; 256 recipes,4.600640296936035,0.049634394803586175
real_1m_to_60m,hackernews,249,4.972825527191162,,,,,,,,,observed test experiment; 256 recipes,4.014201641082764,0.05230378349566985
real_1m_to_60m,hackernews,250,5.628693580627441,,,,,,,,,observed test experiment; 256 recipes,4.648342609405518,0.04673926150277789
real_1m_to_60m,hackernews,251,5.762279987335205,,,,,,,,,observed test experiment; 256 recipes,4.828409671783447,0.04318544076806411
real_1m_to_60m,hackernews,252,5.025096416473389,,,,,,,,,observed test experiment; 256 recipes,4.094269752502441,0.05003395860314495
real_1m_to_60m,hackernews,253,5.5189385414123535,,,,,,,,,observed test experiment; 256 recipes,4.508732318878174,0.04937774869422974
real_1m_to_60m,hackernews,254,5.451479434967041,,,,,,,,,observed test experiment; 256 recipes,4.451420783996582,0.0494984489440028
real_1m_to_60m,hackernews,255,5.6568803787231445,,,,,,,,,observed test experiment; 256 recipes,4.662872791290283,0.047197012972737686
real_1m_to_60m,hackernews,256,5.558407306671143,,,,,,,,,observed test experiment; 256 recipes,4.503812789916992,0.0513848514003868
estimated,pile_cc,1,5.169477939605713,1.4984,1.1435,0.1344547304942345,0.13523163246443282,0.0007769019701983071,0.9999768919908874,0.003157398144844346,3.0,estimated A12-A15; shared 63 recipes; not independent experiment,,
estimated,pile_cc,2,5.343518733978272,1.7889,1.4084,0.11881031806695076,0.11952313764395037,0.0007128195769996043,0.9999750941732827,0.002896961645563762,3.0,estimated A12-A15; shared 63 recipes; not independent experiment,,
estimated,pile_cc,3,5.506680965423584,1.7906,1.403,0.12197283395173275,0.1225635147175919,0.0005906807658591501,0.9999837475056672,0.002400578742055317,3.0,estimated A12-A15; shared 63 recipes; not independent experiment,,
estimated,pile_cc,4,5.828740119934082,2.0084,1.5892,0.11568111990138315,0.1164880733606076,0.0008069534592244493,0.9999663767820658,0.003279530047376169,3.0,estimated A12-A15; shared 63 recipes; not independent experiment,,
estimated,pile_cc,5,5.760408401489258,2.2307,1.8002,0.10300302696266976,0.10425640793894972,0.001253380976279958,0.9998984148826748,0.005093850860333912,3.0,estimated A12-A15; shared 63 recipes; not independent experiment,,
estimated,pile_cc,6,5.9236016273498535,1.829,1.4174,0.12759303457136126,0.1281900614202095,0.0005970268488482422,0.9999848234869165,0.0024263697831717504,3.0,estimated A12-A15; shared 63 recipes; not independent experiment,,
estimated,pile_cc,7,5.41911506652832,2.1248,1.7068,0.10165257874852553,0.10355739643470141,0.001904817686175883,0.9997612735206045,0.007741347118817864,3.0,estimated A12-A15; shared 63 recipes; not independent experiment,,
estimated,pile_cc,8,5.321898460388184,1.568,1.1976,0.13268013144692403,0.13369281518175719,0.001012683734833153,0.9999597828901038,0.0041156360368865205,3.0,estimated A12-A15; shared 63 recipes; not independent experiment,,
estimated,pile_cc,9,6.354576110839844,1.6738,1.2526,0.14484575555772203,0.1455644803394029,0.0007187247816808628,0.9999829398399055,0.002920960918342887,3.0,estimated A12-A15; shared 63 recipes; not independent experiment,,
estimated,pile_cc,10,5.520979404449463,1.8932,1.4901,0.1162049078120175,0.11739715226226195,0.001192244450244448,0.9999275919695524,0.004845386625087429,3.0,estimated A12-A15; shared 63 recipes; not independent experiment,,
estimated,pile_cc,11,6.076876163482666,1.7082,1.2974,0.13778541717891526,0.13840927203406572,0.0006238548551504575,0.9999857868880966,0.002535401167539263,3.0,estimated A12-A15; shared 63 recipes; not independent experiment,,
estimated,pile_cc,12,5.962575435638428,1.7084,1.2979,0.13571108095329426,0.1366727047969944,0.0009616238437001323,0.9999653118356182,0.003908124134840109,3.0,estimated A12-A15; shared 63 recipes; not independent experiment,,
estimated,pile_cc,13,5.542590618133545,1.7871,1.3957,0.1228909868720742,0.12361374710331496,0.0007227602312407655,0.9999760630332386,0.0029373613413599107,3.0,estimated A12-A15; shared 63 recipes; not independent experiment,,
estimated,pile_cc,14,5.597803115844727,2.263,1.8404,0.0983332663940734,0.09971013815374563,0.0013768717596722296,0.9998658307857013,0.005595728298344036,3.0,estimated A12-A15; shared 63 recipes; not independent experiment,,
estimated,pile_cc,15,5.70292329788208,2.0813,1.6654,0.10944071157625927,0.11033398412043724,0.0008932725441779671,0.9999540411924334,0.003630338423660049,3.0,estimated A12-A15; shared 63 recipes; not independent experiment,,
estimated,pile_cc,16,5.888399600982666,2.4014,1.9606,0.09738319207539828,0.09857556490146509,0.0011923728260668093,0.9998971570113716,0.0048459083557547775,3.0,estimated A12-A15; shared 63 recipes; not independent experiment,,
estimated,pile_cc,17,5.748971939086914,2.1053,1.6846,0.10906904959600969,0.11002736953678181,0.000958319940772126,0.9999467887255078,0.0038946967818720424,3.0,estimated A12-A15; shared 63 recipes; not independent experiment,,
estimated,pile_cc,18,5.253754138946533,2.0731,1.6871,0.10096237337952771,0.10182021409197506,0.0008578407124473497,0.9999502202195585,0.0034863403337258435,3.0,estimated A12-A15; shared 63 recipes; not independent experiment,,
estimated,pile_cc,19,5.247750759124756,2.05,1.6551,0.10205483476797503,0.10343422513051512,0.0013793903625400894,0.9998748978426885,0.005605964122588971,3.0,estimated A12-A15; shared 63 recipes; not independent experiment,,
estimated,pile_cc,20,5.347065448760986,1.8602,1.4686,0.11463896497843336,0.1158308813249746,0.0011919163465412413,0.9999256552973224,0.004844053182692304,3.0,estimated A12-A15; shared 63 recipes; not independent experiment,,
estimated,pile_cc,21,5.878022193908691,1.9045,1.4854,0.12236256113190785,0.12329736096387844,0.0009347998319705897,0.9999597087365665,0.003799108984768755,3.0,estimated A12-A15; shared 63 recipes; not independent experiment,,
estimated,pile_cc,22,6.061858177185059,2.1646,1.7214,0.1118070293289875,0.1128406418780184,0.0010336125490308934,0.999941130659415,0.004200692584117029,3.0,estimated A12-A15; shared 63 recipes; not independent experiment,,
estimated,pile_cc,23,5.977203845977783,2.0901,1.659,0.11408275049218122,0.1148896630370266,0.0008069125448453701,0.999965436152026,0.003279363767730257,3.0,estimated A12-A15; shared 63 recipes; not independent experiment,,
estimated,pile_cc,24,6.081203937530518,1.7244,1.3112,0.13683788846290285,0.137524694437155,0.0006868059742521637,0.9999825461708397,0.0027912400690891423,3.0,estimated A12-A15; shared 63 recipes; not independent experiment,,
estimated,pile_cc,25,5.843257427215576,1.9921,1.5748,0.11683597107234467,0.11752695382853279,0.0006909827561881188,0.9999757962661748,0.0028082148793507535,3.0,estimated A12-A15; shared 63 recipes; not independent experiment,,
estimated,pile_cc,26,5.942705631256104,2.1019,1.6542,0.11284304201447799,0.11463053939671108,0.0017874973822330914,0.9998287196215138,0.00726454705364759,3.0,estimated A12-A15; shared 63 recipes; not independent experiment,,
estimated,pile_cc,27,5.607277870178223,2.1098,1.6947,0.10612769755498362,0.10725464055940663,0.0011269430044230089,0.9999224758657524,0.0045799957884034535,3.0,estimated A12-A15; shared 63 recipes; not independent experiment,,
estimated,pile_cc,28,5.706452369689941,1.9497,1.5442,0.11659960124615665,0.11716226253107179,0.0005626612849151391,0.9999838619610755,0.002286705099632334,3.0,estimated A12-A15; shared 63 recipes; not independent experiment,,
estimated,pile_cc,29,5.957272052764893,1.6259,1.2228,0.14098840064156834,0.14193562191966747,0.0009472212780991252,0.9999687998270382,0.003849590837649706,3.0,estimated A12-A15; shared 63 recipes; not independent experiment,,
estimated,pile_cc,30,5.754676342010498,1.8402,1.4331,0.12378896910836511,0.12460932716127182,0.0008203580529067139,0.999969638834893,0.0033340074986484727,3.0,estimated A12-A15; shared 63 recipes; not independent experiment,,
estimated,pile_cc,31,5.51257848739624,1.9046,1.5019,0.11538775148894778,0.11655363090559182,0.0011658794166440334,0.9999297597489553,0.004738236802623445,3.0,estimated A12-A15; shared 63 recipes; not independent experiment,,
estimated,pile_cc,32,5.833001613616943,1.4675,1.0931,0.149828496662943,0.15009648850506818,0.00026799184212517035,0.9999977735311778,0.0010891424885220446,3.0,estimated A12-A15; shared 63 recipes; not independent experiment,,
estimated,pile_cc,33,5.5495219230651855,1.6518,1.2745,0.13157452740319642,0.1318684836318799,0.00029395622868347293,0.9999965284902111,0.0011946640460619347,3.0,estimated A12-A15; shared 63 recipes; not independent experiment,,
estimated,pile_cc,34,6.194097995758057,2.0294,1.5858,0.12115260398370525,0.1221295531217482,0.000976949138042943,0.9999551362301915,0.003970407483040407,3.0,estimated A12-A15; shared 63 recipes; not independent experiment,,
estimated,pile_cc,35,5.653165340423584,1.9371,1.5365,0.11628491162688394,0.1167693859583853,0.00048447433150136665,0.9999879596515779,0.0019689464233392058,3.0,estimated A12-A15; shared 63 recipes; not independent experiment,,
estimated,pile_cc,36,6.027653694152832,2.3305,1.8964,0.10317479640940612,0.10365493992312115,0.00048014351371503117,0.9999849876633986,0.001951345597792845,3.0,estimated A12-A15; shared 63 recipes; not independent experiment,,
estimated,pile_cc,37,5.670432090759277,2.1816,1.7608,0.10371025718835836,0.10482886413176086,0.001118606943402503,0.9999200345878198,0.004546117301012679,3.0,estimated A12-A15; shared 63 recipes; not independent experiment,,
estimated,pile_cc,38,5.204901218414307,1.742,1.3671,0.11884108524114977,0.1198349762046144,0.0009938909634646387,0.9999517627253109,0.004039260556154738,3.0,estimated A12-A15; shared 63 recipes; not independent experiment,,
estimated,pile_cc,39,5.59416389465332,2.0175,1.6087,0.11073041063554072,0.11171293535228288,0.0009825247167421641,0.9999457391024207,0.003993067126748935,3.0,estimated A12-A15; shared 63 recipes; not independent experiment,,
estimated,pile_cc,40,5.732850074768066,1.9014,1.4998,0.11982427367497267,0.12019101165765039,0.00036673798267772284,0.9999934923230858,0.0014904555150698068,3.0,estimated A12-A15; shared 63 recipes; not independent experiment,,
estimated,pile_cc,41,5.879600524902344,2.0397,1.6228,0.11494538102670912,0.11539143611770471,0.0004460550909955868,0.9999895501839555,0.0018128072405949045,3.0,estimated A12-A15; shared 63 recipes; not independent experiment,,
estimated,pile_cc,42,5.814209938049316,2.1182,1.686,0.10963093635336468,0.11096434672446338,0.0013334103710987005,0.9998985087349403,0.0054190973810360685,3.0,estimated A12-A15; shared 63 recipes; not independent experiment,,
estimated,pile_cc,43,5.635731220245361,2.125,1.7058,0.10589783453422597,0.10712314965821028,0.0012253151239843135,0.9999080730763282,0.004979788760646893,3.0,estimated A12-A15; shared 63 recipes; not independent experiment,,
estimated,pile_cc,44,5.9413371086120605,2.0921,1.6614,0.11332543881560392,0.11422059657746794,0.0008951577618640238,0.9999569413762528,0.003638000114649163,3.0,estimated A12-A15; shared 63 recipes; not independent experiment,,
estimated,pile_cc,45,6.166713714599609,1.7775,1.357,0.13506104441821326,0.13569878957763779,0.0006377451594245243,0.9999845457892643,0.0025918525895057857,3.0,estimated A12-A15; shared 63 recipes; not independent experiment,,
estimated,pile_cc,46,5.396003723144531,2.0525,1.6545,0.10494726871594838,0.10596389689524002,0.0010166281792916426,0.9999354004577098,0.004131666607143192,3.0,estimated A12-A15; shared 63 recipes; not independent experiment,,
estimated,pile_cc,47,5.751434326171875,1.6091,1.2203,0.1382982825612875,0.13896716810489504,0.0006688855436075281,0.9999837888311892,0.0027184098580168197,3.0,estimated A12-A15; shared 63 recipes; not independent experiment,,
estimated,pile_cc,48,5.876132011413574,1.9455,1.5256,0.12001507720430035,0.12087492535389238,0.0008598481495920296,0.9999645410064032,0.003494498735376862,3.0,estimated A12-A15; shared 63 recipes; not independent experiment,,
estimated,pile_cc,49,5.760085105895996,1.7374,1.3334,0.13013227076069103,0.1311569846847345,0.0010247139240434633,0.9999572076879053,0.004164527787135343,3.0,estimated A12-A15; shared 63 recipes; not independent experiment,,
estimated,pile_cc,50,5.685656547546387,1.9194,1.515,0.11790378283218364,0.11854620571444029,0.0006424228822566463,0.9999794427296842,0.0026108632677622166,3.0,estimated A12-A15; shared 63 recipes; not independent experiment,,
estimated,pile_cc,51,6.187751293182373,1.817,1.3887,0.13304448057360366,0.13393421737613928,0.0008897368025356234,0.9999690850372752,0.003615968857703874,3.0,estimated A12-A15; shared 63 recipes; not independent experiment,,
estimated,pile_cc,52,5.959908962249756,2.22,1.7773,0.10722166287044724,0.10845577957446292,0.0012341167040156864,0.9999090285695382,0.005015559158365856,3.0,estimated A12-A15; shared 63 recipes; not independent experiment,,
estimated,pile_cc,53,6.085532188415527,1.8441,1.4235,0.12962852401359032,0.13022256457994208,0.0005940405663517612,0.9999854411572151,0.002414233267657564,3.0,estimated A12-A15; shared 63 recipes; not independent experiment,,
estimated,pile_cc,54,5.1780619621276855,1.7886,1.4116,0.11541350415051797,0.11650034502268891,0.0010868408721709383,0.9999389300543348,0.004417017185138335,3.0,estimated A12-A15; shared 63 recipes; not independent experiment,,
estimated,pile_cc,55,5.744707584381104,1.9785,1.5639,0.11573296815988227,0.11662487382674953,0.0008919056668672681,0.9999590027807402,0.0036247833136838488,3.0,estimated A12-A15; shared 63 recipes; not independent experiment,,
estimated,pile_cc,56,5.312499046325684,2.0795,1.6894,0.10183498509874069,0.10269480021663813,0.0008598151178974417,0.999950840570732,0.003494364491656128,3.0,estimated A12-A15; shared 63 recipes; not independent experiment,,
estimated,pile_cc,57,5.14619779586792,1.561,1.194,0.12952089284731927,0.1309534177468321,0.0014325248995128437,0.9999159473750074,0.00582190756835233,3.0,estimated A12-A15; shared 63 recipes; not independent experiment,,
estimated,pile_cc,58,5.20856237411499,1.6362,1.2746,0.12572037025289845,0.1261778296629105,0.0004574594100120455,0.999990809210504,0.0018591553991618428,3.0,estimated A12-A15; shared 63 recipes; not independent experiment,,
estimated,pile_cc,59,6.283211708068848,1.7717,1.3488,0.13744787700355843,0.13791963142692393,0.0004717544233655002,0.9999918202874407,0.0019172515945301764,3.0,estimated A12-A15; shared 63 recipes; not independent experiment,,
estimated,pile_cc,60,5.978978157043457,1.9902,1.5593,0.11943256122877838,0.12047171865408154,0.0010391574253031666,0.9999478140016343,0.004223227450454288,3.0,estimated A12-A15; shared 63 recipes; not independent experiment,,
estimated,pile_cc,61,5.723842620849609,2.1524,1.7253,0.10619117519787809,0.1074948447992703,0.0013036696013922072,0.999896615043692,0.005298228269231021,3.0,estimated A12-A15; shared 63 recipes; not independent experiment,,
estimated,pile_cc,62,5.90737771987915,2.1706,1.7376,0.1087037355046569,0.10968713705994464,0.0009834015552877412,0.9999436098825408,0.00399663067595273,3.0,estimated A12-A15; shared 63 recipes; not independent experiment,,
estimated,pile_cc,63,5.584300518035889,2.0472,1.6272,0.10895212720928316,0.11052982658241868,0.0015776993731355243,0.9998565972453112,0.006411909436384733,3.0,estimated A12-A15; shared 63 recipes; not independent experiment,,
real_1m_to_60m,pile_cc,1,5.318245887756348,,,,,,,,,observed test experiment; 256 recipes,4.253109455108643,0.054585825233778425
real_1m_to_60m,pile_cc,2,5.180474281311035,,,,,,,,,observed test experiment; 256 recipes,4.123269557952881,0.055747672928067156
real_1m_to_60m,pile_cc,3,5.765591144561768,,,,,,,,,observed test experiment; 256 recipes,4.73043155670166,0.048332828164586075
real_1m_to_60m,pile_cc,4,5.847572326660156,,,,,,,,,observed test experiment; 256 recipes,4.733434200286865,0.051626236964932605
real_1m_to_60m,pile_cc,5,6.068567752838135,,,,,,,,,observed test experiment; 256 recipes,5.038351535797119,0.0454391825112626
real_1m_to_60m,pile_cc,6,5.529768943786621,,,,,,,,,observed test experiment; 256 recipes,4.458230018615723,0.05260773699429993
real_1m_to_60m,pile_cc,7,6.680059432983398,,,,,,,,,observed test experiment; 256 recipes,5.616564750671387,0.04235272809660447
real_1m_to_60m,pile_cc,8,5.949980735778809,,,,,,,,,observed test experiment; 256 recipes,4.907922744750977,0.04702515699291182
real_1m_to_60m,pile_cc,9,5.2308030128479,,,,,,,,,observed test experiment; 256 recipes,4.189618110656738,0.054210195531982294
real_1m_to_60m,pile_cc,10,5.8529953956604,,,,,,,,,observed test experiment; 256 recipes,4.79919958114624,0.048482586296269975
real_1m_to_60m,pile_cc,11,5.847929954528809,,,,,,,,,observed test experiment; 256 recipes,4.795907974243164,0.04843869213339342
real_1m_to_60m,pile_cc,12,5.165400981903076,,,,,,,,,observed test experiment; 256 recipes,4.130082130432129,0.05463278371529603
real_1m_to_60m,pile_cc,13,5.9236674308776855,,,,,,,,,observed test experiment; 256 recipes,4.83331298828125,0.04968404613367069
real_1m_to_60m,pile_cc,14,5.459989070892334,,,,,,,,,observed test experiment; 256 recipes,4.405274391174316,0.05242456674838903
real_1m_to_60m,pile_cc,15,5.604483604431152,,,,,,,,,observed test experiment; 256 recipes,4.535963535308838,0.05166379878163248
real_1m_to_60m,pile_cc,16,6.041892051696777,,,,,,,,,observed test experiment; 256 recipes,4.958288669586182,0.048275507489166467
real_1m_to_60m,pile_cc,17,5.546292781829834,,,,,,,,,observed test experiment; 256 recipes,4.497042655944824,0.05121936880932712
real_1m_to_60m,pile_cc,18,5.991843223571777,,,,,,,,,observed test experiment; 256 recipes,4.940231800079346,0.04713497495323211
real_1m_to_60m,pile_cc,19,6.222510814666748,,,,,,,,,observed test experiment; 256 recipes,5.113990306854248,0.04791817318178819
real_1m_to_60m,pile_cc,20,6.234071731567383,,,,,,,,,observed test experiment; 256 recipes,5.139843463897705,0.04713991710871552
real_1m_to_60m,pile_cc,21,5.92173433303833,,,,,,,,,observed test experiment; 256 recipes,4.839320659637451,0.04930093529919738
real_1m_to_60m,pile_cc,22,5.973258972167969,,,,,,,,,observed test experiment; 256 recipes,4.920549392700195,0.04735128603516165
real_1m_to_60m,pile_cc,23,5.720693111419678,,,,,,,,,observed test experiment; 256 recipes,4.650949001312256,0.05056210662040062
real_1m_to_60m,pile_cc,24,5.741121768951416,,,,,,,,,observed test experiment; 256 recipes,4.656547546386719,0.051138909904304655
real_1m_to_60m,pile_cc,25,5.524257659912109,,,,,,,,,observed test experiment; 256 recipes,4.496386528015137,0.05028272404078637
real_1m_to_60m,pile_cc,26,6.523739337921143,,,,,,,,,observed test experiment; 256 recipes,5.513369560241699,0.041098582540245426
real_1m_to_60m,pile_cc,27,5.913768768310547,,,,,,,,,observed test experiment; 256 recipes,4.848074436187744,0.04853077604084013
real_1m_to_60m,pile_cc,28,5.627602577209473,,,,,,,,,observed test experiment; 256 recipes,4.5464582443237305,0.05210479876141646
real_1m_to_60m,pile_cc,29,5.617587089538574,,,,,,,,,observed test experiment; 256 recipes,4.527253150939941,0.05270363492866036
real_1m_to_60m,pile_cc,30,5.693624019622803,,,,,,,,,observed test experiment; 256 recipes,4.693281650543213,0.04719068039350259
real_1m_to_60m,pile_cc,31,5.955560207366943,,,,,,,,,observed test experiment; 256 recipes,4.886844158172607,0.04830530017709804
real_1m_to_60m,pile_cc,32,5.943833351135254,,,,,,,,,observed test experiment; 256 recipes,4.85126256942749,0.04960874024807612
real_1m_to_60m,pile_cc,33,5.257004737854004,,,,,,,,,observed test experiment; 256 recipes,4.1809983253479,0.05593358540484864
real_1m_to_60m,pile_cc,34,5.5822367668151855,,,,,,,,,observed test experiment; 256 recipes,4.533993244171143,0.05079848193838913
real_1m_to_60m,pile_cc,35,5.395052433013916,,,,,,,,,observed test experiment; 256 recipes,4.283089637756348,0.056372317186789485
real_1m_to_60m,pile_cc,36,5.817778587341309,,,,,,,,,observed test experiment; 256 recipes,4.717825889587402,0.051185341830859536
real_1m_to_60m,pile_cc,37,5.973471641540527,,,,,,,,,observed test experiment; 256 recipes,4.904531002044678,0.04815637710626653
real_1m_to_60m,pile_cc,38,6.216047763824463,,,,,,,,,observed test experiment; 256 recipes,5.152402400970459,0.04583669074899076
real_1m_to_60m,pile_cc,39,5.762011528015137,,,,,,,,,observed test experiment; 256 recipes,4.619754314422607,0.0539634876880143
real_1m_to_60m,pile_cc,40,5.345311164855957,,,,,,,,,observed test experiment; 256 recipes,4.265289783477783,0.05512717169654048
real_1m_to_60m,pile_cc,41,5.417335033416748,,,,,,,,,observed test experiment; 256 recipes,4.352048873901367,0.053477976815543636
real_1m_to_60m,pile_cc,42,5.588992118835449,,,,,,,,,observed test experiment; 256 recipes,4.5613112449646,0.04962670609838569
real_1m_to_60m,pile_cc,43,5.39909029006958,,,,,,,,,observed test experiment; 256 recipes,4.401841640472412,0.04987549617910274
real_1m_to_60m,pile_cc,44,5.906111717224121,,,,,,,,,observed test experiment; 256 recipes,4.833725452423096,0.04893828802846755
real_1m_to_60m,pile_cc,45,5.583115100860596,,,,,,,,,observed test experiment; 256 recipes,4.5178422927856445,0.051708489159623
real_1m_to_60m,pile_cc,46,5.568408012390137,,,,,,,,,observed test experiment; 256 recipes,4.492702007293701,0.05242716900246135
real_1m_to_60m,pile_cc,47,5.937417984008789,,,,,,,,,observed test experiment; 256 recipes,4.892468929290772,0.04727918804036704
real_1m_to_60m,pile_cc,48,5.840230464935303,,,,,,,,,observed test experiment; 256 recipes,4.762770652770996,0.04981033894920547
real_1m_to_60m,pile_cc,49,5.922719478607178,,,,,,,,,observed test experiment; 256 recipes,4.922618389129639,0.04517331898681904
real_1m_to_60m,pile_cc,50,5.789952278137207,,,,,,,,,observed test experiment; 256 recipes,4.712213039398193,0.05030509496191204
real_1m_to_60m,pile_cc,51,5.504146575927734,,,,,,,,,observed test experiment; 256 recipes,4.413074970245361,0.053959799689019323
real_1m_to_60m,pile_cc,52,6.080569744110107,,,,,,,,,observed test experiment; 256 recipes,4.991827487945557,0.04818752397007616
real_1m_to_60m,pile_cc,53,5.3892107009887695,,,,,,,,,observed test experiment; 256 recipes,4.3555426597595215,0.052010700274710935
real_1m_to_60m,pile_cc,54,5.78861141204834,,,,,,,,,observed test experiment; 256 recipes,4.743838310241699,0.04861482869273094
real_1m_to_60m,pile_cc,55,5.954793453216553,,,,,,,,,observed test experiment; 256 recipes,4.838160514831543,0.050719211557001334
real_1m_to_60m,pile_cc,56,5.779714107513428,,,,,,,,,observed test experiment; 256 recipes,4.717411518096924,0.04960353825190777
real_1m_to_60m,pile_cc,57,6.351560115814209,,,,,,,,,observed test experiment; 256 recipes,5.231387615203857,0.04738827082792152
real_1m_to_60m,pile_cc,58,5.372823238372803,,,,,,,,,observed test experiment; 256 recipes,4.292943477630615,0.054802639759531556
real_1m_to_60m,pile_cc,59,5.516508102416992,,,,,,,,,observed test experiment; 256 recipes,4.458690166473389,0.05199612013383649
real_1m_to_60m,pile_cc,60,5.906527519226074,,,,,,,,,observed test experiment; 256 recipes,4.833556652069092,0.048964011681033565
real_1m_to_60m,pile_cc,61,5.149682521820068,,,,,,,,,observed test experiment; 256 recipes,4.11625862121582,0.054707270964181806
real_1m_to_60m,pile_cc,62,5.286508560180664,,,,,,,,,observed test experiment; 256 recipes,4.159592628479004,0.05855415272627409
real_1m_to_60m,pile_cc,63,5.98807954788208,,,,,,,,,observed test experiment; 256 recipes,4.984995365142822,0.04477841925117185
real_1m_to_60m,pile_cc,64,5.95802640914917,,,,,,,,,observed test experiment; 256 recipes,4.8915205001831055,0.04817281202134136
real_1m_to_60m,pile_cc,65,5.227334976196289,,,,,,,,,observed test experiment; 256 recipes,4.181614875793457,0.054515215849787975
real_1m_to_60m,pile_cc,66,5.525258541107178,,,,,,,,,observed test experiment; 256 recipes,4.564512252807617,0.0466542018599125
real_1m_to_60m,pile_cc,67,6.247628688812256,,,,,,,,,observed test experiment; 256 recipes,5.195785999298096,0.04502651568883256
real_1m_to_60m,pile_cc,68,5.379449367523193,,,,,,,,,observed test experiment; 256 recipes,4.277371883392334,0.05599119525822784
real_1m_to_60m,pile_cc,69,5.766238212585449,,,,,,,,,observed test experiment; 256 recipes,4.715939998626709,0.049109606914462804
real_1m_to_60m,pile_cc,70,5.257571697235107,,,,,,,,,observed test experiment; 256 recipes,4.196120262145996,0.05507814766083013
real_1m_to_60m,pile_cc,71,5.788139343261719,,,,,,,,,observed test experiment; 256 recipes,4.692411422729492,0.05125711010614482
real_1m_to_60m,pile_cc,72,5.851635456085205,,,,,,,,,observed test experiment; 256 recipes,4.82650089263916,0.0470403582640831
real_1m_to_60m,pile_cc,73,5.709036350250244,,,,,,,,,observed test experiment; 256 recipes,4.701290607452393,0.04743449722964257
real_1m_to_60m,pile_cc,74,5.228610515594482,,,,,,,,,observed test experiment; 256 recipes,4.209365367889404,0.05295931285873931
real_1m_to_60m,pile_cc,75,5.48527717590332,,,,,,,,,observed test experiment; 256 recipes,4.406352043151856,0.05349341671650214
real_1m_to_60m,pile_cc,76,5.463978290557861,,,,,,,,,observed test experiment; 256 recipes,4.308024883270264,0.05805510751046842
real_1m_to_60m,pile_cc,77,5.270022392272949,,,,,,,,,observed test experiment; 256 recipes,4.232698917388916,0.053535987675044736
real_1m_to_60m,pile_cc,78,6.044052600860596,,,,,,,,,observed test experiment; 256 recipes,4.945533275604248,0.04899195553188751
real_1m_to_60m,pile_cc,79,6.559677600860596,,,,,,,,,observed test experiment; 256 recipes,5.29987907409668,0.05208585848296538
real_1m_to_60m,pile_cc,80,5.915242671966553,,,,,,,,,observed test experiment; 256 recipes,4.882167816162109,0.04688007429735088
real_1m_to_60m,pile_cc,81,5.517183780670166,,,,,,,,,observed test experiment; 256 recipes,4.500638008117676,0.04973894503412194
real_1m_to_60m,pile_cc,82,5.951138019561768,,,,,,,,,observed test experiment; 256 recipes,4.84483003616333,0.05023277778972915
real_1m_to_60m,pile_cc,83,5.700021743774414,,,,,,,,,observed test experiment; 256 recipes,4.650643825531006,0.04969399114315432
real_1m_to_60m,pile_cc,84,5.279239177703857,,,,,,,,,observed test experiment; 256 recipes,4.197600841522217,0.055996473880512515
real_1m_to_60m,pile_cc,85,6.245367527008057,,,,,,,,,observed test experiment; 256 recipes,5.157136917114258,0.046761679644179224
real_1m_to_60m,pile_cc,86,5.873450756072998,,,,,,,,,observed test experiment; 256 recipes,4.854806900024414,0.0465209983523625
real_1m_to_60m,pile_cc,87,5.973762512207031,,,,,,,,,observed test experiment; 256 recipes,5.038930416107178,0.041565413540038926
real_1m_to_60m,pile_cc,88,5.369841575622559,,,,,,,,,observed test experiment; 256 recipes,4.2822794914245605,0.05527452407301734
real_1m_to_60m,pile_cc,89,5.265368461608887,,,,,,,,,observed test experiment; 256 recipes,4.223076820373535,0.05387606154345991
real_1m_to_60m,pile_cc,90,5.838156700134277,,,,,,,,,observed test experiment; 256 recipes,4.774064064025879,0.049145147222946606
real_1m_to_60m,pile_cc,91,5.346158981323242,,,,,,,,,observed test experiment; 256 recipes,4.258637428283691,0.055547132290842724
real_1m_to_60m,pile_cc,92,5.926309585571289,,,,,,,,,observed test experiment; 256 recipes,4.852323532104492,0.048834194984851885
real_1m_to_60m,pile_cc,93,6.173837661743164,,,,,,,,,observed test experiment; 256 recipes,5.151448249816895,0.04421775950445568
real_1m_to_60m,pile_cc,94,5.752017498016357,,,,,,,,,observed test experiment; 256 recipes,4.6862382888793945,0.05004964026574589
real_1m_to_60m,pile_cc,95,5.669552326202393,,,,,,,,,observed test experiment; 256 recipes,4.5971999168396,0.05120789230090487
real_1m_to_60m,pile_cc,96,5.936196804046631,,,,,,,,,observed test experiment; 256 recipes,4.856142520904541,0.04904918328504974
real_1m_to_60m,pile_cc,97,5.268698692321777,,,,,,,,,observed test experiment; 256 recipes,4.266873836517334,0.051510556791438684
real_1m_to_60m,pile_cc,98,5.939109802246094,,,,,,,,,observed test experiment; 256 recipes,4.873475551605225,0.048298795085039016
real_1m_to_60m,pile_cc,99,5.844789505004883,,,,,,,,,observed test experiment; 256 recipes,4.7872419357299805,0.04874922692062158
real_1m_to_60m,pile_cc,100,5.959805965423584,,,,,,,,,observed test experiment; 256 recipes,4.839178562164307,0.05087332868087822
real_1m_to_60m,pile_cc,101,5.96929407119751,,,,,,,,,observed test experiment; 256 recipes,4.946279048919678,0.045915307055214696
real_1m_to_60m,pile_cc,102,6.077685356140137,,,,,,,,,observed test experiment; 256 recipes,5.000565528869629,0.04764447904037802
real_1m_to_60m,pile_cc,103,6.212225437164307,,,,,,,,,observed test experiment; 256 recipes,5.0358734130859375,0.051273705123064645
real_1m_to_60m,pile_cc,104,5.537351131439209,,,,,,,,,observed test experiment; 256 recipes,4.464935779571533,0.05257530646851638
real_1m_to_60m,pile_cc,105,5.368151664733887,,,,,,,,,observed test experiment; 256 recipes,4.271882057189941,0.05579138647166392
real_1m_to_60m,pile_cc,106,5.610994815826416,,,,,,,,,observed test experiment; 256 recipes,4.543624877929688,0.051535210310889576
real_1m_to_60m,pile_cc,107,5.210868835449219,,,,,,,,,observed test experiment; 256 recipes,4.1411638259887695,0.056118808686564145
real_1m_to_60m,pile_cc,108,5.504558563232422,,,,,,,,,observed test experiment; 256 recipes,4.447658538818359,0.05207153153279413
real_1m_to_60m,pile_cc,109,5.15457010269165,,,,,,,,,observed test experiment; 256 recipes,4.11794376373291,0.05483900146538154
real_1m_to_60m,pile_cc,110,6.029458999633789,,,,,,,,,observed test experiment; 256 recipes,4.966875076293945,0.047349801795647864
real_1m_to_60m,pile_cc,111,6.136208534240723,,,,,,,,,observed test experiment; 256 recipes,5.035583019256592,0.04828067913918957
real_1m_to_60m,pile_cc,112,5.91808032989502,,,,,,,,,observed test experiment; 256 recipes,4.828518390655518,0.04969597830102399
real_1m_to_60m,pile_cc,113,5.383833885192871,,,,,,,,,observed test experiment; 256 recipes,4.2885422706604,0.055553179964213474
real_1m_to_60m,pile_cc,114,5.690005302429199,,,,,,,,,observed test experiment; 256 recipes,4.58926248550415,0.052509466199853555
real_1m_to_60m,pile_cc,115,5.2405548095703125,,,,,,,,,observed test experiment; 256 recipes,4.139836311340332,0.05758458285620024
real_1m_to_60m,pile_cc,116,5.642068862915039,,,,,,,,,observed test experiment; 256 recipes,4.580199718475342,0.050925907899493146
real_1m_to_60m,pile_cc,117,5.882785320281982,,,,,,,,,observed test experiment; 256 recipes,4.843066215515137,0.04750022988499981
real_1m_to_60m,pile_cc,118,5.849216938018799,,,,,,,,,observed test experiment; 256 recipes,4.803623676300049,0.048099818391991886
real_1m_to_60m,pile_cc,119,5.56952428817749,,,,,,,,,observed test experiment; 256 recipes,4.531509399414063,0.050375476791364
real_1m_to_60m,pile_cc,120,5.525004863739014,,,,,,,,,observed test experiment; 256 recipes,4.495730400085449,0.05035140012902303
real_1m_to_60m,pile_cc,121,5.90302848815918,,,,,,,,,observed test experiment; 256 recipes,4.813520431518555,0.04983381450646169
real_1m_to_60m,pile_cc,122,5.568505764007568,,,,,,,,,observed test experiment; 256 recipes,4.527790546417236,0.050531328617215106
real_1m_to_60m,pile_cc,123,6.080399036407471,,,,,,,,,observed test experiment; 256 recipes,4.986494064331055,0.04844175942865339
real_1m_to_60m,pile_cc,124,5.98804235458374,,,,,,,,,observed test experiment; 256 recipes,4.89158296585083,0.04939705750266432
real_1m_to_60m,pile_cc,125,5.521528244018555,,,,,,,,,observed test experiment; 256 recipes,4.4554853439331055,0.05239389989759621
real_1m_to_60m,pile_cc,126,5.837522029876709,,,,,,,,,observed test experiment; 256 recipes,4.787973880767822,0.048408007995967874
real_1m_to_60m,pile_cc,127,5.8840012550354,,,,,,,,,observed test experiment; 256 recipes,4.83809757232666,0.047801408301432424
real_1m_to_60m,pile_cc,128,5.470154762268066,,,,,,,,,observed test experiment; 256 recipes,4.40135669708252,0.05309618475092797
real_1m_to_60m,pile_cc,129,5.215922832489014,,,,,,,,,observed test experiment; 256 recipes,4.1654486656188965,0.054927482056687585
real_1m_to_60m,pile_cc,130,5.673957824707031,,,,,,,,,observed test experiment; 256 recipes,4.60459566116333,0.051004999350032006
real_1m_to_60m,pile_cc,131,5.371663093566895,,,,,,,,,observed test experiment; 256 recipes,4.29656982421875,0.054543668460872136
real_1m_to_60m,pile_cc,132,5.912191867828369,,,,,,,,,observed test experiment; 256 recipes,4.8384552001953125,0.04895072648817086
real_1m_to_60m,pile_cc,133,5.776102066040039,,,,,,,,,observed test experiment; 256 recipes,4.730384349822998,0.04878011902007912
real_1m_to_60m,pile_cc,134,5.134125709533691,,,,,,,,,observed test experiment; 256 recipes,4.136418342590332,0.052775062236064624
real_1m_to_60m,pile_cc,135,6.250197410583496,,,,,,,,,observed test experiment; 256 recipes,5.154306411743164,0.04708457832505398
real_1m_to_60m,pile_cc,136,5.768805980682373,,,,,,,,,observed test experiment; 256 recipes,4.7307610511779785,0.04845196392339755
real_1m_to_60m,pile_cc,137,5.694329738616943,,,,,,,,,observed test experiment; 256 recipes,4.589161396026611,0.05270039898896481
real_1m_to_60m,pile_cc,138,5.919300556182861,,,,,,,,,observed test experiment; 256 recipes,4.860597610473633,0.04812904584769733
real_1m_to_60m,pile_cc,139,6.533925533294678,,,,,,,,,observed test experiment; 256 recipes,5.46112060546875,0.04380527964638155
real_1m_to_60m,pile_cc,140,5.598879337310791,,,,,,,,,observed test experiment; 256 recipes,4.587141036987305,0.04867921937137651
real_1m_to_60m,pile_cc,141,6.326244354248047,,,,,,,,,observed test experiment; 256 recipes,5.20445442199707,0.04767353348839021
real_1m_to_60m,pile_cc,142,5.578034400939941,,,,,,,,,observed test experiment; 256 recipes,4.517346382141113,0.051512938246533774
real_1m_to_60m,pile_cc,143,5.59820032119751,,,,,,,,,observed test experiment; 256 recipes,4.528758525848389,0.051778087023023875
real_1m_to_60m,pile_cc,144,5.866272449493408,,,,,,,,,observed test experiment; 256 recipes,4.788722038269043,0.049569799013011
real_1m_to_60m,pile_cc,145,5.597898006439209,,,,,,,,,observed test experiment; 256 recipes,4.528491973876953,0.05177927299211536
real_1m_to_60m,pile_cc,146,5.661558151245117,,,,,,,,,observed test experiment; 256 recipes,4.675951480865479,0.04671479789035811
real_1m_to_60m,pile_cc,147,5.913308143615723,,,,,,,,,observed test experiment; 256 recipes,4.862547397613525,0.047783709684381726
real_1m_to_60m,pile_cc,148,5.955146789550781,,,,,,,,,observed test experiment; 256 recipes,4.933850765228272,0.04595023159322922
real_1m_to_60m,pile_cc,149,6.180553436279297,,,,,,,,,observed test experiment; 256 recipes,5.138200759887695,0.04511218974784592
real_1m_to_60m,pile_cc,150,6.010025501251221,,,,,,,,,observed test experiment; 256 recipes,4.965594291687012,0.04662431366698607
real_1m_to_60m,pile_cc,151,5.841559886932373,,,,,,,,,observed test experiment; 256 recipes,4.740255832672119,0.051023247930937314
real_1m_to_60m,pile_cc,152,5.80357027053833,,,,,,,,,observed test experiment; 256 recipes,4.739476203918457,0.04946986382803688
real_1m_to_60m,pile_cc,153,5.713578224182129,,,,,,,,,observed test experiment; 256 recipes,4.668120384216309,0.04935807922683357
real_1m_to_60m,pile_cc,154,5.761105060577393,,,,,,,,,observed test experiment; 256 recipes,4.701193332672119,0.049657015171648985
real_1m_to_60m,pile_cc,155,5.61843729019165,,,,,,,,,observed test experiment; 256 recipes,4.548190116882324,0.05161367893315226
real_1m_to_60m,pile_cc,156,5.763425350189209,,,,,,,,,observed test experiment; 256 recipes,4.654719829559326,0.052181796532898096
real_1m_to_60m,pile_cc,157,5.263872146606445,,,,,,,,,observed test experiment; 256 recipes,4.213905334472656,0.05433764830688679
real_1m_to_60m,pile_cc,158,5.687014102935791,,,,,,,,,observed test experiment; 256 recipes,4.649545669555664,0.04919367087011155
real_1m_to_60m,pile_cc,159,6.459420204162598,,,,,,,,,observed test experiment; 256 recipes,5.343270301818848,0.04633261261068877
real_1m_to_60m,pile_cc,160,5.763484477996826,,,,,,,,,observed test experiment; 256 recipes,4.753809928894043,0.04703948242145699
real_1m_to_60m,pile_cc,161,5.1293768882751465,,,,,,,,,observed test experiment; 256 recipes,4.132036209106445,0.052807932974896284
real_1m_to_60m,pile_cc,162,5.957798957824707,,,,,,,,,observed test experiment; 256 recipes,4.886459827423096,0.04841630396503312
real_1m_to_60m,pile_cc,163,5.816027641296387,,,,,,,,,observed test experiment; 256 recipes,4.733984470367432,0.05027673149670144
real_1m_to_60m,pile_cc,164,5.531689167022705,,,,,,,,,observed test experiment; 256 recipes,4.491860389709473,0.05085704543288928
real_1m_to_60m,pile_cc,165,5.714432239532471,,,,,,,,,observed test experiment; 256 recipes,4.664827823638916,0.049566913107019134
real_1m_to_60m,pile_cc,166,5.866954326629639,,,,,,,,,observed test experiment; 256 recipes,4.87806510925293,0.04508340592297335
real_1m_to_60m,pile_cc,167,6.170643329620361,,,,,,,,,observed test experiment; 256 recipes,5.161177158355713,0.043630527960899106
real_1m_to_60m,pile_cc,168,5.5316901206970215,,,,,,,,,observed test experiment; 256 recipes,4.470788955688477,0.05200551639244033
real_1m_to_60m,pile_cc,169,5.996246337890625,,,,,,,,,observed test experiment; 256 recipes,4.924368381500244,0.048099919564479614
real_1m_to_60m,pile_cc,170,5.231898307800293,,,,,,,,,observed test experiment; 256 recipes,4.176131248474121,0.05504883495745889
real_1m_to_60m,pile_cc,171,5.912374019622803,,,,,,,,,observed test experiment; 256 recipes,4.862642288208008,0.04774035801929517
real_1m_to_60m,pile_cc,172,5.350613117218018,,,,,,,,,observed test experiment; 256 recipes,4.250823974609375,0.05619905986675406
real_1m_to_60m,pile_cc,173,5.530271530151367,,,,,,,,,observed test experiment; 256 recipes,4.39728307723999,0.055991879623250695
real_1m_to_60m,pile_cc,174,5.856611728668213,,,,,,,,,observed test experiment; 256 recipes,4.749458312988281,0.051178072023227605
real_1m_to_60m,pile_cc,175,6.184336185455322,,,,,,,,,observed test experiment; 256 recipes,5.0640549659729,0.048811752768085616
real_1m_to_60m,pile_cc,176,5.416192531585693,,,,,,,,,observed test experiment; 256 recipes,4.340425491333008,0.054079645104787924
real_1m_to_60m,pile_cc,177,5.229490756988525,,,,,,,,,observed test experiment; 256 recipes,4.150521278381348,0.05643881813578579
real_1m_to_60m,pile_cc,178,5.461565017700195,,,,,,,,,observed test experiment; 256 recipes,4.417853832244873,0.05179861120342817
real_1m_to_60m,pile_cc,179,5.4029645919799805,,,,,,,,,observed test experiment; 256 recipes,4.319857120513916,0.05464256129071745
real_1m_to_60m,pile_cc,180,5.804419994354248,,,,,,,,,observed test experiment; 256 recipes,4.779174327850342,0.047468378770002026
real_1m_to_60m,pile_cc,181,5.698268413543701,,,,,,,,,observed test experiment; 256 recipes,4.613883972167969,0.051557050427627316
real_1m_to_60m,pile_cc,182,5.650343894958496,,,,,,,,,observed test experiment; 256 recipes,4.5500664710998535,0.05289602877579503
real_1m_to_60m,pile_cc,183,5.686014652252197,,,,,,,,,observed test experiment; 256 recipes,4.731125831604004,0.04490252195022276
real_1m_to_60m,pile_cc,184,5.157615184783936,,,,,,,,,observed test experiment; 256 recipes,4.152238368988037,0.05295762020355504
real_1m_to_60m,pile_cc,185,5.131345272064209,,,,,,,,,observed test experiment; 256 recipes,4.101565361022949,0.05470940744093307
real_1m_to_60m,pile_cc,186,5.983713150024414,,,,,,,,,observed test experiment; 256 recipes,4.951519012451172,0.046245961906512784
real_1m_to_60m,pile_cc,187,5.565810203552246,,,,,,,,,observed test experiment; 256 recipes,4.556312561035156,0.04887935363751723
real_1m_to_60m,pile_cc,188,5.423893451690674,,,,,,,,,observed test experiment; 256 recipes,4.353090286254883,0.05371504516262301
real_1m_to_60m,pile_cc,189,5.198238372802734,,,,,,,,,observed test experiment; 256 recipes,4.122085571289063,0.056653891312411865
real_1m_to_60m,pile_cc,190,5.680970191955566,,,,,,,,,observed test experiment; 256 recipes,4.627903938293457,0.0500734540029803
real_1m_to_60m,pile_cc,191,6.050917148590088,,,,,,,,,observed test experiment; 256 recipes,4.956977367401123,0.04870467032969692
real_1m_to_60m,pile_cc,192,5.74016809463501,,,,,,,,,observed test experiment; 256 recipes,4.639878273010254,0.05197421951654277
real_1m_to_60m,pile_cc,193,5.8686347007751465,,,,,,,,,observed test experiment; 256 recipes,4.816282749176025,0.04826648021867572
real_1m_to_60m,pile_cc,194,5.180870056152344,,,,,,,,,observed test experiment; 256 recipes,4.1096625328063965,0.0565736680985623
real_1m_to_60m,pile_cc,195,5.547808647155762,,,,,,,,,observed test experiment; 256 recipes,4.514228343963623,0.0503545184008174
real_1m_to_60m,pile_cc,196,6.267463207244873,,,,,,,,,observed test experiment; 256 recipes,5.153761863708496,0.04778414973710722
real_1m_to_60m,pile_cc,197,5.660457611083984,,,,,,,,,observed test experiment; 256 recipes,4.614013195037842,0.049924161566053844
real_1m_to_60m,pile_cc,198,6.116915225982666,,,,,,,,,observed test experiment; 256 recipes,5.048762798309326,0.04687311867682665
real_1m_to_60m,pile_cc,199,5.786747932434082,,,,,,,,,observed test experiment; 256 recipes,4.725146770477295,0.04950043603089847
real_1m_to_60m,pile_cc,200,5.772006511688232,,,,,,,,,observed test experiment; 256 recipes,4.698727607727051,0.05024687483712625
real_1m_to_60m,pile_cc,201,5.8795366287231445,,,,,,,,,observed test experiment; 256 recipes,4.7887864112854,0.05011813992176794
real_1m_to_60m,pile_cc,202,6.2465128898620605,,,,,,,,,observed test experiment; 256 recipes,5.131022930145264,0.0480463543160539
real_1m_to_60m,pile_cc,203,5.63444709777832,,,,,,,,,observed test experiment; 256 recipes,4.543909072875977,0.052538654054788705
real_1m_to_60m,pile_cc,204,5.532324314117432,,,,,,,,,observed test experiment; 256 recipes,4.460178852081299,0.052613835335678316
real_1m_to_60m,pile_cc,205,5.435887336730957,,,,,,,,,observed test experiment; 256 recipes,4.357501983642578,0.05400713439668267
real_1m_to_60m,pile_cc,206,5.969985008239746,,,,,,,,,observed test experiment; 256 recipes,4.903532981872559,0.0480634815195764
real_1m_to_60m,pile_cc,207,6.112850189208984,,,,,,,,,observed test experiment; 256 recipes,4.977184295654297,0.05019822148512228
real_1m_to_60m,pile_cc,208,6.405393123626709,,,,,,,,,observed test experiment; 256 recipes,5.338902950286865,0.044480897117392025
real_1m_to_60m,pile_cc,209,5.600850582122803,,,,,,,,,observed test experiment; 256 recipes,4.553203582763672,0.050578890806305295
real_1m_to_60m,pile_cc,210,5.462355613708496,,,,,,,,,observed test experiment; 256 recipes,4.389829158782959,0.05338823202159341
real_1m_to_60m,pile_cc,211,5.631716251373291,,,,,,,,,observed test experiment; 256 recipes,4.566832065582275,0.05119121525979868
real_1m_to_60m,pile_cc,212,5.786970615386963,,,,,,,,,observed test experiment; 256 recipes,4.736166000366211,0.048940921829985544
real_1m_to_60m,pile_cc,213,6.354562282562256,,,,,,,,,observed test experiment; 256 recipes,5.307381629943848,0.043981255107701206
real_1m_to_60m,pile_cc,214,5.472773551940918,,,,,,,,,observed test experiment; 256 recipes,4.432470321655273,0.05149260627424705
real_1m_to_60m,pile_cc,215,5.445015907287598,,,,,,,,,observed test experiment; 256 recipes,4.43113374710083,0.05032434337917552
real_1m_to_60m,pile_cc,216,6.153403282165527,,,,,,,,,observed test experiment; 256 recipes,5.131587505340576,0.044351480113974925
real_1m_to_60m,pile_cc,217,5.127173900604248,,,,,,,,,observed test experiment; 256 recipes,4.100112915039063,0.054597285068077143
real_1m_to_60m,pile_cc,218,6.30682897567749,,,,,,,,,observed test experiment; 256 recipes,5.272956371307373,0.043729056377590524
real_1m_to_60m,pile_cc,219,5.495274543762207,,,,,,,,,observed test experiment; 256 recipes,4.413105010986328,0.05356413460348343
real_1m_to_60m,pile_cc,220,5.848303318023682,,,,,,,,,observed test experiment; 256 recipes,4.799008846282959,0.048296419324358936
real_1m_to_60m,pile_cc,221,5.888256549835205,,,,,,,,,observed test experiment; 256 recipes,4.845542907714844,0.047602407378698655
real_1m_to_60m,pile_cc,222,5.272136688232422,,,,,,,,,observed test experiment; 256 recipes,4.185943603515625,0.05634688758473255
real_1m_to_60m,pile_cc,223,6.27897834777832,,,,,,,,,observed test experiment; 256 recipes,5.17024040222168,0.047452795903333136
real_1m_to_60m,pile_cc,224,5.883039474487305,,,,,,,,,observed test experiment; 256 recipes,4.832467079162598,0.04804588942141629
real_1m_to_60m,pile_cc,225,5.525951862335205,,,,,,,,,observed test experiment; 256 recipes,4.4104719161987305,0.055069576510832614
real_1m_to_60m,pile_cc,226,5.781830310821533,,,,,,,,,observed test experiment; 256 recipes,4.692684650421143,0.05097652465163106
real_1m_to_60m,pile_cc,227,5.954400062561035,,,,,,,,,observed test experiment; 256 recipes,4.89378023147583,0.047911305773786286
real_1m_to_60m,pile_cc,228,5.458982944488525,,,,,,,,,observed test experiment; 256 recipes,4.373221397399902,0.05416315010102024
real_1m_to_60m,pile_cc,229,5.205061912536621,,,,,,,,,observed test experiment; 256 recipes,4.162869453430176,0.05456965931220545
real_1m_to_60m,pile_cc,230,5.801111221313477,,,,,,,,,observed test experiment; 256 recipes,4.750619888305664,0.04879276126228007
real_1m_to_60m,pile_cc,231,5.781971454620361,,,,,,,,,observed test experiment; 256 recipes,4.695773124694824,0.05082179444861507
real_1m_to_60m,pile_cc,232,5.667343616485596,,,,,,,,,observed test experiment; 256 recipes,4.616809368133545,0.05007313217479848
real_1m_to_60m,pile_cc,233,6.09477424621582,,,,,,,,,observed test experiment; 256 recipes,5.025757312774658,0.047102916850256624
real_1m_to_60m,pile_cc,234,6.28559684753418,,,,,,,,,observed test experiment; 256 recipes,5.197825908660889,0.046410446111850134
real_1m_to_60m,pile_cc,235,5.372480869293213,,,,,,,,,observed test experiment; 256 recipes,4.308783531188965,0.05388754277609932
real_1m_to_60m,pile_cc,236,6.117883682250977,,,,,,,,,observed test experiment; 256 recipes,4.978359699249268,0.05034157993184057
real_1m_to_60m,pile_cc,237,6.371654987335205,,,,,,,,,observed test experiment; 256 recipes,5.243547439575195,0.04759271745317159
real_1m_to_60m,pile_cc,238,6.04299783706665,,,,,,,,,observed test experiment; 256 recipes,4.97779655456543,0.04736115446771776
real_1m_to_60m,pile_cc,239,5.587849140167236,,,,,,,,,observed test experiment; 256 recipes,4.535068511962891,0.05098600030340517
real_1m_to_60m,pile_cc,240,5.746788024902344,,,,,,,,,observed test experiment; 256 recipes,4.682521343231201,0.05002128615316652
real_1m_to_60m,pile_cc,241,6.108450889587402,,,,,,,,,observed test experiment; 256 recipes,4.9881696701049805,0.04948390595084197
real_1m_to_60m,pile_cc,242,6.053693771362305,,,,,,,,,observed test experiment; 256 recipes,4.993424415588379,0.04702747741594372
real_1m_to_60m,pile_cc,243,5.346567153930664,,,,,,,,,observed test experiment; 256 recipes,4.291628837585449,0.053680962813347145
real_1m_to_60m,pile_cc,244,5.669930458068848,,,,,,,,,observed test experiment; 256 recipes,4.572352886199951,0.052547830877866866
real_1m_to_60m,pile_cc,245,5.620938777923584,,,,,,,,,observed test experiment; 256 recipes,4.523085594177246,0.053074252659281076
real_1m_to_60m,pile_cc,246,5.908317565917969,,,,,,,,,observed test experiment; 256 recipes,4.840285778045654,0.04869823435869663
real_1m_to_60m,pile_cc,247,5.490572452545166,,,,,,,,,observed test experiment; 256 recipes,4.421603202819824,0.052885186570577176
real_1m_to_60m,pile_cc,248,5.6368842124938965,,,,,,,,,observed test experiment; 256 recipes,4.568757057189941,0.05131231040525598
real_1m_to_60m,pile_cc,249,5.556590557098389,,,,,,,,,observed test experiment; 256 recipes,4.482534885406494,0.052461633042510045
real_1m_to_60m,pile_cc,250,5.918392181396484,,,,,,,,,observed test experiment; 256 recipes,4.867381572723389,0.047750913557581966
real_1m_to_60m,pile_cc,251,5.773908615112305,,,,,,,,,observed test experiment; 256 recipes,4.706838130950928,0.049906127397072585
real_1m_to_60m,pile_cc,252,5.611886978149414,,,,,,,,,observed test experiment; 256 recipes,4.532176494598389,0.052190218233661906
real_1m_to_60m,pile_cc,253,5.567873477935791,,,,,,,,,observed test experiment; 256 recipes,4.510892868041992,0.051416798807992777
real_1m_to_60m,pile_cc,254,5.504987716674805,,,,,,,,,observed test experiment; 256 recipes,4.465429782867432,0.051116624414645304
real_1m_to_60m,pile_cc,255,5.520207405090332,,,,,,,,,observed test experiment; 256 recipes,4.516616344451904,0.04900718851918068
real_1m_to_60m,pile_cc,256,5.777328968048096,,,,,,,,,observed test experiment; 256 recipes,4.644951343536377,0.05328339105655243
estimated,pubmed_abstracts,1,5.892633438110352,1.708,1.3035,0.13445538987774422,0.1352291295136904,0.0007737396359461801,0.9999770792105661,0.0031445461394640573,3.0,estimated A12-A15; shared 63 recipes; not independent experiment,,
estimated,pubmed_abstracts,2,5.653641700744629,1.8927,1.4901,0.11881162487731305,0.11952552087435334,0.0007138959970402897,0.9999750197548986,0.0029013363115702154,3.0,estimated A12-A15; shared 63 recipes; not independent experiment,,
estimated,pubmed_abstracts,3,5.626057624816895,1.8295,1.4334,0.12196794057113028,0.1225644498974635,0.0005965093263332194,0.9999834249421269,0.0024242665260151433,3.0,estimated A12-A15; shared 63 recipes; not independent experiment,,
estimated,pubmed_abstracts,4,5.268948078155518,1.8155,1.4365,0.11568191641819395,0.11649264554243363,0.0008107291242396841,0.9999660633939699,0.0032948746830856013,3.0,estimated A12-A15; shared 63 recipes; not independent experiment,,
estimated,pubmed_abstracts,5,5.664215087890625,2.1934,1.7701,0.1030054743438146,0.10425835148374278,0.0012528771399281796,0.9998985006361848,0.005091803224952008,3.0,estimated A12-A15; shared 63 recipes; not independent experiment,,
estimated,pubmed_abstracts,6,6.0437750816345215,1.8661,1.4461,0.12759334521893853,0.12819347771798983,0.0006001324990513035,0.9999846657713464,0.002438991419576339,3.0,estimated A12-A15; shared 63 recipes; not independent experiment,,
estimated,pubmed_abstracts,7,5.069451332092285,1.9877,1.5967,0.10165253009097133,0.10355572346491888,0.001903193373947551,0.9997616750102974,0.007734745770625973,3.0,estimated A12-A15; shared 63 recipes; not independent experiment,,
estimated,pubmed_abstracts,8,5.812262058258057,1.7125,1.3079,0.13267865174948543,0.13369608664999938,0.0010174349005139527,0.9999594057336042,0.004134945193359135,3.0,estimated A12-A15; shared 63 recipes; not independent experiment,,
estimated,pubmed_abstracts,9,4.594342708587647,1.2101,0.9056,0.1448505316798136,0.14556712124081442,0.0007165895610008188,0.9999830418265752,0.002912283193131103,3.0,estimated A12-A15; shared 63 recipes; not independent experiment,,
estimated,pubmed_abstracts,10,5.24343204498291,1.798,1.4152,0.11620648912793123,0.1173965561294596,0.0011900670015283638,0.9999278563009386,0.004836537281411617,3.0,estimated A12-A15; shared 63 recipes; not independent experiment,,
estimated,pubmed_abstracts,11,5.37153434753418,1.5099,1.1468,0.13778754299892934,0.13841013480009975,0.0006225918011704135,0.9999858446385984,0.002530268004738279,3.0,estimated A12-A15; shared 63 recipes; not independent experiment,,
estimated,pubmed_abstracts,12,5.124939918518066,1.4684,1.1155,0.13571110063449646,0.1366781844827499,0.0009670838482534472,0.9999649187564404,0.003930314075024242,3.0,estimated A12-A15; shared 63 recipes; not independent experiment,,
estimated,pubmed_abstracts,13,4.978461265563965,1.6052,1.2536,0.12289149535736144,0.12361693077916557,0.0007254354218041298,0.9999758864272976,0.0029482335518138526,3.0,estimated A12-A15; shared 63 recipes; not independent experiment,,
estimated,pubmed_abstracts,14,4.571138381958008,1.848,1.5029,0.09833060049756251,0.09970784500831505,0.0013772445107525372,0.9998657516227856,0.005597243191618275,3.0,estimated A12-A15; shared 63 recipes; not independent experiment,,
estimated,pubmed_abstracts,15,4.784799575805664,1.7462,1.3973,0.10944244175449493,0.11033297725511938,0.0008905355006244564,0.999954322267122,0.0036192148371976683,3.0,estimated A12-A15; shared 63 recipes; not independent experiment,,
estimated,pubmed_abstracts,16,5.373453140258789,2.1914,1.7891,0.09738295215189985,0.09857774729503847,0.0011947951431386244,0.9998967417667445,0.004855752866030424,3.0,estimated A12-A15; shared 63 recipes; not independent experiment,,
estimated,pubmed_abstracts,17,6.06849479675293,2.2223,1.7782,0.10906957440967034,0.11002881130411703,0.0009592368944466856,0.9999466879746074,0.0038984233624987986,3.0,estimated A12-A15; shared 63 recipes; not independent experiment,,
estimated,pubmed_abstracts,18,5.035791397094727,1.9871,1.6171,0.1009620020540906,0.10182061340777225,0.0008586113536816486,0.9999501308990264,0.0034894722876873774,3.0,estimated A12-A15; shared 63 recipes; not independent experiment,,
estimated,pubmed_abstracts,19,5.59989070892334,2.1875,1.7661,0.1020578723558782,0.10343738278298237,0.001379510427104172,0.9998748836450752,0.005606452075569391,3.0,estimated A12-A15; shared 63 recipes; not independent experiment,,
estimated,pubmed_abstracts,20,4.78153657913208,1.6634,1.3132,0.11464269634115752,0.11583596530340687,0.001193268962249347,0.9999254924909722,0.004849550332257409,3.0,estimated A12-A15; shared 63 recipes; not independent experiment,,
estimated,pubmed_abstracts,21,5.783607482910156,1.8739,1.4616,0.12236309993666392,0.12329374383549234,0.0009306438988284232,0.9999600646784508,0.0037822189058441475,3.0,estimated A12-A15; shared 63 recipes; not independent experiment,,
estimated,pubmed_abstracts,22,5.863641262054443,2.0939,1.6651,0.11180286384520016,0.11284128142604744,0.0010384175808472729,0.9999405811611473,0.004220220657316756,3.0,estimated A12-A15; shared 63 recipes; not independent experiment,,
estimated,pubmed_abstracts,23,4.762035846710205,1.6652,1.3217,0.11408156451560093,0.11489133257602702,0.0008097680604260832,0.9999651915668124,0.003290968834962554,3.0,estimated A12-A15; shared 63 recipes; not independent experiment,,
estimated,pubmed_abstracts,24,5.93467378616333,1.6829,1.2796,0.1368346353657137,0.13752510578216032,0.0006904704164466258,0.9999823592380599,0.002806132685443047,3.0,estimated A12-A15; shared 63 recipes; not independent experiment,,
estimated,pubmed_abstracts,25,5.509744644165039,1.8784,1.4849,0.11683584796081681,0.1175279136684459,0.0006920657076290859,0.9999757205978987,0.002812616089544303,3.0,estimated A12-A15; shared 63 recipes; not independent experiment,,
estimated,pubmed_abstracts,26,4.998274326324463,1.7679,1.3914,0.11284059813453547,0.11462473715592522,0.0017841390213897551,0.9998293483096691,0.007250898378907107,3.0,estimated A12-A15; shared 63 recipes; not independent experiment,,
estimated,pubmed_abstracts,27,4.804058074951172,1.8076,1.4519,0.10612647904282102,0.10725717814022573,0.0011306990974047082,0.9999219602529846,0.004595260881642196,3.0,estimated A12-A15; shared 63 recipes; not independent experiment,,
estimated,pubmed_abstracts,28,6.303548336029053,2.1537,1.7058,0.11659996983221678,0.11716109201907365,0.0005611221868568744,0.9999839499380034,0.002280450069344879,3.0,estimated A12-A15; shared 63 recipes; not independent experiment,,
estimated,pubmed_abstracts,29,5.617604732513428,1.5332,1.1531,0.1409880918518972,0.1419340125157337,0.0009459206638365025,0.9999688849188048,0.0038443050265468013,3.0,estimated A12-A15; shared 63 recipes; not independent experiment,,
estimated,pubmed_abstracts,30,5.775506496429443,1.8469,1.4383,0.12378667384982554,0.12460854068515356,0.0008218668353280195,0.9999695264389332,0.003340139323512733,3.0,estimated A12-A15; shared 63 recipes; not independent experiment,,
estimated,pubmed_abstracts,31,4.934744834899902,1.705,1.3445,0.11538507945474841,0.1165515929552848,0.001166513500536398,0.9999296806231577,0.004740813775500612,3.0,estimated A12-A15; shared 63 recipes; not independent experiment,,
estimated,pubmed_abstracts,32,5.917235374450684,1.4887,1.1089,0.14982791412980384,0.1500953036260548,0.00026738949625096375,0.9999977834990288,0.0010866945017505895,3.0,estimated A12-A15; shared 63 recipes; not independent experiment,,
estimated,pubmed_abstracts,33,6.314382076263428,1.8795,1.4502,0.1315721317448426,0.1318658468747988,0.00029371512995618465,0.9999965340477035,0.001193684199564733,3.0,estimated A12-A15; shared 63 recipes; not independent experiment,,
estimated,pubmed_abstracts,34,6.310952663421631,2.0677,1.6157,0.12115184873061702,0.12213048999379372,0.000978641263176705,0.9999549809896977,0.003977284428862528,3.0,estimated A12-A15; shared 63 recipes; not independent experiment,,
estimated,pubmed_abstracts,35,6.202215671539307,2.1253,1.6858,0.11628165544938447,0.11676560718596259,0.0004839517365781143,0.9999879848679065,0.0019668225514680713,3.0,estimated A12-A15; shared 63 recipes; not independent experiment,,
estimated,pubmed_abstracts,36,5.471099853515625,2.1153,1.7213,0.10317566794979242,0.10365488340900998,0.0004792154592175579,0.9999850457080807,0.0019475739024425644,3.0,estimated A12-A15; shared 63 recipes; not independent experiment,,
estimated,pubmed_abstracts,37,4.877068042755127,1.8764,1.5145,0.10370834761212068,0.10482544065367037,0.0011170930415496938,0.9999202463710225,0.004539964670326856,3.0,estimated A12-A15; shared 63 recipes; not independent experiment,,
estimated,pubmed_abstracts,38,5.445953369140625,1.8226,1.4305,0.11884563811129159,0.11982957856507137,0.0009839404537797802,0.9999527219181653,0.003998820806965553,3.0,estimated A12-A15; shared 63 recipes; not independent experiment,,
estimated,pubmed_abstracts,39,5.572150707244873,2.0096,1.6023,0.11072830800122335,0.11171683563530184,0.000988527634078487,0.9999450760664971,0.004017463512378855,3.0,estimated A12-A15; shared 63 recipes; not independent experiment,,
estimated,pubmed_abstracts,40,5.044731616973877,1.6731,1.3198,0.11982904180634875,0.1201895065076539,0.0003604647013051576,0.9999937131019223,0.0014649603461454564,3.0,estimated A12-A15; shared 63 recipes; not independent experiment,,
estimated,pubmed_abstracts,41,5.912353515625,2.051,1.6318,0.11494868335943535,0.11539363298643165,0.00044494962699630214,0.9999896023740805,0.0018083145373782303,3.0,estimated A12-A15; shared 63 recipes; not independent experiment,,
estimated,pubmed_abstracts,42,5.433531761169434,1.9795,1.5756,0.10963167598524728,0.11096498635361494,0.00133331036836766,0.9998985251878676,0.005418690961114855,3.0,estimated A12-A15; shared 63 recipes; not independent experiment,,
estimated,pubmed_abstracts,43,5.716239929199219,2.1554,1.7301,0.10589564268341899,0.1071266750100026,0.0012310323265836143,0.9999072163180225,0.005003023976379545,3.0,estimated A12-A15; shared 63 recipes; not independent experiment,,
estimated,pubmed_abstracts,44,5.1906046867370605,1.8277,1.4515,0.11332826067506407,0.11421872370783581,0.0008904630327717378,0.9999573915235674,0.003618920321450935,3.0,estimated A12-A15; shared 63 recipes; not independent experiment,,
estimated,pubmed_abstracts,45,5.948450565338135,1.7145,1.309,0.1350665918191855,0.13569678151961911,0.0006301897004336032,0.999984909872393,0.00256114653762712,3.0,estimated A12-A15; shared 63 recipes; not independent experiment,,
estimated,pubmed_abstracts,46,5.00034761428833,1.902,1.5332,0.10494742101963933,0.10596305417508688,0.0010156331554475456,0.9999355261939545,0.004127622742460321,3.0,estimated A12-A15; shared 63 recipes; not independent experiment,,
estimated,pubmed_abstracts,47,5.707162380218506,1.5967,1.2109,0.1382992259957655,0.13896766268061966,0.0006684366848541679,0.9999838107289918,0.002716585656444847,3.0,estimated A12-A15; shared 63 recipes; not independent experiment,,
estimated,pubmed_abstracts,48,5.309412002563477,1.7578,1.3784,0.12001924178142906,0.12087911492916222,0.0008598731477331562,0.9999645414035282,0.003494600330027715,3.0,estimated A12-A15; shared 63 recipes; not independent experiment,,
estimated,pubmed_abstracts,49,5.851420879364014,1.765,1.3546,0.1301291568305897,0.13115323168444865,0.0010240748538589417,0.9999572587236248,0.004161930549526888,3.0,estimated A12-A15; shared 63 recipes; not independent experiment,,
estimated,pubmed_abstracts,50,5.374444007873535,1.8143,1.4321,0.11790611052529364,0.11854459769185792,0.0006384871665642833,0.9999796937078964,0.002594868171981228,3.0,estimated A12-A15; shared 63 recipes; not independent experiment,,
estimated,pubmed_abstracts,51,4.946561813354492,1.4525,1.1101,0.13304682485674468,0.13393771033662916,0.0008908854798844734,0.9999690066165674,0.0036206371837853475,3.0,estimated A12-A15; shared 63 recipes; not independent experiment,,
estimated,pubmed_abstracts,52,4.907405376434326,1.8279,1.4634,0.10722487538328392,0.10845784323455031,0.0012329678512663922,0.9999092019215396,0.005010890119441497,3.0,estimated A12-A15; shared 63 recipes; not independent experiment,,
estimated,pubmed_abstracts,53,5.463828086853027,1.6557,1.2781,0.12962884438018818,0.13022072747511587,0.0005918830949276921,0.999985546457188,0.002405465113458904,3.0,estimated A12-A15; shared 63 recipes; not independent experiment,,
estimated,pubmed_abstracts,54,5.7298102378845215,1.9792,1.562,0.11541263919614028,0.11650109138486375,0.001088452188723471,0.9999387491039009,0.004423565717757384,3.0,estimated A12-A15; shared 63 recipes; not independent experiment,,
estimated,pubmed_abstracts,55,4.755011558532715,1.6377,1.2945,0.11572930698418549,0.1166229284784116,0.0008936214942261156,0.999958843139095,0.0036317565874396545,3.0,estimated A12-A15; shared 63 recipes; not independent experiment,,
estimated,pubmed_abstracts,56,5.140616416931152,2.0123,1.6347,0.10183061791213198,0.10269702121825597,0.000866403306123989,0.9999500845190178,0.0035211394698159747,3.0,estimated A12-A15; shared 63 recipes; not independent experiment,,
estimated,pubmed_abstracts,57,5.865085124969482,1.779,1.3608,0.12952459292465227,0.13095297844089748,0.0014283855162452175,0.999916433486733,0.005805084749578022,3.0,estimated A12-A15; shared 63 recipes; not independent experiment,,
estimated,pubmed_abstracts,58,5.887460231781006,1.8494,1.4408,0.12572428332776042,0.12617377021962825,0.00044948689186782853,0.9999911265478426,0.0018267543820917624,3.0,estimated A12-A15; shared 63 recipes; not independent experiment,,
estimated,pubmed_abstracts,59,4.728593826293945,1.3333,1.0151,0.1374510329398456,0.13791737083046915,0.00046633789062355824,0.9999920069763371,0.0018952383276228883,3.0,estimated A12-A15; shared 63 recipes; not independent experiment,,
estimated,pubmed_abstracts,60,5.132067680358887,1.7082,1.3385,0.11943841439286756,0.12046691207458005,0.0010284976817124813,0.9999488778685499,0.004179905312103902,3.0,estimated A12-A15; shared 63 recipes; not independent experiment,,
estimated,pubmed_abstracts,61,4.70800256729126,1.7704,1.4191,0.10619132251866291,0.10749497464069606,0.0013036521220331498,0.9998966180769917,0.00529815723157374,3.0,estimated A12-A15; shared 63 recipes; not independent experiment,,
estimated,pubmed_abstracts,62,5.2286224365234375,1.9212,1.538,0.10870367605104127,0.1096842504149026,0.000980574363861328,0.9999439315822258,0.003985140720582126,3.0,estimated A12-A15; shared 63 recipes; not independent experiment,,
estimated,pubmed_abstracts,63,4.4324951171875,1.6249,1.2916,0.10895540679463134,0.11052825455521252,0.0015728477605811836,0.9998574775988014,0.006392192054956914,3.0,estimated A12-A15; shared 63 recipes; not independent experiment,,
real_1m_to_60m,pubmed_abstracts,1,4.895959377288818,,,,,,,,,observed test experiment; 256 recipes,3.576695442199707,0.0766840528417283
real_1m_to_60m,pubmed_abstracts,2,5.637612342834473,,,,,,,,,observed test experiment; 256 recipes,4.298140048980713,0.06625681984200484
real_1m_to_60m,pubmed_abstracts,3,5.143716335296631,,,,,,,,,observed test experiment; 256 recipes,3.803347110748291,0.07373447407720089
real_1m_to_60m,pubmed_abstracts,4,5.406200885772705,,,,,,,,,observed test experiment; 256 recipes,4.005099296569824,0.07326648478686482
real_1m_to_60m,pubmed_abstracts,5,6.618337154388428,,,,,,,,,observed test experiment; 256 recipes,5.19404411315918,0.05918689628392302
real_1m_to_60m,pubmed_abstracts,6,5.581846237182617,,,,,,,,,observed test experiment; 256 recipes,4.240333080291748,0.06713596316555054
real_1m_to_60m,pubmed_abstracts,7,6.580706596374512,,,,,,,,,observed test experiment; 256 recipes,5.256828308105469,0.054859638702457254
real_1m_to_60m,pubmed_abstracts,8,6.330079078674316,,,,,,,,,observed test experiment; 256 recipes,4.986948013305664,0.058248303988111795
real_1m_to_60m,pubmed_abstracts,9,5.400765419006348,,,,,,,,,observed test experiment; 256 recipes,4.060353755950928,0.0696742986881362
real_1m_to_60m,pubmed_abstracts,10,5.02186918258667,,,,,,,,,observed test experiment; 256 recipes,3.677099466323853,0.07612401787242239
real_1m_to_60m,pubmed_abstracts,11,5.854355335235596,,,,,,,,,observed test experiment; 256 recipes,4.498901844024658,0.06432105301679308
real_1m_to_60m,pubmed_abstracts,12,5.377688884735107,,,,,,,,,observed test experiment; 256 recipes,4.08173418045044,0.06734576438864087
real_1m_to_60m,pubmed_abstracts,13,5.3566575050354,,,,,,,,,observed test experiment; 256 recipes,3.939821720123291,0.07503147390299417
real_1m_to_60m,pubmed_abstracts,14,5.583060264587402,,,,,,,,,observed test experiment; 256 recipes,4.222954750061035,0.06819211122839346
real_1m_to_60m,pubmed_abstracts,15,5.881106853485107,,,,,,,,,observed test experiment; 256 recipes,4.508118629455566,0.06493470918093233
real_1m_to_60m,pubmed_abstracts,16,5.105025291442871,,,,,,,,,observed test experiment; 256 recipes,3.800194501876831,0.07209289575927144
real_1m_to_60m,pubmed_abstracts,17,4.797939777374268,,,,,,,,,observed test experiment; 256 recipes,3.503187894821167,0.07681650308443994
real_1m_to_60m,pubmed_abstracts,18,5.344841957092285,,,,,,,,,observed test experiment; 256 recipes,3.9856481552124015,0.07166764385946969
real_1m_to_60m,pubmed_abstracts,19,5.152342319488525,,,,,,,,,observed test experiment; 256 recipes,3.784647226333618,0.07534753034169461
real_1m_to_60m,pubmed_abstracts,20,5.935938358306885,,,,,,,,,observed test experiment; 256 recipes,4.52885103225708,0.06608062542281945
real_1m_to_60m,pubmed_abstracts,21,5.135101318359375,,,,,,,,,observed test experiment; 256 recipes,3.796841382980346,0.07374319954209457
real_1m_to_60m,pubmed_abstracts,22,6.2494730949401855,,,,,,,,,observed test experiment; 256 recipes,4.854928016662598,0.0616711360156067
real_1m_to_60m,pubmed_abstracts,23,4.910611629486084,,,,,,,,,observed test experiment; 256 recipes,3.57688856124878,0.07740071501408917
real_1m_to_60m,pubmed_abstracts,24,5.287684440612793,,,,,,,,,observed test experiment; 256 recipes,3.9324288368225098,0.07232492576768888
real_1m_to_60m,pubmed_abstracts,25,4.956873893737793,,,,,,,,,observed test experiment; 256 recipes,3.610368251800537,0.07741544413516417
real_1m_to_60m,pubmed_abstracts,26,6.67041015625,,,,,,,,,observed test experiment; 256 recipes,5.311653137207031,0.05563240591746483
real_1m_to_60m,pubmed_abstracts,27,5.39720344543457,,,,,,,,,observed test experiment; 256 recipes,3.997984647750856,0.07329391513090303
real_1m_to_60m,pubmed_abstracts,28,5.532416820526123,,,,,,,,,observed test experiment; 256 recipes,4.115134239196777,0.0722834383176955
real_1m_to_60m,pubmed_abstracts,29,6.36092472076416,,,,,,,,,observed test experiment; 256 recipes,4.973340034484863,0.06010293121810268
real_1m_to_60m,pubmed_abstracts,30,4.51407527923584,,,,,,,,,observed test experiment; 256 recipes,3.242151498794556,0.08083423312303697
real_1m_to_60m,pubmed_abstracts,31,4.664252758026123,,,,,,,,,observed test experiment; 256 recipes,3.3777718544006348,0.07881880936846167
real_1m_to_60m,pubmed_abstracts,32,5.153139114379883,,,,,,,,,observed test experiment; 256 recipes,3.804716110229492,0.07409358989689752
real_1m_to_60m,pubmed_abstracts,33,5.433222770690918,,,,,,,,,observed test experiment; 256 recipes,4.079702854156494,0.06997660058420553
real_1m_to_60m,pubmed_abstracts,34,4.741809368133545,,,,,,,,,observed test experiment; 256 recipes,3.4568777084350586,0.07719257528090658
real_1m_to_60m,pubmed_abstracts,35,4.833061218261719,,,,,,,,,observed test experiment; 256 recipes,3.5196752548217773,0.0774510612097315
real_1m_to_60m,pubmed_abstracts,36,4.894928455352783,,,,,,,,,observed test experiment; 256 recipes,3.560645580291748,0.07773107123120866
real_1m_to_60m,pubmed_abstracts,37,4.819079399108887,,,,,,,,,observed test experiment; 256 recipes,3.518298864364624,0.0768389942221626
real_1m_to_60m,pubmed_abstracts,38,4.647796154022217,,,,,,,,,observed test experiment; 256 recipes,3.350913524627685,0.07990538029390369
real_1m_to_60m,pubmed_abstracts,39,5.2944865226745605,,,,,,,,,observed test experiment; 256 recipes,3.945420742034912,0.07183332894876
real_1m_to_60m,pubmed_abstracts,40,5.950051784515381,,,,,,,,,observed test experiment; 256 recipes,4.538525104522705,0.06613948246339581
real_1m_to_60m,pubmed_abstracts,41,4.60019588470459,,,,,,,,,observed test experiment; 256 recipes,3.3255834579467773,0.07924436903176149
real_1m_to_60m,pubmed_abstracts,42,4.747908115386963,,,,,,,,,observed test experiment; 256 recipes,3.470128059387207,0.07657211588276339
real_1m_to_60m,pubmed_abstracts,43,5.830804347991943,,,,,,,,,observed test experiment; 256 recipes,4.504105567932129,0.0630542018921941
real_1m_to_60m,pubmed_abstracts,44,5.6164093017578125,,,,,,,,,observed test experiment; 256 recipes,4.283623695373535,0.06616278433322223
real_1m_to_60m,pubmed_abstracts,45,5.028924942016602,,,,,,,,,observed test experiment; 256 recipes,3.6667866706848153,0.07715289108746244
real_1m_to_60m,pubmed_abstracts,46,5.461202144622803,,,,,,,,,observed test experiment; 256 recipes,4.10377836227417,0.06979403737792217
real_1m_to_60m,pubmed_abstracts,47,4.9312028884887695,,,,,,,,,observed test experiment; 256 recipes,3.582082986831665,0.0780682905254253
real_1m_to_60m,pubmed_abstracts,48,5.6137309074401855,,,,,,,,,observed test experiment; 256 recipes,4.264795303344727,0.06712218645431309
real_1m_to_60m,pubmed_abstracts,49,6.253481388092041,,,,,,,,,observed test experiment; 256 recipes,4.843175411224365,0.06241969735970488
real_1m_to_60m,pubmed_abstracts,50,4.641398906707764,,,,,,,,,observed test experiment; 256 recipes,3.358631134033203,0.0790071070030034
real_1m_to_60m,pubmed_abstracts,51,5.193306922912598,,,,,,,,,observed test experiment; 256 recipes,3.823710203170776,0.07477374046916149
real_1m_to_60m,pubmed_abstracts,52,5.013157367706299,,,,,,,,,observed test experiment; 256 recipes,3.689342975616455,0.07488806529128675
real_1m_to_60m,pubmed_abstracts,53,5.318691730499268,,,,,,,,,observed test experiment; 256 recipes,3.936836242675781,0.07347939006273338
real_1m_to_60m,pubmed_abstracts,54,5.945215225219727,,,,,,,,,observed test experiment; 256 recipes,4.610491752624512,0.0620983911297441
real_1m_to_60m,pubmed_abstracts,55,4.846229553222656,,,,,,,,,observed test experiment; 256 recipes,3.466310977935791,0.08184706394690118
real_1m_to_60m,pubmed_abstracts,56,5.1960649490356445,,,,,,,,,observed test experiment; 256 recipes,3.838045597076416,0.07398945447788957
real_1m_to_60m,pubmed_abstracts,57,4.926521301269531,,,,,,,,,observed test experiment; 256 recipes,3.617717742919922,0.07541860403628031
real_1m_to_60m,pubmed_abstracts,58,5.065743446350098,,,,,,,,,observed test experiment; 256 recipes,3.72876238822937,0.07484092366734195
real_1m_to_60m,pubmed_abstracts,59,5.542428016662598,,,,,,,,,observed test experiment; 256 recipes,4.200445652008057,0.06771341380971709
real_1m_to_60m,pubmed_abstracts,60,5.985024452209473,,,,,,,,,observed test experiment; 256 recipes,4.5526957511901855,0.06680944657137819
real_1m_to_60m,pubmed_abstracts,61,5.814532279968262,,,,,,,,,observed test experiment; 256 recipes,4.529626846313477,0.060991639407337844
real_1m_to_60m,pubmed_abstracts,62,5.711424827575684,,,,,,,,,observed test experiment; 256 recipes,4.315689086914063,0.06843867504999036
real_1m_to_60m,pubmed_abstracts,63,5.909262657165527,,,,,,,,,observed test experiment; 256 recipes,4.633358478546143,0.059408552347997357
real_1m_to_60m,pubmed_abstracts,64,5.0090203285217285,,,,,,,,,observed test experiment; 256 recipes,3.659412860870361,0.0766759206457182
real_1m_to_60m,pubmed_abstracts,65,5.8279314041137695,,,,,,,,,observed test experiment; 256 recipes,4.507937431335449,0.06272613301020778
real_1m_to_60m,pubmed_abstracts,66,6.54546594619751,,,,,,,,,observed test experiment; 256 recipes,5.175718307495117,0.05734604196796774
real_1m_to_60m,pubmed_abstracts,67,5.388100624084473,,,,,,,,,observed test experiment; 256 recipes,4.021304607391357,0.07146114605982717
real_1m_to_60m,pubmed_abstracts,68,5.546958923339844,,,,,,,,,observed test experiment; 256 recipes,4.156364440917969,0.07048968931581392
real_1m_to_60m,pubmed_abstracts,69,5.46556282043457,,,,,,,,,observed test experiment; 256 recipes,4.145674228668213,0.06750815970799746
real_1m_to_60m,pubmed_abstracts,70,5.9834489822387695,,,,,,,,,observed test experiment; 256 recipes,4.639639377593994,0.062124842657978546
real_1m_to_60m,pubmed_abstracts,71,5.340132713317871,,,,,,,,,observed test experiment; 256 recipes,4.020425796508789,0.06933043481789156
real_1m_to_60m,pubmed_abstracts,72,6.208809852600098,,,,,,,,,observed test experiment; 256 recipes,4.772012233734131,0.06428407662123567
real_1m_to_60m,pubmed_abstracts,73,4.499366760253906,,,,,,,,,observed test experiment; 256 recipes,3.2142674922943115,0.08214676873047029
real_1m_to_60m,pubmed_abstracts,74,5.90350341796875,,,,,,,,,observed test experiment; 256 recipes,4.604609489440918,0.06069057107303909
real_1m_to_60m,pubmed_abstracts,75,4.772440910339356,,,,,,,,,observed test experiment; 256 recipes,3.4594802856445312,0.07858144790816539
real_1m_to_60m,pubmed_abstracts,76,5.39540958404541,,,,,,,,,observed test experiment; 256 recipes,4.017836570739746,0.07200295902221511
real_1m_to_60m,pubmed_abstracts,77,5.897472381591797,,,,,,,,,observed test experiment; 256 recipes,4.5783371925354,0.06183846316900479
real_1m_to_60m,pubmed_abstracts,78,4.954609394073486,,,,,,,,,observed test experiment; 256 recipes,3.604369401931762,0.07770999653870193
real_1m_to_60m,pubmed_abstracts,79,6.906893730163574,,,,,,,,,observed test experiment; 256 recipes,5.58658504486084,0.05181581686078386
real_1m_to_60m,pubmed_abstracts,80,4.539394855499268,,,,,,,,,observed test experiment; 256 recipes,3.243092536926269,0.08212947030752099
real_1m_to_60m,pubmed_abstracts,81,4.4454193115234375,,,,,,,,,observed test experiment; 256 recipes,3.1979644298553467,0.08044259614316836
real_1m_to_60m,pubmed_abstracts,82,4.788120746612549,,,,,,,,,observed test experiment; 256 recipes,3.461875438690185,0.07921354065688536
real_1m_to_60m,pubmed_abstracts,83,5.074429035186768,,,,,,,,,observed test experiment; 256 recipes,3.762843608856201,0.07303710231371757
real_1m_to_60m,pubmed_abstracts,84,5.360033512115479,,,,,,,,,observed test experiment; 256 recipes,3.976158380508423,0.07294308054732022
real_1m_to_60m,pubmed_abstracts,85,4.602066040039063,,,,,,,,,observed test experiment; 256 recipes,3.319716453552246,0.07977490978417641
real_1m_to_60m,pubmed_abstracts,86,5.964283466339111,,,,,,,,,observed test experiment; 256 recipes,4.561192989349365,0.065506141821565
real_1m_to_60m,pubmed_abstracts,87,6.680383682250977,,,,,,,,,observed test experiment; 256 recipes,5.37464714050293,0.05311778148527764
real_1m_to_60m,pubmed_abstracts,88,5.58510684967041,,,,,,,,,observed test experiment; 256 recipes,4.227322101593018,0.0680291655905527
real_1m_to_60m,pubmed_abstracts,89,5.847632884979248,,,,,,,,,observed test experiment; 256 recipes,4.496715545654297,0.06415915631351952
real_1m_to_60m,pubmed_abstracts,90,4.830235004425049,,,,,,,,,observed test experiment; 256 recipes,3.5201001167297363,0.0772787158908051
real_1m_to_60m,pubmed_abstracts,91,5.968782901763916,,,,,,,,,observed test experiment; 256 recipes,4.532397747039795,0.06723711938264851
real_1m_to_60m,pubmed_abstracts,92,5.344653129577637,,,,,,,,,observed test experiment; 256 recipes,3.943190813064575,0.07427474530218693
real_1m_to_60m,pubmed_abstracts,93,5.934658050537109,,,,,,,,,observed test experiment; 256 recipes,4.659241676330566,0.05909534541674124
real_1m_to_60m,pubmed_abstracts,94,4.931248188018799,,,,,,,,,observed test experiment; 256 recipes,3.605064630508423,0.07650856805225092
real_1m_to_60m,pubmed_abstracts,95,5.256612300872803,,,,,,,,,observed test experiment; 256 recipes,3.9219701290130615,0.07153590863316152
real_1m_to_60m,pubmed_abstracts,96,5.311169147491455,,,,,,,,,observed test experiment; 256 recipes,3.9830007553100586,0.07028634040128418
real_1m_to_60m,pubmed_abstracts,97,6.005282878875732,,,,,,,,,observed test experiment; 256 recipes,4.715426921844482,0.059057097057782414
real_1m_to_60m,pubmed_abstracts,98,4.6250834465026855,,,,,,,,,observed test experiment; 256 recipes,3.341216564178467,0.07941672394840682
real_1m_to_60m,pubmed_abstracts,99,6.16259765625,,,,,,,,,observed test experiment; 256 recipes,4.823118686676025,0.0598575994559049
real_1m_to_60m,pubmed_abstracts,100,4.659868240356445,,,,,,,,,observed test experiment; 256 recipes,3.362498044967652,0.07969603062756835
real_1m_to_60m,pubmed_abstracts,101,5.546153545379639,,,,,,,,,observed test experiment; 256 recipes,4.210878372192383,0.06727166290103849
real_1m_to_60m,pubmed_abstracts,102,5.006394386291504,,,,,,,,,observed test experiment; 256 recipes,3.6749789714813232,0.07551112450953594
real_1m_to_60m,pubmed_abstracts,103,4.794990539550781,,,,,,,,,observed test experiment; 256 recipes,3.473224401473999,0.07876434081809655
real_1m_to_60m,pubmed_abstracts,104,6.140456199645996,,,,,,,,,observed test experiment; 256 recipes,4.7426276206970215,0.06308890290508067
real_1m_to_60m,pubmed_abstracts,105,5.6737961769104,,,,,,,,,observed test experiment; 256 recipes,4.300578594207764,0.06768088000344887
real_1m_to_60m,pubmed_abstracts,106,6.537801265716553,,,,,,,,,observed test experiment; 256 recipes,5.091071128845215,0.06108735132759611
real_1m_to_60m,pubmed_abstracts,107,4.990832328796387,,,,,,,,,observed test experiment; 256 recipes,3.683312177658081,0.07419754125191724
real_1m_to_60m,pubmed_abstracts,108,4.89464282989502,,,,,,,,,observed test experiment; 256 recipes,3.5716118812561035,0.07696575140912719
real_1m_to_60m,pubmed_abstracts,109,5.819060325622559,,,,,,,,,observed test experiment; 256 recipes,4.532651901245117,0.06101870811288194
real_1m_to_60m,pubmed_abstracts,110,4.536550998687744,,,,,,,,,observed test experiment; 256 recipes,3.269265651702881,0.08001320799922283
real_1m_to_60m,pubmed_abstracts,111,5.36957311630249,,,,,,,,,observed test experiment; 256 recipes,3.9908697605133057,0.07247539000271876
real_1m_to_60m,pubmed_abstracts,112,5.621950626373291,,,,,,,,,observed test experiment; 256 recipes,4.239706039428711,0.06892061706652017
real_1m_to_60m,pubmed_abstracts,113,5.67677640914917,,,,,,,,,observed test experiment; 256 recipes,4.274477005004883,0.0692960196237517
real_1m_to_60m,pubmed_abstracts,114,5.1441650390625,,,,,,,,,observed test experiment; 256 recipes,3.783233880996704,0.07505081646093553
real_1m_to_60m,pubmed_abstracts,115,5.232609272003174,,,,,,,,,observed test experiment; 256 recipes,3.917691469192505,0.07068469315218746
real_1m_to_60m,pubmed_abstracts,116,5.752138137817383,,,,,,,,,observed test experiment; 256 recipes,4.362452507019043,0.06754127082289052
real_1m_to_60m,pubmed_abstracts,117,5.638564109802246,,,,,,,,,observed test experiment; 256 recipes,4.337612628936768,0.06406528014145017
real_1m_to_60m,pubmed_abstracts,118,4.910089492797852,,,,,,,,,observed test experiment; 256 recipes,3.5533218383789062,0.07898926635947687
real_1m_to_60m,pubmed_abstracts,119,5.323615074157715,,,,,,,,,observed test experiment; 256 recipes,3.9730749130249023,0.07146742565649612
real_1m_to_60m,pubmed_abstracts,120,5.524143695831299,,,,,,,,,observed test experiment; 256 recipes,4.167721271514893,0.06881658716121289
real_1m_to_60m,pubmed_abstracts,121,5.23289155960083,,,,,,,,,observed test experiment; 256 recipes,3.850785732269287,0.07490497839610334
real_1m_to_60m,pubmed_abstracts,122,4.606932640075684,,,,,,,,,observed test experiment; 256 recipes,3.3535892963409424,0.0775535756216889
real_1m_to_60m,pubmed_abstracts,123,4.57120418548584,,,,,,,,,observed test experiment; 256 recipes,3.2870147228240967,0.08054937471039496
real_1m_to_60m,pubmed_abstracts,124,4.616472244262695,,,,,,,,,observed test experiment; 256 recipes,3.3303866386413574,0.0797545052712061
real_1m_to_60m,pubmed_abstracts,125,5.012091636657715,,,,,,,,,observed test experiment; 256 recipes,3.639411449432373,0.07816424255343472
real_1m_to_60m,pubmed_abstracts,126,5.634623050689697,,,,,,,,,observed test experiment; 256 recipes,4.249035358428955,0.06893368742934604
real_1m_to_60m,pubmed_abstracts,127,4.984810829162598,,,,,,,,,observed test experiment; 256 recipes,3.644338846206665,0.07650076524198995
real_1m_to_60m,pubmed_abstracts,128,5.005953788757324,,,,,,,,,observed test experiment; 256 recipes,3.670602321624756,0.0757806745735932
real_1m_to_60m,pubmed_abstracts,129,5.777606010437012,,,,,,,,,observed test experiment; 256 recipes,4.485832214355469,0.06180852018114796
real_1m_to_60m,pubmed_abstracts,130,5.141210079193115,,,,,,,,,observed test experiment; 256 recipes,3.783324241638184,0.07490464441886177
real_1m_to_60m,pubmed_abstracts,131,5.693981647491455,,,,,,,,,observed test experiment; 256 recipes,4.308111667633057,0.06812081434056973
real_1m_to_60m,pubmed_abstracts,132,5.403643608093262,,,,,,,,,observed test experiment; 256 recipes,4.0236334800720215,0.07202327958092085
real_1m_to_60m,pubmed_abstracts,133,4.520909786224365,,,,,,,,,observed test experiment; 256 recipes,3.263498067855835,0.07960092310963926
real_1m_to_60m,pubmed_abstracts,134,5.031378269195557,,,,,,,,,observed test experiment; 256 recipes,3.754092216491699,0.07152486782274572
real_1m_to_60m,pubmed_abstracts,135,6.812508583068848,,,,,,,,,observed test experiment; 256 recipes,5.393173694610596,0.05706075614367917
real_1m_to_60m,pubmed_abstracts,136,5.043766021728516,,,,,,,,,observed test experiment; 256 recipes,3.714708805084229,0.07470126985985835
real_1m_to_60m,pubmed_abstracts,137,5.763524055480957,,,,,,,,,observed test experiment; 256 recipes,4.39000129699707,0.06648672971835969
real_1m_to_60m,pubmed_abstracts,138,4.889341354370117,,,,,,,,,observed test experiment; 256 recipes,3.577284812927246,0.07631344084370512
real_1m_to_60m,pubmed_abstracts,139,6.276899337768555,,,,,,,,,observed test experiment; 256 recipes,4.93532133102417,0.058729385238275686
real_1m_to_60m,pubmed_abstracts,140,5.089614868164063,,,,,,,,,observed test experiment; 256 recipes,3.770609855651856,0.07326335263949832
real_1m_to_60m,pubmed_abstracts,141,5.99468469619751,,,,,,,,,observed test experiment; 256 recipes,4.609455585479736,0.06417716752016743
real_1m_to_60m,pubmed_abstracts,142,5.353428840637207,,,,,,,,,observed test experiment; 256 recipes,3.964677095413208,0.07334821063772437
real_1m_to_60m,pubmed_abstracts,143,5.668335437774658,,,,,,,,,observed test experiment; 256 recipes,4.266581535339356,0.06938413886105342
real_1m_to_60m,pubmed_abstracts,144,4.939925670623779,,,,,,,,,observed test experiment; 256 recipes,3.5775725841522217,0.07880767200629324
real_1m_to_60m,pubmed_abstracts,145,5.979859352111816,,,,,,,,,observed test experiment; 256 recipes,4.590094566345215,0.06460043052137393
real_1m_to_60m,pubmed_abstracts,146,6.115662097930908,,,,,,,,,observed test experiment; 256 recipes,4.783631801605225,0.059998122972204436
real_1m_to_60m,pubmed_abstracts,147,5.670753002166748,,,,,,,,,observed test experiment; 256 recipes,4.328991413116455,0.06594152606065298
real_1m_to_60m,pubmed_abstracts,148,5.155866622924805,,,,,,,,,observed test experiment; 256 recipes,3.845829725265503,0.0715977463497353
real_1m_to_60m,pubmed_abstracts,149,4.948363304138184,,,,,,,,,observed test experiment; 256 recipes,3.61061429977417,0.07697909823568255
real_1m_to_60m,pubmed_abstracts,150,5.000144958496094,,,,,,,,,observed test experiment; 256 recipes,3.622407197952272,0.07872520794542556
real_1m_to_60m,pubmed_abstracts,151,5.3078293800354,,,,,,,,,observed test experiment; 256 recipes,3.945563316345215,0.07243924660762928
real_1m_to_60m,pubmed_abstracts,152,5.22704029083252,,,,,,,,,observed test experiment; 256 recipes,3.9107494354248047,0.07085778356241697
real_1m_to_60m,pubmed_abstracts,153,4.759949684143066,,,,,,,,,observed test experiment; 256 recipes,3.4697811603546143,0.07721518475912406
real_1m_to_60m,pubmed_abstracts,154,5.505825519561768,,,,,,,,,observed test experiment; 256 recipes,4.108101844787598,0.07152442327337656
real_1m_to_60m,pubmed_abstracts,155,4.877258777618408,,,,,,,,,observed test experiment; 256 recipes,3.5553877353668213,0.07720874645856059
real_1m_to_60m,pubmed_abstracts,156,5.022506713867188,,,,,,,,,observed test experiment; 256 recipes,3.639561414718628,0.07866117900983827
real_1m_to_60m,pubmed_abstracts,157,5.680508136749268,,,,,,,,,observed test experiment; 256 recipes,4.359557151794434,0.06464287601881756
real_1m_to_60m,pubmed_abstracts,158,4.545361042022705,,,,,,,,,observed test experiment; 256 recipes,3.2768633365631104,0.07992011704659072
real_1m_to_60m,pubmed_abstracts,159,6.065789222717285,,,,,,,,,observed test experiment; 256 recipes,4.760477542877197,0.05918326372111299
real_1m_to_60m,pubmed_abstracts,160,4.578621864318848,,,,,,,,,observed test experiment; 256 recipes,3.3092432022094727,0.07929926792758968
real_1m_to_60m,pubmed_abstracts,161,5.630184173583984,,,,,,,,,observed test experiment; 256 recipes,4.355804920196533,0.06267980886843698
real_1m_to_60m,pubmed_abstracts,162,6.064412593841553,,,,,,,,,observed test experiment; 256 recipes,4.678783893585205,0.06335555242131573
real_1m_to_60m,pubmed_abstracts,163,5.259621620178223,,,,,,,,,observed test experiment; 256 recipes,3.879257678985596,0.07435018443769399
real_1m_to_60m,pubmed_abstracts,164,5.386738300323486,,,,,,,,,observed test experiment; 256 recipes,4.046271800994873,0.06988765701589071
real_1m_to_60m,pubmed_abstracts,165,5.035247802734375,,,,,,,,,observed test experiment; 256 recipes,3.67790460586548,0.0767203509107877
real_1m_to_60m,pubmed_abstracts,166,4.520357131958008,,,,,,,,,observed test experiment; 256 recipes,3.2757959365844727,0.07865242499581979
real_1m_to_60m,pubmed_abstracts,167,5.210649967193604,,,,,,,,,observed test experiment; 256 recipes,3.8961644172668457,0.07100330978478499
real_1m_to_60m,pubmed_abstracts,168,6.053810119628906,,,,,,,,,observed test experiment; 256 recipes,4.647307872772217,0.06457681853377875
real_1m_to_60m,pubmed_abstracts,169,5.061327934265137,,,,,,,,,observed test experiment; 256 recipes,3.696321725845337,0.07676214951306949
real_1m_to_60m,pubmed_abstracts,170,4.869803428649902,,,,,,,,,observed test experiment; 256 recipes,3.579620599746704,0.07517607538963557
real_1m_to_60m,pubmed_abstracts,171,4.84722900390625,,,,,,,,,observed test experiment; 256 recipes,3.563440561294556,0.07514772380349798
real_1m_to_60m,pubmed_abstracts,172,5.51285982131958,,,,,,,,,observed test experiment; 256 recipes,4.119795322418213,0.07114204113068721
real_1m_to_60m,pubmed_abstracts,173,5.283402442932129,,,,,,,,,observed test experiment; 256 recipes,3.9394664764404297,0.07169034889961537
real_1m_to_60m,pubmed_abstracts,174,6.196712493896484,,,,,,,,,observed test experiment; 256 recipes,4.818493366241455,0.061440263538724935
real_1m_to_60m,pubmed_abstracts,175,5.147824764251709,,,,,,,,,observed test experiment; 256 recipes,3.836125373840332,0.07183357559110135
real_1m_to_60m,pubmed_abstracts,176,4.67934513092041,,,,,,,,,observed test experiment; 256 recipes,3.392235279083252,0.07856424575366264
real_1m_to_60m,pubmed_abstracts,177,5.195086479187012,,,,,,,,,observed test experiment; 256 recipes,3.898917675018311,0.07010017629834726
real_1m_to_60m,pubmed_abstracts,178,5.697092533111572,,,,,,,,,observed test experiment; 256 recipes,4.342536449432373,0.06631033268419094
real_1m_to_60m,pubmed_abstracts,179,5.408607482910156,,,,,,,,,observed test experiment; 256 recipes,4.017039299011231,0.07264814180338856
real_1m_to_60m,pubmed_abstracts,180,5.029794216156006,,,,,,,,,observed test experiment; 256 recipes,3.7026383876800537,0.07481867342525468
real_1m_to_60m,pubmed_abstracts,181,6.020548343658447,,,,,,,,,observed test experiment; 256 recipes,4.667571067810059,0.06216856346002063
real_1m_to_60m,pubmed_abstracts,182,5.77849006652832,,,,,,,,,observed test experiment; 256 recipes,4.345414638519287,0.06961339648093456
real_1m_to_60m,pubmed_abstracts,183,5.851657390594482,,,,,,,,,observed test experiment; 256 recipes,4.552850246429443,0.06129710563185139
real_1m_to_60m,pubmed_abstracts,184,5.620729923248291,,,,,,,,,observed test experiment; 256 recipes,4.320262432098389,0.06427045464118471
real_1m_to_60m,pubmed_abstracts,185,5.802956581115723,,,,,,,,,observed test experiment; 256 recipes,4.536171913146973,0.06015225974809645
real_1m_to_60m,pubmed_abstracts,186,6.529664039611816,,,,,,,,,observed test experiment; 256 recipes,5.084738254547119,0.061087174091582895
real_1m_to_60m,pubmed_abstracts,187,5.498960018157959,,,,,,,,,observed test experiment; 256 recipes,4.187860488891602,0.0665232254557094
real_1m_to_60m,pubmed_abstracts,188,4.976807594299316,,,,,,,,,observed test experiment; 256 recipes,3.6293210983276367,0.07711686933722844
real_1m_to_60m,pubmed_abstracts,189,5.099696159362793,,,,,,,,,observed test experiment; 256 recipes,3.8138833045959473,0.07095959971789466
real_1m_to_60m,pubmed_abstracts,190,5.711729049682617,,,,,,,,,observed test experiment; 256 recipes,4.325327396392822,0.06790682813828942
real_1m_to_60m,pubmed_abstracts,191,5.0008978843688965,,,,,,,,,observed test experiment; 256 recipes,3.665358304977417,0.07588305623202543
real_1m_to_60m,pubmed_abstracts,192,5.610295295715332,,,,,,,,,observed test experiment; 256 recipes,4.269448280334473,0.06670634111059233
real_1m_to_60m,pubmed_abstracts,193,6.252409934997559,,,,,,,,,observed test experiment; 256 recipes,4.821257591247559,0.06348566174604765
real_1m_to_60m,pubmed_abstracts,194,5.822751522064209,,,,,,,,,observed test experiment; 256 recipes,4.486320495605469,0.06368297516586163
real_1m_to_60m,pubmed_abstracts,195,4.553029537200928,,,,,,,,,observed test experiment; 256 recipes,3.2699785232543945,0.08084552280367141
real_1m_to_60m,pubmed_abstracts,196,4.673891067504883,,,,,,,,,observed test experiment; 256 recipes,3.3769962787628174,0.07937907652499418
real_1m_to_60m,pubmed_abstracts,197,5.917925834655762,,,,,,,,,observed test experiment; 256 recipes,4.5595383644104,0.06368898250900305
real_1m_to_60m,pubmed_abstracts,198,6.33308219909668,,,,,,,,,observed test experiment; 256 recipes,5.005295276641846,0.057467227294428394
real_1m_to_60m,pubmed_abstracts,199,4.999955177307129,,,,,,,,,observed test experiment; 256 recipes,3.679741382598877,0.07488047719298838
real_1m_to_60m,pubmed_abstracts,200,4.675342082977295,,,,,,,,,observed test experiment; 256 recipes,3.375461339950561,0.07956592798694899
real_1m_to_60m,pubmed_abstracts,201,5.162591457366943,,,,,,,,,observed test experiment; 256 recipes,3.856137990951538,0.0712623247178441
real_1m_to_60m,pubmed_abstracts,202,4.573901653289795,,,,,,,,,observed test experiment; 256 recipes,3.295975923538208,0.08002850807319685
real_1m_to_60m,pubmed_abstracts,203,5.410767555236816,,,,,,,,,observed test experiment; 256 recipes,4.010160446166992,0.07316426434917744
real_1m_to_60m,pubmed_abstracts,204,5.921725273132324,,,,,,,,,observed test experiment; 256 recipes,4.546372890472412,0.0645519900845325
real_1m_to_60m,pubmed_abstracts,205,6.056600093841553,,,,,,,,,observed test experiment; 256 recipes,4.5935492515563965,0.06753110666048096
real_1m_to_60m,pubmed_abstracts,206,4.889357089996338,,,,,,,,,observed test experiment; 256 recipes,3.5794687271118164,0.07616516551394713
real_1m_to_60m,pubmed_abstracts,207,5.564969539642334,,,,,,,,,observed test experiment; 256 recipes,4.17084264755249,0.07043213330500397
real_1m_to_60m,pubmed_abstracts,208,5.819509029388428,,,,,,,,,observed test experiment; 256 recipes,4.485090732574463,0.06361388727317818
real_1m_to_60m,pubmed_abstracts,209,5.196116924285889,,,,,,,,,observed test experiment; 256 recipes,3.87481689453125,0.07166304354235181
real_1m_to_60m,pubmed_abstracts,210,5.488771438598633,,,,,,,,,observed test experiment; 256 recipes,4.125253677368164,0.06974912077454122
real_1m_to_60m,pubmed_abstracts,211,5.887876510620117,,,,,,,,,observed test experiment; 256 recipes,4.523407936096191,0.06438875043953562
real_1m_to_60m,pubmed_abstracts,212,5.897313117980957,,,,,,,,,observed test experiment; 256 recipes,4.554431438446045,0.06311050230893031
real_1m_to_60m,pubmed_abstracts,213,4.541323184967041,,,,,,,,,observed test experiment; 256 recipes,3.274542570114136,0.07987608980354086
real_1m_to_60m,pubmed_abstracts,214,5.008478164672852,,,,,,,,,observed test experiment; 256 recipes,3.6854655742645264,0.07491681366821923
real_1m_to_60m,pubmed_abstracts,215,5.894502639770508,,,,,,,,,observed test experiment; 256 recipes,4.540101051330566,0.06376378118909014
real_1m_to_60m,pubmed_abstracts,216,7.118744850158691,,,,,,,,,observed test experiment; 256 recipes,5.789244651794434,0.0504915001542318
real_1m_to_60m,pubmed_abstracts,217,5.533542156219482,,,,,,,,,observed test experiment; 256 recipes,4.220179557800293,0.06617676274088245
real_1m_to_60m,pubmed_abstracts,218,5.73801326751709,,,,,,,,,observed test experiment; 256 recipes,4.402264595031738,0.06472194426692086
real_1m_to_60m,pubmed_abstracts,219,5.139923572540283,,,,,,,,,observed test experiment; 256 recipes,3.741567373275757,0.07755419652069247
real_1m_to_60m,pubmed_abstracts,220,4.872258186340332,,,,,,,,,observed test experiment; 256 recipes,3.5390496253967285,0.07808314477626034
real_1m_to_60m,pubmed_abstracts,221,4.897640705108643,,,,,,,,,observed test experiment; 256 recipes,3.5544567108154297,0.07829125466221439
real_1m_to_60m,pubmed_abstracts,222,5.933949947357178,,,,,,,,,observed test experiment; 256 recipes,4.602254390716553,0.06207191766565918
real_1m_to_60m,pubmed_abstracts,223,6.586108207702637,,,,,,,,,observed test experiment; 256 recipes,5.18187141418457,0.058567700455263945
real_1m_to_60m,pubmed_abstracts,224,4.950583934783936,,,,,,,,,observed test experiment; 256 recipes,3.640400886535645,0.0750820362884262
real_1m_to_60m,pubmed_abstracts,225,5.245521068572998,,,,,,,,,observed test experiment; 256 recipes,3.859223127365112,0.07495917286426411
real_1m_to_60m,pubmed_abstracts,226,5.032805919647217,,,,,,,,,observed test experiment; 256 recipes,3.646036386489868,0.07872737737214722
real_1m_to_60m,pubmed_abstracts,227,6.388063907623291,,,,,,,,,observed test experiment; 256 recipes,5.007373809814453,0.059477076958871174
real_1m_to_60m,pubmed_abstracts,228,6.037133693695068,,,,,,,,,observed test experiment; 256 recipes,4.604627132415772,0.06615653492283426
real_1m_to_60m,pubmed_abstracts,229,5.753485679626465,,,,,,,,,observed test experiment; 256 recipes,4.421893119812012,0.0642930657767743
real_1m_to_60m,pubmed_abstracts,230,4.760817050933838,,,,,,,,,observed test experiment; 256 recipes,3.4789352416992188,0.07661617535146809
real_1m_to_60m,pubmed_abstracts,231,5.273690700531006,,,,,,,,,observed test experiment; 256 recipes,3.890046834945679,0.07432428758959937
real_1m_to_60m,pubmed_abstracts,232,5.081353187561035,,,,,,,,,observed test experiment; 256 recipes,3.7990260124206543,0.07103282975950664
real_1m_to_60m,pubmed_abstracts,233,5.082980632781982,,,,,,,,,observed test experiment; 256 recipes,3.7731950283050537,0.07277738685047981
real_1m_to_60m,pubmed_abstracts,234,5.49036169052124,,,,,,,,,observed test experiment; 256 recipes,4.093715190887451,0.07169431229157029
real_1m_to_60m,pubmed_abstracts,235,4.975701332092285,,,,,,,,,observed test experiment; 256 recipes,3.62069582939148,0.07764371114560993
real_1m_to_60m,pubmed_abstracts,236,4.562758922576904,,,,,,,,,observed test experiment; 256 recipes,3.296502113342285,0.07939378864051848
real_1m_to_60m,pubmed_abstracts,237,6.2777910232543945,,,,,,,,,observed test experiment; 256 recipes,4.847537517547607,0.06314742667909397
real_1m_to_60m,pubmed_abstracts,238,5.700027942657471,,,,,,,,,observed test experiment; 256 recipes,4.364145278930664,0.06522380206646924
real_1m_to_60m,pubmed_abstracts,239,4.63231897354126,,,,,,,,,observed test experiment; 256 recipes,3.3506712913513184,0.07910836148839118
real_1m_to_60m,pubmed_abstracts,240,5.52042818069458,,,,,,,,,observed test experiment; 256 recipes,4.156765460968018,0.06929514199874366
real_1m_to_60m,pubmed_abstracts,241,6.871212005615234,,,,,,,,,observed test experiment; 256 recipes,5.428599834442139,0.05755726314829981
real_1m_to_60m,pubmed_abstracts,242,5.517325401306152,,,,,,,,,observed test experiment; 256 recipes,4.187907695770264,0.06733482180907978
real_1m_to_60m,pubmed_abstracts,243,5.607994079589844,,,,,,,,,observed test experiment; 256 recipes,4.257492542266846,0.06729104205891447
real_1m_to_60m,pubmed_abstracts,244,5.101297855377197,,,,,,,,,observed test experiment; 256 recipes,3.7003602981567374,0.07841665280807944
real_1m_to_60m,pubmed_abstracts,245,4.690177917480469,,,,,,,,,observed test experiment; 256 recipes,3.377779483795166,0.08017204612369998
real_1m_to_60m,pubmed_abstracts,246,6.193135738372803,,,,,,,,,observed test experiment; 256 recipes,4.831896781921387,0.06062079947812091
real_1m_to_60m,pubmed_abstracts,247,6.088035106658936,,,,,,,,,observed test experiment; 256 recipes,4.744289875030518,0.06090929084071317
real_1m_to_60m,pubmed_abstracts,248,5.7540154457092285,,,,,,,,,observed test experiment; 256 recipes,4.366607666015625,0.06738844653335738
real_1m_to_60m,pubmed_abstracts,249,6.442943096160889,,,,,,,,,observed test experiment; 256 recipes,5.017387866973877,0.06107839273873884
real_1m_to_60m,pubmed_abstracts,250,6.4578142166137695,,,,,,,,,observed test experiment; 256 recipes,5.2074174880981445,0.05256197945728038
real_1m_to_60m,pubmed_abstracts,251,5.16278600692749,,,,,,,,,observed test experiment; 256 recipes,3.8636393547058105,0.07079687014959869
real_1m_to_60m,pubmed_abstracts,252,5.411105632781982,,,,,,,,,observed test experiment; 256 recipes,4.036110877990723,0.07160410207611323
real_1m_to_60m,pubmed_abstracts,253,4.6762800216674805,,,,,,,,,observed test experiment; 256 recipes,3.3817944526672363,0.07915710316830066
real_1m_to_60m,pubmed_abstracts,254,4.508522987365723,,,,,,,,,observed test experiment; 256 recipes,3.262394905090332,0.07901338995052438
real_1m_to_60m,pubmed_abstracts,255,5.5077643394470215,,,,,,,,,observed test experiment; 256 recipes,4.193144798278809,0.06660597068414852
real_1m_to_60m,pubmed_abstracts,256,6.638265132904053,,,,,,,,,observed test experiment; 256 recipes,5.2223005294799805,0.05859610281225608
estimated,pubmed_central,1,6.536046981811523,1.8945,1.4458,0.1344551389200504,0.13523089511689948,0.0007757561968490811,0.9999769599694559,0.003152741620873588,3.0,estimated A12-A15; shared 63 recipes; not independent experiment,,
estimated,pubmed_central,2,5.808464050292969,1.9445,1.5309,0.11881333957137362,0.11952585436545163,0.0007125147940780091,0.9999751166395653,0.002895722980882538,3.0,estimated A12-A15; shared 63 recipes; not independent experiment,,
estimated,pubmed_central,3,4.72146463394165,1.5353,1.2029,0.12197087275946575,0.12256660467320493,0.0005957319137391837,0.999983468764905,0.0024211070526499257,3.0,estimated A12-A15; shared 63 recipes; not independent experiment,,
estimated,pubmed_central,4,5.371085166931152,1.8507,1.4644,0.11568150347067958,0.11648934943640603,0.0008078459657264447,0.9999663029449259,0.0032831572725367606,3.0,estimated A12-A15; shared 63 recipes; not independent experiment,,
estimated,pubmed_central,5,4.6931257247924805,1.8174,1.4666,0.10300291625665606,0.10426012103607411,0.0012572047794180558,0.9998977991147118,0.005109391133621202,3.0,estimated A12-A15; shared 63 recipes; not independent experiment,,
estimated,pubmed_central,6,5.222227573394775,1.6125,1.2496,0.12758901755180205,0.12818827851406303,0.0005992609622609835,0.9999847090995814,0.0024354494171736608,3.0,estimated A12-A15; shared 63 recipes; not independent experiment,,
estimated,pubmed_central,7,4.126685619354248,1.6181,1.2997,0.10164900666842235,0.1035599819607533,0.0019109752923309603,0.999759731002092,0.007766372173453706,3.0,estimated A12-A15; shared 63 recipes; not independent experiment,,
estimated,pubmed_central,8,6.568063259124756,1.9352,1.478,0.1326778679018031,0.13369448616984494,0.0010166182680418356,0.9999594700530445,0.004131626326949528,3.0,estimated A12-A15; shared 63 recipes; not independent experiment,,
estimated,pubmed_central,9,3.839976310729981,1.0114,0.7569,0.1448513989662549,0.1455677540680339,0.0007163551017790037,0.9999830530863217,0.002911330330169616,3.0,estimated A12-A15; shared 63 recipes; not independent experiment,,
estimated,pubmed_central,10,4.18813419342041,1.4361,1.1303,0.11620897660103015,0.11740254919654591,0.0011935725955157656,0.9999274367436696,0.004850784324638402,3.0,estimated A12-A15; shared 63 recipes; not independent experiment,,
estimated,pubmed_central,11,6.194097995758057,1.7411,1.3224,0.1377885891139219,0.1384110756627721,0.0006224865488502207,0.9999858496236139,0.0025298402500237476,3.0,estimated A12-A15; shared 63 recipes; not independent experiment,,
estimated,pubmed_central,12,4.410226821899414,1.2636,0.96,0.1357128272404325,0.136672093667959,0.0009592664275265006,0.9999654817623767,0.0038985433875405756,3.0,estimated A12-A15; shared 63 recipes; not independent experiment,,
estimated,pubmed_central,13,3.885855674743652,1.2529,0.9785,0.12289256427935695,0.12361480230418019,0.0007222380248232407,0.9999760980819755,0.0029352390484104663,3.0,estimated A12-A15; shared 63 recipes; not independent experiment,,
estimated,pubmed_central,14,4.133479595184326,1.6711,1.359,0.09832833971878405,0.09970826954651882,0.0013799298277347716,0.9998652265381939,0.005608156556731534,3.0,estimated A12-A15; shared 63 recipes; not independent experiment,,
estimated,pubmed_central,15,4.696907997131348,1.7141,1.3716,0.1094439746014202,0.1103351413043952,0.0008911667029749964,0.9999542591293777,0.0036217800992346446,3.0,estimated A12-A15; shared 63 recipes; not independent experiment,,
estimated,pubmed_central,16,4.446780204772949,1.8135,1.4806,0.09738202594432391,0.09857549108462631,0.0011934651403023994,0.9998969676442186,0.004850347617171683,3.0,estimated A12-A15; shared 63 recipes; not independent experiment,,
estimated,pubmed_central,17,5.9820075035095215,2.1906,1.7529,0.10907096752949648,0.11002663063137076,0.0009556631018742823,0.9999470834379575,0.0038838991542059814,3.0,estimated A12-A15; shared 63 recipes; not independent experiment,,
estimated,pubmed_central,18,4.228277683258057,1.6685,1.3578,0.10095932248982506,0.10181996164731645,0.0008606391574913913,0.999949893807046,0.0034977134612623607,3.0,estimated A12-A15; shared 63 recipes; not independent experiment,,
estimated,pubmed_central,19,5.162656307220459,2.0167,1.6282,0.10205797887262513,0.10343763103233497,0.0013796521597098377,0.9998748584327581,0.005607028089382411,3.0,estimated A12-A15; shared 63 recipes; not independent experiment,,
estimated,pubmed_central,20,4.048504829406738,1.4084,1.1119,0.11464216131959569,0.11583438081351814,0.0011922194939224529,0.9999256218641348,0.004845285200393191,3.0,estimated A12-A15; shared 63 recipes; not independent experiment,,
estimated,pubmed_central,21,4.841148376464844,1.5686,1.2234,0.1223590457180223,0.12329573363651058,0.0009366879184882909,0.9999595443597524,0.0038067823349428884,3.0,estimated A12-A15; shared 63 recipes; not independent experiment,,
estimated,pubmed_central,22,5.541999340057373,1.979,1.5738,0.11180516888098183,0.11283918802904508,0.0010340191480632532,0.9999410826812162,0.004202345038454631,3.0,estimated A12-A15; shared 63 recipes; not independent experiment,,
estimated,pubmed_central,23,4.056276798248291,1.4184,1.1258,0.11408221519408451,0.11489268833110715,0.0008104731370226353,0.9999651316161781,0.0032938343284526733,3.0,estimated A12-A15; shared 63 recipes; not independent experiment,,
estimated,pubmed_central,24,6.752795219421387,1.9149,1.456,0.13683437016438124,0.13752501999485106,0.0006906498304698194,0.9999823500328302,0.002806861839861252,3.0,estimated A12-A15; shared 63 recipes; not independent experiment,,
estimated,pubmed_central,25,4.548320293426514,1.5506,1.2258,0.11683781513611002,0.11752732730257859,0.0006895121664685644,0.999975899520838,0.0028022382729957843,3.0,estimated A12-A15; shared 63 recipes; not independent experiment,,
estimated,pubmed_central,26,4.025252342224121,1.4237,1.1205,0.11284365658737033,0.1146274535477672,0.0017837969603968634,0.9998294221724124,0.007249508212855509,3.0,estimated A12-A15; shared 63 recipes; not independent experiment,,
estimated,pubmed_central,27,4.184984683990479,1.5747,1.2648,0.10612401135848175,0.10725727564349728,0.0011332642850155339,0.9999216047473392,0.004605686030392088,3.0,estimated A12-A15; shared 63 recipes; not independent experiment,,
estimated,pubmed_central,28,6.05892276763916,2.0701,1.6396,0.11660102281807391,0.11716120134198067,0.0005601785239067597,0.999984003986814,0.002276614939866136,3.0,estimated A12-A15; shared 63 recipes; not independent experiment,,
estimated,pubmed_central,29,5.763899326324463,1.5731,1.1832,0.1409900139141389,0.14192865036920554,0.0009386364550666437,0.9999693609418071,0.0038147013594963934,3.0,estimated A12-A15; shared 63 recipes; not independent experiment,,
estimated,pubmed_central,30,5.65870475769043,1.8095,1.4092,0.12378961195363099,0.1246093259131988,0.0008197139595678138,0.9999696865880652,0.003331389846497625,3.0,estimated A12-A15; shared 63 recipes; not independent experiment,,
estimated,pubmed_central,31,4.978406429290772,1.72,1.3564,0.11539047548313415,0.11655131910032004,0.0011608436171858943,0.9999303643001624,0.0047177708693693825,3.0,estimated A12-A15; shared 63 recipes; not independent experiment,,
estimated,pubmed_central,32,6.909854412078857,1.7385,1.2949,0.1498235505092486,0.1500965842551233,0.0002730337458747012,0.9999976889214828,0.0011096332301547085,3.0,estimated A12-A15; shared 63 recipes; not independent experiment,,
estimated,pubmed_central,33,6.5935959815979,1.9626,1.5143,0.13157263449886897,0.13186738531988093,0.00029475082101196315,0.9999965096258538,0.0011978933393835673,3.0,estimated A12-A15; shared 63 recipes; not independent experiment,,
estimated,pubmed_central,34,5.388720512390137,1.7656,1.3796,0.12114833480315758,0.12213013416527993,0.0009817993621223514,0.9999546889768867,0.003990119221583875,3.0,estimated A12-A15; shared 63 recipes; not independent experiment,,
estimated,pubmed_central,35,5.6132493019104,1.9235,1.5257,0.11628053509444401,0.11676650918449438,0.00048597409005037007,0.9999878842963229,0.00197504157439048,3.0,estimated A12-A15; shared 63 recipes; not independent experiment,,
estimated,pubmed_central,36,4.444733619689941,1.7185,1.3984,0.10317405040479663,0.10365410950500087,0.0004800591002042387,0.9999849927083433,0.0019510025338380227,3.0,estimated A12-A15; shared 63 recipes; not independent experiment,,
estimated,pubmed_central,37,4.223289489746094,1.6248,1.3114,0.10371273530323064,0.10483083481168978,0.0011180995084591472,0.9999201103724134,0.004544055040636965,3.0,estimated A12-A15; shared 63 recipes; not independent experiment,,
estimated,pubmed_central,38,6.044830799102783,2.0231,1.5878,0.1188416997358018,0.11983005227635185,0.000988352540550047,0.9999522962608416,0.004016751916832463,3.0,estimated A12-A15; shared 63 recipes; not independent experiment,,
estimated,pubmed_central,39,5.109024524688721,1.8426,1.4692,0.11072673014765255,0.11171230453418729,0.0009855743865347377,0.999945400199128,0.0040054612538268095,3.0,estimated A12-A15; shared 63 recipes; not independent experiment,,
estimated,pubmed_central,40,4.152863502502441,1.3773,1.0864,0.11982977733608784,0.1201952767692384,0.0003654994331505623,0.9999935367051316,0.0014854219405272579,3.0,estimated A12-A15; shared 63 recipes; not independent experiment,,
estimated,pubmed_central,41,5.504880428314209,1.9097,1.5194,0.1149456854971604,0.11538998042975077,0.0004442949325903639,0.9999896323290466,0.0018056538015555712,3.0,estimated A12-A15; shared 63 recipes; not independent experiment,,
estimated,pubmed_central,42,4.879493713378906,1.7777,1.415,0.10962907259651752,0.110961288812548,0.0013322162160304823,0.9998986855018478,0.005414244229490994,3.0,estimated A12-A15; shared 63 recipes; not independent experiment,,
estimated,pubmed_central,43,5.672890663146973,2.139,1.717,0.1058984071672283,0.1071256172306469,0.0012272100634185962,0.9999077917893137,0.0049874899616785965,3.0,estimated A12-A15; shared 63 recipes; not independent experiment,,
estimated,pubmed_central,44,4.081094264984131,1.437,1.1412,0.11332996451871988,0.11422160267007476,0.0008916381513548871,0.9999572808778593,0.0036236961070415805,3.0,estimated A12-A15; shared 63 recipes; not independent experiment,,
estimated,pubmed_central,45,5.953833103179932,1.7161,1.3101,0.13506351627549557,0.13570256047297105,0.0006390441974754857,0.9999844835382501,0.0025971319947454604,3.0,estimated A12-A15; shared 63 recipes; not independent experiment,,
estimated,pubmed_central,46,4.141411304473877,1.5753,1.2698,0.10494627290403452,0.10596545986157455,0.0010191869575400248,0.99993507581848,0.0041420657076788195,3.0,estimated A12-A15; shared 63 recipes; not independent experiment,,
estimated,pubmed_central,47,6.765743732452393,1.8928,1.4355,0.13830270415326024,0.1389677446160388,0.0006650404627785711,0.9999839750839791,0.0027027831103164585,3.0,estimated A12-A15; shared 63 recipes; not independent experiment,,
estimated,pubmed_central,48,4.611889362335205,1.5269,1.1973,0.12001707126796769,0.12088009217344883,0.0008630209054811405,0.9999642813227991,0.003507393095209473,3.0,estimated A12-A15; shared 63 recipes; not independent experiment,,
estimated,pubmed_central,49,6.001482009887695,1.8102,1.3893,0.13013298700795128,0.13115575115896141,0.0010227641510101304,0.9999573699672207,0.004156603737519749,3.0,estimated A12-A15; shared 63 recipes; not independent experiment,,
estimated,pubmed_central,50,4.600696086883545,1.5531,1.2259,0.11790603146358687,0.11854631129610964,0.0006402798325227665,0.9999795799202155,0.002602153724584701,3.0,estimated A12-A15; shared 63 recipes; not independent experiment,,
estimated,pubmed_central,51,5.950851917266846,1.7474,1.3355,0.1330467029782687,0.13393645403499743,0.000889751056728727,0.9999690850793433,0.003616026788002121,3.0,estimated A12-A15; shared 63 recipes; not independent experiment,,
estimated,pubmed_central,52,5.173309326171875,1.927,1.5427,0.10722168304324199,0.1084574477060959,0.001235764662853911,0.9999087874171058,0.0050222566084667285,3.0,estimated A12-A15; shared 63 recipes; not independent experiment,,
estimated,pubmed_central,53,5.402833938598633,1.6372,1.2638,0.12962997082603694,0.13022301366012273,0.0005930428340857885,0.9999854901907393,0.0024101783957091883,3.0,estimated A12-A15; shared 63 recipes; not independent experiment,,
estimated,pubmed_central,54,5.9593939781188965,2.0585,1.6246,0.11541280660920542,0.1165003564861486,0.0010875498769431918,0.9999388501324801,0.004419898643080518,3.0,estimated A12-A15; shared 63 recipes; not independent experiment,,
estimated,pubmed_central,55,5.621786594390869,1.9362,1.5304,0.11573103494453935,0.11662703084224975,0.0008959958977104027,0.9999586265327254,0.003641406372668865,3.0,estimated A12-A15; shared 63 recipes; not independent experiment,,
estimated,pubmed_central,56,4.897669792175293,1.9172,1.5575,0.10183052017693364,0.10269378278562419,0.0008632626086905459,0.9999504435514874,0.003508375398375535,3.0,estimated A12-A15; shared 63 recipes; not independent experiment,,
estimated,pubmed_central,57,6.521917343139648,1.9782,1.5132,0.12952627321440321,0.13095275937116768,0.001426486156764467,0.9999166560432943,0.005797365585087643,3.0,estimated A12-A15; shared 63 recipes; not independent experiment,,
estimated,pubmed_central,58,5.90403413772583,1.8547,1.4448,0.12571879699762292,0.12617724593780935,0.0004584489401864289,0.9999907692756693,0.0018631769370865184,3.0,estimated A12-A15; shared 63 recipes; not independent experiment,,
estimated,pubmed_central,59,3.9468679428100586,1.1129,0.8472,0.13744911332102008,0.1379263418569085,0.0004772285358884132,0.9999916299637689,0.0019394988707472562,3.0,estimated A12-A15; shared 63 recipes; not independent experiment,,
estimated,pubmed_central,60,4.469869136810303,1.4878,1.1657,0.11943756355493211,0.12047393206509391,0.0010363685101617975,0.9999480963962003,0.004211893053282972,3.0,estimated A12-A15; shared 63 recipes; not independent experiment,,
estimated,pubmed_central,61,5.622159957885742,2.1141,1.6946,0.10619441787065166,0.10749751425610794,0.0013030963854562816,0.9998967114261823,0.005295898669098545,3.0,estimated A12-A15; shared 63 recipes; not independent experiment,,
estimated,pubmed_central,62,4.20123291015625,1.5437,1.2358,0.10870346367326121,0.10968375945821468,0.0009802957849534694,0.9999439630203222,0.00398400855132444,3.0,estimated A12-A15; shared 63 recipes; not independent experiment,,
estimated,pubmed_central,63,5.504492282867432,2.0179,1.604,0.10895440671476236,0.11052674245621545,0.0015723357414530875,0.9998575668650322,0.006390111164049987,3.0,estimated A12-A15; shared 63 recipes; not independent experiment,,
real_1m_to_60m,pubmed_central,1,4.020509719848633,,,,,,,,,observed test experiment; 256 recipes,2.7380499839782715,0.09382764503190612
real_1m_to_60m,pubmed_central,2,4.903955459594727,,,,,,,,,observed test experiment; 256 recipes,3.3398211002349854,0.09381840427461377
real_1m_to_60m,pubmed_central,3,4.854981422424316,,,,,,,,,observed test experiment; 256 recipes,3.2393157482147217,0.09882977615227573
real_1m_to_60m,pubmed_central,4,4.318847179412842,,,,,,,,,observed test experiment; 256 recipes,2.914285182952881,0.0960749479124979
real_1m_to_60m,pubmed_central,5,6.248678684234619,,,,,,,,,observed test experiment; 256 recipes,4.223516464233398,0.09566902797284955
real_1m_to_60m,pubmed_central,6,4.609317302703857,,,,,,,,,observed test experiment; 256 recipes,3.1367735862731934,0.0940040581121221
real_1m_to_60m,pubmed_central,7,6.629345417022705,,,,,,,,,observed test experiment; 256 recipes,4.567374229431152,0.0909956625003762
real_1m_to_60m,pubmed_central,8,5.595306396484375,,,,,,,,,observed test experiment; 256 recipes,3.829377412796021,0.09262187451035296
real_1m_to_60m,pubmed_central,9,5.742236614227295,,,,,,,,,observed test experiment; 256 recipes,3.766970634460449,0.10296584688157685
real_1m_to_60m,pubmed_central,10,3.921809911727905,,,,,,,,,observed test experiment; 256 recipes,2.627980232238769,0.09777820960661913
real_1m_to_60m,pubmed_central,11,6.224606037139893,,,,,,,,,observed test experiment; 256 recipes,4.107580661773682,0.1015244170116429
real_1m_to_60m,pubmed_central,12,6.142894744873047,,,,,,,,,observed test experiment; 256 recipes,4.209578514099121,0.09230624215131567
real_1m_to_60m,pubmed_central,13,4.285419464111328,,,,,,,,,observed test experiment; 256 recipes,2.885546922683716,0.09659763020492576
real_1m_to_60m,pubmed_central,14,6.312638282775879,,,,,,,,,observed test experiment; 256 recipes,4.216575145721436,0.09855801648187917
real_1m_to_60m,pubmed_central,15,6.050545692443848,,,,,,,,,observed test experiment; 256 recipes,4.00392484664917,0.10083991884176753
real_1m_to_60m,pubmed_central,16,4.04384183883667,,,,,,,,,observed test experiment; 256 recipes,2.7210469245910645,0.09676237045822472
real_1m_to_60m,pubmed_central,17,5.457371234893799,,,,,,,,,observed test experiment; 256 recipes,3.553680658340454,0.10477460725299399
real_1m_to_60m,pubmed_central,18,5.863691806793213,,,,,,,,,observed test experiment; 256 recipes,3.885349750518799,0.10052070471477262
real_1m_to_60m,pubmed_central,19,5.671140670776367,,,,,,,,,observed test experiment; 256 recipes,3.608491182327272,0.11042073699374756
real_1m_to_60m,pubmed_central,20,5.204957962036133,,,,,,,,,observed test experiment; 256 recipes,3.523514032363892,0.095290668228575
real_1m_to_60m,pubmed_central,21,4.085028171539307,,,,,,,,,observed test experiment; 256 recipes,2.770738363265991,0.09481732104153974
real_1m_to_60m,pubmed_central,22,6.383687496185303,,,,,,,,,observed test experiment; 256 recipes,4.364232540130615,0.09288508808034847
real_1m_to_60m,pubmed_central,23,4.346107006072998,,,,,,,,,observed test experiment; 256 recipes,2.949981212615967,0.09463827375878198
real_1m_to_60m,pubmed_central,24,5.238595962524414,,,,,,,,,observed test experiment; 256 recipes,3.4449565410614014,0.10237101950424143
real_1m_to_60m,pubmed_central,25,5.373389720916748,,,,,,,,,observed test experiment; 256 recipes,3.4438140392303467,0.1086570380268744
real_1m_to_60m,pubmed_central,26,6.334427356719971,,,,,,,,,observed test experiment; 256 recipes,4.342170238494873,0.09223091322606036
real_1m_to_60m,pubmed_central,27,6.18015718460083,,,,,,,,,observed test experiment; 256 recipes,4.168198108673096,0.09619607372288382
real_1m_to_60m,pubmed_central,28,4.604784965515137,,,,,,,,,observed test experiment; 256 recipes,3.13627290725708,0.09380276725860014
real_1m_to_60m,pubmed_central,29,6.525815486907959,,,,,,,,,observed test experiment; 256 recipes,4.391971111297607,0.0967157970234232
real_1m_to_60m,pubmed_central,30,5.671145439147949,,,,,,,,,observed test experiment; 256 recipes,3.675737857818604,0.10591126811236386
real_1m_to_60m,pubmed_central,31,5.867735385894775,,,,,,,,,observed test experiment; 256 recipes,3.760798931121826,0.10864677888324306
real_1m_to_60m,pubmed_central,32,4.134260654449463,,,,,,,,,observed test experiment; 256 recipes,2.776201009750366,0.09726222469440648
real_1m_to_60m,pubmed_central,33,4.683298110961914,,,,,,,,,observed test experiment; 256 recipes,3.1978933811187744,0.0931798254582333
real_1m_to_60m,pubmed_central,34,5.844715595245361,,,,,,,,,observed test experiment; 256 recipes,3.9816298484802246,0.09375046115027286
real_1m_to_60m,pubmed_central,35,4.4216413497924805,,,,,,,,,observed test experiment; 256 recipes,2.970580577850342,0.09714706536088549
real_1m_to_60m,pubmed_central,36,4.151459693908691,,,,,,,,,observed test experiment; 256 recipes,2.802576780319214,0.09596669924326912
real_1m_to_60m,pubmed_central,37,5.082302570343018,,,,,,,,,observed test experiment; 256 recipes,3.3192138671875,0.10405486065085033
real_1m_to_60m,pubmed_central,38,4.502473831176758,,,,,,,,,observed test experiment; 256 recipes,2.9860992431640625,0.10029909428082875
real_1m_to_60m,pubmed_central,39,4.2034831047058105,,,,,,,,,observed test experiment; 256 recipes,2.8109521865844727,0.09827951794183461
real_1m_to_60m,pubmed_central,40,5.745736122131348,,,,,,,,,observed test experiment; 256 recipes,3.8059685230255127,0.10059913888755669
real_1m_to_60m,pubmed_central,41,4.474624633789063,,,,,,,,,observed test experiment; 256 recipes,2.974525690078736,0.09973217126817083
real_1m_to_60m,pubmed_central,42,5.170427322387695,,,,,,,,,observed test experiment; 256 recipes,3.424635648727417,0.10061689898244408
real_1m_to_60m,pubmed_central,43,5.811933994293213,,,,,,,,,observed test experiment; 256 recipes,3.940439462661743,0.09491656774452997
real_1m_to_60m,pubmed_central,44,4.767673969268799,,,,,,,,,observed test experiment; 256 recipes,3.2522244453430176,0.0934262702482142
real_1m_to_60m,pubmed_central,45,4.121029376983643,,,,,,,,,observed test experiment; 256 recipes,2.789212226867676,0.0953373061311421
real_1m_to_60m,pubmed_central,46,6.085677146911621,,,,,,,,,observed test experiment; 256 recipes,4.097873210906982,0.09658930397637935
real_1m_to_60m,pubmed_central,47,4.259026050567627,,,,,,,,,observed test experiment; 256 recipes,2.8725392818450928,0.0961922221592402
real_1m_to_60m,pubmed_central,48,4.547891139984131,,,,,,,,,observed test experiment; 256 recipes,3.1049394607543945,0.09321868644622631
real_1m_to_60m,pubmed_central,49,6.224462032318115,,,,,,,,,observed test experiment; 256 recipes,4.288081169128418,0.09101521854964138
real_1m_to_60m,pubmed_central,50,4.538155555725098,,,,,,,,,observed test experiment; 256 recipes,3.020598888397217,0.09942141871975131
real_1m_to_60m,pubmed_central,51,4.257361888885498,,,,,,,,,observed test experiment; 256 recipes,2.9199888706207275,0.09209529949661824
real_1m_to_60m,pubmed_central,52,3.931742429733277,,,,,,,,,observed test experiment; 256 recipes,2.6391046047210693,0.09736430169934687
real_1m_to_60m,pubmed_central,53,4.533695697784424,,,,,,,,,observed test experiment; 256 recipes,3.0942821502685547,0.09329490659577469
real_1m_to_60m,pubmed_central,54,5.087695121765137,,,,,,,,,observed test experiment; 256 recipes,3.49266004562378,0.09187337823467477
real_1m_to_60m,pubmed_central,55,3.97747540473938,,,,,,,,,observed test experiment; 256 recipes,2.649334669113159,0.09924390857232333
real_1m_to_60m,pubmed_central,56,4.123073577880859,,,,,,,,,observed test experiment; 256 recipes,2.798438310623169,0.09465187358164728
real_1m_to_60m,pubmed_central,57,3.862565755844116,,,,,,,,,observed test experiment; 256 recipes,2.594552516937256,0.09718713189299366
real_1m_to_60m,pubmed_central,58,4.514548778533936,,,,,,,,,observed test experiment; 256 recipes,3.049499750137329,0.09582185299370614
real_1m_to_60m,pubmed_central,59,5.129200458526611,,,,,,,,,observed test experiment; 256 recipes,3.439675807952881,0.0975913384561871
real_1m_to_60m,pubmed_central,60,5.939900875091553,,,,,,,,,observed test experiment; 256 recipes,3.930142641067505,0.10087493092095866
real_1m_to_60m,pubmed_central,61,6.16735315322876,,,,,,,,,observed test experiment; 256 recipes,4.286492347717285,0.0888545138072956
real_1m_to_60m,pubmed_central,62,5.821869373321533,,,,,,,,,observed test experiment; 256 recipes,3.837076425552368,0.10182598774593078
real_1m_to_60m,pubmed_central,63,5.397598743438721,,,,,,,,,observed test experiment; 256 recipes,3.793358087539673,0.08614382752813611
real_1m_to_60m,pubmed_central,64,4.144272327423096,,,,,,,,,observed test experiment; 256 recipes,2.809890031814575,0.09490697838820092
real_1m_to_60m,pubmed_central,65,5.991159439086914,,,,,,,,,observed test experiment; 256 recipes,4.130390644073486,0.09083577621615986
real_1m_to_60m,pubmed_central,66,6.957304000854492,,,,,,,,,observed test experiment; 256 recipes,5.020911693572998,0.07966611228459461
real_1m_to_60m,pubmed_central,67,5.530041217803955,,,,,,,,,observed test experiment; 256 recipes,3.638238430023194,0.10226194838318768
real_1m_to_60m,pubmed_central,68,5.291990280151367,,,,,,,,,observed test experiment; 256 recipes,3.4833428859710693,0.1021413735621152
real_1m_to_60m,pubmed_central,69,4.411803722381592,,,,,,,,,observed test experiment; 256 recipes,3.0485997200012207,0.09027116075928437
real_1m_to_60m,pubmed_central,70,6.192799091339111,,,,,,,,,observed test experiment; 256 recipes,4.196284770965576,0.09505492729977623
real_1m_to_60m,pubmed_central,71,4.263978004455566,,,,,,,,,observed test experiment; 256 recipes,2.903781652450561,0.09383397439963338
real_1m_to_60m,pubmed_central,72,6.1771111488342285,,,,,,,,,observed test experiment; 256 recipes,4.22996997833252,0.0924826450408667
real_1m_to_60m,pubmed_central,73,3.890557050704956,,,,,,,,,observed test experiment; 256 recipes,2.615305662155152,0.09700487180259784
real_1m_to_60m,pubmed_central,74,6.557686805725098,,,,,,,,,observed test experiment; 256 recipes,4.618522644042969,0.08562128429255961
real_1m_to_60m,pubmed_central,75,4.31964111328125,,,,,,,,,observed test experiment; 256 recipes,2.9206557273864746,0.0955865247746574
real_1m_to_60m,pubmed_central,76,4.488748550415039,,,,,,,,,observed test experiment; 256 recipes,3.017641544342041,0.09698704075297346
real_1m_to_60m,pubmed_central,77,6.464676856994629,,,,,,,,,observed test experiment; 256 recipes,4.503468990325928,0.08829375141632752
real_1m_to_60m,pubmed_central,78,4.026707172393799,,,,,,,,,observed test experiment; 256 recipes,2.7303740978240967,0.09488950557879135
real_1m_to_60m,pubmed_central,79,6.092414855957031,,,,,,,,,observed test experiment; 256 recipes,4.1924004554748535,0.091289595821747
real_1m_to_60m,pubmed_central,80,3.931550741195679,,,,,,,,,observed test experiment; 256 recipes,2.638877391815185,0.09737342235805932
real_1m_to_60m,pubmed_central,81,4.254693508148193,,,,,,,,,observed test experiment; 256 recipes,2.8708488941192627,0.0960874089869462
real_1m_to_60m,pubmed_central,82,4.242146968841553,,,,,,,,,observed test experiment; 256 recipes,2.83610200881958,0.09834026381051612
real_1m_to_60m,pubmed_central,83,3.974446296691896,,,,,,,,,observed test experiment; 256 recipes,2.659210205078125,0.09814911093718337
real_1m_to_60m,pubmed_central,84,4.385952472686768,,,,,,,,,observed test experiment; 256 recipes,2.984414339065552,0.09403294756189512
real_1m_to_60m,pubmed_central,85,4.854757785797119,,,,,,,,,observed test experiment; 256 recipes,3.168230533599853,0.10423792224218213
real_1m_to_60m,pubmed_central,86,6.040580749511719,,,,,,,,,observed test experiment; 256 recipes,4.052507400512695,0.09749163780770666
real_1m_to_60m,pubmed_central,87,6.866017818450928,,,,,,,,,observed test experiment; 256 recipes,5.100874423980713,0.07258116774786526
real_1m_to_60m,pubmed_central,88,6.109019756317139,,,,,,,,,observed test experiment; 256 recipes,4.069034099578857,0.09924926252238814
real_1m_to_60m,pubmed_central,89,5.523477554321289,,,,,,,,,observed test experiment; 256 recipes,3.744230270385742,0.09495820080051608
real_1m_to_60m,pubmed_central,90,4.712939739227295,,,,,,,,,observed test experiment; 256 recipes,3.109436511993408,0.10157189546306626
real_1m_to_60m,pubmed_central,91,6.015783786773682,,,,,,,,,observed test experiment; 256 recipes,3.98029351234436,0.10087843771546974
real_1m_to_60m,pubmed_central,92,5.751074314117432,,,,,,,,,observed test experiment; 256 recipes,3.7515246868133545,0.10434498797123459
real_1m_to_60m,pubmed_central,93,4.999447822570801,,,,,,,,,observed test experiment; 256 recipes,3.4849565029144287,0.0881391154214638
real_1m_to_60m,pubmed_central,94,5.633842468261719,,,,,,,,,observed test experiment; 256 recipes,3.692618608474731,0.10318033701735686
real_1m_to_60m,pubmed_central,95,4.197303771972656,,,,,,,,,observed test experiment; 256 recipes,2.8530712127685547,0.09428769895710226
real_1m_to_60m,pubmed_central,96,4.209887027740479,,,,,,,,,observed test experiment; 256 recipes,2.8382928371429443,0.09628721992674116
real_1m_to_60m,pubmed_central,97,6.536277770996094,,,,,,,,,observed test experiment; 256 recipes,4.561298370361328,0.08786767612472832
real_1m_to_60m,pubmed_central,98,4.201443672180176,,,,,,,,,observed test experiment; 256 recipes,2.834388256072998,0.09613310763470939
real_1m_to_60m,pubmed_central,99,5.208954811096191,,,,,,,,,observed test experiment; 256 recipes,3.625990629196167,0.08847611383659522
real_1m_to_60m,pubmed_central,100,4.6876749992370605,,,,,,,,,observed test experiment; 256 recipes,3.077547788619995,0.10277679614634672
real_1m_to_60m,pubmed_central,101,6.009222984313965,,,,,,,,,observed test experiment; 256 recipes,4.024472236633301,0.09791595846916794
real_1m_to_60m,pubmed_central,102,3.933091640472412,,,,,,,,,observed test experiment; 256 recipes,2.6424272060394287,0.09714079910331778
real_1m_to_60m,pubmed_central,103,5.522393226623535,,,,,,,,,observed test experiment; 256 recipes,3.559479236602783,0.10726920094135368
real_1m_to_60m,pubmed_central,104,5.406065464019775,,,,,,,,,observed test experiment; 256 recipes,3.622714042663574,0.09776853675609751
real_1m_to_60m,pubmed_central,105,5.995569705963135,,,,,,,,,observed test experiment; 256 recipes,3.964314222335816,0.10103886605831612
real_1m_to_60m,pubmed_central,106,6.522989273071289,,,,,,,,,observed test experiment; 256 recipes,4.388047218322754,0.09682830528067976
real_1m_to_60m,pubmed_central,107,4.3275065422058105,,,,,,,,,observed test experiment; 256 recipes,2.9589874744415283,0.09284621108298069
real_1m_to_60m,pubmed_central,108,4.1876983642578125,,,,,,,,,observed test experiment; 256 recipes,2.836952209472656,0.09511191606869689
real_1m_to_60m,pubmed_central,109,5.943726539611816,,,,,,,,,observed test experiment; 256 recipes,4.057692050933838,0.09323151552503231
real_1m_to_60m,pubmed_central,110,5.737797737121582,,,,,,,,,observed test experiment; 256 recipes,3.725405216217041,0.10548693004819698
real_1m_to_60m,pubmed_central,111,4.934450149536133,,,,,,,,,observed test experiment; 256 recipes,3.2923367023468018,0.09882990682561081
real_1m_to_60m,pubmed_central,112,6.086533069610596,,,,,,,,,observed test experiment; 256 recipes,4.025661468505859,0.10096595278508924
real_1m_to_60m,pubmed_central,113,5.113677024841309,,,,,,,,,observed test experiment; 256 recipes,3.435576915740967,0.09714225316945674
real_1m_to_60m,pubmed_central,114,4.04245662689209,,,,,,,,,observed test experiment; 256 recipes,2.7135467529296875,0.0973528321692649
real_1m_to_60m,pubmed_central,115,4.195528507232666,,,,,,,,,observed test experiment; 256 recipes,2.857753276824951,0.093783892053468
real_1m_to_60m,pubmed_central,116,5.685456275939941,,,,,,,,,observed test experiment; 256 recipes,3.763619899749756,0.10075609020490348
real_1m_to_60m,pubmed_central,117,4.62010669708252,,,,,,,,,observed test experiment; 256 recipes,3.172859668731689,0.09178136055324895
real_1m_to_60m,pubmed_central,118,3.9038219451904297,,,,,,,,,observed test experiment; 256 recipes,2.642646789550781,0.09529610089265446
real_1m_to_60m,pubmed_central,119,4.796388626098633,,,,,,,,,observed test experiment; 256 recipes,3.262986898422241,0.09408594145304831
real_1m_to_60m,pubmed_central,120,5.254326820373535,,,,,,,,,observed test experiment; 256 recipes,3.573878765106201,0.09412993771357207
real_1m_to_60m,pubmed_central,121,5.639960289001465,,,,,,,,,observed test experiment; 256 recipes,3.603653907775879,0.10940181330973969
real_1m_to_60m,pubmed_central,122,4.561302185058594,,,,,,,,,observed test experiment; 256 recipes,3.0482637882232666,0.09843723818583772
real_1m_to_60m,pubmed_central,123,5.393904209136963,,,,,,,,,observed test experiment; 256 recipes,3.45386290550232,0.10887607810830625
real_1m_to_60m,pubmed_central,124,4.1961774826049805,,,,,,,,,observed test experiment; 256 recipes,2.8364577293396,0.09564851869757196
real_1m_to_60m,pubmed_central,125,4.1693925857543945,,,,,,,,,observed test experiment; 256 recipes,2.807926893234253,0.09655364995612337
real_1m_to_60m,pubmed_central,126,5.8356146812438965,,,,,,,,,observed test experiment; 256 recipes,3.872922897338867,0.10013082807043469
real_1m_to_60m,pubmed_central,127,4.18839693069458,,,,,,,,,observed test experiment; 256 recipes,2.8532817363739014,0.09375084155987791
real_1m_to_60m,pubmed_central,128,4.429626941680908,,,,,,,,,observed test experiment; 256 recipes,2.990302085876465,0.09597163803983472
real_1m_to_60m,pubmed_central,129,6.271968364715576,,,,,,,,,observed test experiment; 256 recipes,4.199173450469971,0.0979894399780633
real_1m_to_60m,pubmed_central,130,4.382060050964356,,,,,,,,,observed test experiment; 256 recipes,2.97161602973938,0.09486573897026561
real_1m_to_60m,pubmed_central,131,5.723870754241943,,,,,,,,,observed test experiment; 256 recipes,3.758135318756104,0.10275695337704555
real_1m_to_60m,pubmed_central,132,5.4308695793151855,,,,,,,,,observed test experiment; 256 recipes,3.521533727645874,0.10580512833432863
real_1m_to_60m,pubmed_central,133,4.061378479003906,,,,,,,,,observed test experiment; 256 recipes,2.740166187286377,0.09610912467199194
real_1m_to_60m,pubmed_central,134,5.032177448272705,,,,,,,,,observed test experiment; 256 recipes,3.401331663131714,0.09566507073865729
real_1m_to_60m,pubmed_central,135,6.153250694274902,,,,,,,,,observed test experiment; 256 recipes,4.162360668182373,0.09547269966480776
real_1m_to_60m,pubmed_central,136,3.936906576156616,,,,,,,,,observed test experiment; 256 recipes,2.649387121200561,0.09673512761957903
real_1m_to_60m,pubmed_central,137,6.1898040771484375,,,,,,,,,observed test experiment; 256 recipes,4.033921718597412,0.10457458922642088
real_1m_to_60m,pubmed_central,138,6.005677223205566,,,,,,,,,observed test experiment; 256 recipes,3.886088132858277,0.10631791946937506
real_1m_to_60m,pubmed_central,139,5.300378322601318,,,,,,,,,observed test experiment; 256 recipes,3.629241943359375,0.09250672444378055
real_1m_to_60m,pubmed_central,140,5.804679870605469,,,,,,,,,observed test experiment; 256 recipes,3.895865201950073,0.09739011319001592
real_1m_to_60m,pubmed_central,141,5.870813846588135,,,,,,,,,observed test experiment; 256 recipes,3.825098752975464,0.10463432622173041
real_1m_to_60m,pubmed_central,142,4.43655252456665,,,,,,,,,observed test experiment; 256 recipes,3.027827739715576,0.09330728417701294
real_1m_to_60m,pubmed_central,143,5.533700942993164,,,,,,,,,observed test experiment; 256 recipes,3.670964956283569,0.10023638102698725
real_1m_to_60m,pubmed_central,144,3.983014106750488,,,,,,,,,observed test experiment; 256 recipes,2.695067405700684,0.09540370248696296
real_1m_to_60m,pubmed_central,145,5.662802696228027,,,,,,,,,observed test experiment; 256 recipes,3.77269458770752,0.09919278863671598
real_1m_to_60m,pubmed_central,146,6.317363262176514,,,,,,,,,observed test experiment; 256 recipes,4.384326457977295,0.08921230188344846
real_1m_to_60m,pubmed_central,147,6.15535831451416,,,,,,,,,observed test experiment; 256 recipes,4.130031585693359,0.09746075647997611
real_1m_to_60m,pubmed_central,148,4.25341796875,,,,,,,,,observed test experiment; 256 recipes,2.881852149963379,0.09507985629311096
real_1m_to_60m,pubmed_central,149,5.929510593414307,,,,,,,,,observed test experiment; 256 recipes,3.8376970291137695,0.1062610187500435
real_1m_to_60m,pubmed_central,150,4.046075820922852,,,,,,,,,observed test experiment; 256 recipes,2.7158803939819336,0.09736144603145486
real_1m_to_60m,pubmed_central,151,4.212439060211182,,,,,,,,,observed test experiment; 256 recipes,2.8340446949005127,0.09680106572074741
real_1m_to_60m,pubmed_central,152,4.335921764373779,,,,,,,,,observed test experiment; 256 recipes,2.942152976989746,0.09471420794340071
real_1m_to_60m,pubmed_central,153,5.189465045928955,,,,,,,,,observed test experiment; 256 recipes,3.373652935028076,0.10517788550281305
real_1m_to_60m,pubmed_central,154,5.298316478729248,,,,,,,,,observed test experiment; 256 recipes,3.4640157222747803,0.10379209386613408
real_1m_to_60m,pubmed_central,155,4.300395011901856,,,,,,,,,observed test experiment; 256 recipes,2.9151976108551025,0.09495274940091657
real_1m_to_60m,pubmed_central,156,3.93255615234375,,,,,,,,,observed test experiment; 256 recipes,2.6320126056671143,0.09807206646927656
real_1m_to_60m,pubmed_central,157,4.813197135925293,,,,,,,,,observed test experiment; 256 recipes,3.328860282897949,0.09005875175165946
real_1m_to_60m,pubmed_central,158,5.445944309234619,,,,,,,,,observed test experiment; 256 recipes,3.542125701904297,0.10505811955364086
real_1m_to_60m,pubmed_central,159,5.401625633239746,,,,,,,,,observed test experiment; 256 recipes,3.6895718574523926,0.09310147744904798
real_1m_to_60m,pubmed_central,160,4.242276191711426,,,,,,,,,observed test experiment; 256 recipes,2.8601067066192627,0.09628916734584878
real_1m_to_60m,pubmed_central,161,4.757755279541016,,,,,,,,,observed test experiment; 256 recipes,3.3363497257232666,0.08668021433981546
real_1m_to_60m,pubmed_central,162,6.270637035369873,,,,,,,,,observed test experiment; 256 recipes,4.082340717315674,0.10482933577377994
real_1m_to_60m,pubmed_central,163,4.440919876098633,,,,,,,,,observed test experiment; 256 recipes,3.000190258026123,0.09578720655471201
real_1m_to_60m,pubmed_central,164,4.55435037612915,,,,,,,,,observed test experiment; 256 recipes,3.086261034011841,0.09503903738092309
real_1m_to_60m,pubmed_central,165,4.49786376953125,,,,,,,,,observed test experiment; 256 recipes,3.041494607925415,0.09555950123179668
real_1m_to_60m,pubmed_central,166,4.333044052124023,,,,,,,,,observed test experiment; 256 recipes,2.93025016784668,0.09554215638578138
real_1m_to_60m,pubmed_central,167,4.831787109375,,,,,,,,,observed test experiment; 256 recipes,3.2831506729125977,0.09437722276335171
real_1m_to_60m,pubmed_central,168,6.269974708557129,,,,,,,,,observed test experiment; 256 recipes,4.174227237701416,0.09936708216077283
real_1m_to_60m,pubmed_central,169,3.971746683120728,,,,,,,,,observed test experiment; 256 recipes,2.6778457164764404,0.09627751850691123
real_1m_to_60m,pubmed_central,170,4.247554779052734,,,,,,,,,observed test experiment; 256 recipes,2.9003703594207764,0.09317853602083628
real_1m_to_60m,pubmed_central,171,4.9285807609558105,,,,,,,,,observed test experiment; 256 recipes,3.2611546516418457,0.10086345737207793
real_1m_to_60m,pubmed_central,172,4.509666919708252,,,,,,,,,observed test experiment; 256 recipes,3.057053804397583,0.09495333087146957
real_1m_to_60m,pubmed_central,173,4.2451934814453125,,,,,,,,,observed test experiment; 256 recipes,2.864003896713257,0.09612449116818914
real_1m_to_60m,pubmed_central,174,5.493171691894531,,,,,,,,,observed test experiment; 256 recipes,3.738605976104736,0.09398158758531742
real_1m_to_60m,pubmed_central,175,4.100272178649902,,,,,,,,,observed test experiment; 256 recipes,2.7598140239715576,0.09669192606711836
real_1m_to_60m,pubmed_central,176,4.445734977722168,,,,,,,,,observed test experiment; 256 recipes,3.0063607692718506,0.09555006867402421
real_1m_to_60m,pubmed_central,177,4.2186384201049805,,,,,,,,,observed test experiment; 256 recipes,2.885906934738159,0.09273113394953583
real_1m_to_60m,pubmed_central,178,4.758702754974365,,,,,,,,,observed test experiment; 256 recipes,3.2657251358032227,0.0919544662596701
real_1m_to_60m,pubmed_central,179,5.82058048248291,,,,,,,,,observed test experiment; 256 recipes,3.792564868927002,0.10462174174515419
real_1m_to_60m,pubmed_central,180,5.05195951461792,,,,,,,,,observed test experiment; 256 recipes,3.38632869720459,0.09770302188135442
real_1m_to_60m,pubmed_central,181,5.944514751434326,,,,,,,,,observed test experiment; 256 recipes,3.974885225296021,0.09829974594795603
real_1m_to_60m,pubmed_central,182,5.291438102722168,,,,,,,,,observed test experiment; 256 recipes,3.4673309326171875,0.10324117603346264
real_1m_to_60m,pubmed_central,183,6.111060619354248,,,,,,,,,observed test experiment; 256 recipes,4.277729034423828,0.08711481674584007
real_1m_to_60m,pubmed_central,184,5.972686767578125,,,,,,,,,observed test experiment; 256 recipes,4.084753513336182,0.09279519057870633
real_1m_to_60m,pubmed_central,185,5.965794086456299,,,,,,,,,observed test experiment; 256 recipes,4.058945178985596,0.09406121869130554
real_1m_to_60m,pubmed_central,186,6.174776554107666,,,,,,,,,observed test experiment; 256 recipes,4.14412260055542,0.09739815509753362
real_1m_to_60m,pubmed_central,187,4.534642696380615,,,,,,,,,observed test experiment; 256 recipes,3.143437623977661,0.08949645079918062
real_1m_to_60m,pubmed_central,188,4.244524955749512,,,,,,,,,observed test experiment; 256 recipes,2.860398530960083,0.09639368136149606
real_1m_to_60m,pubmed_central,189,5.793232440948486,,,,,,,,,observed test experiment; 256 recipes,3.928903102874756,0.09484549519950664
real_1m_to_60m,pubmed_central,190,5.959311008453369,,,,,,,,,observed test experiment; 256 recipes,3.945632219314575,0.10071103339755406
real_1m_to_60m,pubmed_central,191,3.92312216758728,,,,,,,,,observed test experiment; 256 recipes,2.631564855575561,0.09752699868715838
real_1m_to_60m,pubmed_central,192,4.861534118652344,,,,,,,,,observed test experiment; 256 recipes,3.3078837394714355,0.09404323774974355
real_1m_to_60m,pubmed_central,193,6.103455543518066,,,,,,,,,observed test experiment; 256 recipes,4.05672550201416,0.09976663310238569
real_1m_to_60m,pubmed_central,194,6.158743858337402,,,,,,,,,observed test experiment; 256 recipes,4.162745952606201,0.09566803438821793
real_1m_to_60m,pubmed_central,195,4.256364345550537,,,,,,,,,observed test experiment; 256 recipes,2.848530530929565,0.09808947235635658
real_1m_to_60m,pubmed_central,196,4.15458869934082,,,,,,,,,observed test experiment; 256 recipes,2.7980663776397705,0.09654410586728945
real_1m_to_60m,pubmed_central,197,6.024523735046387,,,,,,,,,observed test experiment; 256 recipes,4.042840957641602,0.09742481852456057
real_1m_to_60m,pubmed_central,198,5.351661682128906,,,,,,,,,observed test experiment; 256 recipes,3.713808536529541,0.08923264570014286
real_1m_to_60m,pubmed_central,199,4.479368209838867,,,,,,,,,observed test experiment; 256 recipes,3.041980028152466,0.09451412248368568
real_1m_to_60m,pubmed_central,200,4.457496643066406,,,,,,,,,observed test experiment; 256 recipes,2.9731273651123047,0.0989103207610997
real_1m_to_60m,pubmed_central,201,4.072505950927734,,,,,,,,,observed test experiment; 256 recipes,2.745917320251465,0.09626530425462594
real_1m_to_60m,pubmed_central,202,4.181067943572998,,,,,,,,,observed test experiment; 256 recipes,2.807015419006348,0.09731592110111754
real_1m_to_60m,pubmed_central,203,5.059852123260498,,,,,,,,,observed test experiment; 256 recipes,3.3593392372131348,0.10003871265622466
real_1m_to_60m,pubmed_central,204,5.273103713989258,,,,,,,,,observed test experiment; 256 recipes,3.5689401626586914,0.09533893515524809
real_1m_to_60m,pubmed_central,205,6.092187404632568,,,,,,,,,observed test experiment; 256 recipes,4.012805938720703,0.10197394446659878
real_1m_to_60m,pubmed_central,206,4.53449296951294,,,,,,,,,observed test experiment; 256 recipes,3.072801351547241,0.09503929863628058
real_1m_to_60m,pubmed_central,207,4.510199546813965,,,,,,,,,observed test experiment; 256 recipes,3.0380096435546875,0.09650844316233864
real_1m_to_60m,pubmed_central,208,4.792242527008057,,,,,,,,,observed test experiment; 256 recipes,3.2827043533325195,0.09240328554247255
real_1m_to_60m,pubmed_central,209,4.289520740509033,,,,,,,,,observed test experiment; 256 recipes,2.8958053588867188,0.09596450501259206
real_1m_to_60m,pubmed_central,210,4.751741886138916,,,,,,,,,observed test experiment; 256 recipes,3.2215707302093506,0.09492171769075053
real_1m_to_60m,pubmed_central,211,5.878819465637207,,,,,,,,,observed test experiment; 256 recipes,3.875219583511353,0.10178763324808525
real_1m_to_60m,pubmed_central,212,5.151373863220215,,,,,,,,,observed test experiment; 256 recipes,3.547880887985229,0.0910800131007793
real_1m_to_60m,pubmed_central,213,4.364170074462891,,,,,,,,,observed test experiment; 256 recipes,2.916020393371582,0.09847931103508677
real_1m_to_60m,pubmed_central,214,3.957507133483887,,,,,,,,,observed test experiment; 256 recipes,2.6666619777679443,0.0964224711968946
real_1m_to_60m,pubmed_central,215,6.2138848304748535,,,,,,,,,observed test experiment; 256 recipes,4.274238586425781,0.09138954798414392
real_1m_to_60m,pubmed_central,216,6.90211296081543,,,,,,,,,observed test experiment; 256 recipes,4.7536725997924805,0.09107931368797263
real_1m_to_60m,pubmed_central,217,4.834133148193359,,,,,,,,,observed test experiment; 256 recipes,3.36776089668274,0.08828121798818306
real_1m_to_60m,pubmed_central,218,5.288107872009277,,,,,,,,,observed test experiment; 256 recipes,3.5028655529022217,0.1005970876555839
real_1m_to_60m,pubmed_central,219,4.652517318725586,,,,,,,,,observed test experiment; 256 recipes,3.0946080684661865,0.09958789775599051
real_1m_to_60m,pubmed_central,220,3.985089063644409,,,,,,,,,observed test experiment; 256 recipes,2.704249143600464,0.09470022929942885
real_1m_to_60m,pubmed_central,221,4.518436908721924,,,,,,,,,observed test experiment; 256 recipes,3.0497076511383057,0.09601546168565746
real_1m_to_60m,pubmed_central,222,6.300793170928955,,,,,,,,,observed test experiment; 256 recipes,4.243632793426514,0.0965370223006162
real_1m_to_60m,pubmed_central,223,6.343837261199951,,,,,,,,,observed test experiment; 256 recipes,4.277374267578125,0.09626559102901959
real_1m_to_60m,pubmed_central,224,3.902482509613037,,,,,,,,,observed test experiment; 256 recipes,2.630712509155273,0.09631777688357886
real_1m_to_60m,pubmed_central,225,5.291998386383057,,,,,,,,,observed test experiment; 256 recipes,3.4026567935943604,0.10786571532114457
real_1m_to_60m,pubmed_central,226,4.0258097648620605,,,,,,,,,observed test experiment; 256 recipes,2.697693109512329,0.09777610664019129
real_1m_to_60m,pubmed_central,227,6.202332019805908,,,,,,,,,observed test experiment; 256 recipes,4.159005165100098,0.09761011678796593
real_1m_to_60m,pubmed_central,228,5.981203079223633,,,,,,,,,observed test experiment; 256 recipes,3.941168785095215,0.10188307308354039
real_1m_to_60m,pubmed_central,229,6.010633945465088,,,,,,,,,observed test experiment; 256 recipes,4.1305975914001465,0.09161616158543733
real_1m_to_60m,pubmed_central,230,4.2822113037109375,,,,,,,,,observed test experiment; 256 recipes,2.890752077102661,0.09597453936374253
real_1m_to_60m,pubmed_central,231,5.814191818237305,,,,,,,,,observed test experiment; 256 recipes,3.794859647750856,0.1042057796754989
real_1m_to_60m,pubmed_central,232,4.022631645202637,,,,,,,,,observed test experiment; 256 recipes,2.739194393157959,0.0938544523174139
real_1m_to_60m,pubmed_central,233,4.040679931640625,,,,,,,,,observed test experiment; 256 recipes,2.723489284515381,0.09635219712163036
real_1m_to_60m,pubmed_central,234,4.506223201751709,,,,,,,,,observed test experiment; 256 recipes,3.069913148880005,0.09374152525810202
real_1m_to_60m,pubmed_central,235,4.195723056793213,,,,,,,,,observed test experiment; 256 recipes,2.834818124771118,0.09576328984476234
real_1m_to_60m,pubmed_central,236,4.767138481140137,,,,,,,,,observed test experiment; 256 recipes,3.152017831802368,0.10104264313672218
real_1m_to_60m,pubmed_central,237,6.199519634246826,,,,,,,,,observed test experiment; 256 recipes,4.065901279449463,0.1030290364930299
real_1m_to_60m,pubmed_central,238,5.89127779006958,,,,,,,,,observed test experiment; 256 recipes,3.927938222885132,0.09900443093256359
real_1m_to_60m,pubmed_central,239,4.5793137550354,,,,,,,,,observed test experiment; 256 recipes,3.0427920818328857,0.09983859532782374
real_1m_to_60m,pubmed_central,240,5.315945148468018,,,,,,,,,observed test experiment; 256 recipes,3.5530548095703125,0.09840478085789654
real_1m_to_60m,pubmed_central,241,6.6243510246276855,,,,,,,,,observed test experiment; 256 recipes,4.515002727508545,0.09362832358962636
real_1m_to_60m,pubmed_central,242,4.397337436676025,,,,,,,,,observed test experiment; 256 recipes,2.9998555183410645,0.09340569582381396
real_1m_to_60m,pubmed_central,243,5.215417385101318,,,,,,,,,observed test experiment; 256 recipes,3.503777980804444,0.09715286666153468
real_1m_to_60m,pubmed_central,244,4.212433338165283,,,,,,,,,observed test experiment; 256 recipes,2.8136138916015625,0.09856784771817807
real_1m_to_60m,pubmed_central,245,4.209007740020752,,,,,,,,,observed test experiment; 256 recipes,2.807574987411499,0.09889392688048286
real_1m_to_60m,pubmed_central,246,5.198092937469482,,,,,,,,,observed test experiment; 256 recipes,3.5821757316589355,0.09093554481924676
real_1m_to_60m,pubmed_central,247,5.310207366943359,,,,,,,,,observed test experiment; 256 recipes,3.627481698989868,0.0930777124803682
real_1m_to_60m,pubmed_central,248,6.15457010269165,,,,,,,,,observed test experiment; 256 recipes,4.1710052490234375,0.09501834357060336
real_1m_to_60m,pubmed_central,249,5.840107440948486,,,,,,,,,observed test experiment; 256 recipes,3.9432647228240967,0.09592260692011485
real_1m_to_60m,pubmed_central,250,5.64144229888916,,,,,,,,,observed test experiment; 256 recipes,3.9378502368927,0.087805216405042
real_1m_to_60m,pubmed_central,251,4.082890033721924,,,,,,,,,observed test experiment; 256 recipes,2.769337654113769,0.09481295376855553
real_1m_to_60m,pubmed_central,252,5.061789035797119,,,,,,,,,observed test experiment; 256 recipes,3.421210289001465,0.0956748034024053
real_1m_to_60m,pubmed_central,253,4.0607008934021,,,,,,,,,observed test experiment; 256 recipes,2.735642671585083,0.0964719011343837
real_1m_to_60m,pubmed_central,254,5.313653945922852,,,,,,,,,observed test experiment; 256 recipes,3.3986215591430664,0.10915295271010178
real_1m_to_60m,pubmed_central,255,4.586355686187744,,,,,,,,,observed test experiment; 256 recipes,3.141672372817993,0.09240318538573479
real_1m_to_60m,pubmed_central,256,6.5115485191345215,,,,,,,,,observed test experiment; 256 recipes,4.380831241607666,0.09680152759561005
estimated,stackexchange,1,6.107803821563721,1.7704,1.3511,0.13445341961266913,0.13522896337220824,0.0007755437595391157,0.9999769719499426,0.003151878256904905,3.0,estimated A12-A15; shared 63 recipes; not independent experiment,,
estimated,stackexchange,2,4.922904014587402,1.6481,1.2975,0.1188094521800633,0.1195257550619445,0.0007163028818812089,0.9999748508145886,0.0029111181038982193,3.0,estimated A12-A15; shared 63 recipes; not independent experiment,,
estimated,stackexchange,3,6.079324245452881,1.9768,1.5489,0.12197314375992493,0.12256344923519653,0.0005903054752715992,0.9999837681647917,0.0023990535279997107,3.0,estimated A12-A15; shared 63 recipes; not independent experiment,,
estimated,stackexchange,4,4.455072402954102,1.5351,1.2146,0.11567952370158743,0.11649330623450584,0.0008137825329184029,0.9999658071184838,0.0033072840053264027,3.0,estimated A12-A15; shared 63 recipes; not independent experiment,,
estimated,stackexchange,5,4.24920654296875,1.6455,1.3279,0.10300248872666062,0.1042584621533539,0.0012559734266932715,0.9998979966963155,0.005104386807518325,3.0,estimated A12-A15; shared 63 recipes; not independent experiment,,
estimated,stackexchange,6,5.147463321685791,1.5894,1.2317,0.1275900130123657,0.12818900962930083,0.0005989966169351324,0.9999847227809432,0.002434375094448905,3.0,estimated A12-A15; shared 63 recipes; not independent experiment,,
estimated,stackexchange,7,5.128252029418945,2.0108,1.6152,0.10165012100156512,0.10355684249997942,0.001906721498414296,0.9997607908449379,0.007749084379708455,3.0,estimated A12-A15; shared 63 recipes; not independent experiment,,
estimated,stackexchange,8,6.25684118270874,1.8435,1.408,0.13267799737149658,0.1336923363103138,0.001014338938817222,0.9999596507162452,0.004122362931899334,3.0,estimated A12-A15; shared 63 recipes; not independent experiment,,
estimated,stackexchange,9,6.9663615226745605,1.8349,1.3731,0.14484840198965795,0.14557060262883273,0.0007222006391747748,0.9999827756253512,0.002935087109836759,3.0,estimated A12-A15; shared 63 recipes; not independent experiment,,
estimated,stackexchange,10,5.052807331085205,1.7326,1.3637,0.11620860709517565,0.11739987369618232,0.0011912666010066714,0.9999277144279901,0.004841412559519896,3.0,estimated A12-A15; shared 63 recipes; not independent experiment,,
estimated,stackexchange,11,6.349047660827637,1.7847,1.3555,0.13778584089746715,0.13840980301732317,0.0006239621198560197,0.9999857821024947,0.002535837100765367,3.0,estimated A12-A15; shared 63 recipes; not independent experiment,,
estimated,stackexchange,12,6.378947734832764,1.8277,1.3885,0.13571103299661252,0.13667487309202653,0.0009638400954140036,0.9999651525179869,0.0039171311773222315,3.0,estimated A12-A15; shared 63 recipes; not independent experiment,,
estimated,stackexchange,13,6.376709938049316,2.056,1.6057,0.1228933880126545,0.12361612707436702,0.000722739061712524,0.999976065361306,0.002937275306529689,3.0,estimated A12-A15; shared 63 recipes; not independent experiment,,
estimated,stackexchange,14,4.974141597747803,2.0109,1.6354,0.09833191748947212,0.09970781739924685,0.0013758999097747276,0.9998660146575458,0.0055917786146243735,3.0,estimated A12-A15; shared 63 recipes; not independent experiment,,
estimated,stackexchange,15,4.273486614227295,1.5596,1.2479,0.10944228036194731,0.1103388535864108,0.0008965732244634872,0.9999537041659409,0.0036437526795247074,3.0,estimated A12-A15; shared 63 recipes; not independent experiment,,
estimated,stackexchange,16,4.592880725860596,1.8731,1.5292,0.09738105083906014,0.0985781657927817,0.0011971149537215592,0.9998963397930988,0.004865180780891873,3.0,estimated A12-A15; shared 63 recipes; not independent experiment,,
estimated,stackexchange,17,4.626718521118164,1.6943,1.3558,0.10907069199710248,0.11002407894601479,0.0009533869489123104,0.999947333429519,0.003874648667767355,3.0,estimated A12-A15; shared 63 recipes; not independent experiment,,
estimated,stackexchange,18,4.659525871276856,1.8386,1.4963,0.10096361791165992,0.1018190029214039,0.0008553850097439836,0.9999505043733399,0.0034763601412982955,3.0,estimated A12-A15; shared 63 recipes; not independent experiment,,
estimated,stackexchange,19,4.819840431213379,1.8828,1.5201,0.10205711770134983,0.10343660691500738,0.0013794892136575476,0.9998748856241241,0.005606365862251104,3.0,estimated A12-A15; shared 63 recipes; not independent experiment,,
estimated,stackexchange,20,5.506645202636719,1.9157,1.5124,0.11463989905460968,0.11583262549725735,0.0011927264426476736,0.9999255561335305,0.004847345484735291,3.0,estimated A12-A15; shared 63 recipes; not independent experiment,,
estimated,stackexchange,21,5.57145357131958,1.8052,1.408,0.12236079772713915,0.12329283247048885,0.0009320347433496995,0.9999599443496218,0.0037878714206782222,3.0,estimated A12-A15; shared 63 recipes; not independent experiment,,
estimated,stackexchange,22,5.349352836608887,1.9102,1.5191,0.11180560090764184,0.11283876530618984,0.0010331643985480032,0.9999411798793311,0.004198871261018977,3.0,estimated A12-A15; shared 63 recipes; not independent experiment,,
estimated,stackexchange,23,5.417336463928223,1.8944,1.5036,0.11407853121600428,0.1148900369544287,0.0008115057384244229,0.9999650408982466,0.003298030911645033,3.0,estimated A12-A15; shared 63 recipes; not independent experiment,,
estimated,stackexchange,24,6.138266563415527,1.7406,1.3235,0.13683669130177634,0.13752493618355874,0.0006882448817824016,0.9999824729078463,0.0027970879162318163,3.0,estimated A12-A15; shared 63 recipes; not independent experiment,,
estimated,stackexchange,25,4.174592971801758,1.4232,1.1251,0.11683705063397087,0.11752559147892457,0.0006885408449536917,0.9999759667862292,0.00279829073666973,3.0,estimated A12-A15; shared 63 recipes; not independent experiment,,
estimated,stackexchange,26,5.667730808258057,2.0047,1.5777,0.11283995616322065,0.11462818397259493,0.0017882278093742793,0.999828571868291,0.007267515573987307,3.0,estimated A12-A15; shared 63 recipes; not independent experiment,,
estimated,stackexchange,27,5.51455545425415,2.0749,1.6667,0.10612833441178078,0.10725336590210036,0.0011250314903195752,0.9999227376395592,0.004572227226454154,3.0,estimated A12-A15; shared 63 recipes; not independent experiment,,
estimated,stackexchange,28,4.333330154418945,1.4806,1.1726,0.11659600848608528,0.11716416973475224,0.0005681612486669596,0.9999835449792344,0.002309057437524077,3.0,estimated A12-A15; shared 63 recipes; not independent experiment,,
estimated,stackexchange,29,7.142147064208984,1.9493,1.4661,0.14098752643295734,0.14193008874024518,0.000942562307287842,0.999969104207408,0.0038306563692601272,3.0,estimated A12-A15; shared 63 recipes; not independent experiment,,
estimated,stackexchange,30,5.427286148071289,1.7355,1.3516,0.12378952547621751,0.12460729005344665,0.0008177645772291381,0.9999698298996264,0.0033234673846995345,3.0,estimated A12-A15; shared 63 recipes; not independent experiment,,
estimated,stackexchange,31,5.920503616333008,2.0455,1.6131,0.11538979172262807,0.11655024415697102,0.0011604524343429429,0.9999304100804313,0.004716181067785577,3.0,estimated A12-A15; shared 63 recipes; not independent experiment,,
estimated,stackexchange,32,7.126642227172852,1.793,1.3356,0.14982616681533242,0.15009160608007835,0.00026543926474592583,0.9999978156237349,0.0010787685888655652,3.0,estimated A12-A15; shared 63 recipes; not independent experiment,,
estimated,stackexchange,33,5.102885246276856,1.5189,1.1719,0.13157165497946252,0.13187044771637646,0.0002987927369139387,0.9999964133405126,0.0012143200421853488,3.0,estimated A12-A15; shared 63 recipes; not independent experiment,,
estimated,stackexchange,34,4.6902689933776855,1.5367,1.2008,0.12115216488569959,0.12212901920520275,0.0009768543195031593,0.9999551445667169,0.003970022132129847,3.0,estimated A12-A15; shared 63 recipes; not independent experiment,,
estimated,stackexchange,35,4.213974952697754,1.444,1.1454,0.11628118916448711,0.11676435986269405,0.0004831706982069417,0.9999880234121995,0.001963648342624852,3.0,estimated A12-A15; shared 63 recipes; not independent experiment,,
estimated,stackexchange,36,4.637434482574463,1.793,1.4591,0.10317437435378105,0.10364965277709232,0.00047527842331127057,0.9999852892762997,0.0019315734411955738,3.0,estimated A12-A15; shared 63 recipes; not independent experiment,,
estimated,stackexchange,37,5.214371204376221,2.0062,1.6192,0.10370692968064127,0.10482789934152666,0.0011209696608853875,0.9999196938294658,0.004555719593300879,3.0,estimated A12-A15; shared 63 recipes; not independent experiment,,
estimated,stackexchange,38,6.009766578674316,2.0113,1.5785,0.11884518764620448,0.1198351433067713,0.0009899556605668103,0.9999521450642626,0.0040232671380074254,3.0,estimated A12-A15; shared 63 recipes; not independent experiment,,
estimated,stackexchange,39,4.21690845489502,1.5208,1.2126,0.11073051728406422,0.11171633775507737,0.0009858204710131574,0.9999453768107928,0.004006461362856625,3.0,estimated A12-A15; shared 63 recipes; not independent experiment,,
estimated,stackexchange,40,5.056640148162842,1.6771,1.3229,0.1198257723911439,0.12019055697959118,0.00036478458844727,0.9999935614800505,0.0014825167485894688,3.0,estimated A12-A15; shared 63 recipes; not independent experiment,,
estimated,stackexchange,41,4.877947807312012,1.6922,1.3463,0.1149463646144312,0.11539401241469908,0.0004476478002678891,0.9999894758052879,0.0018192801515857322,3.0,estimated A12-A15; shared 63 recipes; not independent experiment,,
estimated,stackexchange,42,5.021194934844971,1.8293,1.4561,0.10963053691964182,0.11096078464167913,0.0013302477220373116,0.9998989848649782,0.005406244096243012,3.0,estimated A12-A15; shared 63 recipes; not independent experiment,,
estimated,stackexchange,43,4.631067276000977,1.7462,1.4017,0.10589677654935332,0.10712394516144723,0.001227168612093904,0.9999077951516703,0.004987321499838229,3.0,estimated A12-A15; shared 63 recipes; not independent experiment,,
estimated,stackexchange,44,4.647099018096924,1.6363,1.2995,0.11332974898088599,0.11421969956085827,0.000889950579972279,0.9999574413980745,0.0036168376680657775,3.0,estimated A12-A15; shared 63 recipes; not independent experiment,,
estimated,stackexchange,45,5.021487236022949,1.4474,1.105,0.13506094870474822,0.13569799406700211,0.0006370453622538963,0.9999845795548667,0.0025890085520685227,3.0,estimated A12-A15; shared 63 recipes; not independent experiment,,
estimated,stackexchange,46,4.8421831130981445,1.8419,1.4847,0.10494379022695098,0.10596328413260597,0.0010194939056549918,0.9999350339145194,0.004143313171896785,3.0,estimated A12-A15; shared 63 recipes; not independent experiment,,
estimated,stackexchange,47,6.937915325164795,1.941,1.472,0.13830086493436006,0.13896956874010788,0.0006687038057478223,0.9999837982130154,0.00271767125932196,3.0,estimated A12-A15; shared 63 recipes; not independent experiment,,
estimated,stackexchange,48,4.357894420623779,1.4428,1.1314,0.12001764266809294,0.12087692035899103,0.0008592776908980942,0.9999645893157008,0.003492180340919191,3.0,estimated A12-A15; shared 63 recipes; not independent experiment,,
estimated,stackexchange,49,6.398937702178955,1.9301,1.4813,0.130132017830197,0.13115624368509224,0.0010242258548952277,0.9999572480561499,0.004162544231059575,3.0,estimated A12-A15; shared 63 recipes; not independent experiment,,
estimated,stackexchange,50,6.010045051574707,2.0289,1.6015,0.11790427134034719,0.11854265481588964,0.0006383834755424589,0.9999796996473956,0.0025944467625208627,3.0,estimated A12-A15; shared 63 recipes; not independent experiment,,
estimated,stackexchange,51,4.503209114074707,1.3223,1.0106,0.1330480291721047,0.13393801639571945,0.0008899872236147466,0.9999690693549362,0.003616986591061293,3.0,estimated A12-A15; shared 63 recipes; not independent experiment,,
estimated,stackexchange,52,5.0122971534729,1.867,1.4947,0.10722312305894403,0.10845658257567024,0.0012334595167262097,0.9999091271198477,0.005012888291244952,3.0,estimated A12-A15; shared 63 recipes; not independent experiment,,
estimated,stackexchange,53,5.98594331741333,1.8139,1.4002,0.12962981481597016,0.13022286061910957,0.0005930458031394026,0.9999854900110938,0.0024101904622049423,3.0,estimated A12-A15; shared 63 recipes; not independent experiment,,
estimated,stackexchange,54,5.523324966430664,1.9079,1.5057,0.11541124695281235,0.11650169733493015,0.0010904503821178024,0.9999385239983242,0.004431686551991695,3.0,estimated A12-A15; shared 63 recipes; not independent experiment,,
estimated,stackexchange,55,4.80318546295166,1.6543,1.3076,0.11572877160226416,0.1166239443617444,0.0008951727594802422,0.9999587005054349,0.003638061066284573,3.0,estimated A12-A15; shared 63 recipes; not independent experiment,,
estimated,stackexchange,56,4.733946800231934,1.8531,1.5054,0.10183112924791446,0.10269584995834179,0.0008647207104273275,0.9999502775733436,0.00351430125246665,3.0,estimated A12-A15; shared 63 recipes; not independent experiment,,
estimated,stackexchange,57,6.087891101837158,1.8466,1.4125,0.12952351102318566,0.13095264813753962,0.0014291371143539677,0.9999163448017411,0.0058081393105976886,3.0,estimated A12-A15; shared 63 recipes; not independent experiment,,
estimated,stackexchange,58,5.100099563598633,1.6021,1.2481,0.12572225850269883,0.12617479898089856,0.0004525404781997311,0.9999910055859055,0.0018391644263305025,3.0,estimated A12-A15; shared 63 recipes; not independent experiment,,
estimated,stackexchange,59,5.43524169921875,1.5326,1.1667,0.13744751005722053,0.13792490019055653,0.0004773901333360031,0.9999916241129378,0.0019401556170304142,3.0,estimated A12-A15; shared 63 recipes; not independent experiment,,
estimated,stackexchange,60,4.287607192993164,1.4272,1.1182,0.1194325384503795,0.1204713502369488,0.0010388117865692964,0.9999478484840766,0.004221822744147868,3.0,estimated A12-A15; shared 63 recipes; not independent experiment,,
estimated,stackexchange,61,4.370215892791748,1.6434,1.3173,0.10618990235506681,0.10749384139031572,0.001303939035248905,0.9998965702083393,0.005299323272193848,3.0,estimated A12-A15; shared 63 recipes; not independent experiment,,
estimated,stackexchange,62,4.46083402633667,1.6391,1.3121,0.10870265362865963,0.10968800319907919,0.0009853495704195553,0.9999433865315274,0.0040045475813016524,3.0,estimated A12-A15; shared 63 recipes; not independent experiment,,
estimated,stackexchange,63,4.398993968963623,1.6127,1.2819,0.10894994515217117,0.11052391811240977,0.0015739729602386038,0.9998572614714704,0.0063967649656292026,3.0,estimated A12-A15; shared 63 recipes; not independent experiment,,
real_1m_to_60m,stackexchange,1,6.013463020324707,,,,,,,,,observed test experiment; 256 recipes,4.206147193908691,0.08730425933431968
real_1m_to_60m,stackexchange,2,4.677060604095459,,,,,,,,,observed test experiment; 256 recipes,3.1255481243133545,0.09844314831005405
real_1m_to_60m,stackexchange,3,4.995669364929199,,,,,,,,,observed test experiment; 256 recipes,3.390350818634033,0.09467644988434767
real_1m_to_60m,stackexchange,4,4.527230739593506,,,,,,,,,observed test experiment; 256 recipes,2.9588091373443604,0.10388074609235619
real_1m_to_60m,stackexchange,5,4.668031692504883,,,,,,,,,observed test experiment; 256 recipes,3.114614725112915,0.09882706174949389
real_1m_to_60m,stackexchange,6,4.580908298492432,,,,,,,,,observed test experiment; 256 recipes,3.026017904281616,0.10127378349496023
real_1m_to_60m,stackexchange,7,4.967393398284912,,,,,,,,,observed test experiment; 256 recipes,3.3715171813964844,0.09465065390658048
real_1m_to_60m,stackexchange,8,3.9965648651123047,,,,,,,,,observed test experiment; 256 recipes,2.6288201808929443,0.10231187359745673
real_1m_to_60m,stackexchange,9,5.770235538482666,,,,,,,,,observed test experiment; 256 recipes,4.08374547958374,0.08443312932167066
real_1m_to_60m,stackexchange,10,6.661818504333496,,,,,,,,,observed test experiment; 256 recipes,4.650915622711182,0.08776212704962327
real_1m_to_60m,stackexchange,11,4.447871208190918,,,,,,,,,observed test experiment; 256 recipes,2.9285638332366943,0.10207090576482017
real_1m_to_60m,stackexchange,12,5.079184055328369,,,,,,,,,observed test experiment; 256 recipes,3.5225400924682617,0.08938385071170041
real_1m_to_60m,stackexchange,13,5.036253452301025,,,,,,,,,observed test experiment; 256 recipes,3.3954501152038574,0.09628552336085335
real_1m_to_60m,stackexchange,14,5.117123126983643,,,,,,,,,observed test experiment; 256 recipes,3.4907264709472656,0.09341727684170727
real_1m_to_60m,stackexchange,15,4.472921371459961,,,,,,,,,observed test experiment; 256 recipes,2.9516472816467285,0.10152499977394885
real_1m_to_60m,stackexchange,16,4.834705829620361,,,,,,,,,observed test experiment; 256 recipes,3.2133734226226807,0.0997715222040219
real_1m_to_60m,stackexchange,17,5.432930946350098,,,,,,,,,observed test experiment; 256 recipes,3.799774169921875,0.08732462937991033
real_1m_to_60m,stackexchange,18,5.186124324798584,,,,,,,,,observed test experiment; 256 recipes,3.5765044689178467,0.09075951870974908
real_1m_to_60m,stackexchange,19,4.938686847686768,,,,,,,,,observed test experiment; 256 recipes,3.331502676010132,0.09615116981713305
real_1m_to_60m,stackexchange,20,4.76651668548584,,,,,,,,,observed test experiment; 256 recipes,3.148380756378174,0.1012927715633388
real_1m_to_60m,stackexchange,21,4.935534477233887,,,,,,,,,observed test experiment; 256 recipes,3.320281982421875,0.09681922236918003
real_1m_to_60m,stackexchange,22,4.659025192260742,,,,,,,,,observed test experiment; 256 recipes,3.104923248291016,0.09911653441585416
real_1m_to_60m,stackexchange,23,6.293262958526611,,,,,,,,,observed test experiment; 256 recipes,4.45974063873291,0.08411335995906914
real_1m_to_60m,stackexchange,24,5.056411266326904,,,,,,,,,observed test experiment; 256 recipes,3.4336647987365723,0.09452766973036068
real_1m_to_60m,stackexchange,25,5.58441686630249,,,,,,,,,observed test experiment; 256 recipes,3.872587203979492,0.08940556882346493
real_1m_to_60m,stackexchange,26,5.627216815948486,,,,,,,,,observed test experiment; 256 recipes,3.9102396965026855,0.08890709855085364
real_1m_to_60m,stackexchange,27,4.805886268615723,,,,,,,,,observed test experiment; 256 recipes,3.209890127182007,0.09857615991495623
real_1m_to_60m,stackexchange,28,4.85537576675415,,,,,,,,,observed test experiment; 256 recipes,3.242427349090576,0.09861511638214869
real_1m_to_60m,stackexchange,29,4.918722629547119,,,,,,,,,observed test experiment; 256 recipes,3.318775177001953,0.09609671838920339
real_1m_to_60m,stackexchange,30,4.558650493621826,,,,,,,,,observed test experiment; 256 recipes,3.035080909729004,0.09935376618101467
real_1m_to_60m,stackexchange,31,4.81737232208252,,,,,,,,,observed test experiment; 256 recipes,3.194463014602661,0.10033586783282825
real_1m_to_60m,stackexchange,32,4.545831680297852,,,,,,,,,observed test experiment; 256 recipes,2.989807367324829,0.10233670684100994
real_1m_to_60m,stackexchange,33,5.268683910369873,,,,,,,,,observed test experiment; 256 recipes,3.598635673522949,0.09311033772062832
real_1m_to_60m,stackexchange,34,5.863054275512695,,,,,,,,,observed test experiment; 256 recipes,4.15617561340332,0.08403673463947595
real_1m_to_60m,stackexchange,35,4.529262542724609,,,,,,,,,observed test experiment; 256 recipes,3.0067057609558105,0.10006829617255587
real_1m_to_60m,stackexchange,36,5.187543869018555,,,,,,,,,observed test experiment; 256 recipes,3.5616025924682617,0.09184613715122732
real_1m_to_60m,stackexchange,37,5.0823187828063965,,,,,,,,,observed test experiment; 256 recipes,3.4541640281677246,0.09432209159572437
real_1m_to_60m,stackexchange,38,5.102680683135986,,,,,,,,,observed test experiment; 256 recipes,3.4833834171295166,0.09324128739491441
real_1m_to_60m,stackexchange,39,4.299896717071533,,,,,,,,,observed test experiment; 256 recipes,2.789159774780273,0.10571914553436423
real_1m_to_60m,stackexchange,40,4.356703758239746,,,,,,,,,observed test experiment; 256 recipes,2.8652703762054443,0.10234923525645714
real_1m_to_60m,stackexchange,41,4.759253025054932,,,,,,,,,observed test experiment; 256 recipes,3.1743485927581787,0.09891407003126683
real_1m_to_60m,stackexchange,42,5.996532917022705,,,,,,,,,observed test experiment; 256 recipes,4.337917327880859,0.07908154664590696
real_1m_to_60m,stackexchange,43,4.637545108795166,,,,,,,,,observed test experiment; 256 recipes,3.15397572517395,0.09415948193923586
real_1m_to_60m,stackexchange,44,5.214293479919434,,,,,,,,,observed test experiment; 256 recipes,3.562262535095215,0.09305707140268926
real_1m_to_60m,stackexchange,45,5.154216289520264,,,,,,,,,observed test experiment; 256 recipes,3.4791204929351807,0.09599474123835498
real_1m_to_60m,stackexchange,46,4.156313896179199,,,,,,,,,observed test experiment; 256 recipes,2.7386550903320312,0.10188728269650536
real_1m_to_60m,stackexchange,47,5.08116340637207,,,,,,,,,observed test experiment; 256 recipes,3.425755023956299,0.09628363075234421
real_1m_to_60m,stackexchange,48,4.856460571289063,,,,,,,,,observed test experiment; 256 recipes,3.215992927551269,0.10066904156290078
real_1m_to_60m,stackexchange,49,3.9877002239227295,,,,,,,,,observed test experiment; 256 recipes,2.637223958969116,0.10098999735954625
real_1m_to_60m,stackexchange,50,4.552239894866943,,,,,,,,,observed test experiment; 256 recipes,3.022612333297729,0.10001550228307267
real_1m_to_60m,stackexchange,51,5.504023551940918,,,,,,,,,observed test experiment; 256 recipes,3.8498709201812735,0.08730084968103652
real_1m_to_60m,stackexchange,52,5.360120296478272,,,,,,,,,observed test experiment; 256 recipes,3.689476728439331,0.09122382655925218
real_1m_to_60m,stackexchange,53,5.556218147277832,,,,,,,,,observed test experiment; 256 recipes,3.829930305480957,0.09087439413347606
real_1m_to_60m,stackexchange,54,6.097148895263672,,,,,,,,,observed test experiment; 256 recipes,4.202898025512695,0.09086850621006833
real_1m_to_60m,stackexchange,55,4.357378959655762,,,,,,,,,observed test experiment; 256 recipes,2.837514877319336,0.10476453266972574
real_1m_to_60m,stackexchange,56,4.746886253356934,,,,,,,,,observed test experiment; 256 recipes,3.177028179168701,0.09807251109300207
real_1m_to_60m,stackexchange,57,6.7030029296875,,,,,,,,,observed test experiment; 256 recipes,4.727361679077148,0.08528553393743124
real_1m_to_60m,stackexchange,58,4.282087326049805,,,,,,,,,observed test experiment; 256 recipes,2.8287103176116943,0.10126643905654455
real_1m_to_60m,stackexchange,59,4.60098123550415,,,,,,,,,observed test experiment; 256 recipes,3.1038527488708496,0.09613881411008732
real_1m_to_60m,stackexchange,60,4.170336723327637,,,,,,,,,observed test experiment; 256 recipes,2.717772483825684,0.10457941924999074
real_1m_to_60m,stackexchange,61,5.783918380737305,,,,,,,,,observed test experiment; 256 recipes,4.138760089874268,0.08174327311157512
real_1m_to_60m,stackexchange,62,4.445918560028076,,,,,,,,,observed test experiment; 256 recipes,2.92948317527771,0.10188699916970265
real_1m_to_60m,stackexchange,63,6.223282337188721,,,,,,,,,observed test experiment; 256 recipes,4.600271224975586,0.07380478272062926
real_1m_to_60m,stackexchange,64,4.95119571685791,,,,,,,,,observed test experiment; 256 recipes,3.3286404609680176,0.09697893025098227
real_1m_to_60m,stackexchange,65,5.270136833190918,,,,,,,,,observed test experiment; 256 recipes,3.6813535690307617,0.08762716940216007
real_1m_to_60m,stackexchange,66,5.590338230133057,,,,,,,,,observed test experiment; 256 recipes,4.069033622741699,0.07757878084339946
real_1m_to_60m,stackexchange,67,6.694144248962402,,,,,,,,,observed test experiment; 256 recipes,4.729146480560303,0.08487033959477772
real_1m_to_60m,stackexchange,68,4.298486232757568,,,,,,,,,observed test experiment; 256 recipes,2.8181724548339844,0.10311157407660215
real_1m_to_60m,stackexchange,69,5.26854419708252,,,,,,,,,observed test experiment; 256 recipes,3.6392760276794434,0.09036105949527715
real_1m_to_60m,stackexchange,70,4.220319271087647,,,,,,,,,observed test experiment; 256 recipes,2.794651508331299,0.10067627692404955
real_1m_to_60m,stackexchange,71,5.340027809143066,,,,,,,,,observed test experiment; 256 recipes,3.696113109588623,0.08986764511795255
real_1m_to_60m,stackexchange,72,4.858174800872803,,,,,,,,,observed test experiment; 256 recipes,3.3213870525360107,0.0928794154059382
real_1m_to_60m,stackexchange,73,5.954476356506348,,,,,,,,,observed test experiment; 256 recipes,4.213369846343994,0.0844776237545668
real_1m_to_60m,stackexchange,74,6.151535987854004,,,,,,,,,observed test experiment; 256 recipes,4.450212478637695,0.07907247589715141
real_1m_to_60m,stackexchange,75,6.133817195892334,,,,,,,,,observed test experiment; 256 recipes,4.344072818756104,0.08426377230107074
real_1m_to_60m,stackexchange,76,4.446619033813477,,,,,,,,,observed test experiment; 256 recipes,2.907747983932495,0.10374435770533567
real_1m_to_60m,stackexchange,77,6.151079177856445,,,,,,,,,observed test experiment; 256 recipes,4.466945171356201,0.07813772619658613
real_1m_to_60m,stackexchange,78,5.187541484832764,,,,,,,,,observed test experiment; 256 recipes,3.5453813076019287,0.09296095150984841
real_1m_to_60m,stackexchange,79,4.976510047912598,,,,,,,,,observed test experiment; 256 recipes,3.348217725753784,0.09679221268546603
real_1m_to_60m,stackexchange,80,6.418187618255615,,,,,,,,,observed test experiment; 256 recipes,4.57708740234375,0.0825707052199138
real_1m_to_60m,stackexchange,81,5.206273555755615,,,,,,,,,observed test experiment; 256 recipes,3.595489501953125,0.09041354532566656
real_1m_to_60m,stackexchange,82,4.616827964782715,,,,,,,,,observed test experiment; 256 recipes,3.0295801162719727,0.10289408737874864
real_1m_to_60m,stackexchange,83,4.94779109954834,,,,,,,,,observed test experiment; 256 recipes,3.306081771850586,0.09847180540674026
real_1m_to_60m,stackexchange,84,4.398135662078857,,,,,,,,,observed test experiment; 256 recipes,2.907664060592652,0.10107373748683979
real_1m_to_60m,stackexchange,85,4.8284783363342285,,,,,,,,,observed test experiment; 256 recipes,3.214103937149048,0.09940120132454054
real_1m_to_60m,stackexchange,86,5.689957141876221,,,,,,,,,observed test experiment; 256 recipes,3.996703386306762,0.08627335649525465
real_1m_to_60m,stackexchange,87,6.952165603637695,,,,,,,,,observed test experiment; 256 recipes,5.571836948394775,0.054057105479139715
real_1m_to_60m,stackexchange,88,5.85176944732666,,,,,,,,,observed test experiment; 256 recipes,4.074830055236816,0.08839389016988394
real_1m_to_60m,stackexchange,89,4.665224075317383,,,,,,,,,observed test experiment; 256 recipes,3.156780242919922,0.0953957984766325
real_1m_to_60m,stackexchange,90,4.936746597290039,,,,,,,,,observed test experiment; 256 recipes,3.3064558506011963,0.09789836904655225
real_1m_to_60m,stackexchange,91,5.389951705932617,,,,,,,,,observed test experiment; 256 recipes,3.669564008712769,0.09390112698290638
real_1m_to_60m,stackexchange,92,4.350026607513428,,,,,,,,,observed test experiment; 256 recipes,2.8544130325317383,0.1029018750587528
real_1m_to_60m,stackexchange,93,4.9809088706970215,,,,,,,,,observed test experiment; 256 recipes,3.3945870399475098,0.0936487530102762
real_1m_to_60m,stackexchange,94,5.97490930557251,,,,,,,,,observed test experiment; 256 recipes,4.124279022216797,0.0905340747628748
real_1m_to_60m,stackexchange,95,5.3186869621276855,,,,,,,,,observed test experiment; 256 recipes,3.6605045795440674,0.09125403453665984
real_1m_to_60m,stackexchange,96,4.126070022583008,,,,,,,,,observed test experiment; 256 recipes,2.6849310398101807,0.10494239917986808
real_1m_to_60m,stackexchange,97,5.5800461769104,,,,,,,,,observed test experiment; 256 recipes,4.009698390960693,0.08071646694681442
real_1m_to_60m,stackexchange,98,5.363349437713623,,,,,,,,,observed test experiment; 256 recipes,3.701509952545166,0.09057563126226094
real_1m_to_60m,stackexchange,99,4.242485523223877,,,,,,,,,observed test experiment; 256 recipes,2.806471824645996,0.10092486928977205
real_1m_to_60m,stackexchange,100,4.518953323364258,,,,,,,,,observed test experiment; 256 recipes,3.002131223678589,0.09988362016083495
real_1m_to_60m,stackexchange,101,6.431166172027588,,,,,,,,,observed test experiment; 256 recipes,4.580526828765869,0.08288063235929272
real_1m_to_60m,stackexchange,102,5.9818115234375,,,,,,,,,observed test experiment; 256 recipes,4.218915939331055,0.08527500274845619
real_1m_to_60m,stackexchange,103,6.163114547729492,,,,,,,,,observed test experiment; 256 recipes,4.392778396606445,0.08270440700810615
real_1m_to_60m,stackexchange,104,5.220707893371582,,,,,,,,,observed test experiment; 256 recipes,3.544307231903076,0.09459152224939679
real_1m_to_60m,stackexchange,105,4.860823154449463,,,,,,,,,observed test experiment; 256 recipes,3.278310537338257,0.0962008891316076
real_1m_to_60m,stackexchange,106,4.000739097595215,,,,,,,,,observed test experiment; 256 recipes,2.620208740234375,0.10336822550561282
real_1m_to_60m,stackexchange,107,5.458452701568604,,,,,,,,,observed test experiment; 256 recipes,3.8153812885284415,0.08746815316849992
real_1m_to_60m,stackexchange,108,5.270440578460693,,,,,,,,,observed test experiment; 256 recipes,3.5858397483825684,0.09406176455670329
real_1m_to_60m,stackexchange,109,5.55183219909668,,,,,,,,,observed test experiment; 256 recipes,3.982656717300415,0.08113115070758993
real_1m_to_60m,stackexchange,110,4.189416885375977,,,,,,,,,observed test experiment; 256 recipes,2.7623400688171387,0.10172162558006184
real_1m_to_60m,stackexchange,111,4.246852874755859,,,,,,,,,observed test experiment; 256 recipes,2.78985857963562,0.10262626800009952
real_1m_to_60m,stackexchange,112,4.673436641693115,,,,,,,,,observed test experiment; 256 recipes,3.123924493789673,0.09838073726687824
real_1m_to_60m,stackexchange,113,4.848523616790772,,,,,,,,,observed test experiment; 256 recipes,3.228423595428467,0.09932732244932611
real_1m_to_60m,stackexchange,114,4.699774265289307,,,,,,,,,observed test experiment; 256 recipes,3.107313871383667,0.10105545016597262
real_1m_to_60m,stackexchange,115,4.664981842041016,,,,,,,,,observed test experiment; 256 recipes,3.1076409816741943,0.09921491075451806
real_1m_to_60m,stackexchange,116,5.727683544158936,,,,,,,,,observed test experiment; 256 recipes,4.039799690246582,0.0852678778070442
real_1m_to_60m,stackexchange,117,3.996776580810547,,,,,,,,,observed test experiment; 256 recipes,2.6262338161468506,0.10256522484857714
real_1m_to_60m,stackexchange,118,6.937975883483887,,,,,,,,,observed test experiment; 256 recipes,4.94999361038208,0.08246100973152226
real_1m_to_60m,stackexchange,119,5.171910762786865,,,,,,,,,observed test experiment; 256 recipes,3.5289745330810547,0.09335679321698044
real_1m_to_60m,stackexchange,120,5.799091815948486,,,,,,,,,observed test experiment; 256 recipes,4.1121745109558105,0.0839571144840507
real_1m_to_60m,stackexchange,121,5.004249572753906,,,,,,,,,observed test experiment; 256 recipes,3.382718086242676,0.0956460567028114
real_1m_to_60m,stackexchange,122,5.068046569824219,,,,,,,,,observed test experiment; 256 recipes,3.4683635234832764,0.09263328232285137
real_1m_to_60m,stackexchange,123,4.447564601898193,,,,,,,,,observed test experiment; 256 recipes,2.936922311782837,0.10135797299785497
real_1m_to_60m,stackexchange,124,5.735607624053955,,,,,,,,,observed test experiment; 256 recipes,4.081881523132324,0.08307450684574452
real_1m_to_60m,stackexchange,125,4.865415096282959,,,,,,,,,observed test experiment; 256 recipes,3.2509865760803223,0.09847571856761006
real_1m_to_60m,stackexchange,126,5.0207200050354,,,,,,,,,observed test experiment; 256 recipes,3.404587745666504,0.09487464617784125
real_1m_to_60m,stackexchange,127,5.465789794921875,,,,,,,,,observed test experiment; 256 recipes,3.796463251113892,0.08901027122665923
real_1m_to_60m,stackexchange,128,4.754766941070557,,,,,,,,,observed test experiment; 256 recipes,3.1787569522857666,0.09834479007991574
real_1m_to_60m,stackexchange,129,5.10968017578125,,,,,,,,,observed test experiment; 256 recipes,3.507540702819824,0.09188813281155693
real_1m_to_60m,stackexchange,130,4.9769439697265625,,,,,,,,,observed test experiment; 256 recipes,3.312837839126587,0.09940806410032776
real_1m_to_60m,stackexchange,131,5.674116611480713,,,,,,,,,observed test experiment; 256 recipes,3.986196756362915,0.08623536692629816
real_1m_to_60m,stackexchange,132,4.261429309844971,,,,,,,,,observed test experiment; 256 recipes,2.782623767852783,0.10409733042378391
real_1m_to_60m,stackexchange,133,4.982475757598877,,,,,,,,,observed test experiment; 256 recipes,3.358891010284424,0.09630748916206065
real_1m_to_60m,stackexchange,134,5.965469837188721,,,,,,,,,observed test experiment; 256 recipes,4.221546649932861,0.08445460493924822
real_1m_to_60m,stackexchange,135,5.119602203369141,,,,,,,,,observed test experiment; 256 recipes,3.491114616394043,0.09350841777239866
real_1m_to_60m,stackexchange,136,6.624621868133545,,,,,,,,,observed test experiment; 256 recipes,4.63305139541626,0.0873345143756548
real_1m_to_60m,stackexchange,137,4.466028213500977,,,,,,,,,observed test experiment; 256 recipes,2.9249279499053955,0.10336932236528563
real_1m_to_60m,stackexchange,138,4.919998645782471,,,,,,,,,observed test experiment; 256 recipes,3.285759210586548,0.09860198856102995
real_1m_to_60m,stackexchange,139,5.079064846038818,,,,,,,,,observed test experiment; 256 recipes,3.430755615234375,0.09582647975852682
real_1m_to_60m,stackexchange,140,5.754541873931885,,,,,,,,,observed test experiment; 256 recipes,4.096928596496582,0.08298076988708472
real_1m_to_60m,stackexchange,141,4.633816242218018,,,,,,,,,observed test experiment; 256 recipes,3.0454888343811035,0.10251197464657547
real_1m_to_60m,stackexchange,142,5.744140625,,,,,,,,,observed test experiment; 256 recipes,4.01820707321167,0.08727758659046342
real_1m_to_60m,stackexchange,143,4.567550659179688,,,,,,,,,observed test experiment; 256 recipes,3.0440073013305664,0.09911287525380363
real_1m_to_60m,stackexchange,144,6.64104700088501,,,,,,,,,observed test experiment; 256 recipes,4.711812973022461,0.08382217782862644
real_1m_to_60m,stackexchange,145,5.069773197174072,,,,,,,,,observed test experiment; 256 recipes,3.4687840938568115,0.09268686336144738
real_1m_to_60m,stackexchange,146,6.398065567016602,,,,,,,,,observed test experiment; 256 recipes,4.590493202209473,0.08108946736563077
real_1m_to_60m,stackexchange,147,4.149660110473633,,,,,,,,,observed test experiment; 256 recipes,2.732127904891968,0.10207877366529654
real_1m_to_60m,stackexchange,148,4.81911563873291,,,,,,,,,observed test experiment; 256 recipes,3.2094531059265137,0.0992808194249992
real_1m_to_60m,stackexchange,149,4.511900424957275,,,,,,,,,observed test experiment; 256 recipes,2.955785036087036,0.10330204489671867
real_1m_to_60m,stackexchange,150,4.855601787567139,,,,,,,,,observed test experiment; 256 recipes,3.2417314052581787,0.0986789139595325
real_1m_to_60m,stackexchange,151,4.172466278076172,,,,,,,,,observed test experiment; 256 recipes,2.716892004013061,0.10478324592546628
real_1m_to_60m,stackexchange,152,4.480552673339844,,,,,,,,,observed test experiment; 256 recipes,2.9704911708831787,0.10038702913582066
real_1m_to_60m,stackexchange,153,5.132405757904053,,,,,,,,,observed test experiment; 256 recipes,3.51235580444336,0.09263693381106462
real_1m_to_60m,stackexchange,154,4.589841842651367,,,,,,,,,observed test experiment; 256 recipes,3.010460376739502,0.10300856314912772
real_1m_to_60m,stackexchange,155,5.129754543304443,,,,,,,,,observed test experiment; 256 recipes,3.525315523147583,0.0916112121628777
real_1m_to_60m,stackexchange,156,4.715267658233643,,,,,,,,,observed test experiment; 256 recipes,3.1082136631011963,0.10178857670977672
real_1m_to_60m,stackexchange,157,5.455173969268799,,,,,,,,,observed test experiment; 256 recipes,3.793445348739624,0.08872966987146759
real_1m_to_60m,stackexchange,158,5.553700923919678,,,,,,,,,observed test experiment; 256 recipes,3.8495373725891113,0.08951654043205472
real_1m_to_60m,stackexchange,159,5.016618728637695,,,,,,,,,observed test experiment; 256 recipes,3.3822598457336426,0.09628209380981854
real_1m_to_60m,stackexchange,160,5.338701248168945,,,,,,,,,observed test experiment; 256 recipes,3.7045533657073975,0.0892498673401778
real_1m_to_60m,stackexchange,161,5.916885852813721,,,,,,,,,observed test experiment; 256 recipes,4.172334671020508,0.08532123140044551
real_1m_to_60m,stackexchange,162,4.942712306976318,,,,,,,,,observed test experiment; 256 recipes,3.3240349292755127,0.09689825547151781
real_1m_to_60m,stackexchange,163,4.144168853759766,,,,,,,,,observed test experiment; 256 recipes,2.7119903564453125,0.10356222590893949
real_1m_to_60m,stackexchange,164,5.769820213317871,,,,,,,,,observed test experiment; 256 recipes,4.037591934204102,0.08719160231091394
real_1m_to_60m,stackexchange,165,5.533151149749756,,,,,,,,,observed test experiment; 256 recipes,3.825993537902832,0.09010948975605268
real_1m_to_60m,stackexchange,166,5.319344997406006,,,,,,,,,observed test experiment; 256 recipes,3.6968841552734375,0.08886888359887861
real_1m_to_60m,stackexchange,167,5.132421970367432,,,,,,,,,observed test experiment; 256 recipes,3.51806902885437,0.09224074653920003
real_1m_to_60m,stackexchange,168,4.103747367858887,,,,,,,,,observed test experiment; 256 recipes,2.690692901611328,0.10309386455707353
real_1m_to_60m,stackexchange,169,4.749551296234131,,,,,,,,,observed test experiment; 256 recipes,3.16965651512146,0.09877696327718069
real_1m_to_60m,stackexchange,170,5.029777526855469,,,,,,,,,observed test experiment; 256 recipes,3.4126522541046143,0.09473701391814077
real_1m_to_60m,stackexchange,171,4.079287528991699,,,,,,,,,observed test experiment; 256 recipes,2.692201375961304,0.10149686409761459
real_1m_to_60m,stackexchange,172,4.315379619598389,,,,,,,,,observed test experiment; 256 recipes,2.825608253479004,0.10342599128478192
real_1m_to_60m,stackexchange,173,5.183269023895264,,,,,,,,,observed test experiment; 256 recipes,3.4832639694213867,0.09707687284609848
real_1m_to_60m,stackexchange,174,4.988384246826172,,,,,,,,,observed test experiment; 256 recipes,3.3066720962524414,0.10042383541748877
real_1m_to_60m,stackexchange,175,4.812682151794434,,,,,,,,,observed test experiment; 256 recipes,3.196226119995117,0.09996319705456494
real_1m_to_60m,stackexchange,176,5.125351428985596,,,,,,,,,observed test experiment; 256 recipes,3.513855457305908,0.0921967442911654
real_1m_to_60m,stackexchange,177,6.066365718841553,,,,,,,,,observed test experiment; 256 recipes,4.239070415496826,0.08753921131310508
real_1m_to_60m,stackexchange,178,5.235332012176514,,,,,,,,,observed test experiment; 256 recipes,3.592289447784424,0.0919904345571294
real_1m_to_60m,stackexchange,179,6.005456924438477,,,,,,,,,observed test experiment; 256 recipes,4.113364219665527,0.09242683387699124
real_1m_to_60m,stackexchange,180,6.133123874664307,,,,,,,,,observed test experiment; 256 recipes,4.50609302520752,0.07529257327269255
real_1m_to_60m,stackexchange,181,5.400056838989258,,,,,,,,,observed test experiment; 256 recipes,3.756017446517944,0.0886711578442464
real_1m_to_60m,stackexchange,182,4.74761962890625,,,,,,,,,observed test experiment; 256 recipes,3.134235143661499,0.10142238504025165
real_1m_to_60m,stackexchange,183,4.697432041168213,,,,,,,,,observed test experiment; 256 recipes,3.215147018432617,0.09260161031096374
real_1m_to_60m,stackexchange,184,5.207158088684082,,,,,,,,,observed test experiment; 256 recipes,3.603524923324585,0.08990980537796806
real_1m_to_60m,stackexchange,185,4.994338035583496,,,,,,,,,observed test experiment; 256 recipes,3.474506139755249,0.08862286051753944
real_1m_to_60m,stackexchange,186,4.509804725646973,,,,,,,,,observed test experiment; 256 recipes,2.974930047988892,0.10161170432333827
real_1m_to_60m,stackexchange,187,5.28550910949707,,,,,,,,,observed test experiment; 256 recipes,3.680762767791748,0.08837774536442827
real_1m_to_60m,stackexchange,188,5.112442493438721,,,,,,,,,observed test experiment; 256 recipes,3.436966896057129,0.09698448698235193
real_1m_to_60m,stackexchange,189,5.659651756286621,,,,,,,,,observed test experiment; 256 recipes,3.954332828521729,0.08757212817948373
real_1m_to_60m,stackexchange,190,4.286021709442139,,,,,,,,,observed test experiment; 256 recipes,2.82129454612732,0.10213188395783568
real_1m_to_60m,stackexchange,191,5.5346550941467285,,,,,,,,,observed test experiment; 256 recipes,3.826357364654541,0.09015264203854381
real_1m_to_60m,stackexchange,192,4.426613807678223,,,,,,,,,observed test experiment; 256 recipes,2.9224777221679688,0.10140893529978515
real_1m_to_60m,stackexchange,193,5.137670993804932,,,,,,,,,observed test experiment; 256 recipes,3.485272169113159,0.09477798420902599
real_1m_to_60m,stackexchange,194,4.418045997619629,,,,,,,,,observed test experiment; 256 recipes,2.9562828540802,0.09812677551268728
real_1m_to_60m,stackexchange,195,5.976083755493164,,,,,,,,,observed test experiment; 256 recipes,4.177358150482178,0.08745879402413366
real_1m_to_60m,stackexchange,196,5.168806076049805,,,,,,,,,observed test experiment; 256 recipes,3.513823747634888,0.09426097183642616
real_1m_to_60m,stackexchange,197,5.376659870147705,,,,,,,,,observed test experiment; 256 recipes,3.739646434783936,0.08867750700270505
real_1m_to_60m,stackexchange,198,4.332254886627197,,,,,,,,,observed test experiment; 256 recipes,2.8376591205596924,0.10333978982648907
real_1m_to_60m,stackexchange,199,4.6035566329956055,,,,,,,,,observed test experiment; 256 recipes,3.085389375686645,0.09773269312703445
real_1m_to_60m,stackexchange,200,4.7637619972229,,,,,,,,,observed test experiment; 256 recipes,3.1784465312957764,0.0988302572571135
real_1m_to_60m,stackexchange,201,5.282412528991699,,,,,,,,,observed test experiment; 256 recipes,3.612104654312134,0.09283349184687616
real_1m_to_60m,stackexchange,202,6.198009014129639,,,,,,,,,observed test experiment; 256 recipes,4.420742511749268,0.08253346476476367
real_1m_to_60m,stackexchange,203,4.5199384689331055,,,,,,,,,observed test experiment; 256 recipes,3.008284568786621,0.09943676427291041
real_1m_to_60m,stackexchange,204,4.5668158531188965,,,,,,,,,observed test experiment; 256 recipes,3.0407402515411377,0.09933585619024976
real_1m_to_60m,stackexchange,205,6.128687381744385,,,,,,,,,observed test experiment; 256 recipes,4.270161151885986,0.08825076255546606
real_1m_to_60m,stackexchange,206,5.587605953216553,,,,,,,,,observed test experiment; 256 recipes,3.931979179382324,0.08582766053645971
real_1m_to_60m,stackexchange,207,4.842450141906738,,,,,,,,,observed test experiment; 256 recipes,3.190443754196167,0.10191150230359067
real_1m_to_60m,stackexchange,208,5.038978576660156,,,,,,,,,observed test experiment; 256 recipes,3.4170069694519043,0.0948719335923992
real_1m_to_60m,stackexchange,209,5.111302375793457,,,,,,,,,observed test experiment; 256 recipes,3.446277618408203,0.09626926518839432
real_1m_to_60m,stackexchange,210,5.827737331390381,,,,,,,,,observed test experiment; 256 recipes,4.049542427062988,0.0889092058350665
real_1m_to_60m,stackexchange,211,4.083533763885498,,,,,,,,,observed test experiment; 256 recipes,2.67598819732666,0.10322629032253874
real_1m_to_60m,stackexchange,212,4.778833389282227,,,,,,,,,observed test experiment; 256 recipes,3.2240116596221924,0.09612527933811502
real_1m_to_60m,stackexchange,213,6.450779914855957,,,,,,,,,observed test experiment; 256 recipes,4.660774230957031,0.07938253785704205
real_1m_to_60m,stackexchange,214,5.442145347595215,,,,,,,,,observed test experiment; 256 recipes,3.723002433776856,0.09272373004257527
real_1m_to_60m,stackexchange,215,6.255648136138916,,,,,,,,,observed test experiment; 256 recipes,4.540182590484619,0.07828298843784329
real_1m_to_60m,stackexchange,216,4.590068340301514,,,,,,,,,observed test experiment; 256 recipes,2.99955153465271,0.10390725973507199
real_1m_to_60m,stackexchange,217,5.778188228607178,,,,,,,,,observed test experiment; 256 recipes,4.133081436157227,0.08183652694002695
real_1m_to_60m,stackexchange,218,6.481794357299805,,,,,,,,,observed test experiment; 256 recipes,4.459149360656738,0.09135512456454821
real_1m_to_60m,stackexchange,219,4.458393096923828,,,,,,,,,observed test experiment; 256 recipes,2.9255125522613525,0.10290260276434586
real_1m_to_60m,stackexchange,220,5.628263473510742,,,,,,,,,observed test experiment; 256 recipes,3.922110557556152,0.08821217437421681
real_1m_to_60m,stackexchange,221,5.782218456268311,,,,,,,,,observed test experiment; 256 recipes,4.050487041473389,0.08693706368814129
real_1m_to_60m,stackexchange,222,4.951589584350586,,,,,,,,,observed test experiment; 256 recipes,3.340447902679444,0.0961335194446141
real_1m_to_60m,stackexchange,223,5.079190254211426,,,,,,,,,observed test experiment; 256 recipes,3.4716899394989014,0.09293559803150547
real_1m_to_60m,stackexchange,224,6.017526149749756,,,,,,,,,observed test experiment; 256 recipes,4.149305820465088,0.09079235578718352
real_1m_to_60m,stackexchange,225,4.365369319915772,,,,,,,,,observed test experiment; 256 recipes,2.858262777328491,0.1034326175746895
real_1m_to_60m,stackexchange,226,4.989132404327393,,,,,,,,,observed test experiment; 256 recipes,3.309190511703491,0.10027451780311324
real_1m_to_60m,stackexchange,227,4.411793231964111,,,,,,,,,observed test experiment; 256 recipes,2.886146783828736,0.10364514007460769
real_1m_to_60m,stackexchange,228,5.136501312255859,,,,,,,,,observed test experiment; 256 recipes,3.4697160720825195,0.09581494575879236
real_1m_to_60m,stackexchange,229,5.633186340332031,,,,,,,,,observed test experiment; 256 recipes,3.989827156066896,0.08424482198906803
real_1m_to_60m,stackexchange,230,5.042686462402344,,,,,,,,,observed test experiment; 256 recipes,3.470611572265625,0.09124980533802952
real_1m_to_60m,stackexchange,231,5.25019645690918,,,,,,,,,observed test experiment; 256 recipes,3.5512073040008545,0.09549217439323465
real_1m_to_60m,stackexchange,232,5.383312225341797,,,,,,,,,observed test experiment; 256 recipes,3.7145068645477295,0.09062693838192323
real_1m_to_60m,stackexchange,233,5.238819599151611,,,,,,,,,observed test experiment; 256 recipes,3.562282085418701,0.09420184965846064
real_1m_to_60m,stackexchange,234,6.56582498550415,,,,,,,,,observed test experiment; 256 recipes,4.508192539215088,0.09182955965790829
real_1m_to_60m,stackexchange,235,6.323254108428955,,,,,,,,,observed test experiment; 256 recipes,4.397124290466309,0.08872805006906703
real_1m_to_60m,stackexchange,236,5.269236564636231,,,,,,,,,observed test experiment; 256 recipes,3.632954597473145,0.09081776731464807
real_1m_to_60m,stackexchange,237,4.944849491119385,,,,,,,,,observed test experiment; 256 recipes,3.309669017791748,0.09806168781524287
real_1m_to_60m,stackexchange,238,6.609991073608398,,,,,,,,,observed test experiment; 256 recipes,4.736227989196777,0.08141505003440046
real_1m_to_60m,stackexchange,239,4.6136474609375,,,,,,,,,observed test experiment; 256 recipes,3.09511661529541,0.09749867416982083
real_1m_to_60m,stackexchange,240,4.1085309982299805,,,,,,,,,observed test experiment; 256 recipes,2.6941380500793457,0.10306587944441212
real_1m_to_60m,stackexchange,241,4.89468240737915,,,,,,,,,observed test experiment; 256 recipes,3.27839469909668,0.0978900298149279
real_1m_to_60m,stackexchange,242,4.221693515777588,,,,,,,,,observed test experiment; 256 recipes,2.7729332447052,0.10266128196653485
real_1m_to_60m,stackexchange,243,4.587838172912598,,,,,,,,,observed test experiment; 256 recipes,3.07888126373291,0.09741305740799254
real_1m_to_60m,stackexchange,244,4.450036525726318,,,,,,,,,observed test experiment; 256 recipes,2.9179461002349854,0.10307689528922756
real_1m_to_60m,stackexchange,245,4.632052421569824,,,,,,,,,observed test experiment; 256 recipes,3.069042205810547,0.10053734446918505
real_1m_to_60m,stackexchange,246,4.096575736999512,,,,,,,,,observed test experiment; 256 recipes,2.677828550338745,0.10383718529335766
real_1m_to_60m,stackexchange,247,5.007435321807861,,,,,,,,,observed test experiment; 256 recipes,3.394101142883301,0.09498099132510704
real_1m_to_60m,stackexchange,248,4.416360855102539,,,,,,,,,observed test experiment; 256 recipes,2.943117618560791,0.0991237012079214
real_1m_to_60m,stackexchange,249,4.329113960266113,,,,,,,,,observed test experiment; 256 recipes,2.844285011291504,0.10259301939957131
real_1m_to_60m,stackexchange,250,4.873039245605469,,,,,,,,,observed test experiment; 256 recipes,3.246377468109131,0.09920466190695382
real_1m_to_60m,stackexchange,251,5.576383590698242,,,,,,,,,observed test experiment; 256 recipes,3.862782001495361,0.08967315989766268
real_1m_to_60m,stackexchange,252,5.078932762145996,,,,,,,,,observed test experiment; 256 recipes,3.422072649002075,0.09643906175923876
real_1m_to_60m,stackexchange,253,4.880375385284424,,,,,,,,,observed test experiment; 256 recipes,3.280216693878174,0.09703937923690625
real_1m_to_60m,stackexchange,254,4.350292205810547,,,,,,,,,observed test experiment; 256 recipes,2.897066831588745,0.09929409277956909
real_1m_to_60m,stackexchange,255,6.621979713439941,,,,,,,,,observed test experiment; 256 recipes,4.676738262176514,0.08494484426177157
real_1m_to_60m,stackexchange,256,4.856042385101318,,,,,,,,,observed test experiment; 256 recipes,3.26613450050354,0.0968693768590976
estimated,ubuntu_irc,1,7.224245071411133,2.094,1.5981,0.13445394824633944,0.13522709208620295,0.000773143839863516,0.9999771138677532,0.0031421247716231213,3.0,estimated A12-A15; shared 63 recipes; not independent experiment,,
estimated,ubuntu_irc,2,5.278083324432373,1.767,1.3911,0.11880992314582972,0.11952655791314226,0.0007166347673125406,0.9999748277997901,0.002912466915569794,3.0,estimated A12-A15; shared 63 recipes; not independent experiment,,
estimated,ubuntu_irc,3,7.476072311401367,2.431,1.9047,0.12197213363609989,0.12256654183038439,0.0005944081942844959,0.9999835422419524,0.0024157273400080208,3.0,estimated A12-A15; shared 63 recipes; not independent experiment,,
estimated,ubuntu_irc,4,7.491352558135986,2.5813,2.0425,0.11568043873046831,0.1164884934131634,0.0008080546826950974,0.9999662849965731,0.0032840055167102622,3.0,estimated A12-A15; shared 63 recipes; not independent experiment,,
estimated,ubuntu_irc,5,7.100966453552246,2.7498,2.2191,0.10300408833184396,0.10425807349251273,0.001253985160668769,0.9998983198214723,0.005096306318990694,3.0,estimated A12-A15; shared 63 recipes; not independent experiment,,
estimated,ubuntu_irc,6,5.313143730163574,1.6405,1.2713,0.12759383244977915,0.12819214645425653,0.0005983140044773794,0.9999847583782764,0.0024316008972008374,3.0,estimated A12-A15; shared 63 recipes; not independent experiment,,
estimated,ubuntu_irc,7,5.869746685028076,2.3015,1.8487,0.1016520949989401,0.10355887824368898,0.001906783244748883,0.9997607847230712,0.00774933532225941,3.0,estimated A12-A15; shared 63 recipes; not independent experiment,,
estimated,ubuntu_irc,8,7.332483768463135,2.1604,1.65,0.13267923541736387,0.13369536812567764,0.0010161327083137717,0.9999595093863046,0.004129652969378788,3.0,estimated A12-A15; shared 63 recipes; not independent experiment,,
estimated,ubuntu_irc,9,8.405691146850586,2.214,1.6569,0.1448489529977525,0.1455650896567408,0.0007161366589883145,0.9999830628150549,0.0029104425593974295,3.0,estimated A12-A15; shared 63 recipes; not independent experiment,,
estimated,ubuntu_irc,10,7.628385543823242,2.6158,2.0588,0.1162070247569841,0.11740081835145456,0.0011937935944704575,0.9999274076386662,0.004851682483886982,3.0,estimated A12-A15; shared 63 recipes; not independent experiment,,
estimated,ubuntu_irc,11,8.171777725219727,2.2971,1.7446,0.13778416084215422,0.13841219960957374,0.0006280387674195143,0.9999855959461211,0.002552404956103434,3.0,estimated A12-A15; shared 63 recipes; not independent experiment,,
estimated,ubuntu_irc,12,7.836051940917969,2.2451,1.7057,0.13571540403984766,0.1366731180892873,0.0009577140494396452,0.9999655941525238,0.0038922343860453754,3.0,estimated A12-A15; shared 63 recipes; not independent experiment,,
estimated,ubuntu_irc,13,7.0256781578063965,2.2652,1.7691,0.12289542454545545,0.1236168729079179,0.0007214483624624485,0.9999761512149704,0.00293202979091233,3.0,estimated A12-A15; shared 63 recipes; not independent experiment,,
estimated,ubuntu_irc,14,5.373387336730957,2.1723,1.7666,0.09833208632493814,0.09971107238888237,0.0013789860639442236,0.9998654192010594,0.005604321017428223,3.0,estimated A12-A15; shared 63 recipes; not independent experiment,,
estimated,ubuntu_irc,15,7.151707649230957,2.61,2.0884,0.10944231138110194,0.11033751307175566,0.000895201690653713,0.9999538449301779,0.0036381786451259134,3.0,estimated A12-A15; shared 63 recipes; not independent experiment,,
estimated,ubuntu_irc,16,5.00335693359375,2.0405,1.6659,0.09738122173409408,0.09857644858968256,0.0011952268555884826,0.999896664122736,0.004857507383512094,3.0,estimated A12-A15; shared 63 recipes; not independent experiment,,
estimated,ubuntu_irc,17,5.351980686187744,1.9599,1.5683,0.10907015615123034,0.1100257189131647,0.0009555627619343698,0.9999470936999798,0.0038834913638383104,3.0,estimated A12-A15; shared 63 recipes; not independent experiment,,
estimated,ubuntu_irc,18,5.025073528289795,1.9829,1.6137,0.1009604020216495,0.10181829506490614,0.0008578930432566328,0.9999502122485507,0.003486553010751257,3.0,estimated A12-A15; shared 63 recipes; not independent experiment,,
estimated,ubuntu_irc,19,5.317441940307617,2.0772,1.677,0.10205611068377947,0.10343850421870436,0.0013823935349248917,0.9998743607176733,0.005618169280099305,3.0,estimated A12-A15; shared 63 recipes; not independent experiment,,
estimated,ubuntu_irc,20,5.458584308624268,1.8989,1.4992,0.11464448198523294,0.11583263006365509,0.0011881480784221438,0.9999261283558588,0.004828738608621425,3.0,estimated A12-A15; shared 63 recipes; not independent experiment,,
estimated,ubuntu_irc,21,5.166763305664063,1.6741,1.3057,0.12235929253967821,0.12329475224487972,0.0009354597052015079,0.9999596499883825,0.0038017907677928534,3.0,estimated A12-A15; shared 63 recipes; not independent experiment,,
estimated,ubuntu_irc,22,7.594740867614746,2.712,2.1567,0.11180581878468732,0.11284048691839658,0.0010346681337092684,0.9999410098535793,0.004204982573373336,3.0,estimated A12-A15; shared 63 recipes; not independent experiment,,
estimated,ubuntu_irc,23,4.856312274932861,1.6982,1.3479,0.11407944220307123,0.11488909562762327,0.0008096534245520398,0.9999652000849654,0.003290502944657387,3.0,estimated A12-A15; shared 63 recipes; not independent experiment,,
estimated,ubuntu_irc,24,7.689416885375977,2.1805,1.6579,0.13683432900341114,0.13752767642115762,0.0006933474177464871,0.9999822123579145,0.0028178250725335906,3.0,estimated A12-A15; shared 63 recipes; not independent experiment,,
estimated,ubuntu_irc,25,5.450659275054932,1.8582,1.469,0.1168391447625885,0.11752646371606806,0.0006873189534795654,0.9999760525204205,0.0027933248619242796,3.0,estimated A12-A15; shared 63 recipes; not independent experiment,,
estimated,ubuntu_irc,26,5.740989685058594,2.0306,1.5981,0.1128405961788363,0.11462777646029577,0.00178718028145948,0.9998287723813448,0.007263258328129095,3.0,estimated A12-A15; shared 63 recipes; not independent experiment,,
estimated,ubuntu_irc,27,6.157212257385254,2.3167,1.8609,0.10612858165066219,0.10725502045433395,0.0011264388036717615,0.999922545994207,0.00457794667207017,3.0,estimated A12-A15; shared 63 recipes; not independent experiment,,
estimated,ubuntu_irc,28,7.238473415374756,2.4732,1.9588,0.11659693647152877,0.11716107366221676,0.0005641371906879855,0.9999837767303997,0.002292703310897006,3.0,estimated A12-A15; shared 63 recipes; not independent experiment,,
estimated,ubuntu_irc,29,8.297920227050781,2.2647,1.7033,0.14098964382128282,0.14193275415246392,0.0009431103311811073,0.9999690693602399,0.0038328835867090525,3.0,estimated A12-A15; shared 63 recipes; not independent experiment,,
estimated,ubuntu_irc,30,6.341269493103027,2.0278,1.5792,0.12378777290821459,0.12460822671489076,0.0008204538066761691,0.9999696311949055,0.00333439665041492,3.0,estimated A12-A15; shared 63 recipes; not independent experiment,,
estimated,ubuntu_irc,31,7.735177040100098,2.6725,2.1075,0.11538813606316284,0.11655134120568289,0.0011632051425200518,0.9999300798436362,0.004727368316660255,3.0,estimated A12-A15; shared 63 recipes; not independent experiment,,
estimated,ubuntu_irc,32,7.933407306671143,1.996,1.4867,0.14982480372229787,0.1500973570414379,0.00027255331914002867,0.9999976970757568,0.0011076807335220983,3.0,estimated A12-A15; shared 63 recipes; not independent experiment,,
estimated,ubuntu_irc,33,7.391046047210693,2.1999,1.6974,0.13157574207117773,0.13186971757489338,0.0002939755037156544,0.9999965280996388,0.0011947423814932581,3.0,estimated A12-A15; shared 63 recipes; not independent experiment,,
estimated,ubuntu_irc,34,5.430849552154541,1.7794,1.3904,0.12114854642631749,0.12212921347432297,0.000980667048005479,0.9999547930073396,0.0039855173971206385,3.0,estimated A12-A15; shared 63 recipes; not independent experiment,,
estimated,ubuntu_irc,35,5.710831165313721,1.9569,1.5522,0.11628267191379023,0.11676784187332137,0.0004851699595311426,0.9999879246861273,0.0019717735170201862,3.0,estimated A12-A15; shared 63 recipes; not independent experiment,,
estimated,ubuntu_irc,36,5.130958557128906,1.9838,1.6143,0.1031751552343161,0.10365409656299314,0.00047894132867704053,0.9999850626095851,0.0019464598117420822,3.0,estimated A12-A15; shared 63 recipes; not independent experiment,,
estimated,ubuntu_irc,37,7.577400207519531,2.9153,2.353,0.10370924322537162,0.10482724893410948,0.0011180057087378653,0.9999201183372837,0.004543673830294547,3.0,estimated A12-A15; shared 63 recipes; not independent experiment,,
estimated,ubuntu_irc,38,6.734470844268799,2.2539,1.7689,0.1188422083735064,0.11983249674707627,0.0009902883735698753,0.9999521106890228,0.004024619313003531,3.0,estimated A12-A15; shared 63 recipes; not independent experiment,,
estimated,ubuntu_irc,39,7.238756656646728,2.6107,2.0816,0.11072675203581012,0.1117142921823895,0.0009875401465793826,0.9999451835402807,0.004013450276066694,3.0,estimated A12-A15; shared 63 recipes; not independent experiment,,
estimated,ubuntu_irc,40,7.658815860748291,2.5401,2.0037,0.11982770337747688,0.12018929751421793,0.0003615941367410558,0.9999936735838835,0.0014695504713953943,3.0,estimated A12-A15; shared 63 recipes; not independent experiment,,
estimated,ubuntu_irc,41,5.807758808135986,2.0148,1.603,0.11494415748925231,0.11538983219148503,0.00044567470223272343,0.9999895677303088,0.0018112613071047624,3.0,estimated A12-A15; shared 63 recipes; not independent experiment,,
estimated,ubuntu_irc,42,7.312902450561523,2.6642,2.1206,0.10963073907179617,0.11096391006767721,0.001333170995881039,0.9998985445041437,0.005418124539033829,3.0,estimated A12-A15; shared 63 recipes; not independent experiment,,
estimated,ubuntu_irc,43,7.241580486297607,2.7305,2.1918,0.10589779528059405,0.10712527076064098,0.0012274754800469245,0.9999077511609037,0.0049885686382709574,3.0,estimated A12-A15; shared 63 recipes; not independent experiment,,
estimated,ubuntu_irc,44,7.266517639160156,2.5587,2.032,0.11332674074771328,0.11421907749613054,0.0008923367484172662,0.999957211852591,0.003626535267132885,3.0,estimated A12-A15; shared 63 recipes; not independent experiment,,
estimated,ubuntu_irc,45,7.760351181030273,2.2368,1.7077,0.13506355521737137,0.13569793450707812,0.0006343792897067491,0.999984708529272,0.002578173398037033,3.0,estimated A12-A15; shared 63 recipes; not independent experiment,,
estimated,ubuntu_irc,46,5.420391082763672,2.0618,1.662,0.10494602171280941,0.10596268609046695,0.0010166643776575446,0.999935394362923,0.004131813720495456,3.0,estimated A12-A15; shared 63 recipes; not independent experiment,,
estimated,ubuntu_irc,47,5.861015319824219,1.6397,1.2435,0.13830211497409658,0.13897078271639862,0.0006686677423020371,0.9999838002465735,0.0027175246942968048,3.0,estimated A12-A15; shared 63 recipes; not independent experiment,,
estimated,ubuntu_irc,48,7.667821884155273,2.5387,1.9907,0.12001515827018598,0.12087809055845976,0.0008629322882737767,0.9999642874887005,0.0035070329470609854,3.0,estimated A12-A15; shared 63 recipes; not independent experiment,,
estimated,ubuntu_irc,49,7.840114593505859,2.3648,1.815,0.13013199844917245,0.13115230608159592,0.0010203076324234728,0.999957572759898,0.004146620229270536,3.0,estimated A12-A15; shared 63 recipes; not independent experiment,,
estimated,ubuntu_irc,50,6.783571720123291,2.29,1.8076,0.11790573466282873,0.11854374949456106,0.0006380148317323281,0.9999797235003981,0.002592948561554937,3.0,estimated A12-A15; shared 63 recipes; not independent experiment,,
estimated,ubuntu_irc,51,7.340127944946289,2.1553,1.6473,0.13304897530073964,0.13393556256902178,0.0008865872682821407,0.9999693045839227,0.003603168872647044,3.0,estimated A12-A15; shared 63 recipes; not independent experiment,,
estimated,ubuntu_irc,52,7.7769455909729,2.8968,2.3191,0.10722263718698934,0.10845798791290288,0.0012353507259135477,0.9999088496376312,0.005020574332223745,3.0,estimated A12-A15; shared 63 recipes; not independent experiment,,
estimated,ubuntu_irc,53,7.815812587738037,2.3684,1.8282,0.12962977116273205,0.13022449231031807,0.0005947211475860192,0.9999854081636727,0.002416999209833921,3.0,estimated A12-A15; shared 63 recipes; not independent experiment,,
estimated,ubuntu_irc,54,7.30163049697876,2.5222,1.9905,0.11541008252629538,0.11650077354002208,0.001090691013726705,0.9999384958067542,0.004432664500078704,3.0,estimated A12-A15; shared 63 recipes; not independent experiment,,
estimated,ubuntu_irc,55,7.082707405090332,2.4393,1.9282,0.1157335212932112,0.11662245382144341,0.0008889325282322169,0.9999592745993013,0.0036127002159822346,3.0,estimated A12-A15; shared 63 recipes; not independent experiment,,
estimated,ubuntu_irc,56,5.271421432495117,2.0635,1.6763,0.10183081619483042,0.10269678526007193,0.0008659690652415147,0.9999501344422306,0.003519374676560893,3.0,estimated A12-A15; shared 63 recipes; not independent experiment,,
estimated,ubuntu_irc,57,7.10297155380249,2.1545,1.648,0.12952339424383505,0.13095356642912492,0.0014301721852898741,0.9999162243529383,0.005812345930194712,3.0,estimated A12-A15; shared 63 recipes; not independent experiment,,
estimated,ubuntu_irc,58,7.295760154724121,2.2918,1.7854,0.12572345830069295,0.1261759850484491,0.00045252674775614343,0.9999910063015781,0.001839108624596672,3.0,estimated A12-A15; shared 63 recipes; not independent experiment,,
estimated,ubuntu_irc,59,7.90532922744751,2.2291,1.697,0.13744760237984127,0.13792045352893148,0.00047285114909020876,0.9999917822684544,0.0019217087846282322,3.0,estimated A12-A15; shared 63 recipes; not independent experiment,,
estimated,ubuntu_irc,60,7.068933010101318,2.353,1.8436,0.11943298471054015,0.12046962966387811,0.0010366449533379674,0.9999480649099188,0.004213016542738623,3.0,estimated A12-A15; shared 63 recipes; not independent experiment,,
estimated,ubuntu_irc,61,7.355634689331055,2.766,2.2171,0.10619199412548107,0.10749728199813072,0.0013052878726496492,0.9998963619769086,0.005304805066384365,3.0,estimated A12-A15; shared 63 recipes; not independent experiment,,
estimated,ubuntu_irc,62,5.824794769287109,2.1402,1.7133,0.10870656708043878,0.10968760771613922,0.0009810406357004392,0.9999438815452065,0.003987035690470539,3.0,estimated A12-A15; shared 63 recipes; not independent experiment,,
estimated,ubuntu_irc,63,6.357541561126709,2.3307,1.8526,0.10895070795013125,0.11052563721731766,0.0015749292671864146,0.9998570916798604,0.0064006514814298615,3.0,estimated A12-A15; shared 63 recipes; not independent experiment,,
real_1m_to_60m,ubuntu_irc,1,6.67406177520752,,,,,,,,,observed test experiment; 256 recipes,4.78766393661499,0.08113289802116568
real_1m_to_60m,ubuntu_irc,2,5.07625675201416,,,,,,,,,observed test experiment; 256 recipes,3.627320528030396,0.0820839320834425
real_1m_to_60m,ubuntu_irc,3,7.315047264099121,,,,,,,,,observed test experiment; 256 recipes,5.05939245223999,0.09004788989850308
real_1m_to_60m,ubuntu_irc,4,7.271598815917969,,,,,,,,,observed test experiment; 256 recipes,5.012126445770264,0.0908853458836145
real_1m_to_60m,ubuntu_irc,5,5.248656272888184,,,,,,,,,observed test experiment; 256 recipes,3.682104349136353,0.08657983413077452
real_1m_to_60m,ubuntu_irc,6,5.969555377960205,,,,,,,,,observed test experiment; 256 recipes,4.144277095794678,0.08913369980563629
real_1m_to_60m,ubuntu_irc,7,7.457357406616211,,,,,,,,,observed test experiment; 256 recipes,5.103374004364014,0.0926397913474391
real_1m_to_60m,ubuntu_irc,8,7.211711406707764,,,,,,,,,observed test experiment; 256 recipes,4.9736762046813965,0.09074640336052672
real_1m_to_60m,ubuntu_irc,9,5.665302753448486,,,,,,,,,observed test experiment; 256 recipes,4.091053009033203,0.07951405519564735
real_1m_to_60m,ubuntu_irc,10,6.284662246704102,,,,,,,,,observed test experiment; 256 recipes,4.478034496307373,0.0827795204353812
real_1m_to_60m,ubuntu_irc,11,5.875129699707031,,,,,,,,,observed test experiment; 256 recipes,4.134376525878906,0.08582365103863004
real_1m_to_60m,ubuntu_irc,12,7.085399150848389,,,,,,,,,observed test experiment; 256 recipes,5.015744686126709,0.08437353076122582
real_1m_to_60m,ubuntu_irc,13,7.441464900970459,,,,,,,,,observed test experiment; 256 recipes,4.991369724273682,0.09753877641390973
real_1m_to_60m,ubuntu_irc,14,7.627058029174805,,,,,,,,,observed test experiment; 256 recipes,5.330337524414063,0.08750793308119742
real_1m_to_60m,ubuntu_irc,15,5.456282615661621,,,,,,,,,observed test experiment; 256 recipes,3.791520357131958,0.08890327241191691
real_1m_to_60m,ubuntu_irc,16,7.32139253616333,,,,,,,,,observed test experiment; 256 recipes,5.082982063293457,0.08912352925383822
real_1m_to_60m,ubuntu_irc,17,7.437126159667969,,,,,,,,,observed test experiment; 256 recipes,5.319415092468262,0.08184976813379471
real_1m_to_60m,ubuntu_irc,18,5.997579097747803,,,,,,,,,observed test experiment; 256 recipes,4.226518630981445,0.08547821593112301
real_1m_to_60m,ubuntu_irc,19,7.362194538116455,,,,,,,,,observed test experiment; 256 recipes,5.124964714050293,0.08847189429079089
real_1m_to_60m,ubuntu_irc,20,6.519203186035156,,,,,,,,,observed test experiment; 256 recipes,4.522002696990967,0.08934206242519399
real_1m_to_60m,ubuntu_irc,21,7.462247848510742,,,,,,,,,observed test experiment; 256 recipes,5.067257881164551,0.09453451307596719
real_1m_to_60m,ubuntu_irc,22,5.0413737297058105,,,,,,,,,observed test experiment; 256 recipes,3.521484613418579,0.0876320834852641
real_1m_to_60m,ubuntu_irc,23,4.967207431793213,,,,,,,,,observed test experiment; 256 recipes,3.54373550415039,0.08247385977493697
real_1m_to_60m,ubuntu_irc,24,5.715027809143066,,,,,,,,,observed test experiment; 256 recipes,3.98207426071167,0.08824277077053423
real_1m_to_60m,ubuntu_irc,25,5.810364246368408,,,,,,,,,observed test experiment; 256 recipes,4.0880560874938965,0.08586812461002563
real_1m_to_60m,ubuntu_irc,26,7.771899700164795,,,,,,,,,observed test experiment; 256 recipes,5.638660907745361,0.07836859151958503
real_1m_to_60m,ubuntu_irc,27,4.7232184410095215,,,,,,,,,observed test experiment; 256 recipes,3.32613468170166,0.08564974477508139
real_1m_to_60m,ubuntu_irc,28,5.260054111480713,,,,,,,,,observed test experiment; 256 recipes,3.710779428482056,0.08521495092919608
real_1m_to_60m,ubuntu_irc,29,7.265665531158447,,,,,,,,,observed test experiment; 256 recipes,4.896777153015137,0.0963726012431932
real_1m_to_60m,ubuntu_irc,30,7.610491752624512,,,,,,,,,observed test experiment; 256 recipes,5.4025421142578125,0.08369060765394724
real_1m_to_60m,ubuntu_irc,31,7.033232688903809,,,,,,,,,observed test experiment; 256 recipes,4.892301082611084,0.08865489328406338
real_1m_to_60m,ubuntu_irc,32,5.076182842254639,,,,,,,,,observed test experiment; 256 recipes,3.5528440475463867,0.0871473179196099
real_1m_to_60m,ubuntu_irc,33,5.521758079528809,,,,,,,,,observed test experiment; 256 recipes,3.997135162353516,0.0789182254280272
real_1m_to_60m,ubuntu_irc,34,6.865334987640381,,,,,,,,,observed test experiment; 256 recipes,4.983468532562256,0.0782441947745022
real_1m_to_60m,ubuntu_irc,35,6.22810697555542,,,,,,,,,observed test experiment; 256 recipes,4.3368754386901855,0.08839468223772178
real_1m_to_60m,ubuntu_irc,36,7.498673439025879,,,,,,,,,observed test experiment; 256 recipes,5.170333862304688,0.09080546621515895
real_1m_to_60m,ubuntu_irc,37,7.401644229888916,,,,,,,,,observed test experiment; 256 recipes,5.0882415771484375,0.09153354300438866
real_1m_to_60m,ubuntu_irc,38,7.691286563873291,,,,,,,,,observed test experiment; 256 recipes,5.357301712036133,0.08832369409265631
real_1m_to_60m,ubuntu_irc,39,5.748526096343994,,,,,,,,,observed test experiment; 256 recipes,3.942195653915405,0.09212845780058049
real_1m_to_60m,ubuntu_irc,40,5.452869892120361,,,,,,,,,observed test experiment; 256 recipes,3.767988204956055,0.09027106140705926
real_1m_to_60m,ubuntu_irc,41,6.165627479553223,,,,,,,,,observed test experiment; 256 recipes,4.271018981933594,0.08966941364623025
real_1m_to_60m,ubuntu_irc,42,5.636765480041504,,,,,,,,,observed test experiment; 256 recipes,4.052676677703857,0.08058257644111468
real_1m_to_60m,ubuntu_irc,43,7.35949182510376,,,,,,,,,observed test experiment; 256 recipes,5.205449104309082,0.0845763950734818
real_1m_to_60m,ubuntu_irc,44,5.676756381988525,,,,,,,,,observed test experiment; 256 recipes,4.008034706115723,0.08501458093280752
real_1m_to_60m,ubuntu_irc,45,4.771291732788086,,,,,,,,,observed test experiment; 256 recipes,3.3583874702453613,0.0857661408842212
real_1m_to_60m,ubuntu_irc,46,7.116794109344482,,,,,,,,,observed test experiment; 256 recipes,4.863407611846924,0.09298631460476994
real_1m_to_60m,ubuntu_irc,47,7.3749260902404785,,,,,,,,,observed test experiment; 256 recipes,5.199211120605469,0.08538093672821744
real_1m_to_60m,ubuntu_irc,48,7.333708763122559,,,,,,,,,observed test experiment; 256 recipes,4.882562637329102,0.09935928438270002
real_1m_to_60m,ubuntu_irc,49,7.165298461914063,,,,,,,,,observed test experiment; 256 recipes,5.0714497566223145,0.08441473010305689
real_1m_to_60m,ubuntu_irc,50,5.295520305633545,,,,,,,,,observed test experiment; 256 recipes,3.717664003372192,0.08640350548666405
real_1m_to_60m,ubuntu_irc,51,7.311326503753662,,,,,,,,,observed test experiment; 256 recipes,5.188960075378418,0.08374757182295513
real_1m_to_60m,ubuntu_irc,52,7.749332904815674,,,,,,,,,observed test experiment; 256 recipes,5.324357986450195,0.09166659492301696
real_1m_to_60m,ubuntu_irc,53,4.764752864837647,,,,,,,,,observed test experiment; 256 recipes,3.403697967529297,0.0821580079290989
real_1m_to_60m,ubuntu_irc,54,4.775023460388184,,,,,,,,,observed test experiment; 256 recipes,3.399761915206909,0.08296651092683159
real_1m_to_60m,ubuntu_irc,55,7.531993389129639,,,,,,,,,observed test experiment; 256 recipes,5.019140720367432,0.09913698740076193
real_1m_to_60m,ubuntu_irc,56,7.228853225708008,,,,,,,,,observed test experiment; 256 recipes,4.999767780303955,0.09004834284279714
real_1m_to_60m,ubuntu_irc,57,7.8466949462890625,,,,,,,,,observed test experiment; 256 recipes,5.57124137878418,0.08364574943628508
real_1m_to_60m,ubuntu_irc,58,4.9586029052734375,,,,,,,,,observed test experiment; 256 recipes,3.4336636066436768,0.0897570356134471
real_1m_to_60m,ubuntu_irc,59,5.611100196838379,,,,,,,,,observed test experiment; 256 recipes,4.051595687866211,0.07953312388602381
real_1m_to_60m,ubuntu_irc,60,7.070225715637207,,,,,,,,,observed test experiment; 256 recipes,4.886917591094971,0.09020507296225826
real_1m_to_60m,ubuntu_irc,61,7.292322635650635,,,,,,,,,observed test experiment; 256 recipes,5.0841474533081055,0.08809584518288219
real_1m_to_60m,ubuntu_irc,62,7.162093162536621,,,,,,,,,observed test experiment; 256 recipes,4.860031127929688,0.09470561909901144
real_1m_to_60m,ubuntu_irc,63,4.9399003982543945,,,,,,,,,observed test experiment; 256 recipes,3.602405548095703,0.07711694357583156
real_1m_to_60m,ubuntu_irc,64,5.095205783843994,,,,,,,,,observed test experiment; 256 recipes,3.6047794818878174,0.08451644730378777
real_1m_to_60m,ubuntu_irc,65,7.350086688995361,,,,,,,,,observed test experiment; 256 recipes,5.166206359863281,0.0861123099361595
real_1m_to_60m,ubuntu_irc,66,4.8102707862854,,,,,,,,,observed test experiment; 256 recipes,3.52134108543396,0.07618105098048981
real_1m_to_60m,ubuntu_irc,67,8.19113540649414,,,,,,,,,observed test experiment; 256 recipes,5.769442081451416,0.0856003038694051
real_1m_to_60m,ubuntu_irc,68,5.549402713775635,,,,,,,,,observed test experiment; 256 recipes,3.817108154296875,0.09139367458781067
real_1m_to_60m,ubuntu_irc,69,5.661992073059082,,,,,,,,,observed test experiment; 256 recipes,4.038676261901856,0.08251841074755438
real_1m_to_60m,ubuntu_irc,70,7.027320384979248,,,,,,,,,observed test experiment; 256 recipes,4.765366077423096,0.09487015521365687
real_1m_to_60m,ubuntu_irc,71,6.946491718292236,,,,,,,,,observed test experiment; 256 recipes,4.795347690582275,0.09051278439911695
real_1m_to_60m,ubuntu_irc,72,7.697279930114746,,,,,,,,,observed test experiment; 256 recipes,5.581882953643799,0.07848407464906997
real_1m_to_60m,ubuntu_irc,73,7.543340682983398,,,,,,,,,observed test experiment; 256 recipes,5.337407112121582,0.08448853400626495
real_1m_to_60m,ubuntu_irc,74,6.690323352813721,,,,,,,,,observed test experiment; 256 recipes,4.9272966384887695,0.07470590557594281
real_1m_to_60m,ubuntu_irc,75,6.6920976638793945,,,,,,,,,observed test experiment; 256 recipes,4.719168186187744,0.08531153631725832
real_1m_to_60m,ubuntu_irc,76,7.056936264038086,,,,,,,,,observed test experiment; 256 recipes,4.884373188018799,0.08987275768778269
real_1m_to_60m,ubuntu_irc,77,7.435298442840576,,,,,,,,,observed test experiment; 256 recipes,5.417948722839356,0.07730698654260384
real_1m_to_60m,ubuntu_irc,78,5.613381385803223,,,,,,,,,observed test experiment; 256 recipes,3.962376356124878,0.08507084345673498
real_1m_to_60m,ubuntu_irc,79,7.110379695892334,,,,,,,,,observed test experiment; 256 recipes,4.778100967407227,0.09708818078613089
real_1m_to_60m,ubuntu_irc,80,7.901358604431152,,,,,,,,,observed test experiment; 256 recipes,5.531243801116943,0.08710112337647954
real_1m_to_60m,ubuntu_irc,81,5.660898208618164,,,,,,,,,observed test experiment; 256 recipes,4.045116901397705,0.08208203249740369
real_1m_to_60m,ubuntu_irc,82,5.493325233459473,,,,,,,,,observed test experiment; 256 recipes,3.830910205841065,0.08803151010607896
real_1m_to_60m,ubuntu_irc,83,7.627947330474853,,,,,,,,,observed test experiment; 256 recipes,5.191229820251465,0.09399505791717129
real_1m_to_60m,ubuntu_irc,84,7.152113914489746,,,,,,,,,observed test experiment; 256 recipes,4.890602111816406,0.09283354941229432
real_1m_to_60m,ubuntu_irc,85,6.266475677490234,,,,,,,,,observed test experiment; 256 recipes,4.268784046173096,0.09375983820867648
real_1m_to_60m,ubuntu_irc,86,6.434873104095459,,,,,,,,,observed test experiment; 256 recipes,4.564836502075195,0.0838594354050005
real_1m_to_60m,ubuntu_irc,87,7.958018779754639,,,,,,,,,observed test experiment; 256 recipes,6.663201808929443,0.04337200937593285
real_1m_to_60m,ubuntu_irc,88,7.458131313323975,,,,,,,,,observed test experiment; 256 recipes,5.483257293701172,0.07512937979023439
real_1m_to_60m,ubuntu_irc,89,7.060793399810791,,,,,,,,,observed test experiment; 256 recipes,4.906610488891602,0.0888967804111321
real_1m_to_60m,ubuntu_irc,90,5.873058795928955,,,,,,,,,observed test experiment; 256 recipes,4.118334770202637,0.086687058857398
real_1m_to_60m,ubuntu_irc,91,5.771413326263428,,,,,,,,,observed test experiment; 256 recipes,4.049234390258789,0.0865557759557468
real_1m_to_60m,ubuntu_irc,92,5.664984226226807,,,,,,,,,observed test experiment; 256 recipes,4.002895832061768,0.08482091518391668
real_1m_to_60m,ubuntu_irc,93,4.99713134765625,,,,,,,,,observed test experiment; 256 recipes,3.513512134552002,0.08603278659826653
real_1m_to_60m,ubuntu_irc,94,7.828817367553711,,,,,,,,,observed test experiment; 256 recipes,5.50762939453125,0.08589339782350433
real_1m_to_60m,ubuntu_irc,95,5.932260513305664,,,,,,,,,observed test experiment; 256 recipes,4.234522342681885,0.0823415814383394
real_1m_to_60m,ubuntu_irc,96,7.17277193069458,,,,,,,,,observed test experiment; 256 recipes,4.792741775512695,0.09847474524825256
real_1m_to_60m,ubuntu_irc,97,6.096690654754639,,,,,,,,,observed test experiment; 256 recipes,4.358345985412598,0.08197978431176818
real_1m_to_60m,ubuntu_irc,98,4.884371280670166,,,,,,,,,observed test experiment; 256 recipes,3.501634359359741,0.08128547775448627
real_1m_to_60m,ubuntu_irc,99,4.807442665100098,,,,,,,,,observed test experiment; 256 recipes,3.3842320442199707,0.08573735223272354
real_1m_to_60m,ubuntu_irc,100,7.211332321166992,,,,,,,,,observed test experiment; 256 recipes,5.063516616821289,0.08636119685019795
real_1m_to_60m,ubuntu_irc,101,7.712268352508545,,,,,,,,,observed test experiment; 256 recipes,5.660587787628174,0.07553946975436013
real_1m_to_60m,ubuntu_irc,102,7.922704219818115,,,,,,,,,observed test experiment; 256 recipes,5.611428260803223,0.08424481748605757
real_1m_to_60m,ubuntu_irc,103,7.227148056030273,,,,,,,,,observed test experiment; 256 recipes,5.22542142868042,0.07920902671244284
real_1m_to_60m,ubuntu_irc,104,6.017807960510254,,,,,,,,,observed test experiment; 256 recipes,4.238381862640381,0.08561602505355297
real_1m_to_60m,ubuntu_irc,105,7.489512920379639,,,,,,,,,observed test experiment; 256 recipes,5.1982951164245605,0.08918962476295973
real_1m_to_60m,ubuntu_irc,106,6.932168960571289,,,,,,,,,observed test experiment; 256 recipes,4.798689365386963,0.08983853415738549
real_1m_to_60m,ubuntu_irc,107,7.228273868560791,,,,,,,,,observed test experiment; 256 recipes,5.113150596618652,0.08455187084687225
real_1m_to_60m,ubuntu_irc,108,6.403193950653076,,,,,,,,,observed test experiment; 256 recipes,4.480020046234131,0.08723481725050101
real_1m_to_60m,ubuntu_irc,109,7.239418983459473,,,,,,,,,observed test experiment; 256 recipes,5.265988826751709,0.07773454533117731
real_1m_to_60m,ubuntu_irc,110,7.20215368270874,,,,,,,,,observed test experiment; 256 recipes,5.071235656738281,0.08567808384833994
real_1m_to_60m,ubuntu_irc,111,7.058755874633789,,,,,,,,,observed test experiment; 256 recipes,4.868659019470215,0.0907227676556597
real_1m_to_60m,ubuntu_irc,112,4.779542922973633,,,,,,,,,observed test experiment; 256 recipes,3.386530637741089,0.08414996032506393
real_1m_to_60m,ubuntu_irc,113,6.299064159393311,,,,,,,,,observed test experiment; 256 recipes,4.2761712074279785,0.09460440830818068
real_1m_to_60m,ubuntu_irc,114,4.794958591461182,,,,,,,,,observed test experiment; 256 recipes,3.394144296646118,0.08438796152781512
real_1m_to_60m,ubuntu_irc,115,7.264562606811523,,,,,,,,,observed test experiment; 256 recipes,4.99869966506958,0.0913040591411308
real_1m_to_60m,ubuntu_irc,116,7.436970233917236,,,,,,,,,observed test experiment; 256 recipes,5.267709732055664,0.08423029666774988
real_1m_to_60m,ubuntu_irc,117,7.07266092300415,,,,,,,,,observed test experiment; 256 recipes,4.850607872009277,0.09211065165957898
real_1m_to_60m,ubuntu_irc,118,6.194634914398193,,,,,,,,,observed test experiment; 256 recipes,4.4984893798828125,0.07814240573125705
real_1m_to_60m,ubuntu_irc,119,5.396379470825195,,,,,,,,,observed test experiment; 256 recipes,3.82823657989502,0.08385322264922859
real_1m_to_60m,ubuntu_irc,120,5.435956954956055,,,,,,,,,observed test experiment; 256 recipes,3.921056032180786,0.07978677888302406
real_1m_to_60m,ubuntu_irc,121,7.537386417388916,,,,,,,,,observed test experiment; 256 recipes,5.192177772521973,0.09103344106896794
real_1m_to_60m,ubuntu_irc,122,5.28455924987793,,,,,,,,,observed test experiment; 256 recipes,3.713289737701416,0.08618498237938595
real_1m_to_60m,ubuntu_irc,123,6.019537448883057,,,,,,,,,observed test experiment; 256 recipes,4.217572212219238,0.08688833045034132
real_1m_to_60m,ubuntu_irc,124,7.091471195220947,,,,,,,,,observed test experiment; 256 recipes,5.163188457489014,0.07750654842771751
real_1m_to_60m,ubuntu_irc,125,5.545639514923096,,,,,,,,,observed test experiment; 256 recipes,3.877009868621826,0.08742491903553168
real_1m_to_60m,ubuntu_irc,126,6.312097072601318,,,,,,,,,observed test experiment; 256 recipes,4.357974052429199,0.09048107074418639
real_1m_to_60m,ubuntu_irc,127,4.850398063659668,,,,,,,,,observed test experiment; 256 recipes,3.479584217071533,0.08112359932579953
real_1m_to_60m,ubuntu_irc,128,4.976600170135498,,,,,,,,,observed test experiment; 256 recipes,3.5813772678375244,0.08035462526827833
real_1m_to_60m,ubuntu_irc,129,7.107138633728027,,,,,,,,,observed test experiment; 256 recipes,4.930987358093262,0.08928424837404032
real_1m_to_60m,ubuntu_irc,130,4.992778301239014,,,,,,,,,observed test experiment; 256 recipes,3.4879307746887207,0.08760471035675711
real_1m_to_60m,ubuntu_irc,131,6.868988037109375,,,,,,,,,observed test experiment; 256 recipes,4.9308295249938965,0.0809676748176165
real_1m_to_60m,ubuntu_irc,132,5.740954399108887,,,,,,,,,observed test experiment; 256 recipes,3.993685722351074,0.08863712327144009
real_1m_to_60m,ubuntu_irc,133,6.647067546844482,,,,,,,,,observed test experiment; 256 recipes,4.643649101257324,0.08760261384261876
real_1m_to_60m,ubuntu_irc,134,5.630267143249512,,,,,,,,,observed test experiment; 256 recipes,4.056899547576904,0.08004647932162609
real_1m_to_60m,ubuntu_irc,135,7.464506149291992,,,,,,,,,observed test experiment; 256 recipes,5.233258724212647,0.08673552038784066
real_1m_to_60m,ubuntu_irc,136,7.876951694488525,,,,,,,,,observed test experiment; 256 recipes,5.445401668548584,0.09016570555400961
real_1m_to_60m,ubuntu_irc,137,6.130125522613525,,,,,,,,,observed test experiment; 256 recipes,4.257528781890869,0.08903166969935232
real_1m_to_60m,ubuntu_irc,138,7.431379795074463,,,,,,,,,observed test experiment; 256 recipes,5.137997150421143,0.09013608838557571
real_1m_to_60m,ubuntu_irc,139,7.017121315002441,,,,,,,,,observed test experiment; 256 recipes,4.998013496398926,0.0828734677609133
real_1m_to_60m,ubuntu_irc,140,4.798337936401367,,,,,,,,,observed test experiment; 256 recipes,3.40191388130188,0.08400158070708055
real_1m_to_60m,ubuntu_irc,141,6.864109516143799,,,,,,,,,observed test experiment; 256 recipes,4.737147808074951,0.09058130922537708
real_1m_to_60m,ubuntu_irc,142,7.088576316833496,,,,,,,,,observed test experiment; 256 recipes,4.903335571289063,0.09001900324808011
real_1m_to_60m,ubuntu_irc,143,4.948129653930664,,,,,,,,,observed test experiment; 256 recipes,3.4849724769592285,0.08561798000911783
real_1m_to_60m,ubuntu_irc,144,7.237038612365723,,,,,,,,,observed test experiment; 256 recipes,5.226177215576172,0.07950772326143346
real_1m_to_60m,ubuntu_irc,145,5.33738374710083,,,,,,,,,observed test experiment; 256 recipes,3.7328290939331055,0.08733245971241181
real_1m_to_60m,ubuntu_irc,146,4.897433280944824,,,,,,,,,observed test experiment; 256 recipes,3.508587598800659,0.08145325328623691
real_1m_to_60m,ubuntu_irc,147,5.351818561553955,,,,,,,,,observed test experiment; 256 recipes,3.7956738471984863,0.08391439925133658
real_1m_to_60m,ubuntu_irc,148,7.332421779632568,,,,,,,,,observed test experiment; 256 recipes,5.116960525512695,0.08786393849058571
real_1m_to_60m,ubuntu_irc,149,7.351847171783447,,,,,,,,,observed test experiment; 256 recipes,5.124395847320557,0.08815549288240336
real_1m_to_60m,ubuntu_irc,150,7.483278751373291,,,,,,,,,observed test experiment; 256 recipes,5.209910869598389,0.08844108699968692
real_1m_to_60m,ubuntu_irc,151,7.223141193389893,,,,,,,,,observed test experiment; 256 recipes,4.883079051971436,0.09562310804722564
real_1m_to_60m,ubuntu_irc,152,5.237669467926025,,,,,,,,,observed test experiment; 256 recipes,3.698355436325073,0.08499245530236263
real_1m_to_60m,ubuntu_irc,153,5.394778251647949,,,,,,,,,observed test experiment; 256 recipes,3.8316164016723633,0.08356520535778642
real_1m_to_60m,ubuntu_irc,154,7.301799774169922,,,,,,,,,observed test experiment; 256 recipes,4.918275833129883,0.0965143083352941
real_1m_to_60m,ubuntu_irc,155,5.685671329498291,,,,,,,,,observed test experiment; 256 recipes,4.132590293884277,0.07792329225606595
real_1m_to_60m,ubuntu_irc,156,6.913164138793945,,,,,,,,,observed test experiment; 256 recipes,4.8413920402526855,0.0870041941428846
real_1m_to_60m,ubuntu_irc,157,5.896131992340088,,,,,,,,,observed test experiment; 256 recipes,4.2574310302734375,0.0795318035911034
real_1m_to_60m,ubuntu_irc,158,6.521498680114746,,,,,,,,,observed test experiment; 256 recipes,4.662458896636963,0.08195725448662802
real_1m_to_60m,ubuntu_irc,159,6.013600826263428,,,,,,,,,observed test experiment; 256 recipes,4.258224487304688,0.08430443912350231
real_1m_to_60m,ubuntu_irc,160,7.474424362182617,,,,,,,,,observed test experiment; 256 recipes,5.219038009643555,0.08772442252441741
real_1m_to_60m,ubuntu_irc,161,4.842673778533936,,,,,,,,,observed test experiment; 256 recipes,3.489423990249634,0.08004463717576547
real_1m_to_60m,ubuntu_irc,162,7.353227138519287,,,,,,,,,observed test experiment; 256 recipes,5.187766075134277,0.08519949950317796
real_1m_to_60m,ubuntu_irc,163,6.327666282653809,,,,,,,,,observed test experiment; 256 recipes,4.4603424072265625,0.08541195083414124
real_1m_to_60m,ubuntu_irc,164,5.091686725616455,,,,,,,,,observed test experiment; 256 recipes,3.604733228683472,0.08435083639502106
real_1m_to_60m,ubuntu_irc,165,5.100078582763672,,,,,,,,,observed test experiment; 256 recipes,3.637763023376465,0.08252529901825242
real_1m_to_60m,ubuntu_irc,166,7.832571029663086,,,,,,,,,observed test experiment; 256 recipes,5.724837303161621,0.07656333687741851
real_1m_to_60m,ubuntu_irc,167,7.510526657104492,,,,,,,,,observed test experiment; 256 recipes,5.31423807144165,0.08448628061757461
real_1m_to_60m,ubuntu_irc,168,6.623201847076416,,,,,,,,,observed test experiment; 256 recipes,4.711792469024658,0.08316606192867056
real_1m_to_60m,ubuntu_irc,169,5.867876529693604,,,,,,,,,observed test experiment; 256 recipes,4.210259437561035,0.08107977816771532
real_1m_to_60m,ubuntu_irc,170,7.2760009765625,,,,,,,,,observed test experiment; 256 recipes,5.068085670471191,0.08832139622449818
real_1m_to_60m,ubuntu_irc,171,7.105379581451416,,,,,,,,,observed test experiment; 256 recipes,4.812439918518066,0.0951673616330156
real_1m_to_60m,ubuntu_irc,172,5.185835838317871,,,,,,,,,observed test experiment; 256 recipes,3.614179372787476,0.08818657117231987
real_1m_to_60m,ubuntu_irc,173,7.484628677368164,,,,,,,,,observed test experiment; 256 recipes,5.1552348136901855,0.0910618867010449
real_1m_to_60m,ubuntu_irc,174,6.967538833618164,,,,,,,,,observed test experiment; 256 recipes,4.705569744110107,0.09586765082803514
real_1m_to_60m,ubuntu_irc,175,7.32526159286499,,,,,,,,,observed test experiment; 256 recipes,5.004230499267578,0.09306622983588497
real_1m_to_60m,ubuntu_irc,176,6.000617504119873,,,,,,,,,observed test experiment; 256 recipes,4.26163911819458,0.08358078326810492
real_1m_to_60m,ubuntu_irc,177,7.342972278594971,,,,,,,,,observed test experiment; 256 recipes,5.233579158782959,0.08271123802647733
real_1m_to_60m,ubuntu_irc,178,5.002923488616943,,,,,,,,,observed test experiment; 256 recipes,3.554600238800049,0.08347607964351776
real_1m_to_60m,ubuntu_irc,179,5.684805393218994,,,,,,,,,observed test experiment; 256 recipes,3.946342468261719,0.08914923912685563
real_1m_to_60m,ubuntu_irc,180,7.751485347747803,,,,,,,,,observed test experiment; 256 recipes,5.914457321166992,0.06606301244394978
real_1m_to_60m,ubuntu_irc,181,7.614415168762207,,,,,,,,,observed test experiment; 256 recipes,5.430609226226807,0.08255090756301345
real_1m_to_60m,ubuntu_irc,182,7.365629196166992,,,,,,,,,observed test experiment; 256 recipes,5.052858352661133,0.09204657241693252
real_1m_to_60m,ubuntu_irc,183,5.839864253997803,,,,,,,,,observed test experiment; 256 recipes,4.339056491851807,0.07255144787893406
real_1m_to_60m,ubuntu_irc,184,5.042966365814209,,,,,,,,,observed test experiment; 256 recipes,3.643270254135132,0.07940532822204062
real_1m_to_60m,ubuntu_irc,185,7.234371662139893,,,,,,,,,observed test experiment; 256 recipes,5.129252433776856,0.08398989873902467
real_1m_to_60m,ubuntu_irc,186,7.514615535736084,,,,,,,,,observed test experiment; 256 recipes,5.201647758483887,0.08984940194915966
real_1m_to_60m,ubuntu_irc,187,7.542651176452637,,,,,,,,,observed test experiment; 256 recipes,5.38279390335083,0.08239809271962323
real_1m_to_60m,ubuntu_irc,188,5.395915985107422,,,,,,,,,observed test experiment; 256 recipes,3.771347522735596,0.08748897222781181
real_1m_to_60m,ubuntu_irc,189,7.288589954376221,,,,,,,,,observed test experiment; 256 recipes,5.235084056854248,0.08082544091916774
real_1m_to_60m,ubuntu_irc,190,4.698722839355469,,,,,,,,,observed test experiment; 256 recipes,3.29723858833313,0.08651089407496496
real_1m_to_60m,ubuntu_irc,191,7.61151123046875,,,,,,,,,observed test experiment; 256 recipes,5.281161785125732,0.08927329462537041
real_1m_to_60m,ubuntu_irc,192,5.099474906921387,,,,,,,,,observed test experiment; 256 recipes,3.5901477336883545,0.0857143839680252
real_1m_to_60m,ubuntu_irc,193,7.679845333099365,,,,,,,,,observed test experiment; 256 recipes,5.470736026763916,0.08284262316120536
real_1m_to_60m,ubuntu_irc,194,7.1873064041137695,,,,,,,,,observed test experiment; 256 recipes,4.945775985717773,0.09129241297041041
real_1m_to_60m,ubuntu_irc,195,4.925690650939941,,,,,,,,,observed test experiment; 256 recipes,3.5196070671081543,0.0820925397608919
real_1m_to_60m,ubuntu_irc,196,5.3855881690979,,,,,,,,,observed test experiment; 256 recipes,3.850114583969116,0.08197248991111677
real_1m_to_60m,ubuntu_irc,197,7.449437141418457,,,,,,,,,observed test experiment; 256 recipes,5.212416648864746,0.08721661703148188
real_1m_to_60m,ubuntu_irc,198,7.224877834320068,,,,,,,,,observed test experiment; 256 recipes,4.9825053215026855,0.09075872299480443
real_1m_to_60m,ubuntu_irc,199,5.995049953460693,,,,,,,,,observed test experiment; 256 recipes,4.211836338043213,0.08622512790472053
real_1m_to_60m,ubuntu_irc,200,6.2820024490356445,,,,,,,,,observed test experiment; 256 recipes,4.423740863800049,0.08565549338174783
real_1m_to_60m,ubuntu_irc,201,7.645595550537109,,,,,,,,,observed test experiment; 256 recipes,5.262514114379883,0.09122848608783063
real_1m_to_60m,ubuntu_irc,202,5.525065898895264,,,,,,,,,observed test experiment; 256 recipes,4.017392635345459,0.07782981521570552
real_1m_to_60m,ubuntu_irc,203,7.268923282623291,,,,,,,,,observed test experiment; 256 recipes,5.034379005432129,0.0897135030569476
real_1m_to_60m,ubuntu_irc,204,5.351057052612305,,,,,,,,,observed test experiment; 256 recipes,3.758615732192993,0.08627593077887401
real_1m_to_60m,ubuntu_irc,205,6.171260833740234,,,,,,,,,observed test experiment; 256 recipes,4.400958061218262,0.08257265663929889
real_1m_to_60m,ubuntu_irc,206,7.576611042022705,,,,,,,,,observed test experiment; 256 recipes,5.51683521270752,0.07748777317962643
real_1m_to_60m,ubuntu_irc,207,7.5162248611450195,,,,,,,,,observed test experiment; 256 recipes,5.182395935058594,0.09080733388575771
real_1m_to_60m,ubuntu_irc,208,7.3601975440979,,,,,,,,,observed test experiment; 256 recipes,5.020840644836426,0.09341895582647645
real_1m_to_60m,ubuntu_irc,209,5.220524311065674,,,,,,,,,observed test experiment; 256 recipes,3.6772172451019287,0.08559161338865477
real_1m_to_60m,ubuntu_irc,210,5.820539474487305,,,,,,,,,observed test experiment; 256 recipes,4.083056926727295,0.0865943231334484
real_1m_to_60m,ubuntu_irc,211,4.87050199508667,,,,,,,,,observed test experiment; 256 recipes,3.443832397460937,0.08465630708106966
real_1m_to_60m,ubuntu_irc,212,6.349982738494873,,,,,,,,,observed test experiment; 256 recipes,4.343966007232666,0.0927289658712197
real_1m_to_60m,ubuntu_irc,213,7.9129815101623535,,,,,,,,,observed test experiment; 256 recipes,5.992075443267822,0.06791485156089515
real_1m_to_60m,ubuntu_irc,214,7.397069931030273,,,,,,,,,observed test experiment; 256 recipes,5.140498161315918,0.08888699221267195
real_1m_to_60m,ubuntu_irc,215,7.349711894989014,,,,,,,,,observed test experiment; 256 recipes,5.510866641998291,0.07032608370498315
real_1m_to_60m,ubuntu_irc,216,7.357165336608887,,,,,,,,,observed test experiment; 256 recipes,4.9691925048828125,0.09584375595798547
real_1m_to_60m,ubuntu_irc,217,5.880961894989014,,,,,,,,,observed test experiment; 256 recipes,4.168586254119873,0.08405335221448465
real_1m_to_60m,ubuntu_irc,218,8.027389526367188,,,,,,,,,observed test experiment; 256 recipes,5.674153804779053,0.08473589282906607
real_1m_to_60m,ubuntu_irc,219,6.183896541595459,,,,,,,,,observed test experiment; 256 recipes,4.347332000732422,0.08606658575172511
real_1m_to_60m,ubuntu_irc,220,7.268908023834228,,,,,,,,,observed test experiment; 256 recipes,5.198148250579834,0.08189433390626141
real_1m_to_60m,ubuntu_irc,221,5.911057472229004,,,,,,,,,observed test experiment; 256 recipes,4.330594539642334,0.07598771923801804
real_1m_to_60m,ubuntu_irc,222,7.305287837982178,,,,,,,,,observed test experiment; 256 recipes,4.964632987976074,0.09433965962254598
real_1m_to_60m,ubuntu_irc,223,5.651948928833008,,,,,,,,,observed test experiment; 256 recipes,3.970152616500856,0.08626433048418997
real_1m_to_60m,ubuntu_irc,224,7.698601722717285,,,,,,,,,observed test experiment; 256 recipes,5.487562656402588,0.0826883317739071
real_1m_to_60m,ubuntu_irc,225,7.143593788146973,,,,,,,,,observed test experiment; 256 recipes,4.914519309997559,0.09135089328861586
real_1m_to_60m,ubuntu_irc,226,5.7667436599731445,,,,,,,,,observed test experiment; 256 recipes,4.0442328453063965,0.08665994796606427
real_1m_to_60m,ubuntu_irc,227,5.510821342468262,,,,,,,,,observed test experiment; 256 recipes,3.8039474487304688,0.0905332564329799
real_1m_to_60m,ubuntu_irc,228,7.223760604858398,,,,,,,,,observed test experiment; 256 recipes,5.058969974517822,0.08700117224145296
real_1m_to_60m,ubuntu_irc,229,7.097602367401123,,,,,,,,,observed test experiment; 256 recipes,4.96696662902832,0.08718067307057259
real_1m_to_60m,ubuntu_irc,230,7.295351982116699,,,,,,,,,observed test experiment; 256 recipes,5.058709621429443,0.08942237024100384
real_1m_to_60m,ubuntu_irc,231,7.745333671569824,,,,,,,,,observed test experiment; 256 recipes,5.420959949493408,0.08714890441867974
real_1m_to_60m,ubuntu_irc,232,5.742403984069824,,,,,,,,,observed test experiment; 256 recipes,4.1146674156188965,0.08140983782173764
real_1m_to_60m,ubuntu_irc,233,7.670958518981934,,,,,,,,,observed test experiment; 256 recipes,5.353190898895264,0.08786479964492244
real_1m_to_60m,ubuntu_irc,234,5.254181861877441,,,,,,,,,observed test experiment; 256 recipes,3.752744674682617,0.08219552947286896
real_1m_to_60m,ubuntu_irc,235,6.126413822174072,,,,,,,,,observed test experiment; 256 recipes,4.356858730316162,0.08325098919445899
real_1m_to_60m,ubuntu_irc,236,7.512385845184326,,,,,,,,,observed test experiment; 256 recipes,5.338592529296875,0.0834299732960331
real_1m_to_60m,ubuntu_irc,237,7.315260887145996,,,,,,,,,observed test experiment; 256 recipes,4.992857933044434,0.09328824548718304
real_1m_to_60m,ubuntu_irc,238,8.01566219329834,,,,,,,,,observed test experiment; 256 recipes,6.105024337768555,0.06650278296728329
real_1m_to_60m,ubuntu_irc,239,4.830128192901611,,,,,,,,,observed test experiment; 256 recipes,3.4829344749450684,0.07986573306916514
real_1m_to_60m,ubuntu_irc,240,5.138121128082275,,,,,,,,,observed test experiment; 256 recipes,3.5556652545928955,0.08991556277717853
real_1m_to_60m,ubuntu_irc,241,7.368131160736084,,,,,,,,,observed test experiment; 256 recipes,5.132205486297607,0.08832393281796562
real_1m_to_60m,ubuntu_irc,242,7.095282554626465,,,,,,,,,observed test experiment; 256 recipes,4.834091663360596,0.09372364346472481
real_1m_to_60m,ubuntu_irc,243,5.528577327728272,,,,,,,,,observed test experiment; 256 recipes,3.912904500961304,0.08442146854240863
real_1m_to_60m,ubuntu_irc,244,7.498936653137207,,,,,,,,,observed test experiment; 256 recipes,4.999055862426758,0.09904202190533533
real_1m_to_60m,ubuntu_irc,245,5.421272277832031,,,,,,,,,observed test experiment; 256 recipes,3.783922910690308,0.08782095436888629
real_1m_to_60m,ubuntu_irc,246,5.087718963623047,,,,,,,,,observed test experiment; 256 recipes,3.5157933235168457,0.09026216220232251
real_1m_to_60m,ubuntu_irc,247,7.220464706420898,,,,,,,,,observed test experiment; 256 recipes,4.90025806427002,0.09467484692738831
real_1m_to_60m,ubuntu_irc,248,7.397626876831055,,,,,,,,,observed test experiment; 256 recipes,5.091513633728027,0.09124393182130147
real_1m_to_60m,ubuntu_irc,249,5.161942481994629,,,,,,,,,observed test experiment; 256 recipes,3.5740807056427,0.08978359179661041
real_1m_to_60m,ubuntu_irc,250,6.63554573059082,,,,,,,,,observed test experiment; 256 recipes,4.61196231842041,0.08885121345092516
real_1m_to_60m,ubuntu_irc,251,7.689095497131348,,,,,,,,,observed test experiment; 256 recipes,5.459566116333008,0.08363581276817902
real_1m_to_60m,ubuntu_irc,252,5.721476078033447,,,,,,,,,observed test experiment; 256 recipes,4.008660793304443,0.08689293329188957
real_1m_to_60m,ubuntu_irc,253,5.314200401306152,,,,,,,,,observed test experiment; 256 recipes,3.764120817184448,0.08423039000388631
real_1m_to_60m,ubuntu_irc,254,5.537445545196533,,,,,,,,,observed test experiment; 256 recipes,3.891027688980103,0.08618229022946441
real_1m_to_60m,ubuntu_irc,255,5.516657829284668,,,,,,,,,observed test experiment; 256 recipes,3.920210599899292,0.0834387114216261
real_1m_to_60m,ubuntu_irc,256,6.885187149047852,,,,,,,,,observed test experiment; 256 recipes,4.660635471343994,0.09530719799992766
estimated,uspto_backgrounds,1,5.417374610900879,1.5703,1.1984,0.13445155933907027,0.13522679258051098,0.0007752332414407148,0.9999769896792927,0.0031506162839590097,3.0,estimated A12-A15; shared 63 recipes; not independent experiment,,
estimated,uspto_backgrounds,2,5.584351062774658,1.8695,1.4719,0.11881181077590477,0.11952171091549244,0.0007099001395876603,0.9999752975488331,0.0028850967943700213,3.0,estimated A12-A15; shared 63 recipes; not independent experiment,,
estimated,uspto_backgrounds,3,5.50736665725708,1.7909,1.4031,0.12196816362062049,0.12256828683487762,0.0006001232142571339,0.999983224241537,0.0024389536853533667,3.0,estimated A12-A15; shared 63 recipes; not independent experiment,,
estimated,uspto_backgrounds,4,4.475535392761231,1.5421,1.2202,0.11568311468394062,0.11649175529227422,0.0008086406083336051,0.9999662378745718,0.003286386770195483,3.0,estimated A12-A15; shared 63 recipes; not independent experiment,,
estimated,uspto_backgrounds,5,4.813331127166748,1.8639,1.5042,0.10300578278112299,0.10425798424378692,0.0012522014626639294,0.999898609770155,0.005089057212942332,3.0,estimated A12-A15; shared 63 recipes; not independent experiment,,
estimated,uspto_backgrounds,6,5.67151403427124,1.7512,1.3571,0.1275908156324429,0.12818877047787566,0.0005979548454327632,0.9999847758949547,0.002430141243158635,3.0,estimated A12-A15; shared 63 recipes; not independent experiment,,
estimated,uspto_backgrounds,7,4.25531530380249,1.6685,1.3403,0.10165138357649876,0.10355409190130174,0.0019027083248029791,0.9997617896018995,0.007732774488111604,3.0,estimated A12-A15; shared 63 recipes; not independent experiment,,
estimated,uspto_backgrounds,8,5.509659290313721,1.6233,1.2399,0.1326814887154176,0.13368936565639403,0.0010078769409764265,0.9999601625980951,0.00409610080259951,3.0,estimated A12-A15; shared 63 recipes; not independent experiment,,
estimated,uspto_backgrounds,9,5.514229774475098,1.4524,1.0869,0.1448496546707406,0.14556883356018585,0.0007191788894452544,0.9999829192651105,0.002922806452358489,3.0,estimated A12-A15; shared 63 recipes; not independent experiment,,
estimated,uspto_backgrounds,10,5.451025485992432,1.8692,1.4712,0.11620561005048263,0.11739834604513216,0.0011927359946495297,0.9999275335433494,0.004847384304913379,3.0,estimated A12-A15; shared 63 recipes; not independent experiment,,
estimated,uspto_backgrounds,11,5.747413158416748,1.6156,1.2271,0.13778464336039198,0.13840637615446344,0.0006217327940714612,0.9999858829595006,0.0025267769241068103,3.0,estimated A12-A15; shared 63 recipes; not independent experiment,,
estimated,uspto_backgrounds,12,5.561253070831299,1.5934,1.2105,0.1357119614341991,0.13667584418717865,0.0009638827529795391,0.9999651499229391,0.003917304541431868,3.0,estimated A12-A15; shared 63 recipes; not independent experiment,,
estimated,uspto_backgrounds,13,5.384755611419678,1.7362,1.3559,0.12289156140611801,0.12361738231707368,0.000725820910955674,0.999975860922991,0.002949800213733277,3.0,estimated A12-A15; shared 63 recipes; not independent experiment,,
estimated,uspto_backgrounds,14,4.946125507354736,1.9996,1.6262,0.09833050106402406,0.09970720336687622,0.0013767023028521536,0.9998658560186608,0.00559503961087776,3.0,estimated A12-A15; shared 63 recipes; not independent experiment,,
estimated,uspto_backgrounds,15,4.6978535652160645,1.7145,1.3719,0.10944049649851964,0.11033358147343583,0.0008930849749161918,0.9999540602034003,0.0036295761256328564,3.0,estimated A12-A15; shared 63 recipes; not independent experiment,,
estimated,uspto_backgrounds,16,4.804718494415283,1.9595,1.5998,0.09738066997042755,0.09857432219100107,0.0011936522205735212,0.9998969327669077,0.004851107927897727,3.0,estimated A12-A15; shared 63 recipes; not independent experiment,,
estimated,uspto_backgrounds,17,4.903680324554443,1.7957,1.4369,0.1090720919312418,0.11002782630856628,0.000955734377324477,0.9999470766765693,0.0038841888239232332,3.0,estimated A12-A15; shared 63 recipes; not independent experiment,,
estimated,uspto_backgrounds,18,5.336487293243408,2.1058,1.7137,0.10095958957767924,0.10181851406437178,0.0008589244866925444,0.9999500923600084,0.0034907448878682737,3.0,estimated A12-A15; shared 63 recipes; not independent experiment,,
estimated,uspto_backgrounds,19,5.306461811065674,2.0729,1.6736,0.10205667288879854,0.10343513624911298,0.0013784633603144414,0.999875068827883,0.005602196703764099,3.0,estimated A12-A15; shared 63 recipes; not independent experiment,,
estimated,uspto_backgrounds,20,5.3079118728637695,1.8465,1.4578,0.1146435979210424,0.115833725787094,0.0011901278660516046,0.9999258825958856,0.004836784640203645,3.0,estimated A12-A15; shared 63 recipes; not independent experiment,,
estimated,uspto_backgrounds,21,4.927324771881104,1.5965,1.2452,0.12236056643537872,0.1232941153456501,0.0009335489102713784,0.9999598146293206,0.0037940251286273595,3.0,estimated A12-A15; shared 63 recipes; not independent experiment,,
estimated,uspto_backgrounds,22,4.635516166687012,1.6553,1.3164,0.11180534624867813,0.1128378047069455,0.0010324584582673685,0.9999412594568396,0.004196002257441089,3.0,estimated A12-A15; shared 63 recipes; not independent experiment,,
estimated,uspto_backgrounds,23,4.409957885742188,1.5421,1.224,0.11408047622325965,0.11488994023470427,0.0008094640114446189,0.9999652169135446,0.0032897331530788135,3.0,estimated A12-A15; shared 63 recipes; not independent experiment,,
estimated,uspto_backgrounds,24,4.452613830566406,1.2626,0.96,0.13683731149373185,0.13752947668417734,0.0006921651904454873,0.9999822735252389,0.0028130203964868146,3.0,estimated A12-A15; shared 63 recipes; not independent experiment,,
estimated,uspto_backgrounds,25,5.620926380157471,1.9163,1.5149,0.11683609939437398,0.11752578108520002,0.0006896816908260467,0.9999758870114104,0.0028029272349400286,3.0,estimated A12-A15; shared 63 recipes; not independent experiment,,
estimated,uspto_backgrounds,26,5.132785320281982,1.8155,1.4288,0.11283921173568967,0.11462753778364503,0.0017883260479553548,0.9998285510008588,0.0072679148242472385,3.0,estimated A12-A15; shared 63 recipes; not independent experiment,,
estimated,uspto_backgrounds,27,5.396997451782227,2.0307,1.6311,0.10612661104853888,0.10725719500366894,0.0011305839551300628,0.9999219762223366,0.004594792933280192,3.0,estimated A12-A15; shared 63 recipes; not independent experiment,,
estimated,uspto_backgrounds,28,5.252003192901611,1.7944,1.4212,0.1166014302168745,0.11716373496199649,0.0005623047451219915,0.999983882843105,0.0022852560904592307,3.0,estimated A12-A15; shared 63 recipes; not independent experiment,,
estimated,uspto_backgrounds,29,4.1322197914123535,1.1278,0.8482,0.1409878307975852,0.14193420641638055,0.0009463756187953476,0.9999688550044414,0.0038461540036355346,3.0,estimated A12-A15; shared 63 recipes; not independent experiment,,
estimated,uspto_backgrounds,30,4.324811458587647,1.383,1.077,0.12378624972751559,0.12461078614615917,0.0008245364186435789,0.9999693288495459,0.003350988745616705,3.0,estimated A12-A15; shared 63 recipes; not independent experiment,,
estimated,uspto_backgrounds,31,5.402326583862305,1.8665,1.4719,0.11538821013673006,0.11655131121134701,0.0011631010746169512,0.9999300923564556,0.004726945375521231,3.0,estimated A12-A15; shared 63 recipes; not independent experiment,,
estimated,uspto_backgrounds,32,5.224470138549805,1.3144,0.9791,0.14982867520037652,0.15009297947227768,0.00026430427190116124,0.9999978343140702,0.0010741558778158953,3.0,estimated A12-A15; shared 63 recipes; not independent experiment,,
estimated,uspto_backgrounds,33,5.821866989135742,1.7329,1.3371,0.13157219431717215,0.1318649044677878,0.0002927101506156604,0.9999965576925861,0.001189599874866001,3.0,estimated A12-A15; shared 63 recipes; not independent experiment,,
estimated,uspto_backgrounds,34,6.177484512329102,2.024,1.5815,0.12115028927025782,0.12213219714235338,0.0009819078720955526,0.9999546804706085,0.003990560215687714,3.0,estimated A12-A15; shared 63 recipes; not independent experiment,,
estimated,uspto_backgrounds,35,5.734169960021973,1.9649,1.5586,0.11628252714555998,0.11676459065544678,0.00048206350988680424,0.9999880783557641,0.0019591486316159605,3.0,estimated A12-A15; shared 63 recipes; not independent experiment,,
estimated,uspto_backgrounds,36,5.643436908721924,2.1819,1.7756,0.10317720797124831,0.10365085157725379,0.0004736436060054777,0.9999853907851951,0.0019249293994419332,3.0,estimated A12-A15; shared 63 recipes; not independent experiment,,
estimated,uspto_backgrounds,37,4.46651554107666,1.7184,1.387,0.10371114635491964,0.10482602914767042,0.0011148827927507793,0.9999205635804942,0.004530982024220911,3.0,estimated A12-A15; shared 63 recipes; not independent experiment,,
estimated,uspto_backgrounds,38,4.392505168914795,1.4701,1.1537,0.1188413509103561,0.11983645816900383,0.0009951072586477372,0.9999516454860357,0.00404420368707987,3.0,estimated A12-A15; shared 63 recipes; not independent experiment,,
estimated,uspto_backgrounds,39,5.002451419830322,1.8041,1.4385,0.11073056831609875,0.11171559565565867,0.0009850273395599213,0.9999454641809752,0.004003238006660915,3.0,estimated A12-A15; shared 63 recipes; not independent experiment,,
estimated,uspto_backgrounds,40,5.474844932556152,1.8158,1.4323,0.119825952782715,0.12019113466026872,0.00036518187755371634,0.9999935474967195,0.0014841313665668939,3.0,estimated A12-A15; shared 63 recipes; not independent experiment,,
estimated,uspto_backgrounds,41,5.507272720336914,1.9105,1.52,0.11494738531680934,0.11539353605014925,0.00044615073333990896,0.9999895460777615,0.0018131959395196742,3.0,estimated A12-A15; shared 63 recipes; not independent experiment,,
estimated,uspto_backgrounds,42,4.587443828582764,1.6713,1.3303,0.10962908658778604,0.11096187610825733,0.001332789520471292,0.9998985990399047,0.005416574189315212,3.0,estimated A12-A15; shared 63 recipes; not independent experiment,,
estimated,uspto_backgrounds,43,5.144834041595459,1.9399,1.5572,0.10589800678038394,0.10712414296442667,0.0012261361840427282,0.9999079511179026,0.004983125621157745,3.0,estimated A12-A15; shared 63 recipes; not independent experiment,,
estimated,uspto_backgrounds,44,5.514040470123291,1.9416,1.542,0.11332754648700087,0.11421555786625845,0.0008880113792575778,0.9999576240307637,0.003608956585285662,3.0,estimated A12-A15; shared 63 recipes; not independent experiment,,
estimated,uspto_backgrounds,45,5.693654537200928,1.6411,1.2529,0.1350640168221812,0.13569894728688006,0.0006349304646988685,0.9999846821362625,0.0025804134218293012,3.0,estimated A12-A15; shared 63 recipes; not independent experiment,,
estimated,uspto_backgrounds,46,5.420869827270508,2.062,1.6621,0.10494507940854246,0.10596520954670022,0.001020130138157757,0.999934954932957,0.00414589887691628,3.0,estimated A12-A15; shared 63 recipes; not independent experiment,,
estimated,uspto_backgrounds,47,4.353992938995361,1.2181,0.9238,0.13830119430056884,0.13896721117419977,0.0006660168736309369,0.9999839278001071,0.002706751330158835,3.0,estimated A12-A15; shared 63 recipes; not independent experiment,,
estimated,uspto_backgrounds,48,4.402518272399902,1.4576,1.143,0.12001570188212543,0.12087576596497927,0.0008600640828538425,0.999964523649831,0.0034953763072025136,3.0,estimated A12-A15; shared 63 recipes; not independent experiment,,
estimated,uspto_backgrounds,49,4.941415786743164,1.4905,1.1439,0.1301298545009647,0.13115592979359103,0.0010260752926263272,0.9999570929428372,0.004170060509155624,3.0,estimated A12-A15; shared 63 recipes; not independent experiment,,
estimated,uspto_backgrounds,50,4.758020877838135,1.6062,1.2679,0.11790668044660237,0.11854070583753995,0.0006340253909375843,0.9999799756702034,0.002576735122218487,3.0,estimated A12-A15; shared 63 recipes; not independent experiment,,
estimated,uspto_backgrounds,51,5.756894588470459,1.6904,1.292,0.1330496983353174,0.13393449593118076,0.0008847975958633514,0.9999694281482414,0.003595895486053079,3.0,estimated A12-A15; shared 63 recipes; not independent experiment,,
estimated,uspto_backgrounds,52,4.65257453918457,1.733,1.3874,0.10722369425084771,0.10845841409480506,0.0012347198439573437,0.9999089437565489,0.0050180103722975294,3.0,estimated A12-A15; shared 63 recipes; not independent experiment,,
estimated,uspto_backgrounds,53,4.415454387664795,1.338,1.0328,0.12962982234078765,0.13022629641870664,0.0005964740779189903,0.9999853223028053,0.0024241232733499983,3.0,estimated A12-A15; shared 63 recipes; not independent experiment,,
estimated,uspto_backgrounds,54,4.760405540466309,1.6444,1.2977,0.11540912096840573,0.11650324568992883,0.0010941247215230931,0.9999381094521606,0.004446619391483502,3.0,estimated A12-A15; shared 63 recipes; not independent experiment,,
estimated,uspto_backgrounds,55,5.45875358581543,1.88,1.4861,0.11573391023767225,0.11662208924722824,0.0008881790095559838,0.9999593435209486,0.003609637849606803,3.0,estimated A12-A15; shared 63 recipes; not independent experiment,,
estimated,uspto_backgrounds,56,4.490816116333008,1.7579,1.4281,0.10183277660078732,0.10269485762297956,0.0008620810221922348,0.9999505805074538,0.003503573326607255,3.0,estimated A12-A15; shared 63 recipes; not independent experiment,,
estimated,uspto_backgrounds,57,5.405097007751465,1.6395,1.2541,0.1295230179589649,0.13095118401189096,0.001428166052926061,0.9999164569526593,0.005804192831288038,3.0,estimated A12-A15; shared 63 recipes; not independent experiment,,
estimated,uspto_backgrounds,58,5.430573463439941,1.7059,1.329,0.12572303097487197,0.12617303243546715,0.00045000146059517854,0.9999911060929597,0.0018288456347945183,3.0,estimated A12-A15; shared 63 recipes; not independent experiment,,
estimated,uspto_backgrounds,59,5.506335735321045,1.5526,1.182,0.13745077651961404,0.1379219173361973,0.00047114081658325424,0.9999918418455271,0.0019147578424349866,3.0,estimated A12-A15; shared 63 recipes; not independent experiment,,
estimated,uspto_backgrounds,60,5.589742183685303,1.8606,1.4578,0.11943469017839645,0.12047100525550342,0.0010363150771069696,0.9999480992339312,0.004211675896634417,3.0,estimated A12-A15; shared 63 recipes; not independent experiment,,
estimated,uspto_backgrounds,61,5.441554546356201,2.0462,1.6402,0.1061937266462696,0.10749548823437388,0.001301761588104286,0.9998969198054942,0.005290473934904796,3.0,estimated A12-A15; shared 63 recipes; not independent experiment,,
estimated,uspto_backgrounds,62,4.514894962310791,1.6589,1.328,0.10870686097194786,0.1096880953933115,0.000981234421363636,0.9999438598121475,0.003987823252501614,3.0,estimated A12-A15; shared 63 recipes; not independent experiment,,
estimated,uspto_backgrounds,63,4.8310980796813965,1.7711,1.4078,0.10895069286341048,0.11052508932088737,0.0015743964574768815,0.9998571873556693,0.006398486095766212,3.0,estimated A12-A15; shared 63 recipes; not independent experiment,,
real_1m_to_60m,uspto_backgrounds,1,5.148867130279541,,,,,,,,,observed test experiment; 256 recipes,3.7384769916534415,0.07818062302863818
real_1m_to_60m,uspto_backgrounds,2,4.686643600463867,,,,,,,,,observed test experiment; 256 recipes,3.3981151580810547,0.07852191199763671
real_1m_to_60m,uspto_backgrounds,3,5.0840325355529785,,,,,,,,,observed test experiment; 256 recipes,3.705970287322998,0.07721862137402646
real_1m_to_60m,uspto_backgrounds,4,5.613669395446777,,,,,,,,,observed test experiment; 256 recipes,4.126439571380615,0.0751743377524376
real_1m_to_60m,uspto_backgrounds,5,5.621876239776611,,,,,,,,,observed test experiment; 256 recipes,4.153839111328125,0.07391475250911543
real_1m_to_60m,uspto_backgrounds,6,4.782230854034424,,,,,,,,,observed test experiment; 256 recipes,3.4577386379241943,0.07920494624308945
real_1m_to_60m,uspto_backgrounds,7,6.433174133300781,,,,,,,,,observed test experiment; 256 recipes,5.011646747589111,0.06098741906056552
real_1m_to_60m,uspto_backgrounds,8,5.1849799156188965,,,,,,,,,observed test experiment; 256 recipes,3.8187007904052734,0.0747019958691854
real_1m_to_60m,uspto_backgrounds,9,4.218944549560547,,,,,,,,,observed test experiment; 256 recipes,3.039259672164917,0.08010342758787607
real_1m_to_60m,uspto_backgrounds,10,5.067661762237549,,,,,,,,,observed test experiment; 256 recipes,3.63621997833252,0.08107154654930256
real_1m_to_60m,uspto_backgrounds,11,4.358331680297852,,,,,,,,,observed test experiment; 256 recipes,3.129277467727661,0.0809133672176433
real_1m_to_60m,uspto_backgrounds,12,4.556915760040283,,,,,,,,,observed test experiment; 256 recipes,3.34850549697876,0.07525793093380496
real_1m_to_60m,uspto_backgrounds,13,5.705465793609619,,,,,,,,,observed test experiment; 256 recipes,4.1869797706604,0.07557863444916346
real_1m_to_60m,uspto_backgrounds,14,4.296731948852539,,,,,,,,,observed test experiment; 256 recipes,3.091365098953247,0.08041383520499693
real_1m_to_60m,uspto_backgrounds,15,4.70975399017334,,,,,,,,,observed test experiment; 256 recipes,3.4148919582366943,0.07852046042606273
real_1m_to_60m,uspto_backgrounds,16,4.738427639007568,,,,,,,,,observed test experiment; 256 recipes,3.393383979797364,0.08154607074364445
real_1m_to_60m,uspto_backgrounds,17,5.46281099319458,,,,,,,,,observed test experiment; 256 recipes,4.025893211364746,0.07454592168232484
real_1m_to_60m,uspto_backgrounds,18,4.442332744598389,,,,,,,,,observed test experiment; 256 recipes,3.218124866485596,0.07873806812589933
real_1m_to_60m,uspto_backgrounds,19,4.600580215454102,,,,,,,,,observed test experiment; 256 recipes,3.3022782802581787,0.0809823907282357
real_1m_to_60m,uspto_backgrounds,20,5.850697994232178,,,,,,,,,observed test experiment; 256 recipes,4.352419376373291,0.07225310325416033
real_1m_to_60m,uspto_backgrounds,21,5.464796543121338,,,,,,,,,observed test experiment; 256 recipes,4.015144348144531,0.0752876530568223
real_1m_to_60m,uspto_backgrounds,22,5.948923587799072,,,,,,,,,observed test experiment; 256 recipes,4.478736400604248,0.0693320593951101
real_1m_to_60m,uspto_backgrounds,23,5.577491283416748,,,,,,,,,observed test experiment; 256 recipes,4.166773796081543,0.07121946228775666
real_1m_to_60m,uspto_backgrounds,24,5.624790668487549,,,,,,,,,observed test experiment; 256 recipes,4.166736125946045,0.07328418569047117
real_1m_to_60m,uspto_backgrounds,25,4.158642768859863,,,,,,,,,observed test experiment; 256 recipes,2.9660484790802,0.08254268049497528
real_1m_to_60m,uspto_backgrounds,26,5.955913066864014,,,,,,,,,observed test experiment; 256 recipes,4.537708759307861,0.06642389486181469
real_1m_to_60m,uspto_backgrounds,27,4.256219863891602,,,,,,,,,observed test experiment; 256 recipes,3.0548624992370605,0.08100120110467454
real_1m_to_60m,uspto_backgrounds,28,4.952467918395996,,,,,,,,,observed test experiment; 256 recipes,3.5816192626953125,0.079150889871762
real_1m_to_60m,uspto_backgrounds,29,5.625848293304443,,,,,,,,,observed test experiment; 256 recipes,4.1828789710998535,0.07238569724406298
real_1m_to_60m,uspto_backgrounds,30,4.422701835632324,,,,,,,,,observed test experiment; 256 recipes,3.1661157608032227,0.08163584054941518
real_1m_to_60m,uspto_backgrounds,31,4.577090740203857,,,,,,,,,observed test experiment; 256 recipes,3.2969274520874023,0.0801282408256262
real_1m_to_60m,uspto_backgrounds,32,4.504125118255615,,,,,,,,,observed test experiment; 256 recipes,3.2118358612060547,0.08258977026468499
real_1m_to_60m,uspto_backgrounds,33,5.115372657775879,,,,,,,,,observed test experiment; 256 recipes,3.732099533081055,0.07700360705537565
real_1m_to_60m,uspto_backgrounds,34,5.466143608093262,,,,,,,,,observed test experiment; 256 recipes,4.082708835601807,0.07127213093495349
real_1m_to_60m,uspto_backgrounds,35,5.399673938751221,,,,,,,,,observed test experiment; 256 recipes,3.9472386837005615,0.0765256314506437
real_1m_to_60m,uspto_backgrounds,36,5.528307914733887,,,,,,,,,observed test experiment; 256 recipes,4.0611419677734375,0.0753277048966784
real_1m_to_60m,uspto_backgrounds,37,5.685429573059082,,,,,,,,,observed test experiment; 256 recipes,4.249138355255127,0.07112016588347334
real_1m_to_60m,uspto_backgrounds,38,5.604401588439941,,,,,,,,,observed test experiment; 256 recipes,4.137999057769775,0.0740875445900633
real_1m_to_60m,uspto_backgrounds,39,5.559974670410156,,,,,,,,,observed test experiment; 256 recipes,4.042522430419922,0.07784510722595565
real_1m_to_60m,uspto_backgrounds,40,5.204840183258057,,,,,,,,,observed test experiment; 256 recipes,3.79646897315979,0.07706180444336445
real_1m_to_60m,uspto_backgrounds,41,4.515527248382568,,,,,,,,,observed test experiment; 256 recipes,3.2424123287200928,0.08089313280780296
real_1m_to_60m,uspto_backgrounds,42,5.438968181610107,,,,,,,,,observed test experiment; 256 recipes,4.067232131958008,0.07098246464509472
real_1m_to_60m,uspto_backgrounds,43,5.512898921966553,,,,,,,,,observed test experiment; 256 recipes,4.142425537109375,0.06980582747777199
real_1m_to_60m,uspto_backgrounds,44,4.413763046264648,,,,,,,,,observed test experiment; 256 recipes,3.17826771736145,0.08020607784495608
real_1m_to_60m,uspto_backgrounds,45,5.478555679321289,,,,,,,,,observed test experiment; 256 recipes,4.017288684844971,0.0757714160990638
real_1m_to_60m,uspto_backgrounds,46,5.347927570343018,,,,,,,,,observed test experiment; 256 recipes,3.910393238067627,0.07646429599112382
real_1m_to_60m,uspto_backgrounds,47,5.551200866699219,,,,,,,,,observed test experiment; 256 recipes,4.079986572265625,0.07520631806939317
real_1m_to_60m,uspto_backgrounds,48,5.316068649291992,,,,,,,,,observed test experiment; 256 recipes,3.882125377655029,0.07677694641873602
real_1m_to_60m,uspto_backgrounds,49,5.8162760734558105,,,,,,,,,observed test experiment; 256 recipes,4.402767658233643,0.06800278930750377
real_1m_to_60m,uspto_backgrounds,50,4.91100025177002,,,,,,,,,observed test experiment; 256 recipes,3.5513012409210205,0.07917349171119288
real_1m_to_60m,uspto_backgrounds,51,5.521181583404541,,,,,,,,,observed test experiment; 256 recipes,4.077308177947998,0.07404234728377848
real_1m_to_60m,uspto_backgrounds,52,4.827074527740479,,,,,,,,,observed test experiment; 256 recipes,3.461707592010498,0.08120435401590317
real_1m_to_60m,uspto_backgrounds,53,4.397585391998291,,,,,,,,,observed test experiment; 256 recipes,3.1802330017089844,0.07915825005334826
real_1m_to_60m,uspto_backgrounds,54,5.759634494781494,,,,,,,,,observed test experiment; 256 recipes,4.302291870117188,0.07125099969829805
real_1m_to_60m,uspto_backgrounds,55,5.478360652923584,,,,,,,,,observed test experiment; 256 recipes,3.9836392402648926,0.07781712480646144
real_1m_to_60m,uspto_backgrounds,56,5.319857120513916,,,,,,,,,observed test experiment; 256 recipes,3.8606231212615967,0.07830748981852241
real_1m_to_60m,uspto_backgrounds,57,4.735673427581787,,,,,,,,,observed test experiment; 256 recipes,3.3951733112335205,0.08127531187235004
real_1m_to_60m,uspto_backgrounds,58,5.183322429656982,,,,,,,,,observed test experiment; 256 recipes,3.76337480545044,0.07818837227916421
real_1m_to_60m,uspto_backgrounds,59,4.343899250030518,,,,,,,,,observed test experiment; 256 recipes,3.1419310569763184,0.07911761878984555
real_1m_to_60m,uspto_backgrounds,60,5.718777179718018,,,,,,,,,observed test experiment; 256 recipes,4.240129470825195,0.07306693266088224
real_1m_to_60m,uspto_backgrounds,61,5.383915424346924,,,,,,,,,observed test experiment; 256 recipes,4.011734485626221,0.07185330672333318
real_1m_to_60m,uspto_backgrounds,62,5.002161026000977,,,,,,,,,observed test experiment; 256 recipes,3.631505966186523,0.0782109542645165
real_1m_to_60m,uspto_backgrounds,63,5.280044555664063,,,,,,,,,observed test experiment; 256 recipes,3.951262950897217,0.07080480639488046
real_1m_to_60m,uspto_backgrounds,64,4.999043941497803,,,,,,,,,observed test experiment; 256 recipes,3.6235058307647705,0.07859735760908405
real_1m_to_60m,uspto_backgrounds,65,5.405869483947754,,,,,,,,,observed test experiment; 256 recipes,4.015735149383545,0.07260377549453169
real_1m_to_60m,uspto_backgrounds,66,5.814643383026123,,,,,,,,,observed test experiment; 256 recipes,4.430900096893311,0.06637856372806236
real_1m_to_60m,uspto_backgrounds,67,5.702600955963135,,,,,,,,,observed test experiment; 256 recipes,4.317477226257324,0.06795986960212276
real_1m_to_60m,uspto_backgrounds,68,4.906838417053223,,,,,,,,,observed test experiment; 256 recipes,3.549310207366944,0.07910339390112214
real_1m_to_60m,uspto_backgrounds,69,4.972859859466553,,,,,,,,,observed test experiment; 256 recipes,3.637121200561523,0.0763987018018069
real_1m_to_60m,uspto_backgrounds,70,5.403508186340332,,,,,,,,,observed test experiment; 256 recipes,3.965552091598511,0.07556846166965268
real_1m_to_60m,uspto_backgrounds,71,5.58131217956543,,,,,,,,,observed test experiment; 256 recipes,4.1524338722229,0.07222872044947319
real_1m_to_60m,uspto_backgrounds,72,5.512409687042236,,,,,,,,,observed test experiment; 256 recipes,4.0765886306762695,0.07369710438621484
real_1m_to_60m,uspto_backgrounds,73,5.352877140045166,,,,,,,,,observed test experiment; 256 recipes,3.930054426193237,0.07546529613112865
real_1m_to_60m,uspto_backgrounds,74,5.022225856781006,,,,,,,,,observed test experiment; 256 recipes,3.71782898902893,0.07345091156965539
real_1m_to_60m,uspto_backgrounds,75,5.425788402557373,,,,,,,,,observed test experiment; 256 recipes,4.004668712615967,0.07417606243476142
real_1m_to_60m,uspto_backgrounds,76,4.463233947753906,,,,,,,,,observed test experiment; 256 recipes,3.186907291412353,0.08226534263209044
real_1m_to_60m,uspto_backgrounds,77,5.485661506652832,,,,,,,,,observed test experiment; 256 recipes,4.117359161376953,0.07007854550370995
real_1m_to_60m,uspto_backgrounds,78,5.577121257781982,,,,,,,,,observed test experiment; 256 recipes,4.137381076812744,0.07293224534038363
real_1m_to_60m,uspto_backgrounds,79,6.37451171875,,,,,,,,,observed test experiment; 256 recipes,4.930399894714356,0.06274200711698222
real_1m_to_60m,uspto_backgrounds,80,4.863883018493652,,,,,,,,,observed test experiment; 256 recipes,3.498090982437134,0.08050609878779283
real_1m_to_60m,uspto_backgrounds,81,4.857743740081787,,,,,,,,,observed test experiment; 256 recipes,3.512202739715576,0.07921430948410452
real_1m_to_60m,uspto_backgrounds,82,5.519444465637207,,,,,,,,,observed test experiment; 256 recipes,4.015225887298584,0.07771295342715745
real_1m_to_60m,uspto_backgrounds,83,5.468289852142334,,,,,,,,,observed test experiment; 256 recipes,4.014991760253906,0.07545301242001502
real_1m_to_60m,uspto_backgrounds,84,5.381773948669434,,,,,,,,,observed test experiment; 256 recipes,3.9233717918396,0.07719590039218435
real_1m_to_60m,uspto_backgrounds,85,5.648823261260986,,,,,,,,,observed test experiment; 256 recipes,4.2198100090026855,0.07123414779094722
real_1m_to_60m,uspto_backgrounds,86,5.132531642913818,,,,,,,,,observed test experiment; 256 recipes,3.7656774520874015,0.07563390212320265
real_1m_to_60m,uspto_backgrounds,87,5.978692531585693,,,,,,,,,observed test experiment; 256 recipes,4.636496543884277,0.062096111880035866
real_1m_to_60m,uspto_backgrounds,88,4.237224102020264,,,,,,,,,observed test experiment; 256 recipes,3.0330402851104736,0.08165967615929988
real_1m_to_60m,uspto_backgrounds,89,5.364524841308594,,,,,,,,,observed test experiment; 256 recipes,3.951818227767944,0.07464736230529563
real_1m_to_60m,uspto_backgrounds,90,5.541654109954834,,,,,,,,,observed test experiment; 256 recipes,4.100499153137207,0.07356105878577451
real_1m_to_60m,uspto_backgrounds,91,5.518441200256348,,,,,,,,,observed test experiment; 256 recipes,4.04054069519043,0.07613353149763483
real_1m_to_60m,uspto_backgrounds,92,4.219721794128418,,,,,,,,,observed test experiment; 256 recipes,3.011472463607788,0.08239171019260966
real_1m_to_60m,uspto_backgrounds,93,6.013541221618652,,,,,,,,,observed test experiment; 256 recipes,4.557353019714356,0.0677206853323817
real_1m_to_60m,uspto_backgrounds,94,4.608875751495361,,,,,,,,,observed test experiment; 256 recipes,3.3168718814849854,0.08034541699457018
real_1m_to_60m,uspto_backgrounds,95,5.179678916931152,,,,,,,,,observed test experiment; 256 recipes,3.763513803482056,0.07800760808904743
real_1m_to_60m,uspto_backgrounds,96,5.597847938537598,,,,,,,,,observed test experiment; 256 recipes,4.103349208831787,0.07585553732044507
real_1m_to_60m,uspto_backgrounds,97,5.136019706726074,,,,,,,,,observed test experiment; 256 recipes,3.823704719543457,0.07206492378951969
real_1m_to_60m,uspto_backgrounds,98,4.4881792068481445,,,,,,,,,observed test experiment; 256 recipes,3.2320141792297363,0.08019392722592411
real_1m_to_60m,uspto_backgrounds,99,5.580568790435791,,,,,,,,,observed test experiment; 256 recipes,4.11753511428833,0.07425754946954626
real_1m_to_60m,uspto_backgrounds,100,5.023404121398926,,,,,,,,,observed test experiment; 256 recipes,3.609306573867798,0.0807436066029953
real_1m_to_60m,uspto_backgrounds,101,4.11890172958374,,,,,,,,,observed test experiment; 256 recipes,2.947282075881958,0.08174767335592706
real_1m_to_60m,uspto_backgrounds,102,5.120299339294434,,,,,,,,,observed test experiment; 256 recipes,3.682633638381958,0.08049755906455168
real_1m_to_60m,uspto_backgrounds,103,4.359628200531006,,,,,,,,,observed test experiment; 256 recipes,3.121802806854248,0.08157010624923226
real_1m_to_60m,uspto_backgrounds,104,5.621330261230469,,,,,,,,,observed test experiment; 256 recipes,4.162765502929688,0.07336673669198249
real_1m_to_60m,uspto_backgrounds,105,4.376849174499512,,,,,,,,,observed test experiment; 256 recipes,3.1469147205352783,0.08057616424141426
real_1m_to_60m,uspto_backgrounds,106,5.756237506866455,,,,,,,,,observed test experiment; 256 recipes,4.292304992675781,0.0716745166950575
real_1m_to_60m,uspto_backgrounds,107,4.718114376068115,,,,,,,,,observed test experiment; 256 recipes,3.424943685531616,0.07823576861088341
real_1m_to_60m,uspto_backgrounds,108,4.555895805358887,,,,,,,,,observed test experiment; 256 recipes,3.2834930419921875,0.07999189199124423
real_1m_to_60m,uspto_backgrounds,109,5.239094257354736,,,,,,,,,observed test experiment; 256 recipes,3.8882699012756334,0.07282834260033912
real_1m_to_60m,uspto_backgrounds,110,5.419015884399414,,,,,,,,,observed test experiment; 256 recipes,3.9789047241210938,0.07544739741567513
real_1m_to_60m,uspto_backgrounds,111,5.603378772735596,,,,,,,,,observed test experiment; 256 recipes,4.110950946807861,0.07564468199982426
real_1m_to_60m,uspto_backgrounds,112,4.275161266326904,,,,,,,,,observed test experiment; 256 recipes,3.063764810562134,0.08137501125125075
real_1m_to_60m,uspto_backgrounds,113,4.555830955505371,,,,,,,,,observed test experiment; 256 recipes,3.2787623405456543,0.0803405576159226
real_1m_to_60m,uspto_backgrounds,114,5.3833489418029785,,,,,,,,,observed test experiment; 256 recipes,3.903737783432007,0.07849270019962754
real_1m_to_60m,uspto_backgrounds,115,5.318285942077637,,,,,,,,,observed test experiment; 256 recipes,3.87228274345398,0.07749881963847362
real_1m_to_60m,uspto_backgrounds,116,5.566512107849121,,,,,,,,,observed test experiment; 256 recipes,4.155223369598389,0.0714161875671533
real_1m_to_60m,uspto_backgrounds,117,5.693289756774902,,,,,,,,,observed test experiment; 256 recipes,4.257758617401123,0.07096260845111445
real_1m_to_60m,uspto_backgrounds,118,5.473763465881348,,,,,,,,,observed test experiment; 256 recipes,4.048830986022949,0.07364749121755809
real_1m_to_60m,uspto_backgrounds,119,5.163766860961914,,,,,,,,,observed test experiment; 256 recipes,3.793179273605346,0.07533850519192602
real_1m_to_60m,uspto_backgrounds,120,5.557535171508789,,,,,,,,,observed test experiment; 256 recipes,4.1541948318481445,0.07108245641994047
real_1m_to_60m,uspto_backgrounds,121,5.724825382232666,,,,,,,,,observed test experiment; 256 recipes,4.224429607391357,0.07423112439823709
real_1m_to_60m,uspto_backgrounds,122,5.368722915649414,,,,,,,,,observed test experiment; 256 recipes,3.945446014404297,0.07523256804200833
real_1m_to_60m,uspto_backgrounds,123,5.480660438537598,,,,,,,,,observed test experiment; 256 recipes,4.048596858978272,0.07396916418759626
real_1m_to_60m,uspto_backgrounds,124,5.50352668762207,,,,,,,,,observed test experiment; 256 recipes,4.083494663238525,0.07288979743560135
real_1m_to_60m,uspto_backgrounds,125,4.304245948791504,,,,,,,,,observed test experiment; 256 recipes,3.0735561847686768,0.0822516773467139
real_1m_to_60m,uspto_backgrounds,126,4.542839050292969,,,,,,,,,observed test experiment; 256 recipes,3.292105436325073,0.07865113520416171
real_1m_to_60m,uspto_backgrounds,127,5.537012100219727,,,,,,,,,observed test experiment; 256 recipes,4.100168228149414,0.07337609585293844
real_1m_to_60m,uspto_backgrounds,128,5.460451602935791,,,,,,,,,observed test experiment; 256 recipes,3.999865055084229,0.07602459159080466
real_1m_to_60m,uspto_backgrounds,129,5.300503253936768,,,,,,,,,observed test experiment; 256 recipes,3.920912981033325,0.07363260102618152
real_1m_to_60m,uspto_backgrounds,130,5.646945476531982,,,,,,,,,observed test experiment; 256 recipes,4.162084102630615,0.07451713837921434
real_1m_to_60m,uspto_backgrounds,131,4.386434555053711,,,,,,,,,observed test experiment; 256 recipes,3.1449098587036133,0.08126611960197848
real_1m_to_60m,uspto_backgrounds,132,5.13438081741333,,,,,,,,,observed test experiment; 256 recipes,3.720072507858277,0.0786978455095011
real_1m_to_60m,uspto_backgrounds,133,5.101909160614014,,,,,,,,,observed test experiment; 256 recipes,3.6989586353302,0.07853845222043089
real_1m_to_60m,uspto_backgrounds,134,4.592425346374512,,,,,,,,,observed test experiment; 256 recipes,3.354529619216919,0.07671477570358372
real_1m_to_60m,uspto_backgrounds,135,6.107466697692871,,,,,,,,,observed test experiment; 256 recipes,4.617202281951904,0.06831938841648985
real_1m_to_60m,uspto_backgrounds,136,5.427181720733643,,,,,,,,,observed test experiment; 256 recipes,3.956868171691896,0.07717160284168828
real_1m_to_60m,uspto_backgrounds,137,4.324067115783691,,,,,,,,,observed test experiment; 256 recipes,3.0830469131469727,0.08262080796981836
real_1m_to_60m,uspto_backgrounds,138,5.713080883026123,,,,,,,,,observed test experiment; 256 recipes,4.237112522125244,0.0729973758915224
real_1m_to_60m,uspto_backgrounds,139,5.896421909332275,,,,,,,,,observed test experiment; 256 recipes,4.484827041625977,0.06683506375970472
real_1m_to_60m,uspto_backgrounds,140,5.602309226989746,,,,,,,,,observed test experiment; 256 recipes,4.16746711730957,0.07226319740933569
real_1m_to_60m,uspto_backgrounds,141,5.100267887115479,,,,,,,,,observed test experiment; 256 recipes,3.6918632984161377,0.0789288177389855
real_1m_to_60m,uspto_backgrounds,142,5.504794597625732,,,,,,,,,observed test experiment; 256 recipes,4.103131771087647,0.07177435223432299
real_1m_to_60m,uspto_backgrounds,143,5.11584997177124,,,,,,,,,observed test experiment; 256 recipes,3.7373552322387695,0.0766826897685216
real_1m_to_60m,uspto_backgrounds,144,5.501216888427734,,,,,,,,,observed test experiment; 256 recipes,4.075048923492432,0.07329294427005532
real_1m_to_60m,uspto_backgrounds,145,5.209102630615234,,,,,,,,,observed test experiment; 256 recipes,3.8238935470581055,0.07550376861006912
real_1m_to_60m,uspto_backgrounds,146,5.580538272857666,,,,,,,,,observed test experiment; 256 recipes,4.209396839141846,0.06886715646609663
real_1m_to_60m,uspto_backgrounds,147,5.136595249176025,,,,,,,,,observed test experiment; 256 recipes,3.764228820800781,0.07592117384706239
real_1m_to_60m,uspto_backgrounds,148,4.29249906539917,,,,,,,,,observed test experiment; 256 recipes,3.081058979034424,0.08098872206970704
real_1m_to_60m,uspto_backgrounds,149,4.688796520233154,,,,,,,,,observed test experiment; 256 recipes,3.373660087585449,0.08039814544767601
real_1m_to_60m,uspto_backgrounds,150,4.325089931488037,,,,,,,,,observed test experiment; 256 recipes,3.0813260078430176,0.0828149419419793
real_1m_to_60m,uspto_backgrounds,151,5.486486911773682,,,,,,,,,observed test experiment; 256 recipes,3.959347486495972,0.07967304739589119
real_1m_to_60m,uspto_backgrounds,152,4.466926097869873,,,,,,,,,observed test experiment; 256 recipes,3.2162840366363525,0.0802262305862475
real_1m_to_60m,uspto_backgrounds,153,4.807949066162109,,,,,,,,,observed test experiment; 256 recipes,3.500641107559204,0.07750312009275609
real_1m_to_60m,uspto_backgrounds,154,5.460249900817871,,,,,,,,,observed test experiment; 256 recipes,3.961382389068604,0.07837677086412426
real_1m_to_60m,uspto_backgrounds,155,5.332037448883057,,,,,,,,,observed test experiment; 256 recipes,3.880114555358887,0.07763605214611895
real_1m_to_60m,uspto_backgrounds,156,5.460530757904053,,,,,,,,,observed test experiment; 256 recipes,3.948454856872559,0.07918768476952771
real_1m_to_60m,uspto_backgrounds,157,5.0080766677856445,,,,,,,,,observed test experiment; 256 recipes,3.6653997898101807,0.0762306458195399
real_1m_to_60m,uspto_backgrounds,158,5.26578426361084,,,,,,,,,observed test experiment; 256 recipes,3.842024564743042,0.07699172104072864
real_1m_to_60m,uspto_backgrounds,159,4.748310565948486,,,,,,,,,observed test experiment; 256 recipes,3.46563458442688,0.07690928854337283
real_1m_to_60m,uspto_backgrounds,160,4.5746049880981445,,,,,,,,,observed test experiment; 256 recipes,3.305453062057495,0.0793647923187638
real_1m_to_60m,uspto_backgrounds,161,5.388016700744629,,,,,,,,,observed test experiment; 256 recipes,4.014393329620361,0.07187746870688017
real_1m_to_60m,uspto_backgrounds,162,4.602519989013672,,,,,,,,,observed test experiment; 256 recipes,3.3049561977386475,0.08088736848498491
real_1m_to_60m,uspto_backgrounds,163,5.580143928527832,,,,,,,,,observed test experiment; 256 recipes,4.095459938049316,0.07555190752039526
real_1m_to_60m,uspto_backgrounds,164,4.494193077087402,,,,,,,,,observed test experiment; 256 recipes,3.227553129196167,0.08085832203449148
real_1m_to_60m,uspto_backgrounds,165,4.275634765625,,,,,,,,,observed test experiment; 256 recipes,3.059804677963257,0.08171796151315498
real_1m_to_60m,uspto_backgrounds,166,4.992612361907959,,,,,,,,,observed test experiment; 256 recipes,3.625589609146118,0.07814251132356485
real_1m_to_60m,uspto_backgrounds,167,5.008758068084717,,,,,,,,,observed test experiment; 256 recipes,3.69115948677063,0.07455341297602568
real_1m_to_60m,uspto_backgrounds,168,4.709578990936279,,,,,,,,,observed test experiment; 256 recipes,3.4075376987457275,0.07903794243818107
real_1m_to_60m,uspto_backgrounds,169,5.563398361206055,,,,,,,,,observed test experiment; 256 recipes,4.113432884216309,0.07374836228064582
real_1m_to_60m,uspto_backgrounds,170,5.175283908843994,,,,,,,,,observed test experiment; 256 recipes,3.758287191390991,0.07813970587645604
real_1m_to_60m,uspto_backgrounds,171,5.555692195892334,,,,,,,,,observed test experiment; 256 recipes,4.148196697235107,0.07135435466904282
real_1m_to_60m,uspto_backgrounds,172,5.198234081268311,,,,,,,,,observed test experiment; 256 recipes,3.7523193359375,0.07960854901707065
real_1m_to_60m,uspto_backgrounds,173,4.928282737731934,,,,,,,,,observed test experiment; 256 recipes,3.5315158367156982,0.08139603274123484
real_1m_to_60m,uspto_backgrounds,174,5.557855129241943,,,,,,,,,observed test experiment; 256 recipes,4.082964897155762,0.07532068834034822
real_1m_to_60m,uspto_backgrounds,175,5.605427265167236,,,,,,,,,observed test experiment; 256 recipes,4.131339550018311,0.07452562373186482
real_1m_to_60m,uspto_backgrounds,176,4.702589511871338,,,,,,,,,observed test experiment; 256 recipes,3.3848137855529785,0.08030941675067489
real_1m_to_60m,uspto_backgrounds,177,4.5876874923706055,,,,,,,,,observed test experiment; 256 recipes,3.316945075988769,0.0792146035585309
real_1m_to_60m,uspto_backgrounds,178,4.955772399902344,,,,,,,,,observed test experiment; 256 recipes,3.6009204387664795,0.07800114120577623
real_1m_to_60m,uspto_backgrounds,179,4.508311748504639,,,,,,,,,observed test experiment; 256 recipes,3.2503204345703125,0.07990757899945328
real_1m_to_60m,uspto_backgrounds,180,5.579123497009277,,,,,,,,,observed test experiment; 256 recipes,4.149224281311035,0.07232178033897466
real_1m_to_60m,uspto_backgrounds,181,5.207394123077393,,,,,,,,,observed test experiment; 256 recipes,3.83486557006836,0.07472384820255981
real_1m_to_60m,uspto_backgrounds,182,4.7439866065979,,,,,,,,,observed test experiment; 256 recipes,3.389857769012451,0.08208636788756125
real_1m_to_60m,uspto_backgrounds,183,5.680519104003906,,,,,,,,,observed test experiment; 256 recipes,4.296987056732178,0.06817416639968199
real_1m_to_60m,uspto_backgrounds,184,5.405512809753418,,,,,,,,,observed test experiment; 256 recipes,4.032397270202637,0.07157635705194275
real_1m_to_60m,uspto_backgrounds,185,5.38731575012207,,,,,,,,,observed test experiment; 256 recipes,4.030444622039795,0.0708710644645367
real_1m_to_60m,uspto_backgrounds,186,5.791897296905518,,,,,,,,,observed test experiment; 256 recipes,4.333858489990234,0.07082981590408553
real_1m_to_60m,uspto_backgrounds,187,5.223687648773193,,,,,,,,,observed test experiment; 256 recipes,3.843116283416748,0.07496194429035788
real_1m_to_60m,uspto_backgrounds,188,4.636477470397949,,,,,,,,,observed test experiment; 256 recipes,3.329549551010132,0.08087201312827434
real_1m_to_60m,uspto_backgrounds,189,5.277642726898193,,,,,,,,,observed test experiment; 256 recipes,3.891185760498047,0.07443575063755464
real_1m_to_60m,uspto_backgrounds,190,5.709726333618164,,,,,,,,,observed test experiment; 256 recipes,4.228127479553223,0.07337239735735276
real_1m_to_60m,uspto_backgrounds,191,5.519876003265381,,,,,,,,,observed test experiment; 256 recipes,4.061949729919434,0.0749063262298861
real_1m_to_60m,uspto_backgrounds,192,4.935359001159668,,,,,,,,,observed test experiment; 256 recipes,3.588507890701294,0.07783637272198164
real_1m_to_60m,uspto_backgrounds,193,5.14100456237793,,,,,,,,,observed test experiment; 256 recipes,3.7683372497558594,0.07586431465218352
real_1m_to_60m,uspto_backgrounds,194,5.396096706390381,,,,,,,,,observed test experiment; 256 recipes,3.987323760986328,0.07389597680184913
real_1m_to_60m,uspto_backgrounds,195,4.3492302894592285,,,,,,,,,observed test experiment; 256 recipes,3.1137170791625977,0.08162030933277202
real_1m_to_60m,uspto_backgrounds,196,5.593412399291992,,,,,,,,,observed test experiment; 256 recipes,4.139621257781982,0.07351243731972366
real_1m_to_60m,uspto_backgrounds,197,4.832562446594238,,,,,,,,,observed test experiment; 256 recipes,3.5305967330932617,0.07666915829841894
real_1m_to_60m,uspto_backgrounds,198,6.003983020782471,,,,,,,,,observed test experiment; 256 recipes,4.542140007019043,0.06814883636761221
real_1m_to_60m,uspto_backgrounds,199,4.755087375640869,,,,,,,,,observed test experiment; 256 recipes,3.451239585876465,0.07827421452269151
real_1m_to_60m,uspto_backgrounds,200,5.005993366241455,,,,,,,,,observed test experiment; 256 recipes,3.604036808013916,0.08025248243262198
real_1m_to_60m,uspto_backgrounds,201,5.520327091217041,,,,,,,,,observed test experiment; 256 recipes,4.041820049285889,0.07613966330313199
real_1m_to_60m,uspto_backgrounds,202,4.197587490081787,,,,,,,,,observed test experiment; 256 recipes,3.003784418106079,0.08173151567082636
real_1m_to_60m,uspto_backgrounds,203,4.415510654449463,,,,,,,,,observed test experiment; 256 recipes,3.1798412799835205,0.08018187094630581
real_1m_to_60m,uspto_backgrounds,204,5.222962379455566,,,,,,,,,observed test experiment; 256 recipes,3.7991044521331774,0.07774122897164801
real_1m_to_60m,uspto_backgrounds,205,4.963444709777832,,,,,,,,,observed test experiment; 256 recipes,3.5863232612609863,0.07937106323248762
real_1m_to_60m,uspto_backgrounds,206,4.584519863128662,,,,,,,,,observed test experiment; 256 recipes,3.3249590396881104,0.0784565199987989
real_1m_to_60m,uspto_backgrounds,207,5.151602745056152,,,,,,,,,observed test experiment; 256 recipes,3.697141647338867,0.08102588350811799
real_1m_to_60m,uspto_backgrounds,208,5.158651828765869,,,,,,,,,observed test experiment; 256 recipes,3.774644613265991,0.07629280609518323
real_1m_to_60m,uspto_backgrounds,209,4.128716468811035,,,,,,,,,observed test experiment; 256 recipes,2.943828582763672,0.08261532412609104
real_1m_to_60m,uspto_backgrounds,210,4.341973781585693,,,,,,,,,observed test experiment; 256 recipes,3.114628791809082,0.08114096185181045
real_1m_to_60m,uspto_backgrounds,211,5.727494239807129,,,,,,,,,observed test experiment; 256 recipes,4.267233848571777,0.07188264653417331
real_1m_to_60m,uspto_backgrounds,212,5.134174823760986,,,,,,,,,observed test experiment; 256 recipes,3.748119354248047,0.07685355264784156
real_1m_to_60m,uspto_backgrounds,213,5.512366771697998,,,,,,,,,observed test experiment; 256 recipes,4.123401165008545,0.07090651980538051
real_1m_to_60m,uspto_backgrounds,214,4.592406272888184,,,,,,,,,observed test experiment; 256 recipes,3.2847235202789307,0.08184988829735766
real_1m_to_60m,uspto_backgrounds,215,4.791381359100342,,,,,,,,,observed test experiment; 256 recipes,3.508049249649048,0.07614372347176383
real_1m_to_60m,uspto_backgrounds,216,6.264090538024902,,,,,,,,,observed test experiment; 256 recipes,4.800284862518311,0.065006289953373
real_1m_to_60m,uspto_backgrounds,217,5.370142936706543,,,,,,,,,observed test experiment; 256 recipes,3.9978997707366943,0.0720714525622156
real_1m_to_60m,uspto_backgrounds,218,4.341509342193604,,,,,,,,,observed test experiment; 256 recipes,3.116736888885498,0.08094958099958953
real_1m_to_60m,uspto_backgrounds,219,4.353509902954102,,,,,,,,,observed test experiment; 256 recipes,3.09456729888916,0.08336726402547062
real_1m_to_60m,uspto_backgrounds,220,5.009439945220947,,,,,,,,,observed test experiment; 256 recipes,3.628744125366211,0.07875192210265668
real_1m_to_60m,uspto_backgrounds,221,4.1466240882873535,,,,,,,,,observed test experiment; 256 recipes,2.95678448677063,0.0825998324100965
real_1m_to_60m,uspto_backgrounds,222,5.458535194396973,,,,,,,,,observed test experiment; 256 recipes,4.047142505645752,0.07306893493355245
real_1m_to_60m,uspto_backgrounds,223,5.372869968414307,,,,,,,,,observed test experiment; 256 recipes,3.971514225006104,0.07381273536627256
real_1m_to_60m,uspto_backgrounds,224,5.540155410766602,,,,,,,,,observed test experiment; 256 recipes,4.087638854980469,0.07426220288647388
real_1m_to_60m,uspto_backgrounds,225,5.481789588928223,,,,,,,,,observed test experiment; 256 recipes,3.983984231948853,0.07794879699316867
real_1m_to_60m,uspto_backgrounds,226,4.528303623199463,,,,,,,,,observed test experiment; 256 recipes,3.2272841930389404,0.08272543056640107
real_1m_to_60m,uspto_backgrounds,227,5.824373245239258,,,,,,,,,observed test experiment; 256 recipes,4.316476821899414,0.0731770061601204
real_1m_to_60m,uspto_backgrounds,228,5.533122539520264,,,,,,,,,observed test experiment; 256 recipes,4.069660186767578,0.07502856739552553
real_1m_to_60m,uspto_backgrounds,229,5.397272109985352,,,,,,,,,observed test experiment; 256 recipes,4.0228681564331055,0.07178158473647711
real_1m_to_60m,uspto_backgrounds,230,5.542660236358643,,,,,,,,,observed test experiment; 256 recipes,4.110714912414551,0.07299767032906303
real_1m_to_60m,uspto_backgrounds,231,4.869054317474365,,,,,,,,,observed test experiment; 256 recipes,3.5111515522003174,0.07985543637662253
real_1m_to_60m,uspto_backgrounds,232,4.690273284912109,,,,,,,,,observed test experiment; 256 recipes,3.4001057147979736,0.07856796658160904
real_1m_to_60m,uspto_backgrounds,233,4.713068962097168,,,,,,,,,observed test experiment; 256 recipes,3.383915424346924,0.08091791652792375
real_1m_to_60m,uspto_backgrounds,234,5.76284646987915,,,,,,,,,observed test experiment; 256 recipes,4.29996919631958,0.07151905951314547
real_1m_to_60m,uspto_backgrounds,235,4.262146472930908,,,,,,,,,observed test experiment; 256 recipes,3.0498263835906982,0.08174403243196897
real_1m_to_60m,uspto_backgrounds,236,5.292171478271484,,,,,,,,,observed test experiment; 256 recipes,3.8527543544769287,0.07753141801982713
real_1m_to_60m,uspto_backgrounds,237,4.916493892669678,,,,,,,,,observed test experiment; 256 recipes,3.5481762886047363,0.07966156685207652
real_1m_to_60m,uspto_backgrounds,238,4.211073398590088,,,,,,,,,observed test experiment; 256 recipes,3.024653911590576,0.0808239020085133
real_1m_to_60m,uspto_backgrounds,239,5.195292949676514,,,,,,,,,observed test experiment; 256 recipes,3.771923780441284,0.07819758471632328
real_1m_to_60m,uspto_backgrounds,240,5.526491641998291,,,,,,,,,observed test experiment; 256 recipes,4.037696361541748,0.0766615669111489
real_1m_to_60m,uspto_backgrounds,241,5.753133296966553,,,,,,,,,observed test experiment; 256 recipes,4.261943340301514,0.0732765363576573
real_1m_to_60m,uspto_backgrounds,242,5.7110137939453125,,,,,,,,,observed test experiment; 256 recipes,4.234303951263428,0.07307093775831162
real_1m_to_60m,uspto_backgrounds,243,4.808475971221924,,,,,,,,,observed test experiment; 256 recipes,3.484287738800049,0.0786735309895371
real_1m_to_60m,uspto_backgrounds,244,4.7213640213012695,,,,,,,,,observed test experiment; 256 recipes,3.361769914627075,0.08295104250747812
real_1m_to_60m,uspto_backgrounds,245,4.995213031768799,,,,,,,,,observed test experiment; 256 recipes,3.578272581100464,0.08147821718642251
real_1m_to_60m,uspto_backgrounds,246,5.751611709594727,,,,,,,,,observed test experiment; 256 recipes,4.26162052154541,0.07323043193677471
real_1m_to_60m,uspto_backgrounds,247,5.745131492614746,,,,,,,,,observed test experiment; 256 recipes,4.261300086975098,0.07297346283977608
real_1m_to_60m,uspto_backgrounds,248,5.594217300415039,,,,,,,,,observed test experiment; 256 recipes,4.211211681365967,0.0693598250927617
real_1m_to_60m,uspto_backgrounds,249,5.748342037200928,,,,,,,,,observed test experiment; 256 recipes,4.2665205001831055,0.07281088424362546
real_1m_to_60m,uspto_backgrounds,250,6.149457931518555,,,,,,,,,observed test experiment; 256 recipes,4.716253757476807,0.06480869982486671
real_1m_to_60m,uspto_backgrounds,251,5.468470573425293,,,,,,,,,observed test experiment; 256 recipes,4.032654762268066,0.07438896776373384
real_1m_to_60m,uspto_backgrounds,252,4.50330114364624,,,,,,,,,observed test experiment; 256 recipes,3.2620370388031006,0.07875713722786115
real_1m_to_60m,uspto_backgrounds,253,5.444072246551514,,,,,,,,,observed test experiment; 256 recipes,3.992548704147339,0.07573802128870005
real_1m_to_60m,uspto_backgrounds,254,5.382753849029541,,,,,,,,,observed test experiment; 256 recipes,3.9640920162200928,0.07471849944335512
real_1m_to_60m,uspto_backgrounds,255,4.75361967086792,,,,,,,,,observed test experiment; 256 recipes,3.4429194927215576,0.07878832807496754
real_1m_to_60m,uspto_backgrounds,256,5.99925422668457,,,,,,,,,observed test experiment; 256 recipes,4.4944329261779785,0.07053526105949219
estimated,wikipedia_en,1,5.639575004577637,1.6347,1.2475,0.13445207859692906,0.13523066350874755,0.0007785849118184807,0.9999767912557632,0.003164237768057056,3.0,estimated A12-A15; shared 63 recipes; not independent experiment,,
estimated,wikipedia_en,2,5.42556619644165,1.8164,1.43,0.11880839334407714,0.11952472877896024,0.0007163354348831003,0.9999748480917066,0.002911250402169755,3.0,estimated A12-A15; shared 63 recipes; not independent experiment,,
estimated,wikipedia_en,3,5.933119773864746,1.9293,1.5116,0.12197083784271376,0.12256640165460121,0.0005955638118874534,0.9999834780523394,0.0024204238718946746,3.0,estimated A12-A15; shared 63 recipes; not independent experiment,,
estimated,wikipedia_en,4,5.858128547668457,2.0186,1.5972,0.11567715711522099,0.11648878747026264,0.0008116303550416565,0.9999659854812469,0.0032985373645710277,3.0,estimated A12-A15; shared 63 recipes; not independent experiment,,
estimated,wikipedia_en,5,5.8146257400512695,2.2517,1.8171,0.1030028096655621,0.10425855863559134,0.0012557489700292385,0.9998980334754216,0.005103474595834213,3.0,estimated A12-A15; shared 63 recipes; not independent experiment,,
estimated,wikipedia_en,6,5.401707172393799,1.6679,1.2925,0.12759025715466646,0.12819152066789208,0.0006012635132256194,0.9999846073637003,0.002443587960958067,3.0,estimated A12-A15; shared 63 recipes; not independent experiment,,
estimated,wikipedia_en,7,5.565597534179688,2.1823,1.7529,0.10164933631837905,0.10355923714299882,0.0019099008246197674,0.999759999150305,0.007762005441886331,3.0,estimated A12-A15; shared 63 recipes; not independent experiment,,
estimated,wikipedia_en,8,5.785682678222656,1.7047,1.302,0.13267666236987044,0.13369050967625049,0.0010138473063800446,0.9999596888075747,0.004120364894303101,3.0,estimated A12-A15; shared 63 recipes; not independent experiment,,
estimated,wikipedia_en,9,6.18618631362915,1.6294,1.2194,0.14484882095880106,0.14556502248236278,0.0007162015235617214,0.9999830597263667,0.002910706174746074,3.0,estimated A12-A15; shared 63 recipes; not independent experiment,,
estimated,wikipedia_en,10,4.815326690673828,1.6512,1.2996,0.11620651918905354,0.11740031869999325,0.0011937995109397026,0.9999274062970305,0.004851706528939762,3.0,estimated A12-A15; shared 63 recipes; not independent experiment,,
estimated,wikipedia_en,11,6.082755088806152,1.7098,1.2986,0.13778875449586797,0.1384130778476443,0.0006243233517763402,0.9999857662867002,0.0025373051791573995,3.0,estimated A12-A15; shared 63 recipes; not independent experiment,,
estimated,wikipedia_en,12,5.977132320404053,1.7125,1.301,0.13571557252217467,0.13667743525982956,0.0009618627376548894,0.9999652969684317,0.003909095020947465,3.0,estimated A12-A15; shared 63 recipes; not independent experiment,,
estimated,wikipedia_en,13,5.94351863861084,1.9163,1.4966,0.12289503234329774,0.12361728970993695,0.000722257366639209,0.999976097763118,0.002935317655256883,3.0,estimated A12-A15; shared 63 recipes; not independent experiment,,
estimated,wikipedia_en,14,5.507219314575195,2.2264,1.8106,0.09833229461364992,0.09971105883848917,0.001378764224839249,0.9998654626441438,0.005603419443735331,3.0,estimated A12-A15; shared 63 recipes; not independent experiment,,
estimated,wikipedia_en,15,5.286471366882324,1.9293,1.5437,0.10944152999434847,0.1103389396265644,0.0008974096322159203,0.9999536176026078,0.0036471519144183266,3.0,estimated A12-A15; shared 63 recipes; not independent experiment,,
estimated,wikipedia_en,16,6.137884616851807,2.5032,2.0437,0.09738079248519867,0.0985741818228696,0.001193389337670936,0.9998969780337579,0.004850039548590091,3.0,estimated A12-A15; shared 63 recipes; not independent experiment,,
estimated,wikipedia_en,17,6.0802001953125,2.2266,1.7817,0.10906891856468894,0.11002528629801056,0.0009563677333216253,0.9999470038680146,0.0038867628385702954,3.0,estimated A12-A15; shared 63 recipes; not independent experiment,,
estimated,wikipedia_en,18,5.453532695770264,2.1519,1.7513,0.10096395891658727,0.10181783102705404,0.0008538721104667663,0.9999506786165243,0.003470211585168114,3.0,estimated A12-A15; shared 63 recipes; not independent experiment,,
estimated,wikipedia_en,19,5.283300876617432,2.0638,1.6663,0.1020594339347049,0.10343488313313641,0.0013754491984315081,0.9998756161885359,0.005589946883964053,3.0,estimated A12-A15; shared 63 recipes; not independent experiment,,
estimated,wikipedia_en,20,5.386486530303955,1.8739,1.4794,0.11463979174128995,0.11583252994377152,0.001192738202481572,0.9999255545376806,0.00484739327773779,3.0,estimated A12-A15; shared 63 recipes; not independent experiment,,
estimated,wikipedia_en,21,5.580223083496094,1.808,1.4102,0.1223632837907208,0.12329386237960344,0.0009305785888826384,0.9999600703734016,0.0037819534804629782,3.0,estimated A12-A15; shared 63 recipes; not independent experiment,,
estimated,wikipedia_en,22,6.369202136993408,2.2744,1.8087,0.11180454636600884,0.11283951099569439,0.001034964629685553,0.9999409749205929,0.004206187559177813,3.0,estimated A12-A15; shared 63 recipes; not independent experiment,,
estimated,wikipedia_en,23,6.020731449127197,2.1054,1.6711,0.1140786594031773,0.11488865909506171,0.0008099996918844166,0.9999651699823062,0.0032919102056434956,3.0,estimated A12-A15; shared 63 recipes; not independent experiment,,
estimated,wikipedia_en,24,6.444605350494385,1.8275,1.3895,0.13683473547530323,0.1375282338798163,0.0006934984045130765,0.9999822047423604,0.0028184386960729696,3.0,estimated A12-A15; shared 63 recipes; not independent experiment,,
estimated,wikipedia_en,25,6.2719340324401855,2.1382,1.6904,0.1168382891562647,0.1175233180192963,0.0006850288630316087,0.9999762108487198,0.0027840177323127683,3.0,estimated A12-A15; shared 63 recipes; not independent experiment,,
estimated,wikipedia_en,26,5.573357582092285,1.9713,1.5514,0.11284104650521948,0.1146299035099102,0.0017888570046907248,0.9998284558093773,0.00727007267926081,3.0,estimated A12-A15; shared 63 recipes; not independent experiment,,
estimated,wikipedia_en,27,5.313239574432373,1.9992,1.6058,0.10612578890215695,0.10725643544376795,0.001130646541611005,0.9999219664468606,0.004595047290260141,3.0,estimated A12-A15; shared 63 recipes; not independent experiment,,
estimated,wikipedia_en,28,5.891059398651123,2.0128,1.5942,0.11659819447943705,0.11715977513786938,0.0005615806584323285,0.9999839232984159,0.002282313338273731,3.0,estimated A12-A15; shared 63 recipes; not independent experiment,,
estimated,wikipedia_en,29,6.317204475402832,1.7241,1.2967,0.14099062063028278,0.14193426383738414,0.0009436432071013579,0.9999690349855317,0.0038350492414589684,3.0,estimated A12-A15; shared 63 recipes; not independent experiment,,
estimated,wikipedia_en,30,5.272236347198486,1.6859,1.313,0.12379076504892593,0.12460638356105769,0.0008156185121317577,0.9999699879260141,0.003314745586818774,3.0,estimated A12-A15; shared 63 recipes; not independent experiment,,
estimated,wikipedia_en,31,5.005675315856934,1.7295,1.3638,0.11538552752586509,0.11655326387235802,0.0011677363464929341,0.9999295346868244,0.004745783529346835,3.0,estimated A12-A15; shared 63 recipes; not independent experiment,,
estimated,wikipedia_en,32,6.266665935516357,1.5767,1.1744,0.14982186906274897,0.15009407349360326,0.0002722044308542948,0.999997702870589,0.0011062628207500738,3.0,estimated A12-A15; shared 63 recipes; not independent experiment,,
estimated,wikipedia_en,33,5.976674556732178,1.7789,1.3726,0.13157701826428464,0.13186845928451385,0.0002914410202292106,0.9999965876827801,0.0011844420170134338,3.0,estimated A12-A15; shared 63 recipes; not independent experiment,,
estimated,wikipedia_en,34,6.635139465332031,2.1739,1.6987,0.12115262331895282,0.1221303189628683,0.0009776956439154771,0.9999550680365187,0.003973441348762762,3.0,estimated A12-A15; shared 63 recipes; not independent experiment,,
estimated,wikipedia_en,35,5.003716468811035,1.7146,1.36,0.11628246835333785,0.11676828410105498,0.00048581574771713876,0.9999878925690147,0.0019743980571791933,3.0,estimated A12-A15; shared 63 recipes; not independent experiment,,
estimated,wikipedia_en,36,6.496055603027344,2.5116,2.0438,0.10317481480224239,0.10365349362011159,0.0004786788178691992,0.9999850788293395,0.0019453929446604083,3.0,estimated A12-A15; shared 63 recipes; not independent experiment,,
estimated,wikipedia_en,37,4.998081684112549,1.9229,1.552,0.10371166253215301,0.1048300010539656,0.0011183385218125896,0.9999200748255495,0.004545026411991069,3.0,estimated A12-A15; shared 63 recipes; not independent experiment,,
estimated,wikipedia_en,38,5.689024925231934,1.904,1.4943,0.11884272312270011,0.11983246474936178,0.0009897416266616693,0.9999521636639209,0.0040223972853346635,3.0,estimated A12-A15; shared 63 recipes; not independent experiment,,
estimated,wikipedia_en,39,4.968809604644775,1.792,1.4288,0.11072858759945556,0.11171722629948366,0.000988638700028105,0.9999450640754021,0.004017914894196378,3.0,estimated A12-A15; shared 63 recipes; not independent experiment,,
estimated,wikipedia_en,40,6.1054534912109375,2.0249,1.5973,0.11982858673426476,0.12018981470494858,0.00036122797068381673,0.9999936864566054,0.0014680623402355914,3.0,estimated A12-A15; shared 63 recipes; not independent experiment,,
estimated,wikipedia_en,41,5.891500949859619,2.0438,1.6261,0.11494688930519374,0.11539058603249351,0.0004436967272997694,0.9999896603707008,0.0018032226424811192,3.0,estimated A12-A15; shared 63 recipes; not independent experiment,,
estimated,wikipedia_en,42,5.411044597625732,1.9713,1.5691,0.10963209786897854,0.11096380022484005,0.001331702355861511,0.9998987685313957,0.005412155856431774,3.0,estimated A12-A15; shared 63 recipes; not independent experiment,,
estimated,wikipedia_en,43,5.243008136749268,1.9769,1.5869,0.1058989575741813,0.10712496780847401,0.0012260102342927098,0.9999079715162655,0.004982613750262505,3.0,estimated A12-A15; shared 63 recipes; not independent experiment,,
estimated,wikipedia_en,44,6.294333934783936,2.2164,1.7602,0.11332540960705181,0.1142160093954431,0.0008905997883912886,0.9999573763728461,0.003619476108353397,3.0,estimated A12-A15; shared 63 recipes; not independent experiment,,
estimated,wikipedia_en,45,6.57130241394043,1.8941,1.446,0.1350621374944261,0.13570069287887615,0.0006385553844500402,0.9999845068743126,0.0025951454154869522,3.0,estimated A12-A15; shared 63 recipes; not independent experiment,,
estimated,wikipedia_en,46,5.045565605163574,1.9192,1.5471,0.10494740562940132,0.1059610078291608,0.001013602199759489,0.9999357820629935,0.004119368759373858,3.0,estimated A12-A15; shared 63 recipes; not independent experiment,,
estimated,wikipedia_en,47,4.974913120269775,1.3918,1.0555,0.13830216716451185,0.13897082321401014,0.0006686560494982841,0.999983800823433,0.002717477173710924,3.0,estimated A12-A15; shared 63 recipes; not independent experiment,,
estimated,wikipedia_en,48,5.667662143707275,1.8765,1.4714,0.1200138461927805,0.12087953576518744,0.0008656895724069441,0.9999640592568352,0.0035182387930246936,3.0,estimated A12-A15; shared 63 recipes; not independent experiment,,
estimated,wikipedia_en,49,6.172852516174316,1.8619,1.429,0.13013238721282305,0.13115393470787318,0.0010215474950501235,0.9999574703934268,0.004151659140365523,3.0,estimated A12-A15; shared 63 recipes; not independent experiment,,
estimated,wikipedia_en,50,5.298296451568604,1.7886,1.4118,0.11790575699375047,0.11854519188014642,0.0006394348863959509,0.9999796334843645,0.002598719788984588,3.0,estimated A12-A15; shared 63 recipes; not independent experiment,,
estimated,wikipedia_en,51,6.630948543548584,1.9471,1.4882,0.13304685025127183,0.13393214176888374,0.000885291517611908,0.9999693928582433,0.003597902827612612,3.0,estimated A12-A15; shared 63 recipes; not independent experiment,,
estimated,wikipedia_en,52,6.295225143432617,2.3449,1.8773,0.10722173506571435,0.10845551161348035,0.001233776547766005,0.9999090784353494,0.0050141767333589,3.0,estimated A12-A15; shared 63 recipes; not independent experiment,,
estimated,wikipedia_en,53,6.188725471496582,1.8753,1.4476,0.12963261610752383,0.13022494868123305,0.00059233257370922,0.9999855254053266,0.002407291834879856,3.0,estimated A12-A15; shared 63 recipes; not independent experiment,,
estimated,wikipedia_en,54,5.633344650268555,1.9459,1.5357,0.11541145107238474,0.11650124175524804,0.0010897906828633008,0.9999385980919763,0.004429005476023001,3.0,estimated A12-A15; shared 63 recipes; not independent experiment,,
estimated,wikipedia_en,55,6.162235736846924,2.1223,1.6776,0.11573288355056141,0.116623004559828,0.0008901210092665951,0.9999591657578539,0.003617530307753033,3.0,estimated A12-A15; shared 63 recipes; not independent experiment,,
estimated,wikipedia_en,56,5.797713279724121,2.2695,1.8437,0.10183163671490665,0.10269482147609238,0.0008631847611857285,0.9999504535169955,0.003508059019248326,3.0,estimated A12-A15; shared 63 recipes; not independent experiment,,
estimated,wikipedia_en,57,5.615074157714844,1.7032,1.3028,0.1295224619720641,0.13095250935806044,0.0014300473859963359,0.9999162376653792,0.00581183873485606,3.0,estimated A12-A15; shared 63 recipes; not independent experiment,,
estimated,wikipedia_en,58,5.149438858032227,1.6176,1.2602,0.1257221919151727,0.12617297432988786,0.0004507824147151618,0.9999910751536636,0.0018320195012335179,3.0,estimated A12-A15; shared 63 recipes; not independent experiment,,
estimated,wikipedia_en,59,6.555839538574219,1.8486,1.4073,0.13744634162250896,0.13792117765316325,0.0004748360306542909,0.9999917131454142,0.0019297755184099802,3.0,estimated A12-A15; shared 63 recipes; not independent experiment,,
estimated,wikipedia_en,60,6.070940971374512,2.0208,1.5833,0.11943316924374843,0.12047079204558178,0.0010376228018333516,0.9999479676307639,0.0042169906052892045,3.0,estimated A12-A15; shared 63 recipes; not independent experiment,,
estimated,wikipedia_en,61,5.93869686126709,2.2332,1.79,0.10619088456309198,0.107497954045391,0.001307069482299028,0.9998960791171887,0.005312045685172421,3.0,estimated A12-A15; shared 63 recipes; not independent experiment,,
estimated,wikipedia_en,62,5.881320476531982,2.161,1.73,0.10870501952985716,0.10968379535046743,0.0009787758206102753,0.9999441371725412,0.003977831282143057,3.0,estimated A12-A15; shared 63 recipes; not independent experiment,,
estimated,wikipedia_en,63,6.050186634063721,2.218,1.763,0.10895180750296542,0.11052747645207717,0.0015756689491117498,0.9998569616082804,0.006403657614028879,3.0,estimated A12-A15; shared 63 recipes; not independent experiment,,
real_1m_to_60m,wikipedia_en,1,5.786686897277832,,,,,,,,,observed test experiment; 256 recipes,4.429556369781494,0.06527552231835929
real_1m_to_60m,wikipedia_en,2,5.70341682434082,,,,,,,,,observed test experiment; 256 recipes,4.337239742279053,0.0668793972415065
real_1m_to_60m,wikipedia_en,3,5.9705963134765625,,,,,,,,,observed test experiment; 256 recipes,4.611217021942139,0.06310045118185001
real_1m_to_60m,wikipedia_en,4,5.785333156585693,,,,,,,,,observed test experiment; 256 recipes,4.403463363647461,0.06666136304996957
real_1m_to_60m,wikipedia_en,5,6.208548545837402,,,,,,,,,observed test experiment; 256 recipes,4.896440982818604,0.05798694401896223
real_1m_to_60m,wikipedia_en,6,5.897330284118652,,,,,,,,,observed test experiment; 256 recipes,4.521832942962647,0.06486565071738733
real_1m_to_60m,wikipedia_en,7,7.166999340057373,,,,,,,,,observed test experiment; 256 recipes,5.70850944519043,0.055571560907196914
real_1m_to_60m,wikipedia_en,8,6.3928656578063965,,,,,,,,,observed test experiment; 256 recipes,4.9715776443481445,0.061412858781949575
real_1m_to_60m,wikipedia_en,9,5.761311054229736,,,,,,,,,observed test experiment; 256 recipes,4.43239688873291,0.06404555412027975
real_1m_to_60m,wikipedia_en,10,6.253468036651611,,,,,,,,,observed test experiment; 256 recipes,4.870133876800537,0.061063441315552414
real_1m_to_60m,wikipedia_en,11,5.827968597412109,,,,,,,,,observed test experiment; 256 recipes,4.4849534034729,0.06397614809133574
real_1m_to_60m,wikipedia_en,12,5.619059085845947,,,,,,,,,observed test experiment; 256 recipes,4.3343281745910645,0.06340394715207476
real_1m_to_60m,wikipedia_en,13,5.707287311553955,,,,,,,,,observed test experiment; 256 recipes,4.339821815490723,0.06689972934714314
real_1m_to_60m,wikipedia_en,14,4.850355625152588,,,,,,,,,observed test experiment; 256 recipes,3.581144332885742,0.07409479759959033
real_1m_to_60m,wikipedia_en,15,5.010171890258789,,,,,,,,,observed test experiment; 256 recipes,3.7156670093536377,0.07300607275024355
real_1m_to_60m,wikipedia_en,16,6.345938682556152,,,,,,,,,observed test experiment; 256 recipes,4.890394687652588,0.06363460947824626
real_1m_to_60m,wikipedia_en,17,5.922251224517822,,,,,,,,,observed test experiment; 256 recipes,4.554200172424316,0.06415354766972306
real_1m_to_60m,wikipedia_en,18,6.347979545593262,,,,,,,,,observed test experiment; 256 recipes,4.969221591949463,0.05980771042894309
real_1m_to_60m,wikipedia_en,19,6.643282413482666,,,,,,,,,observed test experiment; 256 recipes,5.159398078918457,0.061740348318127705
real_1m_to_60m,wikipedia_en,20,6.6664886474609375,,,,,,,,,observed test experiment; 256 recipes,5.260273456573486,0.0578628067833883
real_1m_to_60m,wikipedia_en,21,6.083395481109619,,,,,,,,,observed test experiment; 256 recipes,4.721073627471924,0.061921210183738966
real_1m_to_60m,wikipedia_en,22,6.474578857421875,,,,,,,,,observed test experiment; 256 recipes,5.063848972320557,0.060023454256219216
real_1m_to_60m,wikipedia_en,23,5.526055335998535,,,,,,,,,observed test experiment; 256 recipes,4.1897711753845215,0.06761231636329648
real_1m_to_60m,wikipedia_en,24,5.074743270874023,,,,,,,,,observed test experiment; 256 recipes,3.7796010971069336,0.07196694317088258
real_1m_to_60m,wikipedia_en,25,5.723810195922852,,,,,,,,,observed test experiment; 256 recipes,4.38179874420166,0.06525473991349436
real_1m_to_60m,wikipedia_en,26,6.864594459533691,,,,,,,,,observed test experiment; 256 recipes,5.51939582824707,0.05327069025009727
real_1m_to_60m,wikipedia_en,27,6.18751859664917,,,,,,,,,observed test experiment; 256 recipes,4.771812438964844,0.06345531757028725
real_1m_to_60m,wikipedia_en,28,5.422136306762695,,,,,,,,,observed test experiment; 256 recipes,4.07346248626709,0.06985160004844364
real_1m_to_60m,wikipedia_en,29,6.077332496643066,,,,,,,,,observed test experiment; 256 recipes,4.684310436248779,0.06358701428758048
real_1m_to_60m,wikipedia_en,30,5.765146255493164,,,,,,,,,observed test experiment; 256 recipes,4.431412696838379,0.06426232393103423
real_1m_to_60m,wikipedia_en,31,6.408310413360596,,,,,,,,,observed test experiment; 256 recipes,4.999409198760986,0.06063874233117971
real_1m_to_60m,wikipedia_en,32,6.326297283172607,,,,,,,,,observed test experiment; 256 recipes,4.91691780090332,0.06155643298903134
real_1m_to_60m,wikipedia_en,33,5.009446144104004,,,,,,,,,observed test experiment; 256 recipes,3.733511924743652,0.07180051140429179
real_1m_to_60m,wikipedia_en,34,4.909939289093018,,,,,,,,,observed test experiment; 256 recipes,3.624446630477905,0.07414128180403598
real_1m_to_60m,wikipedia_en,35,5.203149318695068,,,,,,,,,observed test experiment; 256 recipes,3.886514186859131,0.07125717341716288
real_1m_to_60m,wikipedia_en,36,5.554932117462158,,,,,,,,,observed test experiment; 256 recipes,4.219819068908691,0.06713991612037844
real_1m_to_60m,wikipedia_en,37,6.37013053894043,,,,,,,,,observed test experiment; 256 recipes,4.934205055236816,0.06238565938540419
real_1m_to_60m,wikipedia_en,38,6.526838302612305,,,,,,,,,observed test experiment; 256 recipes,5.104249000549316,0.06004607374098983
real_1m_to_60m,wikipedia_en,39,6.264334678649902,,,,,,,,,observed test experiment; 256 recipes,4.798460006713867,0.06510867554296253
real_1m_to_60m,wikipedia_en,40,5.2967209815979,,,,,,,,,observed test experiment; 256 recipes,3.970324993133545,0.07039954463976682
real_1m_to_60m,wikipedia_en,41,5.351922035217285,,,,,,,,,observed test experiment; 256 recipes,4.030364036560059,0.06926604428805833
real_1m_to_60m,wikipedia_en,42,4.854165077209473,,,,,,,,,observed test experiment; 256 recipes,3.6010091304779053,0.07293548221813335
real_1m_to_60m,wikipedia_en,43,4.7230305671691895,,,,,,,,,observed test experiment; 256 recipes,3.49935245513916,0.07324071527358354
real_1m_to_60m,wikipedia_en,44,6.191572189331055,,,,,,,,,observed test experiment; 256 recipes,4.800480365753174,0.0621523298925753
real_1m_to_60m,wikipedia_en,45,6.100428104400635,,,,,,,,,observed test experiment; 256 recipes,4.712309837341309,0.06305789527512128
real_1m_to_60m,wikipedia_en,46,4.988371849060059,,,,,,,,,observed test experiment; 256 recipes,3.716129779815674,0.0719106133720313
real_1m_to_60m,wikipedia_en,47,6.330008506774902,,,,,,,,,observed test experiment; 256 recipes,4.90600061416626,0.06224256535852245
real_1m_to_60m,wikipedia_en,48,6.2235026359558105,,,,,,,,,observed test experiment; 256 recipes,4.804431438446045,0.06320771511043802
real_1m_to_60m,wikipedia_en,49,6.120493412017822,,,,,,,,,observed test experiment; 256 recipes,4.79534387588501,0.059593737451272895
real_1m_to_60m,wikipedia_en,50,6.132803916931152,,,,,,,,,observed test experiment; 256 recipes,4.707140922546387,0.06461873186474609
real_1m_to_60m,wikipedia_en,51,5.883388519287109,,,,,,,,,observed test experiment; 256 recipes,4.52176570892334,0.064291197183274
real_1m_to_60m,wikipedia_en,52,6.198328495025635,,,,,,,,,observed test experiment; 256 recipes,4.822075843811035,0.061322428039850815
real_1m_to_60m,wikipedia_en,53,5.378202438354492,,,,,,,,,observed test experiment; 256 recipes,4.069576263427734,0.06809766813386962
real_1m_to_60m,wikipedia_en,54,5.50518798828125,,,,,,,,,observed test experiment; 256 recipes,4.190983295440674,0.06661763097166276
real_1m_to_60m,wikipedia_en,55,5.749536514282227,,,,,,,,,observed test experiment; 256 recipes,4.374230861663818,0.06677223665174435
real_1m_to_60m,wikipedia_en,56,5.278889179229736,,,,,,,,,observed test experiment; 256 recipes,3.960079908370972,0.07020696098000512
real_1m_to_60m,wikipedia_en,57,6.54668664932251,,,,,,,,,observed test experiment; 256 recipes,5.142919063568115,0.058944290950568586
real_1m_to_60m,wikipedia_en,58,5.35609245300293,,,,,,,,,observed test experiment; 256 recipes,4.029520988464356,0.06950738450577985
real_1m_to_60m,wikipedia_en,59,5.8336181640625,,,,,,,,,observed test experiment; 256 recipes,4.506815910339356,0.06302511126623794
real_1m_to_60m,wikipedia_en,60,6.187796592712402,,,,,,,,,observed test experiment; 256 recipes,4.790255546569824,0.06252412248579052
real_1m_to_60m,wikipedia_en,61,4.952446937561035,,,,,,,,,observed test experiment; 256 recipes,3.710781812667847,0.07049704666457374
real_1m_to_60m,wikipedia_en,62,5.618038177490234,,,,,,,,,observed test experiment; 256 recipes,4.256388187408447,0.067791452985802
real_1m_to_60m,wikipedia_en,63,6.518179893493652,,,,,,,,,observed test experiment; 256 recipes,5.193777561187744,0.0554750314394373
real_1m_to_60m,wikipedia_en,64,6.187495708465576,,,,,,,,,observed test experiment; 256 recipes,4.806929111480713,0.061663591964206454
real_1m_to_60m,wikipedia_en,65,5.666648864746094,,,,,,,,,observed test experiment; 256 recipes,4.330770969390869,0.06566431589722123
real_1m_to_60m,wikipedia_en,66,6.0848588943481445,,,,,,,,,observed test experiment; 256 recipes,4.813626289367676,0.05723817991529345
real_1m_to_60m,wikipedia_en,67,6.293796062469482,,,,,,,,,observed test experiment; 256 recipes,4.906581878662109,0.06081238354967578
real_1m_to_60m,wikipedia_en,68,5.361608982086182,,,,,,,,,observed test experiment; 256 recipes,4.030405044555664,0.06970523137039131
real_1m_to_60m,wikipedia_en,69,6.187719821929932,,,,,,,,,observed test experiment; 256 recipes,4.821005821228027,0.06095824798119745
real_1m_to_60m,wikipedia_en,70,5.572514533996582,,,,,,,,,observed test experiment; 256 recipes,4.23582649230957,0.06698701675872486
real_1m_to_60m,wikipedia_en,71,4.947737216949463,,,,,,,,,observed test experiment; 256 recipes,3.6627585887908936,0.07344613119584556
real_1m_to_60m,wikipedia_en,72,5.98659086227417,,,,,,,,,observed test experiment; 256 recipes,4.653733730316162,0.06151222935280283
real_1m_to_60m,wikipedia_en,73,5.882991790771484,,,,,,,,,observed test experiment; 256 recipes,4.553611755371094,0.06256061894835258
real_1m_to_60m,wikipedia_en,74,5.702586650848389,,,,,,,,,observed test experiment; 256 recipes,4.416444301605225,0.06242389977813223
real_1m_to_60m,wikipedia_en,75,4.93144416809082,,,,,,,,,observed test experiment; 256 recipes,3.643186330795288,0.07394912932158837
real_1m_to_60m,wikipedia_en,76,5.496950626373291,,,,,,,,,observed test experiment; 256 recipes,4.117405414581299,0.07057791333473724
real_1m_to_60m,wikipedia_en,77,4.760856628417969,,,,,,,,,observed test experiment; 256 recipes,3.52771258354187,0.073217567274442
real_1m_to_60m,wikipedia_en,78,6.280040740966797,,,,,,,,,observed test experiment; 256 recipes,4.927417278289795,0.05924305882143958
real_1m_to_60m,wikipedia_en,79,6.9945902824401855,,,,,,,,,observed test experiment; 256 recipes,5.3881659507751465,0.06372985257478346
real_1m_to_60m,wikipedia_en,80,5.359389305114746,,,,,,,,,observed test experiment; 256 recipes,4.051571369171143,0.0683247905667249
real_1m_to_60m,wikipedia_en,81,5.429421424865723,,,,,,,,,observed test experiment; 256 recipes,4.122794628143311,0.06723941555931268
real_1m_to_60m,wikipedia_en,82,6.1608195304870605,,,,,,,,,observed test experiment; 256 recipes,4.7485175132751465,0.06359438941661197
real_1m_to_60m,wikipedia_en,83,5.264849662780762,,,,,,,,,observed test experiment; 256 recipes,3.913282632827759,0.07245995464724306
real_1m_to_60m,wikipedia_en,84,5.718171119689941,,,,,,,,,observed test experiment; 256 recipes,4.346414566040039,0.06699430109980535
real_1m_to_60m,wikipedia_en,85,6.656164169311523,,,,,,,,,observed test experiment; 256 recipes,5.176577091217041,0.06140160399417004
real_1m_to_60m,wikipedia_en,86,6.233975887298584,,,,,,,,,observed test experiment; 256 recipes,4.916659832000732,0.057978732805889034
real_1m_to_60m,wikipedia_en,87,5.671886920928955,,,,,,,,,observed test experiment; 256 recipes,4.449618339538574,0.059277748336024956
real_1m_to_60m,wikipedia_en,88,5.419425964355469,,,,,,,,,observed test experiment; 256 recipes,4.093541145324707,0.06852855048692125
real_1m_to_60m,wikipedia_en,89,4.840480327606201,,,,,,,,,observed test experiment; 256 recipes,3.5870072841644287,0.07319748575887662
real_1m_to_60m,wikipedia_en,90,6.040657043457031,,,,,,,,,observed test experiment; 256 recipes,4.680165767669678,0.06232481278436917
real_1m_to_60m,wikipedia_en,91,5.823311805725098,,,,,,,,,observed test experiment; 256 recipes,4.443683624267578,0.06603876566647103
real_1m_to_60m,wikipedia_en,92,6.238379001617432,,,,,,,,,observed test experiment; 256 recipes,4.845702171325684,0.06170174677993068
real_1m_to_60m,wikipedia_en,93,6.728973388671875,,,,,,,,,observed test experiment; 256 recipes,5.359809875488281,0.055563004665568204
real_1m_to_60m,wikipedia_en,94,4.97205114364624,,,,,,,,,observed test experiment; 256 recipes,3.681314706802368,0.07340918911383598
real_1m_to_60m,wikipedia_en,95,4.868087768554688,,,,,,,,,observed test experiment; 256 recipes,3.583370923995972,0.07483426070602185
real_1m_to_60m,wikipedia_en,96,6.351716041564941,,,,,,,,,observed test experiment; 256 recipes,4.936298847198486,0.06157498133142925
real_1m_to_60m,wikipedia_en,97,5.77000617980957,,,,,,,,,observed test experiment; 256 recipes,4.478520393371582,0.061885467906697945
real_1m_to_60m,wikipedia_en,98,6.041647434234619,,,,,,,,,observed test experiment; 256 recipes,4.689832210540772,0.0618609203757125
real_1m_to_60m,wikipedia_en,99,6.364228248596191,,,,,,,,,observed test experiment; 256 recipes,4.953299522399902,0.06121591549204469
real_1m_to_60m,wikipedia_en,100,6.301149845123291,,,,,,,,,observed test experiment; 256 recipes,4.862703323364258,0.06329159777845893
real_1m_to_60m,wikipedia_en,101,6.388203144073486,,,,,,,,,observed test experiment; 256 recipes,4.999231338500977,0.059879880330819646
real_1m_to_60m,wikipedia_en,102,6.3181915283203125,,,,,,,,,observed test experiment; 256 recipes,4.905739784240723,0.06179917411992072
real_1m_to_60m,wikipedia_en,103,6.52901029586792,,,,,,,,,observed test experiment; 256 recipes,5.008052349090576,0.0647742949526141
real_1m_to_60m,wikipedia_en,104,5.570090293884277,,,,,,,,,observed test experiment; 256 recipes,4.229249954223633,0.0672602412484915
real_1m_to_60m,wikipedia_en,105,4.938888549804688,,,,,,,,,observed test experiment; 256 recipes,3.650546073913574,0.07382464901982773
real_1m_to_60m,wikipedia_en,106,5.588381767272949,,,,,,,,,observed test experiment; 256 recipes,4.27225399017334,0.0655900351292449
real_1m_to_60m,wikipedia_en,107,5.454573631286621,,,,,,,,,observed test experiment; 256 recipes,4.134875297546387,0.0676536331283003
real_1m_to_60m,wikipedia_en,108,5.80122184753418,,,,,,,,,observed test experiment; 256 recipes,4.45193338394165,0.06465750123986384
real_1m_to_60m,wikipedia_en,109,5.63065767288208,,,,,,,,,observed test experiment; 256 recipes,4.329255104064941,0.06419360933126357
real_1m_to_60m,wikipedia_en,110,6.323809623718262,,,,,,,,,observed test experiment; 256 recipes,4.92430591583252,0.06109365673049962
real_1m_to_60m,wikipedia_en,111,6.519199848175049,,,,,,,,,observed test experiment; 256 recipes,5.099503517150879,0.05998724743098776
real_1m_to_60m,wikipedia_en,112,6.47288179397583,,,,,,,,,observed test experiment; 256 recipes,5.011148452758789,0.06251459621801052
real_1m_to_60m,wikipedia_en,113,5.537201881408691,,,,,,,,,observed test experiment; 256 recipes,4.174965858459473,0.06896906517301747
real_1m_to_60m,wikipedia_en,114,5.222403526306152,,,,,,,,,observed test experiment; 256 recipes,3.8863024711608887,0.07217261591885045
real_1m_to_60m,wikipedia_en,115,5.56240177154541,,,,,,,,,observed test experiment; 256 recipes,4.208217620849609,0.06814052749323324
real_1m_to_60m,wikipedia_en,116,4.852354049682617,,,,,,,,,observed test experiment; 256 recipes,3.591804027557373,0.07346948034543418
real_1m_to_60m,wikipedia_en,117,6.317394733428955,,,,,,,,,observed test experiment; 256 recipes,4.95452880859375,0.05935133807678901
real_1m_to_60m,wikipedia_en,118,6.207034587860107,,,,,,,,,observed test experiment; 256 recipes,4.840428352355957,0.06073744812317914
real_1m_to_60m,wikipedia_en,119,4.875053882598877,,,,,,,,,observed test experiment; 256 recipes,3.61203670501709,0.07323745112424339
real_1m_to_60m,wikipedia_en,120,4.94866943359375,,,,,,,,,observed test experiment; 256 recipes,3.680636167526245,0.07230293537912261
real_1m_to_60m,wikipedia_en,121,5.803591251373291,,,,,,,,,observed test experiment; 256 recipes,4.416163921356201,0.06672752497985339
real_1m_to_60m,wikipedia_en,122,5.4697465896606445,,,,,,,,,observed test experiment; 256 recipes,4.158285617828369,0.06695318521930588
real_1m_to_60m,wikipedia_en,123,6.451970100402832,,,,,,,,,observed test experiment; 256 recipes,5.020200252532959,0.061283484677141904
real_1m_to_60m,wikipedia_en,124,6.337358474731445,,,,,,,,,observed test experiment; 256 recipes,4.906110286712647,0.06252053480720925
real_1m_to_60m,wikipedia_en,125,5.974771499633789,,,,,,,,,observed test experiment; 256 recipes,4.585773944854736,0.06462254447538546
real_1m_to_60m,wikipedia_en,126,6.1330180168151855,,,,,,,,,observed test experiment; 256 recipes,4.740582466125488,0.06289821218108
real_1m_to_60m,wikipedia_en,127,6.315741062164307,,,,,,,,,observed test experiment; 256 recipes,4.938685894012451,0.060069642951894264
real_1m_to_60m,wikipedia_en,128,5.979283809661865,,,,,,,,,observed test experiment; 256 recipes,4.569580078125,0.06567094644182966
real_1m_to_60m,wikipedia_en,129,5.347390651702881,,,,,,,,,observed test experiment; 256 recipes,4.048671245574951,0.06795226177821648
real_1m_to_60m,wikipedia_en,130,5.734604358673096,,,,,,,,,observed test experiment; 256 recipes,4.382721900939941,0.06566345040481783
real_1m_to_60m,wikipedia_en,131,5.474818229675293,,,,,,,,,observed test experiment; 256 recipes,4.131487846374512,0.06875861944618752
real_1m_to_60m,wikipedia_en,132,6.107271671295166,,,,,,,,,observed test experiment; 256 recipes,4.738949298858643,0.06195489666247725
real_1m_to_60m,wikipedia_en,133,5.602715492248535,,,,,,,,,observed test experiment; 256 recipes,4.299097537994385,0.06468587578013951
real_1m_to_60m,wikipedia_en,134,5.316520690917969,,,,,,,,,observed test experiment; 256 recipes,4.040715217590332,0.06701863250654856
real_1m_to_60m,wikipedia_en,135,6.6320013999938965,,,,,,,,,observed test experiment; 256 recipes,5.205437660217285,0.05915546240457111
real_1m_to_60m,wikipedia_en,136,5.323731422424316,,,,,,,,,observed test experiment; 256 recipes,3.9984922409057617,0.06991524480817206
real_1m_to_60m,wikipedia_en,137,5.148161888122559,,,,,,,,,observed test experiment; 256 recipes,3.820358276367188,0.07285550193933149
real_1m_to_60m,wikipedia_en,138,6.347551345825195,,,,,,,,,observed test experiment; 256 recipes,4.946835041046143,0.06089402918520166
real_1m_to_60m,wikipedia_en,139,6.951011657714844,,,,,,,,,observed test experiment; 256 recipes,5.512693881988525,0.056622933471088994
real_1m_to_60m,wikipedia_en,140,5.525557518005371,,,,,,,,,observed test experiment; 256 recipes,4.223012924194336,0.06566015880855183
real_1m_to_60m,wikipedia_en,141,6.517495632171631,,,,,,,,,observed test experiment; 256 recipes,5.126534938812256,0.0586321479710643
real_1m_to_60m,wikipedia_en,142,4.776713371276856,,,,,,,,,observed test experiment; 256 recipes,3.505913734436035,0.07554360533378075
real_1m_to_60m,wikipedia_en,143,6.12816858291626,,,,,,,,,observed test experiment; 256 recipes,4.701728343963623,0.06471506352801651
real_1m_to_60m,wikipedia_en,144,5.546998023986816,,,,,,,,,observed test experiment; 256 recipes,4.217874526977539,0.06690339469648925
real_1m_to_60m,wikipedia_en,145,4.904504776000977,,,,,,,,,observed test experiment; 256 recipes,3.632791757583618,0.07330909461797099
real_1m_to_60m,wikipedia_en,146,4.869094371795654,,,,,,,,,observed test experiment; 256 recipes,3.6279900074005127,0.0718623400556538
real_1m_to_60m,wikipedia_en,147,6.273492336273193,,,,,,,,,observed test experiment; 256 recipes,4.938412189483643,0.0584438673825676
real_1m_to_60m,wikipedia_en,148,6.436063289642334,,,,,,,,,observed test experiment; 256 recipes,5.013079643249512,0.06102726174572356
real_1m_to_60m,wikipedia_en,149,6.599309921264648,,,,,,,,,observed test experiment; 256 recipes,5.152605056762695,0.06044011669580109
real_1m_to_60m,wikipedia_en,150,5.843268394470215,,,,,,,,,observed test experiment; 256 recipes,4.4881134033203125,0.06444446891257656
real_1m_to_60m,wikipedia_en,151,5.769584655761719,,,,,,,,,observed test experiment; 256 recipes,4.39422607421875,0.06650848923048104
real_1m_to_60m,wikipedia_en,152,5.48917818069458,,,,,,,,,observed test experiment; 256 recipes,4.167779922485352,0.06726230411691102
real_1m_to_60m,wikipedia_en,153,5.400033950805664,,,,,,,,,observed test experiment; 256 recipes,4.0830397605896,0.06828040144544022
real_1m_to_60m,wikipedia_en,154,5.310888767242432,,,,,,,,,observed test experiment; 256 recipes,3.968469858169556,0.07116611674930018
real_1m_to_60m,wikipedia_en,155,5.26401948928833,,,,,,,,,observed test experiment; 256 recipes,3.9421708583831774,0.07062506370252111
real_1m_to_60m,wikipedia_en,156,6.170358657836914,,,,,,,,,observed test experiment; 256 recipes,4.757624626159668,0.06350429135015494
real_1m_to_60m,wikipedia_en,157,5.084901809692383,,,,,,,,,observed test experiment; 256 recipes,3.7904107570648193,0.07175784125142438
real_1m_to_60m,wikipedia_en,158,5.608988285064697,,,,,,,,,observed test experiment; 256 recipes,4.297011375427246,0.06507772020507438
real_1m_to_60m,wikipedia_en,159,6.980316638946533,,,,,,,,,observed test experiment; 256 recipes,5.510231018066406,0.05775960634423219
real_1m_to_60m,wikipedia_en,160,6.136405944824219,,,,,,,,,observed test experiment; 256 recipes,4.770506858825684,0.06149620701800912
real_1m_to_60m,wikipedia_en,161,5.221917629241943,,,,,,,,,observed test experiment; 256 recipes,3.9629697799682617,0.06737855193425499
real_1m_to_60m,wikipedia_en,162,6.08092212677002,,,,,,,,,observed test experiment; 256 recipes,4.695987701416016,0.0631231403620425
real_1m_to_60m,wikipedia_en,163,6.276053428649902,,,,,,,,,observed test experiment; 256 recipes,4.885715007781982,0.06116380812438724
real_1m_to_60m,wikipedia_en,164,4.931146621704102,,,,,,,,,observed test experiment; 256 recipes,3.621741533279419,0.07537630018561442
real_1m_to_60m,wikipedia_en,165,5.926396369934082,,,,,,,,,observed test experiment; 256 recipes,4.560114860534668,0.06400744187485309
real_1m_to_60m,wikipedia_en,166,5.589776992797852,,,,,,,,,observed test experiment; 256 recipes,4.292762756347656,0.06448135070096976
real_1m_to_60m,wikipedia_en,167,6.507710933685303,,,,,,,,,observed test experiment; 256 recipes,5.1551008224487305,0.05690803309105678
real_1m_to_60m,wikipedia_en,168,5.529474258422852,,,,,,,,,observed test experiment; 256 recipes,4.192597389221191,0.0675986820754075
real_1m_to_60m,wikipedia_en,169,6.218138694763184,,,,,,,,,observed test experiment; 256 recipes,4.862301349639893,0.060072804926401595
real_1m_to_60m,wikipedia_en,170,5.195154190063477,,,,,,,,,observed test experiment; 256 recipes,3.902617692947388,0.06987168982437407
real_1m_to_60m,wikipedia_en,171,5.8292436599731445,,,,,,,,,observed test experiment; 256 recipes,4.5008416175842285,0.0631658743357041
real_1m_to_60m,wikipedia_en,172,5.739023208618164,,,,,,,,,observed test experiment; 256 recipes,4.352680206298828,0.06753149965524398
real_1m_to_60m,wikipedia_en,173,5.778469562530518,,,,,,,,,observed test experiment; 256 recipes,4.395425796508789,0.06681764405154489
real_1m_to_60m,wikipedia_en,174,5.394025802612305,,,,,,,,,observed test experiment; 256 recipes,4.038406848907471,0.0706930581964945
real_1m_to_60m,wikipedia_en,175,6.463493347167969,,,,,,,,,observed test experiment; 256 recipes,5.030574798583984,0.06121509364556019
real_1m_to_60m,wikipedia_en,176,5.395559787750244,,,,,,,,,observed test experiment; 256 recipes,4.081587314605713,0.06816485254344891
real_1m_to_60m,wikipedia_en,177,5.678227424621582,,,,,,,,,observed test experiment; 256 recipes,4.320422649383545,0.06674716154663282
real_1m_to_60m,wikipedia_en,178,5.223290920257568,,,,,,,,,observed test experiment; 256 recipes,3.905803203582764,0.07099163132134037
real_1m_to_60m,wikipedia_en,179,5.281688690185547,,,,,,,,,observed test experiment; 256 recipes,3.965813398361206,0.06998309284019089
real_1m_to_60m,wikipedia_en,180,6.132345676422119,,,,,,,,,observed test experiment; 256 recipes,4.8084797859191895,0.059398115358133295
real_1m_to_60m,wikipedia_en,181,4.886903285980225,,,,,,,,,observed test experiment; 256 recipes,3.6221132278442383,0.07314997635643164
real_1m_to_60m,wikipedia_en,182,5.960997104644775,,,,,,,,,observed test experiment; 256 recipes,4.582043647766113,0.06425757593602352
real_1m_to_60m,wikipedia_en,183,6.195303916931152,,,,,,,,,observed test experiment; 256 recipes,4.897993087768555,0.05738794608919761
real_1m_to_60m,wikipedia_en,184,5.670981407165527,,,,,,,,,observed test experiment; 256 recipes,4.37056303024292,0.0636171054502042
real_1m_to_60m,wikipedia_en,185,5.578114986419678,,,,,,,,,observed test experiment; 256 recipes,4.298536777496338,0.06364296380536719
real_1m_to_60m,wikipedia_en,186,5.627956390380859,,,,,,,,,observed test experiment; 256 recipes,4.284794807434082,0.06659764993712444
real_1m_to_60m,wikipedia_en,187,4.751798629760742,,,,,,,,,observed test experiment; 256 recipes,3.5079009532928467,0.07412794919180903
real_1m_to_60m,wikipedia_en,188,5.358599662780762,,,,,,,,,observed test experiment; 256 recipes,4.026107311248779,0.06982868643331083
real_1m_to_60m,wikipedia_en,189,5.554213523864746,,,,,,,,,observed test experiment; 256 recipes,4.254059314727783,0.065134521335172
real_1m_to_60m,wikipedia_en,190,5.762440204620361,,,,,,,,,observed test experiment; 256 recipes,4.41388463973999,0.06511563821011092
real_1m_to_60m,wikipedia_en,191,5.763014316558838,,,,,,,,,observed test experiment; 256 recipes,4.423892498016357,0.06458681931938141
real_1m_to_60m,wikipedia_en,192,6.005393981933594,,,,,,,,,observed test experiment; 256 recipes,4.611378192901611,0.0645112517454212
real_1m_to_60m,wikipedia_en,193,5.985702991485596,,,,,,,,,observed test experiment; 256 recipes,4.657409191131592,0.061283182505013356
real_1m_to_60m,wikipedia_en,194,5.625347137451172,,,,,,,,,observed test experiment; 256 recipes,4.304000377655029,0.06539209019600267
real_1m_to_60m,wikipedia_en,195,5.808312892913818,,,,,,,,,observed test experiment; 256 recipes,4.468271255493164,0.0640611836031324
real_1m_to_60m,wikipedia_en,196,6.635916709899902,,,,,,,,,observed test experiment; 256 recipes,5.217247009277344,0.05874614298530153
real_1m_to_60m,wikipedia_en,197,4.879218578338623,,,,,,,,,observed test experiment; 256 recipes,3.620859622955322,0.07285015038882142
real_1m_to_60m,wikipedia_en,198,6.3051581382751465,,,,,,,,,observed test experiment; 256 recipes,4.933109283447266,0.059935985168674794
real_1m_to_60m,wikipedia_en,199,5.82330846786499,,,,,,,,,observed test experiment; 256 recipes,4.4846625328063965,0.0637966131987957
real_1m_to_60m,wikipedia_en,200,6.194127559661865,,,,,,,,,observed test experiment; 256 recipes,4.736610889434815,0.0655244798254272
real_1m_to_60m,wikipedia_en,201,6.239338397979736,,,,,,,,,observed test experiment; 256 recipes,4.8436713218688965,0.06184168825729
real_1m_to_60m,wikipedia_en,202,6.597650527954102,,,,,,,,,observed test experiment; 256 recipes,5.210389137268066,0.05765490862461874
real_1m_to_60m,wikipedia_en,203,5.195159912109375,,,,,,,,,observed test experiment; 256 recipes,3.892167329788208,0.07052685599637566
real_1m_to_60m,wikipedia_en,204,5.357473850250244,,,,,,,,,observed test experiment; 256 recipes,4.026740074157715,0.06973898484692331
real_1m_to_60m,wikipedia_en,205,5.541066646575928,,,,,,,,,observed test experiment; 256 recipes,4.197254657745361,0.06783902889490709
real_1m_to_60m,wikipedia_en,206,6.140915393829346,,,,,,,,,observed test experiment; 256 recipes,4.746818542480469,0.06289143499366351
real_1m_to_60m,wikipedia_en,207,6.266704082489014,,,,,,,,,observed test experiment; 256 recipes,4.823004722595215,0.06395490841380487
real_1m_to_60m,wikipedia_en,208,6.743717670440674,,,,,,,,,observed test experiment; 256 recipes,5.318850040435791,0.05797124062892682
real_1m_to_60m,wikipedia_en,209,6.09803581237793,,,,,,,,,observed test experiment; 256 recipes,4.754489421844482,0.06078565310056196
real_1m_to_60m,wikipedia_en,210,5.0383124351501465,,,,,,,,,observed test experiment; 256 recipes,3.729604482650757,0.0734596211766672
real_1m_to_60m,wikipedia_en,211,5.3862152099609375,,,,,,,,,observed test experiment; 256 recipes,4.070342540740967,0.06841529538278104
real_1m_to_60m,wikipedia_en,212,5.901971817016602,,,,,,,,,observed test experiment; 256 recipes,4.542668342590332,0.06393500041655056
real_1m_to_60m,wikipedia_en,213,6.610550880432129,,,,,,,,,observed test experiment; 256 recipes,5.312704563140869,0.05338240297462506
real_1m_to_60m,wikipedia_en,214,5.906195163726807,,,,,,,,,observed test experiment; 256 recipes,4.510941982269287,0.06582148295519248
real_1m_to_60m,wikipedia_en,215,5.479498386383057,,,,,,,,,observed test experiment; 256 recipes,4.19364595413208,0.0653201130704236
real_1m_to_60m,wikipedia_en,216,6.075754165649414,,,,,,,,,observed test experiment; 256 recipes,4.72564697265625,0.061377747572066696
real_1m_to_60m,wikipedia_en,217,5.617217063903809,,,,,,,,,observed test experiment; 256 recipes,4.304829120635986,0.06499182201175724
real_1m_to_60m,wikipedia_en,218,6.15526008605957,,,,,,,,,observed test experiment; 256 recipes,4.819754600524902,0.05973703411525786
real_1m_to_60m,wikipedia_en,219,5.049485206604004,,,,,,,,,observed test experiment; 256 recipes,3.726945161819458,0.07417484961506865
real_1m_to_60m,wikipedia_en,220,5.98702335357666,,,,,,,,,observed test experiment; 256 recipes,4.653040409088135,0.06156626328604885
real_1m_to_60m,wikipedia_en,221,6.373299598693848,,,,,,,,,observed test experiment; 256 recipes,5.008645057678223,0.05884993098098699
real_1m_to_60m,wikipedia_en,222,4.961405754089356,,,,,,,,,observed test experiment; 256 recipes,3.699366331100464,0.07169098036705446
real_1m_to_60m,wikipedia_en,223,6.725401401519775,,,,,,,,,observed test experiment; 256 recipes,5.256740570068359,0.060175795350627184
real_1m_to_60m,wikipedia_en,224,6.287076473236084,,,,,,,,,observed test experiment; 256 recipes,4.914595603942871,0.06015290042519727
real_1m_to_60m,wikipedia_en,225,5.928831577301025,,,,,,,,,observed test experiment; 256 recipes,4.508497714996338,0.06688815668268012
real_1m_to_60m,wikipedia_en,226,5.678667068481445,,,,,,,,,observed test experiment; 256 recipes,4.323246955871582,0.06660646164803466
real_1m_to_60m,wikipedia_en,227,6.46570348739624,,,,,,,,,observed test experiment; 256 recipes,5.081728935241699,0.05882755399039006
real_1m_to_60m,wikipedia_en,228,5.790793895721436,,,,,,,,,observed test experiment; 256 recipes,4.43115758895874,0.06536053241522706
real_1m_to_60m,wikipedia_en,229,4.932473182678223,,,,,,,,,observed test experiment; 256 recipes,3.698755979537964,0.07030282290486141
real_1m_to_60m,wikipedia_en,230,6.178530693054199,,,,,,,,,observed test experiment; 256 recipes,4.803370952606201,0.06149031529241233
real_1m_to_60m,wikipedia_en,231,5.543057918548584,,,,,,,,,observed test experiment; 256 recipes,4.186287879943848,0.06856577929067294
real_1m_to_60m,wikipedia_en,232,5.387319087982178,,,,,,,,,observed test experiment; 256 recipes,4.090909004211426,0.06723437047041161
real_1m_to_60m,wikipedia_en,233,5.821308612823486,,,,,,,,,observed test experiment; 256 recipes,4.472808837890625,0.06435914060997058
real_1m_to_60m,wikipedia_en,234,6.7654547691345215,,,,,,,,,observed test experiment; 256 recipes,5.369460105895996,0.0564442281647285
real_1m_to_60m,wikipedia_en,235,5.521090984344482,,,,,,,,,observed test experiment; 256 recipes,4.173309326171875,0.06835432488058844
real_1m_to_60m,wikipedia_en,236,6.141119956970215,,,,,,,,,observed test experiment; 256 recipes,4.740566730499268,0.06322145902740264
real_1m_to_60m,wikipedia_en,237,6.732204914093018,,,,,,,,,observed test experiment; 256 recipes,5.282641410827637,0.05922229337699776
real_1m_to_60m,wikipedia_en,238,6.474612712860107,,,,,,,,,observed test experiment; 256 recipes,5.050143718719482,0.06068665870698355
real_1m_to_60m,wikipedia_en,239,5.440937519073486,,,,,,,,,observed test experiment; 256 recipes,4.121985912322998,0.06780482567672468
real_1m_to_60m,wikipedia_en,240,6.309349060058594,,,,,,,,,observed test experiment; 256 recipes,4.903542518615723,0.061566534144676506
real_1m_to_60m,wikipedia_en,241,6.561168193817139,,,,,,,,,observed test experiment; 256 recipes,5.110032558441162,0.061050770378211064
real_1m_to_60m,wikipedia_en,242,6.420916557312012,,,,,,,,,observed test experiment; 256 recipes,5.048554420471191,0.058729528220463345
real_1m_to_60m,wikipedia_en,243,5.715251922607422,,,,,,,,,observed test experiment; 256 recipes,4.369012355804443,0.06560302756932199
real_1m_to_60m,wikipedia_en,244,5.046895503997803,,,,,,,,,observed test experiment; 256 recipes,3.720018148422241,0.07450392878500958
real_1m_to_60m,wikipedia_en,245,6.096580505371094,,,,,,,,,observed test experiment; 256 recipes,4.677577972412109,0.0647106242230946
real_1m_to_60m,wikipedia_en,246,6.39744758605957,,,,,,,,,observed test experiment; 256 recipes,5.007681369781494,0.059820585416973895
real_1m_to_60m,wikipedia_en,247,5.452707290649414,,,,,,,,,observed test experiment; 256 recipes,4.100001811981201,0.06963869696930435
real_1m_to_60m,wikipedia_en,248,4.761075496673584,,,,,,,,,observed test experiment; 256 recipes,3.512683868408203,0.07427152322235551
real_1m_to_60m,wikipedia_en,249,5.802106857299805,,,,,,,,,observed test experiment; 256 recipes,4.44469690322876,0.06509208504806646
real_1m_to_60m,wikipedia_en,250,6.402864933013916,,,,,,,,,observed test experiment; 256 recipes,5.069919109344482,0.057010510406938775
real_1m_to_60m,wikipedia_en,251,5.105418682098389,,,,,,,,,observed test experiment; 256 recipes,3.794823408126831,0.07245716154962142
real_1m_to_60m,wikipedia_en,252,5.023563861846924,,,,,,,,,observed test experiment; 256 recipes,3.750738859176636,0.07136350161319066
real_1m_to_60m,wikipedia_en,253,5.735812664031982,,,,,,,,,observed test experiment; 256 recipes,4.39482307434082,0.06504146508072603
real_1m_to_60m,wikipedia_en,254,5.98740291595459,,,,,,,,,observed test experiment; 256 recipes,4.61400032043457,0.06363961679129708
real_1m_to_60m,wikipedia_en,255,4.83264684677124,,,,,,,,,observed test experiment; 256 recipes,3.550539493560791,0.07529770695287186
real_1m_to_60m,wikipedia_en,256,6.159643650054932,,,,,,,,,observed test experiment; 256 recipes,4.774593353271484,0.062210230305852876
